-1.324999999999999289e+00 -1.474999999999994316e+00 0.000000000000000000e+00 0.000000000000000000e+00 0.000000000000000000e+00 0.000000000000000000e+00 0.000000000000000000e+00
-1.335848478851596965e+00 -1.468460057029033594e+00 0.000000000000000000e+00 -1.084847885159767600e-01 6.539942970960721524e-02 0.000000000000000000e+00 1.000000000000000056e-01
-1.346696957703194641e+00 -1.461920114058072651e+00 0.000000000000000000e+00 -1.084847885159767600e-01 6.539942970960943569e-02 0.000000000000000000e+00 2.000000000000000111e-01
-1.357545436554792539e+00 -1.455380171087111929e+00 0.000000000000000000e+00 -1.084847885159789804e-01 6.539942970960721524e-02 0.000000000000000000e+00 3.000000000000000444e-01
-1.368393915406390215e+00 -1.448840228116151208e+00 0.000000000000000000e+00 -1.084847885159767600e-01 6.539942970960721524e-02 0.000000000000000000e+00 4.000000000000000222e-01
-1.379242394257987891e+00 -1.442300285145190264e+00 0.000000000000000000e+00 -1.084847885159767600e-01 6.539942970960943569e-02 0.000000000000000000e+00 5.000000000000000000e-01
-1.395030164996867938e+00 -1.433264628858065493e+00 0.000000000000000000e+00 -1.578777073888004701e-01 9.035656287124771424e-02 0.000000000000000000e+00 6.000000000000000888e-01
-1.411931358399702408e+00 -1.423666385092337894e+00 0.000000000000000000e+00 -1.690119340283446903e-01 9.598243765727598742e-02 0.000000000000000000e+00 7.000000000000000666e-01
-1.428832551802536655e+00 -1.414068141326610517e+00 0.000000000000000000e+00 -1.690119340283424698e-01 9.598243765727376697e-02 0.000000000000000000e+00 8.000000000000000444e-01
-1.445733745205370901e+00 -1.404469897560882918e+00 0.000000000000000000e+00 -1.690119340283424698e-01 9.598243765727598742e-02 0.000000000000000000e+00 9.000000000000000222e-01
-1.462634938608205148e+00 -1.394871653795155320e+00 0.000000000000000000e+00 -1.690119340283424698e-01 9.598243765727598742e-02 0.000000000000000000e+00 1.000000000000000000e+00
-1.480696604466021915e+00 -1.384905084026375022e+00 0.000000000000000000e+00 -1.806166585781676659e-01 9.966569768780297878e-02 0.000000000000000000e+00 1.100000000000000089e+00
-1.500150686984810466e+00 -1.374496570753362068e+00 0.000000000000000000e+00 -1.945408251878855133e-01 1.040851327301295370e-01 0.000000000000000000e+00 1.200000000000000178e+00
-1.519604769503599240e+00 -1.364088057480349114e+00 0.000000000000000000e+00 -1.945408251878877337e-01 1.040851327301295370e-01 0.000000000000000000e+00 1.300000000000000044e+00
-1.539058852022387791e+00 -1.353679544207336383e+00 0.000000000000000000e+00 -1.945408251878855133e-01 1.040851327301273166e-01 0.000000000000000000e+00 1.400000000000000133e+00
-1.558512934541176342e+00 -1.343271030934323429e+00 0.000000000000000000e+00 -1.945408251878855133e-01 1.040851327301295370e-01 0.000000000000000000e+00 1.500000000000000000e+00
-1.577726658739616150e+00 -1.333030765674732665e+00 0.000000000000000000e+00 -1.921372419843980772e-01 1.024026525959076395e-01 0.000000000000000000e+00 1.600000000000000089e+00
-1.596417175654913256e+00 -1.323156739394798720e+00 0.000000000000000000e+00 -1.869051691529710624e-01 9.874026279933945105e-02 0.000000000000000000e+00 1.700000000000000178e+00
-1.615107692570210585e+00 -1.313282713114864553e+00 0.000000000000000000e+00 -1.869051691529732828e-01 9.874026279934167150e-02 0.000000000000000000e+00 1.800000000000000044e+00
-1.633798209485507913e+00 -1.303408686834930608e+00 0.000000000000000000e+00 -1.869051691529732828e-01 9.874026279933945105e-02 0.000000000000000000e+00 1.900000000000000133e+00
-1.652488726400805241e+00 -1.293534660554996663e+00 0.000000000000000000e+00 -1.869051691529732828e-01 9.874026279933945105e-02 0.000000000000000000e+00 2.000000000000000000e+00
-1.670811254964031045e+00 -1.283823893407648464e+00 0.000000000000000000e+00 -1.832252856322580392e-01 9.710767147348198236e-02 0.000000000000000000e+00 2.100000000000000089e+00
-1.688624786589386861e+00 -1.274338944273554430e+00 0.000000000000000000e+00 -1.781353162535581625e-01 9.484949134094033951e-02 0.000000000000000000e+00 2.200000000000000178e+00
-1.706438318214742456e+00 -1.264853995139460396e+00 0.000000000000000000e+00 -1.781353162535559420e-01 9.484949134094033951e-02 0.000000000000000000e+00 2.300000000000000266e+00
-1.724251849840098050e+00 -1.255369046005366362e+00 0.000000000000000000e+00 -1.781353162535559420e-01 9.484949134094033951e-02 0.000000000000000000e+00 2.400000000000000355e+00
-1.742065381465453866e+00 -1.245884096871272328e+00 0.000000000000000000e+00 -1.781353162535581625e-01 9.484949134094033951e-02 0.000000000000000000e+00 2.500000000000000000e+00
-1.759932482427338352e+00 -1.236401239534216767e+00 0.000000000000000000e+00 -1.786710096188448560e-01 9.482857337055561331e-02 0.000000000000000000e+00 2.600000000000000089e+00
-1.777818988117962018e+00 -1.226919139920828128e+00 0.000000000000000000e+00 -1.788650569062366635e-01 9.482099613388639270e-02 0.000000000000000000e+00 2.700000000000000178e+00
-1.795705493808585906e+00 -1.217437040307439267e+00 0.000000000000000000e+00 -1.788650569062388840e-01 9.482099613388861314e-02 0.000000000000000000e+00 2.800000000000000266e+00
-1.813591999499209795e+00 -1.207954940694050627e+00 0.000000000000000000e+00 -1.788650569062388840e-01 9.482099613388639270e-02 0.000000000000000000e+00 2.900000000000000355e+00
-1.831472565513345918e+00 -1.198475003915253190e+00 0.000000000000000000e+00 -1.788056601413612334e-01 9.479936778797437569e-02 0.000000000000000000e+00 3.000000000000000000e+00
-1.848698831825070332e+00 -1.189233319511352249e+00 0.000000000000000000e+00 -1.722626631172441414e-01 9.241684403900940481e-02 0.000000000000000000e+00 3.100000000000000089e+00
-1.865925098136794968e+00 -1.179991635107451531e+00 0.000000000000000000e+00 -1.722626631172463618e-01 9.241684403900718436e-02 0.000000000000000000e+00 3.200000000000000178e+00
-1.883151364448519383e+00 -1.170749950703550812e+00 0.000000000000000000e+00 -1.722626631172441414e-01 9.241684403900718436e-02 0.000000000000000000e+00 3.300000000000000266e+00
-1.900377630760243797e+00 -1.161508266299650094e+00 0.000000000000000000e+00 -1.722626631172441414e-01 9.241684403900718436e-02 0.000000000000000000e+00 3.400000000000000355e+00
-1.917396649768124739e+00 -1.152321403353681717e+00 0.000000000000000000e+00 -1.701901900788094224e-01 9.186862945968377048e-02 0.000000000000000000e+00 3.500000000000000000e+00
-1.934149972443405696e+00 -1.143204822915858898e+00 0.000000000000000000e+00 -1.675332267528095720e-01 9.116580437822818794e-02 0.000000000000000000e+00 3.600000000000000089e+00
-1.950903295118686431e+00 -1.134088242478036079e+00 0.000000000000000000e+00 -1.675332267528073515e-01 9.116580437822818794e-02 0.000000000000000000e+00 3.700000000000000178e+00
-1.967656617793967166e+00 -1.124971662040213261e+00 0.000000000000000000e+00 -1.675332267528073515e-01 9.116580437822818794e-02 0.000000000000000000e+00 3.800000000000000266e+00
-1.984409940469248124e+00 -1.115855081602390220e+00 0.000000000000000000e+00 -1.675332267528095720e-01 9.116580437823040839e-02 0.000000000000000000e+00 3.900000000000000355e+00
-2.000642674514036656e+00 -1.106892494948582994e+00 0.000000000000000000e+00 -1.623273404478853266e-01 8.962586653807225190e-02 0.000000000000000000e+00 4.000000000000000000e+00
-2.016857750735014498e+00 -1.097935131603443804e+00 0.000000000000000000e+00 -1.621507622097784207e-01 8.957363345139190969e-02 0.000000000000000000e+00 4.100000000000000533e+00
-2.033072826955992340e+00 -1.088977768258304613e+00 0.000000000000000000e+00 -1.621507622097784207e-01 8.957363345139190969e-02 0.000000000000000000e+00 4.200000000000000178e+00
-2.049287903176970183e+00 -1.080020404913165422e+00 0.000000000000000000e+00 -1.621507622097784207e-01 8.957363345139190969e-02 0.000000000000000000e+00 4.299999999999999822e+00
-2.065035191898882072e+00 -1.071043511724293351e+00 0.000000000000000000e+00 -1.574728872191188955e-01 8.976893188872070439e-02 0.000000000000000000e+00 4.400000000000000355e+00
-2.080501995321928810e+00 -1.062054908444691748e+00 0.000000000000000000e+00 -1.546680342304673772e-01 8.988603279601603546e-02 0.000000000000000000e+00 4.500000000000000000e+00
-2.095968798744975548e+00 -1.053066305165090144e+00 0.000000000000000000e+00 -1.546680342304673772e-01 8.988603279601603546e-02 0.000000000000000000e+00 4.600000000000000533e+00
-2.111435602168022285e+00 -1.044077701885488763e+00 0.000000000000000000e+00 -1.546680342304673772e-01 8.988603279601381502e-02 0.000000000000000000e+00 4.700000000000000178e+00
-2.127246102534928962e+00 -1.034468212716501023e+00 0.000000000000000000e+00 -1.581050036690667682e-01 9.609489168987739305e-02 0.000000000000000000e+00 4.800000000000000711e+00
-2.143479728331913581e+00 -1.024094350707808854e+00 0.000000000000000000e+00 -1.623362579698461872e-01 1.037386200869216957e-01 0.000000000000000000e+00 4.900000000000000355e+00
-2.159713354128898199e+00 -1.013720488699116684e+00 0.000000000000000000e+00 -1.623362579698461872e-01 1.037386200869216957e-01 0.000000000000000000e+00 5.000000000000000000e+00
-2.175946979925882374e+00 -1.003346626690424515e+00 0.000000000000000000e+00 -1.623362579698417463e-01 1.037386200869216957e-01 0.000000000000000000e+00 5.100000000000000533e+00
-2.192180605722866993e+00 -9.929727646817324560e-01 0.000000000000000000e+00 -1.623362579698461872e-01 1.037386200869205855e-01 0.000000000000000000e+00 5.200000000000000178e+00
-2.207844675028948433e+00 -9.837829133336406517e-01 0.000000000000000000e+00 -1.566406930608144066e-01 9.189851348091804262e-02 0.000000000000000000e+00 5.300000000000000711e+00
-2.223317317826250861e+00 -9.749910050003952611e-01 0.000000000000000000e+00 -1.547264279730242720e-01 8.791908333245390672e-02 0.000000000000000000e+00 5.400000000000000355e+00
-2.238789960623553732e+00 -9.661990966671497594e-01 0.000000000000000000e+00 -1.547264279730287129e-01 8.791908333245501694e-02 0.000000000000000000e+00 5.500000000000000000e+00
-2.254262603420856159e+00 -9.574071883339042577e-01 0.000000000000000000e+00 -1.547264279730242720e-01 8.791908333245501694e-02 0.000000000000000000e+00 5.600000000000000533e+00
-2.270059606781001271e+00 -9.477919569241408659e-01 0.000000000000000000e+00 -1.579700336014511208e-01 9.615231409763391746e-02 0.000000000000000000e+00 5.700000000000000178e+00
-2.286106815002416415e+00 -9.375416315487734575e-01 0.000000000000000000e+00 -1.604720822141514347e-01 1.025032537536740840e-01 0.000000000000000000e+00 5.800000000000000711e+00
-2.302154023223832002e+00 -9.272913061734059381e-01 0.000000000000000000e+00 -1.604720822141558756e-01 1.025032537536751942e-01 0.000000000000000000e+00 5.900000000000000355e+00
-2.318201231445247590e+00 -9.170409807980384187e-01 0.000000000000000000e+00 -1.604720822141558756e-01 1.025032537536751942e-01 0.000000000000000000e+00 6.000000000000000000e+00
-2.334259440910577243e+00 -9.067741016299524226e-01 0.000000000000000000e+00 -1.605820946532965365e-01 1.026687916808599610e-01 0.000000000000000000e+00 6.100000000000000533e+00
-2.350762087713801129e+00 -8.958384686713460887e-01 0.000000000000000000e+00 -1.650264680322388600e-01 1.093563295860633389e-01 0.000000000000000000e+00 6.200000000000000178e+00
-2.367264734517025460e+00 -8.849028357127398658e-01 0.000000000000000000e+00 -1.650264680322433009e-01 1.093563295860622286e-01 0.000000000000000000e+00 6.300000000000000711e+00
-2.383767381320249790e+00 -8.739672027541336430e-01 0.000000000000000000e+00 -1.650264680322433009e-01 1.093563295860622286e-01 0.000000000000000000e+00 6.400000000000000355e+00
-2.400270028123474120e+00 -8.630315697955273091e-01 0.000000000000000000e+00 -1.650264680322433009e-01 1.093563295860633389e-01 0.000000000000000000e+00 6.500000000000000000e+00
-2.416455338445612888e+00 -8.525069593214660291e-01 0.000000000000000000e+00 -1.618531032213876841e-01 1.052461047406128003e-01 0.000000000000000000e+00 6.600000000000000533e+00
-2.431948490080118042e+00 -8.428788508269970947e-01 0.000000000000000000e+00 -1.549315163450515342e-01 9.628108494468934353e-02 0.000000000000000000e+00 6.700000000000000178e+00
-2.447441641714623639e+00 -8.332507423325282714e-01 0.000000000000000000e+00 -1.549315163450559751e-01 9.628108494468823331e-02 0.000000000000000000e+00 6.800000000000000711e+00
-2.462934793349129237e+00 -8.236226338380594481e-01 0.000000000000000000e+00 -1.549315163450559751e-01 9.628108494468823331e-02 0.000000000000000000e+00 6.900000000000000355e+00
-2.478429105332580651e+00 -8.139843406713614948e-01 0.000000000000000000e+00 -1.549431198345141425e-01 9.638293166697953218e-02 0.000000000000000000e+00 7.000000000000000000e+00
-2.494077334200393459e+00 -8.029950806054425572e-01 0.000000000000000000e+00 -1.564822886781280786e-01 1.098926006591893767e-01 0.000000000000000000e+00 7.100000000000000533e+00
-2.509725563068206711e+00 -7.920058205395236195e-01 0.000000000000000000e+00 -1.564822886781325195e-01 1.098926006591893767e-01 0.000000000000000000e+00 7.200000000000000178e+00
-2.525373791936019519e+00 -7.810165604736047928e-01 0.000000000000000000e+00 -1.564822886781280786e-01 1.098926006591882665e-01 0.000000000000000000e+00 7.300000000000000711e+00
-2.541022020803832326e+00 -7.700273004076858552e-01 0.000000000000000000e+00 -1.564822886781280786e-01 1.098926006591893767e-01 0.000000000000000000e+00 7.400000000000000355e+00
-2.556355966921505019e+00 -7.586134399036358333e-01 0.000000000000000000e+00 -1.533394611767269211e-01 1.141386050405002184e-01 0.000000000000000000e+00 7.500000000000000000e+00
-2.571471682829968408e+00 -7.469047473020485883e-01 0.000000000000000000e+00 -1.511571590846338964e-01 1.170869260158724501e-01 0.000000000000000000e+00 7.600000000000000533e+00
-2.586587398738431798e+00 -7.351960547004612323e-01 0.000000000000000000e+00 -1.511571590846338964e-01 1.170869260158735603e-01 0.000000000000000000e+00 7.700000000000000178e+00
-2.601703114646894743e+00 -7.234873620988738763e-01 0.000000000000000000e+00 -1.511571590846294555e-01 1.170869260158735603e-01 0.000000000000000000e+00 7.800000000000000711e+00
-2.616801436368635159e+00 -7.117746756363023675e-01 0.000000000000000000e+00 -1.509832172174041531e-01 1.171268646257150881e-01 0.000000000000000000e+00 7.900000000000000355e+00
-2.631239874502820264e+00 -6.999104739947624720e-01 0.000000000000000000e+00 -1.443843813418510535e-01 1.186420164153989543e-01 0.000000000000000000e+00 8.000000000000000000e+00
-2.645678312637005369e+00 -6.880462723532224656e-01 0.000000000000000000e+00 -1.443843813418510535e-01 1.186420164154000645e-01 0.000000000000000000e+00 8.099999999999999645e+00
-2.660116750771190475e+00 -6.761820707116824591e-01 0.000000000000000000e+00 -1.443843813418510535e-01 1.186420164154000645e-01 0.000000000000000000e+00 8.200000000000001066e+00
-2.674555188905375580e+00 -6.643178690701424527e-01 0.000000000000000000e+00 -1.443843813418510535e-01 1.186420164154000645e-01 0.000000000000000000e+00 8.300000000000000711e+00
-2.688891516089663813e+00 -6.522384793110984624e-01 0.000000000000000000e+00 -1.433632718428823338e-01 1.207938975904399026e-01 0.000000000000000000e+00 8.400000000000000355e+00
-2.703167049836422198e+00 -6.400309737584801706e-01 0.000000000000000000e+00 -1.427553374675838427e-01 1.220750555261829184e-01 0.000000000000000000e+00 8.500000000000000000e+00
-2.717442583583180582e+00 -6.278234682058619898e-01 0.000000000000000000e+00 -1.427553374675838427e-01 1.220750555261818082e-01 0.000000000000000000e+00 8.599999999999999645e+00
-2.731718117329938966e+00 -6.156159626532436979e-01 0.000000000000000000e+00 -1.427553374675838427e-01 1.220750555261829184e-01 0.000000000000000000e+00 8.700000000000001066e+00
-2.745993651076697351e+00 -6.034084571006255171e-01 0.000000000000000000e+00 -1.427553374675838427e-01 1.220750555261818082e-01 0.000000000000000000e+00 8.800000000000000711e+00
-2.757725936284180168e+00 -5.884785825768473755e-01 0.000000000000000000e+00 -1.173228520748281767e-01 1.492987452377814162e-01 0.000000000000000000e+00 8.900000000000000355e+00
-2.769308295893881056e+00 -5.733882232286091618e-01 0.000000000000000000e+00 -1.158235960970088740e-01 1.509035934823821368e-01 0.000000000000000000e+00 9.000000000000000000e+00
-2.780890655503581943e+00 -5.582978638803709481e-01 0.000000000000000000e+00 -1.158235960970088740e-01 1.509035934823821368e-01 0.000000000000000000e+00 9.099999999999999645e+00
-2.792473015113282830e+00 -5.432075045321328455e-01 0.000000000000000000e+00 -1.158235960970088740e-01 1.509035934823810265e-01 0.000000000000000000e+00 9.200000000000001066e+00
-2.805214185438646535e+00 -5.279627415717672578e-01 0.000000000000000000e+00 -1.274117032536370431e-01 1.524476296036558765e-01 0.000000000000000000e+00 9.300000000000000711e+00
-2.820215038383798056e+00 -5.124168913380096058e-01 0.000000000000000000e+00 -1.500085294515152157e-01 1.554585023375765207e-01 0.000000000000000000e+00 9.400000000000000355e+00
-2.835215891328949134e+00 -4.968710411042518427e-01 0.000000000000000000e+00 -1.500085294515107748e-01 1.554585023375776309e-01 0.000000000000000000e+00 9.500000000000000000e+00
-2.850216744274100655e+00 -4.813251908704941351e-01 0.000000000000000000e+00 -1.500085294515152157e-01 1.554585023375770758e-01 0.000000000000000000e+00 9.600000000000001421e+00
-2.865217597219252177e+00 -4.657793406367364275e-01 0.000000000000000000e+00 -1.500085294515152157e-01 1.554585023375770758e-01 0.000000000000000000e+00 9.700000000000001066e+00
-2.880218450164403698e+00 -4.502334904029787199e-01 0.000000000000000000e+00 -1.500085294515152157e-01 1.554585023375770758e-01 0.000000000000000000e+00 9.800000000000000711e+00
-2.895219303109555220e+00 -4.346876401692210123e-01 0.000000000000000000e+00 -1.500085294515152157e-01 1.554585023375770758e-01 0.000000000000000000e+00 9.900000000000000355e+00
-2.912514749339976561e+00 -4.377581210441013893e-01 0.000000000000000000e+00 -1.729544623042134077e-01 -3.070480874880376909e-02 0.000000000000000000e+00 1.000000000000000000e+01
-2.930139899281543947e+00 -4.435035306280611933e-01 0.000000000000000000e+00 -1.762514994156738624e-01 -5.745409583959804056e-02 0.000000000000000000e+00 1.010000000000000142e+01
-2.947765049223110889e+00 -4.492489402120209974e-01 0.000000000000000000e+00 -1.762514994156694215e-01 -5.745409583959804056e-02 0.000000000000000000e+00 1.020000000000000107e+01
-2.965390199164678275e+00 -4.549943497959808014e-01 0.000000000000000000e+00 -1.762514994156738624e-01 -5.745409583959804056e-02 0.000000000000000000e+00 1.030000000000000071e+01
-2.982786918834174905e+00 -4.615357134986789456e-01 0.000000000000000000e+00 -1.739671966949662973e-01 -6.541363702698144156e-02 0.000000000000000000e+00 1.040000000000000036e+01
-2.999060367409686734e+00 -4.719910604296674861e-01 0.000000000000000000e+00 -1.627344857551182855e-01 -1.045534693098854051e-01 0.000000000000000000e+00 1.050000000000000000e+01
-3.015333815985198562e+00 -4.824464073606559711e-01 0.000000000000000000e+00 -1.627344857551182855e-01 -1.045534693098848500e-01 0.000000000000000000e+00 1.060000000000000142e+01
-3.031607264560709947e+00 -4.929017542916445116e-01 0.000000000000000000e+00 -1.627344857551138446e-01 -1.045534693098854051e-01 0.000000000000000000e+00 1.070000000000000107e+01
-3.047880713136221775e+00 -5.033571012226329966e-01 0.000000000000000000e+00 -1.627344857551182855e-01 -1.045534693098848500e-01 0.000000000000000000e+00 1.080000000000000071e+01
-3.062938811677399009e+00 -5.146343309426749668e-01 0.000000000000000000e+00 -1.505809854117723390e-01 -1.127722972004197022e-01 0.000000000000000000e+00 1.090000000000000036e+01
-3.076734418278398220e+00 -5.267653232559099674e-01 0.000000000000000000e+00 -1.379560660099921066e-01 -1.213099231323500060e-01 0.000000000000000000e+00 1.100000000000000000e+01
-3.090530024879397875e+00 -5.388963155691448570e-01 0.000000000000000000e+00 -1.379560660099965475e-01 -1.213099231323488958e-01 0.000000000000000000e+00 1.110000000000000142e+01
-3.104325631480397085e+00 -5.510273078823798576e-01 0.000000000000000000e+00 -1.379560660099921066e-01 -1.213099231323500060e-01 0.000000000000000000e+00 1.120000000000000107e+01
-3.118313418734380171e+00 -5.632726725003720514e-01 0.000000000000000000e+00 -1.398778725398308609e-01 -1.224536461799219378e-01 0.000000000000000000e+00 1.130000000000000071e+01
-3.133211508254097222e+00 -5.760597845135433381e-01 0.000000000000000000e+00 -1.489808951971705042e-01 -1.278711201317128676e-01 0.000000000000000000e+00 1.140000000000000036e+01
-3.148109597773814272e+00 -5.888468965267146249e-01 0.000000000000000000e+00 -1.489808951971705042e-01 -1.278711201317128676e-01 0.000000000000000000e+00 1.150000000000000000e+01
-3.163007687293531323e+00 -6.016340085398859117e-01 0.000000000000000000e+00 -1.489808951971705042e-01 -1.278711201317128676e-01 0.000000000000000000e+00 1.160000000000000142e+01
-3.177905776813248817e+00 -6.144211205530570874e-01 0.000000000000000000e+00 -1.489808951971749451e-01 -1.278711201317117574e-01 0.000000000000000000e+00 1.170000000000000107e+01
-3.193013673652059570e+00 -6.267080493381541606e-01 0.000000000000000000e+00 -1.510789683881075263e-01 -1.228692878509707320e-01 0.000000000000000000e+00 1.180000000000000071e+01
-3.208295517347075965e+00 -6.385802866795674548e-01 0.000000000000000000e+00 -1.528184369501639495e-01 -1.187223734141329423e-01 0.000000000000000000e+00 1.190000000000000036e+01
-3.223577361042092360e+00 -6.504525240209807491e-01 0.000000000000000000e+00 -1.528184369501639495e-01 -1.187223734141329423e-01 0.000000000000000000e+00 1.200000000000000000e+01
-3.238859204737108755e+00 -6.623247613623939323e-01 0.000000000000000000e+00 -1.528184369501639495e-01 -1.187223734141318321e-01 0.000000000000000000e+00 1.210000000000000142e+01
-3.254147831328219276e+00 -6.742026303320328706e-01 0.000000000000000000e+00 -1.528862659111052125e-01 -1.187786896963893835e-01 0.000000000000000000e+00 1.220000000000000107e+01
-3.269870176577092113e+00 -6.864406024495207648e-01 0.000000000000000000e+00 -1.572234524887283769e-01 -1.223797211748789415e-01 0.000000000000000000e+00 1.230000000000000071e+01
-3.285592521825964951e+00 -6.986785745670086589e-01 0.000000000000000000e+00 -1.572234524887283769e-01 -1.223797211748789415e-01 0.000000000000000000e+00 1.240000000000000036e+01
-3.301314867074837789e+00 -7.109165466844965531e-01 0.000000000000000000e+00 -1.572234524887283769e-01 -1.223797211748789415e-01 0.000000000000000000e+00 1.250000000000000000e+01
-3.317037212323710627e+00 -7.231545188019845583e-01 0.000000000000000000e+00 -1.572234524887283769e-01 -1.223797211748800517e-01 0.000000000000000000e+00 1.260000000000000142e+01
-3.332205166553376063e+00 -7.349358438912474423e-01 0.000000000000000000e+00 -1.516795422966543683e-01 -1.178132508926288402e-01 0.000000000000000000e+00 1.270000000000000107e+01
-3.346250737621605520e+00 -7.457926717981200326e-01 0.000000000000000000e+00 -1.404557106822945656e-01 -1.085682790687259036e-01 0.000000000000000000e+00 1.280000000000000071e+01
-3.360296308689834532e+00 -7.566494997049926230e-01 0.000000000000000000e+00 -1.404557106822901247e-01 -1.085682790687259036e-01 0.000000000000000000e+00 1.290000000000000036e+01
-3.374341879758063989e+00 -7.675063276118652134e-01 0.000000000000000000e+00 -1.404557106822945656e-01 -1.085682790687259036e-01 0.000000000000000000e+00 1.300000000000000000e+01
-3.388700757166240862e+00 -7.786362841488853048e-01 0.000000000000000000e+00 -1.435887740817687330e-01 -1.112995653702009147e-01 0.000000000000000000e+00 1.310000000000000142e+01
-3.404391089498009393e+00 -7.909269527846281012e-01 0.000000000000000000e+00 -1.569033233176853059e-01 -1.229066863574279633e-01 0.000000000000000000e+00 1.320000000000000107e+01
-3.420081421829777923e+00 -8.032176214203708975e-01 0.000000000000000000e+00 -1.569033233176853059e-01 -1.229066863574279633e-01 0.000000000000000000e+00 1.330000000000000071e+01
-3.435771754161546454e+00 -8.155082900561136938e-01 0.000000000000000000e+00 -1.569033233176853059e-01 -1.229066863574279633e-01 0.000000000000000000e+00 1.340000000000000036e+01
-3.451462086493314985e+00 -8.277989586918566012e-01 0.000000000000000000e+00 -1.569033233176853059e-01 -1.229066863574290736e-01 0.000000000000000000e+00 1.350000000000000000e+01
-3.468637769594094866e+00 -8.413083436418926642e-01 0.000000000000000000e+00 -1.717568310077988158e-01 -1.350938495003606299e-01 0.000000000000000000e+00 1.360000000000000142e+01
-3.486676792117117341e+00 -8.555260904554100598e-01 0.000000000000000000e+00 -1.803902252302247433e-01 -1.421774681351739567e-01 0.000000000000000000e+00 1.370000000000000107e+01
-3.504715814640140259e+00 -8.697438372689273445e-01 0.000000000000000000e+00 -1.803902252302291842e-01 -1.421774681351728464e-01 0.000000000000000000e+00 1.380000000000000071e+01
-3.522754837163163177e+00 -8.839615840824447401e-01 0.000000000000000000e+00 -1.803902252302291842e-01 -1.421774681351739567e-01 0.000000000000000000e+00 1.390000000000000036e+01
-3.540793859686186096e+00 -8.981793308959620248e-01 0.000000000000000000e+00 -1.803902252302291842e-01 -1.421774681351728464e-01 0.000000000000000000e+00 1.400000000000000000e+01
-3.558611018098150502e+00 -9.122049964531557809e-01 0.000000000000000000e+00 -1.781715841196440664e-01 -1.402566555719375607e-01 0.000000000000000000e+00 1.410000000000000142e+01
-3.574992870308504767e+00 -9.249880301259080229e-01 0.000000000000000000e+00 -1.638185221035426409e-01 -1.278303367275224200e-01 0.000000000000000000e+00 1.420000000000000107e+01
-3.591374722518859031e+00 -9.377710637986601538e-01 0.000000000000000000e+00 -1.638185221035426409e-01 -1.278303367275213098e-01 0.000000000000000000e+00 1.430000000000000071e+01
-3.607756574729213295e+00 -9.505540974714122848e-01 0.000000000000000000e+00 -1.638185221035426409e-01 -1.278303367275213098e-01 0.000000000000000000e+00 1.440000000000000036e+01
-3.624138426939567559e+00 -9.633371311441645268e-01 0.000000000000000000e+00 -1.638185221035426409e-01 -1.278303367275224200e-01 0.000000000000000000e+00 1.450000000000000000e+01
-3.640125494340483492e+00 -9.757781145460320271e-01 0.000000000000000000e+00 -1.598706740091593304e-01 -1.244098340186750029e-01 0.000000000000000000e+00 1.460000000000000142e+01
-3.655023376147761294e+00 -9.872754035137648598e-01 0.000000000000000000e+00 -1.489788180727780187e-01 -1.149728896773283271e-01 0.000000000000000000e+00 1.470000000000000107e+01
-3.669921257955039096e+00 -9.987726924814976925e-01 0.000000000000000000e+00 -1.489788180727780187e-01 -1.149728896773283271e-01 0.000000000000000000e+00 1.480000000000000071e+01
-3.684819139762316897e+00 -1.010269981449230414e+00 0.000000000000000000e+00 -1.489788180727780187e-01 -1.149728896773272169e-01 0.000000000000000000e+00 1.490000000000000036e+01
-3.699717021569594699e+00 -1.021767270416963358e+00 0.000000000000000000e+00 -1.489788180727780187e-01 -1.149728896773294373e-01 0.000000000000000000e+00 1.500000000000000000e+01
-3.714886696300421676e+00 -1.033514443791021975e+00 0.000000000000000000e+00 -1.516967473082697637e-01 -1.174717337405861706e-01 0.000000000000000000e+00 1.510000000000000142e+01
-3.730100115803169913e+00 -1.045301835785266142e+00 0.000000000000000000e+00 -1.521341950274823773e-01 -1.178739199424416739e-01 0.000000000000000000e+00 1.520000000000000107e+01
-3.745313535305918151e+00 -1.057089227779510532e+00 0.000000000000000000e+00 -1.521341950274823773e-01 -1.178739199424438944e-01 0.000000000000000000e+00 1.530000000000000071e+01
-3.760526954808666833e+00 -1.068876619773754699e+00 0.000000000000000000e+00 -1.521341950274868182e-01 -1.178739199424416739e-01 0.000000000000000000e+00 1.540000000000000036e+01
-3.775615374269157165e+00 -1.080561483359758101e+00 0.000000000000000000e+00 -1.508841946049033211e-01 -1.168486358600340225e-01 0.000000000000000000e+00 1.550000000000000000e+01
-3.790476824191110428e+00 -1.092060180404654135e+00 0.000000000000000000e+00 -1.486144992195326253e-01 -1.149869704489603350e-01 0.000000000000000000e+00 1.560000000000000142e+01
-3.805338274113063690e+00 -1.103558877449550168e+00 0.000000000000000000e+00 -1.486144992195326253e-01 -1.149869704489603350e-01 0.000000000000000000e+00 1.570000000000000107e+01
-3.820199724035016953e+00 -1.115057574494446202e+00 0.000000000000000000e+00 -1.486144992195326253e-01 -1.149869704489603350e-01 0.000000000000000000e+00 1.580000000000000071e+01
-3.835061173956970215e+00 -1.126556271539342013e+00 0.000000000000000000e+00 -1.486144992195326253e-01 -1.149869704489581146e-01 0.000000000000000000e+00 1.590000000000000036e+01
-3.850538218871898177e+00 -1.138608335184576825e+00 0.000000000000000000e+00 -1.547704491492796208e-01 -1.205206364523481177e-01 0.000000000000000000e+00 1.600000000000000000e+01
-3.866043661977524248e+00 -1.150685926344527488e+00 0.000000000000000000e+00 -1.550544310562607109e-01 -1.207759115995066246e-01 0.000000000000000000e+00 1.610000000000000142e+01
-3.881549105083150319e+00 -1.162763517504478372e+00 0.000000000000000000e+00 -1.550544310562607109e-01 -1.207759115995088450e-01 0.000000000000000000e+00 1.619999999999999929e+01
-3.897054548188776391e+00 -1.174841108664429035e+00 0.000000000000000000e+00 -1.550544310562607109e-01 -1.207759115995066246e-01 0.000000000000000000e+00 1.630000000000000071e+01
-3.913068344312628621e+00 -1.187340449244874696e+00 0.000000000000000000e+00 -1.601379612385223083e-01 -1.249934058044566143e-01 0.000000000000000000e+00 1.640000000000000213e+01
-3.930038747367810004e+00 -1.200633428113014434e+00 0.000000000000000000e+00 -1.697040305518138226e-01 -1.329297886813973761e-01 0.000000000000000000e+00 1.650000000000000000e+01
-3.947009150422991386e+00 -1.213926406981154393e+00 0.000000000000000000e+00 -1.697040305518138226e-01 -1.329297886813995966e-01 0.000000000000000000e+00 1.660000000000000142e+01
-3.963979553478172768e+00 -1.227219385849294131e+00 0.000000000000000000e+00 -1.697040305518138226e-01 -1.329297886813973761e-01 0.000000000000000000e+00 1.669999999999999929e+01
-3.980949956533353706e+00 -1.240512364717434091e+00 0.000000000000000000e+00 -1.697040305518093817e-01 -1.329297886813995966e-01 0.000000000000000000e+00 1.680000000000000071e+01
-3.997487897011641422e+00 -1.253459477608243278e+00 0.000000000000000000e+00 -1.653794047828771596e-01 -1.294711289080918704e-01 0.000000000000000000e+00 1.690000000000000213e+01
-4.012447451191063941e+00 -1.265144261342658671e+00 0.000000000000000000e+00 -1.495955417942251842e-01 -1.168478373441539375e-01 0.000000000000000000e+00 1.700000000000000000e+01
-4.027407005370486459e+00 -1.276829045077073843e+00 0.000000000000000000e+00 -1.495955417942251842e-01 -1.168478373441517171e-01 0.000000000000000000e+00 1.710000000000000142e+01
-4.042366559549908978e+00 -1.288513828811489237e+00 0.000000000000000000e+00 -1.495955417942251842e-01 -1.168478373441539375e-01 0.000000000000000000e+00 1.719999999999999929e+01
-4.057326113729331496e+00 -1.300198612545904631e+00 0.000000000000000000e+00 -1.495955417942251842e-01 -1.168478373441539375e-01 0.000000000000000000e+00 1.730000000000000071e+01
-4.073476124200323234e+00 -1.312900781191085109e+00 0.000000000000000000e+00 -1.615001047099173803e-01 -1.270216864518047828e-01 0.000000000000000000e+00 1.740000000000000213e+01
-4.089855121889872436e+00 -1.325798646345719423e+00 0.000000000000000000e+00 -1.637899768954920177e-01 -1.289786515463431371e-01 0.000000000000000000e+00 1.750000000000000000e+01
-4.106234119579421638e+00 -1.338696511500353514e+00 0.000000000000000000e+00 -1.637899768954920177e-01 -1.289786515463409167e-01 0.000000000000000000e+00 1.760000000000000142e+01
-4.122613117268969951e+00 -1.351594376654987828e+00 0.000000000000000000e+00 -1.637899768954831359e-01 -1.289786515463431371e-01 0.000000000000000000e+00 1.769999999999999929e+01
-4.138992114958519153e+00 -1.364492241809622142e+00 0.000000000000000000e+00 -1.637899768954920177e-01 -1.289786515463431371e-01 0.000000000000000000e+00 1.780000000000000071e+01
-4.155992439172689679e+00 -1.378028460054041338e+00 0.000000000000000000e+00 -1.700032421417052575e-01 -1.353621824441919586e-01 0.000000000000000000e+00 1.790000000000000213e+01
-4.173027440137994759e+00 -1.391600305316385899e+00 0.000000000000000000e+00 -1.703500096530508046e-01 -1.357184526234456179e-01 0.000000000000000000e+00 1.800000000000000000e+01
-4.190062441103298951e+00 -1.405172150578730461e+00 0.000000000000000000e+00 -1.703500096530419228e-01 -1.357184526234456179e-01 0.000000000000000000e+00 1.810000000000000142e+01
-4.207097442068604032e+00 -1.418743995841075023e+00 0.000000000000000000e+00 -1.703500096530508046e-01 -1.357184526234456179e-01 0.000000000000000000e+00 1.819999999999999929e+01
-4.224132443033909112e+00 -1.432315841103419585e+00 0.000000000000000000e+00 -1.703500096530508046e-01 -1.357184526234456179e-01 0.000000000000000000e+00 1.830000000000000071e+01
-4.239970806247168156e+00 -1.444765920026028549e+00 0.000000000000000000e+00 -1.583836321325904350e-01 -1.245007892260896476e-01 0.000000000000000000e+00 1.840000000000000213e+01
-4.255555958865792299e+00 -1.456978631272880742e+00 0.000000000000000000e+00 -1.558515261862414292e-01 -1.221271124685219256e-01 0.000000000000000000e+00 1.850000000000000000e+01
-4.271141111484417330e+00 -1.469191342519732935e+00 0.000000000000000000e+00 -1.558515261862503110e-01 -1.221271124685219256e-01 0.000000000000000000e+00 1.860000000000000142e+01
-4.286726264103041473e+00 -1.481404053766585127e+00 0.000000000000000000e+00 -1.558515261862414292e-01 -1.221271124685219256e-01 0.000000000000000000e+00 1.869999999999999929e+01
-4.302123091384911113e+00 -1.493439224697556744e+00 0.000000000000000000e+00 -1.539682728186964056e-01 -1.203517093097161705e-01 0.000000000000000000e+00 1.880000000000000071e+01
-4.316664675800869766e+00 -1.504668130835986828e+00 0.000000000000000000e+00 -1.454158441595865270e-01 -1.122890613843008367e-01 0.000000000000000000e+00 1.890000000000000213e+01
-4.331206260216828419e+00 -1.515897036974416912e+00 0.000000000000000000e+00 -1.454158441595865270e-01 -1.122890613843008367e-01 0.000000000000000000e+00 1.900000000000000000e+01
-4.345747844632786183e+00 -1.527125943112846995e+00 0.000000000000000000e+00 -1.454158441595776452e-01 -1.122890613843008367e-01 0.000000000000000000e+00 1.910000000000000142e+01
-4.360289429048744836e+00 -1.538354849251277079e+00 0.000000000000000000e+00 -1.454158441595865270e-01 -1.122890613843008367e-01 0.000000000000000000e+00 1.920000000000000284e+01
-4.375547238420380403e+00 -1.550148618470298389e+00 0.000000000000000000e+00 -1.525780937163556672e-01 -1.179376921902131059e-01 0.000000000000000000e+00 1.930000000000000071e+01
-4.390896353872007829e+00 -1.562014397793424658e+00 0.000000000000000000e+00 -1.534911545162742641e-01 -1.186577932312626871e-01 0.000000000000000000e+00 1.940000000000000213e+01
-4.406245469323635255e+00 -1.573880177116550927e+00 0.000000000000000000e+00 -1.534911545162742641e-01 -1.186577932312626871e-01 0.000000000000000000e+00 1.950000000000000000e+01
-4.421594584775262682e+00 -1.585745956439677196e+00 0.000000000000000000e+00 -1.534911545162742641e-01 -1.186577932312626871e-01 0.000000000000000000e+00 1.960000000000000142e+01
-4.436587743503663361e+00 -1.598007157737328265e+00 0.000000000000000000e+00 -1.499315872840067954e-01 -1.226120129765106981e-01 0.000000000000000000e+00 1.970000000000000284e+01
-4.450970135494497271e+00 -1.610946842045928973e+00 0.000000000000000000e+00 -1.438239199083390929e-01 -1.293968430860070740e-01 0.000000000000000000e+00 1.980000000000000071e+01
-4.465352527485332068e+00 -1.623886526354529680e+00 0.000000000000000000e+00 -1.438239199083479747e-01 -1.293968430860070740e-01 0.000000000000000000e+00 1.990000000000000213e+01
-4.479734919476165977e+00 -1.636826210663130166e+00 0.000000000000000000e+00 -1.438239199083390929e-01 -1.293968430860048535e-01 0.000000000000000000e+00 2.000000000000000000e+01
-4.494117311466999887e+00 -1.649765894971730873e+00 0.000000000000000000e+00 -1.438239199083390929e-01 -1.293968430860070740e-01 0.000000000000000000e+00 2.010000000000000142e+01
-4.505508365605385812e+00 -1.666445223188768532e+00 0.000000000000000000e+00 -1.139105413838592540e-01 -1.667932821703765889e-01 0.000000000000000000e+00 2.020000000000000284e+01
-4.515632237401356441e+00 -1.684708729108705727e+00 0.000000000000000000e+00 -1.012387179597062925e-01 -1.826350591993719519e-01 0.000000000000000000e+00 2.030000000000000071e+01
-4.525756109197327959e+00 -1.702972235028642700e+00 0.000000000000000000e+00 -1.012387179597151743e-01 -1.826350591993697314e-01 0.000000000000000000e+00 2.040000000000000213e+01
-4.535879980993298588e+00 -1.721235740948579673e+00 0.000000000000000000e+00 -1.012387179597062925e-01 -1.826350591993697314e-01 0.000000000000000000e+00 2.050000000000000000e+01
-4.546003852789270105e+00 -1.739499246868516869e+00 0.000000000000000000e+00 -1.012387179597151743e-01 -1.826350591993719519e-01 0.000000000000000000e+00 2.060000000000000142e+01
-4.555669939566141302e+00 -1.758968358898031825e+00 0.000000000000000000e+00 -9.666086776871196662e-02 -1.946911202951495667e-01 0.000000000000000000e+00 2.070000000000000284e+01
-4.565252687458246861e+00 -1.778656949207626736e+00 0.000000000000000000e+00 -9.582747892105558662e-02 -1.968859030959491108e-01 0.000000000000000000e+00 2.080000000000000071e+01
-4.574835435350352419e+00 -1.798345539517221647e+00 0.000000000000000000e+00 -9.582747892105558662e-02 -1.968859030959491108e-01 0.000000000000000000e+00 2.090000000000000213e+01
-4.584418183242457978e+00 -1.818034129826816780e+00 0.000000000000000000e+00 -9.582747892105558662e-02 -1.968859030959513312e-01 0.000000000000000000e+00 2.100000000000000000e+01
-4.594000931134564425e+00 -1.837722720136411692e+00 0.000000000000000000e+00 -9.582747892106446841e-02 -1.968859030959491108e-01 0.000000000000000000e+00 2.110000000000000142e+01
-4.603229406694415715e+00 -1.856158475896027005e+00 0.000000000000000000e+00 -9.228475559851290200e-02 -1.843575575961531321e-01 0.000000000000000000e+00 2.120000000000000284e+01
-4.612293673941057826e+00 -1.874013531924243248e+00 0.000000000000000000e+00 -9.064267246642110365e-02 -1.785505602821624294e-01 0.000000000000000000e+00 2.130000000000000071e+01
-4.621357941187700824e+00 -1.891868587952459713e+00 0.000000000000000000e+00 -9.064267246642998543e-02 -1.785505602821646498e-01 0.000000000000000000e+00 2.140000000000000213e+01
-4.630422208434342934e+00 -1.909723643980675956e+00 0.000000000000000000e+00 -9.064267246642110365e-02 -1.785505602821624294e-01 0.000000000000000000e+00 2.150000000000000000e+01
-4.639486475680985933e+00 -1.927578700008892421e+00 0.000000000000000000e+00 -9.064267246642998543e-02 -1.785505602821646498e-01 0.000000000000000000e+00 2.160000000000000142e+01
-4.648774597759278926e+00 -1.945634575875329286e+00 0.000000000000000000e+00 -9.288122078292992967e-02 -1.805587586643686571e-01 0.000000000000000000e+00 2.170000000000000284e+01
-4.658069132060620454e+00 -1.963696204137573620e+00 0.000000000000000000e+00 -9.294534301341528248e-02 -1.806162826224433360e-01 0.000000000000000000e+00 2.180000000000000071e+01
-4.667363666361961982e+00 -1.981757832399818176e+00 0.000000000000000000e+00 -9.294534301341528248e-02 -1.806162826224455564e-01 0.000000000000000000e+00 2.190000000000000213e+01
-4.676658200663303511e+00 -1.999819460662062731e+00 0.000000000000000000e+00 -9.294534301341528248e-02 -1.806162826224455564e-01 0.000000000000000000e+00 2.200000000000000000e+01
-4.685856182066317821e+00 -2.017646695947467261e+00 0.000000000000000000e+00 -9.197981403014310331e-02 -1.782723528540453017e-01 0.000000000000000000e+00 2.210000000000000142e+01
-4.694664484431876339e+00 -2.034527941716409494e+00 0.000000000000000000e+00 -8.808302365558517977e-02 -1.688124576894223239e-01 0.000000000000000000e+00 2.220000000000000284e+01
-4.703472786797434857e+00 -2.051409187485351726e+00 0.000000000000000000e+00 -8.808302365558517977e-02 -1.688124576894223239e-01 0.000000000000000000e+00 2.230000000000000071e+01
-4.712281089162992487e+00 -2.068290433254293958e+00 0.000000000000000000e+00 -8.808302365557629798e-02 -1.688124576894223239e-01 0.000000000000000000e+00 2.240000000000000213e+01
-4.721089391528551005e+00 -2.085171679023236191e+00 0.000000000000000000e+00 -8.808302365558517977e-02 -1.688124576894223239e-01 0.000000000000000000e+00 2.250000000000000000e+01
-4.729465668207106788e+00 -2.101052183297673182e+00 0.000000000000000000e+00 -8.376276678555782951e-02 -1.588050427443699064e-01 0.000000000000000000e+00 2.260000000000000142e+01
-4.737655976837642058e+00 -2.116501912393908391e+00 0.000000000000000000e+00 -8.190308630535270140e-02 -1.544972909623520962e-01 0.000000000000000000e+00 2.270000000000000284e+01
-4.745846285468177328e+00 -2.131951641490144045e+00 0.000000000000000000e+00 -8.190308630535270140e-02 -1.544972909623565371e-01 0.000000000000000000e+00 2.280000000000000071e+01
-4.754036594098712598e+00 -2.147401370586379254e+00 0.000000000000000000e+00 -8.190308630535270140e-02 -1.544972909623520962e-01 0.000000000000000000e+00 2.290000000000000213e+01
-4.762070112502504671e+00 -2.162585882787221081e+00 0.000000000000000000e+00 -8.033518403792072604e-02 -1.518451220084182651e-01 0.000000000000000000e+00 2.300000000000000000e+01
-4.770000119758665669e+00 -2.177595301770942182e+00 0.000000000000000000e+00 -7.930007256160997997e-02 -1.500941898372110117e-01 0.000000000000000000e+00 2.310000000000000142e+01
-4.777930127014825779e+00 -2.192604720754663727e+00 0.000000000000000000e+00 -7.930007256160109819e-02 -1.500941898372154526e-01 0.000000000000000000e+00 2.320000000000000284e+01
-4.785860134270985888e+00 -2.207614139738384829e+00 0.000000000000000000e+00 -7.930007256160109819e-02 -1.500941898372110117e-01 0.000000000000000000e+00 2.330000000000000071e+01
-4.795640076045869726e+00 -2.222561777621278711e+00 0.000000000000000000e+00 -9.779941774883837979e-02 -1.494763788289388273e-01 0.000000000000000000e+00 2.340000000000000213e+01
-4.806572295916172521e+00 -2.237470933596583667e+00 0.000000000000000000e+00 -1.093221987030279507e-01 -1.490915597530495518e-01 0.000000000000000000e+00 2.350000000000000000e+01
-4.817504515786476205e+00 -2.252380089571889066e+00 0.000000000000000000e+00 -1.093221987030368325e-01 -1.490915597530539927e-01 0.000000000000000000e+00 2.360000000000000142e+01
-4.828436735656779888e+00 -2.267289245547194021e+00 0.000000000000000000e+00 -1.093221987030368325e-01 -1.490915597530495518e-01 0.000000000000000000e+00 2.370000000000000284e+01
-4.841525189473432356e+00 -2.280814351610046309e+00 0.000000000000000000e+00 -1.308845381665246776e-01 -1.352510606285228789e-01 0.000000000000000000e+00 2.380000000000000071e+01
-4.859556490082316493e+00 -2.291166728349330661e+00 0.000000000000000000e+00 -1.803130060888413766e-01 -1.035237673928435242e-01 0.000000000000000000e+00 2.390000000000000213e+01
-4.877587790691199743e+00 -2.301519105088615458e+00 0.000000000000000000e+00 -1.803130060888324948e-01 -1.035237673928479651e-01 0.000000000000000000e+00 2.400000000000000000e+01
-4.895619091300082992e+00 -2.311871481827899810e+00 0.000000000000000000e+00 -1.803130060888324948e-01 -1.035237673928435242e-01 0.000000000000000000e+00 2.410000000000000142e+01
-4.913650391908966242e+00 -2.322223858567184163e+00 0.000000000000000000e+00 -1.803130060888324948e-01 -1.035237673928435242e-01 0.000000000000000000e+00 2.420000000000000284e+01
-4.931821453228741881e+00 -2.332249488219349853e+00 0.000000000000000000e+00 -1.817106131977563876e-01 -1.002562965216569069e-01 0.000000000000000000e+00 2.430000000000000071e+01
-4.950599498391734521e+00 -2.340856048081193741e+00 0.000000000000000000e+00 -1.877804516299264037e-01 -8.606559861843887660e-02 0.000000000000000000e+00 2.440000000000000213e+01
-4.969377543554728049e+00 -2.349462607943037629e+00 0.000000000000000000e+00 -1.877804516299352855e-01 -8.606559861843887660e-02 0.000000000000000000e+00 2.450000000000000000e+01
-4.988155588717721578e+00 -2.358069167804881516e+00 0.000000000000000000e+00 -1.877804516299352855e-01 -8.606559861843887660e-02 0.000000000000000000e+00 2.460000000000000142e+01
-5.006933633880715107e+00 -2.366675727666725848e+00 0.000000000000000000e+00 -1.877804516299352855e-01 -8.606559861844331749e-02 0.000000000000000000e+00 2.470000000000000284e+01
-5.025326442659265425e+00 -2.375343273455785109e+00 0.000000000000000000e+00 -1.839280877855031804e-01 -8.667545789059261097e-02 0.000000000000000000e+00 2.480000000000000071e+01
-5.043023364225335925e+00 -2.384120983623402967e+00 0.000000000000000000e+00 -1.769692156607050038e-01 -8.777710167617858161e-02 0.000000000000000000e+00 2.490000000000000213e+01
-5.060720285791407314e+00 -2.392898693791021270e+00 0.000000000000000000e+00 -1.769692156607138855e-01 -8.777710167618302251e-02 0.000000000000000000e+00 2.500000000000000000e+01
-5.078417207357477814e+00 -2.401676403958639128e+00 0.000000000000000000e+00 -1.769692156607050038e-01 -8.777710167617858161e-02 0.000000000000000000e+00 2.510000000000000142e+01
-5.096114128923548314e+00 -2.410454114126257430e+00 0.000000000000000000e+00 -1.769692156607050038e-01 -8.777710167618302251e-02 0.000000000000000000e+00 2.520000000000000284e+01
-5.115472612737986147e+00 -2.420214926802352728e+00 0.000000000000000000e+00 -1.935848381443783239e-01 -9.760812676095298457e-02 0.000000000000000000e+00 2.530000000000000071e+01
-5.135406749844089624e+00 -2.430316338330888115e+00 0.000000000000000000e+00 -1.993413710610347778e-01 -1.010141152853538671e-01 0.000000000000000000e+00 2.540000000000000213e+01
-5.155340886950193990e+00 -2.440417749859423502e+00 0.000000000000000000e+00 -1.993413710610436596e-01 -1.010141152853538671e-01 0.000000000000000000e+00 2.550000000000000000e+01
-5.175275024056298356e+00 -2.450519161387958889e+00 0.000000000000000000e+00 -1.993413710610436596e-01 -1.010141152853538671e-01 0.000000000000000000e+00 2.560000000000000142e+01
-5.195209161162401834e+00 -2.460620572916493831e+00 0.000000000000000000e+00 -1.993413710610347778e-01 -1.010141152853494262e-01 0.000000000000000000e+00 2.570000000000000284e+01
-5.215344743709077413e+00 -2.471047795907434175e+00 0.000000000000000000e+00 -2.013558254667557890e-01 -1.042722299094034355e-01 0.000000000000000000e+00 2.580000000000000071e+01
-5.235667397141012813e+00 -2.481777581411214850e+00 0.000000000000000000e+00 -2.032265343193540019e-01 -1.072978550378067553e-01 0.000000000000000000e+00 2.590000000000000213e+01
-5.255990050572947325e+00 -2.492507366914995970e+00 0.000000000000000000e+00 -2.032265343193451201e-01 -1.072978550378111962e-01 0.000000000000000000e+00 2.600000000000000000e+01
-5.276312704004881837e+00 -2.503237152418776645e+00 0.000000000000000000e+00 -2.032265343193451201e-01 -1.072978550378067553e-01 0.000000000000000000e+00 2.610000000000000142e+01
-5.296635357436816349e+00 -2.513966937922557321e+00 0.000000000000000000e+00 -2.032265343193451201e-01 -1.072978550378067553e-01 0.000000000000000000e+00 2.620000000000000284e+01
-5.316805029490767609e+00 -2.524625809928317199e+00 0.000000000000000000e+00 -2.016967205395125973e-01 -1.065887200575987848e-01 0.000000000000000000e+00 2.630000000000000071e+01
-5.335260366825701261e+00 -2.534490013502486150e+00 0.000000000000000000e+00 -1.845533733493365247e-01 -9.864203574168950439e-02 0.000000000000000000e+00 2.640000000000000213e+01
-5.353715704160634026e+00 -2.544354217076655100e+00 0.000000000000000000e+00 -1.845533733493276429e-01 -9.864203574168950439e-02 0.000000000000000000e+00 2.650000000000000000e+01
-5.372171041495567678e+00 -2.554218420650824495e+00 0.000000000000000000e+00 -1.845533733493365247e-01 -9.864203574169394528e-02 0.000000000000000000e+00 2.660000000000000142e+01
-5.390626378830500443e+00 -2.564082624224993445e+00 0.000000000000000000e+00 -1.845533733493276429e-01 -9.864203574168950439e-02 0.000000000000000000e+00 2.670000000000000284e+01
-5.408321017148440824e+00 -2.574274402891833180e+00 0.000000000000000000e+00 -1.769463831794038100e-01 -1.019177866683973477e-01 0.000000000000000000e+00 2.680000000000000071e+01
-5.423053428990696645e+00 -2.585741786746278414e+00 0.000000000000000000e+00 -1.473241184225582145e-01 -1.146738385444523445e-01 0.000000000000000000e+00 2.690000000000000213e+01
-5.437785840832953355e+00 -2.597209170600723649e+00 0.000000000000000000e+00 -1.473241184225670963e-01 -1.146738385444523445e-01 0.000000000000000000e+00 2.700000000000000000e+01
-5.452518252675209176e+00 -2.608676554455168883e+00 0.000000000000000000e+00 -1.473241184225582145e-01 -1.146738385444523445e-01 0.000000000000000000e+00 2.710000000000000142e+01
-5.467250664517465886e+00 -2.620143938309614118e+00 0.000000000000000000e+00 -1.473241184225670963e-01 -1.146738385444523445e-01 0.000000000000000000e+00 2.720000000000000284e+01
-5.477177888818157037e+00 -2.637492212325479368e+00 0.000000000000000000e+00 -9.927224300691150916e-02 -1.734827401586525042e-01 0.000000000000000000e+00 2.730000000000000071e+01
-5.485517238685201136e+00 -2.656783826752856292e+00 0.000000000000000000e+00 -8.339349867044099085e-02 -1.929161442737692411e-01 0.000000000000000000e+00 2.740000000000000213e+01
-5.493856588552244347e+00 -2.676075441180232772e+00 0.000000000000000000e+00 -8.339349867043210907e-02 -1.929161442737648002e-01 0.000000000000000000e+00 2.750000000000000000e+01
-5.502195938419288446e+00 -2.695367055607609696e+00 0.000000000000000000e+00 -8.339349867044099085e-02 -1.929161442737692411e-01 0.000000000000000000e+00 2.760000000000000142e+01
-5.510535288286331657e+00 -2.714658670034986176e+00 0.000000000000000000e+00 -8.339349867043210907e-02 -1.929161442737648002e-01 0.000000000000000000e+00 2.770000000000000284e+01
-5.517170254280291175e+00 -2.733174405102079874e+00 0.000000000000000000e+00 -6.634965993959518471e-02 -1.851573506709369710e-01 0.000000000000000000e+00 2.780000000000000071e+01
-5.522293731732112576e+00 -2.751002071723050779e+00 0.000000000000000000e+00 -5.123477451821401019e-02 -1.782766662097090560e-01 0.000000000000000000e+00 2.790000000000000213e+01
-5.527417209183933089e+00 -2.768829738344021685e+00 0.000000000000000000e+00 -5.123477451820512840e-02 -1.782766662097090560e-01 0.000000000000000000e+00 2.800000000000000000e+01
-5.532540686635754490e+00 -2.786657404964992590e+00 0.000000000000000000e+00 -5.123477451821401019e-02 -1.782766662097090560e-01 0.000000000000000000e+00 2.810000000000000142e+01
-5.537682765554103881e+00 -2.804504463028990369e+00 0.000000000000000000e+00 -5.142078918349390904e-02 -1.784705806399777828e-01 0.000000000000000000e+00 2.820000000000000284e+01
-5.542894363274871949e+00 -2.822423992255107095e+00 0.000000000000000000e+00 -5.211597720768068598e-02 -1.791952922611672605e-01 0.000000000000000000e+00 2.830000000000000071e+01
-5.548105960995640018e+00 -2.840343521481223821e+00 0.000000000000000000e+00 -5.211597720768068598e-02 -1.791952922611672605e-01 0.000000000000000000e+00 2.840000000000000213e+01
-5.553317558716408087e+00 -2.858263050707340103e+00 0.000000000000000000e+00 -5.211597720768068598e-02 -1.791952922611628196e-01 0.000000000000000000e+00 2.850000000000000000e+01
-5.558529156437177043e+00 -2.876182579933456829e+00 0.000000000000000000e+00 -5.211597720768956776e-02 -1.791952922611672605e-01 0.000000000000000000e+00 2.860000000000000142e+01
-5.563742657474751496e+00 -2.894077342104313111e+00 0.000000000000000000e+00 -5.213501037574452823e-02 -1.789476217085628207e-01 0.000000000000000000e+00 2.870000000000000284e+01
-5.568956560383199417e+00 -2.911966874899743374e+00 0.000000000000000000e+00 -5.213902908447920481e-02 -1.788953279543026298e-01 0.000000000000000000e+00 2.880000000000000071e+01
-5.574170463291648225e+00 -2.929856407695173637e+00 0.000000000000000000e+00 -5.213902908448808660e-02 -1.788953279543026298e-01 0.000000000000000000e+00 2.890000000000000213e+01
-5.579384366200096146e+00 -2.947745940490604344e+00 0.000000000000000000e+00 -5.213902908447920481e-02 -1.788953279543070707e-01 0.000000000000000000e+00 2.900000000000000000e+01
-5.584604111751819033e+00 -2.965596535991624982e+00 0.000000000000000000e+00 -5.219745551722887456e-02 -1.785059550102063852e-01 0.000000000000000000e+00 2.910000000000000142e+01
-5.589831040354266811e+00 -2.983399261282575043e+00 0.000000000000000000e+00 -5.226928602447777905e-02 -1.780272529095006107e-01 0.000000000000000000e+00 2.920000000000000284e+01
-5.595057968956715477e+00 -3.001201986573525105e+00 0.000000000000000000e+00 -5.226928602448666084e-02 -1.780272529095006107e-01 0.000000000000000000e+00 2.930000000000000071e+01
-5.600284897559164143e+00 -3.019004711864475166e+00 0.000000000000000000e+00 -5.226928602448666084e-02 -1.780272529095006107e-01 0.000000000000000000e+00 2.940000000000000213e+01
-5.605520343680278295e+00 -3.036829138415823248e+00 0.000000000000000000e+00 -5.235446121114151197e-02 -1.782442655134808263e-01 0.000000000000000000e+00 2.950000000000000000e+01
-5.610839379434471752e+00 -3.054866537836991025e+00 0.000000000000000000e+00 -5.319035754193457421e-02 -1.803739942116777684e-01 0.000000000000000000e+00 2.960000000000000142e+01
-5.616158415188666098e+00 -3.072903937258158358e+00 0.000000000000000000e+00 -5.319035754194345600e-02 -1.803739942116733275e-01 0.000000000000000000e+00 2.970000000000000284e+01
-5.621477450942859555e+00 -3.090941336679326135e+00 0.000000000000000000e+00 -5.319035754193457421e-02 -1.803739942116777684e-01 0.000000000000000000e+00 2.980000000000000071e+01
-5.626796486697053012e+00 -3.108978736100493911e+00 0.000000000000000000e+00 -5.319035754193457421e-02 -1.803739942116777684e-01 0.000000000000000000e+00 2.990000000000000213e+01
-5.632068352792766852e+00 -3.126837914241396454e+00 0.000000000000000000e+00 -5.271866095713839684e-02 -1.785917814090254296e-01 0.000000000000000000e+00 3.000000000000000000e+01
-5.637317249540883424e+00 -3.144610307218534295e+00 0.000000000000000000e+00 -5.248896748116571587e-02 -1.777239297713784083e-01 0.000000000000000000e+00 3.010000000000000142e+01
-5.642566146288999107e+00 -3.162382700195672136e+00 0.000000000000000000e+00 -5.248896748115683408e-02 -1.777239297713784083e-01 0.000000000000000000e+00 3.020000000000000284e+01
-5.647815043037115679e+00 -3.180155093172809977e+00 0.000000000000000000e+00 -5.248896748116571587e-02 -1.777239297713784083e-01 0.000000000000000000e+00 3.030000000000000071e+01
-5.652408132080540604e+00 -3.199360023932404040e+00 0.000000000000000000e+00 -4.593089043424924967e-02 -1.920493075959406326e-01 0.000000000000000000e+00 3.040000000000000213e+01
-5.656236304286023753e+00 -3.220235829039692632e+00 0.000000000000000000e+00 -3.828172205483149071e-02 -2.087580510728859196e-01 0.000000000000000000e+00 3.050000000000000000e+01
-5.660064476491506902e+00 -3.241111634146980780e+00 0.000000000000000000e+00 -3.828172205483149071e-02 -2.087580510728814787e-01 0.000000000000000000e+00 3.060000000000000142e+01
-5.663892648696990051e+00 -3.261987439254269372e+00 0.000000000000000000e+00 -3.828172205483149071e-02 -2.087580510728859196e-01 0.000000000000000000e+00 3.070000000000000284e+01
-5.667720820902472312e+00 -3.282863244361557520e+00 0.000000000000000000e+00 -3.828172205482260892e-02 -2.087580510728814787e-01 0.000000000000000000e+00 3.080000000000000071e+01
-5.671416864052441831e+00 -3.303142307595846372e+00 0.000000000000000000e+00 -3.696043149969518993e-02 -2.027906323428885216e-01 0.000000000000000000e+00 3.090000000000000213e+01
-5.674878738600727779e+00 -3.322363782024842838e+00 0.000000000000000000e+00 -3.461874548285948094e-02 -1.922147442899646563e-01 0.000000000000000000e+00 3.100000000000000000e+01
-5.678340613149014615e+00 -3.341585256453839303e+00 0.000000000000000000e+00 -3.461874548286836273e-02 -1.922147442899646563e-01 0.000000000000000000e+00 3.110000000000000142e+01
-5.681802487697301451e+00 -3.360806730882835325e+00 0.000000000000000000e+00 -3.461874548286836273e-02 -1.922147442899602154e-01 0.000000000000000000e+00 3.120000000000000284e+01
-5.685264362245587400e+00 -3.380028205311831790e+00 0.000000000000000000e+00 -3.461874548285948094e-02 -1.922147442899646563e-01 0.000000000000000000e+00 3.130000000000000071e+01
-5.688681560765262546e+00 -3.399146910988788850e+00 0.000000000000000000e+00 -3.417198519675146429e-02 -1.911870567695705958e-01 0.000000000000000000e+00 3.140000000000000213e+01
-5.692087588718837132e+00 -3.418239920891672057e+00 0.000000000000000000e+00 -3.406027953574586320e-02 -1.909300990288320676e-01 0.000000000000000000e+00 3.150000000000000000e+01
-5.695493616672411719e+00 -3.437332930794555264e+00 0.000000000000000000e+00 -3.406027953574586320e-02 -1.909300990288320676e-01 0.000000000000000000e+00 3.160000000000000142e+01
-5.698899644625986305e+00 -3.456425940697438914e+00 0.000000000000000000e+00 -3.406027953574586320e-02 -1.909300990288365085e-01 0.000000000000000000e+00 3.170000000000000284e+01
-5.702294368283832071e+00 -3.475524487267815932e+00 0.000000000000000000e+00 -3.394723657845766240e-02 -1.909854657037701742e-01 0.000000000000000000e+00 3.180000000000000071e+01
-5.705658260610279697e+00 -3.494638134542776609e+00 0.000000000000000000e+00 -3.363892326447626147e-02 -1.911364727496067673e-01 0.000000000000000000e+00 3.190000000000000213e+01
-5.709022152936727323e+00 -3.513751781817737729e+00 0.000000000000000000e+00 -3.363892326447626147e-02 -1.911364727496112081e-01 0.000000000000000000e+00 3.200000000000000000e+01
-5.712386045263174950e+00 -3.532865429092698850e+00 0.000000000000000000e+00 -3.363892326447626147e-02 -1.911364727496112081e-01 0.000000000000000000e+00 3.210000000000000142e+01
-5.715749937589622576e+00 -3.551979076367659527e+00 0.000000000000000000e+00 -3.363892326447626147e-02 -1.911364727496067673e-01 0.000000000000000000e+00 3.220000000000000284e+01
-5.719028110843276558e+00 -3.570763484330057302e+00 0.000000000000000000e+00 -3.278173253653982044e-02 -1.878440796239777555e-01 0.000000000000000000e+00 3.230000000000000426e+01
-5.722274941628852751e+00 -3.589427508668275646e+00 0.000000000000000000e+00 -3.246830785576193534e-02 -1.866402433821834350e-01 0.000000000000000000e+00 3.239999999999999858e+01
-5.725521772414428057e+00 -3.608091533006493989e+00 0.000000000000000000e+00 -3.246830785575305356e-02 -1.866402433821834350e-01 0.000000000000000000e+00 3.250000000000000000e+01
-5.728768603200004250e+00 -3.626755557344712333e+00 0.000000000000000000e+00 -3.246830785576193534e-02 -1.866402433821834350e-01 0.000000000000000000e+00 3.260000000000000142e+01
-5.732040144434261464e+00 -3.645662573248663829e+00 0.000000000000000000e+00 -3.271541234257213659e-02 -1.890701590395149623e-01 0.000000000000000000e+00 3.270000000000000284e+01
-5.735368602340352950e+00 -3.665129282397511012e+00 0.000000000000000000e+00 -3.328457906091486507e-02 -1.946670914884718329e-01 0.000000000000000000e+00 3.280000000000000426e+01
-5.738697060246444437e+00 -3.684595991546358196e+00 0.000000000000000000e+00 -3.328457906091486507e-02 -1.946670914884718329e-01 0.000000000000000000e+00 3.289999999999999858e+01
-5.742025518152535923e+00 -3.704062700695205379e+00 0.000000000000000000e+00 -3.328457906091486507e-02 -1.946670914884718329e-01 0.000000000000000000e+00 3.300000000000000000e+01
-5.745353976058627410e+00 -3.723529409844052562e+00 0.000000000000000000e+00 -3.328457906091486507e-02 -1.946670914884718329e-01 0.000000000000000000e+00 3.310000000000000142e+01
-5.748615597023349011e+00 -3.743005276096128320e+00 0.000000000000000000e+00 -3.261620964721601013e-02 -1.947586625207575750e-01 0.000000000000000000e+00 3.320000000000000284e+01
-5.751846247818957814e+00 -3.762485385466302734e+00 0.000000000000000000e+00 -3.230650795608802639e-02 -1.948010937017441435e-01 0.000000000000000000e+00 3.330000000000000426e+01
-5.755076898614566616e+00 -3.781965494836477593e+00 0.000000000000000000e+00 -3.230650795608802639e-02 -1.948010937017485844e-01 0.000000000000000000e+00 3.339999999999999858e+01
-5.758307549410175419e+00 -3.801445604206652007e+00 0.000000000000000000e+00 -3.230650795608802639e-02 -1.948010937017441435e-01 0.000000000000000000e+00 3.350000000000000000e+01
-5.761593446593332501e+00 -3.821454471600163494e+00 0.000000000000000000e+00 -3.285897183157082679e-02 -2.000886739351148691e-01 0.000000000000000000e+00 3.360000000000000142e+01
-5.765139338674043934e+00 -3.843951725912865935e+00 0.000000000000000000e+00 -3.545892080711432470e-02 -2.249725431270244158e-01 0.000000000000000000e+00 3.370000000000000284e+01
-5.768685230754755366e+00 -3.866448980225567933e+00 0.000000000000000000e+00 -3.545892080711432470e-02 -2.249725431270199749e-01 0.000000000000000000e+00 3.380000000000000426e+01
-5.772231122835466799e+00 -3.888946234538270375e+00 0.000000000000000000e+00 -3.545892080711432470e-02 -2.249725431270244158e-01 0.000000000000000000e+00 3.389999999999999858e+01
-5.775777014916177343e+00 -3.911443488850972372e+00 0.000000000000000000e+00 -3.545892080710544292e-02 -2.249725431270199749e-01 0.000000000000000000e+00 3.400000000000000000e+01
-5.779322906996888776e+00 -3.933940743163674814e+00 0.000000000000000000e+00 -3.545892080711432470e-02 -2.249725431270244158e-01 0.000000000000000000e+00 3.410000000000000142e+01
-5.782662872608350213e+00 -3.955151584148286492e+00 0.000000000000000000e+00 -3.339965611461437334e-02 -2.121084098461167855e-01 0.000000000000000000e+00 3.420000000000000284e+01
-5.785922833584822733e+00 -3.975862639801107434e+00 0.000000000000000000e+00 -3.259960976472520144e-02 -2.071105565282094219e-01 0.000000000000000000e+00 3.430000000000000426e+01
-5.789182794561295253e+00 -3.996573695453927932e+00 0.000000000000000000e+00 -3.259960976472520144e-02 -2.071105565282049810e-01 0.000000000000000000e+00 3.439999999999999858e+01
-5.792442755537768662e+00 -4.017284751106748431e+00 0.000000000000000000e+00 -3.259960976473408323e-02 -2.071105565282049810e-01 0.000000000000000000e+00 3.450000000000000000e+01
-5.795702716514241182e+00 -4.037995806759569817e+00 0.000000000000000000e+00 -3.259960976472520144e-02 -2.071105565282138627e-01 0.000000000000000000e+00 3.460000000000000142e+01
-5.798758697153849617e+00 -4.057074608738573396e+00 0.000000000000000000e+00 -3.055980639608435467e-02 -1.907880197900357899e-01 0.000000000000000000e+00 3.470000000000000284e+01
-5.801765356475682367e+00 -4.075758740802933211e+00 0.000000000000000000e+00 -3.006659321832749754e-02 -1.868413206435981522e-01 0.000000000000000000e+00 3.480000000000000426e+01
-5.804772015797514229e+00 -4.094442872867293026e+00 0.000000000000000000e+00 -3.006659321831861575e-02 -1.868413206435981522e-01 0.000000000000000000e+00 3.489999999999999858e+01
-5.807778675119346978e+00 -4.113127004931652841e+00 0.000000000000000000e+00 -3.006659321832749754e-02 -1.868413206435981522e-01 0.000000000000000000e+00 3.500000000000000000e+01
-5.810764139613376678e+00 -4.131924688143474356e+00 0.000000000000000000e+00 -2.985464494029699267e-02 -1.879768321182151425e-01 0.000000000000000000e+00 3.510000000000000142e+01
-5.813713804506313920e+00 -4.150914167477477434e+00 0.000000000000000000e+00 -2.949664892937242655e-02 -1.898947933400307875e-01 0.000000000000000000e+00 3.520000000000000284e+01
-5.816663469399251163e+00 -4.169903646811481401e+00 0.000000000000000000e+00 -2.949664892937242655e-02 -1.898947933400396693e-01 0.000000000000000000e+00 3.530000000000000426e+01
-5.819613134292188406e+00 -4.188893126145485368e+00 0.000000000000000000e+00 -2.949664892937242655e-02 -1.898947933400396693e-01 0.000000000000000000e+00 3.539999999999999858e+01
-5.822562799185125648e+00 -4.207882605479488447e+00 0.000000000000000000e+00 -2.949664892937242655e-02 -1.898947933400307875e-01 0.000000000000000000e+00 3.550000000000000000e+01
-5.825452123981121666e+00 -4.226618344208581846e+00 0.000000000000000000e+00 -2.889324795996017770e-02 -1.873573872909339855e-01 0.000000000000000000e+00 3.560000000000000142e+01
-5.828331936213877462e+00 -4.245314080954366354e+00 0.000000000000000000e+00 -2.879812232755796231e-02 -1.869573674578450806e-01 0.000000000000000000e+00 3.570000000000000284e+01
-5.831211748446632370e+00 -4.264009817700149974e+00 0.000000000000000000e+00 -2.879812232754908052e-02 -1.869573674578361988e-01 0.000000000000000000e+00 3.580000000000000426e+01
-5.834091560679388166e+00 -4.282705554445934482e+00 0.000000000000000000e+00 -2.879812232755796231e-02 -1.869573674578450806e-01 0.000000000000000000e+00 3.589999999999999858e+01
-5.836926786448777271e+00 -4.301027887006978467e+00 0.000000000000000000e+00 -2.835225769389104755e-02 -1.832233256104398578e-01 0.000000000000000000e+00 3.600000000000000000e+01
-5.839701952403832053e+00 -4.318847228652982650e+00 0.000000000000000000e+00 -2.775165955054781364e-02 -1.781934164600418313e-01 0.000000000000000000e+00 3.610000000000000142e+01
-5.842477118358886834e+00 -4.336666570298986834e+00 0.000000000000000000e+00 -2.775165955054781364e-02 -1.781934164600418313e-01 0.000000000000000000e+00 3.620000000000000284e+01
-5.845252284313940727e+00 -4.354485911944991017e+00 0.000000000000000000e+00 -2.775165955053893185e-02 -1.781934164600418313e-01 0.000000000000000000e+00 3.630000000000000426e+01
-5.848035503338796737e+00 -4.372691923200060060e+00 0.000000000000000000e+00 -2.783219024856009582e-02 -1.820601125506904339e-01 0.000000000000000000e+00 3.639999999999999858e+01
-5.850851430241908346e+00 -4.392468409169749677e+00 0.000000000000000000e+00 -2.815926903111609647e-02 -1.977648596968961670e-01 0.000000000000000000e+00 3.650000000000000000e+01
-5.853667357145019956e+00 -4.412244895139438405e+00 0.000000000000000000e+00 -2.815926903111609647e-02 -1.977648596968872852e-01 0.000000000000000000e+00 3.660000000000000142e+01
-5.856483284048130677e+00 -4.432021381109128022e+00 0.000000000000000000e+00 -2.815926903110721469e-02 -1.977648596968961670e-01 0.000000000000000000e+00 3.670000000000000284e+01
-5.859299210951242287e+00 -4.451797867078817639e+00 0.000000000000000000e+00 -2.815926903111609647e-02 -1.977648596968961670e-01 0.000000000000000000e+00 3.680000000000000426e+01
-5.861255590570697116e+00 -4.470500279165483093e+00 0.000000000000000000e+00 -1.956379619454828855e-02 -1.870241208666545418e-01 0.000000000000000000e+00 3.689999999999999858e+01
-5.862341796453958587e+00 -4.488115338756817785e+00 0.000000000000000000e+00 -1.086205883261470717e-02 -1.761505959133469190e-01 0.000000000000000000e+00 3.700000000000000000e+01
-5.863428002337219169e+00 -4.505730398348153365e+00 0.000000000000000000e+00 -1.086205883260582539e-02 -1.761505959133558008e-01 0.000000000000000000e+00 3.710000000000000142e+01
-5.864514208220480640e+00 -4.523345457939488057e+00 0.000000000000000000e+00 -1.086205883261470717e-02 -1.761505959133469190e-01 0.000000000000000000e+00 3.720000000000000284e+01
-5.863635785160345115e+00 -4.541230167466601131e+00 0.000000000000000000e+00 8.784230601355247359e-03 -1.788470952711307405e-01 0.000000000000000000e+00 3.730000000000000426e+01
-5.858008689470793229e+00 -4.559766643462826785e+00 0.000000000000000000e+00 5.627095689551886437e-02 -1.853647599622565423e-01 0.000000000000000000e+00 3.739999999999999858e+01
-5.852381593781240454e+00 -4.578303119459051551e+00 0.000000000000000000e+00 5.627095689552774616e-02 -1.853647599622476605e-01 0.000000000000000000e+00 3.750000000000000000e+01
-5.846754498091687680e+00 -4.596839595455277205e+00 0.000000000000000000e+00 5.627095689552774616e-02 -1.853647599622565423e-01 0.000000000000000000e+00 3.760000000000000142e+01
-5.841127402402135793e+00 -4.615376071451502860e+00 0.000000000000000000e+00 5.627095689551886437e-02 -1.853647599622565423e-01 0.000000000000000000e+00 3.770000000000000284e+01
-5.834484718151699667e+00 -4.633628520789916827e+00 0.000000000000000000e+00 6.642684250436126092e-02 -1.825244933841396744e-01 0.000000000000000000e+00 3.780000000000000426e+01
-5.827326222212368734e+00 -4.651736714594446376e+00 0.000000000000000000e+00 7.158495939330933311e-02 -1.810819380452954874e-01 0.000000000000000000e+00 3.789999999999999858e+01
-5.820167726273037800e+00 -4.669844908398976813e+00 0.000000000000000000e+00 7.158495939330933311e-02 -1.810819380453043692e-01 0.000000000000000000e+00 3.800000000000000000e+01
-5.813009230333706867e+00 -4.687953102203506361e+00 0.000000000000000000e+00 7.158495939330933311e-02 -1.810819380452954874e-01 0.000000000000000000e+00 3.810000000000000142e+01
-5.805684805936615511e+00 -4.706601835903261311e+00 0.000000000000000000e+00 7.324424397091355843e-02 -1.864873369975494910e-01 0.000000000000000000e+00 3.820000000000000284e+01
-5.797700272166001589e+00 -4.727400987056509685e+00 0.000000000000000000e+00 7.984533770613921888e-02 -2.079915115324837416e-01 0.000000000000000000e+00 3.830000000000000426e+01
-5.789715738395388556e+00 -4.748200138209758059e+00 0.000000000000000000e+00 7.984533770613033710e-02 -2.079915115324837416e-01 0.000000000000000000e+00 3.840000000000000568e+01
-5.781731204624775522e+00 -4.768999289363006433e+00 0.000000000000000000e+00 7.984533770613033710e-02 -2.079915115324837416e-01 0.000000000000000000e+00 3.850000000000000000e+01
-5.773746670854161600e+00 -4.789798440516254807e+00 0.000000000000000000e+00 7.984533770613921888e-02 -2.079915115324837416e-01 0.000000000000000000e+00 3.860000000000000142e+01
-5.765762137083548566e+00 -4.810597591669503181e+00 0.000000000000000000e+00 7.984533770613033710e-02 -2.079915115324837416e-01 0.000000000000000000e+00 3.870000000000000284e+01
-5.758582290252860503e+00 -4.829482841940643922e+00 0.000000000000000000e+00 7.179846830688063619e-02 -1.888525027114074106e-01 0.000000000000000000e+00 3.880000000000000426e+01
-5.751651863261508346e+00 -4.847774861693386228e+00 0.000000000000000000e+00 6.930426991352156563e-02 -1.829201975274230563e-01 0.000000000000000000e+00 3.890000000000000568e+01
-5.744721436270156190e+00 -4.866066881446127645e+00 0.000000000000000000e+00 6.930426991352156563e-02 -1.829201975274141745e-01 0.000000000000000000e+00 3.900000000000000000e+01
-5.737791009278804033e+00 -4.884358901198869063e+00 0.000000000000000000e+00 6.930426991352156563e-02 -1.829201975274141745e-01 0.000000000000000000e+00 3.910000000000000142e+01
-5.730907460114826435e+00 -4.902558210074991152e+00 0.000000000000000000e+00 6.883549163977598084e-02 -1.819930887612208892e-01 0.000000000000000000e+00 3.920000000000000284e+01
-5.724161737292590146e+00 -4.920484938038570455e+00 0.000000000000000000e+00 6.745722822236288607e-02 -1.792672796357930309e-01 0.000000000000000000e+00 3.930000000000000426e+01
-5.717416014470352970e+00 -4.938411666002149758e+00 0.000000000000000000e+00 6.745722822237176786e-02 -1.792672796357930309e-01 0.000000000000000000e+00 3.940000000000000568e+01
-5.710670291648116681e+00 -4.956338393965728173e+00 0.000000000000000000e+00 6.745722822236288607e-02 -1.792672796357841491e-01 0.000000000000000000e+00 3.950000000000000000e+01
-5.703924568825879504e+00 -4.974265121929307476e+00 0.000000000000000000e+00 6.745722822237176786e-02 -1.792672796357930309e-01 0.000000000000000000e+00 3.960000000000000142e+01
-5.697183354950482226e+00 -4.992273976024644178e+00 0.000000000000000000e+00 6.741213875397278343e-02 -1.800885409533670156e-01 0.000000000000000000e+00 3.970000000000000284e+01
-5.690443531000426880e+00 -5.010308146273792396e+00 0.000000000000000000e+00 6.739823950055345847e-02 -1.803417024914821809e-01 0.000000000000000000e+00 3.980000000000000426e+01
-5.683703707050370646e+00 -5.028342316522940614e+00 0.000000000000000000e+00 6.739823950056234025e-02 -1.803417024914821809e-01 0.000000000000000000e+00 3.990000000000000568e+01
-5.676963883100315300e+00 -5.046376486772088832e+00 0.000000000000000000e+00 6.739823950055345847e-02 -1.803417024914821809e-01 0.000000000000000000e+00 4.000000000000000000e+01
-5.670306085687111697e+00 -5.064205532717379832e+00 0.000000000000000000e+00 6.657797413203603298e-02 -1.782904594529099995e-01 0.000000000000000000e+00 4.010000000000000142e+01
-5.663892255827238209e+00 -5.081424487386594357e+00 0.000000000000000000e+00 6.413829859873487749e-02 -1.721895466921452567e-01 0.000000000000000000e+00 4.020000000000000284e+01
-5.657478425967364721e+00 -5.098643442055808883e+00 0.000000000000000000e+00 6.413829859873487749e-02 -1.721895466921452567e-01 0.000000000000000000e+00 4.030000000000000426e+01
-5.651064596107491234e+00 -5.115862396725023409e+00 0.000000000000000000e+00 6.413829859873487749e-02 -1.721895466921452567e-01 0.000000000000000000e+00 4.040000000000000568e+01
-5.644650766247616858e+00 -5.133081351394237934e+00 0.000000000000000000e+00 6.413829859874375927e-02 -1.721895466921452567e-01 0.000000000000000000e+00 4.050000000000000000e+01
-5.638396029360714046e+00 -5.149939305773393983e+00 0.000000000000000000e+00 6.254736886902811932e-02 -1.685795437915604822e-01 0.000000000000000000e+00 4.060000000000000142e+01
-5.632150597873373243e+00 -5.166776145128560316e+00 0.000000000000000000e+00 6.245431487340802335e-02 -1.683683935516633312e-01 0.000000000000000000e+00 4.070000000000000284e+01
-5.625905166386031553e+00 -5.183612984483726649e+00 0.000000000000000000e+00 6.245431487341690513e-02 -1.683683935516633312e-01 0.000000000000000000e+00 4.080000000000000426e+01
-5.619659734898690751e+00 -5.200449823838892982e+00 0.000000000000000000e+00 6.245431487340802335e-02 -1.683683935516633312e-01 0.000000000000000000e+00 4.090000000000000568e+01
-5.613513636298079312e+00 -5.217065393832407416e+00 0.000000000000000000e+00 6.146098600611438201e-02 -1.661556999351443409e-01 0.000000000000000000e+00 4.100000000000000000e+01
-5.607403114495440377e+00 -5.233601714589982912e+00 0.000000000000000000e+00 6.110521802638935185e-02 -1.653632075757549558e-01 0.000000000000000000e+00 4.110000000000000142e+01
-5.601292592692801442e+00 -5.250138035347558407e+00 0.000000000000000000e+00 6.110521802638935185e-02 -1.653632075757549558e-01 0.000000000000000000e+00 4.120000000000000284e+01
-5.595182070890162507e+00 -5.266674356105133903e+00 0.000000000000000000e+00 6.110521802638935185e-02 -1.653632075757549558e-01 0.000000000000000000e+00 4.130000000000000426e+01
-5.588763820214649236e+00 -5.284384025966446075e+00 0.000000000000000000e+00 6.418250675513270664e-02 -1.770966986131217169e-01 0.000000000000000000e+00 4.140000000000000568e+01
-5.582142623936424464e+00 -5.302867513503120023e+00 0.000000000000000000e+00 6.621196278224772414e-02 -1.848348753667394817e-01 0.000000000000000000e+00 4.150000000000000000e+01
-5.575521427658199691e+00 -5.321351001039793083e+00 0.000000000000000000e+00 6.621196278224772414e-02 -1.848348753667305999e-01 0.000000000000000000e+00 4.160000000000000142e+01
-5.568900231379974031e+00 -5.339834488576466143e+00 0.000000000000000000e+00 6.621196278225660592e-02 -1.848348753667305999e-01 0.000000000000000000e+00 4.170000000000000284e+01
-5.562090541836689717e+00 -5.358843431597715146e+00 0.000000000000000000e+00 6.809689543284314084e-02 -1.900894302124900292e-01 0.000000000000000000e+00 4.180000000000000426e+01
-5.554403753066364580e+00 -5.380297430675579307e+00 0.000000000000000000e+00 7.686788770325136966e-02 -2.145399907786416094e-01 0.000000000000000000e+00 4.190000000000000568e+01
-5.546716964296038554e+00 -5.401751429753442579e+00 0.000000000000000000e+00 7.686788770326025144e-02 -2.145399907786327276e-01 0.000000000000000000e+00 4.200000000000000000e+01
-5.539030175525713418e+00 -5.423205428831305852e+00 0.000000000000000000e+00 7.686788770325136966e-02 -2.145399907786327276e-01 0.000000000000000000e+00 4.210000000000000142e+01
-5.531343386755387392e+00 -5.444659427909170013e+00 0.000000000000000000e+00 7.686788770326025144e-02 -2.145399907786416094e-01 0.000000000000000000e+00 4.220000000000000284e+01
-5.523656597985062255e+00 -5.466113426987033286e+00 0.000000000000000000e+00 7.686788770325136966e-02 -2.145399907786327276e-01 0.000000000000000000e+00 4.230000000000000426e+01
-5.516405688302754129e+00 -5.486466550220261418e+00 0.000000000000000000e+00 7.250909682308126492e-02 -2.035312323322813199e-01 0.000000000000000000e+00 4.240000000000000568e+01
-5.509398433246665228e+00 -5.506204288362048338e+00 0.000000000000000000e+00 7.007255056088901313e-02 -1.973773814178692021e-01 0.000000000000000000e+00 4.250000000000000000e+01
-5.502391178190575438e+00 -5.525942026503835258e+00 0.000000000000000000e+00 7.007255056089789491e-02 -1.973773814178692021e-01 0.000000000000000000e+00 4.260000000000000142e+01
-5.495383923134485649e+00 -5.545679764645622178e+00 0.000000000000000000e+00 7.007255056089789491e-02 -1.973773814178692021e-01 0.000000000000000000e+00 4.270000000000000284e+01
-5.488376668078396747e+00 -5.565417502787408210e+00 0.000000000000000000e+00 7.007255056088901313e-02 -1.973773814178603203e-01 0.000000000000000000e+00 4.280000000000000426e+01
-5.481758424686245412e+00 -5.583980090784941730e+00 0.000000000000000000e+00 6.618243392151335058e-02 -1.856258799753351951e-01 0.000000000000000000e+00 4.290000000000000568e+01
-5.475292541278835579e+00 -5.602082420454394196e+00 0.000000000000000000e+00 6.465883407409833694e-02 -1.810232966945246602e-01 0.000000000000000000e+00 4.300000000000000000e+01
-5.468826657871425745e+00 -5.620184750123847550e+00 0.000000000000000000e+00 6.465883407409833694e-02 -1.810232966945335420e-01 0.000000000000000000e+00 4.310000000000000142e+01
-5.462360774464016799e+00 -5.638287079793300016e+00 0.000000000000000000e+00 6.465883407408945516e-02 -1.810232966945246602e-01 0.000000000000000000e+00 4.320000000000000284e+01
-5.455780978568412820e+00 -5.656754702492292175e+00 0.000000000000000000e+00 6.579795895603979261e-02 -1.846762269899215880e-01 0.000000000000000000e+00 4.330000000000000426e+01
-5.448712768011843011e+00 -5.676788566733399044e+00 0.000000000000000000e+00 7.068210556569809455e-02 -2.003386424110686903e-01 0.000000000000000000e+00 4.340000000000000568e+01
-5.441644557455273201e+00 -5.696822430974505913e+00 0.000000000000000000e+00 7.068210556569809455e-02 -2.003386424110686903e-01 0.000000000000000000e+00 4.350000000000000000e+01
-5.434576346898703392e+00 -5.716856295215612782e+00 0.000000000000000000e+00 7.068210556569809455e-02 -2.003386424110686903e-01 0.000000000000000000e+00 4.360000000000000142e+01
-5.427508136342133582e+00 -5.736890159456720539e+00 0.000000000000000000e+00 7.068210556569809455e-02 -2.003386424110775721e-01 0.000000000000000000e+00 4.370000000000000284e+01
-5.420573260855331199e+00 -5.756668230670729081e+00 0.000000000000000000e+00 6.934875486802383193e-02 -1.977807121400854129e-01 0.000000000000000000e+00 4.380000000000000426e+01
-5.414345078184696902e+00 -5.775090566330757902e+00 0.000000000000000000e+00 6.228182670634296869e-02 -1.842233566002882128e-01 0.000000000000000000e+00 4.390000000000000568e+01
-5.408116895514062605e+00 -5.793512901990786723e+00 0.000000000000000000e+00 6.228182670634296869e-02 -1.842233566002882128e-01 0.000000000000000000e+00 4.400000000000000000e+01
-5.401888712843428308e+00 -5.811935237650815544e+00 0.000000000000000000e+00 6.228182670634296869e-02 -1.842233566002882128e-01 0.000000000000000000e+00 4.410000000000000142e+01
-5.395660530172794012e+00 -5.830357573310844366e+00 0.000000000000000000e+00 6.228182670634296869e-02 -1.842233566002882128e-01 0.000000000000000000e+00 4.420000000000000284e+01
-5.392245597731071705e+00 -5.849630939225646920e+00 0.000000000000000000e+00 3.414932441722307033e-02 -1.927336591480255379e-01 0.000000000000000000e+00 4.430000000000000426e+01
-5.391736992825824970e+00 -5.869783492010638426e+00 0.000000000000000000e+00 5.086049052467345177e-03 -2.015255278499150648e-01 0.000000000000000000e+00 4.440000000000000568e+01
-5.391228387920577347e+00 -5.889936044795630821e+00 0.000000000000000000e+00 5.086049052476226962e-03 -2.015255278499239466e-01 0.000000000000000000e+00 4.450000000000000000e+01
-5.390719783015329725e+00 -5.910088597580623215e+00 0.000000000000000000e+00 5.086049052476226962e-03 -2.015255278499239466e-01 0.000000000000000000e+00 4.460000000000000142e+01
-5.390211178110082990e+00 -5.930241150365615610e+00 0.000000000000000000e+00 5.086049052467345177e-03 -2.015255278499239466e-01 0.000000000000000000e+00 4.470000000000000284e+01
-5.389901786480592705e+00 -5.950380293849646840e+00 0.000000000000000000e+00 3.093916294902854247e-03 -2.013914348403123000e-01 0.000000000000000000e+00 4.480000000000000426e+01
-5.389624903743415629e+00 -5.970517249118463710e+00 0.000000000000000000e+00 2.768827371770754553e-03 -2.013695526881686959e-01 0.000000000000000000e+00 4.490000000000000568e+01
-5.389348021006238554e+00 -5.990654204387280579e+00 0.000000000000000000e+00 2.768827371770754553e-03 -2.013695526881686959e-01 0.000000000000000000e+00 4.500000000000000000e+01
-5.389071138269061478e+00 -6.010791159656097449e+00 0.000000000000000000e+00 2.768827371770754553e-03 -2.013695526881686959e-01 0.000000000000000000e+00 4.510000000000000142e+01
-5.388803477555103250e+00 -6.030874912883073868e+00 0.000000000000000000e+00 2.676607139582287687e-03 -2.008375322697641963e-01 0.000000000000000000e+00 4.520000000000000284e+01
-5.388575156561050683e+00 -6.050731714455867660e+00 0.000000000000000000e+00 2.283209940525665615e-03 -1.985680157279379188e-01 0.000000000000000000e+00 4.530000000000000426e+01
-5.388346835566997228e+00 -6.070588516028660564e+00 0.000000000000000000e+00 2.283209940534547400e-03 -1.985680157279290370e-01 0.000000000000000000e+00 4.540000000000000568e+01
-5.388118514572944662e+00 -6.090445317601454356e+00 0.000000000000000000e+00 2.283209940525665615e-03 -1.985680157279379188e-01 0.000000000000000000e+00 4.550000000000000000e+01
-5.387890193578891207e+00 -6.110302119174248148e+00 0.000000000000000000e+00 2.283209940534547400e-03 -1.985680157279379188e-01 0.000000000000000000e+00 4.560000000000000142e+01
-5.387681570308862966e+00 -6.130522831692538865e+00 0.000000000000000000e+00 2.086232700282408814e-03 -2.022071251829071770e-01 0.000000000000000000e+00 4.570000000000000284e+01
-5.387488260696574827e+00 -6.151026460534550822e+00 0.000000000000000000e+00 1.933096122881394763e-03 -2.050362884201195612e-01 0.000000000000000000e+00 4.580000000000000426e+01
-5.387294951084285799e+00 -6.171530089376562778e+00 0.000000000000000000e+00 1.933096122890276547e-03 -2.050362884201195612e-01 0.000000000000000000e+00 4.590000000000000568e+01
-5.387101641471996771e+00 -6.192033718218574734e+00 0.000000000000000000e+00 1.933096122890276547e-03 -2.050362884201195612e-01 0.000000000000000000e+00 4.600000000000000000e+01
-5.386908331859708632e+00 -6.212537347060586690e+00 0.000000000000000000e+00 1.933096122881394763e-03 -2.050362884201195612e-01 0.000000000000000000e+00 4.610000000000000142e+01
-5.386729425517262193e+00 -6.232659682193357753e+00 0.000000000000000000e+00 1.789063424464387708e-03 -2.012233513277106312e-01 0.000000000000000000e+00 4.620000000000000284e+01
-5.386554794548078284e+00 -6.252668836572903288e+00 0.000000000000000000e+00 1.746309691839087463e-03 -2.000915437954553511e-01 0.000000000000000000e+00 4.630000000000000426e+01
-5.386380163578895264e+00 -6.272677990952448823e+00 0.000000000000000000e+00 1.746309691830205679e-03 -2.000915437954553511e-01 0.000000000000000000e+00 4.640000000000000568e+01
-5.386205532609711355e+00 -6.292687145331993470e+00 0.000000000000000000e+00 1.746309691839087463e-03 -2.000915437954464693e-01 0.000000000000000000e+00 4.650000000000000000e+01
-5.386032859618508084e+00 -6.312661342931103370e+00 0.000000000000000000e+00 1.726729912032709535e-03 -1.997419759910989967e-01 0.000000000000000000e+00 4.660000000000000142e+01
-5.385880511762717759e+00 -6.332272665511768039e+00 0.000000000000000000e+00 1.523478557903246156e-03 -1.961132258066466960e-01 0.000000000000000000e+00 4.670000000000000284e+01
-5.385728163906926547e+00 -6.351883988092431821e+00 0.000000000000000000e+00 1.523478557912127940e-03 -1.961132258066378142e-01 0.000000000000000000e+00 4.680000000000000426e+01
-5.385575816051135334e+00 -6.371495310673096490e+00 0.000000000000000000e+00 1.523478557912127940e-03 -1.961132258066466960e-01 0.000000000000000000e+00 4.690000000000000568e+01
-5.385423468195344121e+00 -6.391106633253761160e+00 0.000000000000000000e+00 1.523478557912127940e-03 -1.961132258066466960e-01 0.000000000000000000e+00 4.700000000000000000e+01
-5.385268503357170111e+00 -6.409671885740676700e+00 0.000000000000000000e+00 1.549648381740098557e-03 -1.856525248691553998e-01 0.000000000000000000e+00 4.710000000000000142e+01
-5.385110834682867775e+00 -6.427156350625859993e+00 0.000000000000000000e+00 1.576686743023358872e-03 -1.748446488518329289e-01 0.000000000000000000e+00 4.720000000000000284e+01
-5.384953166008564551e+00 -6.444640815511043286e+00 0.000000000000000000e+00 1.576686743032240656e-03 -1.748446488518329289e-01 0.000000000000000000e+00 4.730000000000000426e+01
-5.384795497334262215e+00 -6.462125280396227467e+00 0.000000000000000000e+00 1.576686743023358872e-03 -1.748446488518418107e-01 0.000000000000000000e+00 4.740000000000000568e+01
-5.384636894651643857e+00 -6.479468028536374824e+00 0.000000000000000000e+00 1.586026826183584149e-03 -1.734274814014735711e-01 0.000000000000000000e+00 4.750000000000000000e+01
-5.384476880469865279e+00 -6.496596610418005291e+00 0.000000000000000000e+00 1.600141817785782905e-03 -1.712858188163046691e-01 0.000000000000000000e+00 4.760000000000000142e+01
-5.384316866288087589e+00 -6.513725192299635758e+00 0.000000000000000000e+00 1.600141817776901121e-03 -1.712858188163046691e-01 0.000000000000000000e+00 4.770000000000000284e+01
-5.384156852106309010e+00 -6.530853774181266225e+00 0.000000000000000000e+00 1.600141817785782905e-03 -1.712858188163046691e-01 0.000000000000000000e+00 4.780000000000000426e+01
-5.384012733015913099e+00 -6.548822964314306994e+00 0.000000000000000000e+00 1.441190903959110869e-03 -1.796919013304076884e-01 0.000000000000000000e+00 4.790000000000000568e+01
-5.383893764156796102e+00 -6.568122218643170918e+00 0.000000000000000000e+00 1.189688591169968390e-03 -1.929925432886392400e-01 0.000000000000000000e+00 4.800000000000000000e+01
-5.383774795297678217e+00 -6.587421472972034842e+00 0.000000000000000000e+00 1.189688591178850174e-03 -1.929925432886392400e-01 0.000000000000000000e+00 4.810000000000000142e+01
-5.383655826438560332e+00 -6.606720727300897877e+00 0.000000000000000000e+00 1.189688591178850174e-03 -1.929925432886303582e-01 0.000000000000000000e+00 4.820000000000000284e+01
-5.383536857579442447e+00 -6.626019981629761801e+00 0.000000000000000000e+00 1.189688591178850174e-03 -1.929925432886392400e-01 0.000000000000000000e+00 4.830000000000000426e+01
-5.383456448979497821e+00 -6.644930044706338634e+00 0.000000000000000000e+00 8.040859994462579152e-04 -1.891006307657683294e-01 0.000000000000000000e+00 4.840000000000000568e+01
-5.383382244247694182e+00 -6.663777491730475511e+00 0.000000000000000000e+00 7.420473180363984511e-04 -1.884744702413687634e-01 0.000000000000000000e+00 4.850000000000000000e+01
-5.383308039515890542e+00 -6.682624938754613275e+00 0.000000000000000000e+00 7.420473180363984511e-04 -1.884744702413776452e-01 0.000000000000000000e+00 4.860000000000000142e+01
-5.383233834784086014e+00 -6.701472385778750152e+00 0.000000000000000000e+00 7.420473180452802353e-04 -1.884744702413687634e-01 0.000000000000000000e+00 4.870000000000000284e+01
-5.383219692386453481e+00 -6.721542672252861728e+00 0.000000000000000000e+00 1.414239763253277715e-04 -2.007028647411157607e-01 0.000000000000000000e+00 4.880000000000000426e+01
-5.383276383266797360e+00 -6.743055089271487113e+00 0.000000000000000000e+00 -5.669088034387925745e-04 -2.151241701862538491e-01 0.000000000000000000e+00 4.890000000000000568e+01
-5.383333074147142128e+00 -6.764567506290111609e+00 0.000000000000000000e+00 -5.669088034476743587e-04 -2.151241701862449673e-01 0.000000000000000000e+00 4.900000000000000000e+01
-5.383389765027486007e+00 -6.786079923308736994e+00 0.000000000000000000e+00 -5.669088034387925745e-04 -2.151241701862538491e-01 0.000000000000000000e+00 4.910000000000000142e+01
-5.383446455907830774e+00 -6.807592340327361491e+00 0.000000000000000000e+00 -5.669088034476743587e-04 -2.151241701862449673e-01 0.000000000000000000e+00 4.920000000000000284e+01
-5.383468517202594228e+00 -6.828166368539885234e+00 0.000000000000000000e+00 -2.206129476345353169e-04 -2.057402821252374281e-01 0.000000000000000000e+00 4.930000000000000426e+01
-5.383432044269296668e+00 -6.847154242501242827e+00 0.000000000000000000e+00 3.647293329755996183e-04 -1.898787396135759309e-01 0.000000000000000000e+00 4.940000000000000568e+01
-5.383395571335999108e+00 -6.866142116462600420e+00 0.000000000000000000e+00 3.647293329755996183e-04 -1.898787396135759309e-01 0.000000000000000000e+00 4.950000000000000000e+01
-5.383359098402702436e+00 -6.885129990423958013e+00 0.000000000000000000e+00 3.647293329667178341e-04 -1.898787396135759309e-01 0.000000000000000000e+00 4.960000000000000142e+01
-5.383322625469404876e+00 -6.904117864385315606e+00 0.000000000000000000e+00 3.647293329755996183e-04 -1.898787396135759309e-01 0.000000000000000000e+00 4.970000000000000284e+01
-5.383366338456478495e+00 -6.923725378356568427e+00 0.000000000000000000e+00 -4.371298707361859215e-04 -1.960751397125282125e-01 0.000000000000000000e+00 4.980000000000000426e+01
-5.383415372585963254e+00 -6.943374011675473412e+00 0.000000000000000000e+00 -4.903412948475960320e-04 -1.964863331890498443e-01 0.000000000000000000e+00 4.990000000000000568e+01
-5.383464406715448014e+00 -6.963022644994378396e+00 0.000000000000000000e+00 -4.903412948475960320e-04 -1.964863331890498443e-01 0.000000000000000000e+00 5.000000000000000000e+01
-5.383513440844932774e+00 -6.982671278313283381e+00 0.000000000000000000e+00 -4.903412948475960320e-04 -1.964863331890498443e-01 0.000000000000000000e+00 5.010000000000000142e+01
-5.383547843821534507e+00 -7.002055936127298708e+00 0.000000000000000000e+00 -3.440297660173285976e-04 -1.938465781401532695e-01 0.000000000000000000e+00 5.020000000000000284e+01
-5.383551369710648515e+00 -7.020883509012747048e+00 0.000000000000000000e+00 -3.525889114008862180e-05 -1.882757288544834040e-01 0.000000000000000000e+00 5.030000000000000426e+01
-5.383554895599762524e+00 -7.039711081898196277e+00 0.000000000000000000e+00 -3.525889114008862180e-05 -1.882757288544922858e-01 0.000000000000000000e+00 5.040000000000000568e+01
-5.383558421488876533e+00 -7.058538654783644617e+00 0.000000000000000000e+00 -3.525889114008862180e-05 -1.882757288544834040e-01 0.000000000000000000e+00 5.050000000000000000e+01
-5.383561947377990542e+00 -7.077366227669092957e+00 0.000000000000000000e+00 -3.525889114008862180e-05 -1.882757288544834040e-01 0.000000000000000000e+00 5.060000000000000142e+01
-5.383565212937709177e+00 -7.096375881050766665e+00 0.000000000000000000e+00 -3.265559718634847286e-05 -1.900965338167370788e-01 0.000000000000000000e+00 5.070000000000000284e+01
-5.383568448977291254e+00 -7.115406181509071004e+00 0.000000000000000000e+00 -3.236039582077410159e-05 -1.903030045830433892e-01 0.000000000000000000e+00 5.080000000000000426e+01
-5.383571685016874220e+00 -7.134436481967375343e+00 0.000000000000000000e+00 -3.236039582965588579e-05 -1.903030045830433892e-01 0.000000000000000000e+00 5.090000000000000568e+01
-5.383574921056456297e+00 -7.153466782425678794e+00 0.000000000000000000e+00 -3.236039582077410159e-05 -1.903030045830345074e-01 0.000000000000000000e+00 5.100000000000000000e+01
-5.383590326583245655e+00 -7.172606347968727647e+00 0.000000000000000000e+00 -1.540552678935824815e-04 -1.913956554304885316e-01 0.000000000000000000e+00 5.110000000000000142e+01
-5.383622049696157319e+00 -7.191892422760708392e+00 0.000000000000000000e+00 -3.172311291166352021e-04 -1.928607479198074515e-01 0.000000000000000000e+00 5.120000000000000284e+01
-5.383653772809068094e+00 -7.211178497552689137e+00 0.000000000000000000e+00 -3.172311291077534179e-04 -1.928607479198074515e-01 0.000000000000000000e+00 5.130000000000000426e+01
-5.383685495921979758e+00 -7.230464572344669882e+00 0.000000000000000000e+00 -3.172311291166352021e-04 -1.928607479198074515e-01 0.000000000000000000e+00 5.140000000000000568e+01
-5.383717219034891421e+00 -7.249750647136650628e+00 0.000000000000000000e+00 -3.172311291166352021e-04 -1.928607479198074515e-01 0.000000000000000000e+00 5.150000000000000000e+01
-5.383705800356064053e+00 -7.268569519946497692e+00 0.000000000000000000e+00 1.141867882736846695e-04 -1.881887280984706479e-01 0.000000000000000000e+00 5.160000000000000142e+01
-5.383689259105424618e+00 -7.287332918108497815e+00 0.000000000000000000e+00 1.654125063943467921e-04 -1.876339816200012223e-01 0.000000000000000000e+00 5.170000000000000284e+01
-5.383672717854785184e+00 -7.306096316270497937e+00 0.000000000000000000e+00 1.654125063943467921e-04 -1.876339816200012223e-01 0.000000000000000000e+00 5.180000000000000426e+01
-5.383656176604145749e+00 -7.324859714432498947e+00 0.000000000000000000e+00 1.654125063943467921e-04 -1.876339816200101041e-01 0.000000000000000000e+00 5.190000000000000568e+01
-5.384501807698090836e+00 -7.344025600310006396e+00 0.000000000000000000e+00 -8.456310939450872866e-03 -1.916588587750744921e-01 0.000000000000000000e+00 5.200000000000000000e+01
-5.386251365669298075e+00 -7.363613466161819332e+00 0.000000000000000000e+00 -1.749557971207238438e-02 -1.958786585181293560e-01 0.000000000000000000e+00 5.210000000000000142e+01
-5.388000923640505313e+00 -7.383201332013632268e+00 0.000000000000000000e+00 -1.749557971207238438e-02 -1.958786585181293560e-01 0.000000000000000000e+00 5.220000000000000284e+01
-5.389750481611712551e+00 -7.402789197865446091e+00 0.000000000000000000e+00 -1.749557971207238438e-02 -1.958786585181382378e-01 0.000000000000000000e+00 5.230000000000000426e+01
-5.391500039582919790e+00 -7.422377063717259027e+00 0.000000000000000000e+00 -1.749557971207238438e-02 -1.958786585181293560e-01 0.000000000000000000e+00 5.240000000000000568e+01
-5.399410242080343814e+00 -7.443190413487656976e+00 0.000000000000000000e+00 -7.910202497424023704e-02 -2.081334977039794865e-01 0.000000000000000000e+00 5.250000000000000000e+01
-5.407440182209004575e+00 -7.464027581633049913e+00 0.000000000000000000e+00 -8.029940128660761900e-02 -2.083716814539293694e-01 0.000000000000000000e+00 5.260000000000000142e+01
-5.415470122337664449e+00 -7.484864749778441961e+00 0.000000000000000000e+00 -8.029940128659873722e-02 -2.083716814539204876e-01 0.000000000000000000e+00 5.270000000000000284e+01
-5.423500062466324323e+00 -7.505701917923834010e+00 0.000000000000000000e+00 -8.029940128659873722e-02 -2.083716814539204876e-01 0.000000000000000000e+00 5.280000000000000426e+01
-5.431530002594984197e+00 -7.526539086069226059e+00 0.000000000000000000e+00 -8.029940128659873722e-02 -2.083716814539204876e-01 0.000000000000000000e+00 5.290000000000000568e+01
-5.439591158115359981e+00 -7.545820678742934717e+00 0.000000000000000000e+00 -8.061155520375784533e-02 -1.928159267370865848e-01 0.000000000000000000e+00 5.300000000000000000e+01
-5.447676183954781592e+00 -7.563912727388285795e+00 0.000000000000000000e+00 -8.085025839421611238e-02 -1.809204864535107760e-01 0.000000000000000000e+00 5.310000000000000142e+01
-5.455761209794203204e+00 -7.582004776033636873e+00 0.000000000000000000e+00 -8.085025839421611238e-02 -1.809204864535107760e-01 0.000000000000000000e+00 5.320000000000000284e+01
-5.463846235633624815e+00 -7.600096824678987950e+00 0.000000000000000000e+00 -8.085025839421611238e-02 -1.809204864535107760e-01 0.000000000000000000e+00 5.330000000000000426e+01
-5.471931261473046426e+00 -7.618188873324339028e+00 0.000000000000000000e+00 -8.085025839421611238e-02 -1.809204864535107760e-01 0.000000000000000000e+00 5.340000000000000568e+01
-5.480146582678712797e+00 -7.637043656401713676e+00 0.000000000000000000e+00 -8.215321205666370474e-02 -1.885478307737464831e-01 0.000000000000000000e+00 5.350000000000000000e+01
-5.488368483482161331e+00 -7.655936955705124447e+00 0.000000000000000000e+00 -8.221900803448534134e-02 -1.889329930341077102e-01 0.000000000000000000e+00 5.360000000000000142e+01
-5.496590384285609865e+00 -7.674830255008535218e+00 0.000000000000000000e+00 -8.221900803448534134e-02 -1.889329930341077102e-01 0.000000000000000000e+00 5.370000000000000284e+01
-5.504812285089058399e+00 -7.693723554311945989e+00 0.000000000000000000e+00 -8.221900803448534134e-02 -1.889329930341077102e-01 0.000000000000000000e+00 5.380000000000000426e+01
-5.513012744027398604e+00 -7.712626951135414188e+00 0.000000000000000000e+00 -8.200458938340204895e-02 -1.890339682346819927e-01 0.000000000000000000e+00 5.390000000000000568e+01
-5.521094586684688110e+00 -7.731586207384870235e+00 0.000000000000000000e+00 -8.081842657289506349e-02 -1.895925624945604682e-01 0.000000000000000000e+00 5.400000000000000000e+01
-5.529176429341976728e+00 -7.750545463634326282e+00 0.000000000000000000e+00 -8.081842657288618170e-02 -1.895925624945604682e-01 0.000000000000000000e+00 5.410000000000000142e+01
-5.537258271999265347e+00 -7.769504719883782329e+00 0.000000000000000000e+00 -8.081842657288618170e-02 -1.895925624945604682e-01 0.000000000000000000e+00 5.420000000000000284e+01
-5.545340114656553965e+00 -7.788463976133238376e+00 0.000000000000000000e+00 -8.081842657288618170e-02 -1.895925624945604682e-01 0.000000000000000000e+00 5.430000000000000426e+01
-5.553395430583694115e+00 -7.807557250349412392e+00 0.000000000000000000e+00 -8.055315927140149768e-02 -1.909327421617401654e-01 0.000000000000000000e+00 5.440000000000000568e+01
-5.561402397615428761e+00 -7.826894792163554548e+00 0.000000000000000000e+00 -8.006967031734646412e-02 -1.933754181414215623e-01 0.000000000000000000e+00 5.450000000000000000e+01
-5.569409364647162519e+00 -7.846232333977696705e+00 0.000000000000000000e+00 -8.006967031733758233e-02 -1.933754181414215623e-01 0.000000000000000000e+00 5.460000000000000142e+01
-5.577416331678896277e+00 -7.865569875791838861e+00 0.000000000000000000e+00 -8.006967031733758233e-02 -1.933754181414215623e-01 0.000000000000000000e+00 5.470000000000000284e+01
-5.585423298710630924e+00 -7.884907417605981017e+00 0.000000000000000000e+00 -8.006967031734646412e-02 -1.933754181414215623e-01 0.000000000000000000e+00 5.480000000000000426e+01
-5.593129877385075055e+00 -7.903686974056679304e+00 0.000000000000000000e+00 -7.706578674444131138e-02 -1.877955645069828705e-01 0.000000000000000000e+00 5.490000000000000568e+01
-5.600509854164606338e+00 -7.921859852276974756e+00 0.000000000000000000e+00 -7.379976779531283171e-02 -1.817287822029545197e-01 0.000000000000000000e+00 5.500000000000000000e+01
-5.607889830944138509e+00 -7.940032730497270208e+00 0.000000000000000000e+00 -7.379976779532171349e-02 -1.817287822029545197e-01 0.000000000000000000e+00 5.510000000000000142e+01
-5.615269807723669793e+00 -7.958205608717565660e+00 0.000000000000000000e+00 -7.379976779531283171e-02 -1.817287822029545197e-01 0.000000000000000000e+00 5.520000000000000284e+01
-5.622649784503201964e+00 -7.976378486937861112e+00 0.000000000000000000e+00 -7.379976779532171349e-02 -1.817287822029545197e-01 0.000000000000000000e+00 5.530000000000000426e+01
-5.629838189353900013e+00 -7.994479052501046290e+00 0.000000000000000000e+00 -7.188404850698049131e-02 -1.810056556318517806e-01 0.000000000000000000e+00 5.540000000000000568e+01
-5.637006694594123068e+00 -8.012572106558147667e+00 0.000000000000000000e+00 -7.168505240223055353e-02 -1.809305405710137649e-01 0.000000000000000000e+00 5.550000000000000000e+01
-5.644175199834347012e+00 -8.030665160615249931e+00 0.000000000000000000e+00 -7.168505240223943531e-02 -1.809305405710226466e-01 0.000000000000000000e+00 5.560000000000000142e+01
-5.651343705074570067e+00 -8.048758214672352196e+00 0.000000000000000000e+00 -7.168505240223055353e-02 -1.809305405710226466e-01 0.000000000000000000e+00 5.570000000000000284e+01
-5.658593124360969284e+00 -8.067274546087221054e+00 0.000000000000000000e+00 -7.249419286399216844e-02 -1.851633141486885847e-01 0.000000000000000000e+00 5.580000000000000426e+01
-5.665983938513565299e+00 -8.086530541975605502e+00 0.000000000000000000e+00 -7.390814152596014708e-02 -1.925599588838444731e-01 0.000000000000000000e+00 5.590000000000000568e+01
-5.673374752666161314e+00 -8.105786537863991725e+00 0.000000000000000000e+00 -7.390814152596014708e-02 -1.925599588838622367e-01 0.000000000000000000e+00 5.600000000000000000e+01
-5.680765566818758217e+00 -8.125042533752376173e+00 0.000000000000000000e+00 -7.390814152596902886e-02 -1.925599588838444731e-01 0.000000000000000000e+00 5.610000000000000142e+01
-5.688156380971354231e+00 -8.144298529640760620e+00 0.000000000000000000e+00 -7.390814152596014708e-02 -1.925599588838444731e-01 0.000000000000000000e+00 5.620000000000000284e+01
-5.695299532431875811e+00 -8.162866125363114733e+00 0.000000000000000000e+00 -7.143151460521579565e-02 -1.856759572235411326e-01 0.000000000000000000e+00 5.630000000000000426e+01
-5.702234967665124721e+00 -8.180856355620591103e+00 0.000000000000000000e+00 -6.935435233248909981e-02 -1.799023025747636950e-01 0.000000000000000000e+00 5.640000000000000568e+01
-5.709170402898374519e+00 -8.198846585878067472e+00 0.000000000000000000e+00 -6.935435233249798159e-02 -1.799023025747636950e-01 0.000000000000000000e+00 5.650000000000000000e+01
-5.716105838131623429e+00 -8.216836816135545618e+00 0.000000000000000000e+00 -6.935435233248909981e-02 -1.799023025747814586e-01 0.000000000000000000e+00 5.660000000000000142e+01
-5.723028686653545805e+00 -8.234796773151792593e+00 0.000000000000000000e+00 -6.922848521922375653e-02 -1.795995701624697460e-01 0.000000000000000000e+00 5.670000000000000284e+01
-5.729433641872137883e+00 -8.251511106232236159e+00 0.000000000000000000e+00 -6.404955218592078836e-02 -1.671433308044356636e-01 0.000000000000000000e+00 5.680000000000000426e+01
-5.735838597090730850e+00 -8.268225439312679725e+00 0.000000000000000000e+00 -6.404955218592967015e-02 -1.671433308044356636e-01 0.000000000000000000e+00 5.690000000000000568e+01
-5.742243552309323817e+00 -8.284939772393121515e+00 0.000000000000000000e+00 -6.404955218592967015e-02 -1.671433308044179000e-01 0.000000000000000000e+00 5.700000000000000000e+01
-5.748648507527915896e+00 -8.301654105473565082e+00 0.000000000000000000e+00 -6.404955218592078836e-02 -1.671433308044356636e-01 0.000000000000000000e+00 5.710000000000000142e+01
-5.755438138936100678e+00 -8.319569111323463773e+00 0.000000000000000000e+00 -6.789631408184781947e-02 -1.791500584989869083e-01 0.000000000000000000e+00 5.720000000000000284e+01
-5.762290977716382656e+00 -8.337681403547094305e+00 0.000000000000000000e+00 -6.852838780281977904e-02 -1.811229222363053282e-01 0.000000000000000000e+00 5.730000000000000426e+01
-5.769143816496663746e+00 -8.355793695770726615e+00 0.000000000000000000e+00 -6.852838780281089726e-02 -1.811229222363230917e-01 0.000000000000000000e+00 5.740000000000000568e+01
-5.775996655276945724e+00 -8.373905987994358924e+00 0.000000000000000000e+00 -6.852838780281977904e-02 -1.811229222363230917e-01 0.000000000000000000e+00 5.750000000000000000e+01
-5.782702072401497695e+00 -8.391640560009129501e+00 0.000000000000000000e+00 -6.705417124551971142e-02 -1.773457201477057765e-01 0.000000000000000000e+00 5.760000000000000142e+01
-5.788981239420607494e+00 -8.408283004289632601e+00 0.000000000000000000e+00 -6.279167019109799242e-02 -1.664244428050309921e-01 0.000000000000000000e+00 5.770000000000000284e+01
-5.795260406439718182e+00 -8.424925448570135700e+00 0.000000000000000000e+00 -6.279167019110687420e-02 -1.664244428050309921e-01 0.000000000000000000e+00 5.780000000000000426e+01
-5.801539573458827981e+00 -8.441567892850640575e+00 0.000000000000000000e+00 -6.279167019109799242e-02 -1.664244428050487556e-01 0.000000000000000000e+00 5.790000000000000568e+01
-5.807795991604383090e+00 -8.458168131906464993e+00 0.000000000000000000e+00 -6.256418145555109334e-02 -1.660023905582441728e-01 0.000000000000000000e+00 5.800000000000000000e+01
-5.813826658950585369e+00 -8.474349543050433198e+00 0.000000000000000000e+00 -6.030667346202278623e-02 -1.618141114396820512e-01 0.000000000000000000e+00 5.810000000000000142e+01
-5.819857326296786759e+00 -8.490530954194403179e+00 0.000000000000000000e+00 -6.030667346201390444e-02 -1.618141114396998148e-01 0.000000000000000000e+00 5.820000000000000284e+01
-5.825887993642989038e+00 -8.506712365338373161e+00 0.000000000000000000e+00 -6.030667346202278623e-02 -1.618141114396998148e-01 0.000000000000000000e+00 5.830000000000000426e+01
-5.831900838570363454e+00 -8.523005352034843440e+00 0.000000000000000000e+00 -6.012844927374416670e-02 -1.629298669647027964e-01 0.000000000000000000e+00 5.840000000000000568e+01
-5.837659768404680705e+00 -8.540887949943430257e+00 0.000000000000000000e+00 -5.758929834317250140e-02 -1.788259790858681697e-01 0.000000000000000000e+00 5.850000000000000000e+01
-5.843418698238997955e+00 -8.558770547852015298e+00 0.000000000000000000e+00 -5.758929834317250140e-02 -1.788259790858504061e-01 0.000000000000000000e+00 5.860000000000000142e+01
-5.849177628073314317e+00 -8.576653145760600339e+00 0.000000000000000000e+00 -5.758929834316361962e-02 -1.788259790858504061e-01 0.000000000000000000e+00 5.870000000000000284e+01
-5.854936557907631567e+00 -8.594535743669185379e+00 0.000000000000000000e+00 -5.758929834317250140e-02 -1.788259790858504061e-01 0.000000000000000000e+00 5.880000000000000426e+01
-5.859205989586658170e+00 -8.612294835978795859e+00 0.000000000000000000e+00 -4.269431679026602922e-02 -1.775909230961048024e-01 0.000000000000000000e+00 5.890000000000000568e+01
-5.861062926221201508e+00 -8.629853890010796391e+00 0.000000000000000000e+00 -1.856936634543338016e-02 -1.755905403200053172e-01 0.000000000000000000e+00 5.900000000000000000e+01
-5.862919862855743958e+00 -8.647412944042795147e+00 0.000000000000000000e+00 -1.856936634542449838e-02 -1.755905403199875536e-01 0.000000000000000000e+00 5.910000000000000142e+01
-5.864776799490287296e+00 -8.664971998074795678e+00 0.000000000000000000e+00 -1.856936634543338016e-02 -1.755905403200053172e-01 0.000000000000000000e+00 5.920000000000000284e+01
-5.866633736124830634e+00 -8.682531052106794434e+00 0.000000000000000000e+00 -1.856936634543338016e-02 -1.755905403199875536e-01 0.000000000000000000e+00 5.930000000000000426e+01
-5.860237550259763672e+00 -8.698817915049771088e+00 0.000000000000000000e+00 6.396185865066961185e-02 -1.628686294297665427e-01 0.000000000000000000e+00 5.940000000000000568e+01
-5.852150908638620308e+00 -8.714844199920706913e+00 0.000000000000000000e+00 8.086641621143364489e-02 -1.602628487093582521e-01 0.000000000000000000e+00 5.950000000000000000e+01
-5.844064267017476055e+00 -8.730870484791640962e+00 0.000000000000000000e+00 8.086641621144252667e-02 -1.602628487093404885e-01 0.000000000000000000e+00 5.960000000000000142e+01
-5.835977625396332691e+00 -8.746896769662576787e+00 0.000000000000000000e+00 8.086641621143364489e-02 -1.602628487093582521e-01 0.000000000000000000e+00 5.970000000000000284e+01
-5.826111000269071916e+00 -8.762573373236667962e+00 0.000000000000000000e+00 9.866625127260775230e-02 -1.567660357409117466e-01 0.000000000000000000e+00 5.980000000000000426e+01
-5.813572427458335135e+00 -8.777725067378822743e+00 0.000000000000000000e+00 1.253857281073678109e-01 -1.515169414215478128e-01 0.000000000000000000e+00 5.990000000000000568e+01
-5.801033854647599242e+00 -8.792876761520975748e+00 0.000000000000000000e+00 1.253857281073589292e-01 -1.515169414215300492e-01 0.000000000000000000e+00 6.000000000000000000e+01
-5.788495281836863349e+00 -8.808028455663130529e+00 0.000000000000000000e+00 1.253857281073589292e-01 -1.515169414215478128e-01 0.000000000000000000e+00 6.010000000000000142e+01
-5.775956709026127456e+00 -8.823180149805283534e+00 0.000000000000000000e+00 1.253857281073589292e-01 -1.515169414215300492e-01 0.000000000000000000e+00 6.020000000000000284e+01
-5.763709248852828537e+00 -8.838566549393043204e+00 0.000000000000000000e+00 1.224746017329891856e-01 -1.538639958775966932e-01 0.000000000000000000e+00 6.030000000000000426e+01
-5.751645567967520911e+00 -8.854101118431847439e+00 0.000000000000000000e+00 1.206368088530762606e-01 -1.553456903880423567e-01 0.000000000000000000e+00 6.040000000000000568e+01
-5.739581887082213285e+00 -8.869635687470651675e+00 0.000000000000000000e+00 1.206368088530762606e-01 -1.553456903880423567e-01 0.000000000000000000e+00 6.050000000000000000e+01
-5.727518206196904771e+00 -8.885170256509454134e+00 0.000000000000000000e+00 1.206368088530851423e-01 -1.553456903880245932e-01 0.000000000000000000e+00 6.060000000000000142e+01
-5.715454525311597145e+00 -8.900704825548258370e+00 0.000000000000000000e+00 1.206368088530762606e-01 -1.553456903880423567e-01 0.000000000000000000e+00 6.070000000000000284e+01
-5.708397842465163130e+00 -8.921491953014294651e+00 0.000000000000000000e+00 7.056682846434014778e-02 -2.078712746603628148e-01 0.000000000000000000e+00 6.080000000000000426e+01
-5.701470039004978396e+00 -8.942414280554523032e+00 0.000000000000000000e+00 6.927803460184733808e-02 -2.092232754022838037e-01 0.000000000000000000e+00 6.090000000000000568e+01
-5.694542235544792774e+00 -8.963336608094753188e+00 0.000000000000000000e+00 6.927803460185621987e-02 -2.092232754023015673e-01 0.000000000000000000e+00 6.100000000000000000e+01
-5.687614432084607152e+00 -8.984258935634981569e+00 0.000000000000000000e+00 6.927803460185621987e-02 -2.092232754022838037e-01 0.000000000000000000e+00 6.110000000000000142e+01
-5.680686628624422418e+00 -9.005181263175211726e+00 0.000000000000000000e+00 6.927803460184733808e-02 -2.092232754023015673e-01 0.000000000000000000e+00 6.120000000000000284e+01
-5.674546465507494197e+00 -9.024290029002948188e+00 0.000000000000000000e+00 6.140163116928221143e-02 -1.910876582773646248e-01 0.000000000000000000e+00 6.130000000000000426e+01
-5.668657925707124789e+00 -9.042819425811835288e+00 0.000000000000000000e+00 5.888539800369407828e-02 -1.852939680888709972e-01 0.000000000000000000e+00 6.140000000000000568e+01
-5.662769385906756270e+00 -9.061348822620720611e+00 0.000000000000000000e+00 5.888539800368519650e-02 -1.852939680888532337e-01 0.000000000000000000e+00 6.150000000000000000e+01
-5.656880846106386862e+00 -9.079878219429605934e+00 0.000000000000000000e+00 5.888539800369407828e-02 -1.852939680888532337e-01 0.000000000000000000e+00 6.160000000000000142e+01
-5.650973675419280084e+00 -9.098464315223390386e+00 0.000000000000000000e+00 5.907170687106777507e-02 -1.858609579378445176e-01 0.000000000000000000e+00 6.170000000000000284e+01
-5.644988421647228805e+00 -9.117288039623709039e+00 0.000000000000000000e+00 5.985253772051279952e-02 -1.882372440031865324e-01 0.000000000000000000e+00 6.180000000000000426e+01
-5.639003167875178413e+00 -9.136111764024025916e+00 0.000000000000000000e+00 5.985253772050391774e-02 -1.882372440031687688e-01 0.000000000000000000e+00 6.190000000000000568e+01
-5.633017914103127133e+00 -9.154935488424342793e+00 0.000000000000000000e+00 5.985253772051279952e-02 -1.882372440031687688e-01 0.000000000000000000e+00 6.200000000000000000e+01
-5.627032660331075853e+00 -9.173759212824659670e+00 0.000000000000000000e+00 5.985253772051279952e-02 -1.882372440031687688e-01 0.000000000000000000e+00 6.210000000000000142e+01
-5.621104657393542148e+00 -9.192474314560723059e+00 0.000000000000000000e+00 5.928002937533705108e-02 -1.871510173606338867e-01 0.000000000000000000e+00 6.220000000000000284e+01
-5.615224707839961305e+00 -9.211098244060861973e+00 0.000000000000000000e+00 5.879949553580843258e-02 -1.862392950013891380e-01 0.000000000000000000e+00 6.230000000000000426e+01
-5.609344758286380461e+00 -9.229722173561000886e+00 0.000000000000000000e+00 5.879949553580843258e-02 -1.862392950013891380e-01 0.000000000000000000e+00 6.240000000000000568e+01
-5.603464808732799618e+00 -9.248346103061138024e+00 0.000000000000000000e+00 5.879949553580843258e-02 -1.862392950013713744e-01 0.000000000000000000e+00 6.250000000000000000e+01
-5.597584859179218775e+00 -9.266970032561276938e+00 0.000000000000000000e+00 5.879949553580843258e-02 -1.862392950013891380e-01 0.000000000000000000e+00 6.260000000000000142e+01
-5.592291663298672333e+00 -9.283628161414458901e+00 0.000000000000000000e+00 5.293195880546441856e-02 -1.665812885318196379e-01 0.000000000000000000e+00 6.270000000000000284e+01
-5.587025030956688454e+00 -9.300197294452718921e+00 0.000000000000000000e+00 5.266632341983878973e-02 -1.656913303826001993e-01 0.000000000000000000e+00 6.280000000000000426e+01
-5.581758398614704575e+00 -9.316766427490977165e+00 0.000000000000000000e+00 5.266632341983878973e-02 -1.656913303825824357e-01 0.000000000000000000e+00 6.290000000000000568e+01
-5.576491766272720696e+00 -9.333335560529235408e+00 0.000000000000000000e+00 5.266632341983878973e-02 -1.656913303825824357e-01 0.000000000000000000e+00 6.300000000000000000e+01
-5.570731495642411879e+00 -9.351729677155761422e+00 0.000000000000000000e+00 5.760270630308816919e-02 -1.839411662652601365e-01 0.000000000000000000e+00 6.310000000000000142e+01
-5.564903962704470963e+00 -9.370372462920082413e+00 0.000000000000000000e+00 5.827532937940915758e-02 -1.864278576432099044e-01 0.000000000000000000e+00 6.320000000000000284e+01
-5.559076429766529159e+00 -9.389015248684401627e+00 0.000000000000000000e+00 5.827532937941803937e-02 -1.864278576431921408e-01 0.000000000000000000e+00 6.330000000000000426e+01
-5.553248896828588244e+00 -9.407658034448720841e+00 0.000000000000000000e+00 5.827532937940915758e-02 -1.864278576431921408e-01 0.000000000000000000e+00 6.340000000000000568e+01
-5.547601602061738468e+00 -9.425695890611832439e+00 0.000000000000000000e+00 5.647294766849775272e-02 -1.803785616311159856e-01 0.000000000000000000e+00 6.350000000000000000e+01
-5.542372569160138873e+00 -9.442329943230920009e+00 0.000000000000000000e+00 5.229032901599595107e-02 -1.663405261908756927e-01 0.000000000000000000e+00 6.360000000000000142e+01
-5.537143536258540166e+00 -9.458963995850005801e+00 0.000000000000000000e+00 5.229032901598706928e-02 -1.663405261908579291e-01 0.000000000000000000e+00 6.370000000000000284e+01
-5.531914503356940571e+00 -9.475598048469093371e+00 0.000000000000000000e+00 5.229032901599595107e-02 -1.663405261908756927e-01 0.000000000000000000e+00 6.380000000000000426e+01
-5.526709783396573705e+00 -9.492160113033087043e+00 0.000000000000000000e+00 5.204719960366865905e-02 -1.656206456399367255e-01 0.000000000000000000e+00 6.390000000000000568e+01
-5.521593189461239781e+00 -9.508461245730197575e+00 0.000000000000000000e+00 5.116593935333924037e-02 -1.630113269711053192e-01 0.000000000000000000e+00 6.400000000000000000e+01
-5.516476595525904969e+00 -9.524762378427308107e+00 0.000000000000000000e+00 5.116593935334812215e-02 -1.630113269711053192e-01 0.000000000000000000e+00 6.410000000000000853e+01
-5.511360001590571045e+00 -9.541063511124416863e+00 0.000000000000000000e+00 5.116593935333924037e-02 -1.630113269710875556e-01 0.000000000000000000e+00 6.420000000000000284e+01
-5.506122320543284765e+00 -9.557827668662175924e+00 0.000000000000000000e+00 5.237681047286280034e-02 -1.676415753775906126e-01 0.000000000000000000e+00 6.429999999999999716e+01
-5.500445329376050019e+00 -9.576271703562646564e+00 0.000000000000000000e+00 5.676991167234746172e-02 -1.844403490047064054e-01 0.000000000000000000e+00 6.440000000000000568e+01
-5.494768338208816161e+00 -9.594715738463115429e+00 0.000000000000000000e+00 5.676991167233857993e-02 -1.844403490046886418e-01 0.000000000000000000e+00 6.450000000000000000e+01
-5.489091347041581415e+00 -9.613159773363584293e+00 0.000000000000000000e+00 5.676991167234746172e-02 -1.844403490046886418e-01 0.000000000000000000e+00 6.460000000000000853e+01
-5.483414355874346668e+00 -9.631603808264053157e+00 0.000000000000000000e+00 5.676991167234746172e-02 -1.844403490046886418e-01 0.000000000000000000e+00 6.470000000000000284e+01
-5.477778511982731580e+00 -9.650090582700816100e+00 0.000000000000000000e+00 5.635843891615088808e-02 -1.848677443676294274e-01 0.000000000000000000e+00 6.479999999999999716e+01
-5.472160798888085154e+00 -9.668596189535188401e+00 0.000000000000000000e+00 5.617713094646425986e-02 -1.850560683437230125e-01 0.000000000000000000e+00 6.490000000000000568e+01
-5.466543085793438728e+00 -9.687101796369562479e+00 0.000000000000000000e+00 5.617713094646425986e-02 -1.850560683437407761e-01 0.000000000000000000e+00 6.500000000000000000e+01
-5.460925372698792302e+00 -9.705607403203934780e+00 0.000000000000000000e+00 5.617713094646425986e-02 -1.850560683437230125e-01 0.000000000000000000e+00 6.510000000000000853e+01
-5.455177954301962728e+00 -9.724623276143674389e+00 0.000000000000000000e+00 5.747418396829573339e-02 -1.901587293973960868e-01 0.000000000000000000e+00 6.520000000000000284e+01
-5.448871620562847795e+00 -9.745837945509919109e+00 0.000000000000000000e+00 6.306333739114933223e-02 -2.121466936624472055e-01 0.000000000000000000e+00 6.529999999999999716e+01
-5.442565286823733750e+00 -9.767052614876163830e+00 0.000000000000000000e+00 6.306333739114045045e-02 -2.121466936624472055e-01 0.000000000000000000e+00 6.540000000000000568e+01
-5.436258953084618817e+00 -9.788267284242408550e+00 0.000000000000000000e+00 6.306333739114933223e-02 -2.121466936624472055e-01 0.000000000000000000e+00 6.550000000000000000e+01
-5.429952619345503884e+00 -9.809481953608651494e+00 0.000000000000000000e+00 6.306333739114933223e-02 -2.121466936624294419e-01 0.000000000000000000e+00 6.560000000000000853e+01
-5.423646285606388950e+00 -9.830696622974896215e+00 0.000000000000000000e+00 6.306333739114933223e-02 -2.121466936624472055e-01 0.000000000000000000e+00 6.570000000000000284e+01
-5.418016108564572164e+00 -9.849445835009815298e+00 0.000000000000000000e+00 5.630177041816786243e-02 -1.874921203491908273e-01 0.000000000000000000e+00 6.579999999999999716e+01
-5.412424944379356617e+00 -9.868052795206207151e+00 0.000000000000000000e+00 5.591164185215546922e-02 -1.860696019639185295e-01 0.000000000000000000e+00 6.590000000000000568e+01
-5.406833780194141070e+00 -9.886659755402600780e+00 0.000000000000000000e+00 5.591164185215546922e-02 -1.860696019639362930e-01 0.000000000000000000e+00 6.600000000000000000e+01
-5.401242616008925523e+00 -9.905266715598992633e+00 0.000000000000000000e+00 5.591164185215546922e-02 -1.860696019639185295e-01 0.000000000000000000e+00 6.610000000000000853e+01
-5.395715656204025379e+00 -9.923743134644864128e+00 0.000000000000000000e+00 5.526959804900144491e-02 -1.847641904587149497e-01 0.000000000000000000e+00 6.620000000000000284e+01
-5.390277835962478115e+00 -9.942038314013633027e+00 0.000000000000000000e+00 5.437820241547264288e-02 -1.829517936876889905e-01 0.000000000000000000e+00 6.629999999999999716e+01
-5.384840015720930850e+00 -9.960333493382401926e+00 0.000000000000000000e+00 5.437820241547264288e-02 -1.829517936876889905e-01 0.000000000000000000e+00 6.640000000000000568e+01
-5.379402195479383586e+00 -9.978628672751170825e+00 0.000000000000000000e+00 5.437820241547264288e-02 -1.829517936876889905e-01 0.000000000000000000e+00 6.650000000000000000e+01
-5.373964375237836322e+00 -9.996923852119937948e+00 0.000000000000000000e+00 5.437820241547264288e-02 -1.829517936876712270e-01 0.000000000000000000e+00 6.660000000000000853e+01
-5.368129649997682939e+00 -1.001695992738379459e+01 0.000000000000000000e+00 5.834725240153382231e-02 -2.003607526385664528e-01 0.000000000000000000e+00 6.670000000000000284e+01
-5.362269661392713438e+00 -1.003710681225765455e+01 0.000000000000000000e+00 5.859988604969501580e-02 -2.014688487385996041e-01 0.000000000000000000e+00 6.679999999999999716e+01
-5.356409672787743048e+00 -1.005725369713151274e+01 0.000000000000000000e+00 5.859988604970389758e-02 -2.014688487385818405e-01 0.000000000000000000e+00 6.690000000000000568e+01
-5.350549684182773547e+00 -1.007740058200537270e+01 0.000000000000000000e+00 5.859988604969501580e-02 -2.014688487385996041e-01 0.000000000000000000e+00 6.700000000000000000e+01
-5.344692402894494876e+00 -1.009753596141556287e+01 0.000000000000000000e+00 5.857281288278670672e-02 -2.013537941019016841e-01 0.000000000000000000e+00 6.710000000000000853e+01
-5.339016728922462818e+00 -1.011689955214427350e+01 0.000000000000000000e+00 5.675673972032058145e-02 -1.936359072871063347e-01 0.000000000000000000e+00 6.720000000000000284e+01
-5.333341054950431648e+00 -1.013626314287298413e+01 0.000000000000000000e+00 5.675673972031169967e-02 -1.936359072871063347e-01 0.000000000000000000e+00 6.729999999999999716e+01
-5.327665380978399590e+00 -1.015562673360169477e+01 0.000000000000000000e+00 5.675673972032058145e-02 -1.936359072871063347e-01 0.000000000000000000e+00 6.740000000000000568e+01
-5.321989707006368420e+00 -1.017499032433040540e+01 0.000000000000000000e+00 5.675673972031169967e-02 -1.936359072871063347e-01 0.000000000000000000e+00 6.750000000000000000e+01
-5.316443269384193648e+00 -1.019383963347793731e+01 0.000000000000000000e+00 5.546437622174771320e-02 -1.884930914753191189e-01 0.000000000000000000e+00 6.760000000000000853e+01
-5.311230590516812455e+00 -1.021136078703814221e+01 0.000000000000000000e+00 5.212678867381193015e-02 -1.752115356020489401e-01 0.000000000000000000e+00 6.770000000000000284e+01
-5.306017911649432151e+00 -1.022888194059834710e+01 0.000000000000000000e+00 5.212678867380304837e-02 -1.752115356020489401e-01 0.000000000000000000e+00 6.779999999999999716e+01
-5.300805232782050957e+00 -1.024640309415855377e+01 0.000000000000000000e+00 5.212678867381193015e-02 -1.752115356020667036e-01 0.000000000000000000e+00 6.790000000000000568e+01
-5.295592553914670653e+00 -1.026392424771875866e+01 0.000000000000000000e+00 5.212678867380304837e-02 -1.752115356020489401e-01 0.000000000000000000e+00 6.800000000000000000e+01
-5.290330394865534913e+00 -1.028189508473581348e+01 0.000000000000000000e+00 5.262159049135739508e-02 -1.797083701705481928e-01 0.000000000000000000e+00 6.810000000000000853e+01
-5.285067686870910109e+00 -1.029987091065341431e+01 0.000000000000000000e+00 5.262707994624804542e-02 -1.797582591760082948e-01 0.000000000000000000e+00 6.820000000000000284e+01
-5.279804978876284416e+00 -1.031784673657101337e+01 0.000000000000000000e+00 5.262707994625692720e-02 -1.797582591759905313e-01 0.000000000000000000e+00 6.829999999999999716e+01
-5.274542270881658723e+00 -1.033582256248861242e+01 0.000000000000000000e+00 5.262707994625692720e-02 -1.797582591759905313e-01 0.000000000000000000e+00 6.840000000000000568e+01
-5.269388025728395597e+00 -1.035335961004673955e+01 0.000000000000000000e+00 5.154245153263126156e-02 -1.753704755812712790e-01 0.000000000000000000e+00 6.850000000000000000e+01
-5.264310870411509136e+00 -1.037058479640417552e+01 0.000000000000000000e+00 5.077155316886461378e-02 -1.722518635743597315e-01 0.000000000000000000e+00 6.860000000000000853e+01
-5.259233715094622674e+00 -1.038780998276160972e+01 0.000000000000000000e+00 5.077155316886461378e-02 -1.722518635743419679e-01 0.000000000000000000e+00 6.870000000000000284e+01
-5.254156559777735325e+00 -1.040503516911904569e+01 0.000000000000000000e+00 5.077155316887349557e-02 -1.722518635743597315e-01 0.000000000000000000e+00 6.879999999999999716e+01
-5.249068274082569374e+00 -1.042232225078329577e+01 0.000000000000000000e+00 5.088285695165950528e-02 -1.728708166425008130e-01 0.000000000000000000e+00 6.890000000000000568e+01
-5.243960021460373433e+00 -1.043972036722495744e+01 0.000000000000000000e+00 5.108252622195941228e-02 -1.739811644166167071e-01 0.000000000000000000e+00 6.900000000000000000e+01
-5.238851768838177492e+00 -1.045711848366661734e+01 0.000000000000000000e+00 5.108252622195941228e-02 -1.739811644165989435e-01 0.000000000000000000e+00 6.910000000000000853e+01
-5.233743516215981550e+00 -1.047451660010827901e+01 0.000000000000000000e+00 5.108252622195941228e-02 -1.739811644166167071e-01 0.000000000000000000e+00 6.920000000000000284e+01
-5.228641823672827371e+00 -1.049186723608422867e+01 0.000000000000000000e+00 5.101692543154179305e-02 -1.735063597594965756e-01 0.000000000000000000e+00 6.929999999999999716e+01
-5.223611699752125581e+00 -1.050869987349602930e+01 0.000000000000000000e+00 5.030123920701790041e-02 -1.683263741180063278e-01 0.000000000000000000e+00 6.940000000000000568e+01
-5.218581575831422903e+00 -1.052553251090783171e+01 0.000000000000000000e+00 5.030123920702678220e-02 -1.683263741180240913e-01 0.000000000000000000e+00 6.950000000000000000e+01
-5.213551451910721113e+00 -1.054236514831963234e+01 0.000000000000000000e+00 5.030123920701790041e-02 -1.683263741180063278e-01 0.000000000000000000e+00 6.960000000000000853e+01
-5.208521327990019323e+00 -1.055919778573143475e+01 0.000000000000000000e+00 5.030123920701790041e-02 -1.683263741180240913e-01 0.000000000000000000e+00 6.970000000000000284e+01
-5.205656825273913491e+00 -1.057689263233990928e+01 0.000000000000000000e+00 2.864502716105832292e-02 -1.769484660847453483e-01 0.000000000000000000e+00 6.979999999999999716e+01
-5.202939586588367860e+00 -1.059464610988587907e+01 0.000000000000000000e+00 2.717238685545630972e-02 -1.775347754596978689e-01 0.000000000000000000e+00 6.990000000000000568e+01
-5.200222347902822229e+00 -1.061239958743185063e+01 0.000000000000000000e+00 2.717238685545630972e-02 -1.775347754597156325e-01 0.000000000000000000e+00 7.000000000000000000e+01
-5.197505109217276598e+00 -1.063015306497782220e+01 0.000000000000000000e+00 2.717238685545630972e-02 -1.775347754597156325e-01 0.000000000000000000e+00 7.010000000000000853e+01
-5.199876407174160775e+00 -1.064892532689245819e+01 0.000000000000000000e+00 -2.371297956884177438e-02 -1.877226191463599037e-01 0.000000000000000000e+00 7.020000000000000284e+01
-5.204749103281502087e+00 -1.066819839788337276e+01 0.000000000000000000e+00 -4.872696107341312199e-02 -1.927307099091457587e-01 0.000000000000000000e+00 7.029999999999999716e+01
-5.209621799388844288e+00 -1.068747146887428556e+01 0.000000000000000000e+00 -4.872696107342200378e-02 -1.927307099091279952e-01 0.000000000000000000e+00 7.040000000000000568e+01
-5.214494495496185600e+00 -1.070674453986519836e+01 0.000000000000000000e+00 -4.872696107341312199e-02 -1.927307099091279952e-01 0.000000000000000000e+00 7.050000000000000000e+01
-5.219367191603526912e+00 -1.072601761085611294e+01 0.000000000000000000e+00 -4.872696107341312199e-02 -1.927307099091457587e-01 0.000000000000000000e+00 7.060000000000000853e+01
-5.225511411640664683e+00 -1.074378256862956249e+01 0.000000000000000000e+00 -6.144220037137770873e-02 -1.776495777344955229e-01 0.000000000000000000e+00 7.070000000000000284e+01
-5.231864604982681577e+00 -1.076129966995627285e+01 0.000000000000000000e+00 -6.353193342016894007e-02 -1.751710132671036035e-01 0.000000000000000000e+00 7.079999999999999716e+01
-5.238217798324698471e+00 -1.077881677128298143e+01 0.000000000000000000e+00 -6.353193342016894007e-02 -1.751710132670858400e-01 0.000000000000000000e+00 7.090000000000000568e+01
-5.244570991666715365e+00 -1.079633387260969002e+01 0.000000000000000000e+00 -6.353193342016894007e-02 -1.751710132670858400e-01 0.000000000000000000e+00 7.100000000000000000e+01
-5.251008192870555646e+00 -1.081422632706931175e+01 0.000000000000000000e+00 -6.437201203840281494e-02 -1.789245445962173164e-01 0.000000000000000000e+00 7.110000000000000853e+01
-5.257526041653255433e+00 -1.083247912067731278e+01 0.000000000000000000e+00 -6.517848782699786625e-02 -1.825279360800102779e-01 0.000000000000000000e+00 7.120000000000000284e+01
-5.264043890435955220e+00 -1.085073191428531381e+01 0.000000000000000000e+00 -6.517848782699786625e-02 -1.825279360800102779e-01 0.000000000000000000e+00 7.129999999999999716e+01
-5.270561739218655006e+00 -1.086898470789331483e+01 0.000000000000000000e+00 -6.517848782699786625e-02 -1.825279360800102779e-01 0.000000000000000000e+00 7.140000000000000568e+01
-5.277079588001354793e+00 -1.088723750150131586e+01 0.000000000000000000e+00 -6.517848782699786625e-02 -1.825279360800102779e-01 0.000000000000000000e+00 7.150000000000000000e+01
-5.283581572434371765e+00 -1.090554091143914661e+01 0.000000000000000000e+00 -6.501984433016971821e-02 -1.830340993783075021e-01 0.000000000000000000e+00 7.160000000000000853e+01
-5.290083210342069187e+00 -1.092384542699052119e+01 0.000000000000000000e+00 -6.501637907697421781e-02 -1.830451555137457831e-01 0.000000000000000000e+00 7.170000000000000284e+01
-5.296584848249766608e+00 -1.094214994254189399e+01 0.000000000000000000e+00 -6.501637907697421781e-02 -1.830451555137280195e-01 0.000000000000000000e+00 7.179999999999999716e+01
-5.303086486157464030e+00 -1.096045445809326679e+01 0.000000000000000000e+00 -6.501637907697421781e-02 -1.830451555137280195e-01 0.000000000000000000e+00 7.190000000000000568e+01
-5.309637983713316522e+00 -1.097895626282826065e+01 0.000000000000000000e+00 -6.551497555852492383e-02 -1.850180473499385414e-01 0.000000000000000000e+00 7.200000000000000000e+01
-5.316255003788004529e+00 -1.099771733301593635e+01 0.000000000000000000e+00 -6.617020074688007014e-02 -1.876107018767569912e-01 0.000000000000000000e+00 7.210000000000000853e+01
-5.322872023862691648e+00 -1.101647840320361205e+01 0.000000000000000000e+00 -6.617020074687118836e-02 -1.876107018767569912e-01 0.000000000000000000e+00 7.220000000000000284e+01
-5.329489043937379655e+00 -1.103523947339128597e+01 0.000000000000000000e+00 -6.617020074688007014e-02 -1.876107018767392276e-01 0.000000000000000000e+00 7.229999999999999716e+01
-5.336106064012066774e+00 -1.105400054357896167e+01 0.000000000000000000e+00 -6.617020074687118836e-02 -1.876107018767569912e-01 0.000000000000000000e+00 7.240000000000000568e+01
-5.342557803672677963e+00 -1.107236018017655255e+01 0.000000000000000000e+00 -6.451739660611188754e-02 -1.835963659759087818e-01 0.000000000000000000e+00 7.250000000000000000e+01
-5.348960979090731982e+00 -1.109060186378891899e+01 0.000000000000000000e+00 -6.403175418054019019e-02 -1.824168361236644387e-01 0.000000000000000000e+00 7.260000000000000853e+01
-5.355364154508785113e+00 -1.110884354740128721e+01 0.000000000000000000e+00 -6.403175418053130841e-02 -1.824168361236822022e-01 0.000000000000000000e+00 7.270000000000000284e+01
-5.361767329926839132e+00 -1.112708523101365365e+01 0.000000000000000000e+00 -6.403175418054019019e-02 -1.824168361236644387e-01 0.000000000000000000e+00 7.279999999999999716e+01
-5.368181943480810681e+00 -1.114538941716596732e+01 0.000000000000000000e+00 -6.414613553971548754e-02 -1.830418615231366175e-01 0.000000000000000000e+00 7.290000000000000568e+01
-5.374632106064281878e+00 -1.116388785740412715e+01 0.000000000000000000e+00 -6.450162583471197308e-02 -1.849844023815983007e-01 0.000000000000000000e+00 7.300000000000000000e+01
-5.381082268647753075e+00 -1.118238629764228520e+01 0.000000000000000000e+00 -6.450162583471197308e-02 -1.849844023815805372e-01 0.000000000000000000e+00 7.310000000000000853e+01
-5.387532431231224272e+00 -1.120088473788044503e+01 0.000000000000000000e+00 -6.450162583471197308e-02 -1.849844023815983007e-01 0.000000000000000000e+00 7.320000000000000284e+01
-5.393982593814695470e+00 -1.121938317811860486e+01 0.000000000000000000e+00 -6.450162583471197308e-02 -1.849844023815983007e-01 0.000000000000000000e+00 7.329999999999999716e+01
-5.400063440021889427e+00 -1.123682933270909778e+01 0.000000000000000000e+00 -6.080846207193957298e-02 -1.744615459049292383e-01 0.000000000000000000e+00 7.340000000000000568e+01
-5.405947543755963203e+00 -1.125371491296806958e+01 0.000000000000000000e+00 -5.884103734073775627e-02 -1.688558025897179959e-01 0.000000000000000000e+00 7.350000000000000000e+01
-5.411831647490036978e+00 -1.127060049322703961e+01 0.000000000000000000e+00 -5.884103734073775627e-02 -1.688558025897002324e-01 0.000000000000000000e+00 7.360000000000000853e+01
-5.417715751224110754e+00 -1.128748607348601141e+01 0.000000000000000000e+00 -5.884103734073775627e-02 -1.688558025897179959e-01 0.000000000000000000e+00 7.370000000000000284e+01
-5.423733361602064207e+00 -1.130482430444322262e+01 0.000000000000000000e+00 -6.017610377953452883e-02 -1.733823095721120922e-01 0.000000000000000000e+00 7.379999999999999716e+01
-5.429906645166098222e+00 -1.132269034116596096e+01 0.000000000000000000e+00 -6.173283564034015569e-02 -1.786603672273834320e-01 0.000000000000000000e+00 7.390000000000000568e+01
-5.436079928730132238e+00 -1.134055637788869930e+01 0.000000000000000000e+00 -6.173283564034015569e-02 -1.786603672273834320e-01 0.000000000000000000e+00 7.400000000000000000e+01
-5.442253212294165365e+00 -1.135842241461143765e+01 0.000000000000000000e+00 -6.173283564033127391e-02 -1.786603672273834320e-01 0.000000000000000000e+00 7.410000000000000853e+01
-5.448419276111295062e+00 -1.137626813043135243e+01 0.000000000000000000e+00 -6.166063817129696645e-02 -1.784571581991478695e-01 0.000000000000000000e+00 7.420000000000000284e+01
-5.454358638022344330e+00 -1.139347576468628986e+01 0.000000000000000000e+00 -5.939361911049267917e-02 -1.720763425493743171e-01 0.000000000000000000e+00 7.429999999999999716e+01
-5.460297999933393598e+00 -1.141068339894122907e+01 0.000000000000000000e+00 -5.939361911049267917e-02 -1.720763425493920806e-01 0.000000000000000000e+00 7.440000000000000568e+01
-5.466237361844442866e+00 -1.142789103319616828e+01 0.000000000000000000e+00 -5.939361911049267917e-02 -1.720763425493920806e-01 0.000000000000000000e+00 7.450000000000000000e+01
-5.472176723755492134e+00 -1.144509866745110749e+01 0.000000000000000000e+00 -5.939361911049267917e-02 -1.720763425493920806e-01 0.000000000000000000e+00 7.460000000000000853e+01
-5.478327739046397582e+00 -1.146303536770068554e+01 0.000000000000000000e+00 -6.151015290905448296e-02 -1.793670024957805254e-01 0.000000000000000000e+00 7.470000000000000284e+01
-5.484544214552152575e+00 -1.148119755367924810e+01 0.000000000000000000e+00 -6.216475505754992525e-02 -1.816218597856256167e-01 0.000000000000000000e+00 7.479999999999999716e+01
-5.490760690057908455e+00 -1.149935973965780889e+01 0.000000000000000000e+00 -6.216475505755880704e-02 -1.816218597856078532e-01 0.000000000000000000e+00 7.490000000000000568e+01
-5.496977165563663448e+00 -1.151752192563636967e+01 0.000000000000000000e+00 -6.216475505754992525e-02 -1.816218597856078532e-01 0.000000000000000000e+00 7.500000000000000000e+01
-5.503135369442862412e+00 -1.153551305793152260e+01 0.000000000000000000e+00 -6.158203879198964614e-02 -1.799113229515292289e-01 0.000000000000000000e+00 7.510000000000000853e+01
-5.509130426732465224e+00 -1.155302528090604319e+01 0.000000000000000000e+00 -5.995057289602812034e-02 -1.751222297452059706e-01 0.000000000000000000e+00 7.520000000000000284e+01
-5.515125484022067148e+00 -1.157053750388056201e+01 0.000000000000000000e+00 -5.995057289601923856e-02 -1.751222297451882071e-01 0.000000000000000000e+00 7.529999999999999716e+01
-5.521120541311669072e+00 -1.158804972685508261e+01 0.000000000000000000e+00 -5.995057289601923856e-02 -1.751222297452059706e-01 0.000000000000000000e+00 7.540000000000000568e+01
-5.527115598601271884e+00 -1.160556194982960321e+01 0.000000000000000000e+00 -5.995057289602812034e-02 -1.751222297452059706e-01 0.000000000000000000e+00 7.550000000000000000e+01
-5.533277779392001605e+00 -1.162368892852209612e+01 0.000000000000000000e+00 -6.162180790729721025e-02 -1.812697869249291216e-01 0.000000000000000000e+00 7.560000000000000853e+01
-5.539453792080347938e+00 -1.164186678718115431e+01 0.000000000000000000e+00 -6.176012688346332880e-02 -1.817785865905818810e-01 0.000000000000000000e+00 7.570000000000000284e+01
-5.545629804768693383e+00 -1.166004464584021250e+01 0.000000000000000000e+00 -6.176012688345444701e-02 -1.817785865905818810e-01 0.000000000000000000e+00 7.579999999999999716e+01
-5.551805817457039716e+00 -1.167822250449927068e+01 0.000000000000000000e+00 -6.176012688346332880e-02 -1.817785865905818810e-01 0.000000000000000000e+00 7.590000000000000568e+01
-5.557902482791083010e+00 -1.169614905816804118e+01 0.000000000000000000e+00 -6.096665334043294138e-02 -1.792655366877049516e-01 0.000000000000000000e+00 7.600000000000000000e+01
-5.563890221730113161e+00 -1.171373062558135736e+01 0.000000000000000000e+00 -5.987738939030151641e-02 -1.758156741331617923e-01 0.000000000000000000e+00 7.610000000000000853e+01
-5.569877960669144201e+00 -1.173131219299467354e+01 0.000000000000000000e+00 -5.987738939031039820e-02 -1.758156741331617923e-01 0.000000000000000000e+00 7.620000000000000284e+01
-5.575865699608174353e+00 -1.174889376040798972e+01 0.000000000000000000e+00 -5.987738939030151641e-02 -1.758156741331617923e-01 0.000000000000000000e+00 7.629999999999999716e+01
-5.581864289716573779e+00 -1.176651755521267440e+01 0.000000000000000000e+00 -5.998590108399426413e-02 -1.762379480468467818e-01 0.000000000000000000e+00 7.640000000000000568e+01
-5.588015929339616328e+00 -1.178473694313119857e+01 0.000000000000000000e+00 -6.151639623042548521e-02 -1.821938791852417694e-01 0.000000000000000000e+00 7.650000000000000000e+01
-5.594167568962658876e+00 -1.180295633104972275e+01 0.000000000000000000e+00 -6.151639623042548521e-02 -1.821938791852417694e-01 0.000000000000000000e+00 7.660000000000000853e+01
-5.600319208585701425e+00 -1.182117571896824693e+01 0.000000000000000000e+00 -6.151639623042548521e-02 -1.821938791852417694e-01 0.000000000000000000e+00 7.670000000000000284e+01
-5.606470848208743973e+00 -1.183939510688677288e+01 0.000000000000000000e+00 -6.151639623042548521e-02 -1.821938791852595330e-01 0.000000000000000000e+00 7.680000000000001137e+01
-5.612532994975620859e+00 -1.185733666279555898e+01 0.000000000000000000e+00 -6.062146766876885806e-02 -1.794155590878609985e-01 0.000000000000000000e+00 7.690000000000000568e+01
-5.618523387066293395e+00 -1.187505545515927885e+01 0.000000000000000000e+00 -5.990392090672536085e-02 -1.771879236371987076e-01 0.000000000000000000e+00 7.700000000000000000e+01
-5.624513779156965931e+00 -1.189277424752299694e+01 0.000000000000000000e+00 -5.990392090672536085e-02 -1.771879236371809441e-01 0.000000000000000000e+00 7.710000000000000853e+01
-5.630504171247638467e+00 -1.191049303988671682e+01 0.000000000000000000e+00 -5.990392090672536085e-02 -1.771879236371987076e-01 0.000000000000000000e+00 7.720000000000000284e+01
-5.636519241983800832e+00 -1.192831096622260034e+01 0.000000000000000000e+00 -6.015070736162364540e-02 -1.781792633588352714e-01 0.000000000000000000e+00 7.730000000000001137e+01
-5.642657773124850173e+00 -1.194662483227067007e+01 0.000000000000000000e+00 -6.138531141049341500e-02 -1.831386604806972684e-01 0.000000000000000000e+00 7.740000000000000568e+01
-5.648796304265900403e+00 -1.196493869831873980e+01 0.000000000000000000e+00 -6.138531141050229678e-02 -1.831386604806972684e-01 0.000000000000000000e+00 7.750000000000000000e+01
-5.654934835406950633e+00 -1.198325256436680952e+01 0.000000000000000000e+00 -6.138531141050229678e-02 -1.831386604806972684e-01 0.000000000000000000e+00 7.760000000000000853e+01
-5.661073366547999974e+00 -1.200156643041487925e+01 0.000000000000000000e+00 -6.138531141049341500e-02 -1.831386604806972684e-01 0.000000000000000000e+00 7.770000000000000284e+01
-5.667123374669919222e+00 -1.201960532870550935e+01 0.000000000000000000e+00 -6.050008121919248083e-02 -1.803889829063010097e-01 0.000000000000000000e+00 7.780000000000001137e+01
-5.673121832510169327e+00 -1.203748410293478877e+01 0.000000000000000000e+00 -5.998457840250104312e-02 -1.787877422927941495e-01 0.000000000000000000e+00 7.790000000000000568e+01
-5.679120290350419431e+00 -1.205536287716406996e+01 0.000000000000000000e+00 -5.998457840250104312e-02 -1.787877422928119131e-01 0.000000000000000000e+00 7.800000000000000000e+01
-5.685118748190668647e+00 -1.207324165139334937e+01 0.000000000000000000e+00 -5.998457840249216133e-02 -1.787877422927941495e-01 0.000000000000000000e+00 7.810000000000000853e+01
-5.691124112503288757e+00 -1.209114598542562113e+01 0.000000000000000000e+00 -6.005364312620109501e-02 -1.790433403227176257e-01 0.000000000000000000e+00 7.820000000000000284e+01
-5.697156543354263469e+00 -1.210915048859648380e+01 0.000000000000000000e+00 -6.032430850974712655e-02 -1.800450317086266239e-01 0.000000000000000000e+00 7.830000000000001137e+01
-5.703188974205238182e+00 -1.212715499176734646e+01 0.000000000000000000e+00 -6.032430850974712655e-02 -1.800450317086266239e-01 0.000000000000000000e+00 7.840000000000000568e+01
-5.709221405056212895e+00 -1.214515949493820912e+01 0.000000000000000000e+00 -6.032430850974712655e-02 -1.800450317086266239e-01 0.000000000000000000e+00 7.850000000000000000e+01
-5.715253835907187607e+00 -1.216316399810907178e+01 0.000000000000000000e+00 -6.032430850974712655e-02 -1.800450317086266239e-01 0.000000000000000000e+00 7.860000000000000853e+01
-5.720631742687164234e+00 -1.218170363681706014e+01 0.000000000000000000e+00 -5.377906779976626694e-02 -1.853963870798835956e-01 0.000000000000000000e+00 7.870000000000000284e+01
-5.725783165927666118e+00 -1.220042844731003839e+01 0.000000000000000000e+00 -5.151423240501884493e-02 -1.872481049297824995e-01 0.000000000000000000e+00 7.880000000000001137e+01
-5.730934589168168003e+00 -1.221915325780301842e+01 0.000000000000000000e+00 -5.151423240501884493e-02 -1.872481049298002631e-01 0.000000000000000000e+00 7.890000000000000568e+01
-5.736086012408670776e+00 -1.223787806829599667e+01 0.000000000000000000e+00 -5.151423240502772671e-02 -1.872481049297824995e-01 0.000000000000000000e+00 7.900000000000000000e+01
-5.740324120775445849e+00 -1.225730002075620639e+01 0.000000000000000000e+00 -4.238108366775072966e-02 -1.942195246020972377e-01 0.000000000000000000e+00 7.910000000000000853e+01
-5.741464372739797817e+00 -1.227908659659955504e+01 0.000000000000000000e+00 -1.140251964351968184e-02 -2.178657584334864339e-01 0.000000000000000000e+00 7.920000000000000284e+01
-5.742604624704149785e+00 -1.230087317244290368e+01 0.000000000000000000e+00 -1.140251964351968184e-02 -2.178657584334864339e-01 0.000000000000000000e+00 7.930000000000001137e+01
-5.743744876668501753e+00 -1.232265974828625232e+01 0.000000000000000000e+00 -1.140251964351968184e-02 -2.178657584334864339e-01 0.000000000000000000e+00 7.940000000000000568e+01
-5.744885128632854610e+00 -1.234444632412960097e+01 0.000000000000000000e+00 -1.140251964352856362e-02 -2.178657584334864339e-01 0.000000000000000000e+00 7.950000000000000000e+01
-5.746025380597206578e+00 -1.236623289997294961e+01 0.000000000000000000e+00 -1.140251964351968184e-02 -2.178657584334864339e-01 0.000000000000000000e+00 7.960000000000000853e+01
-5.746295468199003942e+00 -1.238555426375633850e+01 0.000000000000000000e+00 -2.700876017973641297e-03 -1.932136378338888960e-01 0.000000000000000000e+00 7.970000000000000284e+01
-5.746559894595029583e+00 -1.240485958910682918e+01 0.000000000000000000e+00 -2.644263960256409973e-03 -1.930532535049067633e-01 0.000000000000000000e+00 7.980000000000001137e+01
-5.746824320991055224e+00 -1.242416491445731808e+01 0.000000000000000000e+00 -2.644263960256409973e-03 -1.930532535048889997e-01 0.000000000000000000e+00 7.990000000000000568e+01
-5.747088747387080865e+00 -1.244347023980780698e+01 0.000000000000000000e+00 -2.644263960256409973e-03 -1.930532535048889997e-01 0.000000000000000000e+00 8.000000000000000000e+01
-5.747371716526957997e+00 -1.246259882721640366e+01 0.000000000000000000e+00 -2.829691398771316813e-03 -1.912858740859668671e-01 0.000000000000000000e+00 8.010000000000000853e+01
-5.747673460481768082e+00 -1.248154846472539603e+01 0.000000000000000000e+00 -3.017439548100853131e-03 -1.894963750899236743e-01 0.000000000000000000e+00 8.020000000000000284e+01
-5.747975204436577279e+00 -1.250049810223438840e+01 0.000000000000000000e+00 -3.017439548091971346e-03 -1.894963750899236743e-01 0.000000000000000000e+00 8.030000000000001137e+01
-5.748276948391387364e+00 -1.251944773974338077e+01 0.000000000000000000e+00 -3.017439548100853131e-03 -1.894963750899236743e-01 0.000000000000000000e+00 8.040000000000000568e+01
-5.748581674645795836e+00 -1.253840998468639611e+01 0.000000000000000000e+00 -3.047262544084716751e-03 -1.896224494301534946e-01 0.000000000000000000e+00 8.050000000000000000e+01
-5.748934873187155681e+00 -1.255757714236185940e+01 0.000000000000000000e+00 -3.531985413598448531e-03 -1.916715767546328664e-01 0.000000000000000000e+00 8.060000000000000853e+01
-5.749288071728516414e+00 -1.257674430003732269e+01 0.000000000000000000e+00 -3.531985413607330315e-03 -1.916715767546328664e-01 0.000000000000000000e+00 8.070000000000000284e+01
-5.749641270269876259e+00 -1.259591145771278597e+01 0.000000000000000000e+00 -3.531985413598448531e-03 -1.916715767546328664e-01 0.000000000000000000e+00 8.080000000000001137e+01
-5.749994468811236992e+00 -1.261507861538825104e+01 0.000000000000000000e+00 -3.531985413607330315e-03 -1.916715767546506299e-01 0.000000000000000000e+00 8.090000000000000568e+01
-5.750377601549116591e+00 -1.263421273956618052e+01 0.000000000000000000e+00 -3.831327378795990057e-03 -1.913412417792947906e-01 0.000000000000000000e+00 8.100000000000000000e+01
-5.750783696074529772e+00 -1.265332152455883019e+01 0.000000000000000000e+00 -4.060945254131809179e-03 -1.910878499264967445e-01 0.000000000000000000e+00 8.110000000000000853e+01
-5.751189790599943841e+00 -1.267243030955147987e+01 0.000000000000000000e+00 -4.060945254140690963e-03 -1.910878499264967445e-01 0.000000000000000000e+00 8.120000000000000284e+01
-5.751595885125357022e+00 -1.269153909454412776e+01 0.000000000000000000e+00 -4.060945254131809179e-03 -1.910878499264789809e-01 0.000000000000000000e+00 8.130000000000001137e+01
-5.752008419464346822e+00 -1.271069779180223591e+01 0.000000000000000000e+00 -4.125343389898006308e-03 -1.915869725810814828e-01 0.000000000000000000e+00 8.140000000000000568e+01
-5.752489155061129900e+00 -1.273038508810188141e+01 0.000000000000000000e+00 -4.807355967830773125e-03 -1.968729629964549588e-01 0.000000000000000000e+00 8.150000000000000000e+01
-5.752969890657913865e+00 -1.275007238440152868e+01 0.000000000000000000e+00 -4.807355967839654909e-03 -1.968729629964727224e-01 0.000000000000000000e+00 8.160000000000000853e+01
-5.753450626254697831e+00 -1.276975968070117595e+01 0.000000000000000000e+00 -4.807355967839654909e-03 -1.968729629964727224e-01 0.000000000000000000e+00 8.170000000000000284e+01
-5.753931361851481796e+00 -1.278944697700082145e+01 0.000000000000000000e+00 -4.807355967839654909e-03 -1.968729629964549588e-01 0.000000000000000000e+00 8.180000000000001137e+01
-5.754444488319463424e+00 -1.280926032503429646e+01 0.000000000000000000e+00 -5.131264679816283092e-03 -1.981334803347500895e-01 0.000000000000000000e+00 8.190000000000000568e+01
-5.754993986830431396e+00 -1.282921521785838159e+01 0.000000000000000000e+00 -5.494985109679717539e-03 -1.995489282408513532e-01 0.000000000000000000e+00 8.200000000000000000e+01
-5.755543485341400256e+00 -1.284917011068246495e+01 0.000000000000000000e+00 -5.494985109688599323e-03 -1.995489282408335896e-01 0.000000000000000000e+00 8.210000000000000853e+01
-5.756092983852368228e+00 -1.286912500350654831e+01 0.000000000000000000e+00 -5.494985109679717539e-03 -1.995489282408335896e-01 0.000000000000000000e+00 8.220000000000000284e+01
-5.756642482363336200e+00 -1.288907989633063345e+01 0.000000000000000000e+00 -5.494985109679717539e-03 -1.995489282408513532e-01 0.000000000000000000e+00 8.230000000000001137e+01
-5.757199646196637488e+00 -1.290837711833878387e+01 0.000000000000000000e+00 -5.571638333012884914e-03 -1.929722200815042754e-01 0.000000000000000000e+00 8.240000000000000568e+01
-5.757758840485240448e+00 -1.292750013094816630e+01 0.000000000000000000e+00 -5.591942886029599435e-03 -1.912301260938242820e-01 0.000000000000000000e+00 8.250000000000000000e+01
-5.758318034773844296e+00 -1.294662314355755051e+01 0.000000000000000000e+00 -5.591942886038481220e-03 -1.912301260938420455e-01 0.000000000000000000e+00 8.260000000000000853e+01
-5.758877229062447256e+00 -1.296574615616693293e+01 0.000000000000000000e+00 -5.591942886029599435e-03 -1.912301260938242820e-01 0.000000000000000000e+00 8.270000000000000284e+01
-5.759444984904445342e+00 -1.298470511941647132e+01 0.000000000000000000e+00 -5.677558419980854865e-03 -1.895896324953838530e-01 0.000000000000000000e+00 8.280000000000001137e+01
-5.760032154592308551e+00 -1.300329209071087710e+01 0.000000000000000000e+00 -5.871696878632093330e-03 -1.858697129440578522e-01 0.000000000000000000e+00 8.290000000000000568e+01
-5.760619324280171760e+00 -1.302187906200528289e+01 0.000000000000000000e+00 -5.871696878632093330e-03 -1.858697129440578522e-01 0.000000000000000000e+00 8.300000000000000000e+01
-5.761206493968034970e+00 -1.304046603329968868e+01 0.000000000000000000e+00 -5.871696878632093330e-03 -1.858697129440578522e-01 0.000000000000000000e+00 8.310000000000000853e+01
-5.761793663655898179e+00 -1.305905300459409446e+01 0.000000000000000000e+00 -5.871696878632093330e-03 -1.858697129440578522e-01 0.000000000000000000e+00 8.320000000000000284e+01
-5.762427898932047654e+00 -1.307774879981845473e+01 0.000000000000000000e+00 -6.342352761494751689e-03 -1.869579522436026764e-01 0.000000000000000000e+00 8.330000000000001137e+01
-5.763064896386469904e+00 -1.309645098168549282e+01 0.000000000000000000e+00 -6.369974544222500867e-03 -1.870218186703809238e-01 0.000000000000000000e+00 8.340000000000000568e+01
-5.763701893840891266e+00 -1.311515316355252914e+01 0.000000000000000000e+00 -6.369974544213619083e-03 -1.870218186703631602e-01 0.000000000000000000e+00 8.350000000000000000e+01
-5.764338891295312628e+00 -1.313385534541956723e+01 0.000000000000000000e+00 -6.369974544213619083e-03 -1.870218186703809238e-01 0.000000000000000000e+00 8.360000000000000853e+01
-5.765003223889503481e+00 -1.315260924938628406e+01 0.000000000000000000e+00 -6.643325941908528876e-03 -1.875390396671683391e-01 0.000000000000000000e+00 8.370000000000000284e+01
-5.765689386310373976e+00 -1.317140445859164188e+01 0.000000000000000000e+00 -6.861624208704952821e-03 -1.879520920535782125e-01 0.000000000000000000e+00 8.380000000000001137e+01
-5.766375548731245360e+00 -1.319019966779700148e+01 0.000000000000000000e+00 -6.861624208713834605e-03 -1.879520920535959760e-01 0.000000000000000000e+00 8.390000000000000568e+01
-5.767061711152115855e+00 -1.320899487700236108e+01 0.000000000000000000e+00 -6.861624208704952821e-03 -1.879520920535959760e-01 0.000000000000000000e+00 8.400000000000000000e+01
-5.767753869417790114e+00 -1.322777624531721763e+01 0.000000000000000000e+00 -6.921582656742586437e-03 -1.878136831485655023e-01 0.000000000000000000e+00 8.410000000000000853e+01
-5.768481368904953221e+00 -1.324647603147093200e+01 0.000000000000000000e+00 -7.274994871631079718e-03 -1.869978615371437058e-01 0.000000000000000000e+00 8.420000000000000284e+01
-5.769208868392117218e+00 -1.326517581762464637e+01 0.000000000000000000e+00 -7.274994871639961502e-03 -1.869978615371437058e-01 0.000000000000000000e+00 8.430000000000001137e+01
-5.769936367879280326e+00 -1.328387560377836074e+01 0.000000000000000000e+00 -7.274994871631079718e-03 -1.869978615371437058e-01 0.000000000000000000e+00 8.440000000000000568e+01
-5.770663867366444322e+00 -1.330257538993207511e+01 0.000000000000000000e+00 -7.274994871639961502e-03 -1.869978615371437058e-01 0.000000000000000000e+00 8.450000000000000000e+01
-5.771433167608765125e+00 -1.332146238427692175e+01 0.000000000000000000e+00 -7.693002423208028517e-03 -1.888699434484664152e-01 0.000000000000000000e+00 8.460000000000000853e+01
-5.772215972580617915e+00 -1.334040986068669277e+01 0.000000000000000000e+00 -7.828049718527907430e-03 -1.894747640977101355e-01 0.000000000000000000e+00 8.470000000000000284e+01
-5.772998777552470706e+00 -1.335935733709646556e+01 0.000000000000000000e+00 -7.828049718527907430e-03 -1.894747640977278991e-01 0.000000000000000000e+00 8.480000000000001137e+01
-5.773781582524324385e+00 -1.337830481350623657e+01 0.000000000000000000e+00 -7.828049718536789214e-03 -1.894747640977101355e-01 0.000000000000000000e+00 8.490000000000000568e+01
-5.774572919601432375e+00 -1.339720702536804531e+01 0.000000000000000000e+00 -7.913370771079897281e-03 -1.890221186180873758e-01 0.000000000000000000e+00 8.500000000000000000e+01
-5.775383394348017951e+00 -1.341600770801378673e+01 0.000000000000000000e+00 -8.104747465855766109e-03 -1.880068264574141779e-01 0.000000000000000000e+00 8.510000000000000853e+01
-5.776193869094603528e+00 -1.343480839065952814e+01 0.000000000000000000e+00 -8.104747465855766109e-03 -1.880068264574141779e-01 0.000000000000000000e+00 8.520000000000000284e+01
-5.777004343841189105e+00 -1.345360907330526956e+01 0.000000000000000000e+00 -8.104747465855766109e-03 -1.880068264574141779e-01 0.000000000000000000e+00 8.530000000000001137e+01
-5.777814818587775569e+00 -1.347240975595101098e+01 0.000000000000000000e+00 -8.104747465864647893e-03 -1.880068264574141779e-01 0.000000000000000000e+00 8.540000000000000568e+01
-5.778873997759538028e+00 -1.349175483146501797e+01 0.000000000000000000e+00 -1.059179171762458793e-02 -1.934507551400699299e-01 0.000000000000000000e+00 8.550000000000000000e+01
-5.779961846118562008e+00 -1.351116266139552913e+01 0.000000000000000000e+00 -1.087848359023979583e-02 -1.940782993051115568e-01 0.000000000000000000e+00 8.560000000000000853e+01
-5.781049694477585987e+00 -1.353057049132604028e+01 0.000000000000000000e+00 -1.087848359023979583e-02 -1.940782993051115568e-01 0.000000000000000000e+00 8.570000000000000284e+01
-5.782137542836609967e+00 -1.354997832125654966e+01 0.000000000000000000e+00 -1.087848359023979583e-02 -1.940782993050937932e-01 0.000000000000000000e+00 8.580000000000001137e+01
-5.784828685510292168e+00 -1.356999956085978098e+01 0.000000000000000000e+00 -2.691142673682200837e-02 -2.002123960323132223e-01 0.000000000000000000e+00 8.590000000000000568e+01
-5.790247128827846090e+00 -1.359106424743345798e+01 0.000000000000000000e+00 -5.418443317553922611e-02 -2.106468657367699393e-01 0.000000000000000000e+00 8.600000000000000000e+01
-5.795665572145400901e+00 -1.361212893400713675e+01 0.000000000000000000e+00 -5.418443317554810790e-02 -2.106468657367877029e-01 0.000000000000000000e+00 8.610000000000000853e+01
-5.801084015462954824e+00 -1.363319362058081374e+01 0.000000000000000000e+00 -5.418443317553922611e-02 -2.106468657367699393e-01 0.000000000000000000e+00 8.620000000000000284e+01
-5.806502458780508746e+00 -1.365425830715449251e+01 0.000000000000000000e+00 -5.418443317553922611e-02 -2.106468657367877029e-01 0.000000000000000000e+00 8.630000000000001137e+01
-5.811797225371559961e+00 -1.367479370042856424e+01 0.000000000000000000e+00 -5.294766591051214277e-02 -2.053539327407172266e-01 0.000000000000000000e+00 8.640000000000000568e+01
-5.816671968685600547e+00 -1.369353154041604625e+01 0.000000000000000000e+00 -4.874743314040586029e-02 -1.873783998748201896e-01 0.000000000000000000e+00 8.650000000000000000e+01
-5.821546711999641133e+00 -1.371226938040352650e+01 0.000000000000000000e+00 -4.874743314040586029e-02 -1.873783998748024260e-01 0.000000000000000000e+00 8.660000000000000853e+01
-5.826421455313681719e+00 -1.373100722039100852e+01 0.000000000000000000e+00 -4.874743314040586029e-02 -1.873783998748201896e-01 0.000000000000000000e+00 8.670000000000000284e+01
-5.831296198627722305e+00 -1.374974506037848876e+01 0.000000000000000000e+00 -4.874743314040586029e-02 -1.873783998748024260e-01 0.000000000000000000e+00 8.680000000000001137e+01
-5.836052221604512980e+00 -1.376813519651745921e+01 0.000000000000000000e+00 -4.756022976790674761e-02 -1.839013613897044763e-01 0.000000000000000000e+00 8.690000000000000568e+01
-5.840754731432538982e+00 -1.378636860527338648e+01 0.000000000000000000e+00 -4.702509828026002481e-02 -1.823340875592727173e-01 0.000000000000000000e+00 8.700000000000000000e+01
-5.845457241260564984e+00 -1.380460201402931375e+01 0.000000000000000000e+00 -4.702509828026002481e-02 -1.823340875592727173e-01 0.000000000000000000e+00 8.710000000000000853e+01
-5.850159751088590987e+00 -1.382283542278524280e+01 0.000000000000000000e+00 -4.702509828026002481e-02 -1.823340875592904808e-01 0.000000000000000000e+00 8.720000000000000284e+01
-5.854856817188172968e+00 -1.384111752258818484e+01 0.000000000000000000e+00 -4.697066099581981291e-02 -1.828209980294204229e-01 0.000000000000000000e+00 8.730000000000001137e+01
-5.859539642752558564e+00 -1.385952699585875258e+01 0.000000000000000000e+00 -4.682825564385595385e-02 -1.840947327056774441e-01 0.000000000000000000e+00 8.740000000000000568e+01
-5.864222468316944159e+00 -1.387793646912932033e+01 0.000000000000000000e+00 -4.682825564385595385e-02 -1.840947327056774441e-01 0.000000000000000000e+00 8.750000000000000000e+01
-5.868905293881328866e+00 -1.389634594239988807e+01 0.000000000000000000e+00 -4.682825564384707207e-02 -1.840947327056774441e-01 0.000000000000000000e+00 8.760000000000000853e+01
-5.873588119445714462e+00 -1.391475541567045582e+01 0.000000000000000000e+00 -4.682825564385595385e-02 -1.840947327056774441e-01 0.000000000000000000e+00 8.770000000000000284e+01
-5.878157419760696278e+00 -1.393290336805542928e+01 0.000000000000000000e+00 -4.569300314981816769e-02 -1.814795238497346475e-01 0.000000000000000000e+00 8.780000000000001137e+01
-5.882702833033913059e+00 -1.395099629338387537e+01 0.000000000000000000e+00 -4.545413273216780681e-02 -1.809292532844608559e-01 0.000000000000000000e+00 8.790000000000000568e+01
-5.887248246307130728e+00 -1.396908921871232145e+01 0.000000000000000000e+00 -4.545413273217668859e-02 -1.809292532844608559e-01 0.000000000000000000e+00 8.800000000000000000e+01
-5.891793659580348397e+00 -1.398718214404076576e+01 0.000000000000000000e+00 -4.545413273217668859e-02 -1.809292532844430923e-01 0.000000000000000000e+00 8.810000000000000853e+01
-5.896422288217366692e+00 -1.400574867026542769e+01 0.000000000000000000e+00 -4.628628637018294967e-02 -1.856652622466192781e-01 0.000000000000000000e+00 8.820000000000000284e+01
-5.901150198370271660e+00 -1.402488023415565443e+01 0.000000000000000000e+00 -4.727910152904968299e-02 -1.913156389022674375e-01 0.000000000000000000e+00 8.830000000000001137e+01
-5.905878108523175740e+00 -1.404401179804588118e+01 0.000000000000000000e+00 -4.727910152904080121e-02 -1.913156389022674375e-01 0.000000000000000000e+00 8.840000000000000568e+01
-5.910606018676080708e+00 -1.406314336193610792e+01 0.000000000000000000e+00 -4.727910152904968299e-02 -1.913156389022674375e-01 0.000000000000000000e+00 8.850000000000000000e+01
-5.915333928828985677e+00 -1.408227492582633467e+01 0.000000000000000000e+00 -4.727910152904968299e-02 -1.913156389022674375e-01 0.000000000000000000e+00 8.860000000000000853e+01
-5.920001761201405088e+00 -1.410153239603499919e+01 0.000000000000000000e+00 -4.667832372419411513e-02 -1.925747020866452885e-01 0.000000000000000000e+00 8.870000000000000284e+01
-5.924658100637743452e+00 -1.412081395224115354e+01 0.000000000000000000e+00 -4.656339436338363669e-02 -1.928155620615434884e-01 0.000000000000000000e+00 8.880000000000001137e+01
-5.929314440074081816e+00 -1.414009550844730967e+01 0.000000000000000000e+00 -4.656339436338363669e-02 -1.928155620615612520e-01 0.000000000000000000e+00 8.890000000000000568e+01
-5.933970779510420179e+00 -1.415937706465346402e+01 0.000000000000000000e+00 -4.656339436338363669e-02 -1.928155620615434884e-01 0.000000000000000000e+00 8.900000000000000000e+01
-5.938807572722739181e+00 -1.417960100211535845e+01 0.000000000000000000e+00 -4.836793212319001611e-02 -2.022393746189443675e-01 0.000000000000000000e+00 8.910000000000000853e+01
-5.944026291662432016e+00 -1.420181946501516634e+01 0.000000000000000000e+00 -5.218718939692834624e-02 -2.221846289980788924e-01 0.000000000000000000e+00 8.920000000000000284e+01
-5.949245010602124850e+00 -1.422403792791497423e+01 0.000000000000000000e+00 -5.218718939692834624e-02 -2.221846289980788924e-01 0.000000000000000000e+00 8.930000000000001137e+01
-5.954463729541817685e+00 -1.424625639081478212e+01 0.000000000000000000e+00 -5.218718939692834624e-02 -2.221846289980788924e-01 0.000000000000000000e+00 8.940000000000000568e+01
-5.959682448481510519e+00 -1.426847485371458824e+01 0.000000000000000000e+00 -5.218718939692834624e-02 -2.221846289980611289e-01 0.000000000000000000e+00 8.950000000000000000e+01
-5.964901167421203354e+00 -1.429069331661439612e+01 0.000000000000000000e+00 -5.218718939692834624e-02 -2.221846289980788924e-01 0.000000000000000000e+00 8.960000000000000853e+01
-5.969723123181212010e+00 -1.431143034989177742e+01 0.000000000000000000e+00 -4.821955760008656000e-02 -2.073703327738130042e-01 0.000000000000000000e+00 8.970000000000000284e+01
-5.974469103593977870e+00 -1.433188370732486838e+01 0.000000000000000000e+00 -4.745980412765860024e-02 -2.045335743309095733e-01 0.000000000000000000e+00 8.980000000000001137e+01
-5.979215084006743730e+00 -1.435233706475796112e+01 0.000000000000000000e+00 -4.745980412765860024e-02 -2.045335743309273369e-01 0.000000000000000000e+00 8.990000000000000568e+01
-5.983961064419510478e+00 -1.437279042219105385e+01 0.000000000000000000e+00 -4.745980412766748202e-02 -2.045335743309273369e-01 0.000000000000000000e+00 9.000000000000000000e+01
-5.988707044832276338e+00 -1.439324377962414481e+01 0.000000000000000000e+00 -4.745980412765860024e-02 -2.045335743309095733e-01 0.000000000000000000e+00 9.010000000000000853e+01
-5.993064616716307746e+00 -1.441189914471110534e+01 0.000000000000000000e+00 -4.357571884031408160e-02 -1.865536508696052920e-01 0.000000000000000000e+00 9.020000000000000284e+01
-5.997387323014491400e+00 -1.443039311257874502e+01 0.000000000000000000e+00 -4.322706298183653928e-02 -1.849396786763968237e-01 0.000000000000000000e+00 9.030000000000001137e+01
-6.001710029312675054e+00 -1.444888708044638470e+01 0.000000000000000000e+00 -4.322706298183653928e-02 -1.849396786763968237e-01 0.000000000000000000e+00 9.040000000000000568e+01
-6.006032735610858708e+00 -1.446738104831402616e+01 0.000000000000000000e+00 -4.322706298183653928e-02 -1.849396786764145872e-01 0.000000000000000000e+00 9.050000000000000000e+01
-6.010344641998161208e+00 -1.448600904401687828e+01 0.000000000000000000e+00 -4.311906387302499866e-02 -1.862799570285211814e-01 0.000000000000000000e+00 9.060000000000000853e+01
-6.014644269897349460e+00 -1.450478941682724709e+01 0.000000000000000000e+00 -4.299627899188251945e-02 -1.878037281036881723e-01 0.000000000000000000e+00 9.070000000000000284e+01
-6.018943897796538600e+00 -1.452356978963761591e+01 0.000000000000000000e+00 -4.299627899189140123e-02 -1.878037281036881723e-01 0.000000000000000000e+00 9.080000000000001137e+01
-6.023243525695727740e+00 -1.454235016244798473e+01 0.000000000000000000e+00 -4.299627899189140123e-02 -1.878037281036881723e-01 0.000000000000000000e+00 9.090000000000000568e+01
-6.027543153594916880e+00 -1.456113053525835177e+01 0.000000000000000000e+00 -4.299627899189140123e-02 -1.878037281036704087e-01 0.000000000000000000e+00 9.100000000000000000e+01
-6.031918382360738740e+00 -1.458043749867131744e+01 0.000000000000000000e+00 -4.375228765821859156e-02 -1.930696341296567198e-01 0.000000000000000000e+00 9.110000000000000853e+01
-6.036297338864683226e+00 -1.459977042728748486e+01 0.000000000000000000e+00 -4.378956503944486656e-02 -1.933292861616742186e-01 0.000000000000000000e+00 9.120000000000000284e+01
-6.040676295368628601e+00 -1.461910335590365051e+01 0.000000000000000000e+00 -4.378956503945374834e-02 -1.933292861616564551e-01 0.000000000000000000e+00 9.130000000000001137e+01
-6.045055251872573088e+00 -1.463843628451981616e+01 0.000000000000000000e+00 -4.378956503944486656e-02 -1.933292861616564551e-01 0.000000000000000000e+00 9.140000000000000568e+01
-6.049400587175631117e+00 -1.465759041464012746e+01 0.000000000000000000e+00 -4.345335303058028842e-02 -1.915413012031130791e-01 0.000000000000000000e+00 9.150000000000000000e+01
-6.053671701861537358e+00 -1.467634983742227561e+01 0.000000000000000000e+00 -4.271114685906240993e-02 -1.875942278214814962e-01 0.000000000000000000e+00 9.160000000000000853e+01
-6.057942816547444487e+00 -1.469510926020442376e+01 0.000000000000000000e+00 -4.271114685907129171e-02 -1.875942278214814962e-01 0.000000000000000000e+00 9.170000000000000284e+01
-6.062213931233351616e+00 -1.471386868298657191e+01 0.000000000000000000e+00 -4.271114685907129171e-02 -1.875942278214814962e-01 0.000000000000000000e+00 9.180000000000001137e+01
-6.066485045919258745e+00 -1.473262810576871829e+01 0.000000000000000000e+00 -4.271114685907129171e-02 -1.875942278214637327e-01 0.000000000000000000e+00 9.190000000000000568e+01
-6.070919030200553124e+00 -1.475233102518891570e+01 0.000000000000000000e+00 -4.433984281294378604e-02 -1.970291942019741782e-01 0.000000000000000000e+00 9.200000000000000000e+01
-6.075388814713814867e+00 -1.477224133383004734e+01 0.000000000000000000e+00 -4.469784513261743086e-02 -1.991030864113163545e-01 0.000000000000000000e+00 9.210000000000000853e+01
-6.079858599227076610e+00 -1.479215164247117897e+01 0.000000000000000000e+00 -4.469784513261743086e-02 -1.991030864113163545e-01 0.000000000000000000e+00 9.220000000000000284e+01
-6.084328383740338353e+00 -1.481206195111231061e+01 0.000000000000000000e+00 -4.469784513261743086e-02 -1.991030864113163545e-01 0.000000000000000000e+00 9.230000000000001137e+01
-6.088733627789613578e+00 -1.483187214901419892e+01 0.000000000000000000e+00 -4.405244049275225393e-02 -1.981019790188831564e-01 0.000000000000000000e+00 9.240000000000000568e+01
-6.091592746801909541e+00 -1.484928410384721431e+01 0.000000000000000000e+00 -2.859119012295963103e-02 -1.741195483301538616e-01 0.000000000000000000e+00 9.250000000000000000e+01
-6.094451865814205505e+00 -1.486669605868022970e+01 0.000000000000000000e+00 -2.859119012295963103e-02 -1.741195483301538616e-01 0.000000000000000000e+00 9.260000000000000853e+01
-6.097310984826501468e+00 -1.488410801351324508e+01 0.000000000000000000e+00 -2.859119012295963103e-02 -1.741195483301538616e-01 0.000000000000000000e+00 9.270000000000000284e+01
-6.100170103838798319e+00 -1.490151996834626047e+01 0.000000000000000000e+00 -2.859119012296851281e-02 -1.741195483301538616e-01 0.000000000000000000e+00 9.280000000000001137e+01
-6.097500123246133441e+00 -1.492047863118318851e+01 0.000000000000000000e+00 2.669980592664877861e-02 -1.895866283692804188e-01 0.000000000000000000e+00 9.290000000000000568e+01
-6.094317893670028852e+00 -1.493958059033584362e+01 0.000000000000000000e+00 3.182229576104589341e-02 -1.910195915265511246e-01 0.000000000000000000e+00 9.300000000000000000e+01
-6.091135664093923374e+00 -1.495868254948849874e+01 0.000000000000000000e+00 3.182229576105477520e-02 -1.910195915265511246e-01 0.000000000000000000e+00 9.310000000000000853e+01
-6.087953434517818785e+00 -1.497778450864115563e+01 0.000000000000000000e+00 3.182229576104589341e-02 -1.910195915265688882e-01 0.000000000000000000e+00 9.320000000000000284e+01
-6.084466271744446431e+00 -1.499695868580837121e+01 0.000000000000000000e+00 3.487162773372354252e-02 -1.917417716721558918e-01 0.000000000000000000e+00 9.330000000000001137e+01
-6.080319784174723630e+00 -1.501628901234918700e+01 0.000000000000000000e+00 4.146487569722800970e-02 -1.933032654081578983e-01 0.000000000000000000e+00 9.340000000000000568e+01
-6.076173296604999940e+00 -1.503561933889000279e+01 0.000000000000000000e+00 4.146487569723689148e-02 -1.933032654081578983e-01 0.000000000000000000e+00 9.350000000000000000e+01
-6.072026809035276251e+00 -1.505494966543082036e+01 0.000000000000000000e+00 4.146487569723689148e-02 -1.933032654081756618e-01 0.000000000000000000e+00 9.360000000000000853e+01
-6.067880321465553450e+00 -1.507427999197163615e+01 0.000000000000000000e+00 4.146487569722800970e-02 -1.933032654081578983e-01 0.000000000000000000e+00 9.370000000000000284e+01
-6.063775327779977076e+00 -1.509356795273802732e+01 0.000000000000000000e+00 4.104993685576374673e-02 -1.928796076639116563e-01 0.000000000000000000e+00 9.380000000000001137e+01
-6.059693645253668493e+00 -1.511283211251939740e+01 0.000000000000000000e+00 4.081682526308583192e-02 -1.926415978137008267e-01 0.000000000000000000e+00 9.390000000000000568e+01
-6.055611962727360797e+00 -1.513209627230076570e+01 0.000000000000000000e+00 4.081682526307695014e-02 -1.926415978136830631e-01 0.000000000000000000e+00 9.400000000000000000e+01
-6.051530280201052214e+00 -1.515136043208213401e+01 0.000000000000000000e+00 4.081682526308583192e-02 -1.926415978136830631e-01 0.000000000000000000e+00 9.410000000000000853e+01
-6.047449466865634449e+00 -1.517062076378540070e+01 0.000000000000000000e+00 4.080813335417765586e-02 -1.926033170326668653e-01 0.000000000000000000e+00 9.420000000000000284e+01
-6.043726545451771237e+00 -1.518830487300078325e+01 0.000000000000000000e+00 3.722921413863211626e-02 -1.768410921538254854e-01 0.000000000000000000e+00 9.430000000000001137e+01
-6.040003624037908025e+00 -1.520598898221616579e+01 0.000000000000000000e+00 3.722921413863211626e-02 -1.768410921538254854e-01 0.000000000000000000e+00 9.440000000000000568e+01
-6.036280702624045702e+00 -1.522367309143154834e+01 0.000000000000000000e+00 3.722921413862323448e-02 -1.768410921538254854e-01 0.000000000000000000e+00 9.450000000000000000e+01
-6.032557781210182490e+00 -1.524135720064693089e+01 0.000000000000000000e+00 3.722921413863211626e-02 -1.768410921538254854e-01 0.000000000000000000e+00 9.460000000000000853e+01
-6.028782974261392091e+00 -1.525934745808990378e+01 0.000000000000000000e+00 3.774806948790399019e-02 -1.799025744297289009e-01 0.000000000000000000e+00 9.470000000000000284e+01
-6.024991351775939030e+00 -1.527743693483845888e+01 0.000000000000000000e+00 3.791622485453061131e-02 -1.808947674855510002e-01 0.000000000000000000e+00 9.480000000000001137e+01
-6.021199729290485081e+00 -1.529552641158701576e+01 0.000000000000000000e+00 3.791622485453949309e-02 -1.808947674855687637e-01 0.000000000000000000e+00 9.490000000000000568e+01
-6.017408106805032020e+00 -1.531361588833557086e+01 0.000000000000000000e+00 3.791622485453061131e-02 -1.808947674855510002e-01 0.000000000000000000e+00 9.500000000000000000e+01
-6.013625500300218363e+00 -1.533168112365881264e+01 0.000000000000000000e+00 3.782606504813657011e-02 -1.806523532324177950e-01 0.000000000000000000e+00 9.510000000000000853e+01
-6.009855521569662962e+00 -1.534971240646387081e+01 0.000000000000000000e+00 3.769978730555401114e-02 -1.803128280505816861e-01 0.000000000000000000e+00 9.520000000000000284e+01
-6.006085542839108449e+00 -1.536774368926892897e+01 0.000000000000000000e+00 3.769978730554512936e-02 -1.803128280505816861e-01 0.000000000000000000e+00 9.530000000000001137e+01
-6.002315564108553936e+00 -1.538577497207398714e+01 0.000000000000000000e+00 3.769978730554512936e-02 -1.803128280505816861e-01 0.000000000000000000e+00 9.540000000000000568e+01
-5.998545294822593021e+00 -1.540381151467629728e+01 0.000000000000000000e+00 3.770269285960914374e-02 -1.803654260231013495e-01 0.000000000000000000e+00 9.550000000000000000e+01
-5.994772251269806951e+00 -1.542189827861589180e+01 0.000000000000000000e+00 3.773043552786070620e-02 -1.808676393959451900e-01 0.000000000000000000e+00 9.560000000000000853e+01
-5.990999207717020880e+00 -1.543998504255548632e+01 0.000000000000000000e+00 3.773043552786070620e-02 -1.808676393959451900e-01 0.000000000000000000e+00 9.570000000000000284e+01
-5.987226164164233921e+00 -1.545807180649508084e+01 0.000000000000000000e+00 3.773043552786958799e-02 -1.808676393959451900e-01 0.000000000000000000e+00 9.580000000000001137e+01
-5.983453120611447851e+00 -1.547615857043467535e+01 0.000000000000000000e+00 3.773043552786070620e-02 -1.808676393959451900e-01 0.000000000000000000e+00 9.590000000000000568e+01
-5.979710262880175264e+00 -1.549411703256877892e+01 0.000000000000000000e+00 3.742857731272586364e-02 -1.795846213410356995e-01 0.000000000000000000e+00 9.600000000000000000e+01
-5.975976867399141135e+00 -1.551203527635768964e+01 0.000000000000000000e+00 3.733395481034129659e-02 -1.791824378891071490e-01 0.000000000000000000e+00 9.610000000000000853e+01
-5.972243471918107005e+00 -1.552995352014659858e+01 0.000000000000000000e+00 3.733395481034129659e-02 -1.791824378890893854e-01 0.000000000000000000e+00 9.620000000000000284e+01
-5.968510076437073764e+00 -1.554787176393550752e+01 0.000000000000000000e+00 3.733395481033241481e-02 -1.791824378890893854e-01 0.000000000000000000e+00 9.630000000000001137e+01
-5.964763107763109140e+00 -1.556585875092984672e+01 0.000000000000000000e+00 3.746968673964623520e-02 -1.798698699433920467e-01 0.000000000000000000e+00 9.640000000000000568e+01
-5.961000767319427851e+00 -1.558392359025627272e+01 0.000000000000000000e+00 3.762340443681289059e-02 -1.806483932642599655e-01 0.000000000000000000e+00 9.650000000000000000e+01
-5.957238426875746562e+00 -1.560198842958269871e+01 0.000000000000000000e+00 3.762340443681289059e-02 -1.806483932642599655e-01 0.000000000000000000e+00 9.660000000000000853e+01
-5.953476086432066161e+00 -1.562005326890912649e+01 0.000000000000000000e+00 3.762340443680400881e-02 -1.806483932642777290e-01 0.000000000000000000e+00 9.670000000000000284e+01
-5.949721574376476418e+00 -1.563808183308247202e+01 0.000000000000000000e+00 3.754512055589742658e-02 -1.802856417334552930e-01 0.000000000000000000e+00 9.680000000000001137e+01
-5.946014517057619742e+00 -1.565589050168866336e+01 0.000000000000000000e+00 3.707057318856676886e-02 -1.780866860619134684e-01 0.000000000000000000e+00 9.690000000000000568e+01
-5.942307459738763953e+00 -1.567369917029485471e+01 0.000000000000000000e+00 3.707057318855788708e-02 -1.780866860619134684e-01 0.000000000000000000e+00 9.700000000000000000e+01
-5.938600402419907276e+00 -1.569150783890104606e+01 0.000000000000000000e+00 3.707057318856676886e-02 -1.780866860619134684e-01 0.000000000000000000e+00 9.710000000000000853e+01
-5.934893345101050599e+00 -1.570931650750723740e+01 0.000000000000000000e+00 3.707057318856676886e-02 -1.780866860619134684e-01 0.000000000000000000e+00 9.720000000000000284e+01
-5.931146076543404533e+00 -1.572730699661594578e+01 0.000000000000000000e+00 3.747268557646066256e-02 -1.799048910870837403e-01 0.000000000000000000e+00 9.730000000000001137e+01
-5.927393101538923403e+00 -1.574532328818840377e+01 0.000000000000000000e+00 3.752975004481129417e-02 -1.801629157245798751e-01 0.000000000000000000e+00 9.740000000000000568e+01
-5.923640126534442274e+00 -1.576333957976086175e+01 0.000000000000000000e+00 3.752975004481129417e-02 -1.801629157245798751e-01 0.000000000000000000e+00 9.750000000000000000e+01
-5.919887151529961145e+00 -1.578135587133331974e+01 0.000000000000000000e+00 3.752975004481129417e-02 -1.801629157245798751e-01 0.000000000000000000e+00 9.760000000000000853e+01
-5.916181085552146612e+00 -1.579915024481561758e+01 0.000000000000000000e+00 3.706065977814532175e-02 -1.779437348229784277e-01 0.000000000000000000e+00 9.770000000000000284e+01
-5.912511887368493646e+00 -1.581677020345603601e+01 0.000000000000000000e+00 3.669198183652966350e-02 -1.761995864041843163e-01 0.000000000000000000e+00 9.780000000000001137e+01
-5.908842689184841568e+00 -1.583439016209645267e+01 0.000000000000000000e+00 3.669198183652078171e-02 -1.761995864041665527e-01 0.000000000000000000e+00 9.790000000000000568e+01
-5.905173491001189490e+00 -1.585201012073687110e+01 0.000000000000000000e+00 3.669198183652078171e-02 -1.761995864041843163e-01 0.000000000000000000e+00 9.800000000000000000e+01
-5.901479964437874592e+00 -1.586973791836672376e+01 0.000000000000000000e+00 3.693526563314897260e-02 -1.772779762985265961e-01 0.000000000000000000e+00 9.810000000000000853e+01
-5.897739032312264484e+00 -1.588767584786737075e+01 0.000000000000000000e+00 3.740932125610108017e-02 -1.793792950064698744e-01 0.000000000000000000e+00 9.820000000000000284e+01
-5.893998100186654376e+00 -1.590561377736801774e+01 0.000000000000000000e+00 3.740932125610108017e-02 -1.793792950064698744e-01 0.000000000000000000e+00 9.830000000000001137e+01
-5.890257168061044268e+00 -1.592355170686866472e+01 0.000000000000000000e+00 3.740932125610108017e-02 -1.793792950064698744e-01 0.000000000000000000e+00 9.840000000000000568e+01
-5.886520150747502456e+00 -1.594147102777283820e+01 0.000000000000000000e+00 3.737017313541812769e-02 -1.791932090417347467e-01 0.000000000000000000e+00 9.850000000000000000e+01
-5.882872360681053792e+00 -1.595896621750380362e+01 0.000000000000000000e+00 3.647790066448663993e-02 -1.749518973096542140e-01 0.000000000000000000e+00 9.860000000000000853e+01
-5.879224570614605128e+00 -1.597646140723476726e+01 0.000000000000000000e+00 3.647790066448663993e-02 -1.749518973096364505e-01 0.000000000000000000e+00 9.870000000000000284e+01
-5.875576780548156464e+00 -1.599395659696573269e+01 0.000000000000000000e+00 3.647790066448663993e-02 -1.749518973096542140e-01 0.000000000000000000e+00 9.880000000000001137e+01
-5.871928990481707800e+00 -1.601145178669669633e+01 0.000000000000000000e+00 3.647790066448663993e-02 -1.749518973096364505e-01 0.000000000000000000e+00 9.890000000000000568e+01
-5.868202622195786589e+00 -1.602931057771790080e+01 0.000000000000000000e+00 3.726368285921211054e-02 -1.785879102120446760e-01 0.000000000000000000e+00 9.900000000000000000e+01
-5.864462532565942965e+00 -1.604723286086691303e+01 0.000000000000000000e+00 3.740089629843623698e-02 -1.792228314901223030e-01 0.000000000000000000e+00 9.910000000000000853e+01
-5.860722442936099341e+00 -1.606515514401592881e+01 0.000000000000000000e+00 3.740089629843623698e-02 -1.792228314901578301e-01 0.000000000000000000e+00 9.920000000000000284e+01
-5.856982353306256606e+00 -1.608307742716494460e+01 0.000000000000000000e+00 3.740089629842735519e-02 -1.792228314901578301e-01 0.000000000000000000e+00 9.930000000000001137e+01
-5.853340059828516573e+00 -1.610049323210873595e+01 0.000000000000000000e+00 3.642293477740032870e-02 -1.741580494379135757e-01 0.000000000000000000e+00 9.940000000000000568e+01
-5.849774954747287481e+00 -1.611750928471372646e+01 0.000000000000000000e+00 3.565105081229091866e-02 -1.701605260499050587e-01 0.000000000000000000e+00 9.950000000000000000e+01
-5.846209849666059277e+00 -1.613452533731871341e+01 0.000000000000000000e+00 3.565105081228203687e-02 -1.701605260498695316e-01 0.000000000000000000e+00 9.960000000000000853e+01
-5.842644744584831074e+00 -1.615154138992370392e+01 0.000000000000000000e+00 3.565105081228203687e-02 -1.701605260499050587e-01 0.000000000000000000e+00 9.970000000000000284e+01
-5.838386292148535439e+00 -1.616946511721871360e+01 0.000000000000000000e+00 4.258452436295634413e-02 -1.792372729500968376e-01 0.000000000000000000e+00 9.980000000000001137e+01
-5.833389781198643931e+00 -1.618835505146273235e+01 0.000000000000000000e+00 4.996510949891508346e-02 -1.888993424401874677e-01 0.000000000000000000e+00 9.990000000000000568e+01
-5.828393270248752422e+00 -1.620724498570675109e+01 0.000000000000000000e+00 4.996510949891508346e-02 -1.888993424401874677e-01 0.000000000000000000e+00 1.000000000000000000e+02
-5.823396759298860914e+00 -1.622613491995076984e+01 0.000000000000000000e+00 4.996510949891508346e-02 -1.888993424401874677e-01 0.000000000000000000e+00 1.001000000000000085e+02
-5.818400248348969406e+00 -1.624502485419478859e+01 0.000000000000000000e+00 4.996510949891508346e-02 -1.888993424401874677e-01 0.000000000000000000e+00 1.002000000000000028e+02
-5.813656765849267494e+00 -1.626320742215259685e+01 0.000000000000000000e+00 4.743482499701912047e-02 -1.818256795780825996e-01 0.000000000000000000e+00 1.003000000000000114e+02
-5.808940208028172236e+00 -1.628131471948412212e+01 0.000000000000000000e+00 4.716557821095257452e-02 -1.810729733152527388e-01 0.000000000000000000e+00 1.004000000000000057e+02
-5.804223650207076979e+00 -1.629942201681564740e+01 0.000000000000000000e+00 4.716557821095257452e-02 -1.810729733152527388e-01 0.000000000000000000e+00 1.005000000000000000e+02
-5.799507092385980833e+00 -1.631752931414717622e+01 0.000000000000000000e+00 4.716557821096145631e-02 -1.810729733152882659e-01 0.000000000000000000e+00 1.006000000000000085e+02
-5.794772886263303668e+00 -1.633582842116742029e+01 0.000000000000000000e+00 4.734206122677164785e-02 -1.829910702024406532e-01 0.000000000000000000e+00 1.007000000000000028e+02
-5.790022346086831639e+00 -1.635430505403960666e+01 0.000000000000000000e+00 4.750540176472028975e-02 -1.847663287218637151e-01 0.000000000000000000e+00 1.008000000000000114e+02
-5.785271805910359610e+00 -1.637278168691179303e+01 0.000000000000000000e+00 4.750540176472028975e-02 -1.847663287218637151e-01 0.000000000000000000e+00 1.009000000000000057e+02
-5.780521265733888470e+00 -1.639125831978397940e+01 0.000000000000000000e+00 4.750540176471140796e-02 -1.847663287218637151e-01 0.000000000000000000e+00 1.010000000000000000e+02
-5.775764856072539644e+00 -1.640977309601513312e+01 0.000000000000000000e+00 4.756409661348826035e-02 -1.851477623115371784e-01 0.000000000000000000e+00 1.011000000000000085e+02
-5.770896493037732888e+00 -1.642901541099996976e+01 0.000000000000000000e+00 4.868363034806755252e-02 -1.924231498483663927e-01 0.000000000000000000e+00 1.012000000000000028e+02
-5.766028130002926133e+00 -1.644825772598480640e+01 0.000000000000000000e+00 4.868363034806755252e-02 -1.924231498483663927e-01 0.000000000000000000e+00 1.013000000000000114e+02
-5.761159766968118490e+00 -1.646750004096964304e+01 0.000000000000000000e+00 4.868363034807643430e-02 -1.924231498483663927e-01 0.000000000000000000e+00 1.014000000000000057e+02
-5.756291403933311734e+00 -1.648674235595447968e+01 0.000000000000000000e+00 4.868363034806755252e-02 -1.924231498483663927e-01 0.000000000000000000e+00 1.015000000000000000e+02
-5.751519602095755523e+00 -1.650567423401181699e+01 0.000000000000000000e+00 4.771801837556211012e-02 -1.893187805733731466e-01 0.000000000000000000e+00 1.016000000000000085e+02
-5.746892723832930372e+00 -1.652414019376508492e+01 0.000000000000000000e+00 4.626878262825151467e-02 -1.846595975326792427e-01 0.000000000000000000e+00 1.017000000000000028e+02
-5.742265845570106109e+00 -1.654260615351835284e+01 0.000000000000000000e+00 4.626878262824263288e-02 -1.846595975326792427e-01 0.000000000000000000e+00 1.018000000000000114e+02
-5.737638967307280957e+00 -1.656107211327162076e+01 0.000000000000000000e+00 4.626878262825151467e-02 -1.846595975326792427e-01 0.000000000000000000e+00 1.019000000000000057e+02
-5.733012089044455806e+00 -1.657953807302488869e+01 0.000000000000000000e+00 4.626878262825151467e-02 -1.846595975326792427e-01 0.000000000000000000e+00 1.020000000000000000e+02
-5.728365808059649567e+00 -1.659837434947223400e+01 0.000000000000000000e+00 4.646280984806239189e-02 -1.883627644734531259e-01 0.000000000000000000e+00 1.021000000000000085e+02
-5.723718298064762067e+00 -1.661723408257430989e+01 0.000000000000000000e+00 4.647509994887499829e-02 -1.885973310207589293e-01 0.000000000000000000e+00 1.022000000000000028e+02
-5.719070788069874567e+00 -1.663609381567638223e+01 0.000000000000000000e+00 4.647509994887499829e-02 -1.885973310207234022e-01 0.000000000000000000e+00 1.023000000000000114e+02
-5.714423278074987067e+00 -1.665495354877845813e+01 0.000000000000000000e+00 4.647509994887499829e-02 -1.885973310207589293e-01 0.000000000000000000e+00 1.024000000000000057e+02
-5.709846279429989124e+00 -1.667357543836694944e+01 0.000000000000000000e+00 4.576998644997942733e-02 -1.862188958849131382e-01 0.000000000000000000e+00 1.025000000000000000e+02
-5.705379600643322391e+00 -1.669182520541396286e+01 0.000000000000000000e+00 4.466678786666733458e-02 -1.824976704701342101e-01 0.000000000000000000e+00 1.026000000000000085e+02
-5.700912921856656546e+00 -1.671007497246097628e+01 0.000000000000000000e+00 4.466678786665845280e-02 -1.824976704701342101e-01 0.000000000000000000e+00 1.027000000000000028e+02
-5.696446243069989812e+00 -1.672832473950798970e+01 0.000000000000000000e+00 4.466678786666733458e-02 -1.824976704701342101e-01 0.000000000000000000e+00 1.028000000000000114e+02
-5.691979564283323967e+00 -1.674657450655500313e+01 0.000000000000000000e+00 4.466678786665845280e-02 -1.824976704701342101e-01 0.000000000000000000e+00 1.029000000000000057e+02
-5.687488911492349253e+00 -1.676526879449372132e+01 0.000000000000000000e+00 4.490652790974714037e-02 -1.869428793871819039e-01 0.000000000000000000e+00 1.030000000000000000e+02
-5.682997990501014840e+00 -1.678396805534649872e+01 0.000000000000000000e+00 4.490920991334412804e-02 -1.869926085277739958e-01 0.000000000000000000e+00 1.031000000000000085e+02
-5.678507069509681315e+00 -1.680266731619927612e+01 0.000000000000000000e+00 4.490920991333524626e-02 -1.869926085277739958e-01 0.000000000000000000e+00 1.032000000000000028e+02
-5.674016148518346903e+00 -1.682136657705205351e+01 0.000000000000000000e+00 4.490920991334412804e-02 -1.869926085277739958e-01 0.000000000000000000e+00 1.033000000000000114e+02
-5.669601886680254665e+00 -1.683982748428552156e+01 0.000000000000000000e+00 4.414261838092237156e-02 -1.846090723346804907e-01 0.000000000000000000e+00 1.034000000000000057e+02
-5.665269628797424240e+00 -1.685803341949402778e+01 0.000000000000000000e+00 4.332257882830425899e-02 -1.820593520850621871e-01 0.000000000000000000e+00 1.035000000000000000e+02
-5.660937370914592925e+00 -1.687623935470253045e+01 0.000000000000000000e+00 4.332257882831314078e-02 -1.820593520850266600e-01 0.000000000000000000e+00 1.036000000000000085e+02
-5.656605113031762500e+00 -1.689444528991103667e+01 0.000000000000000000e+00 4.332257882830425899e-02 -1.820593520850621871e-01 0.000000000000000000e+00 1.037000000000000028e+02
-5.652279299562062320e+00 -1.691264543241484475e+01 0.000000000000000000e+00 4.325813469700179326e-02 -1.820014250380808107e-01 0.000000000000000000e+00 1.038000000000000114e+02
-5.648012712479681952e+00 -1.693079233795740635e+01 0.000000000000000000e+00 4.266587082380368656e-02 -1.814690554256159771e-01 0.000000000000000000e+00 1.039000000000000057e+02
-5.643746125397301583e+00 -1.694893924349996794e+01 0.000000000000000000e+00 4.266587082380368656e-02 -1.814690554256159771e-01 0.000000000000000000e+00 1.040000000000000000e+02
-5.639479538314922102e+00 -1.696708614904252954e+01 0.000000000000000000e+00 4.266587082379480478e-02 -1.814690554256159771e-01 0.000000000000000000e+00 1.041000000000000085e+02
-5.635212951232541734e+00 -1.698523305458509114e+01 0.000000000000000000e+00 4.266587082380368656e-02 -1.814690554256159771e-01 0.000000000000000000e+00 1.042000000000000028e+02
-5.630913513819572280e+00 -1.700377055380843672e+01 0.000000000000000000e+00 4.299437412969453476e-02 -1.853749922334557709e-01 0.000000000000000000e+00 1.043000000000000114e+02
-5.626601899813529428e+00 -1.702245283392812425e+01 0.000000000000000000e+00 4.311614006042852054e-02 -1.868228011968753322e-01 0.000000000000000000e+00 1.044000000000000057e+02
-5.622290285807487464e+00 -1.704113511404780823e+01 0.000000000000000000e+00 4.311614006041963876e-02 -1.868228011968398050e-01 0.000000000000000000e+00 1.045000000000000000e+02
-5.617978671801444612e+00 -1.705981739416749576e+01 0.000000000000000000e+00 4.311614006042852054e-02 -1.868228011968753322e-01 0.000000000000000000e+00 1.046000000000000085e+02
-5.613706088452339316e+00 -1.707833519846988324e+01 0.000000000000000000e+00 4.272583349105296691e-02 -1.851780430238747499e-01 0.000000000000000000e+00 1.047000000000000028e+02
-5.609560753264804411e+00 -1.709631677696885177e+01 0.000000000000000000e+00 4.145335187534904264e-02 -1.798157849896853122e-01 0.000000000000000000e+00 1.048000000000000114e+02
-5.605415418077270395e+00 -1.711429835546782030e+01 0.000000000000000000e+00 4.145335187534016086e-02 -1.798157849896853122e-01 0.000000000000000000e+00 1.049000000000000057e+02
-5.601270082889735491e+00 -1.713227993396678883e+01 0.000000000000000000e+00 4.145335187534904264e-02 -1.798157849896853122e-01 0.000000000000000000e+00 1.050000000000000000e+02
-5.597124747702200587e+00 -1.715026151246575736e+01 0.000000000000000000e+00 4.145335187534904264e-02 -1.798157849896853122e-01 0.000000000000000000e+00 1.051000000000000085e+02
-5.592947198628867689e+00 -1.716875904232241012e+01 0.000000000000000000e+00 4.177549073332897933e-02 -1.849752985665276128e-01 0.000000000000000000e+00 1.052000000000000028e+02
-5.588766443813743656e+00 -1.718730791670916602e+01 0.000000000000000000e+00 4.180754815124032575e-02 -1.854887438675589806e-01 0.000000000000000000e+00 1.053000000000000114e+02
-5.584585688998620512e+00 -1.720585679109591837e+01 0.000000000000000000e+00 4.180754815123144397e-02 -1.854887438675234534e-01 0.000000000000000000e+00 1.054000000000000057e+02
-5.580404934183497367e+00 -1.722440566548267071e+01 0.000000000000000000e+00 4.180754815123144397e-02 -1.854887438675234534e-01 0.000000000000000000e+00 1.055000000000000000e+02
-5.576296423380508571e+00 -1.724261574485912263e+01 0.000000000000000000e+00 4.108510802988796229e-02 -1.821007937645191532e-01 0.000000000000000000e+00 1.056000000000000085e+02
-5.572276583384210724e+00 -1.726040999424526845e+01 0.000000000000000000e+00 4.019839996297847051e-02 -1.779424938614582175e-01 0.000000000000000000e+00 1.057000000000000028e+02
-5.568256743387912877e+00 -1.727820424363141427e+01 0.000000000000000000e+00 4.019839996297847051e-02 -1.779424938614582175e-01 0.000000000000000000e+00 1.058000000000000114e+02
-5.564236903391615030e+00 -1.729599849301756009e+01 0.000000000000000000e+00 4.019839996297847051e-02 -1.779424938614582175e-01 0.000000000000000000e+00 1.059000000000000057e+02
-5.560212511840376237e+00 -1.731388594170799422e+01 0.000000000000000000e+00 4.024391551238792886e-02 -1.788744869043412677e-01 0.000000000000000000e+00 1.060000000000000000e+02
-5.556165912742201840e+00 -1.733222812025466908e+01 0.000000000000000000e+00 4.046599098174397113e-02 -1.834217854667485881e-01 0.000000000000000000e+00 1.061000000000000085e+02
-5.552119313644027443e+00 -1.735057029880134039e+01 0.000000000000000000e+00 4.046599098174397113e-02 -1.834217854667130609e-01 0.000000000000000000e+00 1.062000000000000028e+02
-5.548072714545853046e+00 -1.736891247734801524e+01 0.000000000000000000e+00 4.046599098174397113e-02 -1.834217854667485881e-01 0.000000000000000000e+00 1.063000000000000114e+02
-5.544026115447679537e+00 -1.738725465589469010e+01 0.000000000000000000e+00 4.046599098173508935e-02 -1.834217854667485881e-01 0.000000000000000000e+00 1.064000000000000057e+02
-5.540095212608519226e+00 -1.740499390967273996e+01 0.000000000000000000e+00 3.930902839160310691e-02 -1.773925377804985715e-01 0.000000000000000000e+00 1.065000000000000000e+02
-5.536201146683358054e+00 -1.742254119624253050e+01 0.000000000000000000e+00 3.894065925161172004e-02 -1.754728656979054335e-01 0.000000000000000000e+00 1.066000000000000085e+02
-5.532307080758195994e+00 -1.744008848281232105e+01 0.000000000000000000e+00 3.894065925162060182e-02 -1.754728656979054335e-01 0.000000000000000000e+00 1.067000000000000028e+02
-5.528413014833034822e+00 -1.745763576938211159e+01 0.000000000000000000e+00 3.894065925161172004e-02 -1.754728656979054335e-01 0.000000000000000000e+00 1.068000000000000114e+02
-5.524511792775943064e+00 -1.747543652500391786e+01 0.000000000000000000e+00 3.901222057091757733e-02 -1.780075562180627458e-01 0.000000000000000000e+00 1.069000000000000057e+02
-5.520604402077371020e+00 -1.749345577292341858e+01 0.000000000000000000e+00 3.907390698572044130e-02 -1.801924791950071381e-01 0.000000000000000000e+00 1.070000000000000000e+02
-5.516697011378798976e+00 -1.751147502084291929e+01 0.000000000000000000e+00 3.907390698572044130e-02 -1.801924791950071381e-01 0.000000000000000000e+00 1.071000000000000085e+02
-5.512789620680226932e+00 -1.752949426876242001e+01 0.000000000000000000e+00 3.907390698572044130e-02 -1.801924791950071381e-01 0.000000000000000000e+00 1.072000000000000028e+02
-5.508901818188794763e+00 -1.754737077229275855e+01 0.000000000000000000e+00 3.887802491432168495e-02 -1.787650353033853889e-01 0.000000000000000000e+00 1.073000000000000114e+02
-5.505093366631634844e+00 -1.756466902480902093e+01 0.000000000000000000e+00 3.808451557159919787e-02 -1.729825251626238014e-01 0.000000000000000000e+00 1.074000000000000057e+02
-5.501284915074475812e+00 -1.758196727732528686e+01 0.000000000000000000e+00 3.808451557159031609e-02 -1.729825251626593285e-01 0.000000000000000000e+00 1.075000000000000000e+02
-5.497476463517315892e+00 -1.759926552984155279e+01 0.000000000000000000e+00 3.808451557159919787e-02 -1.729825251626593285e-01 0.000000000000000000e+00 1.076000000000000085e+02
-5.493664095711605633e+00 -1.761658831193779307e+01 0.000000000000000000e+00 3.812367805710259461e-02 -1.732278209624027454e-01 0.000000000000000000e+00 1.077000000000000028e+02
-5.489740488333969104e+00 -1.763460784755720567e+01 0.000000000000000000e+00 3.923607377636528781e-02 -1.801953561941260773e-01 0.000000000000000000e+00 1.078000000000000114e+02
-5.485816880956332575e+00 -1.765262738317661473e+01 0.000000000000000000e+00 3.923607377636528781e-02 -1.801953561940905502e-01 0.000000000000000000e+00 1.079000000000000057e+02
-5.481893273578695158e+00 -1.767064691879602734e+01 0.000000000000000000e+00 3.923607377637416960e-02 -1.801953561941260773e-01 0.000000000000000000e+00 1.080000000000000000e+02
-5.477969666201058629e+00 -1.768866645441543994e+01 0.000000000000000000e+00 3.923607377636528781e-02 -1.801953561941260773e-01 0.000000000000000000e+00 1.081000000000000085e+02
-5.475645344420136951e+00 -1.770652676212350229e+01 0.000000000000000000e+00 2.324321780921678737e-02 -1.786030770806235068e-01 0.000000000000000000e+00 1.082000000000000028e+02
-5.474031671740352323e+00 -1.772431631625739712e+01 0.000000000000000000e+00 1.613672679784627917e-02 -1.778955413389482487e-01 0.000000000000000000e+00 1.083000000000000114e+02
-5.472417999060568583e+00 -1.774210587039129550e+01 0.000000000000000000e+00 1.613672679783739738e-02 -1.778955413389837759e-01 0.000000000000000000e+00 1.084000000000000057e+02
-5.470804326380784843e+00 -1.775989542452519387e+01 0.000000000000000000e+00 1.613672679783739738e-02 -1.778955413389837759e-01 0.000000000000000000e+00 1.085000000000000000e+02
-5.472200455321726054e+00 -1.777799929387754929e+01 0.000000000000000000e+00 -1.396128940941210317e-02 -1.810386935235541728e-01 0.000000000000000000e+00 1.086000000000000085e+02
-5.478261123596818827e+00 -1.779659028360678263e+01 0.000000000000000000e+00 -6.060668275092773172e-02 -1.859098972923334259e-01 0.000000000000000000e+00 1.087000000000000028e+02
-5.484321791871910712e+00 -1.781518127333601598e+01 0.000000000000000000e+00 -6.060668275091884993e-02 -1.859098972923334259e-01 0.000000000000000000e+00 1.088000000000000114e+02
-5.490382460147003485e+00 -1.783377226306525287e+01 0.000000000000000000e+00 -6.060668275092773172e-02 -1.859098972923689530e-01 0.000000000000000000e+00 1.089000000000000057e+02
-5.496443128422095370e+00 -1.785236325279448621e+01 0.000000000000000000e+00 -6.060668275091884993e-02 -1.859098972923334259e-01 0.000000000000000000e+00 1.090000000000000000e+02
-5.503436786368186340e+00 -1.786961995208227805e+01 0.000000000000000000e+00 -6.993657946090969801e-02 -1.725669928779183238e-01 0.000000000000000000e+00 1.091000000000000085e+02
-5.510785625576811952e+00 -1.788636869830444454e+01 0.000000000000000000e+00 -7.348839208625612685e-02 -1.674874622216648845e-01 0.000000000000000000e+00 1.092000000000000028e+02
-5.518134464785437565e+00 -1.790311744452661102e+01 0.000000000000000000e+00 -7.348839208625612685e-02 -1.674874622216648845e-01 0.000000000000000000e+00 1.093000000000000114e+02
-5.525483303994063178e+00 -1.791986619074877751e+01 0.000000000000000000e+00 -7.348839208625612685e-02 -1.674874622216648845e-01 0.000000000000000000e+00 1.094000000000000057e+02
-5.533121316175024340e+00 -1.793740612513983024e+01 0.000000000000000000e+00 -7.638012180961162301e-02 -1.753993439105272500e-01 0.000000000000000000e+00 1.095000000000000000e+02
-5.541124151453062474e+00 -1.795594422929692868e+01 0.000000000000000000e+00 -8.002835278038133993e-02 -1.853810415709844506e-01 0.000000000000000000e+00 1.096000000000000085e+02
-5.549126986731099720e+00 -1.797448233345402713e+01 0.000000000000000000e+00 -8.002835278037245814e-02 -1.853810415709844506e-01 0.000000000000000000e+00 1.097000000000000028e+02
-5.557129822009137854e+00 -1.799302043761112913e+01 0.000000000000000000e+00 -8.002835278038133993e-02 -1.853810415710199777e-01 0.000000000000000000e+00 1.098000000000000114e+02
-5.565132657287175100e+00 -1.801155854176822757e+01 0.000000000000000000e+00 -8.002835278037245814e-02 -1.853810415709844506e-01 0.000000000000000000e+00 1.099000000000000057e+02
-5.573155299892310843e+00 -1.803020305548917079e+01 0.000000000000000000e+00 -8.022642605135743565e-02 -1.864451372094322323e-01 0.000000000000000000e+00 1.100000000000000000e+02
-5.581185887440102356e+00 -1.804889025128824898e+01 0.000000000000000000e+00 -8.030587547791512293e-02 -1.868719579907818229e-01 0.000000000000000000e+00 1.101000000000000085e+02
-5.589216474987893868e+00 -1.806757744708732361e+01 0.000000000000000000e+00 -8.030587547791512293e-02 -1.868719579907462958e-01 0.000000000000000000e+00 1.102000000000000028e+02
-5.597247062535686268e+00 -1.808626464288640179e+01 0.000000000000000000e+00 -8.030587547792400471e-02 -1.868719579907818229e-01 0.000000000000000000e+00 1.103000000000000114e+02
-5.605277650083477781e+00 -1.810495183868547997e+01 0.000000000000000000e+00 -8.030587547791512293e-02 -1.868719579907818229e-01 0.000000000000000000e+00 1.104000000000000057e+02
-5.613080527602291703e+00 -1.812324088623260465e+01 0.000000000000000000e+00 -7.802877518813922109e-02 -1.828904754712468161e-01 0.000000000000000000e+00 1.105000000000000000e+02
-5.620871375493775801e+00 -1.814150890012075834e+01 0.000000000000000000e+00 -7.790847891484098398e-02 -1.826801388815368909e-01 0.000000000000000000e+00 1.106000000000000085e+02
-5.628662223385259011e+00 -1.815977691400891558e+01 0.000000000000000000e+00 -7.790847891483210219e-02 -1.826801388815724181e-01 0.000000000000000000e+00 1.107000000000000028e+02
-5.636453071276743110e+00 -1.817804492789706927e+01 0.000000000000000000e+00 -7.790847891484098398e-02 -1.826801388815368909e-01 0.000000000000000000e+00 1.108000000000000114e+02
-5.644026734524651090e+00 -1.819579638853548076e+01 0.000000000000000000e+00 -7.573663247907980178e-02 -1.775146063841148703e-01 0.000000000000000000e+00 1.109000000000000057e+02
-5.651086889040511707e+00 -1.821232651694733562e+01 0.000000000000000000e+00 -7.060154515860617153e-02 -1.653012841185486081e-01 0.000000000000000000e+00 1.110000000000000000e+02
-5.658147043556373212e+00 -1.822885664535919403e+01 0.000000000000000000e+00 -7.060154515861505331e-02 -1.653012841185841353e-01 0.000000000000000000e+00 1.111000000000000085e+02
-5.665207198072233830e+00 -1.824538677377104889e+01 0.000000000000000000e+00 -7.060154515860617153e-02 -1.653012841185486081e-01 0.000000000000000000e+00 1.112000000000000028e+02
-5.672305292404471899e+00 -1.826202161972603122e+01 0.000000000000000000e+00 -7.098094332238069626e-02 -1.663484595498232466e-01 0.000000000000000000e+00 1.113000000000000114e+02
-5.679805355631497576e+00 -1.827976593850127074e+01 0.000000000000000000e+00 -7.500063227025677293e-02 -1.774431877523952039e-01 0.000000000000000000e+00 1.114000000000000057e+02
-5.687305418858522366e+00 -1.829751025727651026e+01 0.000000000000000000e+00 -7.500063227024789114e-02 -1.774431877523952039e-01 0.000000000000000000e+00 1.115000000000000000e+02
-5.694805482085548043e+00 -1.831525457605174978e+01 0.000000000000000000e+00 -7.500063227025677293e-02 -1.774431877523952039e-01 0.000000000000000000e+00 1.116000000000000085e+02
-5.702305545312573720e+00 -1.833299889482698930e+01 0.000000000000000000e+00 -7.500063227025677293e-02 -1.774431877523952039e-01 0.000000000000000000e+00 1.117000000000000028e+02
-5.709633636843251203e+00 -1.835033390961715583e+01 0.000000000000000000e+00 -7.328091530677482979e-02 -1.733501479016652524e-01 0.000000000000000000e+00 1.118000000000000114e+02
-5.716832782870842955e+00 -1.836736202560135922e+01 0.000000000000000000e+00 -7.199146027591751817e-02 -1.702811598420339578e-01 0.000000000000000000e+00 1.119000000000000057e+02
-5.724031928898435595e+00 -1.838439014158556262e+01 0.000000000000000000e+00 -7.199146027592639996e-02 -1.702811598420339578e-01 0.000000000000000000e+00 1.120000000000000000e+02
-5.731231074926027347e+00 -1.840141825756976601e+01 0.000000000000000000e+00 -7.199146027591751817e-02 -1.702811598420339578e-01 0.000000000000000000e+00 1.121000000000000085e+02
-5.738499601097263536e+00 -1.841864768586272305e+01 0.000000000000000000e+00 -7.268526171236189271e-02 -1.722942829295703859e-01 0.000000000000000000e+00 1.122000000000000028e+02
-5.745989702860624604e+00 -1.843652003432955055e+01 0.000000000000000000e+00 -7.490101763361067810e-02 -1.787234846682750344e-01 0.000000000000000000e+00 1.123000000000000114e+02
-5.753479804623986560e+00 -1.845439238279638161e+01 0.000000000000000000e+00 -7.490101763361955989e-02 -1.787234846683105616e-01 0.000000000000000000e+00 1.124000000000000057e+02
-5.760969906387347628e+00 -1.847226473126320911e+01 0.000000000000000000e+00 -7.490101763361067810e-02 -1.787234846682750344e-01 0.000000000000000000e+00 1.125000000000000000e+02
-5.768460008150709584e+00 -1.849013707973004017e+01 0.000000000000000000e+00 -7.490101763361955989e-02 -1.787234846683105616e-01 0.000000000000000000e+00 1.126000000000000085e+02
-5.775747811042864832e+00 -1.850752750202753916e+01 0.000000000000000000e+00 -7.287802892155248458e-02 -1.739042229749898638e-01 0.000000000000000000e+00 1.127000000000000028e+02
-5.782946622307425955e+00 -1.852470592415947692e+01 0.000000000000000000e+00 -7.198811264561122414e-02 -1.717842213193776502e-01 0.000000000000000000e+00 1.128000000000000114e+02
-5.790145433571986189e+00 -1.854188434629141469e+01 0.000000000000000000e+00 -7.198811264560234235e-02 -1.717842213193776502e-01 0.000000000000000000e+00 1.129000000000000057e+02
-5.797344244836547311e+00 -1.855906276842334890e+01 0.000000000000000000e+00 -7.198811264561122414e-02 -1.717842213193421230e-01 0.000000000000000000e+00 1.130000000000000000e+02
-5.804627350096910554e+00 -1.857648443449507170e+01 0.000000000000000000e+00 -7.283105260363242905e-02 -1.742166607172279669e-01 0.000000000000000000e+00 1.131000000000000085e+02
-5.812084795991992792e+00 -1.859440918862721759e+01 0.000000000000000000e+00 -7.457445895082237541e-02 -1.792475413214589253e-01 0.000000000000000000e+00 1.132000000000000028e+02
-5.819542241887075029e+00 -1.861233394275936348e+01 0.000000000000000000e+00 -7.457445895082237541e-02 -1.792475413214589253e-01 0.000000000000000000e+00 1.133000000000000114e+02
-5.826999687782156379e+00 -1.863025869689150937e+01 0.000000000000000000e+00 -7.457445895081349363e-02 -1.792475413214589253e-01 0.000000000000000000e+00 1.134000000000000057e+02
-5.834457133677238616e+00 -1.864818345102365527e+01 0.000000000000000000e+00 -7.457445895082237541e-02 -1.792475413214589253e-01 0.000000000000000000e+00 1.135000000000000000e+02
-5.841750561913494622e+00 -1.866568201363748969e+01 0.000000000000000000e+00 -7.293428236256005448e-02 -1.749856261383442302e-01 0.000000000000000000e+00 1.136000000000000085e+02
-5.848995201449086245e+00 -1.868305380130184190e+01 0.000000000000000000e+00 -7.244639535591623769e-02 -1.737178766435221178e-01 0.000000000000000000e+00 1.137000000000000028e+02
-5.856239840984677869e+00 -1.870042558896619411e+01 0.000000000000000000e+00 -7.244639535591623769e-02 -1.737178766435221178e-01 0.000000000000000000e+00 1.138000000000000114e+02
-5.863484480520269493e+00 -1.871779737663054632e+01 0.000000000000000000e+00 -7.244639535591623769e-02 -1.737178766435221178e-01 0.000000000000000000e+00 1.139000000000000057e+02
-5.870791266715621681e+00 -1.873537811023892985e+01 0.000000000000000000e+00 -7.306786195352188429e-02 -1.758073360838352528e-01 0.000000000000000000e+00 1.140000000000000000e+02
-5.878210714268776726e+00 -1.875333762741917099e+01 0.000000000000000000e+00 -7.419447553155045227e-02 -1.795951718024113575e-01 0.000000000000000000e+00 1.141000000000000085e+02
-5.885630161821932660e+00 -1.877129714459940857e+01 0.000000000000000000e+00 -7.419447553155933406e-02 -1.795951718023758303e-01 0.000000000000000000e+00 1.142000000000000028e+02
-5.893049609375088593e+00 -1.878925666177964970e+01 0.000000000000000000e+00 -7.419447553155933406e-02 -1.795951718024113575e-01 0.000000000000000000e+00 1.143000000000000114e+02
-5.900469056928243639e+00 -1.880721617895989084e+01 0.000000000000000000e+00 -7.419447553155045227e-02 -1.795951718024113575e-01 0.000000000000000000e+00 1.144000000000000057e+02
-5.907742052272621613e+00 -1.882475533835175341e+01 0.000000000000000000e+00 -7.272995344377974902e-02 -1.753915939186256878e-01 0.000000000000000000e+00 1.145000000000000000e+02
-5.914977668802562150e+00 -1.884218721034999788e+01 0.000000000000000000e+00 -7.235616529940536168e-02 -1.743187199824447475e-01 0.000000000000000000e+00 1.146000000000000085e+02
-5.922213285332501798e+00 -1.885961908234824591e+01 0.000000000000000000e+00 -7.235616529939647990e-02 -1.743187199824802747e-01 0.000000000000000000e+00 1.147000000000000028e+02
-5.929448901862442334e+00 -1.887705095434649039e+01 0.000000000000000000e+00 -7.235616529940536168e-02 -1.743187199824447475e-01 0.000000000000000000e+00 1.148000000000000114e+02
-5.936331644358436854e+00 -1.889493369618154972e+01 0.000000000000000000e+00 -6.882742495994520482e-02 -1.788274183505933479e-01 0.000000000000000000e+00 1.149000000000000057e+02
-5.942632065942695441e+00 -1.891356047387413852e+01 0.000000000000000000e+00 -6.300421584258586449e-02 -1.862677769258880289e-01 0.000000000000000000e+00 1.150000000000000000e+02
-5.948932487526954027e+00 -1.893218725156672733e+01 0.000000000000000000e+00 -6.300421584258586449e-02 -1.862677769258880289e-01 0.000000000000000000e+00 1.151000000000000085e+02
-5.955232909111213502e+00 -1.895081402925931613e+01 0.000000000000000000e+00 -6.300421584259474628e-02 -1.862677769258880289e-01 0.000000000000000000e+00 1.152000000000000028e+02
-5.961533330695472088e+00 -1.896944080695190493e+01 0.000000000000000000e+00 -6.300421584258586449e-02 -1.862677769258880289e-01 0.000000000000000000e+00 1.153000000000000114e+02
-5.963532307833768087e+00 -1.899100481359585046e+01 0.000000000000000000e+00 -1.998977138295998657e-02 -2.156400664394553246e-01 0.000000000000000000e+00 1.154000000000000057e+02
-5.964732385485035593e+00 -1.901311434645360521e+01 0.000000000000000000e+00 -1.200077651267505985e-02 -2.210953285775474342e-01 0.000000000000000000e+00 1.155000000000000000e+02
-5.965932463136303987e+00 -1.903522387931136350e+01 0.000000000000000000e+00 -1.200077651268394163e-02 -2.210953285775829613e-01 0.000000000000000000e+00 1.156000000000000085e+02
-5.967132540787571493e+00 -1.905733341216911825e+01 0.000000000000000000e+00 -1.200077651267505985e-02 -2.210953285775474342e-01 0.000000000000000000e+00 1.157000000000000028e+02
-5.968332618438839887e+00 -1.907944294502687299e+01 0.000000000000000000e+00 -1.200077651268394163e-02 -2.210953285775474342e-01 0.000000000000000000e+00 1.158000000000000114e+02
-5.969098693609186768e+00 -1.910036117034254843e+01 0.000000000000000000e+00 -7.660751703468804408e-03 -2.091822531567544274e-01 0.000000000000000000e+00 1.159000000000000057e+02
-5.969363923118992332e+00 -1.911990460809581904e+01 0.000000000000000000e+00 -2.652295098055645894e-03 -1.954343775327060939e-01 0.000000000000000000e+00 1.160000000000000000e+02
-5.969629152628797009e+00 -1.913944804584908965e+01 0.000000000000000000e+00 -2.652295098046764110e-03 -1.954343775327060939e-01 0.000000000000000000e+00 1.161000000000000085e+02
-5.969894382138601685e+00 -1.915899148360236381e+01 0.000000000000000000e+00 -2.652295098046764110e-03 -1.954343775327416211e-01 0.000000000000000000e+00 1.162000000000000028e+02
-5.970159611648407250e+00 -1.917853492135563442e+01 0.000000000000000000e+00 -2.652295098055645894e-03 -1.954343775327060939e-01 0.000000000000000000e+00 1.163000000000000114e+02
-5.970529358639026896e+00 -1.920024736529097353e+01 0.000000000000000000e+00 -3.697469906196459988e-03 -2.171244393533910966e-01 0.000000000000000000e+00 1.164000000000000057e+02
-5.970909740610504279e+00 -1.922218051239526915e+01 0.000000000000000000e+00 -3.803819714773837291e-03 -2.193314710429561387e-01 0.000000000000000000e+00 1.165000000000000000e+02
-5.971290122581981663e+00 -1.924411365949956476e+01 0.000000000000000000e+00 -3.803819714773837291e-03 -2.193314710429561387e-01 0.000000000000000000e+00 1.166000000000000085e+02
-5.971670504553459047e+00 -1.926604680660386393e+01 0.000000000000000000e+00 -3.803819714773837291e-03 -2.193314710429916659e-01 0.000000000000000000e+00 1.167000000000000028e+02
-5.972050886524937319e+00 -1.928797995370815954e+01 0.000000000000000000e+00 -3.803819714782719075e-03 -2.193314710429561387e-01 0.000000000000000000e+00 1.168000000000000114e+02
-5.972456600274093752e+00 -1.931228049522490764e+01 0.000000000000000000e+00 -4.057137491564333232e-03 -2.430054151674809759e-01 0.000000000000000000e+00 1.169000000000000057e+02
-5.972868146758251839e+00 -1.933712613801423430e+01 0.000000000000000000e+00 -4.115464841580873667e-03 -2.484564278932666070e-01 0.000000000000000000e+00 1.170000000000000000e+02
-5.973279693242409039e+00 -1.936197178080356096e+01 0.000000000000000000e+00 -4.115464841571991883e-03 -2.484564278932666070e-01 0.000000000000000000e+00 1.171000000000000085e+02
-5.973691239726566238e+00 -1.938681742359288762e+01 0.000000000000000000e+00 -4.115464841571991883e-03 -2.484564278932666070e-01 0.000000000000000000e+00 1.172000000000000028e+02
-5.974102786210723437e+00 -1.941166306638221783e+01 0.000000000000000000e+00 -4.115464841571991883e-03 -2.484564278933021342e-01 0.000000000000000000e+00 1.173000000000000114e+02
-5.974514332694881524e+00 -1.943650870917154450e+01 0.000000000000000000e+00 -4.115464841580873667e-03 -2.484564278932666070e-01 0.000000000000000000e+00 1.174000000000000057e+02
-5.974934276235343233e+00 -1.945943148650031063e+01 0.000000000000000000e+00 -4.199435404617091194e-03 -2.292277732876613072e-01 0.000000000000000000e+00 1.175000000000000000e+02
-5.975354729375126794e+00 -1.948223756925192518e+01 0.000000000000000000e+00 -4.204531397835609141e-03 -2.280608275161455367e-01 0.000000000000000000e+00 1.176000000000000085e+02
-5.975775182514909467e+00 -1.950504365200353618e+01 0.000000000000000000e+00 -4.204531397826727357e-03 -2.280608275161100096e-01 0.000000000000000000e+00 1.177000000000000028e+02
-5.976195635654693028e+00 -1.952784973475515073e+01 0.000000000000000000e+00 -4.204531397835609141e-03 -2.280608275161455367e-01 0.000000000000000000e+00 1.178000000000000114e+02
-5.976616088794476589e+00 -1.955065581750676174e+01 0.000000000000000000e+00 -4.204531397835609141e-03 -2.280608275161100096e-01 0.000000000000000000e+00 1.179000000000000057e+02
-5.977147128387995778e+00 -1.957352775451475324e+01 0.000000000000000000e+00 -5.310395935191891681e-03 -2.287193700799150520e-01 0.000000000000000000e+00 1.180000000000000000e+02
-5.977749391929518374e+00 -1.959644210539870457e+01 0.000000000000000000e+00 -6.022635415225963129e-03 -2.291435088395132880e-01 0.000000000000000000e+00 1.181000000000000085e+02
-5.978351655471040971e+00 -1.961935645628265945e+01 0.000000000000000000e+00 -6.022635415225963129e-03 -2.291435088395488151e-01 0.000000000000000000e+00 1.182000000000000028e+02
-5.978953919012563567e+00 -1.964227080716661433e+01 0.000000000000000000e+00 -6.022635415225963129e-03 -2.291435088395488151e-01 0.000000000000000000e+00 1.183000000000000114e+02
-5.979556182554085275e+00 -1.966518515805056566e+01 0.000000000000000000e+00 -6.022635415217081345e-03 -2.291435088395132880e-01 0.000000000000000000e+00 1.184000000000000057e+02
-5.980161942353300120e+00 -1.968888275709065638e+01 0.000000000000000000e+00 -6.057597992148444632e-03 -2.369759904009072216e-01 0.000000000000000000e+00 1.185000000000000000e+02
-5.980777702487868552e+00 -1.971482067847455255e+01 0.000000000000000000e+00 -6.157601345684327043e-03 -2.593792138389616753e-01 0.000000000000000000e+00 1.186000000000000085e+02
-5.981393462622437873e+00 -1.974075859985844517e+01 0.000000000000000000e+00 -6.157601345693208827e-03 -2.593792138389261481e-01 0.000000000000000000e+00 1.187000000000000028e+02
-5.982009222757007194e+00 -1.976669652124234133e+01 0.000000000000000000e+00 -6.157601345693208827e-03 -2.593792138389616753e-01 0.000000000000000000e+00 1.188000000000000114e+02
-5.982624982891575627e+00 -1.979263444262623395e+01 0.000000000000000000e+00 -6.157601345684327043e-03 -2.593792138389261481e-01 0.000000000000000000e+00 1.189000000000000057e+02
-5.983240743026144948e+00 -1.981857236401013012e+01 0.000000000000000000e+00 -6.157601345693208827e-03 -2.593792138389616753e-01 0.000000000000000000e+00 1.190000000000000000e+02
-5.983929472403272776e+00 -1.984471406390067827e+01 0.000000000000000000e+00 -6.887293771278280019e-03 -2.614169989054815346e-01 0.000000000000000000e+00 1.191000000000000085e+02
-5.984868907672034055e+00 -1.987155590086836554e+01 0.000000000000000000e+00 -9.394352687612794739e-03 -2.684183696768727145e-01 0.000000000000000000e+00 1.192000000000000028e+02
-5.985808342940795335e+00 -1.989839773783605636e+01 0.000000000000000000e+00 -9.394352687612794739e-03 -2.684183696769082417e-01 0.000000000000000000e+00 1.193000000000000114e+02
-5.986747778209557502e+00 -1.992523957480374719e+01 0.000000000000000000e+00 -9.394352687621676523e-03 -2.684183696769082417e-01 0.000000000000000000e+00 1.194000000000000057e+02
-5.987687213478318782e+00 -1.995208141177143446e+01 0.000000000000000000e+00 -9.394352687612794739e-03 -2.684183696768727145e-01 0.000000000000000000e+00 1.195000000000000000e+02
-5.988626648747080061e+00 -1.997892324873912528e+01 0.000000000000000000e+00 -9.394352687612794739e-03 -2.684183696769082417e-01 0.000000000000000000e+00 1.196000000000000085e+02
-5.989747315948828366e+00 -2.000559448804654750e+01 0.000000000000000000e+00 -1.120667201748304365e-02 -2.667123930742221205e-01 0.000000000000000000e+00 1.197000000000000028e+02
-5.996346502390940358e+00 -2.002710867501374636e+01 0.000000000000000000e+00 -6.599186442111992790e-02 -2.151418696719886725e-01 0.000000000000000000e+00 1.198000000000000114e+02
-6.002945688833051463e+00 -2.004862286198094523e+01 0.000000000000000000e+00 -6.599186442111104611e-02 -2.151418696719886725e-01 0.000000000000000000e+00 1.199000000000000057e+02
-6.009544875275163456e+00 -2.007013704894814055e+01 0.000000000000000000e+00 -6.599186442111992790e-02 -2.151418696719531454e-01 0.000000000000000000e+00 1.200000000000000000e+02
-6.016144061717274560e+00 -2.009165123591533941e+01 0.000000000000000000e+00 -6.599186442111104611e-02 -2.151418696719886725e-01 0.000000000000000000e+00 1.201000000000000085e+02
-6.022743248159386553e+00 -2.011316542288253828e+01 0.000000000000000000e+00 -6.599186442111992790e-02 -2.151418696719886725e-01 0.000000000000000000e+00 1.202000000000000028e+02
-6.029820177103323076e+00 -2.013510784395264608e+01 0.000000000000000000e+00 -7.076928943936522387e-02 -2.194242107010779819e-01 0.000000000000000000e+00 1.203000000000000114e+02
-6.037194466291158079e+00 -2.015731680985977192e+01 0.000000000000000000e+00 -7.374289187835003645e-02 -2.220896590712584384e-01 0.000000000000000000e+00 1.204000000000000057e+02
-6.044568755478993083e+00 -2.017952577576689777e+01 0.000000000000000000e+00 -7.374289187835003645e-02 -2.220896590712584384e-01 0.000000000000000000e+00 1.205000000000000000e+02
-6.051943044666827198e+00 -2.020173474167402716e+01 0.000000000000000000e+00 -7.374289187834115467e-02 -2.220896590712939656e-01 0.000000000000000000e+00 1.206000000000000085e+02
-6.059317333854662202e+00 -2.022394370758115301e+01 0.000000000000000000e+00 -7.374289187835003645e-02 -2.220896590712584384e-01 0.000000000000000000e+00 1.207000000000000028e+02
-6.066717106543879190e+00 -2.024618245210274026e+01 0.000000000000000000e+00 -7.399772689216987942e-02 -2.223874452158725035e-01 0.000000000000000000e+00 1.208000000000000114e+02
-6.074540526550777919e+00 -2.026891624751829113e+01 0.000000000000000000e+00 -7.823420006898729184e-02 -2.273379541555087258e-01 0.000000000000000000e+00 1.209000000000000057e+02
-6.082363946557676648e+00 -2.029165004293384200e+01 0.000000000000000000e+00 -7.823420006898729184e-02 -2.273379541555087258e-01 0.000000000000000000e+00 1.210000000000000000e+02
-6.090187366564574489e+00 -2.031438383834939287e+01 0.000000000000000000e+00 -7.823420006897841006e-02 -2.273379541555087258e-01 0.000000000000000000e+00 1.211000000000000085e+02
-6.098010786571473218e+00 -2.033711763376494375e+01 0.000000000000000000e+00 -7.823420006898729184e-02 -2.273379541555087258e-01 0.000000000000000000e+00 1.212000000000000028e+02
-6.105834206578371948e+00 -2.035985142918049462e+01 0.000000000000000000e+00 -7.823420006898729184e-02 -2.273379541555087258e-01 0.000000000000000000e+00 1.213000000000000114e+02
-6.113852623178933854e+00 -2.038292904946922235e+01 0.000000000000000000e+00 -8.018416600561906193e-02 -2.307762028872772930e-01 0.000000000000000000e+00 1.214000000000000057e+02
-6.122205612551421261e+00 -2.040659660027270306e+01 0.000000000000000000e+00 -8.352989372487407138e-02 -2.366755080348070805e-01 0.000000000000000000e+00 1.215000000000000000e+02
-6.130558601923908668e+00 -2.043026415107618377e+01 0.000000000000000000e+00 -8.352989372487407138e-02 -2.366755080348070805e-01 0.000000000000000000e+00 1.216000000000000085e+02
-6.138911591296396075e+00 -2.045393170187966803e+01 0.000000000000000000e+00 -8.352989372487407138e-02 -2.366755080348426077e-01 0.000000000000000000e+00 1.217000000000000028e+02
-6.147264580668883482e+00 -2.047759925268314873e+01 0.000000000000000000e+00 -8.352989372487407138e-02 -2.366755080348070805e-01 0.000000000000000000e+00 1.218000000000000114e+02
-6.155617570041370890e+00 -2.050126680348662944e+01 0.000000000000000000e+00 -8.352989372487407138e-02 -2.366755080348070805e-01 0.000000000000000000e+00 1.219000000000000057e+02
-6.166095726434313029e+00 -2.052934747874776988e+01 0.000000000000000000e+00 -1.047815639294213952e-01 -2.808067526114044199e-01 0.000000000000000000e+00 1.220000000000000000e+02
-6.176948667102254653e+00 -2.055820643149695215e+01 0.000000000000000000e+00 -1.085294066794162404e-01 -2.885895274918226505e-01 0.000000000000000000e+00 1.221000000000000085e+02
-6.187801607770197165e+00 -2.058706538424613441e+01 0.000000000000000000e+00 -1.085294066794251222e-01 -2.885895274918226505e-01 0.000000000000000000e+00 1.222000000000000028e+02
-6.198654548438139678e+00 -2.061592433699531668e+01 0.000000000000000000e+00 -1.085294066794251222e-01 -2.885895274918226505e-01 0.000000000000000000e+00 1.223000000000000114e+02
-6.209507489106081302e+00 -2.064478328974449894e+01 0.000000000000000000e+00 -1.085294066794162404e-01 -2.885895274918226505e-01 0.000000000000000000e+00 1.224000000000000057e+02
-6.220360429774023814e+00 -2.067364224249367766e+01 0.000000000000000000e+00 -1.085294066794251222e-01 -2.885895274917871234e-01 0.000000000000000000e+00 1.225000000000000000e+02
-6.231213370441966326e+00 -2.070250119524285992e+01 0.000000000000000000e+00 -1.085294066794251222e-01 -2.885895274918226505e-01 0.000000000000000000e+00 1.226000000000000085e+02
-6.242066311109907950e+00 -2.073136014799204219e+01 0.000000000000000000e+00 -1.085294066794162404e-01 -2.885895274918226505e-01 0.000000000000000000e+00 1.227000000000000028e+02
-6.251827945286332344e+00 -2.075675228039252573e+01 0.000000000000000000e+00 -9.761634176424394127e-02 -2.539213240048354692e-01 0.000000000000000000e+00 1.228000000000000114e+02
-6.260765927321966906e+00 -2.077952786645692029e+01 0.000000000000000000e+00 -8.937982035634561839e-02 -2.277558606439455957e-01 0.000000000000000000e+00 1.229000000000000057e+02
-6.269703909357602356e+00 -2.080230345252131130e+01 0.000000000000000000e+00 -8.937982035635450018e-02 -2.277558606439100686e-01 0.000000000000000000e+00 1.230000000000000000e+02
-6.278641891393237806e+00 -2.082507903858570586e+01 0.000000000000000000e+00 -8.937982035635450018e-02 -2.277558606439455957e-01 0.000000000000000000e+00 1.231000000000000085e+02
-6.287579873428872368e+00 -2.084785462465009687e+01 0.000000000000000000e+00 -8.937982035634561839e-02 -2.277558606439100686e-01 0.000000000000000000e+00 1.232000000000000028e+02
-6.296277187346967175e+00 -2.087048744316283688e+01 0.000000000000000000e+00 -8.697313918094806695e-02 -2.263281851274001610e-01 0.000000000000000000e+00 1.233000000000000114e+02
-6.304475098119226573e+00 -2.089282400903876180e+01 0.000000000000000000e+00 -8.197910772259398016e-02 -2.233656587592491860e-01 0.000000000000000000e+00 1.234000000000000057e+02
-6.312673008891486859e+00 -2.091516057491468672e+01 0.000000000000000000e+00 -8.197910772260286194e-02 -2.233656587592491860e-01 0.000000000000000000e+00 1.235000000000000000e+02
-6.320870919663746257e+00 -2.093749714079061164e+01 0.000000000000000000e+00 -8.197910772259398016e-02 -2.233656587592491860e-01 0.000000000000000000e+00 1.236000000000000085e+02
-6.329068830436006543e+00 -2.095983370666653656e+01 0.000000000000000000e+00 -8.197910772260286194e-02 -2.233656587592491860e-01 0.000000000000000000e+00 1.237000000000000028e+02
-6.338351136420956600e+00 -2.098547903077607657e+01 0.000000000000000000e+00 -9.282305984950056654e-02 -2.564532410954001307e-01 0.000000000000000000e+00 1.238000000000000114e+02
-6.349164850648129743e+00 -2.101579706052945085e+01 0.000000000000000000e+00 -1.081371422717314346e-01 -3.031802975337427597e-01 0.000000000000000000e+00 1.239000000000000057e+02
-6.359978564875302887e+00 -2.104611509028282157e+01 0.000000000000000000e+00 -1.081371422717314346e-01 -3.031802975337072326e-01 0.000000000000000000e+00 1.240000000000000000e+02
-6.370792279102476030e+00 -2.107643312003619229e+01 0.000000000000000000e+00 -1.081371422717314346e-01 -3.031802975337072326e-01 0.000000000000000000e+00 1.241000000000000085e+02
-6.381605993329649174e+00 -2.110675114978956657e+01 0.000000000000000000e+00 -1.081371422717314346e-01 -3.031802975337427597e-01 0.000000000000000000e+00 1.242000000000000028e+02
-6.392419707556822317e+00 -2.113706917954293729e+01 0.000000000000000000e+00 -1.081371422717314346e-01 -3.031802975337072326e-01 0.000000000000000000e+00 1.243000000000000114e+02
-6.403233421783995460e+00 -2.116738720929630801e+01 0.000000000000000000e+00 -1.081371422717314346e-01 -3.031802975337072326e-01 0.000000000000000000e+00 1.244000000000000057e+02
-6.414047136011168604e+00 -2.119770523904968229e+01 0.000000000000000000e+00 -1.081371422717314346e-01 -3.031802975337427597e-01 0.000000000000000000e+00 1.245000000000000000e+02
-6.424860850238341747e+00 -2.122802326880305301e+01 0.000000000000000000e+00 -1.081371422717314346e-01 -3.031802975337072326e-01 0.000000000000000000e+00 1.246000000000000085e+02
-6.431765338684826361e+00 -2.125505793299560153e+01 0.000000000000000000e+00 -6.904488446484613462e-02 -2.703466419254851871e-01 0.000000000000000000e+00 1.247000000000000028e+02
-6.435333276000610780e+00 -2.127929022206605225e+01 0.000000000000000000e+00 -3.567937315784419638e-02 -2.423228907045071878e-01 0.000000000000000000e+00 1.248000000000000114e+02
-6.438901213316395200e+00 -2.130352251113650297e+01 0.000000000000000000e+00 -3.567937315784419638e-02 -2.423228907045071878e-01 0.000000000000000000e+00 1.249000000000000057e+02
-6.442469150632179620e+00 -2.132775480020695369e+01 0.000000000000000000e+00 -3.567937315784419638e-02 -2.423228907045071878e-01 0.000000000000000000e+00 1.250000000000000000e+02
-6.446037087947964928e+00 -2.135198708927740441e+01 0.000000000000000000e+00 -3.567937315785307817e-02 -2.423228907045071878e-01 0.000000000000000000e+00 1.251000000000000085e+02
-6.450795680511571817e+00 -2.137602992278706182e+01 0.000000000000000000e+00 -4.758592563606889314e-02 -2.404283350965741306e-01 0.000000000000000000e+00 1.252000000000000028e+02
-6.457489816751309952e+00 -2.139976477502903052e+01 0.000000000000000000e+00 -6.694136239738135430e-02 -2.373485224196869581e-01 0.000000000000000000e+00 1.253000000000000114e+02
-6.464183952991048088e+00 -2.142349962727100277e+01 0.000000000000000000e+00 -6.694136239738135430e-02 -2.373485224197224852e-01 0.000000000000000000e+00 1.254000000000000057e+02
-6.470878089230787111e+00 -2.144723447951297501e+01 0.000000000000000000e+00 -6.694136239739023608e-02 -2.373485224197224852e-01 0.000000000000000000e+00 1.255000000000000000e+02
-6.477572225470525247e+00 -2.147096933175494726e+01 0.000000000000000000e+00 -6.694136239738135430e-02 -2.373485224197224852e-01 0.000000000000000000e+00 1.256000000000000085e+02
-6.484296399092264629e+00 -2.149484491035259026e+01 0.000000000000000000e+00 -6.724173621739382156e-02 -2.387557859764299906e-01 0.000000000000000000e+00 1.257000000000000028e+02
-6.492027941358884391e+00 -2.152344005200025734e+01 0.000000000000000000e+00 -7.731542266619761961e-02 -2.859514164766707722e-01 0.000000000000000000e+00 1.258000000000000114e+02
-6.499759483625505041e+00 -2.155203519364792086e+01 0.000000000000000000e+00 -7.731542266620650139e-02 -2.859514164766352451e-01 0.000000000000000000e+00 1.259000000000000057e+02
-6.507491025892125691e+00 -2.158063033529558794e+01 0.000000000000000000e+00 -7.731542266620650139e-02 -2.859514164766707722e-01 0.000000000000000000e+00 1.260000000000000000e+02
-6.515222568158746341e+00 -2.160922547694325502e+01 0.000000000000000000e+00 -7.731542266620650139e-02 -2.859514164766707722e-01 0.000000000000000000e+00 1.261000000000000085e+02
-6.522954110425366991e+00 -2.163782061859091854e+01 0.000000000000000000e+00 -7.731542266620650139e-02 -2.859514164766352451e-01 0.000000000000000000e+00 1.262000000000000028e+02
-6.530685652691987642e+00 -2.166641576023858562e+01 0.000000000000000000e+00 -7.731542266620650139e-02 -2.859514164766707722e-01 0.000000000000000000e+00 1.263000000000000114e+02
-6.538417194958608292e+00 -2.169501090188625270e+01 0.000000000000000000e+00 -7.731542266620650139e-02 -2.859514164766707722e-01 0.000000000000000000e+00 1.264000000000000057e+02
-6.546530209116858678e+00 -2.172567270630412040e+01 0.000000000000000000e+00 -8.113014158250386743e-02 -3.066180441786769961e-01 0.000000000000000000e+00 1.265000000000000000e+02
-6.554764407502264412e+00 -2.175699103859754757e+01 0.000000000000000000e+00 -8.234198385405733234e-02 -3.131833229342717573e-01 0.000000000000000000e+00 1.266000000000000085e+02
-6.562998605887669257e+00 -2.178830937089097119e+01 0.000000000000000000e+00 -8.234198385404845055e-02 -3.131833229342362301e-01 0.000000000000000000e+00 1.267000000000000028e+02
-6.571232804273074990e+00 -2.181962770318439837e+01 0.000000000000000000e+00 -8.234198385405733234e-02 -3.131833229342717573e-01 0.000000000000000000e+00 1.268000000000000114e+02
-6.579467002658479835e+00 -2.185094603547782555e+01 0.000000000000000000e+00 -8.234198385404845055e-02 -3.131833229342717573e-01 0.000000000000000000e+00 1.269000000000000057e+02
-6.587701201043885568e+00 -2.188226436777125272e+01 0.000000000000000000e+00 -8.234198385405733234e-02 -3.131833229342717573e-01 0.000000000000000000e+00 1.270000000000000000e+02
-6.595935399429290413e+00 -2.191358270006467635e+01 0.000000000000000000e+00 -8.234198385404845055e-02 -3.131833229342362301e-01 0.000000000000000000e+00 1.271000000000000085e+02
-6.604125632243694533e+00 -2.194498468983635675e+01 0.000000000000000000e+00 -8.190232814404119210e-02 -3.140198977168040528e-01 0.000000000000000000e+00 1.272000000000000028e+02
-6.612178292905625199e+00 -2.197664845124186783e+01 0.000000000000000000e+00 -8.052660661930666208e-02 -3.166376140551108165e-01 0.000000000000000000e+00 1.273000000000000114e+02
-6.620230953567556753e+00 -2.200831221264737891e+01 0.000000000000000000e+00 -8.052660661931554387e-02 -3.166376140551108165e-01 0.000000000000000000e+00 1.274000000000000057e+02
-6.628283614229488308e+00 -2.203997597405289000e+01 0.000000000000000000e+00 -8.052660661931554387e-02 -3.166376140551108165e-01 0.000000000000000000e+00 1.275000000000000000e+02
-6.636336274891418974e+00 -2.207163973545840108e+01 0.000000000000000000e+00 -8.052660661930666208e-02 -3.166376140551108165e-01 0.000000000000000000e+00 1.276000000000000085e+02
-6.644388935553350528e+00 -2.210330349686390861e+01 0.000000000000000000e+00 -8.052660661931554387e-02 -3.166376140550752893e-01 0.000000000000000000e+00 1.277000000000000028e+02
-6.652441596215282082e+00 -2.213496725826941969e+01 0.000000000000000000e+00 -8.052660661931554387e-02 -3.166376140551108165e-01 0.000000000000000000e+00 1.278000000000000114e+02
-6.660494256877212749e+00 -2.216663101967493077e+01 0.000000000000000000e+00 -8.052660661930666208e-02 -3.166376140551108165e-01 0.000000000000000000e+00 1.279000000000000057e+02
-6.667926530805567076e+00 -2.219682032876242417e+01 0.000000000000000000e+00 -7.432273928354327097e-02 -3.018930908749339892e-01 0.000000000000000000e+00 1.280000000000000000e+02
-6.675057408170238737e+00 -2.222629331875746317e+01 0.000000000000000000e+00 -7.130877364671661667e-02 -2.947298999503900063e-01 0.000000000000000000e+00 1.280999999999999943e+02
-6.682188285534908623e+00 -2.225576630875249862e+01 0.000000000000000000e+00 -7.130877364669885310e-02 -2.947298999503544792e-01 0.000000000000000000e+00 1.282000000000000171e+02
-6.689319162899579396e+00 -2.228523929874753406e+01 0.000000000000000000e+00 -7.130877364670773488e-02 -2.947298999503544792e-01 0.000000000000000000e+00 1.283000000000000114e+02
-6.696450040264249282e+00 -2.231471228874256951e+01 0.000000000000000000e+00 -7.130877364669885310e-02 -2.947298999503544792e-01 0.000000000000000000e+00 1.284000000000000057e+02
-6.703580917628920055e+00 -2.234418527873760496e+01 0.000000000000000000e+00 -7.130877364670773488e-02 -2.947298999503544792e-01 0.000000000000000000e+00 1.285000000000000000e+02
-6.710711794993589940e+00 -2.237365826873264041e+01 0.000000000000000000e+00 -7.130877364669885310e-02 -2.947298999503544792e-01 0.000000000000000000e+00 1.285999999999999943e+02
-6.717554587241635566e+00 -2.240198889287371742e+01 0.000000000000000000e+00 -6.842792248045626025e-02 -2.833062414107700988e-01 0.000000000000000000e+00 1.287000000000000171e+02
-6.723459155245620877e+00 -2.242659910496321274e+01 0.000000000000000000e+00 -5.904568003985311009e-02 -2.461021208949532024e-01 0.000000000000000000e+00 1.288000000000000114e+02
-6.729363723249605300e+00 -2.245120931705270806e+01 0.000000000000000000e+00 -5.904568003984422830e-02 -2.461021208949532024e-01 0.000000000000000000e+00 1.289000000000000057e+02
-6.735268291253590611e+00 -2.247581952914219983e+01 0.000000000000000000e+00 -5.904568003985311009e-02 -2.461021208949176753e-01 0.000000000000000000e+00 1.290000000000000000e+02
-6.741172859257575034e+00 -2.250042974123169515e+01 0.000000000000000000e+00 -5.904568003984422830e-02 -2.461021208949532024e-01 0.000000000000000000e+00 1.290999999999999943e+02
-6.747077427261560345e+00 -2.252503995332118691e+01 0.000000000000000000e+00 -5.904568003985311009e-02 -2.461021208949176753e-01 0.000000000000000000e+00 1.292000000000000171e+02
-6.752903222851878162e+00 -2.254819975643043861e+01 0.000000000000000000e+00 -5.825795590317817130e-02 -2.315980310925169761e-01 0.000000000000000000e+00 1.293000000000000114e+02
-6.758668444927931063e+00 -2.257024424054708689e+01 0.000000000000000000e+00 -5.765222076052900491e-02 -2.204448411664827745e-01 0.000000000000000000e+00 1.294000000000000057e+02
-6.764433667003983963e+00 -2.259228872466373161e+01 0.000000000000000000e+00 -5.765222076052900491e-02 -2.204448411664472474e-01 0.000000000000000000e+00 1.295000000000000000e+02
-6.770198889080036864e+00 -2.261433320878037989e+01 0.000000000000000000e+00 -5.765222076052900491e-02 -2.204448411664827745e-01 0.000000000000000000e+00 1.295999999999999943e+02
-6.775964111156089764e+00 -2.263637769289702817e+01 0.000000000000000000e+00 -5.765222076052900491e-02 -2.204448411664827745e-01 0.000000000000000000e+00 1.297000000000000171e+02
-6.781655095730851457e+00 -2.265797503134465885e+01 0.000000000000000000e+00 -5.690984574761692727e-02 -2.159733844763067623e-01 0.000000000000000000e+00 1.298000000000000114e+02
-6.787185050317837032e+00 -2.267860245754628323e+01 0.000000000000000000e+00 -5.529954586985574849e-02 -2.062742620162438811e-01 0.000000000000000000e+00 1.299000000000000057e+02
-6.792715004904823495e+00 -2.269922988374790762e+01 0.000000000000000000e+00 -5.529954586986463028e-02 -2.062742620162438811e-01 0.000000000000000000e+00 1.300000000000000000e+02
-6.798244959491809958e+00 -2.271985730994953201e+01 0.000000000000000000e+00 -5.529954586986463028e-02 -2.062742620162438811e-01 0.000000000000000000e+00 1.300999999999999943e+02
-6.803774914078795533e+00 -2.274048473615115640e+01 0.000000000000000000e+00 -5.529954586985574849e-02 -2.062742620162438811e-01 0.000000000000000000e+00 1.302000000000000171e+02
-6.809304868665781996e+00 -2.276111216235277723e+01 0.000000000000000000e+00 -5.529954586986463028e-02 -2.062742620162083540e-01 0.000000000000000000e+00 1.303000000000000114e+02
-6.811573961470484662e+00 -2.278126352528156673e+01 0.000000000000000000e+00 -2.269092804702665944e-02 -2.015136292878949575e-01 0.000000000000000000e+00 1.304000000000000057e+02
-6.812253457027421355e+00 -2.280118281800352520e+01 0.000000000000000000e+00 -6.794955569366933901e-03 -1.991929272195847034e-01 0.000000000000000000e+00 1.305000000000000000e+02
-6.812932952584358048e+00 -2.282110211072548367e+01 0.000000000000000000e+00 -6.794955569366933901e-03 -1.991929272195847034e-01 0.000000000000000000e+00 1.305999999999999943e+02
-6.813612448141294742e+00 -2.284102140344744214e+01 0.000000000000000000e+00 -6.794955569366933901e-03 -1.991929272195847034e-01 0.000000000000000000e+00 1.307000000000000171e+02
-6.814291943698231435e+00 -2.286094069616940416e+01 0.000000000000000000e+00 -6.794955569366933901e-03 -1.991929272196202305e-01 0.000000000000000000e+00 1.308000000000000114e+02
-6.811676558621292621e+00 -2.287763089590259824e+01 0.000000000000000000e+00 2.615385076938814279e-02 -1.669019973319407768e-01 0.000000000000000000e+00 1.309000000000000057e+02
-6.808232278589867903e+00 -2.289350875091579951e+01 0.000000000000000000e+00 3.444280031424717947e-02 -1.587785501320126968e-01 0.000000000000000000e+00 1.310000000000000000e+02
-6.804787998558444073e+00 -2.290938660592899723e+01 0.000000000000000000e+00 3.444280031423829769e-02 -1.587785501319771697e-01 0.000000000000000000e+00 1.310999999999999943e+02
-6.801343718527019355e+00 -2.292526446094219850e+01 0.000000000000000000e+00 3.444280031424717947e-02 -1.587785501320126968e-01 0.000000000000000000e+00 1.312000000000000171e+02
-6.794186565423834701e+00 -2.293897408741280941e+01 0.000000000000000000e+00 7.157153103184654697e-02 -1.370962647061091388e-01 0.000000000000000000e+00 1.313000000000000114e+02
-6.779127942132851636e+00 -2.294806944540225402e+01 0.000000000000000000e+00 1.505862329098306418e-01 -9.095357989444607938e-02 0.000000000000000000e+00 1.314000000000000057e+02
-6.764069318841868572e+00 -2.295716480339170218e+01 0.000000000000000000e+00 1.505862329098306418e-01 -9.095357989448160652e-02 0.000000000000000000e+00 1.315000000000000000e+02
-6.749010695550885508e+00 -2.296626016138114679e+01 0.000000000000000000e+00 1.505862329098306418e-01 -9.095357989444607938e-02 0.000000000000000000e+00 1.315999999999999943e+02
-6.733952072259903332e+00 -2.297535551937059495e+01 0.000000000000000000e+00 1.505862329098217600e-01 -9.095357989448160652e-02 0.000000000000000000e+00 1.317000000000000171e+02
-6.716106457952811581e+00 -2.298233617582064170e+01 0.000000000000000000e+00 1.784561430709175056e-01 -6.980656450046751615e-02 0.000000000000000000e+00 1.318000000000000114e+02
-6.696386467813830734e+00 -2.298789460111378702e+01 0.000000000000000000e+00 1.971999013898084741e-01 -5.558425293145319301e-02 0.000000000000000000e+00 1.319000000000000057e+02
-6.676666477674849887e+00 -2.299345302640693234e+01 0.000000000000000000e+00 1.971999013898084741e-01 -5.558425293145319301e-02 0.000000000000000000e+00 1.320000000000000000e+02
-6.656946487535869039e+00 -2.299901145170007766e+01 0.000000000000000000e+00 1.971999013898084741e-01 -5.558425293145319301e-02 0.000000000000000000e+00 1.320999999999999943e+02
-6.637226497396888192e+00 -2.300456987699322298e+01 0.000000000000000000e+00 1.971999013898084741e-01 -5.558425293145319301e-02 0.000000000000000000e+00 1.322000000000000171e+02
-6.615804650143024546e+00 -2.301084970442654054e+01 0.000000000000000000e+00 2.142184725386364619e-01 -6.279827433317564100e-02 0.000000000000000000e+00 1.323000000000000114e+02
-6.593187629657433213e+00 -2.301763615519486450e+01 0.000000000000000000e+00 2.261702048559133260e-01 -6.786450768323959437e-02 0.000000000000000000e+00 1.324000000000000057e+02
-6.570570609171842769e+00 -2.302442260596318846e+01 0.000000000000000000e+00 2.261702048559044442e-01 -6.786450768323959437e-02 0.000000000000000000e+00 1.325000000000000000e+02
-6.547953588686251436e+00 -2.303120905673151242e+01 0.000000000000000000e+00 2.261702048559133260e-01 -6.786450768323959437e-02 0.000000000000000000e+00 1.325999999999999943e+02
-6.525336568200660992e+00 -2.303799550749983283e+01 0.000000000000000000e+00 2.261702048559044442e-01 -6.786450768320406723e-02 0.000000000000000000e+00 1.327000000000000171e+02
-6.502719547715069659e+00 -2.304478195826815679e+01 0.000000000000000000e+00 2.261702048559133260e-01 -6.786450768323959437e-02 0.000000000000000000e+00 1.328000000000000114e+02
-6.478080011987808362e+00 -2.305175783950953061e+01 0.000000000000000000e+00 2.463953572726129693e-01 -6.975881241373826924e-02 0.000000000000000000e+00 1.329000000000000057e+02
-6.453276174884225114e+00 -2.305874910935554567e+01 0.000000000000000000e+00 2.480383710358324834e-01 -6.991269846015057965e-02 0.000000000000000000e+00 1.330000000000000000e+02
-6.428472337780640977e+00 -2.306574037920156073e+01 0.000000000000000000e+00 2.480383710358413651e-01 -6.991269846015057965e-02 0.000000000000000000e+00 1.330999999999999943e+02
-6.403668500677056841e+00 -2.307273164904757579e+01 0.000000000000000000e+00 2.480383710358413651e-01 -6.991269846015057965e-02 0.000000000000000000e+00 1.332000000000000171e+02
-6.378864663573472704e+00 -2.307972291889359084e+01 0.000000000000000000e+00 2.480383710358413651e-01 -6.991269846015057965e-02 0.000000000000000000e+00 1.333000000000000114e+02
-6.354060826469889456e+00 -2.308671418873960590e+01 0.000000000000000000e+00 2.480383710358324834e-01 -6.991269846015057965e-02 0.000000000000000000e+00 1.334000000000000057e+02
-6.326071234950207511e+00 -2.309577630654889546e+01 0.000000000000000000e+00 2.798959151968194448e-01 -9.062117809289560455e-02 0.000000000000000000e+00 1.335000000000000000e+02
-6.297877018291435647e+00 -2.310497143760941796e+01 0.000000000000000000e+00 2.819421665877186456e-01 -9.195131060522498956e-02 0.000000000000000000e+00 1.335999999999999943e+02
-6.269682801632662894e+00 -2.311416656866994401e+01 0.000000000000000000e+00 2.819421665877275274e-01 -9.195131060526051670e-02 0.000000000000000000e+00 1.337000000000000171e+02
-6.241488584973891030e+00 -2.312336169973046651e+01 0.000000000000000000e+00 2.819421665877186456e-01 -9.195131060522498956e-02 0.000000000000000000e+00 1.338000000000000114e+02
-6.213294368315118277e+00 -2.313255683079098901e+01 0.000000000000000000e+00 2.819421665877275274e-01 -9.195131060522498956e-02 0.000000000000000000e+00 1.339000000000000057e+02
-6.185100151656346412e+00 -2.314175196185151506e+01 0.000000000000000000e+00 2.819421665877186456e-01 -9.195131060526051670e-02 0.000000000000000000e+00 1.340000000000000000e+02
-6.156905934997574548e+00 -2.315094709291203756e+01 0.000000000000000000e+00 2.819421665877186456e-01 -9.195131060522498956e-02 0.000000000000000000e+00 1.340999999999999943e+02
-6.128203227124716435e+00 -2.315862604141259951e+01 0.000000000000000000e+00 2.870270787285811309e-01 -7.678948500561944002e-02 0.000000000000000000e+00 1.342000000000000171e+02
-6.099471754976081961e+00 -2.316621922266276457e+01 0.000000000000000000e+00 2.873147214863447374e-01 -7.593181250165059737e-02 0.000000000000000000e+00 1.343000000000000114e+02
-6.070740282827447487e+00 -2.317381240391293318e+01 0.000000000000000000e+00 2.873147214863447374e-01 -7.593181250168612451e-02 0.000000000000000000e+00 1.344000000000000057e+02
-6.042008810678813013e+00 -2.318140558516309824e+01 0.000000000000000000e+00 2.873147214863447374e-01 -7.593181250165059737e-02 0.000000000000000000e+00 1.345000000000000000e+02
-6.013277338530179428e+00 -2.318899876641326685e+01 0.000000000000000000e+00 2.873147214863358556e-01 -7.593181250168612451e-02 0.000000000000000000e+00 1.345999999999999943e+02
-5.984545866381544954e+00 -2.319659194766343191e+01 0.000000000000000000e+00 2.873147214863447374e-01 -7.593181250165059737e-02 0.000000000000000000e+00 1.347000000000000171e+02
-5.955814394232910480e+00 -2.320418512891359697e+01 0.000000000000000000e+00 2.873147214863447374e-01 -7.593181250165059737e-02 0.000000000000000000e+00 1.348000000000000114e+02
-5.931443271789587968e+00 -2.321418597430387720e+01 0.000000000000000000e+00 2.437112244332251265e-01 -1.000084539028023300e-01 0.000000000000000000e+00 1.349000000000000057e+02
-5.909752799761716524e+00 -2.322566700048552235e+01 0.000000000000000000e+00 2.169047202787144357e-01 -1.148102618164514865e-01 0.000000000000000000e+00 1.350000000000000000e+02
-5.888062327733844192e+00 -2.323714802666717105e+01 0.000000000000000000e+00 2.169047202787233175e-01 -1.148102618164870137e-01 0.000000000000000000e+00 1.350999999999999943e+02
-5.866371855705972749e+00 -2.324862905284881620e+01 0.000000000000000000e+00 2.169047202787144357e-01 -1.148102618164514865e-01 0.000000000000000000e+00 1.352000000000000171e+02
-5.844681383678100417e+00 -2.326011007903046490e+01 0.000000000000000000e+00 2.169047202787233175e-01 -1.148102618164870137e-01 0.000000000000000000e+00 1.353000000000000114e+02
-5.822990911650228973e+00 -2.327159110521211005e+01 0.000000000000000000e+00 2.169047202787144357e-01 -1.148102618164514865e-01 0.000000000000000000e+00 1.354000000000000057e+02
-5.805971083417591494e+00 -2.328535393083677008e+01 0.000000000000000000e+00 1.701982823263747946e-01 -1.376282562466002446e-01 0.000000000000000000e+00 1.355000000000000000e+02
-5.802543070422474081e+00 -2.330575691096649038e+01 0.000000000000000000e+00 3.428012995117413197e-02 -2.040298012972030506e-01 0.000000000000000000e+00 1.355999999999999943e+02
-5.799115057427356668e+00 -2.332615989109621069e+01 0.000000000000000000e+00 3.428012995117413197e-02 -2.040298012972030506e-01 0.000000000000000000e+00 1.357000000000000171e+02
-5.795687044432240143e+00 -2.334656287122593099e+01 0.000000000000000000e+00 3.428012995116525019e-02 -2.040298012972030506e-01 0.000000000000000000e+00 1.358000000000000114e+02
-5.792259031437122729e+00 -2.336696585135565485e+01 0.000000000000000000e+00 3.428012995117413197e-02 -2.040298012972385777e-01 0.000000000000000000e+00 1.359000000000000057e+02
-5.791637325737064579e+00 -2.338858592739368092e+01 0.000000000000000000e+00 6.217057000581505122e-03 -2.162007603802607036e-01 0.000000000000000000e+00 1.360000000000000000e+02
-5.793253793080621605e+00 -2.341117669942720525e+01 0.000000000000000000e+00 -1.616467343557026481e-02 -2.259077203352433116e-01 0.000000000000000000e+00 1.360999999999999943e+02
-5.794870260424177744e+00 -2.343376747146073313e+01 0.000000000000000000e+00 -1.616467343556138303e-02 -2.259077203352788388e-01 0.000000000000000000e+00 1.362000000000000171e+02
-5.796486727767733882e+00 -2.345635824349426102e+01 0.000000000000000000e+00 -1.616467343556138303e-02 -2.259077203352788388e-01 0.000000000000000000e+00 1.363000000000000114e+02
-5.798103195111290020e+00 -2.347894901552778535e+01 0.000000000000000000e+00 -1.616467343556138303e-02 -2.259077203352433116e-01 0.000000000000000000e+00 1.364000000000000057e+02
-5.800247770209559839e+00 -2.350405463113181170e+01 0.000000000000000000e+00 -2.144575098269818625e-02 -2.510561560402635450e-01 0.000000000000000000e+00 1.365000000000000000e+02
-5.802711600205848086e+00 -2.353068053520057745e+01 0.000000000000000000e+00 -2.463829996288247060e-02 -2.662590406876574889e-01 0.000000000000000000e+00 1.365999999999999943e+02
-5.805175430202135445e+00 -2.355730643926934320e+01 0.000000000000000000e+00 -2.463829996287358881e-02 -2.662590406876574889e-01 0.000000000000000000e+00 1.367000000000000171e+02
-5.807639260198423692e+00 -2.358393234333810895e+01 0.000000000000000000e+00 -2.463829996288247060e-02 -2.662590406876574889e-01 0.000000000000000000e+00 1.368000000000000114e+02
-5.810103090194711939e+00 -2.361055824740687470e+01 0.000000000000000000e+00 -2.463829996288247060e-02 -2.662590406876574889e-01 0.000000000000000000e+00 1.369000000000000057e+02
-5.812566920191000186e+00 -2.363718415147564045e+01 0.000000000000000000e+00 -2.463829996288247060e-02 -2.662590406876574889e-01 0.000000000000000000e+00 1.370000000000000000e+02
-5.815072303329933412e+00 -2.366409400532179319e+01 0.000000000000000000e+00 -2.505383138933225950e-02 -2.690985384615274256e-01 0.000000000000000000e+00 1.370999999999999943e+02
-5.817990771059322164e+00 -2.369382663670127087e+01 0.000000000000000000e+00 -2.918467729388751764e-02 -2.973263137947768087e-01 0.000000000000000000e+00 1.372000000000000171e+02
-5.820909238788710027e+00 -2.372355926808074855e+01 0.000000000000000000e+00 -2.918467729387863585e-02 -2.973263137947768087e-01 0.000000000000000000e+00 1.373000000000000114e+02
-5.823827706518097891e+00 -2.375329189946022979e+01 0.000000000000000000e+00 -2.918467729387863585e-02 -2.973263137948123358e-01 0.000000000000000000e+00 1.374000000000000057e+02
-5.826746174247486643e+00 -2.378302453083970747e+01 0.000000000000000000e+00 -2.918467729388751764e-02 -2.973263137947768087e-01 0.000000000000000000e+00 1.375000000000000000e+02
-5.829664641976874506e+00 -2.381275716221918515e+01 0.000000000000000000e+00 -2.918467729387863585e-02 -2.973263137947768087e-01 0.000000000000000000e+00 1.375999999999999943e+02
-5.832583109706262370e+00 -2.384248979359866638e+01 0.000000000000000000e+00 -2.918467729387863585e-02 -2.973263137948123358e-01 0.000000000000000000e+00 1.377000000000000171e+02
-5.835505665974438649e+00 -2.387195167210644087e+01 0.000000000000000000e+00 -2.922556268176279559e-02 -2.946187850777448602e-01 0.000000000000000000e+00 1.378000000000000114e+02
-5.838479380252983297e+00 -2.389802574412939862e+01 0.000000000000000000e+00 -2.973714278544647982e-02 -2.607407202295775051e-01 0.000000000000000000e+00 1.379000000000000057e+02
-5.841453094531527945e+00 -2.392409981615235637e+01 0.000000000000000000e+00 -2.973714278544647982e-02 -2.607407202295775051e-01 0.000000000000000000e+00 1.380000000000000000e+02
-5.844426808810072593e+00 -2.395017388817531412e+01 0.000000000000000000e+00 -2.973714278544647982e-02 -2.607407202295775051e-01 0.000000000000000000e+00 1.380999999999999943e+02
-5.847400523088617241e+00 -2.397624796019827187e+01 0.000000000000000000e+00 -2.973714278544647982e-02 -2.607407202295775051e-01 0.000000000000000000e+00 1.382000000000000171e+02
-5.850374237367161889e+00 -2.400232203222122962e+01 0.000000000000000000e+00 -2.973714278544647982e-02 -2.607407202295775051e-01 0.000000000000000000e+00 1.383000000000000114e+02
-5.853350668956100122e+00 -2.402841724108554899e+01 0.000000000000000000e+00 -2.976431588938233119e-02 -2.609520886431937470e-01 0.000000000000000000e+00 1.384000000000000057e+02
-5.856443551189347119e+00 -2.405541827167758129e+01 0.000000000000000000e+00 -3.092882233246996293e-02 -2.700103059203229350e-01 0.000000000000000000e+00 1.385000000000000000e+02
-5.859536433422594115e+00 -2.408241930226961358e+01 0.000000000000000000e+00 -3.092882233246996293e-02 -2.700103059203229350e-01 0.000000000000000000e+00 1.385999999999999943e+02
-5.862629315655840223e+00 -2.410942033286164232e+01 0.000000000000000000e+00 -3.092882233246108115e-02 -2.700103059202874078e-01 0.000000000000000000e+00 1.387000000000000171e+02
-5.865722197889087219e+00 -2.413642136345367462e+01 0.000000000000000000e+00 -3.092882233246996293e-02 -2.700103059203229350e-01 0.000000000000000000e+00 1.388000000000000114e+02
-5.868815080122334216e+00 -2.416342239404570691e+01 0.000000000000000000e+00 -3.092882233246996293e-02 -2.700103059203229350e-01 0.000000000000000000e+00 1.389000000000000057e+02
-5.871907962355580324e+00 -2.419042342463773920e+01 0.000000000000000000e+00 -3.092882233246108115e-02 -2.700103059203229350e-01 0.000000000000000000e+00 1.390000000000000000e+02
-5.875433282161573345e+00 -2.421926565464028513e+01 0.000000000000000000e+00 -3.525319805993021305e-02 -2.884223000254593217e-01 0.000000000000000000e+00 1.390999999999999943e+02
-5.879137359268907126e+00 -2.424886898372070121e+01 0.000000000000000000e+00 -3.704077107333780816e-02 -2.960332908041607425e-01 0.000000000000000000e+00 1.392000000000000171e+02
-5.882841436376240019e+00 -2.427847231280112084e+01 0.000000000000000000e+00 -3.704077107332892638e-02 -2.960332908041962696e-01 0.000000000000000000e+00 1.393000000000000114e+02
-5.886545513483572911e+00 -2.430807564188153691e+01 0.000000000000000000e+00 -3.704077107332892638e-02 -2.960332908041607425e-01 0.000000000000000000e+00 1.394000000000000057e+02
-5.890249590590905804e+00 -2.433767897096195298e+01 0.000000000000000000e+00 -3.704077107332892638e-02 -2.960332908041607425e-01 0.000000000000000000e+00 1.395000000000000000e+02
-5.893953667698239585e+00 -2.436728230004236906e+01 0.000000000000000000e+00 -3.704077107333780816e-02 -2.960332908041607425e-01 0.000000000000000000e+00 1.395999999999999943e+02
-5.897657744805572477e+00 -2.439688562912278869e+01 0.000000000000000000e+00 -3.704077107332892638e-02 -2.960332908041962696e-01 0.000000000000000000e+00 1.397000000000000171e+02
-5.901951031668335013e+00 -2.442517703147555963e+01 0.000000000000000000e+00 -4.293286862762535350e-02 -2.829140235277094462e-01 0.000000000000000000e+00 1.398000000000000114e+02
-5.908479295005948373e+00 -2.444849206446919609e+01 0.000000000000000000e+00 -6.528263337613360306e-02 -2.331503299363646420e-01 0.000000000000000000e+00 1.399000000000000057e+02
-5.915007558343562621e+00 -2.447180709746283611e+01 0.000000000000000000e+00 -6.528263337614248485e-02 -2.331503299364001691e-01 0.000000000000000000e+00 1.400000000000000000e+02
-5.921535821681176870e+00 -2.449512213045647258e+01 0.000000000000000000e+00 -6.528263337614248485e-02 -2.331503299363646420e-01 0.000000000000000000e+00 1.400999999999999943e+02
-5.928064085018791118e+00 -2.451843716345011259e+01 0.000000000000000000e+00 -6.528263337614248485e-02 -2.331503299364001691e-01 0.000000000000000000e+00 1.402000000000000171e+02
-5.934592348356404479e+00 -2.454175219644374906e+01 0.000000000000000000e+00 -6.528263337613360306e-02 -2.331503299363646420e-01 0.000000000000000000e+00 1.403000000000000114e+02
-5.939629584867669010e+00 -2.456410232722638654e+01 0.000000000000000000e+00 -5.037236511264531202e-02 -2.235013078263747843e-01 0.000000000000000000e+00 1.404000000000000057e+02
-5.944581754320231504e+00 -2.458639740776339622e+01 0.000000000000000000e+00 -4.952169452562493746e-02 -2.229508053700968162e-01 0.000000000000000000e+00 1.405000000000000000e+02
-5.949533923772793997e+00 -2.460869248830040590e+01 0.000000000000000000e+00 -4.952169452562493746e-02 -2.229508053700968162e-01 0.000000000000000000e+00 1.405999999999999943e+02
-5.954486093225356491e+00 -2.463098756883741558e+01 0.000000000000000000e+00 -4.952169452562493746e-02 -2.229508053700968162e-01 0.000000000000000000e+00 1.407000000000000171e+02
-5.959438262677918985e+00 -2.465328264937442526e+01 0.000000000000000000e+00 -4.952169452562493746e-02 -2.229508053700968162e-01 0.000000000000000000e+00 1.408000000000000114e+02
-5.964859212493575313e+00 -2.467891049226724931e+01 0.000000000000000000e+00 -5.420949815656328497e-02 -2.562784289282404870e-01 0.000000000000000000e+00 1.409000000000000057e+02
-5.970378975991080139e+00 -2.470524084436274848e+01 0.000000000000000000e+00 -5.519763497504825978e-02 -2.633035209549916544e-01 0.000000000000000000e+00 1.410000000000000000e+02
-5.975898739488585854e+00 -2.473157119645824764e+01 0.000000000000000000e+00 -5.519763497505714156e-02 -2.633035209549916544e-01 0.000000000000000000e+00 1.410999999999999943e+02
-5.981418502986090679e+00 -2.475790154855374681e+01 0.000000000000000000e+00 -5.519763497504825978e-02 -2.633035209549916544e-01 0.000000000000000000e+00 1.412000000000000171e+02
-5.986938266483596394e+00 -2.478423190064924242e+01 0.000000000000000000e+00 -5.519763497505714156e-02 -2.633035209549561273e-01 0.000000000000000000e+00 1.413000000000000114e+02
-5.992458029981102108e+00 -2.481056225274474158e+01 0.000000000000000000e+00 -5.519763497505714156e-02 -2.633035209549916544e-01 0.000000000000000000e+00 1.414000000000000057e+02
-5.997859624163417003e+00 -2.483643586086527577e+01 0.000000000000000000e+00 -5.401594182314894965e-02 -2.587360812053418613e-01 0.000000000000000000e+00 1.415000000000000000e+02
-6.002576623542966061e+00 -2.485966339668733482e+01 0.000000000000000000e+00 -4.716999379549058347e-02 -2.322753582205905332e-01 0.000000000000000000e+00 1.415999999999999943e+02
-6.007293622922515119e+00 -2.488289093250939743e+01 0.000000000000000000e+00 -4.716999379549058347e-02 -2.322753582206260603e-01 0.000000000000000000e+00 1.417000000000000171e+02
-6.012010622302065066e+00 -2.490611846833145648e+01 0.000000000000000000e+00 -4.716999379549946525e-02 -2.322753582205905332e-01 0.000000000000000000e+00 1.418000000000000114e+02
-6.016727621681614124e+00 -2.492934600415351909e+01 0.000000000000000000e+00 -4.716999379549058347e-02 -2.322753582206260603e-01 0.000000000000000000e+00 1.419000000000000057e+02
-6.021444621061164071e+00 -2.495257353997557814e+01 0.000000000000000000e+00 -4.716999379549946525e-02 -2.322753582205905332e-01 0.000000000000000000e+00 1.420000000000000000e+02
-6.026108597045158000e+00 -2.497618105866350291e+01 0.000000000000000000e+00 -4.663975983993928764e-02 -2.360751868792476671e-01 0.000000000000000000e+00 1.420999999999999943e+02
-6.030736771198825785e+00 -2.500004514489012308e+01 0.000000000000000000e+00 -4.628174153667785617e-02 -2.386408622662017365e-01 0.000000000000000000e+00 1.422000000000000171e+02
-6.035364945352494459e+00 -2.502390923111673970e+01 0.000000000000000000e+00 -4.628174153668673796e-02 -2.386408622661662093e-01 0.000000000000000000e+00 1.423000000000000114e+02
-6.039993119506162245e+00 -2.504777331734335988e+01 0.000000000000000000e+00 -4.628174153667785617e-02 -2.386408622662017365e-01 0.000000000000000000e+00 1.424000000000000057e+02
-6.044621293659830030e+00 -2.507163740356997650e+01 0.000000000000000000e+00 -4.628174153667785617e-02 -2.386408622661662093e-01 0.000000000000000000e+00 1.425000000000000000e+02
-6.049249467813497816e+00 -2.509550148979659667e+01 0.000000000000000000e+00 -4.628174153667785617e-02 -2.386408622662017365e-01 0.000000000000000000e+00 1.425999999999999943e+02
-6.054043513582511693e+00 -2.512060724036604853e+01 0.000000000000000000e+00 -4.794045769013877134e-02 -2.510575056945185679e-01 0.000000000000000000e+00 1.427000000000000171e+02
-6.058859802831156216e+00 -2.514587949884259288e+01 0.000000000000000000e+00 -4.816289248644523013e-02 -2.527225847654435142e-01 0.000000000000000000e+00 1.428000000000000114e+02
-6.063676092079799851e+00 -2.517115175731913723e+01 0.000000000000000000e+00 -4.816289248643634835e-02 -2.527225847654435142e-01 0.000000000000000000e+00 1.429000000000000057e+02
-6.068492381328443486e+00 -2.519642401579568158e+01 0.000000000000000000e+00 -4.816289248643634835e-02 -2.527225847654435142e-01 0.000000000000000000e+00 1.430000000000000000e+02
-6.073308670577087121e+00 -2.522169627427222238e+01 0.000000000000000000e+00 -4.816289248643634835e-02 -2.527225847654079871e-01 0.000000000000000000e+00 1.430999999999999943e+02
-6.078124959825730755e+00 -2.524696853274876673e+01 0.000000000000000000e+00 -4.816289248643634835e-02 -2.527225847654435142e-01 0.000000000000000000e+00 1.432000000000000171e+02
-6.083012909329592155e+00 -2.527251466745394737e+01 0.000000000000000000e+00 -4.887949503861399592e-02 -2.554613470518063423e-01 0.000000000000000000e+00 1.433000000000000114e+02
-6.087914804002254598e+00 -2.529811409879095407e+01 0.000000000000000000e+00 -4.901894672662443497e-02 -2.559943133700670614e-01 0.000000000000000000e+00 1.434000000000000057e+02
-6.092816698674917042e+00 -2.532371353012796078e+01 0.000000000000000000e+00 -4.901894672662443497e-02 -2.559943133700670614e-01 0.000000000000000000e+00 1.435000000000000000e+02
-6.097718593347579485e+00 -2.534931296146496749e+01 0.000000000000000000e+00 -4.901894672662443497e-02 -2.559943133700670614e-01 0.000000000000000000e+00 1.435999999999999943e+02
-6.102620488020241041e+00 -2.537491239280197419e+01 0.000000000000000000e+00 -4.901894672661555319e-02 -2.559943133700670614e-01 0.000000000000000000e+00 1.437000000000000171e+02
-6.107522382692903484e+00 -2.540051182413898445e+01 0.000000000000000000e+00 -4.901894672662443497e-02 -2.559943133701025886e-01 0.000000000000000000e+00 1.438000000000000114e+02
-6.113143439251740752e+00 -2.542960429333176364e+01 0.000000000000000000e+00 -5.621056558837267403e-02 -2.909246919277919119e-01 0.000000000000000000e+00 1.439000000000000057e+02
-6.118885434823901903e+00 -2.545928417484422823e+01 0.000000000000000000e+00 -5.741995572161151529e-02 -2.967988151246458983e-01 0.000000000000000000e+00 1.440000000000000000e+02
-6.124627430396063055e+00 -2.548896405635668927e+01 0.000000000000000000e+00 -5.741995572161151529e-02 -2.967988151246103712e-01 0.000000000000000000e+00 1.440999999999999943e+02
-6.130369425968225094e+00 -2.551864393786915386e+01 0.000000000000000000e+00 -5.741995572162039707e-02 -2.967988151246458983e-01 0.000000000000000000e+00 1.442000000000000171e+02
-6.136111421540386246e+00 -2.554832381938161490e+01 0.000000000000000000e+00 -5.741995572161151529e-02 -2.967988151246103712e-01 0.000000000000000000e+00 1.443000000000000114e+02
-6.141853417112548286e+00 -2.557800370089407593e+01 0.000000000000000000e+00 -5.741995572162039707e-02 -2.967988151246103712e-01 0.000000000000000000e+00 1.444000000000000057e+02
-6.147595412684709437e+00 -2.560768358240654052e+01 0.000000000000000000e+00 -5.741995572161151529e-02 -2.967988151246458983e-01 0.000000000000000000e+00 1.445000000000000000e+02
-6.153063304760786778e+00 -2.563599226736020498e+01 0.000000000000000000e+00 -5.467892076077340846e-02 -2.830868495366445359e-01 0.000000000000000000e+00 1.445999999999999943e+02
-6.157828950755264152e+00 -2.566078798212460654e+01 0.000000000000000000e+00 -4.765645994477374359e-02 -2.479571476440156630e-01 0.000000000000000000e+00 1.447000000000000171e+02
-6.162594596749742415e+00 -2.568558369688901166e+01 0.000000000000000000e+00 -4.765645994478262537e-02 -2.479571476440511901e-01 0.000000000000000000e+00 1.448000000000000114e+02
-6.167360242744219789e+00 -2.571037941165341678e+01 0.000000000000000000e+00 -4.765645994477374359e-02 -2.479571476440511901e-01 0.000000000000000000e+00 1.449000000000000057e+02
-6.172125888738698052e+00 -2.573517512641782190e+01 0.000000000000000000e+00 -4.765645994478262537e-02 -2.479571476440511901e-01 0.000000000000000000e+00 1.450000000000000000e+02
-6.176891534733175426e+00 -2.575997084118222347e+01 0.000000000000000000e+00 -4.765645994477374359e-02 -2.479571476440156630e-01 0.000000000000000000e+00 1.450999999999999943e+02
-6.181513661297137752e+00 -2.578437296791885558e+01 0.000000000000000000e+00 -4.622126563962325463e-02 -2.440212673663211262e-01 0.000000000000000000e+00 1.452000000000000171e+02
-6.186063143027965339e+00 -2.580857587329223435e+01 0.000000000000000000e+00 -4.549481730827587000e-02 -2.420290537337876913e-01 0.000000000000000000e+00 1.453000000000000114e+02
-6.190612624758793814e+00 -2.583277877866560956e+01 0.000000000000000000e+00 -4.549481730828475179e-02 -2.420290537337521641e-01 0.000000000000000000e+00 1.454000000000000057e+02
-6.195162106489621401e+00 -2.585698168403898478e+01 0.000000000000000000e+00 -4.549481730827587000e-02 -2.420290537337521641e-01 0.000000000000000000e+00 1.455000000000000000e+02
-6.199711588220449876e+00 -2.588118458941236000e+01 0.000000000000000000e+00 -4.549481730828475179e-02 -2.420290537337521641e-01 0.000000000000000000e+00 1.455999999999999943e+02
-6.204315356714914742e+00 -2.590574810716152143e+01 0.000000000000000000e+00 -4.603768494464866023e-02 -2.456351774916143427e-01 0.000000000000000000e+00 1.457000000000000171e+02
-6.209494980606178771e+00 -2.593413687749218965e+01 0.000000000000000000e+00 -5.179623891264029112e-02 -2.838877033066822264e-01 0.000000000000000000e+00 1.458000000000000114e+02
-6.214674604497441912e+00 -2.596252564782285788e+01 0.000000000000000000e+00 -5.179623891263140933e-02 -2.838877033066822264e-01 0.000000000000000000e+00 1.459000000000000057e+02
-6.219854228388705053e+00 -2.599091441815352610e+01 0.000000000000000000e+00 -5.179623891263140933e-02 -2.838877033066822264e-01 0.000000000000000000e+00 1.460000000000000000e+02
-6.225033852279969082e+00 -2.601930318848419432e+01 0.000000000000000000e+00 -5.179623891264029112e-02 -2.838877033066822264e-01 0.000000000000000000e+00 1.460999999999999943e+02
-6.230213476171232223e+00 -2.604769195881486255e+01 0.000000000000000000e+00 -5.179623891263140933e-02 -2.838877033066822264e-01 0.000000000000000000e+00 1.462000000000000171e+02
-6.235393100062496252e+00 -2.607608072914553077e+01 0.000000000000000000e+00 -5.179623891264029112e-02 -2.838877033066822264e-01 0.000000000000000000e+00 1.463000000000000114e+02
-6.240543874311608619e+00 -2.610446101183510947e+01 0.000000000000000000e+00 -5.150774249112366476e-02 -2.838028268957870637e-01 0.000000000000000000e+00 1.464000000000000057e+02
-6.244944192985311560e+00 -2.613262050850793372e+01 0.000000000000000000e+00 -4.400318673702940941e-02 -2.815949667282424684e-01 0.000000000000000000e+00 1.465000000000000000e+02
-6.249344511659013612e+00 -2.616078000518075797e+01 0.000000000000000000e+00 -4.400318673702052763e-02 -2.815949667282424684e-01 0.000000000000000000e+00 1.465999999999999943e+02
-6.253744830332716553e+00 -2.618893950185358221e+01 0.000000000000000000e+00 -4.400318673702940941e-02 -2.815949667282424684e-01 0.000000000000000000e+00 1.467000000000000171e+02
-6.258145149006418606e+00 -2.621709899852640646e+01 0.000000000000000000e+00 -4.400318673702052763e-02 -2.815949667282424684e-01 0.000000000000000000e+00 1.468000000000000114e+02
-6.262545467680120659e+00 -2.624525849519923071e+01 0.000000000000000000e+00 -4.400318673702052763e-02 -2.815949667282424684e-01 0.000000000000000000e+00 1.469000000000000057e+02
-6.266945786353823600e+00 -2.627341799187205496e+01 0.000000000000000000e+00 -4.400318673702940941e-02 -2.815949667282424684e-01 0.000000000000000000e+00 1.470000000000000000e+02
-6.270328357597231062e+00 -2.630436090336737465e+01 0.000000000000000000e+00 -3.382571243407461736e-02 -3.094291149531969154e-01 0.000000000000000000e+00 1.470999999999999943e+02
-6.272567005266534323e+00 -2.633843230601598862e+01 0.000000000000000000e+00 -2.238647669303261978e-02 -3.407140264861396872e-01 0.000000000000000000e+00 1.472000000000000171e+02
-6.274805652935837585e+00 -2.637250370866460258e+01 0.000000000000000000e+00 -2.238647669303261978e-02 -3.407140264861396872e-01 0.000000000000000000e+00 1.473000000000000114e+02
-6.277044300605140847e+00 -2.640657511131321655e+01 0.000000000000000000e+00 -2.238647669303261978e-02 -3.407140264861396872e-01 0.000000000000000000e+00 1.474000000000000057e+02
-6.279282948274444109e+00 -2.644064651396183052e+01 0.000000000000000000e+00 -2.238647669303261978e-02 -3.407140264861396872e-01 0.000000000000000000e+00 1.475000000000000000e+02
-6.281521595943747371e+00 -2.647471791661044449e+01 0.000000000000000000e+00 -2.238647669303261978e-02 -3.407140264861396872e-01 0.000000000000000000e+00 1.475999999999999943e+02
-6.283760243613050633e+00 -2.650878931925905846e+01 0.000000000000000000e+00 -2.238647669303261978e-02 -3.407140264861396872e-01 0.000000000000000000e+00 1.477000000000000171e+02
-6.285998891282353895e+00 -2.654286072190767243e+01 0.000000000000000000e+00 -2.238647669303261978e-02 -3.407140264861396872e-01 0.000000000000000000e+00 1.478000000000000114e+02
-6.288237538951657157e+00 -2.657693212455628640e+01 0.000000000000000000e+00 -2.238647669303261978e-02 -3.407140264861396872e-01 0.000000000000000000e+00 1.479000000000000057e+02
-6.291429968762877856e+00 -2.660627799907047120e+01 0.000000000000000000e+00 -3.192429811220698355e-02 -2.934587451418479986e-01 0.000000000000000000e+00 1.480000000000000000e+02
-6.295424776888503438e+00 -2.663164847801733259e+01 0.000000000000000000e+00 -3.994808125625581852e-02 -2.537047894686139671e-01 0.000000000000000000e+00 1.480999999999999943e+02
-6.299419585014129019e+00 -2.665701895696419044e+01 0.000000000000000000e+00 -3.994808125625581852e-02 -2.537047894685784399e-01 0.000000000000000000e+00 1.482000000000000171e+02
-6.303414393139754601e+00 -2.668238943591105183e+01 0.000000000000000000e+00 -3.994808125625581852e-02 -2.537047894686139671e-01 0.000000000000000000e+00 1.483000000000000114e+02
-6.307409201265379295e+00 -2.670775991485790968e+01 0.000000000000000000e+00 -3.994808125624693673e-02 -2.537047894685784399e-01 0.000000000000000000e+00 1.484000000000000057e+02
-6.310975193106167502e+00 -2.673297204934262794e+01 0.000000000000000000e+00 -3.565991840788207412e-02 -2.521213448471826268e-01 0.000000000000000000e+00 1.485000000000000000e+02
-6.313468701749695988e+00 -2.675778815928016385e+01 0.000000000000000000e+00 -2.493508643528485891e-02 -2.481610993753591288e-01 0.000000000000000000e+00 1.485999999999999943e+02
-6.315962210393224474e+00 -2.678260426921769977e+01 0.000000000000000000e+00 -2.493508643528485891e-02 -2.481610993753591288e-01 0.000000000000000000e+00 1.487000000000000171e+02
-6.318455719036752960e+00 -2.680742037915523923e+01 0.000000000000000000e+00 -2.493508643528485891e-02 -2.481610993753946559e-01 0.000000000000000000e+00 1.488000000000000114e+02
-6.320949227680282334e+00 -2.683223648909277514e+01 0.000000000000000000e+00 -2.493508643529374069e-02 -2.481610993753591288e-01 0.000000000000000000e+00 1.489000000000000057e+02
-6.323442736323810820e+00 -2.685705259903031461e+01 0.000000000000000000e+00 -2.493508643528485891e-02 -2.481610993753946559e-01 0.000000000000000000e+00 1.490000000000000000e+02
-6.326602255626037064e+00 -2.688675731620433496e+01 0.000000000000000000e+00 -3.159519302226243553e-02 -2.970471717402034528e-01 0.000000000000000000e+00 1.490999999999999943e+02
-6.329830556606514058e+00 -2.691696690008829052e+01 0.000000000000000000e+00 -3.228300980476994653e-02 -3.020958388395555971e-01 0.000000000000000000e+00 1.492000000000000171e+02
-6.333058857586991941e+00 -2.694717648397224963e+01 0.000000000000000000e+00 -3.228300980477882831e-02 -3.020958388395911243e-01 0.000000000000000000e+00 1.493000000000000114e+02
-6.336287158567469824e+00 -2.697738606785620519e+01 0.000000000000000000e+00 -3.228300980477882831e-02 -3.020958388395555971e-01 0.000000000000000000e+00 1.494000000000000057e+02
-6.339515459547946818e+00 -2.700759565174016075e+01 0.000000000000000000e+00 -3.228300980476994653e-02 -3.020958388395555971e-01 0.000000000000000000e+00 1.495000000000000000e+02
-6.342743760528424701e+00 -2.703780523562411986e+01 0.000000000000000000e+00 -3.228300980477882831e-02 -3.020958388395911243e-01 0.000000000000000000e+00 1.495999999999999943e+02
-6.345972061508902584e+00 -2.706801481950807542e+01 0.000000000000000000e+00 -3.228300980477882831e-02 -3.020958388395555971e-01 0.000000000000000000e+00 1.497000000000000171e+02
-6.349121584778307792e+00 -2.709693396301924651e+01 0.000000000000000000e+00 -3.149523269405207770e-02 -2.891914351117108595e-01 0.000000000000000000e+00 1.498000000000000114e+02
-6.352136967354680586e+00 -2.712365577731675970e+01 0.000000000000000000e+00 -3.015382576372793721e-02 -2.672181429751319115e-01 0.000000000000000000e+00 1.499000000000000057e+02
-6.355152349931052491e+00 -2.715037759161426933e+01 0.000000000000000000e+00 -3.015382576371905543e-02 -2.672181429750963844e-01 0.000000000000000000e+00 1.500000000000000000e+02
-6.358167732507425285e+00 -2.717709940591178253e+01 0.000000000000000000e+00 -3.015382576372793721e-02 -2.672181429751319115e-01 0.000000000000000000e+00 1.500999999999999943e+02
-6.361183115083797190e+00 -2.720382122020929216e+01 0.000000000000000000e+00 -3.015382576371905543e-02 -2.672181429750963844e-01 0.000000000000000000e+00 1.502000000000000171e+02
-6.364198497660169984e+00 -2.723054303450680536e+01 0.000000000000000000e+00 -3.015382576372793721e-02 -2.672181429751319115e-01 0.000000000000000000e+00 1.503000000000000114e+02
-6.367262780231435215e+00 -2.725723328583204363e+01 0.000000000000000000e+00 -3.064282571265231070e-02 -2.669025132523827892e-01 0.000000000000000000e+00 1.504000000000000057e+02
-6.370603739137242094e+00 -2.728374495375468456e+01 0.000000000000000000e+00 -3.340958905806878931e-02 -2.651166792264092464e-01 0.000000000000000000e+00 1.505000000000000000e+02
-6.373944698043048973e+00 -2.731025662167732193e+01 0.000000000000000000e+00 -3.340958905806878931e-02 -2.651166792263737193e-01 0.000000000000000000e+00 1.505999999999999943e+02
-6.377285656948855852e+00 -2.733676828959996286e+01 0.000000000000000000e+00 -3.340958905806878931e-02 -2.651166792264092464e-01 0.000000000000000000e+00 1.507000000000000171e+02
-6.380626615854662731e+00 -2.736327995752260023e+01 0.000000000000000000e+00 -3.340958905806878931e-02 -2.651166792263737193e-01 0.000000000000000000e+00 1.508000000000000114e+02
-6.383967574760469610e+00 -2.738979162544524115e+01 0.000000000000000000e+00 -3.340958905806878931e-02 -2.651166792264092464e-01 0.000000000000000000e+00 1.509000000000000057e+02
-6.387316249849824601e+00 -2.741632454362687454e+01 0.000000000000000000e+00 -3.348675089354991030e-02 -2.653291818163339144e-01 0.000000000000000000e+00 1.510000000000000000e+02
-6.392068498855142167e+00 -2.744672288427326379e+01 0.000000000000000000e+00 -4.752249005317565889e-02 -3.039834064638924360e-01 0.000000000000000000e+00 1.510999999999999943e+02
-6.396820747860458845e+00 -2.747712122491965303e+01 0.000000000000000000e+00 -4.752249005316677710e-02 -3.039834064638924360e-01 0.000000000000000000e+00 1.512000000000000171e+02
-6.401572996865775522e+00 -2.750751956556604227e+01 0.000000000000000000e+00 -4.752249005316677710e-02 -3.039834064638924360e-01 0.000000000000000000e+00 1.513000000000000114e+02
-6.406325245871092200e+00 -2.753791790621243152e+01 0.000000000000000000e+00 -4.752249005316677710e-02 -3.039834064638924360e-01 0.000000000000000000e+00 1.514000000000000057e+02
-6.411077494876408878e+00 -2.756831624685882431e+01 0.000000000000000000e+00 -4.752249005316677710e-02 -3.039834064639279632e-01 0.000000000000000000e+00 1.515000000000000000e+02
-6.415829743881726444e+00 -2.759871458750521356e+01 0.000000000000000000e+00 -4.752249005317565889e-02 -3.039834064638924360e-01 0.000000000000000000e+00 1.515999999999999943e+02
-6.420581992887043121e+00 -2.762911292815160280e+01 0.000000000000000000e+00 -4.752249005316677710e-02 -3.039834064638924360e-01 0.000000000000000000e+00 1.517000000000000171e+02
-6.425334241892359799e+00 -2.765951126879799205e+01 0.000000000000000000e+00 -4.752249005316677710e-02 -3.039834064638924360e-01 0.000000000000000000e+00 1.518000000000000114e+02
-6.428763627991641805e+00 -2.768390421456993167e+01 0.000000000000000000e+00 -3.429386099282005773e-02 -2.439294577193962255e-01 0.000000000000000000e+00 1.519000000000000057e+02
-6.431915783965233224e+00 -2.770703861996836181e+01 0.000000000000000000e+00 -3.152155973591419524e-02 -2.313440539843014676e-01 0.000000000000000000e+00 1.520000000000000000e+02
-6.435067939938824644e+00 -2.773017302536678841e+01 0.000000000000000000e+00 -3.152155973591419524e-02 -2.313440539842659405e-01 0.000000000000000000e+00 1.520999999999999943e+02
-6.438220095912416951e+00 -2.775330743076521856e+01 0.000000000000000000e+00 -3.152155973592307703e-02 -2.313440539843014676e-01 0.000000000000000000e+00 1.522000000000000171e+02
-6.441372251886008371e+00 -2.777644183616364870e+01 0.000000000000000000e+00 -3.152155973591419524e-02 -2.313440539843014676e-01 0.000000000000000000e+00 1.523000000000000114e+02
-6.445431276904408868e+00 -2.779798700273864753e+01 0.000000000000000000e+00 -4.059025018400497231e-02 -2.154516657499883081e-01 0.000000000000000000e+00 1.524000000000000057e+02
-6.450423494356487097e+00 -2.781789680017868704e+01 0.000000000000000000e+00 -4.992217452078229201e-02 -1.990979744003951168e-01 0.000000000000000000e+00 1.525000000000000000e+02
-6.455415711808566215e+00 -2.783780659761872656e+01 0.000000000000000000e+00 -4.992217452079117379e-02 -1.990979744003951168e-01 0.000000000000000000e+00 1.525999999999999943e+02
-6.460407929260645332e+00 -2.785771639505876252e+01 0.000000000000000000e+00 -4.992217452079117379e-02 -1.990979744003595897e-01 0.000000000000000000e+00 1.527000000000000171e+02
-6.465400146712723561e+00 -2.787762619249880203e+01 0.000000000000000000e+00 -4.992217452078229201e-02 -1.990979744003951168e-01 0.000000000000000000e+00 1.528000000000000114e+02
-6.470466245349084211e+00 -2.789673093937290460e+01 0.000000000000000000e+00 -5.066098636360649721e-02 -1.910474687410257388e-01 0.000000000000000000e+00 1.529000000000000057e+02
-6.475566016319474372e+00 -2.791546877372616819e+01 0.000000000000000000e+00 -5.099770970390160585e-02 -1.873783435326359381e-01 0.000000000000000000e+00 1.530000000000000000e+02
-6.480665787289865420e+00 -2.793420660807942824e+01 0.000000000000000000e+00 -5.099770970391048763e-02 -1.873783435326004110e-01 0.000000000000000000e+00 1.530999999999999943e+02
-6.485765558260255581e+00 -2.795294444243269183e+01 0.000000000000000000e+00 -5.099770970390160585e-02 -1.873783435326359381e-01 0.000000000000000000e+00 1.532000000000000171e+02
-6.490865329230646630e+00 -2.797168227678595542e+01 0.000000000000000000e+00 -5.099770970391048763e-02 -1.873783435326359381e-01 0.000000000000000000e+00 1.533000000000000114e+02
-6.501366247798030962e+00 -2.798597581797826450e+01 0.000000000000000000e+00 -1.050091856738433194e-01 -1.429354119230907827e-01 0.000000000000000000e+00 1.534000000000000057e+02
-6.512024715517716444e+00 -2.800013972105061555e+01 0.000000000000000000e+00 -1.065846771968548268e-01 -1.416390307235104729e-01 0.000000000000000000e+00 1.535000000000000000e+02
-6.522683183237402815e+00 -2.801430362412296660e+01 0.000000000000000000e+00 -1.065846771968637086e-01 -1.416390307235104729e-01 0.000000000000000000e+00 1.536000000000000227e+02
-6.533341650957088298e+00 -2.802846752719531764e+01 0.000000000000000000e+00 -1.065846771968548268e-01 -1.416390307235104729e-01 0.000000000000000000e+00 1.537000000000000171e+02
-6.544000118676774669e+00 -2.804263143026766869e+01 0.000000000000000000e+00 -1.065846771968637086e-01 -1.416390307235104729e-01 0.000000000000000000e+00 1.538000000000000114e+02
-6.565514485962339108e+00 -2.804371768045246682e+01 0.000000000000000000e+00 -2.151436728556443967e-01 -1.086250184798132068e-02 0.000000000000000000e+00 1.539000000000000057e+02
-6.588074953919028864e+00 -2.804354373645627163e+01 0.000000000000000000e+00 -2.256046795668975591e-01 1.739439961951916302e-03 0.000000000000000000e+00 1.540000000000000000e+02
-6.610635421875718620e+00 -2.804336979246007644e+01 0.000000000000000000e+00 -2.256046795668975591e-01 1.739439961951916302e-03 0.000000000000000000e+00 1.541000000000000227e+02
-6.633195889832408376e+00 -2.804319584846388125e+01 0.000000000000000000e+00 -2.256046795668975591e-01 1.739439961951916302e-03 0.000000000000000000e+00 1.542000000000000171e+02
-6.655756357789099020e+00 -2.804302190446768250e+01 0.000000000000000000e+00 -2.256046795669064409e-01 1.739439961987443439e-03 0.000000000000000000e+00 1.543000000000000114e+02
-6.678316825745788776e+00 -2.804284796047148731e+01 0.000000000000000000e+00 -2.256046795668975591e-01 1.739439961951916302e-03 0.000000000000000000e+00 1.544000000000000057e+02
-6.701395451085985222e+00 -2.804188088488007224e+01 0.000000000000000000e+00 -2.307862534019644585e-01 9.670755914150674926e-03 0.000000000000000000e+00 1.545000000000000000e+02
-6.727380579169153663e+00 -2.803646489235641326e+01 0.000000000000000000e+00 -2.598512808316844058e-01 5.415992523658985647e-02 0.000000000000000000e+00 1.546000000000000227e+02
-6.753365707252322991e+00 -2.803104889983275427e+01 0.000000000000000000e+00 -2.598512808316932876e-01 5.415992523658985647e-02 0.000000000000000000e+00 1.547000000000000171e+02
-6.779350835335491432e+00 -2.802563290730909884e+01 0.000000000000000000e+00 -2.598512808316844058e-01 5.415992523655432933e-02 0.000000000000000000e+00 1.548000000000000114e+02
-6.805335963418659873e+00 -2.802021691478543985e+01 0.000000000000000000e+00 -2.598512808316844058e-01 5.415992523658985647e-02 0.000000000000000000e+00 1.549000000000000057e+02
-6.831321091501829201e+00 -2.801480092226178087e+01 0.000000000000000000e+00 -2.598512808316932876e-01 5.415992523658985647e-02 0.000000000000000000e+00 1.550000000000000000e+02
-6.857306219584997642e+00 -2.800938492973812544e+01 0.000000000000000000e+00 -2.598512808316844058e-01 5.415992523655432933e-02 0.000000000000000000e+00 1.551000000000000227e+02
-6.881314869399759004e+00 -2.800291261762848194e+01 0.000000000000000000e+00 -2.400864981476136251e-01 6.472312109643496569e-02 0.000000000000000000e+00 1.552000000000000171e+02
-6.904890067467697179e+00 -2.799620864925574182e+01 0.000000000000000000e+00 -2.357519806793817452e-01 6.703968372740121140e-02 0.000000000000000000e+00 1.553000000000000114e+02
-6.928465265535635353e+00 -2.798950468088300525e+01 0.000000000000000000e+00 -2.357519806793817452e-01 6.703968372736568426e-02 0.000000000000000000e+00 1.554000000000000057e+02
-6.952040463603573528e+00 -2.798280071251026513e+01 0.000000000000000000e+00 -2.357519806793817452e-01 6.703968372740121140e-02 0.000000000000000000e+00 1.555000000000000000e+02
-6.975615661671511702e+00 -2.797609674413752856e+01 0.000000000000000000e+00 -2.357519806793817452e-01 6.703968372736568426e-02 0.000000000000000000e+00 1.556000000000000227e+02
-6.999415403716828799e+00 -2.796932276560075081e+01 0.000000000000000000e+00 -2.379974204531709603e-01 6.773978536777747195e-02 0.000000000000000000e+00 1.557000000000000171e+02
-7.026486066540017283e+00 -2.796152895254030568e+01 0.000000000000000000e+00 -2.707066282318848494e-01 7.793813060445131669e-02 0.000000000000000000e+00 1.558000000000000114e+02
-7.053556729363205768e+00 -2.795373513947986055e+01 0.000000000000000000e+00 -2.707066282318848494e-01 7.793813060445131669e-02 0.000000000000000000e+00 1.559000000000000057e+02
-7.080627392186394253e+00 -2.794594132641941542e+01 0.000000000000000000e+00 -2.707066282318848494e-01 7.793813060445131669e-02 0.000000000000000000e+00 1.560000000000000000e+02
-7.107698055009582738e+00 -2.793814751335897029e+01 0.000000000000000000e+00 -2.707066282318848494e-01 7.793813060445131669e-02 0.000000000000000000e+00 1.561000000000000227e+02
-7.134768717832771223e+00 -2.793035370029852515e+01 0.000000000000000000e+00 -2.707066282318848494e-01 7.793813060445131669e-02 0.000000000000000000e+00 1.562000000000000171e+02
-7.161839380655959708e+00 -2.792255988723808002e+01 0.000000000000000000e+00 -2.707066282318848494e-01 7.793813060445131669e-02 0.000000000000000000e+00 1.563000000000000114e+02
-7.191108829546127623e+00 -2.791453878614326101e+01 0.000000000000000000e+00 -2.926944889016791507e-01 8.021101094819016453e-02 0.000000000000000000e+00 1.564000000000000057e+02
-7.223887472861188819e+00 -2.790615494038898348e+01 0.000000000000000000e+00 -3.277864331506119555e-01 8.383845754277530204e-02 0.000000000000000000e+00 1.565000000000000000e+02
-7.256666116176250014e+00 -2.789777109463470595e+01 0.000000000000000000e+00 -3.277864331506119555e-01 8.383845754277530204e-02 0.000000000000000000e+00 1.566000000000000227e+02
-7.289444759491312098e+00 -2.788938724888043197e+01 0.000000000000000000e+00 -3.277864331506208373e-01 8.383845754273977491e-02 0.000000000000000000e+00 1.567000000000000171e+02
-7.322223402806373294e+00 -2.788100340312615444e+01 0.000000000000000000e+00 -3.277864331506119555e-01 8.383845754277530204e-02 0.000000000000000000e+00 1.568000000000000114e+02
-7.355002046121434489e+00 -2.787261955737187691e+01 0.000000000000000000e+00 -3.277864331506119555e-01 8.383845754277530204e-02 0.000000000000000000e+00 1.569000000000000057e+02
-7.387780689436496573e+00 -2.786423571161760293e+01 0.000000000000000000e+00 -3.277864331506208373e-01 8.383845754273977491e-02 0.000000000000000000e+00 1.570000000000000000e+02
-7.420559332751557768e+00 -2.785585186586332540e+01 0.000000000000000000e+00 -3.277864331506119555e-01 8.383845754277530204e-02 0.000000000000000000e+00 1.571000000000000227e+02
-7.453337976066618964e+00 -2.784746802010904787e+01 0.000000000000000000e+00 -3.277864331506119555e-01 8.383845754277530204e-02 0.000000000000000000e+00 1.572000000000000171e+02
-7.486379358259657835e+00 -2.784791078969713141e+01 0.000000000000000000e+00 -3.304138219303887070e-01 -4.427695880835358366e-03 0.000000000000000000e+00 1.573000000000000114e+02
-7.519499524036588056e+00 -2.785100026462119516e+01 0.000000000000000000e+00 -3.312016577693022157e-01 -3.089474924063750905e-02 0.000000000000000000e+00 1.574000000000000057e+02
-7.552619689813518278e+00 -2.785408973954526246e+01 0.000000000000000000e+00 -3.312016577693022157e-01 -3.089474924067303618e-02 0.000000000000000000e+00 1.575000000000000000e+02
-7.585739855590448499e+00 -2.785717921446932621e+01 0.000000000000000000e+00 -3.312016577693022157e-01 -3.089474924063750905e-02 0.000000000000000000e+00 1.576000000000000227e+02
-7.618860021367379609e+00 -2.786026868939338996e+01 0.000000000000000000e+00 -3.312016577693110975e-01 -3.089474924063750905e-02 0.000000000000000000e+00 1.577000000000000171e+02
-7.651980187144309831e+00 -2.786335816431745371e+01 0.000000000000000000e+00 -3.312016577693022157e-01 -3.089474924063750905e-02 0.000000000000000000e+00 1.578000000000000114e+02
-7.685100352921240052e+00 -2.786644763924151746e+01 0.000000000000000000e+00 -3.312016577693022157e-01 -3.089474924063750905e-02 0.000000000000000000e+00 1.579000000000000057e+02
-7.718052945302130041e+00 -2.786944246747785314e+01 0.000000000000000000e+00 -3.295259238088998899e-01 -2.994828236335678184e-02 0.000000000000000000e+00 1.580000000000000000e+02
-7.749428070602207619e+00 -2.787154633069389931e+01 0.000000000000000000e+00 -3.137512530007757761e-01 -2.103863216046164553e-02 0.000000000000000000e+00 1.581000000000000227e+02
-7.780803195902286085e+00 -2.787365019390994902e+01 0.000000000000000000e+00 -3.137512530007846578e-01 -2.103863216049717266e-02 0.000000000000000000e+00 1.582000000000000171e+02
-7.812178321202363662e+00 -2.787575405712599519e+01 0.000000000000000000e+00 -3.137512530007757761e-01 -2.103863216046164553e-02 0.000000000000000000e+00 1.583000000000000114e+02
-7.843553446502442128e+00 -2.787785792034204135e+01 0.000000000000000000e+00 -3.137512530007846578e-01 -2.103863216046164553e-02 0.000000000000000000e+00 1.584000000000000057e+02
-7.874928571802519706e+00 -2.787996178355809107e+01 0.000000000000000000e+00 -3.137512530007757761e-01 -2.103863216049717266e-02 0.000000000000000000e+00 1.585000000000000000e+02
-7.906303697102597283e+00 -2.788206564677413724e+01 0.000000000000000000e+00 -3.137512530007757761e-01 -2.103863216046164553e-02 0.000000000000000000e+00 1.586000000000000227e+02
-7.937545707228787606e+00 -2.788405424553578627e+01 0.000000000000000000e+00 -3.124201012619032269e-01 -1.988598761649029711e-02 0.000000000000000000e+00 1.587000000000000171e+02
-7.967188012324879054e+00 -2.788465765940746266e+01 0.000000000000000000e+00 -2.964230509609144804e-01 -6.034138716763948196e-03 0.000000000000000000e+00 1.588000000000000114e+02
-7.996830317420971390e+00 -2.788526107327913905e+01 0.000000000000000000e+00 -2.964230509609233621e-01 -6.034138716763948196e-03 0.000000000000000000e+00 1.589000000000000057e+02
-8.026472622517061950e+00 -2.788586448715081545e+01 0.000000000000000000e+00 -2.964230509609055986e-01 -6.034138716763948196e-03 0.000000000000000000e+00 1.590000000000000000e+02
-8.056114927613155174e+00 -2.788646790102249184e+01 0.000000000000000000e+00 -2.964230509609322439e-01 -6.034138716763948196e-03 0.000000000000000000e+00 1.591000000000000227e+02
-8.085757232709246622e+00 -2.788707131489416824e+01 0.000000000000000000e+00 -2.964230509609144804e-01 -6.034138716763948196e-03 0.000000000000000000e+00 1.592000000000000171e+02
-8.115399537805338070e+00 -2.788767472876584463e+01 0.000000000000000000e+00 -2.964230509609144804e-01 -6.034138716763948196e-03 0.000000000000000000e+00 1.593000000000000114e+02
-8.148029545815113295e+00 -2.788907837777236054e+01 0.000000000000000000e+00 -3.263000800977522431e-01 -1.403649006515905739e-02 0.000000000000000000e+00 1.594000000000000057e+02
-8.181974944878884770e+00 -2.789083434498716230e+01 0.000000000000000000e+00 -3.394539906377147531e-01 -1.755967214801756882e-02 0.000000000000000000e+00 1.595000000000000000e+02
-8.215920343942656245e+00 -2.789259031220196761e+01 0.000000000000000000e+00 -3.394539906377147531e-01 -1.755967214805309595e-02 0.000000000000000000e+00 1.596000000000000227e+02
-8.249865743006427721e+00 -2.789434627941677292e+01 0.000000000000000000e+00 -3.394539906377147531e-01 -1.755967214805309595e-02 0.000000000000000000e+00 1.597000000000000171e+02
-8.283811142070199196e+00 -2.789610224663157823e+01 0.000000000000000000e+00 -3.394539906377147531e-01 -1.755967214805309595e-02 0.000000000000000000e+00 1.598000000000000114e+02
-8.317756541133970671e+00 -2.789785821384637998e+01 0.000000000000000000e+00 -3.394539906377147531e-01 -1.755967214801756882e-02 0.000000000000000000e+00 1.599000000000000057e+02
-8.351701940197740370e+00 -2.789961418106118529e+01 0.000000000000000000e+00 -3.394539906376969896e-01 -1.755967214805309595e-02 0.000000000000000000e+00 1.600000000000000000e+02
-8.383709639927204194e+00 -2.790573975803333084e+01 0.000000000000000000e+00 -3.200769972946382325e-01 -6.125576972145552190e-02 0.000000000000000000e+00 1.601000000000000227e+02
-8.414596099351696168e+00 -2.791439378846064656e+01 0.000000000000000000e+00 -3.088645942449197435e-01 -8.654030427315717588e-02 0.000000000000000000e+00 1.602000000000000171e+02
-8.445482558776189919e+00 -2.792304781888796228e+01 0.000000000000000000e+00 -3.088645942449375070e-01 -8.654030427315717588e-02 0.000000000000000000e+00 1.603000000000000114e+02
-8.476369018200683669e+00 -2.793170184931528155e+01 0.000000000000000000e+00 -3.088645942449375070e-01 -8.654030427319270302e-02 0.000000000000000000e+00 1.604000000000000057e+02
-8.507255477625175644e+00 -2.794035587974259727e+01 0.000000000000000000e+00 -3.088645942449197435e-01 -8.654030427315717588e-02 0.000000000000000000e+00 1.605000000000000000e+02
-8.538141937049669394e+00 -2.794900991016991654e+01 0.000000000000000000e+00 -3.088645942449375070e-01 -8.654030427319270302e-02 0.000000000000000000e+00 1.606000000000000227e+02
-8.569028396474161369e+00 -2.795766394059723225e+01 0.000000000000000000e+00 -3.088645942449197435e-01 -8.654030427315717588e-02 0.000000000000000000e+00 1.607000000000000171e+02
-8.591829142936830976e+00 -2.797518095322583065e+01 0.000000000000000000e+00 -2.280074646266960769e-01 -1.751701262859839403e-01 0.000000000000000000e+00 1.608000000000000114e+02
-8.598777401892281347e+00 -2.801007433269874269e+01 0.000000000000000000e+00 -6.948258955450370422e-02 -3.489337947291204500e-01 0.000000000000000000e+00 1.609000000000000057e+02
-8.605725660847731717e+00 -2.804496771217165474e+01 0.000000000000000000e+00 -6.948258955450370422e-02 -3.489337947291204500e-01 0.000000000000000000e+00 1.610000000000000000e+02
-8.612673919803182088e+00 -2.807986109164456678e+01 0.000000000000000000e+00 -6.948258955450370422e-02 -3.489337947291204500e-01 0.000000000000000000e+00 1.611000000000000227e+02
-8.619622178758632458e+00 -2.811475447111747883e+01 0.000000000000000000e+00 -6.948258955450370422e-02 -3.489337947291204500e-01 0.000000000000000000e+00 1.612000000000000171e+02
-8.626570437714082829e+00 -2.814964785059039443e+01 0.000000000000000000e+00 -6.948258955450370422e-02 -3.489337947291559772e-01 0.000000000000000000e+00 1.613000000000000114e+02
-8.633518696669533199e+00 -2.818454123006330647e+01 0.000000000000000000e+00 -6.948258955450370422e-02 -3.489337947291204500e-01 0.000000000000000000e+00 1.614000000000000057e+02
-8.640466955624983569e+00 -2.821943460953621852e+01 0.000000000000000000e+00 -6.948258955450370422e-02 -3.489337947291204500e-01 0.000000000000000000e+00 1.615000000000000000e+02
-8.647415214580435716e+00 -2.825432798900913056e+01 0.000000000000000000e+00 -6.948258955452146779e-02 -3.489337947291204500e-01 0.000000000000000000e+00 1.616000000000000227e+02
-8.653942759615723901e+00 -2.828874326655859406e+01 0.000000000000000000e+00 -6.527545035288184749e-02 -3.441527754946349660e-01 0.000000000000000000e+00 1.617000000000000171e+02
-8.658401026851651139e+00 -2.832080700390789119e+01 0.000000000000000000e+00 -4.458267235927237948e-02 -3.206373734929712782e-01 0.000000000000000000e+00 1.618000000000000114e+02
-8.662859294087576600e+00 -2.835287074125718831e+01 0.000000000000000000e+00 -4.458267235925461591e-02 -3.206373734929712782e-01 0.000000000000000000e+00 1.619000000000000057e+02
-8.667317561323503838e+00 -2.838493447860648544e+01 0.000000000000000000e+00 -4.458267235927237948e-02 -3.206373734929712782e-01 0.000000000000000000e+00 1.620000000000000000e+02
-8.671775828559431076e+00 -2.841699821595578257e+01 0.000000000000000000e+00 -4.458267235927237948e-02 -3.206373734929712782e-01 0.000000000000000000e+00 1.621000000000000227e+02
-8.676234095795358314e+00 -2.844906195330507970e+01 0.000000000000000000e+00 -4.458267235927237948e-02 -3.206373734929712782e-01 0.000000000000000000e+00 1.622000000000000171e+02
-8.680692363031285552e+00 -2.848112569065437683e+01 0.000000000000000000e+00 -4.458267235927237948e-02 -3.206373734929712782e-01 0.000000000000000000e+00 1.623000000000000114e+02
-8.685150630267211014e+00 -2.851318942800367395e+01 0.000000000000000000e+00 -4.458267235925461591e-02 -3.206373734929712782e-01 0.000000000000000000e+00 1.624000000000000057e+02
-8.689608897503138252e+00 -2.854525316535297108e+01 0.000000000000000000e+00 -4.458267235927237948e-02 -3.206373734929712782e-01 0.000000000000000000e+00 1.625000000000000000e+02
-8.694565567768908210e+00 -2.857299417634218486e+01 0.000000000000000000e+00 -4.956670265769957950e-02 -2.774101098921377684e-01 0.000000000000000000e+00 1.626000000000000227e+02
-8.699548249486872109e+00 -2.860050958599406101e+01 0.000000000000000000e+00 -4.982681717963899359e-02 -2.751540965187615484e-01 0.000000000000000000e+00 1.627000000000000171e+02
-8.704530931204837785e+00 -2.862802499564593717e+01 0.000000000000000000e+00 -4.982681717965675716e-02 -2.751540965187615484e-01 0.000000000000000000e+00 1.628000000000000114e+02
-8.709513612922801684e+00 -2.865554040529781332e+01 0.000000000000000000e+00 -4.982681717963899359e-02 -2.751540965187615484e-01 0.000000000000000000e+00 1.629000000000000057e+02
-8.714496294640767360e+00 -2.868305581494968948e+01 0.000000000000000000e+00 -4.982681717965675716e-02 -2.751540965187615484e-01 0.000000000000000000e+00 1.630000000000000000e+02
-8.719478976358731259e+00 -2.871057122460156563e+01 0.000000000000000000e+00 -4.982681717963899359e-02 -2.751540965187615484e-01 0.000000000000000000e+00 1.631000000000000227e+02
-8.724431264031100142e+00 -2.873698778124398245e+01 0.000000000000000000e+00 -4.952287672368882454e-02 -2.641655664241682189e-01 0.000000000000000000e+00 1.632000000000000171e+02
-8.729346841855164740e+00 -2.876207714611269850e+01 0.000000000000000000e+00 -4.915577824064598644e-02 -2.508936486871604643e-01 0.000000000000000000e+00 1.633000000000000114e+02
-8.734262419679227563e+00 -2.878716651098141455e+01 0.000000000000000000e+00 -4.915577824062822287e-02 -2.508936486871604643e-01 0.000000000000000000e+00 1.634000000000000057e+02
-8.739177997503292161e+00 -2.881225587585013059e+01 0.000000000000000000e+00 -4.915577824064598644e-02 -2.508936486871604643e-01 0.000000000000000000e+00 1.635000000000000000e+02
-8.744093575327356760e+00 -2.883734524071884664e+01 0.000000000000000000e+00 -4.915577824064598644e-02 -2.508936486871604643e-01 0.000000000000000000e+00 1.636000000000000227e+02
-8.749009153151421359e+00 -2.886243460558756269e+01 0.000000000000000000e+00 -4.915577824064598644e-02 -2.508936486871604643e-01 0.000000000000000000e+00 1.637000000000000171e+02
-8.755439145458357331e+00 -2.889055210294646869e+01 0.000000000000000000e+00 -6.429992306935972124e-02 -2.811749735890600732e-01 0.000000000000000000e+00 1.638000000000000114e+02
-8.762348569826604816e+00 -2.891962824393834808e+01 0.000000000000000000e+00 -6.909424368247485404e-02 -2.907614099187938450e-01 0.000000000000000000e+00 1.639000000000000057e+02
-8.769257994194850525e+00 -2.894870438493022746e+01 0.000000000000000000e+00 -6.909424368245709047e-02 -2.907614099187938450e-01 0.000000000000000000e+00 1.640000000000000000e+02
-8.776167418563098011e+00 -2.897778052592210685e+01 0.000000000000000000e+00 -6.909424368247485404e-02 -2.907614099187938450e-01 0.000000000000000000e+00 1.641000000000000227e+02
-8.783076842931345496e+00 -2.900685666691398623e+01 0.000000000000000000e+00 -6.909424368247485404e-02 -2.907614099187938450e-01 0.000000000000000000e+00 1.642000000000000171e+02
-8.789986267299592981e+00 -2.903593280790586562e+01 0.000000000000000000e+00 -6.909424368247485404e-02 -2.907614099187938450e-01 0.000000000000000000e+00 1.643000000000000114e+02
-8.798612076145602146e+00 -2.906546119969961950e+01 0.000000000000000000e+00 -8.625808846009164199e-02 -2.952839179375388312e-01 0.000000000000000000e+00 1.644000000000000057e+02
-8.820498847676166321e+00 -2.909848372761813806e+01 0.000000000000000000e+00 -2.188677153056417524e-01 -3.302252791851856273e-01 0.000000000000000000e+00 1.645000000000000000e+02
-8.842385619206730496e+00 -2.913150625553665662e+01 0.000000000000000000e+00 -2.188677153056417524e-01 -3.302252791851856273e-01 0.000000000000000000e+00 1.646000000000000227e+02
-8.864272390737294671e+00 -2.916452878345517519e+01 0.000000000000000000e+00 -2.188677153056417524e-01 -3.302252791851856273e-01 0.000000000000000000e+00 1.647000000000000171e+02
-8.886159162267858846e+00 -2.919755131137369375e+01 0.000000000000000000e+00 -2.188677153056417524e-01 -3.302252791851856273e-01 0.000000000000000000e+00 1.648000000000000114e+02
-8.908045933798424798e+00 -2.923057383929221587e+01 0.000000000000000000e+00 -2.188677153056595159e-01 -3.302252791852211544e-01 0.000000000000000000e+00 1.649000000000000057e+02
-8.929932705328988973e+00 -2.926359636721073443e+01 0.000000000000000000e+00 -2.188677153056417524e-01 -3.302252791851856273e-01 0.000000000000000000e+00 1.650000000000000000e+02
-8.951819476859553149e+00 -2.929661889512925299e+01 0.000000000000000000e+00 -2.188677153056417524e-01 -3.302252791851856273e-01 0.000000000000000000e+00 1.651000000000000227e+02
-8.973706248390117324e+00 -2.932964142304777155e+01 0.000000000000000000e+00 -2.188677153056417524e-01 -3.302252791851856273e-01 0.000000000000000000e+00 1.652000000000000171e+02
-8.995593019920681499e+00 -2.936266395096629012e+01 0.000000000000000000e+00 -2.188677153056417524e-01 -3.302252791851856273e-01 0.000000000000000000e+00 1.653000000000000114e+02
-9.017295405006697351e+00 -2.939556681694942597e+01 0.000000000000000000e+00 -2.170238508601585181e-01 -3.290286598313585387e-01 0.000000000000000000e+00 1.654000000000000057e+02
-9.034278065259753632e+00 -2.942540670609950482e+01 0.000000000000000000e+00 -1.698266025305628091e-01 -2.983988915007884657e-01 0.000000000000000000e+00 1.655000000000000000e+02
-9.051260725512811689e+00 -2.945524659524958366e+01 0.000000000000000000e+00 -1.698266025305805726e-01 -2.983988915007884657e-01 0.000000000000000000e+00 1.656000000000000227e+02
-9.068243385765867970e+00 -2.948508648439966251e+01 0.000000000000000000e+00 -1.698266025305628091e-01 -2.983988915007884657e-01 0.000000000000000000e+00 1.657000000000000171e+02
-9.085226046018926027e+00 -2.951492637354973780e+01 0.000000000000000000e+00 -1.698266025305805726e-01 -2.983988915007529386e-01 0.000000000000000000e+00 1.658000000000000114e+02
-9.102208706271982308e+00 -2.954476626269981665e+01 0.000000000000000000e+00 -1.698266025305628091e-01 -2.983988915007884657e-01 0.000000000000000000e+00 1.659000000000000057e+02
-9.119191366525038589e+00 -2.957460615184989550e+01 0.000000000000000000e+00 -1.698266025305628091e-01 -2.983988915007884657e-01 0.000000000000000000e+00 1.660000000000000000e+02
-9.136174026778096646e+00 -2.960444604099997079e+01 0.000000000000000000e+00 -1.698266025305805726e-01 -2.983988915007529386e-01 0.000000000000000000e+00 1.661000000000000227e+02
-9.153188738489992815e+00 -2.963431991850413638e+01 0.000000000000000000e+00 -1.701471171189616882e-01 -2.987387750416559129e-01 0.000000000000000000e+00 1.662000000000000171e+02
-9.170567093720595864e+00 -2.966457941479514915e+01 0.000000000000000000e+00 -1.737835523060304865e-01 -3.025949629101276628e-01 0.000000000000000000e+00 1.663000000000000114e+02
-9.187945448951198912e+00 -2.969483891108616191e+01 0.000000000000000000e+00 -1.737835523060304865e-01 -3.025949629101276628e-01 0.000000000000000000e+00 1.664000000000000057e+02
-9.205323804181801961e+00 -2.972509840737717468e+01 0.000000000000000000e+00 -1.737835523060304865e-01 -3.025949629101276628e-01 0.000000000000000000e+00 1.665000000000000000e+02
-9.222702159412405010e+00 -2.975535790366818745e+01 0.000000000000000000e+00 -1.737835523060304865e-01 -3.025949629101276628e-01 0.000000000000000000e+00 1.666000000000000227e+02
-9.240080514643008058e+00 -2.978561739995920021e+01 0.000000000000000000e+00 -1.737835523060304865e-01 -3.025949629101276628e-01 0.000000000000000000e+00 1.667000000000000171e+02
-9.257458869873609331e+00 -2.981587689625021653e+01 0.000000000000000000e+00 -1.737835523060127230e-01 -3.025949629101631899e-01 0.000000000000000000e+00 1.668000000000000114e+02
-9.274837225104212379e+00 -2.984613639254122930e+01 0.000000000000000000e+00 -1.737835523060304865e-01 -3.025949629101276628e-01 0.000000000000000000e+00 1.669000000000000057e+02
-9.292212962394245324e+00 -2.987643297837362866e+01 0.000000000000000000e+00 -1.737573729003294432e-01 -3.029658583239935865e-01 0.000000000000000000e+00 1.670000000000000000e+02
-9.309496564243055161e+00 -2.990803488843612001e+01 0.000000000000000000e+00 -1.728360184880983752e-01 -3.160191006249135626e-01 0.000000000000000000e+00 1.671000000000000227e+02
-9.326780166091864999e+00 -2.993963679849861492e+01 0.000000000000000000e+00 -1.728360184880983752e-01 -3.160191006249490897e-01 0.000000000000000000e+00 1.672000000000000171e+02
-9.344063767940674836e+00 -2.997123870856110628e+01 0.000000000000000000e+00 -1.728360184880983752e-01 -3.160191006249135626e-01 0.000000000000000000e+00 1.673000000000000114e+02
-9.361347369789484674e+00 -3.000284061862359763e+01 0.000000000000000000e+00 -1.728360184880983752e-01 -3.160191006249135626e-01 0.000000000000000000e+00 1.674000000000000057e+02
-9.378630971638296288e+00 -3.003444252868609254e+01 0.000000000000000000e+00 -1.728360184881161388e-01 -3.160191006249490897e-01 0.000000000000000000e+00 1.675000000000000000e+02
-9.395914573487106125e+00 -3.006604443874858390e+01 0.000000000000000000e+00 -1.728360184880983752e-01 -3.160191006249135626e-01 0.000000000000000000e+00 1.676000000000000227e+02
-9.413198175335915963e+00 -3.009764634881107526e+01 0.000000000000000000e+00 -1.728360184880983752e-01 -3.160191006249135626e-01 0.000000000000000000e+00 1.677000000000000171e+02
-9.430481777184725800e+00 -3.012924825887356661e+01 0.000000000000000000e+00 -1.728360184880983752e-01 -3.160191006249135626e-01 0.000000000000000000e+00 1.678000000000000114e+02
-9.446757747848881337e+00 -3.015908048142115661e+01 0.000000000000000000e+00 -1.627597066415553684e-01 -2.983222254758999270e-01 0.000000000000000000e+00 1.679000000000000057e+02
-9.460742306376500821e+00 -3.018488833125056203e+01 0.000000000000000000e+00 -1.398455852761948393e-01 -2.580784982940542704e-01 0.000000000000000000e+00 1.680000000000000000e+02
-9.474726864904120305e+00 -3.021069618107996391e+01 0.000000000000000000e+00 -1.398455852761948393e-01 -2.580784982940187433e-01 0.000000000000000000e+00 1.681000000000000227e+02
-9.488711423431739789e+00 -3.023650403090936578e+01 0.000000000000000000e+00 -1.398455852761948393e-01 -2.580784982940187433e-01 0.000000000000000000e+00 1.682000000000000171e+02
-9.502695981959361049e+00 -3.026231188073876766e+01 0.000000000000000000e+00 -1.398455852762126028e-01 -2.580784982940187433e-01 0.000000000000000000e+00 1.683000000000000114e+02
-9.516680540486980533e+00 -3.028811973056816953e+01 0.000000000000000000e+00 -1.398455852761948393e-01 -2.580784982940187433e-01 0.000000000000000000e+00 1.684000000000000057e+02
-9.530665099014600017e+00 -3.031392758039757140e+01 0.000000000000000000e+00 -1.398455852761948393e-01 -2.580784982940187433e-01 0.000000000000000000e+00 1.685000000000000000e+02
-9.544649657542219501e+00 -3.033973543022697683e+01 0.000000000000000000e+00 -1.398455852761948393e-01 -2.580784982940542704e-01 0.000000000000000000e+00 1.686000000000000227e+02
-9.555906349055616644e+00 -3.036031124487940858e+01 0.000000000000000000e+00 -1.125669151339714347e-01 -2.057581465243174534e-01 0.000000000000000000e+00 1.687000000000000171e+02
-9.567129642413526369e+00 -3.038082300203803854e+01 0.000000000000000000e+00 -1.122329335790972493e-01 -2.051175715862996185e-01 0.000000000000000000e+00 1.688000000000000114e+02
-9.578352935771434318e+00 -3.040133475919666850e+01 0.000000000000000000e+00 -1.122329335790794858e-01 -2.051175715862996185e-01 0.000000000000000000e+00 1.689000000000000057e+02
-9.589576229129344043e+00 -3.042184651635529846e+01 0.000000000000000000e+00 -1.122329335790972493e-01 -2.051175715862996185e-01 0.000000000000000000e+00 1.690000000000000000e+02
-9.600799522487253768e+00 -3.044235827351392842e+01 0.000000000000000000e+00 -1.122329335790972493e-01 -2.051175715862996185e-01 0.000000000000000000e+00 1.691000000000000227e+02
-9.611761431353924579e+00 -3.046261967885387634e+01 0.000000000000000000e+00 -1.096190886667081088e-01 -2.026140533994791326e-01 0.000000000000000000e+00 1.692000000000000171e+02
-9.620591347579820152e+00 -3.048083907997044051e+01 0.000000000000000000e+00 -8.829916225895573234e-02 -1.821940111656417116e-01 0.000000000000000000e+00 1.693000000000000114e+02
-9.629421263805715725e+00 -3.049905848108700468e+01 0.000000000000000000e+00 -8.829916225895573234e-02 -1.821940111656417116e-01 0.000000000000000000e+00 1.694000000000000057e+02
-9.638251180031611298e+00 -3.051727788220356530e+01 0.000000000000000000e+00 -8.829916225895573234e-02 -1.821940111656061845e-01 0.000000000000000000e+00 1.695000000000000000e+02
-9.647081096257508648e+00 -3.053549728332012947e+01 0.000000000000000000e+00 -8.829916225897349591e-02 -1.821940111656417116e-01 0.000000000000000000e+00 1.696000000000000227e+02
-9.655911012483404221e+00 -3.055371668443669364e+01 0.000000000000000000e+00 -8.829916225895573234e-02 -1.821940111656417116e-01 0.000000000000000000e+00 1.697000000000000171e+02
-9.663520750182810204e+00 -3.057171992404996175e+01 0.000000000000000000e+00 -7.609737699405982880e-02 -1.800323961326810718e-01 0.000000000000000000e+00 1.698000000000000114e+02
-9.671084559727948005e+00 -3.058971502723183633e+01 0.000000000000000000e+00 -7.563809545137800683e-02 -1.799510318187458324e-01 0.000000000000000000e+00 1.699000000000000057e+02
-9.678648369273084029e+00 -3.060771013041371091e+01 0.000000000000000000e+00 -7.563809545136024326e-02 -1.799510318187458324e-01 0.000000000000000000e+00 1.700000000000000000e+02
-9.686212178818220053e+00 -3.062570523359558194e+01 0.000000000000000000e+00 -7.563809545136024326e-02 -1.799510318187103053e-01 0.000000000000000000e+00 1.701000000000000227e+02
-9.693572980383640569e+00 -3.064356321663160898e+01 0.000000000000000000e+00 -7.360801565420516113e-02 -1.785798303602703641e-01 0.000000000000000000e+00 1.702000000000000171e+02
-9.700007444601034479e+00 -3.066079551237966427e+01 0.000000000000000000e+00 -6.434464217393909280e-02 -1.723229574805529296e-01 0.000000000000000000e+00 1.703000000000000114e+02
-9.706441908818430164e+00 -3.067802780812771957e+01 0.000000000000000000e+00 -6.434464217395685637e-02 -1.723229574805529296e-01 0.000000000000000000e+00 1.704000000000000057e+02
-9.712876373035824074e+00 -3.069526010387577486e+01 0.000000000000000000e+00 -6.434464217393909280e-02 -1.723229574805529296e-01 0.000000000000000000e+00 1.705000000000000000e+02
-9.719310837253219759e+00 -3.071249239962383015e+01 0.000000000000000000e+00 -6.434464217395685637e-02 -1.723229574805529296e-01 0.000000000000000000e+00 1.706000000000000227e+02
-9.720611838079685540e+00 -3.072987260959330769e+01 0.000000000000000000e+00 -1.301000826465781302e-02 -1.738020996947753360e-01 0.000000000000000000e+00 1.707000000000000171e+02
-9.720144122129159570e+00 -3.074730378288813881e+01 0.000000000000000000e+00 4.677159505259709249e-03 -1.743117329483112599e-01 0.000000000000000000e+00 1.708000000000000114e+02
-9.719676406178635375e+00 -3.076473495618297349e+01 0.000000000000000000e+00 4.677159505241945681e-03 -1.743117329483467870e-01 0.000000000000000000e+00 1.709000000000000057e+02
-9.719208690228111180e+00 -3.078216612947780462e+01 0.000000000000000000e+00 4.677159505241945681e-03 -1.743117329483112599e-01 0.000000000000000000e+00 1.710000000000000000e+02
-9.718740974277585210e+00 -3.079959730277263930e+01 0.000000000000000000e+00 4.677159505259709249e-03 -1.743117329483467870e-01 0.000000000000000000e+00 1.711000000000000227e+02
-9.701534941099106746e+00 -3.081309767947847433e+01 0.000000000000000000e+00 1.720603317847846370e-01 -1.350037670583503768e-01 0.000000000000000000e+00 1.712000000000000171e+02
-9.679934802882302236e+00 -3.082556615238770092e+01 0.000000000000000000e+00 2.160013821680450974e-01 -1.246847290922659113e-01 0.000000000000000000e+00 1.713000000000000114e+02
-9.658334664665497726e+00 -3.083803462529692752e+01 0.000000000000000000e+00 2.160013821680450974e-01 -1.246847290922659113e-01 0.000000000000000000e+00 1.714000000000000057e+02
-9.636734526448693217e+00 -3.085050309820615766e+01 0.000000000000000000e+00 2.160013821680450974e-01 -1.246847290923014384e-01 0.000000000000000000e+00 1.715000000000000000e+02
-9.615134388231890483e+00 -3.086297157111538425e+01 0.000000000000000000e+00 2.160013821680273338e-01 -1.246847290922659113e-01 0.000000000000000000e+00 1.716000000000000227e+02
-9.593534250015085973e+00 -3.087544004402461084e+01 0.000000000000000000e+00 2.160013821680450974e-01 -1.246847290922659113e-01 0.000000000000000000e+00 1.717000000000000171e+02
-9.571934111798281464e+00 -3.088790851693384099e+01 0.000000000000000000e+00 2.160013821680450974e-01 -1.246847290923014384e-01 0.000000000000000000e+00 1.718000000000000114e+02
-9.538827505687583752e+00 -3.090130965284554776e+01 0.000000000000000000e+00 3.310660611069771164e-01 -1.340113591170677410e-01 0.000000000000000000e+00 1.719000000000000057e+02
-9.499868558912796246e+00 -3.091518515340726481e+01 0.000000000000000000e+00 3.895894677478750623e-01 -1.387550056171704682e-01 0.000000000000000000e+00 1.720000000000000000e+02
-9.460909612138010516e+00 -3.092906065396898185e+01 0.000000000000000000e+00 3.895894677478572987e-01 -1.387550056171704682e-01 0.000000000000000000e+00 1.721000000000000227e+02
-9.421950665363223010e+00 -3.094293615453069890e+01 0.000000000000000000e+00 3.895894677478750623e-01 -1.387550056171704682e-01 0.000000000000000000e+00 1.722000000000000171e+02
-9.382991718588437280e+00 -3.095681165509241239e+01 0.000000000000000000e+00 3.895894677478572987e-01 -1.387550056171349411e-01 0.000000000000000000e+00 1.723000000000000114e+02
-9.344032771813649774e+00 -3.097068715565412944e+01 0.000000000000000000e+00 3.895894677478750623e-01 -1.387550056171704682e-01 0.000000000000000000e+00 1.724000000000000057e+02
-9.305073825038864044e+00 -3.098456265621584649e+01 0.000000000000000000e+00 3.895894677478572987e-01 -1.387550056171704682e-01 0.000000000000000000e+00 1.725000000000000000e+02
-9.266114878264076538e+00 -3.099843815677756353e+01 0.000000000000000000e+00 3.895894677478750623e-01 -1.387550056171704682e-01 0.000000000000000000e+00 1.726000000000000227e+02
-9.227155931489290808e+00 -3.101231365733927703e+01 0.000000000000000000e+00 3.895894677478572987e-01 -1.387550056171349411e-01 0.000000000000000000e+00 1.727000000000000171e+02
-9.188196984714503301e+00 -3.102618915790099408e+01 0.000000000000000000e+00 3.895894677478750623e-01 -1.387550056171704682e-01 0.000000000000000000e+00 1.728000000000000114e+02
-9.149238037939715795e+00 -3.104006465846271112e+01 0.000000000000000000e+00 3.895894677478750623e-01 -1.387550056171704682e-01 0.000000000000000000e+00 1.729000000000000057e+02
-9.116868798679810482e+00 -3.105481158410912812e+01 0.000000000000000000e+00 3.236923925990531359e-01 -1.474692564641699732e-01 0.000000000000000000e+00 1.730000000000000000e+02
-9.088101641011961718e+00 -3.107003485020759115e+01 0.000000000000000000e+00 2.876715766784876394e-01 -1.522326609846302858e-01 0.000000000000000000e+00 1.731000000000000227e+02
-9.059334483344112954e+00 -3.108525811630605062e+01 0.000000000000000000e+00 2.876715766784876394e-01 -1.522326609845947587e-01 0.000000000000000000e+00 1.732000000000000171e+02
-9.030567325676264190e+00 -3.110048138240451010e+01 0.000000000000000000e+00 2.876715766784876394e-01 -1.522326609845947587e-01 0.000000000000000000e+00 1.733000000000000114e+02
-9.001800168008415426e+00 -3.111570464850296958e+01 0.000000000000000000e+00 2.876715766784876394e-01 -1.522326609845947587e-01 0.000000000000000000e+00 1.734000000000000057e+02
-8.973033010340566662e+00 -3.113092791460143260e+01 0.000000000000000000e+00 2.876715766784876394e-01 -1.522326609846302858e-01 0.000000000000000000e+00 1.735000000000000000e+02
-8.944265852672717898e+00 -3.114615118069989208e+01 0.000000000000000000e+00 2.876715766784876394e-01 -1.522326609845947587e-01 0.000000000000000000e+00 1.736000000000000227e+02
-8.915846977133746520e+00 -3.116101881107608662e+01 0.000000000000000000e+00 2.841887553897137764e-01 -1.486763037619454053e-01 0.000000000000000000e+00 1.737000000000000171e+02
-8.890570708503421571e+00 -3.117267748186152687e+01 0.000000000000000000e+00 2.527626863032494953e-01 -1.165867078544025048e-01 0.000000000000000000e+00 1.738000000000000114e+02
-8.865294439873094845e+00 -3.118433615264696357e+01 0.000000000000000000e+00 2.527626863032672588e-01 -1.165867078543669777e-01 0.000000000000000000e+00 1.739000000000000057e+02
-8.840018171242769895e+00 -3.119599482343240027e+01 0.000000000000000000e+00 2.527626863032494953e-01 -1.165867078543669777e-01 0.000000000000000000e+00 1.740000000000000000e+02
-8.814741902612444946e+00 -3.120765349421783696e+01 0.000000000000000000e+00 2.527626863032494953e-01 -1.165867078543669777e-01 0.000000000000000000e+00 1.741000000000000227e+02
-8.789465633982119996e+00 -3.121931216500327366e+01 0.000000000000000000e+00 2.527626863032494953e-01 -1.165867078543669777e-01 0.000000000000000000e+00 1.742000000000000171e+02
-8.764189365351795047e+00 -3.123097083578871036e+01 0.000000000000000000e+00 2.527626863032494953e-01 -1.165867078543669777e-01 0.000000000000000000e+00 1.743000000000000114e+02
-8.740578921788221933e+00 -3.124152604779905573e+01 0.000000000000000000e+00 2.361044356357311358e-01 -1.055521201034537171e-01 0.000000000000000000e+00 1.744000000000000057e+02
-8.718780577666306542e+00 -3.125088090746139002e+01 0.000000000000000000e+00 2.179834412191539172e-01 -9.354859662334291670e-02 0.000000000000000000e+00 1.745000000000000000e+02
-8.696982233544391150e+00 -3.126023576712372787e+01 0.000000000000000000e+00 2.179834412191539172e-01 -9.354859662337844384e-02 0.000000000000000000e+00 1.746000000000000227e+02
-8.675183889422475758e+00 -3.126959062678606571e+01 0.000000000000000000e+00 2.179834412191539172e-01 -9.354859662337844384e-02 0.000000000000000000e+00 1.747000000000000171e+02
-8.653385545300560366e+00 -3.127894548644840356e+01 0.000000000000000000e+00 2.179834412191539172e-01 -9.354859662337844384e-02 0.000000000000000000e+00 1.748000000000000114e+02
-8.632045493043499107e+00 -3.128839800967589824e+01 0.000000000000000000e+00 2.134005225706125941e-01 -9.452523227494680214e-02 0.000000000000000000e+00 1.749000000000000057e+02
-8.616625407746555609e+00 -3.129911209812694395e+01 0.000000000000000000e+00 1.542008529694349761e-01 -1.071408845104571128e-01 0.000000000000000000e+00 1.750000000000000000e+02
-8.601205322449610335e+00 -3.130982618657798966e+01 0.000000000000000000e+00 1.542008529694527397e-01 -1.071408845104571128e-01 0.000000000000000000e+00 1.751000000000000227e+02
-8.585785237152666838e+00 -3.132054027502903537e+01 0.000000000000000000e+00 1.542008529694349761e-01 -1.071408845104571128e-01 0.000000000000000000e+00 1.752000000000000171e+02
-8.570365151855721564e+00 -3.133125436348008463e+01 0.000000000000000000e+00 1.542008529694527397e-01 -1.071408845104926399e-01 0.000000000000000000e+00 1.753000000000000114e+02
-8.554945066558778066e+00 -3.134196845193113035e+01 0.000000000000000000e+00 1.542008529694349761e-01 -1.071408845104571128e-01 0.000000000000000000e+00 1.754000000000000057e+02
-8.543800739133946109e+00 -3.135755330205655511e+01 0.000000000000000000e+00 1.114432742483195682e-01 -1.558485012542476511e-01 0.000000000000000000e+00 1.755000000000000000e+02
-8.545531475266308519e+00 -3.138780487747496295e+01 0.000000000000000000e+00 -1.730736132362409307e-02 -3.025157541840783892e-01 0.000000000000000000e+00 1.756000000000000227e+02
-8.547262211398670928e+00 -3.141805645289337079e+01 0.000000000000000000e+00 -1.730736132362409307e-02 -3.025157541840783892e-01 0.000000000000000000e+00 1.757000000000000171e+02
-8.548992947531035114e+00 -3.144830802831177863e+01 0.000000000000000000e+00 -1.730736132364185664e-02 -3.025157541840783892e-01 0.000000000000000000e+00 1.758000000000000114e+02
-8.550723683663397523e+00 -3.147855960373018647e+01 0.000000000000000000e+00 -1.730736132362409307e-02 -3.025157541840783892e-01 0.000000000000000000e+00 1.759000000000000057e+02
-8.552454419795759932e+00 -3.150881117914859431e+01 0.000000000000000000e+00 -1.730736132362409307e-02 -3.025157541840783892e-01 0.000000000000000000e+00 1.760000000000000000e+02
-8.554185155928122342e+00 -3.153906275456700214e+01 0.000000000000000000e+00 -1.730736132362409307e-02 -3.025157541840783892e-01 0.000000000000000000e+00 1.761000000000000227e+02
-8.562075662846240220e+00 -3.157148625641704598e+01 0.000000000000000000e+00 -7.890506918117878854e-02 -3.242350185004383434e-01 0.000000000000000000e+00 1.762000000000000171e+02
-8.572826129233124703e+00 -3.160491817591438135e+01 0.000000000000000000e+00 -1.075046638688448297e-01 -3.343191949733537172e-01 0.000000000000000000e+00 1.763000000000000114e+02
-8.583576595620009186e+00 -3.163835009541172028e+01 0.000000000000000000e+00 -1.075046638688448297e-01 -3.343191949733892443e-01 0.000000000000000000e+00 1.764000000000000057e+02
-8.594327062006893669e+00 -3.167178201490905565e+01 0.000000000000000000e+00 -1.075046638688448297e-01 -3.343191949733537172e-01 0.000000000000000000e+00 1.765000000000000000e+02
-8.605077528393778152e+00 -3.170521393440639102e+01 0.000000000000000000e+00 -1.075046638688448297e-01 -3.343191949733537172e-01 0.000000000000000000e+00 1.766000000000000227e+02
-8.615827994780662635e+00 -3.173864585390372639e+01 0.000000000000000000e+00 -1.075046638688448297e-01 -3.343191949733537172e-01 0.000000000000000000e+00 1.767000000000000171e+02
-8.626578461167547118e+00 -3.177207777340106176e+01 0.000000000000000000e+00 -1.075046638688448297e-01 -3.343191949733537172e-01 0.000000000000000000e+00 1.768000000000000114e+02
-8.637328927554431601e+00 -3.180550969289839713e+01 0.000000000000000000e+00 -1.075046638688448297e-01 -3.343191949733537172e-01 0.000000000000000000e+00 1.769000000000000057e+02
-8.649716958241928211e+00 -3.184348020732984708e+01 0.000000000000000000e+00 -1.238803068749660952e-01 -3.797051443144994209e-01 0.000000000000000000e+00 1.770000000000000000e+02
-8.662525444979758404e+00 -3.188261603765109342e+01 0.000000000000000000e+00 -1.280848673783019365e-01 -3.913583032124634542e-01 0.000000000000000000e+00 1.771000000000000227e+02
-8.675333931717588598e+00 -3.192175186797233977e+01 0.000000000000000000e+00 -1.280848673783019365e-01 -3.913583032124634542e-01 0.000000000000000000e+00 1.772000000000000171e+02
-8.688142418455418792e+00 -3.196088769829358611e+01 0.000000000000000000e+00 -1.280848673783019365e-01 -3.913583032124634542e-01 0.000000000000000000e+00 1.773000000000000114e+02
-8.700950905193248985e+00 -3.200002352861483246e+01 0.000000000000000000e+00 -1.280848673783019365e-01 -3.913583032124634542e-01 0.000000000000000000e+00 1.774000000000000057e+02
-8.713759391931079179e+00 -3.203915935893607525e+01 0.000000000000000000e+00 -1.280848673783019365e-01 -3.913583032124279271e-01 0.000000000000000000e+00 1.775000000000000000e+02
-8.726567878668909373e+00 -3.207829518925731804e+01 0.000000000000000000e+00 -1.280848673783019365e-01 -3.913583032124279271e-01 0.000000000000000000e+00 1.776000000000000227e+02
-8.739376365406739566e+00 -3.211743101957856794e+01 0.000000000000000000e+00 -1.280848673783019365e-01 -3.913583032124989813e-01 0.000000000000000000e+00 1.777000000000000171e+02
-8.752184852144567984e+00 -3.215656684989981073e+01 0.000000000000000000e+00 -1.280848673782841729e-01 -3.913583032124279271e-01 0.000000000000000000e+00 1.778000000000000114e+02
-8.764993338882398177e+00 -3.219570268022106063e+01 0.000000000000000000e+00 -1.280848673783019365e-01 -3.913583032124989813e-01 0.000000000000000000e+00 1.779000000000000057e+02
-8.775616209245573174e+00 -3.222986785890461903e+01 0.000000000000000000e+00 -1.062287036317499656e-01 -3.416517868355839482e-01 0.000000000000000000e+00 1.780000000000000000e+02
-8.784743483463072877e+00 -3.226063166874916277e+01 0.000000000000000000e+00 -9.127274217499703468e-02 -3.076380984454374357e-01 0.000000000000000000e+00 1.781000000000000227e+02
-8.793870757680574357e+00 -3.229139547859370651e+01 0.000000000000000000e+00 -9.127274217501479825e-02 -3.076380984454374357e-01 0.000000000000000000e+00 1.782000000000000171e+02
-8.802998031898075837e+00 -3.232215928843824315e+01 0.000000000000000000e+00 -9.127274217501479825e-02 -3.076380984453663814e-01 0.000000000000000000e+00 1.783000000000000114e+02
-8.812125306115575540e+00 -3.235292309828278690e+01 0.000000000000000000e+00 -9.127274217499703468e-02 -3.076380984454374357e-01 0.000000000000000000e+00 1.784000000000000057e+02
-8.821252580333077020e+00 -3.238368690812733064e+01 0.000000000000000000e+00 -9.127274217501479825e-02 -3.076380984454374357e-01 0.000000000000000000e+00 1.785000000000000000e+02
-8.830379854550578500e+00 -3.241445071797187438e+01 0.000000000000000000e+00 -9.127274217501479825e-02 -3.076380984454374357e-01 0.000000000000000000e+00 1.786000000000000227e+02
-8.838811906920751582e+00 -3.244425478628659931e+01 0.000000000000000000e+00 -8.432052370173082068e-02 -2.980406831472492968e-01 0.000000000000000000e+00 1.787000000000000171e+02
-8.845075507020403904e+00 -3.247106534438952252e+01 0.000000000000000000e+00 -6.263600099652322228e-02 -2.681055810292320984e-01 0.000000000000000000e+00 1.788000000000000114e+02
-8.851339107120056227e+00 -3.249787590249244573e+01 0.000000000000000000e+00 -6.263600099652322228e-02 -2.681055810292320984e-01 0.000000000000000000e+00 1.789000000000000057e+02
-8.857602707219706772e+00 -3.252468646059536894e+01 0.000000000000000000e+00 -6.263600099650545872e-02 -2.681055810292320984e-01 0.000000000000000000e+00 1.790000000000000000e+02
-8.863866307319359095e+00 -3.255149701869828505e+01 0.000000000000000000e+00 -6.263600099652322228e-02 -2.681055810291610442e-01 0.000000000000000000e+00 1.791000000000000227e+02
-8.870129907419011417e+00 -3.257830757680120826e+01 0.000000000000000000e+00 -6.263600099652322228e-02 -2.681055810292320984e-01 0.000000000000000000e+00 1.792000000000000171e+02
-8.875673371436844761e+00 -3.260530041843890103e+01 0.000000000000000000e+00 -5.543464017833343860e-02 -2.699284163769277711e-01 0.000000000000000000e+00 1.793000000000000114e+02
-8.866213396499169619e+00 -3.263609098658351826e+01 0.000000000000000000e+00 9.459974937675141859e-02 -3.079056814461722524e-01 0.000000000000000000e+00 1.794000000000000057e+02
-8.856753421561492701e+00 -3.266688155472814259e+01 0.000000000000000000e+00 9.459974937676918216e-02 -3.079056814462433067e-01 0.000000000000000000e+00 1.795000000000000000e+02
-8.847293446623815782e+00 -3.269767212287275981e+01 0.000000000000000000e+00 9.459974937676918216e-02 -3.079056814461722524e-01 0.000000000000000000e+00 1.796000000000000227e+02
-8.837833471686138864e+00 -3.272846269101737704e+01 0.000000000000000000e+00 9.459974937676918216e-02 -3.079056814461722524e-01 0.000000000000000000e+00 1.797000000000000171e+02
-8.828373496748461946e+00 -3.275925325916200137e+01 0.000000000000000000e+00 9.459974937676918216e-02 -3.079056814462433067e-01 0.000000000000000000e+00 1.798000000000000114e+02
-8.818913521810786804e+00 -3.279004382730661860e+01 0.000000000000000000e+00 9.459974937675141859e-02 -3.079056814461722524e-01 0.000000000000000000e+00 1.799000000000000057e+02
-8.809453546873109886e+00 -3.282083439545123582e+01 0.000000000000000000e+00 9.459974937676918216e-02 -3.079056814461722524e-01 0.000000000000000000e+00 1.800000000000000000e+02
-8.799989693948338854e+00 -3.285148617682006744e+01 0.000000000000000000e+00 9.463852924771032349e-02 -3.065178136883162097e-01 0.000000000000000000e+00 1.801000000000000227e+02
-8.790519755794385048e+00 -3.288192017785134880e+01 0.000000000000000000e+00 9.469938153953805227e-02 -3.043400103128135470e-01 0.000000000000000000e+00 1.802000000000000171e+02
-8.781049817640431243e+00 -3.291235417888262305e+01 0.000000000000000000e+00 9.469938153953805227e-02 -3.043400103127424927e-01 0.000000000000000000e+00 1.803000000000000114e+02
-8.771579879486479214e+00 -3.294278817991389730e+01 0.000000000000000000e+00 9.469938153952028870e-02 -3.043400103127424927e-01 0.000000000000000000e+00 1.804000000000000057e+02
-8.762109941332525409e+00 -3.297322218094517154e+01 0.000000000000000000e+00 9.469938153953805227e-02 -3.043400103127424927e-01 0.000000000000000000e+00 1.805000000000000000e+02
-8.752640003178571604e+00 -3.300365618197645290e+01 0.000000000000000000e+00 9.469938153953805227e-02 -3.043400103128135470e-01 0.000000000000000000e+00 1.806000000000000227e+02
-8.743170065024617799e+00 -3.303409018300772715e+01 0.000000000000000000e+00 9.469938153953805227e-02 -3.043400103127424927e-01 0.000000000000000000e+00 1.807000000000000171e+02
-8.733700126870663993e+00 -3.306452418403900140e+01 0.000000000000000000e+00 9.469938153953805227e-02 -3.043400103127424927e-01 0.000000000000000000e+00 1.808000000000000114e+02
-8.725321175980747412e+00 -3.309151845094780242e+01 0.000000000000000000e+00 8.378950889916580991e-02 -2.699426690880102342e-01 0.000000000000000000e+00 1.809000000000000057e+02
-8.717231056664637379e+00 -3.311760207127728250e+01 0.000000000000000000e+00 8.090119316110033765e-02 -2.608362032948008391e-01 0.000000000000000000e+00 1.810000000000000000e+02
-8.709140937348527345e+00 -3.314368569160676969e+01 0.000000000000000000e+00 8.090119316110033765e-02 -2.608362032948718934e-01 0.000000000000000000e+00 1.811000000000000227e+02
-8.701050818032417311e+00 -3.316976931193624978e+01 0.000000000000000000e+00 8.090119316110033765e-02 -2.608362032948008391e-01 0.000000000000000000e+00 1.812000000000000171e+02
-8.692960698716309054e+00 -3.319585293226573697e+01 0.000000000000000000e+00 8.090119316108257408e-02 -2.608362032948718934e-01 0.000000000000000000e+00 1.813000000000000114e+02
-8.684870579400199020e+00 -3.322193655259522416e+01 0.000000000000000000e+00 8.090119316110033765e-02 -2.608362032948718934e-01 0.000000000000000000e+00 1.814000000000000057e+02
-8.676954379258530636e+00 -3.324720654650687379e+01 0.000000000000000000e+00 7.916200141668383594e-02 -2.526999391164963527e-01 0.000000000000000000e+00 1.815000000000000000e+02
-8.669138081177681698e+00 -3.327200917989811302e+01 0.000000000000000000e+00 7.816298080848937957e-02 -2.480263339123922606e-01 0.000000000000000000e+00 1.816000000000000227e+02
-8.661321783096830984e+00 -3.329681181328934514e+01 0.000000000000000000e+00 7.816298080850714314e-02 -2.480263339123212063e-01 0.000000000000000000e+00 1.817000000000000171e+02
-8.653505485015980270e+00 -3.332161444668058436e+01 0.000000000000000000e+00 7.816298080850714314e-02 -2.480263339123922606e-01 0.000000000000000000e+00 1.818000000000000114e+02
-8.645689186935131332e+00 -3.334641708007182359e+01 0.000000000000000000e+00 7.816298080848937957e-02 -2.480263339123922606e-01 0.000000000000000000e+00 1.819000000000000057e+02
-8.637872888854280617e+00 -3.337121971346306282e+01 0.000000000000000000e+00 7.816298080850714314e-02 -2.480263339123922606e-01 0.000000000000000000e+00 1.820000000000000000e+02
-8.629179759770375213e+00 -3.339827823710628962e+01 0.000000000000000000e+00 8.693129083905404286e-02 -2.705852364322680614e-01 0.000000000000000000e+00 1.821000000000000227e+02
-8.620013709677404989e+00 -3.342655348083651035e+01 0.000000000000000000e+00 9.166050092970223773e-02 -2.827524373022072268e-01 0.000000000000000000e+00 1.822000000000000171e+02
-8.610847659584436542e+00 -3.345482872456673107e+01 0.000000000000000000e+00 9.166050092968447416e-02 -2.827524373022072268e-01 0.000000000000000000e+00 1.823000000000000114e+02
-8.601681609491466318e+00 -3.348310396829695179e+01 0.000000000000000000e+00 9.166050092970223773e-02 -2.827524373022072268e-01 0.000000000000000000e+00 1.824000000000000057e+02
-8.592515559398496094e+00 -3.351137921202716541e+01 0.000000000000000000e+00 9.166050092970223773e-02 -2.827524373021361725e-01 0.000000000000000000e+00 1.825000000000000000e+02
-8.583349509305525871e+00 -3.353965445575738613e+01 0.000000000000000000e+00 9.166050092970223773e-02 -2.827524373022072268e-01 0.000000000000000000e+00 1.826000000000000227e+02
-8.574183459212555647e+00 -3.356792969948760685e+01 0.000000000000000000e+00 9.166050092970223773e-02 -2.827524373022072268e-01 0.000000000000000000e+00 1.827000000000000171e+02
-8.565832873647201140e+00 -3.359437138625575159e+01 0.000000000000000000e+00 8.350585565354506912e-02 -2.644168676814473429e-01 0.000000000000000000e+00 1.828000000000000114e+02
-8.558310624684054346e+00 -3.361895057343930659e+01 0.000000000000000000e+00 7.522248963146793699e-02 -2.457918718355500687e-01 0.000000000000000000e+00 1.829000000000000057e+02
-8.550788375720907553e+00 -3.364352976062286871e+01 0.000000000000000000e+00 7.522248963146793699e-02 -2.457918718356211230e-01 0.000000000000000000e+00 1.830000000000000000e+02
-8.543266126757758983e+00 -3.366810894780643082e+01 0.000000000000000000e+00 7.522248963148570056e-02 -2.457918718356211230e-01 0.000000000000000000e+00 1.831000000000000227e+02
-8.535743877794612189e+00 -3.369268813498999293e+01 0.000000000000000000e+00 7.522248963146793699e-02 -2.457918718356211230e-01 0.000000000000000000e+00 1.832000000000000171e+02
-8.528221628831465395e+00 -3.371726732217355504e+01 0.000000000000000000e+00 7.522248963146793699e-02 -2.457918718356211230e-01 0.000000000000000000e+00 1.833000000000000114e+02
-8.525672006074829667e+00 -3.374421166343513789e+01 0.000000000000000000e+00 2.549622756635727683e-02 -2.694434126158284926e-01 0.000000000000000000e+00 1.834000000000000057e+02
-8.526839780612286646e+00 -3.377292412822031054e+01 0.000000000000000000e+00 -1.167774537456978123e-02 -2.871246478517264222e-01 0.000000000000000000e+00 1.835000000000000000e+02
-8.528007555149743624e+00 -3.380163659300547607e+01 0.000000000000000000e+00 -1.167774537456978123e-02 -2.871246478516553680e-01 0.000000000000000000e+00 1.836000000000000227e+02
-8.529175329687198825e+00 -3.383034905779064871e+01 0.000000000000000000e+00 -1.167774537455201767e-02 -2.871246478517264222e-01 0.000000000000000000e+00 1.837000000000000171e+02
-8.530343104224655804e+00 -3.385906152257582136e+01 0.000000000000000000e+00 -1.167774537456978123e-02 -2.871246478517264222e-01 0.000000000000000000e+00 1.838000000000000114e+02
-8.531510878762112782e+00 -3.388777398736098689e+01 0.000000000000000000e+00 -1.167774537456978123e-02 -2.871246478516553680e-01 0.000000000000000000e+00 1.839000000000000057e+02
-8.532678653299569760e+00 -3.391648645214615954e+01 0.000000000000000000e+00 -1.167774537456978123e-02 -2.871246478517264222e-01 0.000000000000000000e+00 1.840000000000000000e+02
-8.534490712720391059e+00 -3.394930931712833200e+01 0.000000000000000000e+00 -1.812059420821299227e-02 -3.282286498217246162e-01 0.000000000000000000e+00 1.841000000000000227e+02
-8.536323769237482040e+00 -3.398226613910819793e+01 0.000000000000000000e+00 -1.833056517090980719e-02 -3.295682197986593565e-01 0.000000000000000000e+00 1.842000000000000171e+02
-8.538156825754571244e+00 -3.401522296108805676e+01 0.000000000000000000e+00 -1.833056517089204362e-02 -3.295682197985883022e-01 0.000000000000000000e+00 1.843000000000000114e+02
-8.539989882271662225e+00 -3.404817978306792270e+01 0.000000000000000000e+00 -1.833056517090980719e-02 -3.295682197986593565e-01 0.000000000000000000e+00 1.844000000000000057e+02
-8.541822938788751429e+00 -3.408113660504778863e+01 0.000000000000000000e+00 -1.833056517089204362e-02 -3.295682197986593565e-01 0.000000000000000000e+00 1.845000000000000000e+02
-8.543655995305842410e+00 -3.411409342702765457e+01 0.000000000000000000e+00 -1.833056517090980719e-02 -3.295682197986593565e-01 0.000000000000000000e+00 1.846000000000000227e+02
-8.545489051822931614e+00 -3.414705024900751340e+01 0.000000000000000000e+00 -1.833056517089204362e-02 -3.295682197985883022e-01 0.000000000000000000e+00 1.847000000000000171e+02
-8.547322108340020819e+00 -3.418000707098737934e+01 0.000000000000000000e+00 -1.833056517089204362e-02 -3.295682197986593565e-01 0.000000000000000000e+00 1.848000000000000114e+02
-8.549021737957815503e+00 -3.420868901776589865e+01 0.000000000000000000e+00 -1.699629617794684577e-02 -2.868194677851931829e-01 0.000000000000000000e+00 1.849000000000000057e+02
-8.550708482986870251e+00 -3.423695815416531474e+01 0.000000000000000000e+00 -1.686745029054748102e-02 -2.826913639941608380e-01 0.000000000000000000e+00 1.850000000000000000e+02
-8.552395228015924999e+00 -3.426522729056472372e+01 0.000000000000000000e+00 -1.686745029054748102e-02 -2.826913639940897838e-01 0.000000000000000000e+00 1.851000000000000227e+02
-8.554081973044977971e+00 -3.429349642696413980e+01 0.000000000000000000e+00 -1.686745029052971745e-02 -2.826913639941608380e-01 0.000000000000000000e+00 1.852000000000000171e+02
-8.555768718074032719e+00 -3.432176556336355588e+01 0.000000000000000000e+00 -1.686745029054748102e-02 -2.826913639941608380e-01 0.000000000000000000e+00 1.853000000000000114e+02
-8.557455463103087467e+00 -3.435003469976296486e+01 0.000000000000000000e+00 -1.686745029054748102e-02 -2.826913639940897838e-01 0.000000000000000000e+00 1.854000000000000057e+02
-8.559203974523718728e+00 -3.437689214318093889e+01 0.000000000000000000e+00 -1.748511420631260194e-02 -2.685744341797402512e-01 0.000000000000000000e+00 1.855000000000000000e+02
-8.561039995885980858e+00 -3.440174951556906535e+01 0.000000000000000000e+00 -1.836021362262130197e-02 -2.485737238812646410e-01 0.000000000000000000e+00 1.856000000000000227e+02
-8.562876017248244764e+00 -3.442660688795718471e+01 0.000000000000000000e+00 -1.836021362263906553e-02 -2.485737238811935867e-01 0.000000000000000000e+00 1.857000000000000171e+02
-8.564712038610508671e+00 -3.445146426034531117e+01 0.000000000000000000e+00 -1.836021362263906553e-02 -2.485737238812646410e-01 0.000000000000000000e+00 1.858000000000000114e+02
-8.566548059972770801e+00 -3.447632163273343053e+01 0.000000000000000000e+00 -1.836021362262130197e-02 -2.485737238811935867e-01 0.000000000000000000e+00 1.859000000000000057e+02
-8.568384081335034708e+00 -3.450117900512155700e+01 0.000000000000000000e+00 -1.836021362263906553e-02 -2.485737238812646410e-01 0.000000000000000000e+00 1.860000000000000000e+02
-8.570348680154925347e+00 -3.452771702180538682e+01 0.000000000000000000e+00 -1.964598819890639447e-02 -2.653801668382982371e-01 0.000000000000000000e+00 1.861000000000000227e+02
-8.572431535473521436e+00 -3.455580077686082774e+01 0.000000000000000000e+00 -2.082855318596088523e-02 -2.808375505544091766e-01 0.000000000000000000e+00 1.862000000000000171e+02
-8.574514390792117524e+00 -3.458388453191626866e+01 0.000000000000000000e+00 -2.082855318596088523e-02 -2.808375505544091766e-01 0.000000000000000000e+00 1.863000000000000114e+02
-8.576597246110711836e+00 -3.461196828697170957e+01 0.000000000000000000e+00 -2.082855318594312166e-02 -2.808375505544091766e-01 0.000000000000000000e+00 1.864000000000000057e+02
-8.578680101429307925e+00 -3.464005204202715049e+01 0.000000000000000000e+00 -2.082855318596088523e-02 -2.808375505544091766e-01 0.000000000000000000e+00 1.865000000000000000e+02
-8.580762956747904013e+00 -3.466813579708259141e+01 0.000000000000000000e+00 -2.082855318596088523e-02 -2.808375505544091766e-01 0.000000000000000000e+00 1.866000000000000227e+02
-8.582845812066500102e+00 -3.469621955213803233e+01 0.000000000000000000e+00 -2.082855318596088523e-02 -2.808375505544091766e-01 0.000000000000000000e+00 1.867000000000000171e+02
-8.584597257742405674e+00 -3.472205495642673867e+01 0.000000000000000000e+00 -1.751445675905571875e-02 -2.583540428870634287e-01 0.000000000000000000e+00 1.868000000000000114e+02
-8.586013260432665106e+00 -3.474561464692552448e+01 0.000000000000000000e+00 -1.416002690259432484e-02 -2.355969049878581245e-01 0.000000000000000000e+00 1.869000000000000057e+02
-8.587429263122922762e+00 -3.476917433742431029e+01 0.000000000000000000e+00 -1.416002690257656127e-02 -2.355969049878581245e-01 0.000000000000000000e+00 1.870000000000000000e+02
-8.588845265813182195e+00 -3.479273402792308900e+01 0.000000000000000000e+00 -1.416002690259432484e-02 -2.355969049877870702e-01 0.000000000000000000e+00 1.871000000000000227e+02
-8.590261268503439851e+00 -3.481629371842187481e+01 0.000000000000000000e+00 -1.416002690257656127e-02 -2.355969049878581245e-01 0.000000000000000000e+00 1.872000000000000171e+02
-8.591677271193699283e+00 -3.483985340892066063e+01 0.000000000000000000e+00 -1.416002690259432484e-02 -2.355969049878581245e-01 0.000000000000000000e+00 1.873000000000000114e+02
-8.591603012240764059e+00 -3.486099048295941571e+01 0.000000000000000000e+00 7.425895293522444263e-04 -2.113707403875508817e-01 0.000000000000000000e+00 1.874000000000000057e+02
-8.591352067829983952e+00 -3.488184033152982266e+01 0.000000000000000000e+00 2.509444107801073187e-03 -2.084984857040694806e-01 0.000000000000000000e+00 1.875000000000000000e+02
-8.591101123419203844e+00 -3.490269018010022961e+01 0.000000000000000000e+00 2.509444107801073187e-03 -2.084984857040694806e-01 0.000000000000000000e+00 1.876000000000000227e+02
-8.590850179008423737e+00 -3.492354002867063656e+01 0.000000000000000000e+00 2.509444107801073187e-03 -2.084984857040694806e-01 0.000000000000000000e+00 1.877000000000000171e+02
-8.590599234597645406e+00 -3.494438987724104351e+01 0.000000000000000000e+00 2.509444107783309619e-03 -2.084984857040694806e-01 0.000000000000000000e+00 1.878000000000000114e+02
-8.589257897511314965e+00 -3.496764874773803911e+01 0.000000000000000000e+00 1.341337086330440798e-02 -2.325887049699559839e-01 0.000000000000000000e+00 1.879000000000000057e+02
-8.587840438787539554e+00 -3.499107579498256371e+01 0.000000000000000000e+00 1.417458723775411045e-02 -2.342704724452460141e-01 0.000000000000000000e+00 1.880000000000000000e+02
-8.586422980063762367e+00 -3.501450284222708120e+01 0.000000000000000000e+00 1.417458723777187402e-02 -2.342704724451749598e-01 0.000000000000000000e+00 1.881000000000000227e+02
-8.585005521339986956e+00 -3.503792988947160580e+01 0.000000000000000000e+00 1.417458723775411045e-02 -2.342704724452460141e-01 0.000000000000000000e+00 1.882000000000000171e+02
-8.583588062616209768e+00 -3.506135693671612330e+01 0.000000000000000000e+00 1.417458723777187402e-02 -2.342704724451749598e-01 0.000000000000000000e+00 1.883000000000000114e+02
-8.577008954309169653e+00 -3.508522802336817392e+01 0.000000000000000000e+00 6.579108307040115733e-02 -2.387108665205062152e-01 0.000000000000000000e+00 1.884000000000000057e+02
-8.563844973700813767e+00 -3.510966558450637365e+01 0.000000000000000000e+00 1.316398060835588524e-01 -2.443756113819972597e-01 0.000000000000000000e+00 1.885000000000000000e+02
-8.550680993092457882e+00 -3.513410314564457337e+01 0.000000000000000000e+00 1.316398060835588524e-01 -2.443756113819972597e-01 0.000000000000000000e+00 1.886000000000000227e+02
-8.537517012484101997e+00 -3.515854070678277310e+01 0.000000000000000000e+00 1.316398060835588524e-01 -2.443756113819972597e-01 0.000000000000000000e+00 1.887000000000000171e+02
-8.524353031875746112e+00 -3.518297826792097283e+01 0.000000000000000000e+00 1.316398060835588524e-01 -2.443756113819972597e-01 0.000000000000000000e+00 1.888000000000000114e+02
-8.511189051267390226e+00 -3.520741582905917966e+01 0.000000000000000000e+00 1.316398060835588524e-01 -2.443756113820683140e-01 0.000000000000000000e+00 1.889000000000000057e+02
-8.498025070659034341e+00 -3.523185339019737938e+01 0.000000000000000000e+00 1.316398060835588524e-01 -2.443756113819972597e-01 0.000000000000000000e+00 1.890000000000000000e+02
-8.485057122524080953e+00 -3.525305118138003735e+01 0.000000000000000000e+00 1.296794813495338872e-01 -2.119779118265796569e-01 0.000000000000000000e+00 1.891000000000000227e+02
-8.472175700852762503e+00 -3.527281897562199475e+01 0.000000000000000000e+00 1.288142167131844928e-01 -1.976779424195740376e-01 0.000000000000000000e+00 1.892000000000000171e+02
-8.459294279181444054e+00 -3.529258676986395926e+01 0.000000000000000000e+00 1.288142167131844928e-01 -1.976779424196450918e-01 0.000000000000000000e+00 1.893000000000000114e+02
-8.446412857510125605e+00 -3.531235456410591667e+01 0.000000000000000000e+00 1.288142167131844928e-01 -1.976779424195740376e-01 0.000000000000000000e+00 1.894000000000000057e+02
-8.433531435838807155e+00 -3.533212235834788117e+01 0.000000000000000000e+00 1.288142167131844928e-01 -1.976779424196450918e-01 0.000000000000000000e+00 1.895000000000000000e+02
-8.420650014167488706e+00 -3.535189015258983858e+01 0.000000000000000000e+00 1.288142167131844928e-01 -1.976779424195740376e-01 0.000000000000000000e+00 1.896000000000000227e+02
-8.394995377495678923e+00 -3.536636212339882235e+01 0.000000000000000000e+00 2.565463667180978291e-01 -1.447197080898376953e-01 0.000000000000000000e+00 1.897000000000000171e+02
-8.364553120788814411e+00 -3.537884912876496202e+01 0.000000000000000000e+00 3.044225670686451224e-01 -1.248700536613966960e-01 0.000000000000000000e+00 1.898000000000000114e+02
-8.334110864081949899e+00 -3.539133613413110879e+01 0.000000000000000000e+00 3.044225670686451224e-01 -1.248700536614677503e-01 0.000000000000000000e+00 1.899000000000000057e+02
-8.303668607375087163e+00 -3.540382313949724846e+01 0.000000000000000000e+00 3.044225670686273588e-01 -1.248700536613966960e-01 0.000000000000000000e+00 1.900000000000000000e+02
-8.273226350668222651e+00 -3.541631014486339524e+01 0.000000000000000000e+00 3.044225670686451224e-01 -1.248700536614677503e-01 0.000000000000000000e+00 1.901000000000000227e+02
-8.242784093961358138e+00 -3.542879715022953491e+01 0.000000000000000000e+00 3.044225670686451224e-01 -1.248700536613966960e-01 0.000000000000000000e+00 1.902000000000000171e+02
-8.212341837254493626e+00 -3.544128415559568168e+01 0.000000000000000000e+00 3.044225670686451224e-01 -1.248700536614677503e-01 0.000000000000000000e+00 1.903000000000000114e+02
-8.181255729266938559e+00 -3.545384515762916777e+01 0.000000000000000000e+00 3.108610798755506721e-01 -1.256100203348609057e-01 0.000000000000000000e+00 1.904000000000000057e+02
-8.148552220057991846e+00 -3.546659204467015059e+01 0.000000000000000000e+00 3.270350920894671276e-01 -1.274688704098281278e-01 0.000000000000000000e+00 1.905000000000000000e+02
-8.115848710849045133e+00 -3.547933893171113340e+01 0.000000000000000000e+00 3.270350920894671276e-01 -1.274688704098281278e-01 0.000000000000000000e+00 1.906000000000000227e+02
-8.083145201640096644e+00 -3.549208581875211621e+01 0.000000000000000000e+00 3.270350920894848912e-01 -1.274688704098281278e-01 0.000000000000000000e+00 1.907000000000000171e+02
-8.050441692431149932e+00 -3.550483270579309902e+01 0.000000000000000000e+00 3.270350920894671276e-01 -1.274688704098281278e-01 0.000000000000000000e+00 1.908000000000000114e+02
-8.017738183222203219e+00 -3.551757959283408184e+01 0.000000000000000000e+00 3.270350920894671276e-01 -1.274688704098281278e-01 0.000000000000000000e+00 1.909000000000000057e+02
-7.985034674013255618e+00 -3.553032647987505754e+01 0.000000000000000000e+00 3.270350920894760094e-01 -1.274688704097570735e-01 0.000000000000000000e+00 1.910000000000000000e+02
-7.952331164804308017e+00 -3.554307336691604036e+01 0.000000000000000000e+00 3.270350920894760094e-01 -1.274688704098281278e-01 0.000000000000000000e+00 1.911000000000000227e+02
-7.918875352407879653e+00 -3.555812971789012522e+01 0.000000000000000000e+00 3.345581239642836380e-01 -1.505635097408486445e-01 0.000000000000000000e+00 1.912000000000000171e+02
-7.883261597150569955e+00 -3.557981064694632778e+01 0.000000000000000000e+00 3.561375525730969827e-01 -2.168092905620255806e-01 0.000000000000000000e+00 1.913000000000000114e+02
-7.847647841893261145e+00 -3.560149157600252323e+01 0.000000000000000000e+00 3.561375525730881009e-01 -2.168092905619545263e-01 0.000000000000000000e+00 1.914000000000000057e+02
-7.812034086635951446e+00 -3.562317250505872579e+01 0.000000000000000000e+00 3.561375525730969827e-01 -2.168092905620255806e-01 0.000000000000000000e+00 1.915000000000000000e+02
-7.776420331378642636e+00 -3.564485343411492835e+01 0.000000000000000000e+00 3.561375525730881009e-01 -2.168092905620255806e-01 0.000000000000000000e+00 1.916000000000000227e+02
-7.740806576121332938e+00 -3.566653436317112380e+01 0.000000000000000000e+00 3.561375525730969827e-01 -2.168092905619545263e-01 0.000000000000000000e+00 1.917000000000000171e+02
-7.705192820864024128e+00 -3.568821529222732636e+01 0.000000000000000000e+00 3.561375525730881009e-01 -2.168092905620255806e-01 0.000000000000000000e+00 1.918000000000000114e+02
-7.669579065606714430e+00 -3.570989622128352181e+01 0.000000000000000000e+00 3.561375525730969827e-01 -2.168092905619545263e-01 0.000000000000000000e+00 1.919000000000000057e+02
-7.633965310349404731e+00 -3.573157715033972437e+01 0.000000000000000000e+00 3.561375525730969827e-01 -2.168092905620255806e-01 0.000000000000000000e+00 1.920000000000000000e+02
-7.598351555092095921e+00 -3.575325807939592693e+01 0.000000000000000000e+00 3.561375525730881009e-01 -2.168092905620255806e-01 0.000000000000000000e+00 1.921000000000000227e+02
-7.565853470337133402e+00 -3.577200560075537084e+01 0.000000000000000000e+00 3.249808475496251958e-01 -1.874752135944390830e-01 0.000000000000000000e+00 1.922000000000000171e+02
-7.536063967395625340e+00 -3.578820298893067076e+01 0.000000000000000000e+00 2.978950294150806144e-01 -1.619738817529992048e-01 0.000000000000000000e+00 1.923000000000000114e+02
-7.506274464454118167e+00 -3.580440037710597068e+01 0.000000000000000000e+00 2.978950294150717326e-01 -1.619738817529992048e-01 0.000000000000000000e+00 1.924000000000000057e+02
-7.476484961512610994e+00 -3.582059776528127770e+01 0.000000000000000000e+00 2.978950294150717326e-01 -1.619738817530702590e-01 0.000000000000000000e+00 1.925000000000000000e+02
-7.446695458571102932e+00 -3.583679515345657762e+01 0.000000000000000000e+00 2.978950294150806144e-01 -1.619738817529992048e-01 0.000000000000000000e+00 1.926000000000000227e+02
-7.416905955629595759e+00 -3.585299254163188465e+01 0.000000000000000000e+00 2.978950294150717326e-01 -1.619738817530702590e-01 0.000000000000000000e+00 1.927000000000000171e+02
-7.387116452688088586e+00 -3.586918992980718457e+01 0.000000000000000000e+00 2.978950294150717326e-01 -1.619738817529992048e-01 0.000000000000000000e+00 1.928000000000000114e+02
-7.357717993803785106e+00 -3.588519843802380649e+01 0.000000000000000000e+00 2.939845888430347998e-01 -1.600850821662191947e-01 0.000000000000000000e+00 1.929000000000000057e+02
-7.332293210232775138e+00 -3.589928760335521929e+01 0.000000000000000000e+00 2.542478357100996789e-01 -1.408916533141280070e-01 0.000000000000000000e+00 1.930000000000000000e+02
-7.306868426661764282e+00 -3.591337676868663209e+01 0.000000000000000000e+00 2.542478357101085606e-01 -1.408916533141280070e-01 0.000000000000000000e+00 1.931000000000000227e+02
-7.281443643090754314e+00 -3.592746593401804489e+01 0.000000000000000000e+00 2.542478357100996789e-01 -1.408916533141280070e-01 0.000000000000000000e+00 1.932000000000000171e+02
-7.256018859519744346e+00 -3.594155509934945769e+01 0.000000000000000000e+00 2.542478357100996789e-01 -1.408916533141280070e-01 0.000000000000000000e+00 1.933000000000000114e+02
-7.230594075948734378e+00 -3.595564426468087049e+01 0.000000000000000000e+00 2.542478357100996789e-01 -1.408916533141280070e-01 0.000000000000000000e+00 1.934000000000000057e+02
-7.205169292377724410e+00 -3.596973343001228329e+01 0.000000000000000000e+00 2.542478357100996789e-01 -1.408916533141280070e-01 0.000000000000000000e+00 1.935000000000000000e+02
-7.178747025769295576e+00 -3.598439963763041760e+01 0.000000000000000000e+00 2.642226660842883490e-01 -1.466620761813430818e-01 0.000000000000000000e+00 1.936000000000000227e+02
-7.150006464557119301e+00 -3.600040697484099894e+01 0.000000000000000000e+00 2.874056121217627435e-01 -1.600733721058134051e-01 0.000000000000000000e+00 1.937000000000000171e+02
-7.121265903344942139e+00 -3.601641431205157318e+01 0.000000000000000000e+00 2.874056121217716253e-01 -1.600733721057423509e-01 0.000000000000000000e+00 1.938000000000000114e+02
-7.092525342132765864e+00 -3.603242164926215452e+01 0.000000000000000000e+00 2.874056121217627435e-01 -1.600733721058134051e-01 0.000000000000000000e+00 1.939000000000000057e+02
-7.063784780920589590e+00 -3.604842898647272875e+01 0.000000000000000000e+00 2.874056121217627435e-01 -1.600733721057423509e-01 0.000000000000000000e+00 1.940000000000000000e+02
-7.035044219708412427e+00 -3.606443632368331009e+01 0.000000000000000000e+00 2.874056121217716253e-01 -1.600733721058134051e-01 0.000000000000000000e+00 1.941000000000000227e+02
-7.006303658496236153e+00 -3.608044366089388433e+01 0.000000000000000000e+00 2.874056121217627435e-01 -1.600733721057423509e-01 0.000000000000000000e+00 1.942000000000000171e+02
-6.977563097284059879e+00 -3.609645099810446567e+01 0.000000000000000000e+00 2.874056121217627435e-01 -1.600733721058134051e-01 0.000000000000000000e+00 1.943000000000000114e+02
-6.949814555704448615e+00 -3.611195208784373989e+01 0.000000000000000000e+00 2.774854157961126333e-01 -1.550108973927422085e-01 0.000000000000000000e+00 1.944000000000000057e+02
-6.926022334736460451e+00 -3.612543418799898376e+01 0.000000000000000000e+00 2.379222096798816466e-01 -1.348210015524387018e-01 0.000000000000000000e+00 1.945000000000000000e+02
-6.902230113768472286e+00 -3.613891628815423473e+01 0.000000000000000000e+00 2.379222096798816466e-01 -1.348210015525097560e-01 0.000000000000000000e+00 1.946000000000000227e+02
-6.878437892800484121e+00 -3.615239838830947861e+01 0.000000000000000000e+00 2.379222096798816466e-01 -1.348210015524387018e-01 0.000000000000000000e+00 1.947000000000000171e+02
-6.854645671832495957e+00 -3.616588048846472958e+01 0.000000000000000000e+00 2.379222096798816466e-01 -1.348210015525097560e-01 0.000000000000000000e+00 1.948000000000000114e+02
-6.830853450864508680e+00 -3.617936258861997345e+01 0.000000000000000000e+00 2.379222096798727648e-01 -1.348210015524387018e-01 0.000000000000000000e+00 1.949000000000000057e+02
-6.807061229896520516e+00 -3.619284468877522443e+01 0.000000000000000000e+00 2.379222096798816466e-01 -1.348210015525097560e-01 0.000000000000000000e+00 1.950000000000000000e+02
-6.782747336138994498e+00 -3.620362485299224886e+01 0.000000000000000000e+00 2.431389375752601723e-01 -1.078016421702443495e-01 0.000000000000000000e+00 1.951000000000000227e+02
-6.758381328629562645e+00 -3.621413510085178444e+01 0.000000000000000000e+00 2.436600750943185290e-01 -1.051024785953558194e-01 0.000000000000000000e+00 1.952000000000000171e+02
-6.734015321120130793e+00 -3.622464534871132003e+01 0.000000000000000000e+00 2.436600750943185290e-01 -1.051024785953558194e-01 0.000000000000000000e+00 1.953000000000000114e+02
-6.709649313610698940e+00 -3.623515559657085561e+01 0.000000000000000000e+00 2.436600750943185290e-01 -1.051024785953558194e-01 0.000000000000000000e+00 1.954000000000000057e+02
-6.685283306101267975e+00 -3.624566584443039119e+01 0.000000000000000000e+00 2.436600750943096472e-01 -1.051024785953558194e-01 0.000000000000000000e+00 1.955000000000000000e+02
-6.660917298591836122e+00 -3.625617609228992677e+01 0.000000000000000000e+00 2.436600750943185290e-01 -1.051024785953558194e-01 0.000000000000000000e+00 1.956000000000000227e+02
-6.626887438578231482e+00 -3.625332632770044938e+01 0.000000000000000000e+00 3.402986001360464030e-01 2.849764589477388199e-02 0.000000000000000000e+00 1.957000000000000171e+02
-6.592736220026484517e+00 -3.625030878824276215e+01 0.000000000000000000e+00 3.415121855174696464e-01 3.017539457687234972e-02 0.000000000000000000e+00 1.958000000000000114e+02
-6.558585001474736664e+00 -3.624729124878506781e+01 0.000000000000000000e+00 3.415121855174785281e-01 3.017539457694340399e-02 0.000000000000000000e+00 1.959000000000000057e+02
-6.524433782922989700e+00 -3.624427370932737347e+01 0.000000000000000000e+00 3.415121855174696464e-01 3.017539457694340399e-02 0.000000000000000000e+00 1.960000000000000000e+02
-6.490282564371241847e+00 -3.624125616986967913e+01 0.000000000000000000e+00 3.415121855174785281e-01 3.017539457694340399e-02 0.000000000000000000e+00 1.961000000000000227e+02
-6.456131345819494882e+00 -3.623823863041198479e+01 0.000000000000000000e+00 3.415121855174696464e-01 3.017539457694340399e-02 0.000000000000000000e+00 1.962000000000000171e+02
-6.421980127267747029e+00 -3.623522109095429045e+01 0.000000000000000000e+00 3.415121855174785281e-01 3.017539457694340399e-02 0.000000000000000000e+00 1.963000000000000114e+02
-6.387828908716000065e+00 -3.623220355149660321e+01 0.000000000000000000e+00 3.415121855174696464e-01 3.017539457687234972e-02 0.000000000000000000e+00 1.964000000000000057e+02
-6.352448683141443730e+00 -3.622935688724415115e+01 0.000000000000000000e+00 3.538022557455633432e-01 2.846664252452058008e-02 0.000000000000000000e+00 1.965000000000000000e+02
-6.316015751416224511e+00 -3.622665658617450646e+01 0.000000000000000000e+00 3.643293172521921974e-01 2.700301069644694962e-02 0.000000000000000000e+00 1.966000000000000227e+02
-6.279582819691004403e+00 -3.622395628510486887e+01 0.000000000000000000e+00 3.643293172522010792e-01 2.700301069637589535e-02 0.000000000000000000e+00 1.967000000000000171e+02
-6.243149887965784295e+00 -3.622125598403522417e+01 0.000000000000000000e+00 3.643293172522010792e-01 2.700301069644694962e-02 0.000000000000000000e+00 1.968000000000000114e+02
-6.206716956240564187e+00 -3.621855568296558658e+01 0.000000000000000000e+00 3.643293172522010792e-01 2.700301069637589535e-02 0.000000000000000000e+00 1.969000000000000057e+02
-6.170284024515344079e+00 -3.621585538189594899e+01 0.000000000000000000e+00 3.643293172522010792e-01 2.700301069637589535e-02 0.000000000000000000e+00 1.970000000000000000e+02
-6.133851092790124859e+00 -3.621315508082630430e+01 0.000000000000000000e+00 3.643293172521921974e-01 2.700301069644694962e-02 0.000000000000000000e+00 1.971000000000000227e+02
-6.097418161064904751e+00 -3.621045477975666671e+01 0.000000000000000000e+00 3.643293172522010792e-01 2.700301069637589535e-02 0.000000000000000000e+00 1.972000000000000171e+02
-6.060985229339684643e+00 -3.620775447868702202e+01 0.000000000000000000e+00 3.643293172522010792e-01 2.700301069644694962e-02 0.000000000000000000e+00 1.973000000000000114e+02
-6.029489062615891903e+00 -3.620577556159491905e+01 0.000000000000000000e+00 3.149616672379274007e-01 1.978917092102960851e-02 0.000000000000000000e+00 1.974000000000000057e+02
-5.999971714457699612e+00 -3.620408579904172086e+01 0.000000000000000000e+00 2.951734815819229141e-01 1.689762553198193018e-02 0.000000000000000000e+00 1.975000000000000000e+02
-5.970454366299507321e+00 -3.620239603648852267e+01 0.000000000000000000e+00 2.951734815819229141e-01 1.689762553198193018e-02 0.000000000000000000e+00 1.976000000000000227e+02
-5.940937018141315029e+00 -3.620070627393532448e+01 0.000000000000000000e+00 2.951734815819229141e-01 1.689762553198193018e-02 0.000000000000000000e+00 1.977000000000000171e+02
-5.911419669983123626e+00 -3.619901651138213339e+01 0.000000000000000000e+00 2.951734815819140323e-01 1.689762553191087591e-02 0.000000000000000000e+00 1.978000000000000114e+02
-5.881902321824931335e+00 -3.619732674882893519e+01 0.000000000000000000e+00 2.951734815819229141e-01 1.689762553198193018e-02 0.000000000000000000e+00 1.979000000000000057e+02
-5.852480881154326298e+00 -3.619565180480110911e+01 0.000000000000000000e+00 2.942144067060503687e-01 1.674944027826086312e-02 0.000000000000000000e+00 1.980000000000000000e+02
-5.826877622496258624e+00 -3.619456680248111979e+01 0.000000000000000000e+00 2.560325865806767354e-01 1.085002319989314401e-02 0.000000000000000000e+00 1.981000000000000227e+02
-5.801274363838191839e+00 -3.619348180016113758e+01 0.000000000000000000e+00 2.560325865806678536e-01 1.085002319982208974e-02 0.000000000000000000e+00 1.982000000000000171e+02
-5.775671105180124165e+00 -3.619239679784114827e+01 0.000000000000000000e+00 2.560325865806767354e-01 1.085002319989314401e-02 0.000000000000000000e+00 1.983000000000000114e+02
-5.750067846522057380e+00 -3.619131179552116606e+01 0.000000000000000000e+00 2.560325865806678536e-01 1.085002319982208974e-02 0.000000000000000000e+00 1.984000000000000057e+02
-5.724464587863989706e+00 -3.619022679320118385e+01 0.000000000000000000e+00 2.560325865806767354e-01 1.085002319982208974e-02 0.000000000000000000e+00 1.985000000000000000e+02
-5.698360467606520707e+00 -3.618915587147181157e+01 0.000000000000000000e+00 2.610412025746899900e-01 1.070921729372287245e-02 0.000000000000000000e+00 1.986000000000000227e+02
-5.670090782406137286e+00 -3.618814582970100702e+01 0.000000000000000000e+00 2.826968520038342092e-01 1.010041770804548378e-02 0.000000000000000000e+00 1.987000000000000171e+02
-5.641821097205753865e+00 -3.618713578793020247e+01 0.000000000000000000e+00 2.826968520038342092e-01 1.010041770804548378e-02 0.000000000000000000e+00 1.988000000000000114e+02
-5.613551412005370445e+00 -3.618612574615939081e+01 0.000000000000000000e+00 2.826968520038342092e-01 1.010041770811653805e-02 0.000000000000000000e+00 1.989000000000000057e+02
-5.585281726804987024e+00 -3.618511570438858627e+01 0.000000000000000000e+00 2.826968520038342092e-01 1.010041770804548378e-02 0.000000000000000000e+00 1.990000000000000000e+02
-5.557012041604603603e+00 -3.618410566261778172e+01 0.000000000000000000e+00 2.826968520038342092e-01 1.010041770804548378e-02 0.000000000000000000e+00 1.991000000000000227e+02
-5.528742356404220182e+00 -3.618309562084697006e+01 0.000000000000000000e+00 2.826968520038342092e-01 1.010041770811653805e-02 0.000000000000000000e+00 1.992000000000000171e+02
-5.497865077158955671e+00 -3.617866760257064840e+01 0.000000000000000000e+00 3.087727924526451062e-01 4.428018276321665780e-02 0.000000000000000000e+00 1.993000000000000114e+02
-5.465077644578366645e+00 -3.617173579761982438e+01 0.000000000000000000e+00 3.278743258058902654e-01 6.931804950824016487e-02 0.000000000000000000e+00 1.994000000000000057e+02
-5.432290211997778506e+00 -3.616480399266900747e+01 0.000000000000000000e+00 3.278743258058813836e-01 6.931804950816911060e-02 0.000000000000000000e+00 1.995000000000000000e+02
-5.399502779417190368e+00 -3.615787218771818345e+01 0.000000000000000000e+00 3.278743258058813836e-01 6.931804950824016487e-02 0.000000000000000000e+00 1.996000000000000227e+02
-5.366715346836602230e+00 -3.615094038276736654e+01 0.000000000000000000e+00 3.278743258058813836e-01 6.931804950816911060e-02 0.000000000000000000e+00 1.997000000000000171e+02
-5.333927914256014091e+00 -3.614400857781654253e+01 0.000000000000000000e+00 3.278743258058813836e-01 6.931804950824016487e-02 0.000000000000000000e+00 1.998000000000000114e+02
-5.301140481675425953e+00 -3.613707677286572562e+01 0.000000000000000000e+00 3.278743258058813836e-01 6.931804950816911060e-02 0.000000000000000000e+00 1.999000000000000057e+02
-5.268353049094836926e+00 -3.613014496791490870e+01 0.000000000000000000e+00 3.278743258058902654e-01 6.931804950816911060e-02 0.000000000000000000e+00 2.000000000000000000e+02
-5.238198961549655586e+00 -3.612211969832080172e+01 0.000000000000000000e+00 3.015408754518134060e-01 8.025269594106987370e-02 0.000000000000000000e+00 2.001000000000000227e+02
-5.209991164081804627e+00 -3.611328625533639070e+01 0.000000000000000000e+00 2.820779746785095909e-01 8.833442984411021826e-02 0.000000000000000000e+00 2.002000000000000171e+02
-5.181783366613952779e+00 -3.610445281235197257e+01 0.000000000000000000e+00 2.820779746785184727e-01 8.833442984418127253e-02 0.000000000000000000e+00 2.003000000000000114e+02
-5.153575569146101820e+00 -3.609561936936755444e+01 0.000000000000000000e+00 2.820779746785095909e-01 8.833442984418127253e-02 0.000000000000000000e+00 2.004000000000000057e+02
-5.125367771678250861e+00 -3.608678592638314342e+01 0.000000000000000000e+00 2.820779746785095909e-01 8.833442984411021826e-02 0.000000000000000000e+00 2.005000000000000000e+02
-5.097159974210399014e+00 -3.607795248339872529e+01 0.000000000000000000e+00 2.820779746785184727e-01 8.833442984418127253e-02 0.000000000000000000e+00 2.006000000000000227e+02
-5.068952176742548055e+00 -3.606911904041431427e+01 0.000000000000000000e+00 2.820779746785095909e-01 8.833442984411021826e-02 0.000000000000000000e+00 2.007000000000000171e+02
-5.036224586238196466e+00 -3.606021927877641531e+01 0.000000000000000000e+00 3.272759050435158912e-01 8.899761637898961908e-02 0.000000000000000000e+00 2.008000000000000114e+02
-5.003160191205851426e+00 -3.605131457522578131e+01 0.000000000000000000e+00 3.306439503234503974e-01 8.904703550633996656e-02 0.000000000000000000e+00 2.009000000000000057e+02
-4.970095796173506386e+00 -3.604240987167514021e+01 0.000000000000000000e+00 3.306439503234503974e-01 8.904703550641102083e-02 0.000000000000000000e+00 2.010000000000000000e+02
-4.937031401141161346e+00 -3.603350516812450621e+01 0.000000000000000000e+00 3.306439503234503974e-01 8.904703550633996656e-02 0.000000000000000000e+00 2.011000000000000227e+02
-4.903967006108815418e+00 -3.602460046457387222e+01 0.000000000000000000e+00 3.306439503234592792e-01 8.904703550633996656e-02 0.000000000000000000e+00 2.012000000000000171e+02
-4.870902611076470379e+00 -3.601569576102323822e+01 0.000000000000000000e+00 3.306439503234503974e-01 8.904703550633996656e-02 0.000000000000000000e+00 2.013000000000000114e+02
-4.837838216044125339e+00 -3.600679105747259712e+01 0.000000000000000000e+00 3.306439503234503974e-01 8.904703550641102083e-02 0.000000000000000000e+00 2.014000000000000057e+02
-4.801503252570506142e+00 -3.599667705319320277e+01 0.000000000000000000e+00 3.633496347361919732e-01 1.011400427939435076e-01 0.000000000000000000e+00 2.015000000000000000e+02
-4.757799235690206352e+00 -3.598383832328429577e+01 0.000000000000000000e+00 4.370401688029978970e-01 1.283872990890699839e-01 0.000000000000000000e+00 2.016000000000000227e+02
-4.714095218809906562e+00 -3.597099959337538877e+01 0.000000000000000000e+00 4.370401688029978970e-01 1.283872990890699839e-01 0.000000000000000000e+00 2.017000000000000171e+02
-4.670391201929607661e+00 -3.595816086346648177e+01 0.000000000000000000e+00 4.370401688029890153e-01 1.283872990890699839e-01 0.000000000000000000e+00 2.018000000000000114e+02
-4.626687185049307871e+00 -3.594532213355758188e+01 0.000000000000000000e+00 4.370401688029978970e-01 1.283872990889989296e-01 0.000000000000000000e+00 2.019000000000000057e+02
-4.582983168169008081e+00 -3.593248340364867488e+01 0.000000000000000000e+00 4.370401688029978970e-01 1.283872990890699839e-01 0.000000000000000000e+00 2.020000000000000000e+02
-4.539279151288708292e+00 -3.591964467373976788e+01 0.000000000000000000e+00 4.370401688029978970e-01 1.283872990890699839e-01 0.000000000000000000e+00 2.021000000000000227e+02
-4.495575134408409390e+00 -3.590680594383086088e+01 0.000000000000000000e+00 4.370401688029890153e-01 1.283872990890699839e-01 0.000000000000000000e+00 2.022000000000000171e+02
-4.451871117528109600e+00 -3.589396721392196099e+01 0.000000000000000000e+00 4.370401688029978970e-01 1.283872990889989296e-01 0.000000000000000000e+00 2.023000000000000114e+02
-4.408167100647809811e+00 -3.588112848401305399e+01 0.000000000000000000e+00 4.370401688029978970e-01 1.283872990890699839e-01 0.000000000000000000e+00 2.024000000000000057e+02
-4.364463083767510909e+00 -3.586828975410414699e+01 0.000000000000000000e+00 4.370401688029890153e-01 1.283872990890699839e-01 0.000000000000000000e+00 2.025000000000000000e+02
-4.320759066887211119e+00 -3.585545102419524000e+01 0.000000000000000000e+00 4.370401688029978970e-01 1.283872990890699839e-01 0.000000000000000000e+00 2.026000000000000227e+02
-4.283972101027275770e+00 -3.584390680451933520e+01 0.000000000000000000e+00 3.678696585993534995e-01 1.154421967590479881e-01 0.000000000000000000e+00 2.027000000000000171e+02
-4.248722433245554875e+00 -3.583265028665270790e+01 0.000000000000000000e+00 3.524966778172089477e-01 1.125651786662729137e-01 0.000000000000000000e+00 2.028000000000000114e+02
-4.213472765463833980e+00 -3.582139376878607351e+01 0.000000000000000000e+00 3.524966778172089477e-01 1.125651786663439680e-01 0.000000000000000000e+00 2.029000000000000057e+02
-4.178223097682113085e+00 -3.581013725091944622e+01 0.000000000000000000e+00 3.524966778172089477e-01 1.125651786662729137e-01 0.000000000000000000e+00 2.030000000000000000e+02
-4.142973429900392190e+00 -3.579888073305281893e+01 0.000000000000000000e+00 3.524966778172089477e-01 1.125651786662729137e-01 0.000000000000000000e+00 2.031000000000000227e+02
-4.107723762118671296e+00 -3.578762421518618453e+01 0.000000000000000000e+00 3.524966778172089477e-01 1.125651786663439680e-01 0.000000000000000000e+00 2.032000000000000171e+02
-4.072474094336950401e+00 -3.577636769731955724e+01 0.000000000000000000e+00 3.524966778172089477e-01 1.125651786662729137e-01 0.000000000000000000e+00 2.033000000000000114e+02
-4.037224426555229506e+00 -3.576511117945292995e+01 0.000000000000000000e+00 3.524966778172089477e-01 1.125651786662729137e-01 0.000000000000000000e+00 2.034000000000000057e+02
-4.003855952887856340e+00 -3.575437095011797339e+01 0.000000000000000000e+00 3.336847366737316634e-01 1.074022933495655252e-01 0.000000000000000000e+00 2.035000000000000000e+02
-3.973257048520074886e+00 -3.574439082143194213e+01 0.000000000000000000e+00 3.059890436778145428e-01 9.980128686031264351e-02 0.000000000000000000e+00 2.036000000000000227e+02
-3.942658144152293875e+00 -3.573441069274591086e+01 0.000000000000000000e+00 3.059890436778101019e-01 9.980128686031264351e-02 0.000000000000000000e+00 2.037000000000000171e+02
-3.912059239784512421e+00 -3.572443056405988671e+01 0.000000000000000000e+00 3.059890436778145428e-01 9.980128686024158924e-02 0.000000000000000000e+00 2.038000000000000114e+02
-3.881460335416730967e+00 -3.571445043537385544e+01 0.000000000000000000e+00 3.059890436778145428e-01 9.980128686031264351e-02 0.000000000000000000e+00 2.039000000000000057e+02
-3.850861431048949957e+00 -3.570447030668782418e+01 0.000000000000000000e+00 3.059890436778101019e-01 9.980128686031264351e-02 0.000000000000000000e+00 2.040000000000000000e+02
-3.820262526681168502e+00 -3.569449017800179291e+01 0.000000000000000000e+00 3.059890436778145428e-01 9.980128686031264351e-02 0.000000000000000000e+00 2.041000000000000227e+02
-3.789663622313387048e+00 -3.568451004931576165e+01 0.000000000000000000e+00 3.059890436778145428e-01 9.980128686031264351e-02 0.000000000000000000e+00 2.042000000000000171e+02
-3.762176112250094739e+00 -3.567610727763835143e+01 0.000000000000000000e+00 2.748751006329230862e-01 8.402771677410214579e-02 0.000000000000000000e+00 2.043000000000000114e+02
-3.736693216306228305e+00 -3.566872076806770053e+01 0.000000000000000000e+00 2.548289594386643486e-01 7.386509570650900969e-02 0.000000000000000000e+00 2.044000000000000057e+02
-3.711210320362361426e+00 -3.566133425849704963e+01 0.000000000000000000e+00 2.548289594386687895e-01 7.386509570650900969e-02 0.000000000000000000e+00 2.045000000000000000e+02
-3.685727424418494547e+00 -3.565394774892639873e+01 0.000000000000000000e+00 2.548289594386687895e-01 7.386509570650900969e-02 0.000000000000000000e+00 2.046000000000000227e+02
-3.660244528474627668e+00 -3.564656123935575494e+01 0.000000000000000000e+00 2.548289594386687895e-01 7.386509570643795541e-02 0.000000000000000000e+00 2.047000000000000171e+02
-3.634761632530760789e+00 -3.563917472978510403e+01 0.000000000000000000e+00 2.548289594386687895e-01 7.386509570650900969e-02 0.000000000000000000e+00 2.048000000000000114e+02
-3.609278736586894354e+00 -3.563178822021445313e+01 0.000000000000000000e+00 2.548289594386643486e-01 7.386509570650900969e-02 0.000000000000000000e+00 2.049000000000000057e+02
-3.588605575309441686e+00 -3.562291740499342296e+01 0.000000000000000000e+00 2.067316127745266741e-01 8.870815221030170505e-02 0.000000000000000000e+00 2.050000000000000000e+02
-3.568669237150512430e+00 -3.561381920285939628e+01 0.000000000000000000e+00 1.993633815892925654e-01 9.098202134026678323e-02 0.000000000000000000e+00 2.051000000000000227e+02
-3.548732898991583617e+00 -3.560472100072536250e+01 0.000000000000000000e+00 1.993633815892881245e-01 9.098202134033783750e-02 0.000000000000000000e+00 2.052000000000000171e+02
-3.528796560832654805e+00 -3.559562279859133582e+01 0.000000000000000000e+00 1.993633815892881245e-01 9.098202134026678323e-02 0.000000000000000000e+00 2.053000000000000114e+02
-3.508860222673725549e+00 -3.558652459645730914e+01 0.000000000000000000e+00 1.993633815892925654e-01 9.098202134026678323e-02 0.000000000000000000e+00 2.054000000000000057e+02
-3.489755128578901910e+00 -3.557796722682844148e+01 0.000000000000000000e+00 1.910509409482363807e-01 8.557369628867661504e-02 0.000000000000000000e+00 2.055000000000000000e+02
-3.471427924545907207e+00 -3.556991597597869514e+01 0.000000000000000000e+00 1.832720403299470391e-01 8.051250849746338645e-02 0.000000000000000000e+00 2.056000000000000227e+02
-3.453100720512912059e+00 -3.556186472512895591e+01 0.000000000000000000e+00 1.832720403299514800e-01 8.051250849739233217e-02 0.000000000000000000e+00 2.057000000000000171e+02
-3.434773516479917355e+00 -3.555381347427920957e+01 0.000000000000000000e+00 1.832720403299470391e-01 8.051250849746338645e-02 0.000000000000000000e+00 2.058000000000000114e+02
-3.416446312446922651e+00 -3.554576222342946323e+01 0.000000000000000000e+00 1.832720403299470391e-01 8.051250849746338645e-02 0.000000000000000000e+00 2.059000000000000057e+02
-3.402787366830955396e+00 -3.553427082478294352e+01 0.000000000000000000e+00 1.365894561596725509e-01 1.149139864651971266e-01 0.000000000000000000e+00 2.060000000000000000e+02
-3.389968043501185413e+00 -3.552216068901864077e+01 0.000000000000000000e+00 1.281932332976998268e-01 1.211013576430275407e-01 0.000000000000000000e+00 2.061000000000000227e+02
-3.377148720171415430e+00 -3.551005055325433091e+01 0.000000000000000000e+00 1.281932332976998268e-01 1.211013576430985950e-01 0.000000000000000000e+00 2.062000000000000171e+02
-3.364329396841645448e+00 -3.549794041749002815e+01 0.000000000000000000e+00 1.281932332976998268e-01 1.211013576430275407e-01 0.000000000000000000e+00 2.063000000000000114e+02
-3.351771803557772156e+00 -3.548564334542258081e+01 0.000000000000000000e+00 1.255759328387329177e-01 1.229707206744734549e-01 0.000000000000000000e+00 2.064000000000000057e+02
-3.352293622876113766e+00 -3.546400452189195818e+01 0.000000000000000000e+00 -5.218193183416097725e-03 2.163882353062263064e-01 0.000000000000000000e+00 2.065000000000000000e+02
-3.352815442194454931e+00 -3.544236569836133555e+01 0.000000000000000000e+00 -5.218193183411656833e-03 2.163882353062263064e-01 0.000000000000000000e+00 2.066000000000000227e+02
-3.353337261512796541e+00 -3.542072687483071292e+01 0.000000000000000000e+00 -5.218193183416097725e-03 2.163882353062263064e-01 0.000000000000000000e+00 2.067000000000000171e+02
-3.353859080831137707e+00 -3.539908805130009029e+01 0.000000000000000000e+00 -5.218193183411656833e-03 2.163882353062263064e-01 0.000000000000000000e+00 2.068000000000000114e+02
-3.354380900149479316e+00 -3.537744922776946765e+01 0.000000000000000000e+00 -5.218193183416097725e-03 2.163882353062263064e-01 0.000000000000000000e+00 2.069000000000000057e+02
-3.354902719467820482e+00 -3.535581040423883792e+01 0.000000000000000000e+00 -5.218193183411656833e-03 2.163882353062973607e-01 0.000000000000000000e+00 2.070000000000000000e+02
-3.361522024711423473e+00 -3.533146476593517349e+01 0.000000000000000000e+00 -6.619305243602990885e-02 2.434563830366442971e-01 0.000000000000000000e+00 2.071000000000000227e+02
-3.368467238340955294e+00 -3.530697444937484164e+01 0.000000000000000000e+00 -6.945213629531821198e-02 2.449031656033184845e-01 0.000000000000000000e+00 2.072000000000000171e+02
-3.375412451970487115e+00 -3.528248413281450979e+01 0.000000000000000000e+00 -6.945213629531821198e-02 2.449031656033184845e-01 0.000000000000000000e+00 2.073000000000000114e+02
-3.382357665600018937e+00 -3.525799381625417794e+01 0.000000000000000000e+00 -6.945213629531821198e-02 2.449031656033184845e-01 0.000000000000000000e+00 2.074000000000000057e+02
-3.389302879229550758e+00 -3.523350349969385320e+01 0.000000000000000000e+00 -6.945213629531821198e-02 2.449031656032474302e-01 0.000000000000000000e+00 2.075000000000000000e+02
-3.396248092859082579e+00 -3.520901318313352135e+01 0.000000000000000000e+00 -6.945213629531821198e-02 2.449031656033184845e-01 0.000000000000000000e+00 2.076000000000000227e+02
-3.402762464330426173e+00 -3.518149675586108316e+01 0.000000000000000000e+00 -6.514371471343594067e-02 2.751642727243819309e-01 0.000000000000000000e+00 2.077000000000000171e+02
-3.409145550449544704e+00 -3.515305821824461674e+01 0.000000000000000000e+00 -6.383086119118530632e-02 2.843853761646641942e-01 0.000000000000000000e+00 2.078000000000000114e+02
-3.415528636568663234e+00 -3.512461968062814321e+01 0.000000000000000000e+00 -6.383086119118530632e-02 2.843853761647352485e-01 0.000000000000000000e+00 2.079000000000000057e+02
-3.421911722687782209e+00 -3.509618114301167680e+01 0.000000000000000000e+00 -6.383086119118974722e-02 2.843853761646641942e-01 0.000000000000000000e+00 2.080000000000000000e+02
-3.428294808806900740e+00 -3.506774260539521038e+01 0.000000000000000000e+00 -6.383086119118530632e-02 2.843853761646641942e-01 0.000000000000000000e+00 2.081000000000000227e+02
-3.434677894926019270e+00 -3.503930406777873685e+01 0.000000000000000000e+00 -6.383086119118530632e-02 2.843853761647352485e-01 0.000000000000000000e+00 2.082000000000000171e+02
-3.441060981045137801e+00 -3.501086553016227043e+01 0.000000000000000000e+00 -6.383086119118530632e-02 2.843853761646641942e-01 0.000000000000000000e+00 2.083000000000000114e+02
-3.441812857391885139e+00 -3.498392734832514606e+01 0.000000000000000000e+00 -7.518763467473377204e-03 2.693818183712437531e-01 0.000000000000000000e+00 2.084000000000000057e+02
-3.441145068392654327e+00 -3.495736741613467302e+01 0.000000000000000000e+00 6.677889992308116973e-03 2.655993219047303455e-01 0.000000000000000000e+00 2.085000000000000000e+02
-3.440477279393423071e+00 -3.493080748394419288e+01 0.000000000000000000e+00 6.677889992312557865e-03 2.655993219048013998e-01 0.000000000000000000e+00 2.086000000000000227e+02
-3.439809490394191815e+00 -3.490424755175371274e+01 0.000000000000000000e+00 6.677889992312557865e-03 2.655993219048013998e-01 0.000000000000000000e+00 2.087000000000000171e+02
-3.439141701394960560e+00 -3.487768761956323971e+01 0.000000000000000000e+00 6.677889992312557865e-03 2.655993219047303455e-01 0.000000000000000000e+00 2.088000000000000114e+02
-3.438473912395729748e+00 -3.485112768737275957e+01 0.000000000000000000e+00 6.677889992308116973e-03 2.655993219048013998e-01 0.000000000000000000e+00 2.089000000000000057e+02
-3.436787564963573960e+00 -3.482523828299736124e+01 0.000000000000000000e+00 1.686347432155788084e-02 2.588940437539832828e-01 0.000000000000000000e+00 2.090000000000000000e+02
-3.434594802969833438e+00 -3.479968225669682624e+01 0.000000000000000000e+00 2.192761993740521831e-02 2.555602630053499524e-01 0.000000000000000000e+00 2.091000000000000227e+02
-3.432402040976092472e+00 -3.477412623039629125e+01 0.000000000000000000e+00 2.192761993740965920e-02 2.555602630053499524e-01 0.000000000000000000e+00 2.092000000000000171e+02
-3.430209278982351950e+00 -3.474857020409574915e+01 0.000000000000000000e+00 2.192761993740521831e-02 2.555602630054210067e-01 0.000000000000000000e+00 2.093000000000000114e+02
-3.428016516988610984e+00 -3.472301417779521415e+01 0.000000000000000000e+00 2.192761993740965920e-02 2.555602630053499524e-01 0.000000000000000000e+00 2.094000000000000057e+02
-3.425823754994870018e+00 -3.469745815149467916e+01 0.000000000000000000e+00 2.192761993740965920e-02 2.555602630053499524e-01 0.000000000000000000e+00 2.095000000000000000e+02
-3.423053931904940228e+00 -3.467426426914482818e+01 0.000000000000000000e+00 2.769823089929790427e-02 2.319388234985098052e-01 0.000000000000000000e+00 2.096000000000000227e+02
-3.419965425227620148e+00 -3.465237488732899607e+01 0.000000000000000000e+00 3.088506677320079774e-02 2.188938181583210962e-01 0.000000000000000000e+00 2.097000000000000171e+02
-3.416876918550300068e+00 -3.463048550551316396e+01 0.000000000000000000e+00 3.088506677320079774e-02 2.188938181583210962e-01 0.000000000000000000e+00 2.098000000000000114e+02
-3.413788411872979545e+00 -3.460859612369733185e+01 0.000000000000000000e+00 3.088506677320523863e-02 2.188938181583210962e-01 0.000000000000000000e+00 2.099000000000000057e+02
-3.410699905195659465e+00 -3.458670674188149974e+01 0.000000000000000000e+00 3.088506677320079774e-02 2.188938181583210962e-01 0.000000000000000000e+00 2.100000000000000000e+02
-3.405768762421931051e+00 -3.456455083965336428e+01 0.000000000000000000e+00 4.931142773728414141e-02 2.215590222813546006e-01 0.000000000000000000e+00 2.101000000000000227e+02
-3.389626430537632018e+00 -3.454077334173956615e+01 0.000000000000000000e+00 1.614233188429903265e-01 2.377749791379812905e-01 0.000000000000000000e+00 2.102000000000000171e+02
-3.373484098653332985e+00 -3.451699584382576802e+01 0.000000000000000000e+00 1.614233188429903265e-01 2.377749791379812905e-01 0.000000000000000000e+00 2.103000000000000114e+02
-3.357341766769033953e+00 -3.449321834591196989e+01 0.000000000000000000e+00 1.614233188429903265e-01 2.377749791379812905e-01 0.000000000000000000e+00 2.104000000000000057e+02
-3.341199434884734920e+00 -3.446944084799817176e+01 0.000000000000000000e+00 1.614233188429903265e-01 2.377749791379812905e-01 0.000000000000000000e+00 2.105000000000000000e+02
-3.325057103000435887e+00 -3.444566335008436653e+01 0.000000000000000000e+00 1.614233188429903265e-01 2.377749791380523448e-01 0.000000000000000000e+00 2.106000000000000227e+02
-3.308914771116136855e+00 -3.442188585217056840e+01 0.000000000000000000e+00 1.614233188429903265e-01 2.377749791379812905e-01 0.000000000000000000e+00 2.107000000000000171e+02
-3.291130369446205517e+00 -3.439730017509064197e+01 0.000000000000000000e+00 1.778440166993133786e-01 2.458567707992642681e-01 0.000000000000000000e+00 2.108000000000000114e+02
-3.272554097940265194e+00 -3.437232476262349223e+01 0.000000000000000000e+00 1.857627150594032273e-01 2.497541246714973795e-01 0.000000000000000000e+00 2.109000000000000057e+02
-3.253977826434324427e+00 -3.434734935015634250e+01 0.000000000000000000e+00 1.857627150594076682e-01 2.497541246714973795e-01 0.000000000000000000e+00 2.110000000000000000e+02
-3.235401554928384105e+00 -3.432237393768919276e+01 0.000000000000000000e+00 1.857627150594032273e-01 2.497541246714973795e-01 0.000000000000000000e+00 2.111000000000000227e+02
-3.216825283422443782e+00 -3.429739852522204302e+01 0.000000000000000000e+00 1.857627150594032273e-01 2.497541246714973795e-01 0.000000000000000000e+00 2.112000000000000171e+02
-3.198249011916503459e+00 -3.427242311275489328e+01 0.000000000000000000e+00 1.857627150594032273e-01 2.497541246714973795e-01 0.000000000000000000e+00 2.113000000000000114e+02
-3.179672740410563136e+00 -3.424744770028774354e+01 0.000000000000000000e+00 1.857627150594032273e-01 2.497541246714973795e-01 0.000000000000000000e+00 2.114000000000000057e+02
-3.161290012130401283e+00 -3.422352176667396151e+01 0.000000000000000000e+00 1.838272828016185301e-01 2.392593361378203554e-01 0.000000000000000000e+00 2.115000000000000000e+02
-3.143116469619894104e+00 -3.420073013285700370e+01 0.000000000000000000e+00 1.817354251050717906e-01 2.279163381695781254e-01 0.000000000000000000e+00 2.116000000000000227e+02
-3.124942927109387369e+00 -3.417793849904004588e+01 0.000000000000000000e+00 1.817354251050673497e-01 2.279163381695781254e-01 0.000000000000000000e+00 2.117000000000000171e+02
-3.106769384598880634e+00 -3.415514686522309518e+01 0.000000000000000000e+00 1.817354251050673497e-01 2.279163381695070711e-01 0.000000000000000000e+00 2.118000000000000114e+02
-3.088595842088373455e+00 -3.413235523140613736e+01 0.000000000000000000e+00 1.817354251050717906e-01 2.279163381695781254e-01 0.000000000000000000e+00 2.119000000000000057e+02
-3.070422299577866720e+00 -3.410956359758918666e+01 0.000000000000000000e+00 1.817354251050673497e-01 2.279163381695070711e-01 0.000000000000000000e+00 2.120000000000000000e+02
-3.052248757067359541e+00 -3.408677196377222884e+01 0.000000000000000000e+00 1.817354251050717906e-01 2.279163381695781254e-01 0.000000000000000000e+00 2.121000000000000227e+02
-3.035691438929908781e+00 -3.406483755280841308e+01 0.000000000000000000e+00 1.655731813745076053e-01 2.193441096381576472e-01 0.000000000000000000e+00 2.122000000000000171e+02
-3.020076119814283810e+00 -3.404340276498023599e+01 0.000000000000000000e+00 1.561531911562497044e-01 2.143478782817709316e-01 0.000000000000000000e+00 2.123000000000000114e+02
-3.004460800698658840e+00 -3.402196797715205179e+01 0.000000000000000000e+00 1.561531911562497044e-01 2.143478782818419859e-01 0.000000000000000000e+00 2.124000000000000057e+02
-2.988845481583033870e+00 -3.400053318932386759e+01 0.000000000000000000e+00 1.561531911562497044e-01 2.143478782818419859e-01 0.000000000000000000e+00 2.125000000000000000e+02
-2.973230162467409343e+00 -3.397909840149568339e+01 0.000000000000000000e+00 1.561531911562452635e-01 2.143478782818419859e-01 0.000000000000000000e+00 2.126000000000000227e+02
-2.957614843351784373e+00 -3.395766361366750630e+01 0.000000000000000000e+00 1.561531911562497044e-01 2.143478782817709316e-01 0.000000000000000000e+00 2.127000000000000171e+02
-2.945923794934402817e+00 -3.393109578104341040e+01 0.000000000000000000e+00 1.169104841738155542e-01 2.656783262409589952e-01 0.000000000000000000e+00 2.128000000000000114e+02
-2.936798641368954854e+00 -3.390117169340295078e+01 0.000000000000000000e+00 9.125153565447963189e-02 2.992408764045961789e-01 0.000000000000000000e+00 2.129000000000000057e+02
-2.927673487803506891e+00 -3.387124760576248406e+01 0.000000000000000000e+00 9.125153565447963189e-02 2.992408764046672331e-01 0.000000000000000000e+00 2.130000000000000000e+02
-2.918548334238058928e+00 -3.384132351812202444e+01 0.000000000000000000e+00 9.125153565447963189e-02 2.992408764045961789e-01 0.000000000000000000e+00 2.131000000000000227e+02
-2.909423180672610965e+00 -3.381139943048156482e+01 0.000000000000000000e+00 9.125153565447963189e-02 2.992408764045961789e-01 0.000000000000000000e+00 2.132000000000000171e+02
-2.900298027107163001e+00 -3.378147534284109810e+01 0.000000000000000000e+00 9.125153565447963189e-02 2.992408764046672331e-01 0.000000000000000000e+00 2.133000000000000114e+02
-2.891172873541714594e+00 -3.375155125520063848e+01 0.000000000000000000e+00 9.125153565448407278e-02 2.992408764045961789e-01 0.000000000000000000e+00 2.134000000000000057e+02
-2.881487936973007091e+00 -3.371971347693164489e+01 0.000000000000000000e+00 9.684936568707502857e-02 3.183777826899358843e-01 0.000000000000000000e+00 2.135000000000000000e+02
-2.870783512041863883e+00 -3.368439044578122576e+01 0.000000000000000000e+00 1.070442493114320825e-01 3.532303115041912633e-01 0.000000000000000000e+00 2.136000000000000227e+02
-2.860079087110721119e+00 -3.364906741463079953e+01 0.000000000000000000e+00 1.070442493114276417e-01 3.532303115042623176e-01 0.000000000000000000e+00 2.137000000000000171e+02
-2.849374662179578355e+00 -3.361374438348038041e+01 0.000000000000000000e+00 1.070442493114276417e-01 3.532303115041912633e-01 0.000000000000000000e+00 2.138000000000000114e+02
-2.838670237248435591e+00 -3.357842135232995417e+01 0.000000000000000000e+00 1.070442493114276417e-01 3.532303115042623176e-01 0.000000000000000000e+00 2.139000000000000057e+02
-2.827965812317292826e+00 -3.354309832117953505e+01 0.000000000000000000e+00 1.070442493114276417e-01 3.532303115041912633e-01 0.000000000000000000e+00 2.140000000000000000e+02
-2.817261387386150062e+00 -3.350777529002910882e+01 0.000000000000000000e+00 1.070442493114276417e-01 3.532303115042623176e-01 0.000000000000000000e+00 2.141000000000000227e+02
-2.806556962455006854e+00 -3.347245225887868969e+01 0.000000000000000000e+00 1.070442493114320825e-01 3.532303115041912633e-01 0.000000000000000000e+00 2.142000000000000171e+02
-2.795852537523864090e+00 -3.343712922772826346e+01 0.000000000000000000e+00 1.070442493114276417e-01 3.532303115042623176e-01 0.000000000000000000e+00 2.143000000000000114e+02
-2.785901548689425411e+00 -3.340357678617150583e+01 0.000000000000000000e+00 9.950988834438678765e-02 3.355244155675762840e-01 0.000000000000000000e+00 2.144000000000000057e+02
-2.777958303047374677e+00 -3.337474258046611908e+01 0.000000000000000000e+00 7.943245642050733579e-02 2.883420570538675065e-01 0.000000000000000000e+00 2.145000000000000000e+02
-2.770015057405323944e+00 -3.334590837476073233e+01 0.000000000000000000e+00 7.943245642050733579e-02 2.883420570538675065e-01 0.000000000000000000e+00 2.146000000000000227e+02
-2.762071811763272766e+00 -3.331707416905534558e+01 0.000000000000000000e+00 7.943245642051177668e-02 2.883420570538675065e-01 0.000000000000000000e+00 2.147000000000000171e+02
-2.754128566121222033e+00 -3.328823996334995883e+01 0.000000000000000000e+00 7.943245642050733579e-02 2.883420570538675065e-01 0.000000000000000000e+00 2.148000000000000114e+02
-2.746185320479171299e+00 -3.325940575764457208e+01 0.000000000000000000e+00 7.943245642050733579e-02 2.883420570538675065e-01 0.000000000000000000e+00 2.149000000000000057e+02
-2.738242074837120121e+00 -3.323057155193918533e+01 0.000000000000000000e+00 7.943245642051177668e-02 2.883420570538675065e-01 0.000000000000000000e+00 2.150000000000000000e+02
-2.730839829194981583e+00 -3.320317501849844888e+01 0.000000000000000000e+00 7.402245642138538528e-02 2.739653344073644803e-01 0.000000000000000000e+00 2.151000000000000227e+02
-2.723815390496700850e+00 -3.317678248240459737e+01 0.000000000000000000e+00 7.024438698280732751e-02 2.639253609385150412e-01 0.000000000000000000e+00 2.152000000000000171e+02
-2.716790951798419673e+00 -3.315038994631073876e+01 0.000000000000000000e+00 7.024438698281176841e-02 2.639253609385860955e-01 0.000000000000000000e+00 2.153000000000000114e+02
-2.709766513100138496e+00 -3.312399741021688726e+01 0.000000000000000000e+00 7.024438698281176841e-02 2.639253609385150412e-01 0.000000000000000000e+00 2.154000000000000057e+02
-2.702742074401857320e+00 -3.309760487412303576e+01 0.000000000000000000e+00 7.024438698281176841e-02 2.639253609385150412e-01 0.000000000000000000e+00 2.155000000000000000e+02
-2.695717635703576587e+00 -3.307121233802917715e+01 0.000000000000000000e+00 7.024438698280732751e-02 2.639253609385860955e-01 0.000000000000000000e+00 2.156000000000000227e+02
-2.688404545863011030e+00 -3.304313700013215538e+01 0.000000000000000000e+00 7.313089840565556443e-02 2.807533789702176819e-01 0.000000000000000000e+00 2.157000000000000171e+02
-2.680526453917350782e+00 -3.301176776721112560e+01 0.000000000000000000e+00 7.878091945660248285e-02 3.136923292102977712e-01 0.000000000000000000e+00 2.158000000000000114e+02
-2.672648361971690534e+00 -3.298039853429008872e+01 0.000000000000000000e+00 7.878091945660248285e-02 3.136923292103688254e-01 0.000000000000000000e+00 2.159000000000000057e+02
-2.664770270026030285e+00 -3.294902930136905894e+01 0.000000000000000000e+00 7.878091945660248285e-02 3.136923292102977712e-01 0.000000000000000000e+00 2.160000000000000000e+02
-2.656892178080370037e+00 -3.291766006844802206e+01 0.000000000000000000e+00 7.878091945660248285e-02 3.136923292103688254e-01 0.000000000000000000e+00 2.161000000000000227e+02
-2.649014086134709789e+00 -3.288629083552698518e+01 0.000000000000000000e+00 7.878091945660248285e-02 3.136923292103688254e-01 0.000000000000000000e+00 2.162000000000000171e+02
-2.641135994189049541e+00 -3.285492160260595540e+01 0.000000000000000000e+00 7.878091945660248285e-02 3.136923292102977712e-01 0.000000000000000000e+00 2.163000000000000114e+02
-2.633257902243389292e+00 -3.282355236968491852e+01 0.000000000000000000e+00 7.878091945660248285e-02 3.136923292103688254e-01 0.000000000000000000e+00 2.164000000000000057e+02
-2.625658444304463046e+00 -3.279321894466374232e+01 0.000000000000000000e+00 7.599457938926246214e-02 3.033342502117619688e-01 0.000000000000000000e+00 2.165000000000000000e+02
-2.619087254264584441e+00 -3.276670805381736784e+01 0.000000000000000000e+00 6.571190039878604949e-02 2.651089084637447968e-01 0.000000000000000000e+00 2.166000000000000227e+02
-2.612516064224706280e+00 -3.274019716297099336e+01 0.000000000000000000e+00 6.571190039878160860e-02 2.651089084637447968e-01 0.000000000000000000e+00 2.167000000000000171e+02
-2.605944874184827675e+00 -3.271368627212462599e+01 0.000000000000000000e+00 6.571190039878604949e-02 2.651089084636737425e-01 0.000000000000000000e+00 2.168000000000000114e+02
-2.599373684144949515e+00 -3.268717538127825151e+01 0.000000000000000000e+00 6.571190039878160860e-02 2.651089084637447968e-01 0.000000000000000000e+00 2.169000000000000057e+02
-2.592802494105070910e+00 -3.266066449043187703e+01 0.000000000000000000e+00 6.571190039878604949e-02 2.651089084637447968e-01 0.000000000000000000e+00 2.170000000000000000e+02
-2.586231304065192749e+00 -3.263415359958550255e+01 0.000000000000000000e+00 6.571190039878160860e-02 2.651089084637447968e-01 0.000000000000000000e+00 2.171000000000000227e+02
-2.579871240290749324e+00 -3.261068985879279580e+01 0.000000000000000000e+00 6.360063774443425189e-02 2.346374079270674429e-01 0.000000000000000000e+00 2.172000000000000171e+02
-2.573530929123641009e+00 -3.258751120407584523e+01 0.000000000000000000e+00 6.340311167108314550e-02 2.317865471695057522e-01 0.000000000000000000e+00 2.173000000000000114e+02
-2.567190617956533139e+00 -3.256433254935889465e+01 0.000000000000000000e+00 6.340311167107870460e-02 2.317865471695057522e-01 0.000000000000000000e+00 2.174000000000000057e+02
-2.560850306789424824e+00 -3.254115389464194408e+01 0.000000000000000000e+00 6.340311167108314550e-02 2.317865471695057522e-01 0.000000000000000000e+00 2.175000000000000000e+02
-2.554509995622316954e+00 -3.251797523992499350e+01 0.000000000000000000e+00 6.340311167107870460e-02 2.317865471695057522e-01 0.000000000000000000e+00 2.176000000000000227e+02
-2.548175775914868879e+00 -3.249487636191907569e+01 0.000000000000000000e+00 6.334219707448074388e-02 2.309887800591781115e-01 0.000000000000000000e+00 2.177000000000000171e+02
-2.541858924954868204e+00 -3.247200495345633442e+01 0.000000000000000000e+00 6.316850960000675030e-02 2.287140846274127171e-01 0.000000000000000000e+00 2.178000000000000114e+02
-2.535542073994867529e+00 -3.244913354499358604e+01 0.000000000000000000e+00 6.316850960000675030e-02 2.287140846274837713e-01 0.000000000000000000e+00 2.179000000000000057e+02
-2.529225223034866854e+00 -3.242626213653084477e+01 0.000000000000000000e+00 6.316850960000675030e-02 2.287140846274127171e-01 0.000000000000000000e+00 2.180000000000000000e+02
-2.522908372074866179e+00 -3.240339072806809639e+01 0.000000000000000000e+00 6.316850960000675030e-02 2.287140846274837713e-01 0.000000000000000000e+00 2.181000000000000227e+02
-2.516591521114865504e+00 -3.238051931960535512e+01 0.000000000000000000e+00 6.316850960000675030e-02 2.287140846274127171e-01 0.000000000000000000e+00 2.182000000000000171e+02
-2.510146268460034857e+00 -3.235347583774929348e+01 0.000000000000000000e+00 6.445252654830646577e-02 2.704348185606164634e-01 0.000000000000000000e+00 2.183000000000000114e+02
-2.503697531912824736e+00 -3.232631915602682682e+01 0.000000000000000000e+00 6.448736547210121017e-02 2.715668172246665790e-01 0.000000000000000000e+00 2.184000000000000057e+02
-2.497248795365614615e+00 -3.229916247430436016e+01 0.000000000000000000e+00 6.448736547210121017e-02 2.715668172246665790e-01 0.000000000000000000e+00 2.185000000000000000e+02
-2.490800058818404938e+00 -3.227200579258188640e+01 0.000000000000000000e+00 6.448736547209676928e-02 2.715668172247376333e-01 0.000000000000000000e+00 2.186000000000000227e+02
-2.484351322271194817e+00 -3.224484911085941974e+01 0.000000000000000000e+00 6.448736547210121017e-02 2.715668172246665790e-01 0.000000000000000000e+00 2.187000000000000171e+02
-2.477902585723984696e+00 -3.221769242913695308e+01 0.000000000000000000e+00 6.448736547210121017e-02 2.715668172246665790e-01 0.000000000000000000e+00 2.188000000000000114e+02
-2.471415215207036109e+00 -3.218382775151583530e+01 0.000000000000000000e+00 6.487370516948587351e-02 3.386467762111777802e-01 0.000000000000000000e+00 2.189000000000000057e+02
-2.464911133542226018e+00 -3.214706152605803169e+01 0.000000000000000000e+00 6.504081664810090757e-02 3.676622545780361406e-01 0.000000000000000000e+00 2.190000000000000000e+02
-2.458407051877415928e+00 -3.211029530060023518e+01 0.000000000000000000e+00 6.504081664810090757e-02 3.676622545779650864e-01 0.000000000000000000e+00 2.191000000000000227e+02
-2.451902970212605837e+00 -3.207352907514243867e+01 0.000000000000000000e+00 6.504081664810090757e-02 3.676622545779650864e-01 0.000000000000000000e+00 2.192000000000000171e+02
-2.445398888547795746e+00 -3.203676284968464216e+01 0.000000000000000000e+00 6.504081664810090757e-02 3.676622545779650864e-01 0.000000000000000000e+00 2.193000000000000114e+02
-2.438894806882986099e+00 -3.199999662422684565e+01 0.000000000000000000e+00 6.504081664809646668e-02 3.676622545779650864e-01 0.000000000000000000e+00 2.194000000000000057e+02
-2.432390725218176009e+00 -3.196323039876904559e+01 0.000000000000000000e+00 6.504081664810090757e-02 3.676622545780006135e-01 0.000000000000000000e+00 2.195000000000000000e+02
-2.425886643553365918e+00 -3.192646417331124908e+01 0.000000000000000000e+00 6.504081664810090757e-02 3.676622545779650864e-01 0.000000000000000000e+00 2.196000000000000227e+02
-2.419382561888555827e+00 -3.188969794785345258e+01 0.000000000000000000e+00 6.504081664810090757e-02 3.676622545779650864e-01 0.000000000000000000e+00 2.197000000000000171e+02
-2.411493102175403358e+00 -3.184913385679725195e+01 0.000000000000000000e+00 7.889459713152469078e-02 4.056409105620062405e-01 0.000000000000000000e+00 2.198000000000000114e+02
-2.402357554073583756e+00 -3.180515374783204052e+01 0.000000000000000000e+00 9.135548101819601641e-02 4.398010896521142854e-01 0.000000000000000000e+00 2.199000000000000057e+02
-2.393222005971764155e+00 -3.176117363886683265e+01 0.000000000000000000e+00 9.135548101819601641e-02 4.398010896520787583e-01 0.000000000000000000e+00 2.200000000000000000e+02
-2.384086457869944553e+00 -3.171719352990162122e+01 0.000000000000000000e+00 9.135548101819601641e-02 4.398010896521142854e-01 0.000000000000000000e+00 2.201000000000000227e+02
-2.374950909768124507e+00 -3.167321342093640979e+01 0.000000000000000000e+00 9.135548101820045730e-02 4.398010896521142854e-01 0.000000000000000000e+00 2.202000000000000171e+02
-2.365815361666304906e+00 -3.162923331197119836e+01 0.000000000000000000e+00 9.135548101819601641e-02 4.398010896521142854e-01 0.000000000000000000e+00 2.203000000000000114e+02
-2.356679813564485304e+00 -3.158525320300598693e+01 0.000000000000000000e+00 9.135548101819601641e-02 4.398010896521142854e-01 0.000000000000000000e+00 2.204000000000000057e+02
-2.347544265462665258e+00 -3.154127309404077550e+01 0.000000000000000000e+00 9.135548101820045730e-02 4.398010896521142854e-01 0.000000000000000000e+00 2.205000000000000000e+02
-2.338408717360845657e+00 -3.149729298507556763e+01 0.000000000000000000e+00 9.135548101819601641e-02 4.398010896520787583e-01 0.000000000000000000e+00 2.206000000000000227e+02
-2.329273169259026055e+00 -3.145331287611035620e+01 0.000000000000000000e+00 9.135548101819601641e-02 4.398010896521142854e-01 0.000000000000000000e+00 2.207000000000000171e+02
-2.320199999482905451e+00 -3.140958087104389662e+01 0.000000000000000000e+00 9.073169776120604268e-02 4.373200506645957830e-01 0.000000000000000000e+00 2.208000000000000114e+02
-2.311947899346030066e+00 -3.136911459291641080e+01 0.000000000000000000e+00 8.252100136875384351e-02 4.046627812748582187e-01 0.000000000000000000e+00 2.209000000000000057e+02
-2.303695799209154238e+00 -3.132864831478892498e+01 0.000000000000000000e+00 8.252100136875828440e-02 4.046627812748582187e-01 0.000000000000000000e+00 2.210000000000000000e+02
-2.295443699072278854e+00 -3.128818203666143560e+01 0.000000000000000000e+00 8.252100136875384351e-02 4.046627812748937458e-01 0.000000000000000000e+00 2.211000000000000227e+02
-2.287191598935403469e+00 -3.124771575853394978e+01 0.000000000000000000e+00 8.252100136875384351e-02 4.046627812748582187e-01 0.000000000000000000e+00 2.212000000000000171e+02
-2.278939498798528085e+00 -3.120724948040646396e+01 0.000000000000000000e+00 8.252100136875384351e-02 4.046627812748582187e-01 0.000000000000000000e+00 2.213000000000000114e+02
-2.270687398661652256e+00 -3.116678320227897814e+01 0.000000000000000000e+00 8.252100136875828440e-02 4.046627812748582187e-01 0.000000000000000000e+00 2.214000000000000057e+02
-2.262435298524776872e+00 -3.112631692415148876e+01 0.000000000000000000e+00 8.252100136875384351e-02 4.046627812748937458e-01 0.000000000000000000e+00 2.215000000000000000e+02
-2.254183198387901488e+00 -3.108585064602400294e+01 0.000000000000000000e+00 8.252100136875384351e-02 4.046627812748582187e-01 0.000000000000000000e+00 2.216000000000000227e+02
-2.245931098251025659e+00 -3.104538436789651712e+01 0.000000000000000000e+00 8.252100136875828440e-02 4.046627812748582187e-01 0.000000000000000000e+00 2.217000000000000171e+02
-2.234415125869968044e+00 -3.100878983462076377e+01 0.000000000000000000e+00 1.151597238105761534e-01 3.659453327575334924e-01 0.000000000000000000e+00 2.218000000000000114e+02
-2.221753204411978988e+00 -3.097355467515226124e+01 0.000000000000000000e+00 1.266192145798905599e-01 3.523515946850253044e-01 0.000000000000000000e+00 2.219000000000000057e+02
-2.209091282953989488e+00 -3.093831951568376226e+01 0.000000000000000000e+00 1.266192145798950008e-01 3.523515946849897773e-01 0.000000000000000000e+00 2.220000000000000000e+02
-2.196429361496000432e+00 -3.090308435621525973e+01 0.000000000000000000e+00 1.266192145798905599e-01 3.523515946850253044e-01 0.000000000000000000e+00 2.221000000000000227e+02
-2.183767440038010932e+00 -3.086784919674675720e+01 0.000000000000000000e+00 1.266192145798950008e-01 3.523515946850253044e-01 0.000000000000000000e+00 2.222000000000000171e+02
-2.171105518580021876e+00 -3.083261403727825822e+01 0.000000000000000000e+00 1.266192145798905599e-01 3.523515946849897773e-01 0.000000000000000000e+00 2.223000000000000114e+02
-2.158443597122032376e+00 -3.079737887780975569e+01 0.000000000000000000e+00 1.266192145798950008e-01 3.523515946850253044e-01 0.000000000000000000e+00 2.224000000000000057e+02
-2.145781675664043320e+00 -3.076214371834125316e+01 0.000000000000000000e+00 1.266192145798905599e-01 3.523515946850253044e-01 0.000000000000000000e+00 2.225000000000000000e+02
-2.116094693802319959e+00 -3.074010520626691445e+01 0.000000000000000000e+00 2.968698186172336051e-01 2.203851207433871195e-01 0.000000000000000000e+00 2.226000000000000227e+02
-2.078238152966219499e+00 -3.072439917035383417e+01 0.000000000000000000e+00 3.785654083610046072e-01 1.570603591308028513e-01 0.000000000000000000e+00 2.227000000000000171e+02
-2.040381612130119038e+00 -3.070869313444075388e+01 0.000000000000000000e+00 3.785654083610046072e-01 1.570603591308028513e-01 0.000000000000000000e+00 2.228000000000000114e+02
-2.002525071294019021e+00 -3.069298709852767360e+01 0.000000000000000000e+00 3.785654083610001663e-01 1.570603591308028513e-01 0.000000000000000000e+00 2.229000000000000057e+02
-1.964668530457918338e+00 -3.067728106261459331e+01 0.000000000000000000e+00 3.785654083610068277e-01 1.570603591308028513e-01 0.000000000000000000e+00 2.230000000000000000e+02
-1.926811989621818100e+00 -3.066157502670151302e+01 0.000000000000000000e+00 3.785654083610023868e-01 1.570603591308028513e-01 0.000000000000000000e+00 2.231000000000000227e+02
-1.888955448785717639e+00 -3.064586899078843274e+01 0.000000000000000000e+00 3.785654083610046072e-01 1.570603591308028513e-01 0.000000000000000000e+00 2.232000000000000171e+02
-1.851098907949617178e+00 -3.063016295487535245e+01 0.000000000000000000e+00 3.785654083610046072e-01 1.570603591308028513e-01 0.000000000000000000e+00 2.233000000000000114e+02
-1.813242367113516940e+00 -3.061445691896227217e+01 0.000000000000000000e+00 3.785654083610023868e-01 1.570603591308028513e-01 0.000000000000000000e+00 2.234000000000000057e+02
-1.775385826277416479e+00 -3.059875088304919188e+01 0.000000000000000000e+00 3.785654083610046072e-01 1.570603591308028513e-01 0.000000000000000000e+00 2.235000000000000000e+02
-1.729628040152817015e+00 -3.058345395316009885e+01 0.000000000000000000e+00 4.575778612459946437e-01 1.529692988909303608e-01 0.000000000000000000e+00 2.236000000000000227e+02
-1.681087404470115843e+00 -3.056830111201606570e+01 0.000000000000000000e+00 4.854063568270117202e-01 1.515284114403314675e-01 0.000000000000000000e+00 2.237000000000000171e+02
-1.632546768787414670e+00 -3.055314827087203611e+01 0.000000000000000000e+00 4.854063568270117202e-01 1.515284114402959403e-01 0.000000000000000000e+00 2.238000000000000114e+02
-1.584006133104713498e+00 -3.053799542972800651e+01 0.000000000000000000e+00 4.854063568270117202e-01 1.515284114402959403e-01 0.000000000000000000e+00 2.239000000000000057e+02
-1.535465497422012326e+00 -3.052284258858397337e+01 0.000000000000000000e+00 4.854063568270117202e-01 1.515284114403314675e-01 0.000000000000000000e+00 2.240000000000000000e+02
-1.486924861739311154e+00 -3.050768974743994377e+01 0.000000000000000000e+00 4.854063568270117202e-01 1.515284114402959403e-01 0.000000000000000000e+00 2.241000000000000227e+02
-1.438384226056609982e+00 -3.049253690629591418e+01 0.000000000000000000e+00 4.854063568270117202e-01 1.515284114402959403e-01 0.000000000000000000e+00 2.242000000000000171e+02
-1.389843590373908810e+00 -3.047738406515188103e+01 0.000000000000000000e+00 4.854063568270117202e-01 1.515284114403314675e-01 0.000000000000000000e+00 2.243000000000000114e+02
-1.341302954691207638e+00 -3.046223122400785144e+01 0.000000000000000000e+00 4.854063568270117202e-01 1.515284114402959403e-01 0.000000000000000000e+00 2.244000000000000057e+02
-1.292762319008506466e+00 -3.044707838286382184e+01 0.000000000000000000e+00 4.854063568270117202e-01 1.515284114402959403e-01 0.000000000000000000e+00 2.245000000000000000e+02
-1.244221683325805294e+00 -3.043192554171978870e+01 0.000000000000000000e+00 4.854063568270117202e-01 1.515284114403314675e-01 0.000000000000000000e+00 2.246000000000000227e+02
-1.195681047643104122e+00 -3.041677270057575910e+01 0.000000000000000000e+00 4.854063568270117202e-01 1.515284114402959403e-01 0.000000000000000000e+00 2.247000000000000171e+02
-1.148430911243875974e+00 -3.040189252812631082e+01 0.000000000000000000e+00 4.725013639922814868e-01 1.488017244944828121e-01 0.000000000000000000e+00 2.248000000000000114e+02
-1.105336140052985083e+00 -3.038789033989690935e+01 0.000000000000000000e+00 4.309477119089089037e-01 1.400218822940146879e-01 0.000000000000000000e+00 2.249000000000000057e+02
-1.062241368862094193e+00 -3.037388815166750788e+01 0.000000000000000000e+00 4.309477119089089037e-01 1.400218822940146879e-01 0.000000000000000000e+00 2.250000000000000000e+02
-1.019146597671203303e+00 -3.035988596343810642e+01 0.000000000000000000e+00 4.309477119089089037e-01 1.400218822940146879e-01 0.000000000000000000e+00 2.251000000000000227e+02
-9.760518264803121902e-01 -3.034588377520870495e+01 0.000000000000000000e+00 4.309477119089111241e-01 1.400218822940146879e-01 0.000000000000000000e+00 2.252000000000000171e+02
-9.329570552894212998e-01 -3.033188158697930348e+01 0.000000000000000000e+00 4.309477119089089037e-01 1.400218822940146879e-01 0.000000000000000000e+00 2.253000000000000114e+02
-8.898622840985304094e-01 -3.031787939874990201e+01 0.000000000000000000e+00 4.309477119089089037e-01 1.400218822940146879e-01 0.000000000000000000e+00 2.254000000000000057e+02
-8.467675129076395191e-01 -3.030387721052050054e+01 0.000000000000000000e+00 4.309477119089089037e-01 1.400218822940146879e-01 0.000000000000000000e+00 2.255000000000000000e+02
-8.036727417167484067e-01 -3.028987502229110262e+01 0.000000000000000000e+00 4.309477119089111241e-01 1.400218822939791607e-01 0.000000000000000000e+00 2.256000000000000227e+02
-7.605779705258575163e-01 -3.027587283406170116e+01 0.000000000000000000e+00 4.309477119089089037e-01 1.400218822940146879e-01 0.000000000000000000e+00 2.257000000000000171e+02
-7.174831993349666259e-01 -3.026187064583229969e+01 0.000000000000000000e+00 4.309477119089089037e-01 1.400218822940146879e-01 0.000000000000000000e+00 2.258000000000000114e+02
-6.748143040671370496e-01 -3.024797470927270027e+01 0.000000000000000000e+00 4.266889526782957631e-01 1.389593655959941998e-01 0.000000000000000000e+00 2.259000000000000057e+02
-6.406246957307381029e-01 -3.023619426773502994e+01 0.000000000000000000e+00 3.418960833639894670e-01 1.178044153767032753e-01 0.000000000000000000e+00 2.260000000000000000e+02
-6.064350873943391562e-01 -3.022441382619736316e+01 0.000000000000000000e+00 3.418960833639894670e-01 1.178044153766677482e-01 0.000000000000000000e+00 2.261000000000000227e+02
-5.722454790579402095e-01 -3.021263338465969284e+01 0.000000000000000000e+00 3.418960833639894670e-01 1.178044153767032753e-01 0.000000000000000000e+00 2.262000000000000171e+02
-5.380558707215412628e-01 -3.020085294312202251e+01 0.000000000000000000e+00 3.418960833639894670e-01 1.178044153767032753e-01 0.000000000000000000e+00 2.263000000000000114e+02
-5.038662623851424271e-01 -3.018907250158435573e+01 0.000000000000000000e+00 3.418960833639883568e-01 1.178044153766677482e-01 0.000000000000000000e+00 2.264000000000000057e+02
-4.696766540487434805e-01 -3.017729206004668541e+01 0.000000000000000000e+00 3.418960833639894670e-01 1.178044153767032753e-01 0.000000000000000000e+00 2.265000000000000000e+02
-4.354870457123445338e-01 -3.016551161850901508e+01 0.000000000000000000e+00 3.418960833639894670e-01 1.178044153767032753e-01 0.000000000000000000e+00 2.266000000000000227e+02
-4.012974373759455871e-01 -3.015373117697134830e+01 0.000000000000000000e+00 3.418960833639894670e-01 1.178044153766677482e-01 0.000000000000000000e+00 2.267000000000000171e+02
-3.683986947755773511e-01 -3.014299526296828802e+01 0.000000000000000000e+00 3.289874260036823594e-01 1.073591400306028731e-01 0.000000000000000000e+00 2.268000000000000114e+02
-3.385601450817221636e-01 -3.013473555982345431e+01 0.000000000000000000e+00 2.983854969385518752e-01 8.259703144833707711e-02 0.000000000000000000e+00 2.269000000000000057e+02
-3.087215953878669761e-01 -3.012647585667862060e+01 0.000000000000000000e+00 2.983854969385518752e-01 8.259703144833707711e-02 0.000000000000000000e+00 2.270000000000000000e+02
-2.788830456940117886e-01 -3.011821615353378334e+01 0.000000000000000000e+00 2.983854969385518752e-01 8.259703144837260425e-02 0.000000000000000000e+00 2.271000000000000227e+02
-2.490444960001565733e-01 -3.010995645038894963e+01 0.000000000000000000e+00 2.983854969385521527e-01 8.259703144833707711e-02 0.000000000000000000e+00 2.272000000000000171e+02
-2.192059463063013858e-01 -3.010169674724411593e+01 0.000000000000000000e+00 2.983854969385518752e-01 8.259703144833707711e-02 0.000000000000000000e+00 2.273000000000000114e+02
-1.893673966124461983e-01 -3.009343704409928222e+01 0.000000000000000000e+00 2.983854969385518752e-01 8.259703144833707711e-02 0.000000000000000000e+00 2.274000000000000057e+02
-1.595288469185909830e-01 -3.008517734095444851e+01 0.000000000000000000e+00 2.983854969385521527e-01 8.259703144833707711e-02 0.000000000000000000e+00 2.275000000000000000e+02
-1.189786443641095426e-01 -3.010113565635655419e+01 0.000000000000000000e+00 4.055020255448144040e-01 -1.595831540210568278e-01 0.000000000000000000e+00 2.276000000000000227e+02
-7.824914257915374649e-02 -3.011749935010181645e+01 0.000000000000000000e+00 4.072950178495579610e-01 -1.636369374526225329e-01 0.000000000000000000e+00 2.277000000000000171e+02
-3.751964079419795040e-02 -3.013386304384707870e+01 0.000000000000000000e+00 4.072950178495579610e-01 -1.636369374526225329e-01 0.000000000000000000e+00 2.278000000000000114e+02
3.209860990757845700e-03 -3.015022673759234095e+01 0.000000000000000000e+00 4.072950178495579610e-01 -1.636369374526225329e-01 0.000000000000000000e+00 2.279000000000000057e+02
4.393936277571366955e-02 -3.016659043133760321e+01 0.000000000000000000e+00 4.072950178495582385e-01 -1.636369374526225329e-01 0.000000000000000000e+00 2.280000000000000000e+02
8.466886456066946565e-02 -3.018295412508286546e+01 0.000000000000000000e+00 4.072950178495579610e-01 -1.636369374526225329e-01 0.000000000000000000e+00 2.281000000000000227e+02
1.253983663456252617e-01 -3.019931781882812771e+01 0.000000000000000000e+00 4.072950178495579610e-01 -1.636369374526225329e-01 0.000000000000000000e+00 2.282000000000000171e+02
1.661278681305810301e-01 -3.021568151257338997e+01 0.000000000000000000e+00 4.072950178495576834e-01 -1.636369374526225329e-01 0.000000000000000000e+00 2.283000000000000114e+02
2.068573699155369094e-01 -3.023204520631864867e+01 0.000000000000000000e+00 4.072950178495587936e-01 -1.636369374525870057e-01 0.000000000000000000e+00 2.284000000000000057e+02
2.475868717004927333e-01 -3.024840890006391092e+01 0.000000000000000000e+00 4.072950178495582385e-01 -1.636369374526225329e-01 0.000000000000000000e+00 2.285000000000000000e+02
2.877874764409038555e-01 -3.026068573968442976e+01 0.000000000000000000e+00 4.020060474041112220e-01 -1.227683962051884237e-01 0.000000000000000000e+00 2.286000000000000227e+02
3.274608591234041688e-01 -3.026888866801303735e+01 0.000000000000000000e+00 3.967338268250031330e-01 -8.202928328607583808e-02 0.000000000000000000e+00 2.287000000000000171e+02
3.671342418059044821e-01 -3.027709159634164493e+01 0.000000000000000000e+00 3.967338268250031330e-01 -8.202928328607583808e-02 0.000000000000000000e+00 2.288000000000000114e+02
4.068076244884047399e-01 -3.028529452467025251e+01 0.000000000000000000e+00 3.967338268250025779e-01 -8.202928328607583808e-02 0.000000000000000000e+00 2.289000000000000057e+02
4.464810071709049977e-01 -3.029349745299886365e+01 0.000000000000000000e+00 3.967338268250025779e-01 -8.202928328611136521e-02 0.000000000000000000e+00 2.290000000000000000e+02
4.861543898534053110e-01 -3.030170038132747123e+01 0.000000000000000000e+00 3.967338268250031330e-01 -8.202928328607583808e-02 0.000000000000000000e+00 2.291000000000000227e+02
5.258277725359056243e-01 -3.030990330965607882e+01 0.000000000000000000e+00 3.967338268250031330e-01 -8.202928328607583808e-02 0.000000000000000000e+00 2.292000000000000171e+02
5.655011552184059376e-01 -3.031810623798468640e+01 0.000000000000000000e+00 3.967338268250031330e-01 -8.202928328607583808e-02 0.000000000000000000e+00 2.293000000000000114e+02
6.051745379009061399e-01 -3.032630916631329399e+01 0.000000000000000000e+00 3.967338268250020228e-01 -8.202928328607583808e-02 0.000000000000000000e+00 2.294000000000000057e+02
6.480469849988350628e-01 -3.033410931010551081e+01 0.000000000000000000e+00 4.287244709792892294e-01 -7.800143792216829297e-02 0.000000000000000000e+00 2.295000000000000000e+02
6.929981412063827007e-01 -3.034164772991337955e+01 0.000000000000000000e+00 4.495115620754763786e-01 -7.538419807868734779e-02 0.000000000000000000e+00 2.296000000000000227e+02
7.379492974139303385e-01 -3.034918614972124473e+01 0.000000000000000000e+00 4.495115620754763786e-01 -7.538419807865182065e-02 0.000000000000000000e+00 2.297000000000000171e+02
7.829004536214779764e-01 -3.035672456952911347e+01 0.000000000000000000e+00 4.495115620754763786e-01 -7.538419807868734779e-02 0.000000000000000000e+00 2.298000000000000114e+02
8.278516098290256142e-01 -3.036426298933697865e+01 0.000000000000000000e+00 4.495115620754763786e-01 -7.538419807865182065e-02 0.000000000000000000e+00 2.299000000000000057e+02
8.728027660365732521e-01 -3.037180140914484738e+01 0.000000000000000000e+00 4.495115620754763786e-01 -7.538419807868734779e-02 0.000000000000000000e+00 2.300000000000000000e+02
9.177539222441208899e-01 -3.037933982895271257e+01 0.000000000000000000e+00 4.495115620754763786e-01 -7.538419807865182065e-02 0.000000000000000000e+00 2.301000000000000227e+02
9.627050784516685278e-01 -3.038687824876058130e+01 0.000000000000000000e+00 4.495115620754763786e-01 -7.538419807868734779e-02 0.000000000000000000e+00 2.302000000000000171e+02
1.007656234659216166e+00 -3.039441666856844648e+01 0.000000000000000000e+00 4.495115620754763786e-01 -7.538419807865182065e-02 0.000000000000000000e+00 2.303000000000000114e+02
1.052607390866763915e+00 -3.040195508837631522e+01 0.000000000000000000e+00 4.495115620754774888e-01 -7.538419807868734779e-02 0.000000000000000000e+00 2.304000000000000057e+02
1.096996343016815478e+00 -3.040949248836707497e+01 0.000000000000000000e+00 4.438895215005156381e-01 -7.537399990759752200e-02 0.000000000000000000e+00 2.305000000000000000e+02
1.138685129839452026e+00 -3.041702499035904950e+01 0.000000000000000000e+00 4.168878682263654767e-01 -7.532501991974527300e-02 0.000000000000000000e+00 2.306000000000000227e+02
1.180373916662088574e+00 -3.042455749235102758e+01 0.000000000000000000e+00 4.168878682263654767e-01 -7.532501991978080014e-02 0.000000000000000000e+00 2.307000000000000171e+02
1.222062703484725121e+00 -3.043208999434300210e+01 0.000000000000000000e+00 4.168878682263654767e-01 -7.532501991974527300e-02 0.000000000000000000e+00 2.308000000000000114e+02
1.263751490307361669e+00 -3.043962249633497663e+01 0.000000000000000000e+00 4.168878682263654767e-01 -7.532501991974527300e-02 0.000000000000000000e+00 2.309000000000000057e+02
1.305440277129998217e+00 -3.044715499832695471e+01 0.000000000000000000e+00 4.168878682263654767e-01 -7.532501991978080014e-02 0.000000000000000000e+00 2.310000000000000000e+02
1.347129063952634764e+00 -3.045468750031892924e+01 0.000000000000000000e+00 4.168878682263654767e-01 -7.532501991974527300e-02 0.000000000000000000e+00 2.311000000000000227e+02
1.388817850775271312e+00 -3.046222000231090377e+01 0.000000000000000000e+00 4.168878682263654767e-01 -7.532501991974527300e-02 0.000000000000000000e+00 2.312000000000000171e+02
1.430506637597907860e+00 -3.046975250430288185e+01 0.000000000000000000e+00 4.168878682263654767e-01 -7.532501991978080014e-02 0.000000000000000000e+00 2.313000000000000114e+02
1.472195424420544407e+00 -3.047728500629485637e+01 0.000000000000000000e+00 4.168878682263654767e-01 -7.532501991974527300e-02 0.000000000000000000e+00 2.314000000000000057e+02
1.513884211243180955e+00 -3.048481750828683090e+01 0.000000000000000000e+00 4.168878682263654767e-01 -7.532501991974527300e-02 0.000000000000000000e+00 2.315000000000000000e+02
1.549527776687097180e+00 -3.049038466851134643e+01 0.000000000000000000e+00 3.564356544391622528e-01 -5.567160224515532718e-02 0.000000000000000000e+00 2.316000000000000227e+02
1.584920049286793198e+00 -3.049587013175709416e+01 0.000000000000000000e+00 3.539227259969601747e-01 -5.485463245747723704e-02 0.000000000000000000e+00 2.317000000000000171e+02
1.620312321886489215e+00 -3.050135559500284188e+01 0.000000000000000000e+00 3.539227259969601747e-01 -5.485463245747723704e-02 0.000000000000000000e+00 2.318000000000000114e+02
1.655704594486185233e+00 -3.050684105824858960e+01 0.000000000000000000e+00 3.539227259969601747e-01 -5.485463245747723704e-02 0.000000000000000000e+00 2.319000000000000057e+02
1.691096867085881250e+00 -3.051232652149434088e+01 0.000000000000000000e+00 3.539227259969601747e-01 -5.485463245751276418e-02 0.000000000000000000e+00 2.320000000000000000e+02
1.726489139685577268e+00 -3.051781198474008860e+01 0.000000000000000000e+00 3.539227259969601747e-01 -5.485463245747723704e-02 0.000000000000000000e+00 2.321000000000000227e+02
1.761881412285273285e+00 -3.052329744798583633e+01 0.000000000000000000e+00 3.539227259969601747e-01 -5.485463245747723704e-02 0.000000000000000000e+00 2.322000000000000171e+02
1.797273684884969303e+00 -3.052878291123158405e+01 0.000000000000000000e+00 3.539227259969601747e-01 -5.485463245747723704e-02 0.000000000000000000e+00 2.323000000000000114e+02
1.835275353540762877e+00 -3.053032281564473394e+01 0.000000000000000000e+00 3.800166865579357456e-01 -1.539904413149884022e-02 0.000000000000000000e+00 2.324000000000000057e+02
1.881603388492543161e+00 -3.051927276921242438e+01 0.000000000000000000e+00 4.632803495178028363e-01 1.105004643230955708e-01 0.000000000000000000e+00 2.325000000000000000e+02
1.927931423444323222e+00 -3.050822272278011837e+01 0.000000000000000000e+00 4.632803495178006159e-01 1.105004643230600436e-01 0.000000000000000000e+00 2.326000000000000227e+02
1.974259458396103284e+00 -3.049717267634780882e+01 0.000000000000000000e+00 4.632803495178006159e-01 1.105004643230955708e-01 0.000000000000000000e+00 2.327000000000000171e+02
2.020587493347883346e+00 -3.048612262991550281e+01 0.000000000000000000e+00 4.632803495178006159e-01 1.105004643230600436e-01 0.000000000000000000e+00 2.328000000000000114e+02
2.066915528299663851e+00 -3.047507258348319326e+01 0.000000000000000000e+00 4.632803495178050568e-01 1.105004643230955708e-01 0.000000000000000000e+00 2.329000000000000057e+02
2.113243563251443913e+00 -3.046402253705088725e+01 0.000000000000000000e+00 4.632803495178006159e-01 1.105004643230600436e-01 0.000000000000000000e+00 2.330000000000000000e+02
2.159571598203223974e+00 -3.045297249061857769e+01 0.000000000000000000e+00 4.632803495178006159e-01 1.105004643230955708e-01 0.000000000000000000e+00 2.331000000000000227e+02
2.205899633155004036e+00 -3.044192244418627169e+01 0.000000000000000000e+00 4.632803495178006159e-01 1.105004643230600436e-01 0.000000000000000000e+00 2.332000000000000171e+02
2.252227668106784098e+00 -3.043087239775396213e+01 0.000000000000000000e+00 4.632803495178006159e-01 1.105004643230955708e-01 0.000000000000000000e+00 2.333000000000000114e+02
2.298555703058564603e+00 -3.041982235132165613e+01 0.000000000000000000e+00 4.632803495178050568e-01 1.105004643230600436e-01 0.000000000000000000e+00 2.334000000000000057e+02
2.343024170046652976e+00 -3.040796667271807863e+01 0.000000000000000000e+00 4.446846698808837317e-01 1.185567860357750192e-01 0.000000000000000000e+00 2.335000000000000000e+02
2.386061791067542348e+00 -3.039549109983485664e+01 0.000000000000000000e+00 4.303762102088937169e-01 1.247557288322198588e-01 0.000000000000000000e+00 2.336000000000000227e+02
2.429099412088432164e+00 -3.038301552695163466e+01 0.000000000000000000e+00 4.303762102088981578e-01 1.247557288322198588e-01 0.000000000000000000e+00 2.337000000000000171e+02
2.472137033109321536e+00 -3.037053995406841267e+01 0.000000000000000000e+00 4.303762102088937169e-01 1.247557288322198588e-01 0.000000000000000000e+00 2.338000000000000114e+02
2.515174654130211351e+00 -3.035806438118519068e+01 0.000000000000000000e+00 4.303762102088981578e-01 1.247557288322198588e-01 0.000000000000000000e+00 2.339000000000000057e+02
2.558212275151100723e+00 -3.034558880830196514e+01 0.000000000000000000e+00 4.303762102088937169e-01 1.247557288322553859e-01 0.000000000000000000e+00 2.340000000000000000e+02
2.601249896171990539e+00 -3.033311323541874316e+01 0.000000000000000000e+00 4.303762102088981578e-01 1.247557288322198588e-01 0.000000000000000000e+00 2.341000000000000227e+02
2.644287517192879911e+00 -3.032063766253552117e+01 0.000000000000000000e+00 4.303762102088937169e-01 1.247557288322198588e-01 0.000000000000000000e+00 2.342000000000000171e+02
2.687325138213769726e+00 -3.030816208965229919e+01 0.000000000000000000e+00 4.303762102088981578e-01 1.247557288322198588e-01 0.000000000000000000e+00 2.343000000000000114e+02
2.730362759234659098e+00 -3.029568651676907720e+01 0.000000000000000000e+00 4.303762102088937169e-01 1.247557288322198588e-01 0.000000000000000000e+00 2.344000000000000057e+02
2.773028373840831229e+00 -3.028354669945185051e+01 0.000000000000000000e+00 4.266561460617213086e-01 1.213981731722668655e-01 0.000000000000000000e+00 2.345000000000000000e+02
2.814199628918216067e+00 -3.027275562105294782e+01 0.000000000000000000e+00 4.117125507738483847e-01 1.079107839890269815e-01 0.000000000000000000e+00 2.346000000000000227e+02
2.855370883995600906e+00 -3.026196454265404157e+01 0.000000000000000000e+00 4.117125507738483847e-01 1.079107839890625087e-01 0.000000000000000000e+00 2.347000000000000171e+02
2.896542139072985744e+00 -3.025117346425513887e+01 0.000000000000000000e+00 4.117125507738483847e-01 1.079107839890269815e-01 0.000000000000000000e+00 2.348000000000000114e+02
2.937713394150370583e+00 -3.024038238585623262e+01 0.000000000000000000e+00 4.117125507738483847e-01 1.079107839890625087e-01 0.000000000000000000e+00 2.349000000000000057e+02
2.978884649227755421e+00 -3.022959130745732992e+01 0.000000000000000000e+00 4.117125507738483847e-01 1.079107839890269815e-01 0.000000000000000000e+00 2.350000000000000000e+02
3.020055904305140260e+00 -3.021880022905842367e+01 0.000000000000000000e+00 4.117125507738483847e-01 1.079107839890625087e-01 0.000000000000000000e+00 2.351000000000000227e+02
3.061227159382525098e+00 -3.020800915065952097e+01 0.000000000000000000e+00 4.117125507738483847e-01 1.079107839890269815e-01 0.000000000000000000e+00 2.352000000000000171e+02
3.102398414459909937e+00 -3.019721807226061472e+01 0.000000000000000000e+00 4.117125507738483847e-01 1.079107839890625087e-01 0.000000000000000000e+00 2.353000000000000114e+02
3.143569669537294331e+00 -3.018642699386171202e+01 0.000000000000000000e+00 4.117125507738439438e-01 1.079107839890269815e-01 0.000000000000000000e+00 2.354000000000000057e+02
3.184729373410824405e+00 -3.017563706542371094e+01 0.000000000000000000e+00 4.115970387353007354e-01 1.078992843800108403e-01 0.000000000000000000e+00 2.355000000000000000e+02
3.219692670916323607e+00 -3.016546400992476862e+01 0.000000000000000000e+00 3.496329750549920234e-01 1.017305549894231831e-01 0.000000000000000000e+00 2.356000000000000227e+02
3.254655968421822809e+00 -3.015529095442582275e+01 0.000000000000000000e+00 3.496329750549920234e-01 1.017305549894587102e-01 0.000000000000000000e+00 2.357000000000000171e+02
3.289619265927322012e+00 -3.014511789892688043e+01 0.000000000000000000e+00 3.496329750549920234e-01 1.017305549894231831e-01 0.000000000000000000e+00 2.358000000000000114e+02
3.324582563432821214e+00 -3.013494484342793811e+01 0.000000000000000000e+00 3.496329750549920234e-01 1.017305549894231831e-01 0.000000000000000000e+00 2.359000000000000057e+02
3.359545860938320416e+00 -3.012477178792899224e+01 0.000000000000000000e+00 3.496329750549920234e-01 1.017305549894587102e-01 0.000000000000000000e+00 2.360000000000000000e+02
3.394509158443819619e+00 -3.011459873243004992e+01 0.000000000000000000e+00 3.496329750549920234e-01 1.017305549894231831e-01 0.000000000000000000e+00 2.361000000000000227e+02
3.429472455949318821e+00 -3.010442567693110405e+01 0.000000000000000000e+00 3.496329750549920234e-01 1.017305549894587102e-01 0.000000000000000000e+00 2.362000000000000171e+02
3.464435753454818023e+00 -3.009425262143216173e+01 0.000000000000000000e+00 3.496329750549920234e-01 1.017305549894231831e-01 0.000000000000000000e+00 2.363000000000000114e+02
3.500091095221936399e+00 -3.007944330238929709e+01 0.000000000000000000e+00 3.565534176711837588e-01 1.480931904286464373e-01 0.000000000000000000e+00 2.364000000000000057e+02
3.537840701084808082e+00 -3.005060372427633908e+01 0.000000000000000000e+00 3.774960586287168240e-01 2.883957811295800866e-01 0.000000000000000000e+00 2.365000000000000000e+02
3.575590306947680208e+00 -3.002176414616338462e+01 0.000000000000000000e+00 3.774960586287212649e-01 2.883957811295445595e-01 0.000000000000000000e+00 2.366000000000000227e+02
3.613339912810551890e+00 -2.999292456805042661e+01 0.000000000000000000e+00 3.774960586287168240e-01 2.883957811295800866e-01 0.000000000000000000e+00 2.367000000000000171e+02
3.651089518673423573e+00 -2.996408498993747216e+01 0.000000000000000000e+00 3.774960586287168240e-01 2.883957811295445595e-01 0.000000000000000000e+00 2.368000000000000114e+02
3.688839124536295699e+00 -2.993524541182451770e+01 0.000000000000000000e+00 3.774960586287212649e-01 2.883957811295445595e-01 0.000000000000000000e+00 2.369000000000000057e+02
3.726588730399167382e+00 -2.990640583371155969e+01 0.000000000000000000e+00 3.774960586287168240e-01 2.883957811295800866e-01 0.000000000000000000e+00 2.370000000000000000e+02
3.764338336262039064e+00 -2.987756625559860524e+01 0.000000000000000000e+00 3.774960586287168240e-01 2.883957811295445595e-01 0.000000000000000000e+00 2.371000000000000227e+02
3.802087942124910747e+00 -2.984872667748564723e+01 0.000000000000000000e+00 3.774960586287168240e-01 2.883957811295800866e-01 0.000000000000000000e+00 2.372000000000000171e+02
3.839837547987782429e+00 -2.981988709937269277e+01 0.000000000000000000e+00 3.774960586287168240e-01 2.883957811295445595e-01 0.000000000000000000e+00 2.373000000000000114e+02
3.877587153850654555e+00 -2.979104752125973476e+01 0.000000000000000000e+00 3.774960586287212649e-01 2.883957811295800866e-01 0.000000000000000000e+00 2.374000000000000057e+02
3.912439197112791422e+00 -2.976306532216974432e+01 0.000000000000000000e+00 3.485204326213686699e-01 2.798219908999044492e-01 0.000000000000000000e+00 2.375000000000000000e+02
3.941370641090808036e+00 -2.973683500848450478e+01 0.000000000000000000e+00 2.893144397801661327e-01 2.623031368523953688e-01 0.000000000000000000e+00 2.376000000000000227e+02
3.970302085068824649e+00 -2.971060469479926525e+01 0.000000000000000000e+00 2.893144397801661327e-01 2.623031368523953688e-01 0.000000000000000000e+00 2.377000000000000171e+02
3.999233529046841262e+00 -2.968437438111402216e+01 0.000000000000000000e+00 2.893144397801661327e-01 2.623031368524308959e-01 0.000000000000000000e+00 2.378000000000000114e+02
4.028164973024858320e+00 -2.965814406742878262e+01 0.000000000000000000e+00 2.893144397801705736e-01 2.623031368523953688e-01 0.000000000000000000e+00 2.379000000000000057e+02
4.057096417002874489e+00 -2.963191375374354308e+01 0.000000000000000000e+00 2.893144397801616918e-01 2.623031368523953688e-01 0.000000000000000000e+00 2.380000000000000000e+02
4.086027860980891546e+00 -2.960568344005830355e+01 0.000000000000000000e+00 2.893144397801705736e-01 2.623031368523953688e-01 0.000000000000000000e+00 2.381000000000000227e+02
4.114959304958907715e+00 -2.957945312637306046e+01 0.000000000000000000e+00 2.893144397801616918e-01 2.623031368524308959e-01 0.000000000000000000e+00 2.382000000000000171e+02
4.143890748936924773e+00 -2.955322281268782092e+01 0.000000000000000000e+00 2.893144397801705736e-01 2.623031368523953688e-01 0.000000000000000000e+00 2.383000000000000114e+02
4.167120767358007072e+00 -2.952658843692506352e+01 0.000000000000000000e+00 2.323001842108229908e-01 2.663437576275740071e-01 0.000000000000000000e+00 2.384000000000000057e+02
4.188236917205233389e+00 -2.949980425053704280e+01 0.000000000000000000e+00 2.111614984722631760e-01 2.678418638802071428e-01 0.000000000000000000e+00 2.385000000000000000e+02
4.209353067052460595e+00 -2.947302006414902564e+01 0.000000000000000000e+00 2.111614984722720578e-01 2.678418638801716156e-01 0.000000000000000000e+00 2.386000000000000227e+02
4.230469216899686913e+00 -2.944623587776100493e+01 0.000000000000000000e+00 2.111614984722631760e-01 2.678418638802071428e-01 0.000000000000000000e+00 2.387000000000000171e+02
4.251585366746913230e+00 -2.941945169137298777e+01 0.000000000000000000e+00 2.111614984722631760e-01 2.678418638801716156e-01 0.000000000000000000e+00 2.388000000000000114e+02
4.272701516594139548e+00 -2.939266750498496705e+01 0.000000000000000000e+00 2.111614984722631760e-01 2.678418638802071428e-01 0.000000000000000000e+00 2.389000000000000057e+02
4.293817666441365866e+00 -2.936588331859694989e+01 0.000000000000000000e+00 2.111614984722631760e-01 2.678418638801716156e-01 0.000000000000000000e+00 2.390000000000000000e+02
4.302997386032919813e+00 -2.933889356378966795e+01 0.000000000000000000e+00 9.179719591553947566e-02 2.698975480728194043e-01 0.000000000000000000e+00 2.391000000000000227e+02
4.296400897181893441e+00 -2.931163211215493902e+01 0.000000000000000000e+00 -6.596488851026371947e-02 2.726145163472892818e-01 0.000000000000000000e+00 2.392000000000000171e+02
4.289804408330867069e+00 -2.928437066052020654e+01 0.000000000000000000e+00 -6.596488851026371947e-02 2.726145163473248090e-01 0.000000000000000000e+00 2.393000000000000114e+02
4.283207919479840697e+00 -2.925710920888547761e+01 0.000000000000000000e+00 -6.596488851026371947e-02 2.726145163472892818e-01 0.000000000000000000e+00 2.394000000000000057e+02
4.276611430628813437e+00 -2.922984775725074513e+01 0.000000000000000000e+00 -6.596488851027260125e-02 2.726145163473248090e-01 0.000000000000000000e+00 2.395000000000000000e+02
4.270014941777787065e+00 -2.920258630561601620e+01 0.000000000000000000e+00 -6.596488851026371947e-02 2.726145163472892818e-01 0.000000000000000000e+00 2.396000000000000227e+02
4.263418452926760693e+00 -2.917532485398128728e+01 0.000000000000000000e+00 -6.596488851026371947e-02 2.726145163472892818e-01 0.000000000000000000e+00 2.397000000000000171e+02
4.256608164121541193e+00 -2.914737820209915498e+01 0.000000000000000000e+00 -6.810288805219499864e-02 2.794665188213230067e-01 0.000000000000000000e+00 2.398000000000000114e+02
4.248231646155811170e+00 -2.911441199531431323e+01 0.000000000000000000e+00 -8.376517965730023718e-02 3.296620678484174505e-01 0.000000000000000000e+00 2.399000000000000057e+02
4.239855128190081146e+00 -2.908144578852947149e+01 0.000000000000000000e+00 -8.376517965730023718e-02 3.296620678484174505e-01 0.000000000000000000e+00 2.400000000000000000e+02
4.231478610224351122e+00 -2.904847958174462974e+01 0.000000000000000000e+00 -8.376517965730023718e-02 3.296620678484174505e-01 0.000000000000000000e+00 2.401000000000000227e+02
4.223102092258620210e+00 -2.901551337495978800e+01 0.000000000000000000e+00 -8.376517965730911897e-02 3.296620678484174505e-01 0.000000000000000000e+00 2.402000000000000171e+02
4.214725574292890187e+00 -2.898254716817494270e+01 0.000000000000000000e+00 -8.376517965730023718e-02 3.296620678484529776e-01 0.000000000000000000e+00 2.403000000000000114e+02
4.206349056327160163e+00 -2.894958096139010095e+01 0.000000000000000000e+00 -8.376517965730023718e-02 3.296620678484174505e-01 0.000000000000000000e+00 2.404000000000000057e+02
4.197972538361430139e+00 -2.891661475460525921e+01 0.000000000000000000e+00 -8.376517965730023718e-02 3.296620678484174505e-01 0.000000000000000000e+00 2.405000000000000000e+02
4.194647999114661019e+00 -2.887976768581075504e+01 0.000000000000000000e+00 -3.324539246769120382e-02 3.684706879450416750e-01 0.000000000000000000e+00 2.406000000000000227e+02
4.196994129154623110e+00 -2.883856448524522165e+01 0.000000000000000000e+00 2.346130039962091018e-02 4.120320056553339327e-01 0.000000000000000000e+00 2.407000000000000171e+02
4.199340259194585201e+00 -2.879736128467968470e+01 0.000000000000000000e+00 2.346130039962091018e-02 4.120320056553694599e-01 0.000000000000000000e+00 2.408000000000000114e+02
4.201686389234546404e+00 -2.875615808411415131e+01 0.000000000000000000e+00 2.346130039961202840e-02 4.120320056553339327e-01 0.000000000000000000e+00 2.409000000000000057e+02
4.204032519274508495e+00 -2.871495488354861791e+01 0.000000000000000000e+00 2.346130039962091018e-02 4.120320056553339327e-01 0.000000000000000000e+00 2.410000000000000000e+02
4.206378649314470586e+00 -2.867375168298308452e+01 0.000000000000000000e+00 2.346130039962091018e-02 4.120320056553339327e-01 0.000000000000000000e+00 2.411000000000000227e+02
4.208724779354432677e+00 -2.863254848241755113e+01 0.000000000000000000e+00 2.346130039962091018e-02 4.120320056553339327e-01 0.000000000000000000e+00 2.412000000000000171e+02
4.211070909394394768e+00 -2.859134528185201773e+01 0.000000000000000000e+00 2.346130039962091018e-02 4.120320056553339327e-01 0.000000000000000000e+00 2.413000000000000114e+02
4.213417039434355971e+00 -2.855014208128648079e+01 0.000000000000000000e+00 2.346130039961202840e-02 4.120320056553694599e-01 0.000000000000000000e+00 2.414000000000000057e+02
4.215763169474318062e+00 -2.850893888072094740e+01 0.000000000000000000e+00 2.346130039962091018e-02 4.120320056553339327e-01 0.000000000000000000e+00 2.415000000000000000e+02
4.218057681642329193e+00 -2.846759430454697437e+01 0.000000000000000000e+00 2.294512168011131337e-02 4.134457617397302442e-01 0.000000000000000000e+00 2.416000000000000227e+02
4.219913555481006995e+00 -2.842504834679038339e+01 0.000000000000000000e+00 1.855873838677801757e-02 4.254595775659097967e-01 0.000000000000000000e+00 2.417000000000000171e+02
4.221769429319684797e+00 -2.838250238903379596e+01 0.000000000000000000e+00 1.855873838677801757e-02 4.254595775658742696e-01 0.000000000000000000e+00 2.418000000000000114e+02
4.223625303158362598e+00 -2.833995643127720854e+01 0.000000000000000000e+00 1.855873838677801757e-02 4.254595775658742696e-01 0.000000000000000000e+00 2.419000000000000057e+02
4.225481176997039512e+00 -2.829741047352062111e+01 0.000000000000000000e+00 1.855873838676913579e-02 4.254595775658742696e-01 0.000000000000000000e+00 2.420000000000000000e+02
4.227337050835717314e+00 -2.825486451576403368e+01 0.000000000000000000e+00 1.855873838677801757e-02 4.254595775658742696e-01 0.000000000000000000e+00 2.421000000000000227e+02
4.229192924674395115e+00 -2.821231855800744270e+01 0.000000000000000000e+00 1.855873838677801757e-02 4.254595775659097967e-01 0.000000000000000000e+00 2.422000000000000171e+02
4.231048798513072029e+00 -2.816977260025085528e+01 0.000000000000000000e+00 1.855873838676913579e-02 4.254595775658742696e-01 0.000000000000000000e+00 2.423000000000000114e+02
4.232904672351749831e+00 -2.812722664249426785e+01 0.000000000000000000e+00 1.855873838677801757e-02 4.254595775658742696e-01 0.000000000000000000e+00 2.424000000000000057e+02
4.234760546190427632e+00 -2.808468068473768042e+01 0.000000000000000000e+00 1.855873838677801757e-02 4.254595775658742696e-01 0.000000000000000000e+00 2.425000000000000000e+02
4.236295745120391310e+00 -2.804302253239420040e+01 0.000000000000000000e+00 1.535198929963677017e-02 4.165815234348002605e-01 0.000000000000000000e+00 2.426000000000000227e+02
4.236052166186698997e+00 -2.800628902046742397e+01 0.000000000000000000e+00 -2.435789336923122050e-03 3.673351192677642985e-01 0.000000000000000000e+00 2.427000000000000171e+02
4.235808587253006685e+00 -2.796955550854064398e+01 0.000000000000000000e+00 -2.435789336923122050e-03 3.673351192677998256e-01 0.000000000000000000e+00 2.428000000000000114e+02
4.235565008319314373e+00 -2.793282199661386755e+01 0.000000000000000000e+00 -2.435789336923122050e-03 3.673351192677642985e-01 0.000000000000000000e+00 2.429000000000000057e+02
4.235321429385622061e+00 -2.789608848468709112e+01 0.000000000000000000e+00 -2.435789336923122050e-03 3.673351192677642985e-01 0.000000000000000000e+00 2.430000000000000000e+02
4.235077850451929748e+00 -2.785935497276031469e+01 0.000000000000000000e+00 -2.435789336923122050e-03 3.673351192677642985e-01 0.000000000000000000e+00 2.431000000000000227e+02
4.234834271518236548e+00 -2.782262146083353471e+01 0.000000000000000000e+00 -2.435789336932003835e-03 3.673351192677998256e-01 0.000000000000000000e+00 2.432000000000000171e+02
4.234590692584544236e+00 -2.778588794890675828e+01 0.000000000000000000e+00 -2.435789336923122050e-03 3.673351192677642985e-01 0.000000000000000000e+00 2.433000000000000114e+02
4.234347113650851924e+00 -2.774915443697998185e+01 0.000000000000000000e+00 -2.435789336923122050e-03 3.673351192677642985e-01 0.000000000000000000e+00 2.434000000000000057e+02
4.221334066184160960e+00 -2.771348223764949381e+01 0.000000000000000000e+00 -1.301304746669096346e-01 3.567219933048804137e-01 0.000000000000000000e+00 2.435000000000000000e+02
4.206078020482999946e+00 -2.767799646129139290e+01 0.000000000000000000e+00 -1.525604570116101399e-01 3.548577635810090669e-01 0.000000000000000000e+00 2.436000000000000227e+02
4.190821974781838932e+00 -2.764251068493328845e+01 0.000000000000000000e+00 -1.525604570116101399e-01 3.548577635810445940e-01 0.000000000000000000e+00 2.437000000000000171e+02
4.175565929080677030e+00 -2.760702490857518754e+01 0.000000000000000000e+00 -1.525604570116190217e-01 3.548577635810090669e-01 0.000000000000000000e+00 2.438000000000000114e+02
4.160309883379516016e+00 -2.757153913221708308e+01 0.000000000000000000e+00 -1.525604570116101399e-01 3.548577635810445940e-01 0.000000000000000000e+00 2.439000000000000057e+02
4.145053837678354114e+00 -2.753605335585898217e+01 0.000000000000000000e+00 -1.525604570116190217e-01 3.548577635810090669e-01 0.000000000000000000e+00 2.440000000000000000e+02
4.129797791977193100e+00 -2.750056757950087771e+01 0.000000000000000000e+00 -1.525604570116101399e-01 3.548577635810445940e-01 0.000000000000000000e+00 2.441000000000000227e+02
4.114541746276032086e+00 -2.746508180314277681e+01 0.000000000000000000e+00 -1.525604570116101399e-01 3.548577635810090669e-01 0.000000000000000000e+00 2.442000000000000171e+02
4.099285700574870184e+00 -2.742959602678467235e+01 0.000000000000000000e+00 -1.525604570116190217e-01 3.548577635810445940e-01 0.000000000000000000e+00 2.443000000000000114e+02
4.084416500436996778e+00 -2.739397229431465419e+01 0.000000000000000000e+00 -1.486920013787340622e-01 3.562373247001815457e-01 0.000000000000000000e+00 2.444000000000000057e+02
4.069668195297015956e+00 -2.735830544850577084e+01 0.000000000000000000e+00 -1.474830513998082182e-01 3.566684580888335176e-01 0.000000000000000000e+00 2.445000000000000000e+02
4.054919890157034246e+00 -2.732263860269688749e+01 0.000000000000000000e+00 -1.474830513998171000e-01 3.566684580888335176e-01 0.000000000000000000e+00 2.446000000000000227e+02
4.040171585017052536e+00 -2.728697175688800058e+01 0.000000000000000000e+00 -1.474830513998171000e-01 3.566684580888690448e-01 0.000000000000000000e+00 2.447000000000000171e+02
4.025423279877071714e+00 -2.725130491107911723e+01 0.000000000000000000e+00 -1.474830513998082182e-01 3.566684580888335176e-01 0.000000000000000000e+00 2.448000000000000114e+02
4.010674974737090004e+00 -2.721563806527023388e+01 0.000000000000000000e+00 -1.474830513998171000e-01 3.566684580888335176e-01 0.000000000000000000e+00 2.449000000000000057e+02
3.995926669597108738e+00 -2.717997121946134698e+01 0.000000000000000000e+00 -1.474830513998126591e-01 3.566684580888690448e-01 0.000000000000000000e+00 2.450000000000000000e+02
3.981178364457127472e+00 -2.714430437365246362e+01 0.000000000000000000e+00 -1.474830513998126591e-01 3.566684580888335176e-01 0.000000000000000000e+00 2.451000000000000227e+02
3.966430059317145762e+00 -2.710863752784357672e+01 0.000000000000000000e+00 -1.474830513998171000e-01 3.566684580888690448e-01 0.000000000000000000e+00 2.452000000000000171e+02
3.962772230517000338e+00 -2.707539382820149854e+01 0.000000000000000000e+00 -3.657828800145423997e-02 3.324369964207818384e-01 0.000000000000000000e+00 2.453000000000000114e+02
3.960917075955233013e+00 -2.704254399290183741e+01 0.000000000000000000e+00 -1.855154561767324850e-02 3.284983529966112314e-01 0.000000000000000000e+00 2.454000000000000057e+02
3.959061921393465244e+00 -2.700969415760217629e+01 0.000000000000000000e+00 -1.855154561767768939e-02 3.284983529966112314e-01 0.000000000000000000e+00 2.455000000000000000e+02
3.957206766831697919e+00 -2.697684432230251872e+01 0.000000000000000000e+00 -1.855154561767324850e-02 3.284983529965757043e-01 0.000000000000000000e+00 2.456000000000000227e+02
3.955351612269930595e+00 -2.694399448700285760e+01 0.000000000000000000e+00 -1.855154561767324850e-02 3.284983529966112314e-01 0.000000000000000000e+00 2.457000000000000171e+02
3.953496457708162826e+00 -2.691114465170320003e+01 0.000000000000000000e+00 -1.855154561767768939e-02 3.284983529965757043e-01 0.000000000000000000e+00 2.458000000000000114e+02
3.951641303146395501e+00 -2.687829481640353890e+01 0.000000000000000000e+00 -1.855154561767324850e-02 3.284983529966112314e-01 0.000000000000000000e+00 2.459000000000000057e+02
3.949786148584628176e+00 -2.684544498110387778e+01 0.000000000000000000e+00 -1.855154561767324850e-02 3.284983529966112314e-01 0.000000000000000000e+00 2.460000000000000000e+02
3.948445413358800504e+00 -2.680893737948141720e+01 0.000000000000000000e+00 -1.340735225827671684e-02 3.650760162246058371e-01 0.000000000000000000e+00 2.461000000000000227e+02
3.947280175403591773e+00 -2.677118190873475356e+01 0.000000000000000000e+00 -1.165237955208731080e-02 3.775547074666363301e-01 0.000000000000000000e+00 2.462000000000000171e+02
3.946114937448383042e+00 -2.673342643798808993e+01 0.000000000000000000e+00 -1.165237955208731080e-02 3.775547074666363301e-01 0.000000000000000000e+00 2.463000000000000114e+02
3.944949699493174311e+00 -2.669567096724142630e+01 0.000000000000000000e+00 -1.165237955208731080e-02 3.775547074666363301e-01 0.000000000000000000e+00 2.464000000000000057e+02
3.943784461537965580e+00 -2.665791549649476266e+01 0.000000000000000000e+00 -1.165237955208731080e-02 3.775547074666363301e-01 0.000000000000000000e+00 2.465000000000000000e+02
3.942619223582756849e+00 -2.662016002574809903e+01 0.000000000000000000e+00 -1.165237955208731080e-02 3.775547074666363301e-01 0.000000000000000000e+00 2.466000000000000227e+02
3.941453985627548118e+00 -2.658240455500143540e+01 0.000000000000000000e+00 -1.165237955208731080e-02 3.775547074666363301e-01 0.000000000000000000e+00 2.467000000000000171e+02
3.940288747672339387e+00 -2.654464908425477176e+01 0.000000000000000000e+00 -1.165237955208731080e-02 3.775547074666363301e-01 0.000000000000000000e+00 2.468000000000000114e+02
3.939123509717130656e+00 -2.650689361350810813e+01 0.000000000000000000e+00 -1.165237955208731080e-02 3.775547074666363301e-01 0.000000000000000000e+00 2.469000000000000057e+02
3.938063845812227903e+00 -2.646986872355687126e+01 0.000000000000000000e+00 -1.059663904902752307e-02 3.702488995123687232e-01 0.000000000000000000e+00 2.470000000000000000e+02
3.937040205574362073e+00 -2.643309312023660240e+01 0.000000000000000000e+00 -1.023640237865830471e-02 3.677560332026885703e-01 0.000000000000000000e+00 2.471000000000000227e+02
3.936016565336496242e+00 -2.639631751691632999e+01 0.000000000000000000e+00 -1.023640237865830471e-02 3.677560332027240975e-01 0.000000000000000000e+00 2.472000000000000171e+02
3.934992925098630856e+00 -2.635954191359606114e+01 0.000000000000000000e+00 -1.023640237865386382e-02 3.677560332026885703e-01 0.000000000000000000e+00 2.473000000000000114e+02
3.933969284860765026e+00 -2.632276631027578873e+01 0.000000000000000000e+00 -1.023640237865830471e-02 3.677560332027240975e-01 0.000000000000000000e+00 2.474000000000000057e+02
3.932945644622899195e+00 -2.628599070695551987e+01 0.000000000000000000e+00 -1.023640237865830471e-02 3.677560332026885703e-01 0.000000000000000000e+00 2.475000000000000000e+02
3.931922004385033365e+00 -2.624921510363524746e+01 0.000000000000000000e+00 -1.023640237865830471e-02 3.677560332027240975e-01 0.000000000000000000e+00 2.476000000000000227e+02
3.930898364147167534e+00 -2.621243950031497505e+01 0.000000000000000000e+00 -1.023640237865830471e-02 3.677560332027240975e-01 0.000000000000000000e+00 2.477000000000000171e+02
3.929873082093723990e+00 -2.617565756396060905e+01 0.000000000000000000e+00 -1.025282053443543617e-02 3.678193635436599607e-01 0.000000000000000000e+00 2.478000000000000114e+02
3.928803213922894777e+00 -2.613870364397703128e+01 0.000000000000000000e+00 -1.069868170829213483e-02 3.695391998357777652e-01 0.000000000000000000e+00 2.479000000000000057e+02
3.927733345752065564e+00 -2.610174972399345350e+01 0.000000000000000000e+00 -1.069868170829213483e-02 3.695391998357777652e-01 0.000000000000000000e+00 2.480000000000000000e+02
3.926663477581236350e+00 -2.606479580400987217e+01 0.000000000000000000e+00 -1.069868170829213483e-02 3.695391998358132923e-01 0.000000000000000000e+00 2.481000000000000227e+02
3.925593609410407137e+00 -2.602784188402629439e+01 0.000000000000000000e+00 -1.069868170829213483e-02 3.695391998357777652e-01 0.000000000000000000e+00 2.482000000000000171e+02
3.924523741239578367e+00 -2.599088796404271307e+01 0.000000000000000000e+00 -1.069868170828769394e-02 3.695391998358132923e-01 0.000000000000000000e+00 2.483000000000000114e+02
3.923453873068749154e+00 -2.595393404405913529e+01 0.000000000000000000e+00 -1.069868170829213483e-02 3.695391998357777652e-01 0.000000000000000000e+00 2.484000000000000057e+02
3.922384004897919940e+00 -2.591698012407555396e+01 0.000000000000000000e+00 -1.069868170829213483e-02 3.695391998358132923e-01 0.000000000000000000e+00 2.485000000000000000e+02
3.921314136727090727e+00 -2.588002620409197618e+01 0.000000000000000000e+00 -1.069868170829213483e-02 3.695391998357777652e-01 0.000000000000000000e+00 2.486000000000000227e+02
3.920263643674184451e+00 -2.584334195221882169e+01 0.000000000000000000e+00 -1.050493052906276148e-02 3.668425187315449421e-01 0.000000000000000000e+00 2.487000000000000171e+02
3.919257545919086372e+00 -2.580727560605955517e+01 0.000000000000000000e+00 -1.006097755098078750e-02 3.606634615926651577e-01 0.000000000000000000e+00 2.488000000000000114e+02
3.918251448163988293e+00 -2.577120925990028866e+01 0.000000000000000000e+00 -1.006097755098078750e-02 3.606634615926651577e-01 0.000000000000000000e+00 2.489000000000000057e+02
3.917245350408889770e+00 -2.573514291374102214e+01 0.000000000000000000e+00 -1.006097755098522839e-02 3.606634615926651577e-01 0.000000000000000000e+00 2.490000000000000000e+02
3.916239252653791691e+00 -2.569907656758175207e+01 0.000000000000000000e+00 -1.006097755098078750e-02 3.606634615927006848e-01 0.000000000000000000e+00 2.491000000000000227e+02
3.915233154898693613e+00 -2.566301022142248556e+01 0.000000000000000000e+00 -1.006097755098078750e-02 3.606634615926651577e-01 0.000000000000000000e+00 2.492000000000000171e+02
3.914227057143595534e+00 -2.562694387526321904e+01 0.000000000000000000e+00 -1.006097755098078750e-02 3.606634615926651577e-01 0.000000000000000000e+00 2.493000000000000114e+02
3.913220959388497455e+00 -2.559087752910395253e+01 0.000000000000000000e+00 -1.006097755098078750e-02 3.606634615926651577e-01 0.000000000000000000e+00 2.494000000000000057e+02
3.912214861633399376e+00 -2.555481118294468601e+01 0.000000000000000000e+00 -1.006097755098078750e-02 3.606634615926651577e-01 0.000000000000000000e+00 2.495000000000000000e+02
3.910639457551496445e+00 -2.551797048745206808e+01 0.000000000000000000e+00 -1.575404081902931352e-02 3.684069549261792531e-01 0.000000000000000000e+00 2.496000000000000227e+02
3.908841181342352922e+00 -2.548082664956488230e+01 0.000000000000000000e+00 -1.798276209143523374e-02 3.714383788718578217e-01 0.000000000000000000e+00 2.497000000000000171e+02
3.907042905133209398e+00 -2.544368281167770007e+01 0.000000000000000000e+00 -1.798276209143523374e-02 3.714383788718222945e-01 0.000000000000000000e+00 2.498000000000000114e+02
3.905244628924065875e+00 -2.540653897379051429e+01 0.000000000000000000e+00 -1.798276209143523374e-02 3.714383788718578217e-01 0.000000000000000000e+00 2.499000000000000057e+02
3.903446352714922352e+00 -2.536939513590332851e+01 0.000000000000000000e+00 -1.798276209143523374e-02 3.714383788718578217e-01 0.000000000000000000e+00 2.500000000000000000e+02
3.901648076505778828e+00 -2.533225129801614273e+01 0.000000000000000000e+00 -1.798276209143523374e-02 3.714383788718578217e-01 0.000000000000000000e+00 2.501000000000000227e+02
3.899849800296634861e+00 -2.529510746012896050e+01 0.000000000000000000e+00 -1.798276209143967463e-02 3.714383788718222945e-01 0.000000000000000000e+00 2.502000000000000171e+02
3.898051524087491337e+00 -2.525796362224177471e+01 0.000000000000000000e+00 -1.798276209143523374e-02 3.714383788718578217e-01 0.000000000000000000e+00 2.503000000000000114e+02
3.895427346858225448e+00 -2.522018127738902393e+01 0.000000000000000000e+00 -2.624177229265889366e-02 3.778234485275078214e-01 0.000000000000000000e+00 2.504000000000000057e+02
3.883536200774419633e+00 -2.517523460652243372e+01 0.000000000000000000e+00 -1.189114608380581473e-01 4.494667086659021038e-01 0.000000000000000000e+00 2.505000000000000000e+02
3.871645054690613819e+00 -2.513028793565583996e+01 0.000000000000000000e+00 -1.189114608380581473e-01 4.494667086659376309e-01 0.000000000000000000e+00 2.506000000000000227e+02
3.859753908606808004e+00 -2.508534126478924975e+01 0.000000000000000000e+00 -1.189114608380581473e-01 4.494667086659021038e-01 0.000000000000000000e+00 2.507000000000000171e+02
3.847862762523002189e+00 -2.504039459392265954e+01 0.000000000000000000e+00 -1.189114608380581473e-01 4.494667086659021038e-01 0.000000000000000000e+00 2.508000000000000114e+02
3.835971616439196374e+00 -2.499544792305606933e+01 0.000000000000000000e+00 -1.189114608380581473e-01 4.494667086659021038e-01 0.000000000000000000e+00 2.509000000000000057e+02
3.824080470355390560e+00 -2.495050125218947912e+01 0.000000000000000000e+00 -1.189114608380581473e-01 4.494667086659021038e-01 0.000000000000000000e+00 2.510000000000000000e+02
3.812189324271584745e+00 -2.490555458132288891e+01 0.000000000000000000e+00 -1.189114608380581473e-01 4.494667086659021038e-01 0.000000000000000000e+00 2.511000000000000227e+02
3.800298178187778930e+00 -2.486060791045629870e+01 0.000000000000000000e+00 -1.189114608380581473e-01 4.494667086659021038e-01 0.000000000000000000e+00 2.512000000000000171e+02
3.788407032103973116e+00 -2.481566123958970849e+01 0.000000000000000000e+00 -1.189114608380581473e-01 4.494667086659021038e-01 0.000000000000000000e+00 2.513000000000000114e+02
3.776515886020167301e+00 -2.477071456872311472e+01 0.000000000000000000e+00 -1.189114608380581473e-01 4.494667086659376309e-01 0.000000000000000000e+00 2.514000000000000057e+02
3.764624739936361486e+00 -2.472576789785652451e+01 0.000000000000000000e+00 -1.189114608380581473e-01 4.494667086659021038e-01 0.000000000000000000e+00 2.515000000000000000e+02
3.752470077865811326e+00 -2.468756544889118132e+01 0.000000000000000000e+00 -1.215466207055015957e-01 3.820244896534319423e-01 0.000000000000000000e+00 2.516000000000000227e+02
3.740291280634629789e+00 -2.464998069633557165e+01 0.000000000000000000e+00 -1.217879723118153734e-01 3.758475255560966843e-01 0.000000000000000000e+00 2.517000000000000171e+02
3.728112483403448252e+00 -2.461239594377996198e+01 0.000000000000000000e+00 -1.217879723118153734e-01 3.758475255560966843e-01 0.000000000000000000e+00 2.518000000000000114e+02
3.715933686172266714e+00 -2.457481119122435587e+01 0.000000000000000000e+00 -1.217879723118153734e-01 3.758475255560611572e-01 0.000000000000000000e+00 2.519000000000000057e+02
3.703754888941085177e+00 -2.453722643866874620e+01 0.000000000000000000e+00 -1.217879723118153734e-01 3.758475255560966843e-01 0.000000000000000000e+00 2.520000000000000000e+02
3.691576091709903640e+00 -2.449964168611314008e+01 0.000000000000000000e+00 -1.217879723118153734e-01 3.758475255560611572e-01 0.000000000000000000e+00 2.521000000000000227e+02
3.679397294478722102e+00 -2.446205693355753041e+01 0.000000000000000000e+00 -1.217879723118153734e-01 3.758475255560966843e-01 0.000000000000000000e+00 2.522000000000000171e+02
3.667218497247540565e+00 -2.442447218100192075e+01 0.000000000000000000e+00 -1.217879723118153734e-01 3.758475255560966843e-01 0.000000000000000000e+00 2.523000000000000114e+02
3.655039700016359028e+00 -2.438688742844631463e+01 0.000000000000000000e+00 -1.217879723118153734e-01 3.758475255560611572e-01 0.000000000000000000e+00 2.524000000000000057e+02
3.644083700707537954e+00 -2.435257092652895849e+01 0.000000000000000000e+00 -1.095599930882107387e-01 3.431650191735613475e-01 0.000000000000000000e+00 2.525000000000000000e+02
3.633462625995552031e+00 -2.431914959911865282e+01 0.000000000000000000e+00 -1.062107471198592279e-01 3.342132741030567900e-01 0.000000000000000000e+00 2.526000000000000227e+02
3.622841551283566552e+00 -2.428572827170835069e+01 0.000000000000000000e+00 -1.062107471198547870e-01 3.342132741030212628e-01 0.000000000000000000e+00 2.527000000000000171e+02
3.612220476571580630e+00 -2.425230694429804856e+01 0.000000000000000000e+00 -1.062107471198592279e-01 3.342132741030212628e-01 0.000000000000000000e+00 2.528000000000000114e+02
3.601599401859595151e+00 -2.421888561688774288e+01 0.000000000000000000e+00 -1.062107471198547870e-01 3.342132741030567900e-01 0.000000000000000000e+00 2.529000000000000057e+02
3.590978327147609228e+00 -2.418546428947744076e+01 0.000000000000000000e+00 -1.062107471198592279e-01 3.342132741030212628e-01 0.000000000000000000e+00 2.530000000000000000e+02
3.580357252435623749e+00 -2.415204296206713508e+01 0.000000000000000000e+00 -1.062107471198547870e-01 3.342132741030567900e-01 0.000000000000000000e+00 2.531000000000000227e+02
3.569736177723637827e+00 -2.411862163465683295e+01 0.000000000000000000e+00 -1.062107471198592279e-01 3.342132741030212628e-01 0.000000000000000000e+00 2.532000000000000171e+02
3.562259028211299583e+00 -2.407947865625491346e+01 0.000000000000000000e+00 -7.477149512338243653e-02 3.914297840191949263e-01 0.000000000000000000e+00 2.533000000000000114e+02
3.556368305415372522e+00 -2.403744852901240137e+01 0.000000000000000000e+00 -5.890722795927061384e-02 4.203012724251209420e-01 0.000000000000000000e+00 2.534000000000000057e+02
3.550477582619445460e+00 -2.399541840176988572e+01 0.000000000000000000e+00 -5.890722795927061384e-02 4.203012724251564691e-01 0.000000000000000000e+00 2.535000000000000000e+02
3.544586859823518399e+00 -2.395338827452737362e+01 0.000000000000000000e+00 -5.890722795927061384e-02 4.203012724251209420e-01 0.000000000000000000e+00 2.536000000000000227e+02
3.538696137027591337e+00 -2.391135814728485798e+01 0.000000000000000000e+00 -5.890722795927061384e-02 4.203012724251564691e-01 0.000000000000000000e+00 2.537000000000000171e+02
3.532805414231664276e+00 -2.386932802004234588e+01 0.000000000000000000e+00 -5.890722795927061384e-02 4.203012724251209420e-01 0.000000000000000000e+00 2.538000000000000114e+02
3.526914691435737215e+00 -2.382729789279983024e+01 0.000000000000000000e+00 -5.890722795927061384e-02 4.203012724251564691e-01 0.000000000000000000e+00 2.539000000000000057e+02
3.521023968639810153e+00 -2.378526776555731459e+01 0.000000000000000000e+00 -5.890722795927061384e-02 4.203012724251564691e-01 0.000000000000000000e+00 2.540000000000000000e+02
3.515133245843883092e+00 -2.374323763831480250e+01 0.000000000000000000e+00 -5.890722795927061384e-02 4.203012724251209420e-01 0.000000000000000000e+00 2.541000000000000227e+02
3.509242523047956031e+00 -2.370120751107228685e+01 0.000000000000000000e+00 -5.890722795927061384e-02 4.203012724251564691e-01 0.000000000000000000e+00 2.542000000000000171e+02
3.504441819674061875e+00 -2.365629062746351963e+01 0.000000000000000000e+00 -4.800703373894155135e-02 4.491688360876722186e-01 0.000000000000000000e+00 2.543000000000000114e+02
3.500248774666260054e+00 -2.360976444990881973e+01 0.000000000000000000e+00 -4.193045007801821100e-02 4.652617755469989902e-01 0.000000000000000000e+00 2.544000000000000057e+02
3.496055729658458233e+00 -2.356323827235411983e+01 0.000000000000000000e+00 -4.193045007801821100e-02 4.652617755469989902e-01 0.000000000000000000e+00 2.545000000000000000e+02
3.491862684650656856e+00 -2.351671209479941993e+01 0.000000000000000000e+00 -4.193045007801377011e-02 4.652617755469989902e-01 0.000000000000000000e+00 2.546000000000000227e+02
3.487669639642855035e+00 -2.347018591724472003e+01 0.000000000000000000e+00 -4.193045007801821100e-02 4.652617755469989902e-01 0.000000000000000000e+00 2.547000000000000171e+02
3.483476594635053214e+00 -2.342365973969002013e+01 0.000000000000000000e+00 -4.193045007801821100e-02 4.652617755469989902e-01 0.000000000000000000e+00 2.548000000000000114e+02
3.479283549627251837e+00 -2.337713356213532023e+01 0.000000000000000000e+00 -4.193045007801377011e-02 4.652617755469989902e-01 0.000000000000000000e+00 2.549000000000000057e+02
3.475090504619450016e+00 -2.333060738458062033e+01 0.000000000000000000e+00 -4.193045007801821100e-02 4.652617755469989902e-01 0.000000000000000000e+00 2.550000000000000000e+02
3.470897459611648639e+00 -2.328408120702592399e+01 0.000000000000000000e+00 -4.193045007801377011e-02 4.652617755469634631e-01 0.000000000000000000e+00 2.551000000000000227e+02
3.466704414603846818e+00 -2.323755502947122409e+01 0.000000000000000000e+00 -4.193045007801821100e-02 4.652617755469989902e-01 0.000000000000000000e+00 2.552000000000000171e+02
3.462511369596044997e+00 -2.319102885191652419e+01 0.000000000000000000e+00 -4.193045007801821100e-02 4.652617755469989902e-01 0.000000000000000000e+00 2.553000000000000114e+02
3.458625810396579237e+00 -2.314738818298441103e+01 0.000000000000000000e+00 -3.885559199465760116e-02 4.364066893211315801e-01 0.000000000000000000e+00 2.554000000000000057e+02
3.455524481715694485e+00 -2.311110689084991776e+01 0.000000000000000000e+00 -3.101328680884751776e-02 3.628129213449327040e-01 0.000000000000000000e+00 2.555000000000000000e+02
3.452423153034809733e+00 -2.307482559871542094e+01 0.000000000000000000e+00 -3.101328680884751776e-02 3.628129213449682311e-01 0.000000000000000000e+00 2.556000000000000227e+02
3.449321824353924981e+00 -2.303854430658092767e+01 0.000000000000000000e+00 -3.101328680884751776e-02 3.628129213449327040e-01 0.000000000000000000e+00 2.557000000000000171e+02
3.446220495673040229e+00 -2.300226301444643084e+01 0.000000000000000000e+00 -3.101328680884751776e-02 3.628129213449682311e-01 0.000000000000000000e+00 2.558000000000000114e+02
3.443119166992155034e+00 -2.296598172231193757e+01 0.000000000000000000e+00 -3.101328680885195865e-02 3.628129213449327040e-01 0.000000000000000000e+00 2.559000000000000057e+02
3.440017838311270282e+00 -2.292970043017744075e+01 0.000000000000000000e+00 -3.101328680884751776e-02 3.628129213449682311e-01 0.000000000000000000e+00 2.560000000000000000e+02
3.436916509630385530e+00 -2.289341913804294748e+01 0.000000000000000000e+00 -3.101328680884751776e-02 3.628129213449327040e-01 0.000000000000000000e+00 2.561000000000000227e+02
3.433815180949499890e+00 -2.285713784590844355e+01 0.000000000000000000e+00 -3.101328680885639955e-02 3.628129213450392854e-01 0.000000000000000000e+00 2.561999999999999886e+02
3.432312264031862625e+00 -2.282356356856536550e+01 0.000000000000000000e+00 -1.502916917637264760e-02 3.357427734307805167e-01 0.000000000000000000e+00 2.563000000000000114e+02
3.432322509295738122e+00 -2.279255193027523418e+01 0.000000000000000000e+00 1.024526387549684614e-04 3.101163829013131590e-01 0.000000000000000000e+00 2.564000000000000341e+02
3.432332754559614063e+00 -2.276154029198510287e+01 0.000000000000000000e+00 1.024526387594093535e-04 3.101163829013131590e-01 0.000000000000000000e+00 2.565000000000000000e+02
3.432342999823489560e+00 -2.273052865369497511e+01 0.000000000000000000e+00 1.024526387549684614e-04 3.101163829012776318e-01 0.000000000000000000e+00 2.566000000000000227e+02
3.432353245087365057e+00 -2.269951701540484379e+01 0.000000000000000000e+00 1.024526387549684614e-04 3.101163829013131590e-01 0.000000000000000000e+00 2.566999999999999886e+02
3.432363490351240554e+00 -2.266850537711471247e+01 0.000000000000000000e+00 1.024526387549684614e-04 3.101163829013131590e-01 0.000000000000000000e+00 2.568000000000000114e+02
3.432373735615116495e+00 -2.263749373882458116e+01 0.000000000000000000e+00 1.024526387594093535e-04 3.101163829013131590e-01 0.000000000000000000e+00 2.569000000000000341e+02
3.445071344906514899e+00 -2.260680273160020803e+01 0.000000000000000000e+00 1.269760929139840400e-01 3.069100722437312356e-01 0.000000000000000000e+00 2.570000000000000000e+02
3.482226232506985042e+00 -2.257672980100647919e+01 0.000000000000000000e+00 3.715488760047014338e-01 3.007293059372884159e-01 0.000000000000000000e+00 2.571000000000000227e+02
3.519381120107455185e+00 -2.254665687041274680e+01 0.000000000000000000e+00 3.715488760047014338e-01 3.007293059373239430e-01 0.000000000000000000e+00 2.571999999999999886e+02
3.556536007707925329e+00 -2.251658393981901796e+01 0.000000000000000000e+00 3.715488760047014338e-01 3.007293059372884159e-01 0.000000000000000000e+00 2.573000000000000114e+02
3.593690895308395472e+00 -2.248651100922528556e+01 0.000000000000000000e+00 3.715488760047014338e-01 3.007293059373239430e-01 0.000000000000000000e+00 2.574000000000000341e+02
3.630845782908865615e+00 -2.245643807863155672e+01 0.000000000000000000e+00 3.715488760047014338e-01 3.007293059372884159e-01 0.000000000000000000e+00 2.575000000000000000e+02
3.668000670509335759e+00 -2.242636514803782433e+01 0.000000000000000000e+00 3.715488760047014338e-01 3.007293059373239430e-01 0.000000000000000000e+00 2.576000000000000227e+02
3.705155558109805902e+00 -2.239629221744409548e+01 0.000000000000000000e+00 3.715488760047014338e-01 3.007293059372884159e-01 0.000000000000000000e+00 2.576999999999999886e+02
3.742310445710276046e+00 -2.236621928685036309e+01 0.000000000000000000e+00 3.715488760047014338e-01 3.007293059373239430e-01 0.000000000000000000e+00 2.578000000000000114e+02
3.779465333310746189e+00 -2.233614635625663425e+01 0.000000000000000000e+00 3.715488760047014338e-01 3.007293059372884159e-01 0.000000000000000000e+00 2.579000000000000341e+02
3.816620220911216332e+00 -2.230607342566290185e+01 0.000000000000000000e+00 3.715488760047014338e-01 3.007293059373239430e-01 0.000000000000000000e+00 2.580000000000000000e+02
3.853775108511686476e+00 -2.227600049506917301e+01 0.000000000000000000e+00 3.715488760047014338e-01 3.007293059372884159e-01 0.000000000000000000e+00 2.581000000000000227e+02
3.886602474492964365e+00 -2.225092270161499997e+01 0.000000000000000000e+00 3.282736598127788952e-01 2.507779345417304739e-01 0.000000000000000000e+00 2.581999999999999886e+02
3.916545024945019993e+00 -2.222917477002145503e+01 0.000000000000000000e+00 2.994255045205562737e-01 2.174793159354493355e-01 0.000000000000000000e+00 2.583000000000000114e+02
3.946487575397075176e+00 -2.220742683842791010e+01 0.000000000000000000e+00 2.994255045205518329e-01 2.174793159354493355e-01 0.000000000000000000e+00 2.584000000000000341e+02
3.976430125849130803e+00 -2.218567890683436516e+01 0.000000000000000000e+00 2.994255045205562737e-01 2.174793159354493355e-01 0.000000000000000000e+00 2.585000000000000000e+02
4.006372676301186431e+00 -2.216393097524082023e+01 0.000000000000000000e+00 2.994255045205562737e-01 2.174793159354493355e-01 0.000000000000000000e+00 2.586000000000000227e+02
4.036315226753241170e+00 -2.214218304364727885e+01 0.000000000000000000e+00 2.994255045205473920e-01 2.174793159354138083e-01 0.000000000000000000e+00 2.586999999999999886e+02
4.066257777205296797e+00 -2.212043511205373392e+01 0.000000000000000000e+00 2.994255045205562737e-01 2.174793159354493355e-01 0.000000000000000000e+00 2.588000000000000114e+02
4.096200327657352425e+00 -2.209868718046018898e+01 0.000000000000000000e+00 2.994255045205562737e-01 2.174793159354493355e-01 0.000000000000000000e+00 2.589000000000000341e+02
4.126142878109408052e+00 -2.207693924886664405e+01 0.000000000000000000e+00 2.994255045205562737e-01 2.174793159354493355e-01 0.000000000000000000e+00 2.590000000000000000e+02
4.149674547219434295e+00 -2.205784130648678953e+01 0.000000000000000000e+00 2.353166911002624317e-01 1.909794237985451559e-01 0.000000000000000000e+00 2.591000000000000227e+02
4.171297109931451530e+00 -2.203953250854630141e+01 0.000000000000000000e+00 2.162256271201723479e-01 1.830879794048811959e-01 0.000000000000000000e+00 2.591999999999999886e+02
4.192919672643467877e+00 -2.202122371060581330e+01 0.000000000000000000e+00 2.162256271201634661e-01 1.830879794048811959e-01 0.000000000000000000e+00 2.593000000000000114e+02
4.214542235355485111e+00 -2.200291491266532518e+01 0.000000000000000000e+00 2.162256271201723479e-01 1.830879794048811959e-01 0.000000000000000000e+00 2.594000000000000341e+02
4.236164798067502346e+00 -2.198460611472483706e+01 0.000000000000000000e+00 2.162256271201723479e-01 1.830879794048811959e-01 0.000000000000000000e+00 2.595000000000000000e+02
4.257787360779518693e+00 -2.196629731678434894e+01 0.000000000000000000e+00 2.162256271201634661e-01 1.830879794048811959e-01 0.000000000000000000e+00 2.596000000000000227e+02
4.279409923491535928e+00 -2.194798851884386082e+01 0.000000000000000000e+00 2.162256271201723479e-01 1.830879794048811959e-01 0.000000000000000000e+00 2.596999999999999886e+02
4.283759806156659522e+00 -2.191338045399609413e+01 0.000000000000000000e+00 4.349882665123594450e-02 3.460806484776668412e-01 0.000000000000000000e+00 2.598000000000000114e+02
4.276790915931393933e+00 -2.186809149307994105e+01 0.000000000000000000e+00 -6.968890225265589322e-02 4.528896091615308706e-01 0.000000000000000000e+00 2.599000000000000341e+02
4.269822025706128343e+00 -2.182280253216379151e+01 0.000000000000000000e+00 -6.968890225265589322e-02 4.528896091614953434e-01 0.000000000000000000e+00 2.600000000000000000e+02
4.262853135480862754e+00 -2.177751357124763842e+01 0.000000000000000000e+00 -6.968890225265589322e-02 4.528896091615308706e-01 0.000000000000000000e+00 2.601000000000000227e+02
4.255884245255597165e+00 -2.173222461033148534e+01 0.000000000000000000e+00 -6.968890225265589322e-02 4.528896091615308706e-01 0.000000000000000000e+00 2.601999999999999886e+02
4.248915355030331575e+00 -2.168693564941533225e+01 0.000000000000000000e+00 -6.968890225265589322e-02 4.528896091615308706e-01 0.000000000000000000e+00 2.603000000000000114e+02
4.241946464805065986e+00 -2.164164668849918272e+01 0.000000000000000000e+00 -6.968890225265589322e-02 4.528896091614953434e-01 0.000000000000000000e+00 2.604000000000000341e+02
4.234977574579800397e+00 -2.159635772758302963e+01 0.000000000000000000e+00 -6.968890225265589322e-02 4.528896091615308706e-01 0.000000000000000000e+00 2.605000000000000000e+02
4.228008684354534807e+00 -2.155106876666687654e+01 0.000000000000000000e+00 -6.968890225265589322e-02 4.528896091615308706e-01 0.000000000000000000e+00 2.606000000000000227e+02
4.221039794129269218e+00 -2.150577980575072345e+01 0.000000000000000000e+00 -6.968890225265589322e-02 4.528896091615308706e-01 0.000000000000000000e+00 2.606999999999999886e+02
4.208178631761823496e+00 -2.145678301296223722e+01 0.000000000000000000e+00 -1.286116236744572205e-01 4.899679278848623198e-01 0.000000000000000000e+00 2.608000000000000114e+02
4.194480267474180124e+00 -2.140725939386831200e+01 0.000000000000000000e+00 -1.369836428764337199e-01 4.952361909392521966e-01 0.000000000000000000e+00 2.609000000000000341e+02
4.180781903186535864e+00 -2.135773577477438678e+01 0.000000000000000000e+00 -1.369836428764426017e-01 4.952361909392521966e-01 0.000000000000000000e+00 2.610000000000000000e+02
4.167083538898891604e+00 -2.130821215568046156e+01 0.000000000000000000e+00 -1.369836428764426017e-01 4.952361909392521966e-01 0.000000000000000000e+00 2.611000000000000227e+02
4.153385174611247344e+00 -2.125868853658653279e+01 0.000000000000000000e+00 -1.369836428764426017e-01 4.952361909392877237e-01 0.000000000000000000e+00 2.611999999999999886e+02
4.139686810323603083e+00 -2.120916491749260757e+01 0.000000000000000000e+00 -1.369836428764426017e-01 4.952361909392521966e-01 0.000000000000000000e+00 2.613000000000000114e+02
4.125988446035958823e+00 -2.115964129839868235e+01 0.000000000000000000e+00 -1.369836428764426017e-01 4.952361909392521966e-01 0.000000000000000000e+00 2.614000000000000341e+02
4.112290081748314563e+00 -2.111011767930475713e+01 0.000000000000000000e+00 -1.369836428764426017e-01 4.952361909392521966e-01 0.000000000000000000e+00 2.615000000000000000e+02
4.098591717460670303e+00 -2.106059406021083191e+01 0.000000000000000000e+00 -1.369836428764426017e-01 4.952361909392521966e-01 0.000000000000000000e+00 2.616000000000000227e+02
4.084893353173026043e+00 -2.101107044111690669e+01 0.000000000000000000e+00 -1.369836428764426017e-01 4.952361909392521966e-01 0.000000000000000000e+00 2.616999999999999886e+02
4.071194988885382671e+00 -2.096154682202298147e+01 0.000000000000000000e+00 -1.369836428764337199e-01 4.952361909392521966e-01 0.000000000000000000e+00 2.618000000000000114e+02
4.057613597187446963e+00 -2.091285584502253059e+01 0.000000000000000000e+00 -1.358139169793570744e-01 4.869097700045088573e-01 0.000000000000000000e+00 2.619000000000000341e+02
4.044610118182288439e+00 -2.086827860471505502e+01 0.000000000000000000e+00 -1.300347900515852473e-01 4.457724030747556299e-01 0.000000000000000000e+00 2.620000000000000000e+02
4.031606639177130802e+00 -2.082370136440758301e+01 0.000000000000000000e+00 -1.300347900515763655e-01 4.457724030747201027e-01 0.000000000000000000e+00 2.621000000000000227e+02
4.018603160171972277e+00 -2.077912412410011100e+01 0.000000000000000000e+00 -1.300347900515852473e-01 4.457724030747201027e-01 0.000000000000000000e+00 2.621999999999999886e+02
4.005599681166813752e+00 -2.073454688379263899e+01 0.000000000000000000e+00 -1.300347900515852473e-01 4.457724030747201027e-01 0.000000000000000000e+00 2.623000000000000114e+02
3.992596202161655228e+00 -2.068996964348516698e+01 0.000000000000000000e+00 -1.300347900515852473e-01 4.457724030747201027e-01 0.000000000000000000e+00 2.624000000000000341e+02
3.979592723156497147e+00 -2.064539240317769497e+01 0.000000000000000000e+00 -1.300347900515808064e-01 4.457724030747201027e-01 0.000000000000000000e+00 2.625000000000000000e+02
3.966589244151338622e+00 -2.060081516287022296e+01 0.000000000000000000e+00 -1.300347900515852473e-01 4.457724030747201027e-01 0.000000000000000000e+00 2.626000000000000227e+02
3.953585765146180542e+00 -2.055623792256275095e+01 0.000000000000000000e+00 -1.300347900515808064e-01 4.457724030747201027e-01 0.000000000000000000e+00 2.626999999999999886e+02
3.940582286141022017e+00 -2.051166068225527539e+01 0.000000000000000000e+00 -1.300347900515852473e-01 4.457724030747556299e-01 0.000000000000000000e+00 2.628000000000000114e+02
3.927578807135863936e+00 -2.046708344194780338e+01 0.000000000000000000e+00 -1.300347900515808064e-01 4.457724030747201027e-01 0.000000000000000000e+00 2.629000000000000341e+02
3.915132311254866604e+00 -2.042339663568663966e+01 0.000000000000000000e+00 -1.244649588099733251e-01 4.368680626116372423e-01 0.000000000000000000e+00 2.630000000000000000e+02
3.906035762737417816e+00 -2.038506530081489387e+01 0.000000000000000000e+00 -9.096548517448788118e-02 3.833133487174578136e-01 0.000000000000000000e+00 2.631000000000000227e+02
3.896939214219969028e+00 -2.034673396594314809e+01 0.000000000000000000e+00 -9.096548517448788118e-02 3.833133487174578136e-01 0.000000000000000000e+00 2.631999999999999886e+02
3.887842665702519795e+00 -2.030840263107140586e+01 0.000000000000000000e+00 -9.096548517449232207e-02 3.833133487174222864e-01 0.000000000000000000e+00 2.633000000000000114e+02
3.878746117185071007e+00 -2.027007129619966008e+01 0.000000000000000000e+00 -9.096548517448788118e-02 3.833133487174578136e-01 0.000000000000000000e+00 2.634000000000000341e+02
3.869649568667622219e+00 -2.023173996132791430e+01 0.000000000000000000e+00 -9.096548517448788118e-02 3.833133487174578136e-01 0.000000000000000000e+00 2.635000000000000000e+02
3.860553020150172987e+00 -2.019340862645617207e+01 0.000000000000000000e+00 -9.096548517449232207e-02 3.833133487174222864e-01 0.000000000000000000e+00 2.636000000000000227e+02
3.851456471632724199e+00 -2.015507729158442629e+01 0.000000000000000000e+00 -9.096548517448788118e-02 3.833133487174578136e-01 0.000000000000000000e+00 2.636999999999999886e+02
3.842359923115275411e+00 -2.011674595671268051e+01 0.000000000000000000e+00 -9.096548517448788118e-02 3.833133487174578136e-01 0.000000000000000000e+00 2.638000000000000114e+02
3.833263374597826623e+00 -2.007841462184093828e+01 0.000000000000000000e+00 -9.096548517448788118e-02 3.833133487174222864e-01 0.000000000000000000e+00 2.639000000000000341e+02
3.831667955442508156e+00 -2.003381443102438553e+01 0.000000000000000000e+00 -1.595419155318467119e-02 4.460019081655275386e-01 0.000000000000000000e+00 2.640000000000000000e+02
3.832575791609432514e+00 -1.998712221562718483e+01 0.000000000000000000e+00 9.078361669243584231e-03 4.669221539720069813e-01 0.000000000000000000e+00 2.641000000000000227e+02
3.833483627776356872e+00 -1.994043000022998058e+01 0.000000000000000000e+00 9.078361669243584231e-03 4.669221539720425085e-01 0.000000000000000000e+00 2.641999999999999886e+02
3.834391463943281675e+00 -1.989373778483277988e+01 0.000000000000000000e+00 9.078361669248025123e-03 4.669221539720069813e-01 0.000000000000000000e+00 2.643000000000000114e+02
3.835299300110206033e+00 -1.984704556943557563e+01 0.000000000000000000e+00 9.078361669243584231e-03 4.669221539720425085e-01 0.000000000000000000e+00 2.644000000000000341e+02
3.836207136277130392e+00 -1.980035335403837493e+01 0.000000000000000000e+00 9.078361669243584231e-03 4.669221539720069813e-01 0.000000000000000000e+00 2.645000000000000000e+02
3.837114972444054750e+00 -1.975366113864117423e+01 0.000000000000000000e+00 9.078361669243584231e-03 4.669221539720069813e-01 0.000000000000000000e+00 2.646000000000000227e+02
3.838022808610979109e+00 -1.970696892324396998e+01 0.000000000000000000e+00 9.078361669243584231e-03 4.669221539720425085e-01 0.000000000000000000e+00 2.646999999999999886e+02
3.838930644777903911e+00 -1.966027670784676928e+01 0.000000000000000000e+00 9.078361669248025123e-03 4.669221539720069813e-01 0.000000000000000000e+00 2.648000000000000114e+02
3.839838480944828270e+00 -1.961358449244956859e+01 0.000000000000000000e+00 9.078361669243584231e-03 4.669221539720069813e-01 0.000000000000000000e+00 2.649000000000000341e+02
3.840749645342378837e+00 -1.956680355286546202e+01 0.000000000000000000e+00 9.111643975505678839e-03 4.678093958410656228e-01 0.000000000000000000e+00 2.650000000000000000e+02
3.841687555233226359e+00 -1.951930963019432141e+01 0.000000000000000000e+00 9.379098908475214103e-03 4.749392267114060928e-01 0.000000000000000000e+00 2.651000000000000227e+02
3.842625465124074324e+00 -1.947181570752317725e+01 0.000000000000000000e+00 9.379098908479654995e-03 4.749392267114416200e-01 0.000000000000000000e+00 2.651999999999999886e+02
3.843563375014921846e+00 -1.942432178485203664e+01 0.000000000000000000e+00 9.379098908475214103e-03 4.749392267114060928e-01 0.000000000000000000e+00 2.653000000000000114e+02
3.844501284905769367e+00 -1.937682786218089603e+01 0.000000000000000000e+00 9.379098908475214103e-03 4.749392267114060928e-01 0.000000000000000000e+00 2.654000000000000341e+02
3.845439194796617333e+00 -1.932933393950975187e+01 0.000000000000000000e+00 9.379098908479654995e-03 4.749392267114416200e-01 0.000000000000000000e+00 2.655000000000000000e+02
3.846377104687464854e+00 -1.928184001683861126e+01 0.000000000000000000e+00 9.379098908475214103e-03 4.749392267114060928e-01 0.000000000000000000e+00 2.656000000000000227e+02
3.847315014578312820e+00 -1.923434609416746710e+01 0.000000000000000000e+00 9.379098908479654995e-03 4.749392267114416200e-01 0.000000000000000000e+00 2.656999999999999886e+02
3.848252924469160341e+00 -1.918685217149632649e+01 0.000000000000000000e+00 9.379098908475214103e-03 4.749392267114060928e-01 0.000000000000000000e+00 2.658000000000000114e+02
3.849190834360008306e+00 -1.913935824882518588e+01 0.000000000000000000e+00 9.379098908479654995e-03 4.749392267114060928e-01 0.000000000000000000e+00 2.659000000000000341e+02
3.850128744250855828e+00 -1.909186432615404172e+01 0.000000000000000000e+00 9.379098908475214103e-03 4.749392267114416200e-01 0.000000000000000000e+00 2.660000000000000000e+02
3.851101030619534349e+00 -1.904453285077434543e+01 0.000000000000000000e+00 9.722863686785210291e-03 4.733147537969628615e-01 0.000000000000000000e+00 2.661000000000000227e+02
3.852931903427920357e+00 -1.900125865672190884e+01 0.000000000000000000e+00 1.830872808386008188e-02 4.327419405243659867e-01 0.000000000000000000e+00 2.661999999999999886e+02
3.854762776236306365e+00 -1.895798446266947579e+01 0.000000000000000000e+00 1.830872808386008188e-02 4.327419405243304595e-01 0.000000000000000000e+00 2.663000000000000114e+02
3.856593649044691929e+00 -1.891471026861703919e+01 0.000000000000000000e+00 1.830872808385564099e-02 4.327419405243659867e-01 0.000000000000000000e+00 2.664000000000000341e+02
3.858424521853077938e+00 -1.887143607456460614e+01 0.000000000000000000e+00 1.830872808386008188e-02 4.327419405243304595e-01 0.000000000000000000e+00 2.665000000000000000e+02
3.860255394661463502e+00 -1.882816188051217310e+01 0.000000000000000000e+00 1.830872808385564099e-02 4.327419405243304595e-01 0.000000000000000000e+00 2.666000000000000227e+02
3.862086267469849510e+00 -1.878488768645973650e+01 0.000000000000000000e+00 1.830872808386008188e-02 4.327419405243659867e-01 0.000000000000000000e+00 2.666999999999999886e+02
3.863917140278235518e+00 -1.874161349240730345e+01 0.000000000000000000e+00 1.830872808386008188e-02 4.327419405243304595e-01 0.000000000000000000e+00 2.668000000000000114e+02
3.865748013086621082e+00 -1.869833929835486686e+01 0.000000000000000000e+00 1.830872808385564099e-02 4.327419405243659867e-01 0.000000000000000000e+00 2.669000000000000341e+02
3.867578885895007090e+00 -1.865506510430243381e+01 0.000000000000000000e+00 1.830872808386008188e-02 4.327419405243304595e-01 0.000000000000000000e+00 2.670000000000000000e+02
3.869409758703393099e+00 -1.861179091025000076e+01 0.000000000000000000e+00 1.830872808386008188e-02 4.327419405243304595e-01 0.000000000000000000e+00 2.671000000000000227e+02
3.870447162041578792e+00 -1.857170373657734430e+01 0.000000000000000000e+00 1.037403338185693968e-02 4.008717367265646203e-01 0.000000000000000000e+00 2.671999999999999886e+02
3.870373866032745802e+00 -1.853607775717579642e+01 0.000000000000000000e+00 -7.329600883299036695e-04 3.562597940154788034e-01 0.000000000000000000e+00 2.673000000000000114e+02
3.870300570023913256e+00 -1.850045177777424854e+01 0.000000000000000000e+00 -7.329600883254627774e-04 3.562597940154788034e-01 0.000000000000000000e+00 2.674000000000000341e+02
3.870227274015080265e+00 -1.846482579837270066e+01 0.000000000000000000e+00 -7.329600883299036695e-04 3.562597940154788034e-01 0.000000000000000000e+00 2.675000000000000000e+02
3.870153978006247275e+00 -1.842919981897115633e+01 0.000000000000000000e+00 -7.329600883299036695e-04 3.562597940154432763e-01 0.000000000000000000e+00 2.676000000000000227e+02
3.870080681997414285e+00 -1.839357383956960845e+01 0.000000000000000000e+00 -7.329600883299036695e-04 3.562597940154788034e-01 0.000000000000000000e+00 2.676999999999999886e+02
3.870007385988581294e+00 -1.835794786016806057e+01 0.000000000000000000e+00 -7.329600883299036695e-04 3.562597940154788034e-01 0.000000000000000000e+00 2.678000000000000114e+02
3.869934089979748748e+00 -1.832232188076651269e+01 0.000000000000000000e+00 -7.329600883254627774e-04 3.562597940154788034e-01 0.000000000000000000e+00 2.679000000000000341e+02
3.869860793970915758e+00 -1.828669590136496836e+01 0.000000000000000000e+00 -7.329600883299036695e-04 3.562597940154432763e-01 0.000000000000000000e+00 2.680000000000000000e+02
3.857258158776193824e+00 -1.824708639475646166e+01 0.000000000000000000e+00 -1.260263519472193394e-01 3.960950660850670602e-01 0.000000000000000000e+00 2.681000000000000227e+02
3.836010445279828485e+00 -1.820472830706878042e+01 0.000000000000000000e+00 -2.124771349636533913e-01 4.235808768768123400e-01 0.000000000000000000e+00 2.681999999999999886e+02
3.814762731783462701e+00 -1.816237021938109919e+01 0.000000000000000000e+00 -2.124771349636578321e-01 4.235808768768123400e-01 0.000000000000000000e+00 2.683000000000000114e+02
3.793515018287097362e+00 -1.812001213169341796e+01 0.000000000000000000e+00 -2.124771349636533913e-01 4.235808768768123400e-01 0.000000000000000000e+00 2.684000000000000341e+02
3.772267304790731579e+00 -1.807765404400573672e+01 0.000000000000000000e+00 -2.124771349636578321e-01 4.235808768768123400e-01 0.000000000000000000e+00 2.685000000000000000e+02
3.751019591294366240e+00 -1.803529595631805549e+01 0.000000000000000000e+00 -2.124771349636533913e-01 4.235808768768123400e-01 0.000000000000000000e+00 2.686000000000000227e+02
3.729771877798000901e+00 -1.799293786863037425e+01 0.000000000000000000e+00 -2.124771349636533913e-01 4.235808768768123400e-01 0.000000000000000000e+00 2.686999999999999886e+02
3.708524164301635118e+00 -1.795057978094269302e+01 0.000000000000000000e+00 -2.124771349636578321e-01 4.235808768768123400e-01 0.000000000000000000e+00 2.688000000000000114e+02
3.687276450805269778e+00 -1.790822169325501534e+01 0.000000000000000000e+00 -2.124771349636533913e-01 4.235808768767768129e-01 0.000000000000000000e+00 2.689000000000000341e+02
3.666028737308904439e+00 -1.786586360556733410e+01 0.000000000000000000e+00 -2.124771349636533913e-01 4.235808768768123400e-01 0.000000000000000000e+00 2.690000000000000000e+02
3.644781023812538656e+00 -1.782350551787965287e+01 0.000000000000000000e+00 -2.124771349636578321e-01 4.235808768768123400e-01 0.000000000000000000e+00 2.691000000000000227e+02
3.628911409591033088e+00 -1.778964003970604324e+01 0.000000000000000000e+00 -1.586961422150556800e-01 3.386547817360963109e-01 0.000000000000000000e+00 2.691999999999999886e+02
3.613436434395508989e+00 -1.775639773990371140e+01 0.000000000000000000e+00 -1.547497519552409884e-01 3.324229980233184278e-01 0.000000000000000000e+00 2.693000000000000114e+02
3.597961459199984890e+00 -1.772315544010137955e+01 0.000000000000000000e+00 -1.547497519552409884e-01 3.324229980233184278e-01 0.000000000000000000e+00 2.694000000000000341e+02
3.582486484004461236e+00 -1.768991314029904771e+01 0.000000000000000000e+00 -1.547497519552365475e-01 3.324229980233184278e-01 0.000000000000000000e+00 2.695000000000000000e+02
3.567011508808937137e+00 -1.765667084049671587e+01 0.000000000000000000e+00 -1.547497519552409884e-01 3.324229980233184278e-01 0.000000000000000000e+00 2.696000000000000227e+02
3.551536533613413038e+00 -1.762342854069438403e+01 0.000000000000000000e+00 -1.547497519552409884e-01 3.324229980233184278e-01 0.000000000000000000e+00 2.696999999999999886e+02
3.536061558417889383e+00 -1.759018624089205218e+01 0.000000000000000000e+00 -1.547497519552365475e-01 3.324229980233184278e-01 0.000000000000000000e+00 2.698000000000000114e+02
3.520586583222365284e+00 -1.755694394108972034e+01 0.000000000000000000e+00 -1.547497519552409884e-01 3.324229980233184278e-01 0.000000000000000000e+00 2.699000000000000341e+02
3.507307877081776937e+00 -1.752360889280511458e+01 0.000000000000000000e+00 -1.327870614058834775e-01 3.333504828460576164e-01 0.000000000000000000e+00 2.700000000000000000e+02
3.515910136356370952e+00 -1.748934981095166208e+01 0.000000000000000000e+00 8.602259274594015181e-02 3.425908185345249990e-01 0.000000000000000000e+00 2.701000000000000227e+02
3.524512395630964967e+00 -1.745509072909821313e+01 0.000000000000000000e+00 8.602259274594015181e-02 3.425908185344894719e-01 0.000000000000000000e+00 2.701999999999999886e+02
3.533114654905558538e+00 -1.742083164724476063e+01 0.000000000000000000e+00 8.602259274593571092e-02 3.425908185345249990e-01 0.000000000000000000e+00 2.703000000000000114e+02
3.541716914180152553e+00 -1.738657256539131168e+01 0.000000000000000000e+00 8.602259274594015181e-02 3.425908185344894719e-01 0.000000000000000000e+00 2.704000000000000341e+02
3.550319173454746569e+00 -1.735231348353785918e+01 0.000000000000000000e+00 8.602259274594015181e-02 3.425908185345249990e-01 0.000000000000000000e+00 2.705000000000000000e+02
3.558921432729340584e+00 -1.731805440168441024e+01 0.000000000000000000e+00 8.602259274594015181e-02 3.425908185344894719e-01 0.000000000000000000e+00 2.706000000000000227e+02
3.567523692003934155e+00 -1.728379531983096129e+01 0.000000000000000000e+00 8.602259274593571092e-02 3.425908185344894719e-01 0.000000000000000000e+00 2.706999999999999886e+02
3.577809319096390883e+00 -1.724840056000446253e+01 0.000000000000000000e+00 1.028562709245672835e-01 3.539475982649875618e-01 0.000000000000000000e+00 2.708000000000000114e+02
3.590720658138085053e+00 -1.721123437316559190e+01 0.000000000000000000e+00 1.291133904169416979e-01 3.716618683887062957e-01 0.000000000000000000e+00 2.709000000000000341e+02
3.603631997179779223e+00 -1.717406818632672127e+01 0.000000000000000000e+00 1.291133904169416979e-01 3.716618683887062957e-01 0.000000000000000000e+00 2.710000000000000000e+02
3.616543336221473393e+00 -1.713690199948785420e+01 0.000000000000000000e+00 1.291133904169416979e-01 3.716618683886707686e-01 0.000000000000000000e+00 2.711000000000000227e+02
3.629454675263167562e+00 -1.709973581264898357e+01 0.000000000000000000e+00 1.291133904169416979e-01 3.716618683887062957e-01 0.000000000000000000e+00 2.711999999999999886e+02
3.642366014304861732e+00 -1.706256962581011294e+01 0.000000000000000000e+00 1.291133904169416979e-01 3.716618683887062957e-01 0.000000000000000000e+00 2.713000000000000114e+02
3.655277353346555902e+00 -1.702540343897124231e+01 0.000000000000000000e+00 1.291133904169416979e-01 3.716618683887062957e-01 0.000000000000000000e+00 2.714000000000000341e+02
3.668188692388250072e+00 -1.698823725213237523e+01 0.000000000000000000e+00 1.291133904169416979e-01 3.716618683886707686e-01 0.000000000000000000e+00 2.715000000000000000e+02
3.681100031429944242e+00 -1.695107106529350460e+01 0.000000000000000000e+00 1.291133904169416979e-01 3.716618683887062957e-01 0.000000000000000000e+00 2.716000000000000227e+02
3.694696155776088009e+00 -1.691264692451634843e+01 0.000000000000000000e+00 1.359612434614376753e-01 3.842414077715616827e-01 0.000000000000000000e+00 2.716999999999999886e+02
3.709229757325330112e+00 -1.687250063355281071e+01 0.000000000000000000e+00 1.453360154924210335e-01 4.014629096353772297e-01 0.000000000000000000e+00 2.718000000000000114e+02
3.723763358874571772e+00 -1.683235434258926944e+01 0.000000000000000000e+00 1.453360154924165926e-01 4.014629096354127569e-01 0.000000000000000000e+00 2.719000000000000341e+02
3.738296960423813431e+00 -1.679220805162573171e+01 0.000000000000000000e+00 1.453360154924165926e-01 4.014629096353772297e-01 0.000000000000000000e+00 2.720000000000000000e+02
3.752830561973055090e+00 -1.675206176066219044e+01 0.000000000000000000e+00 1.453360154924165926e-01 4.014629096354127569e-01 0.000000000000000000e+00 2.721000000000000227e+02
3.767364163522297194e+00 -1.671191546969865271e+01 0.000000000000000000e+00 1.453360154924210335e-01 4.014629096353772297e-01 0.000000000000000000e+00 2.721999999999999886e+02
3.781897765071538853e+00 -1.667176917873511144e+01 0.000000000000000000e+00 1.453360154924165926e-01 4.014629096354127569e-01 0.000000000000000000e+00 2.723000000000000114e+02
3.796431366620780512e+00 -1.663162288777157372e+01 0.000000000000000000e+00 1.453360154924165926e-01 4.014629096353772297e-01 0.000000000000000000e+00 2.724000000000000341e+02
3.810964968170022615e+00 -1.659147659680803244e+01 0.000000000000000000e+00 1.453360154924210335e-01 4.014629096354127569e-01 0.000000000000000000e+00 2.725000000000000000e+02
3.825498569719264275e+00 -1.655133030584449472e+01 0.000000000000000000e+00 1.453360154924165926e-01 4.014629096353772297e-01 0.000000000000000000e+00 2.726000000000000227e+02
3.838669498662974799e+00 -1.651399117730855792e+01 0.000000000000000000e+00 1.317092894371052481e-01 3.733912853593679415e-01 0.000000000000000000e+00 2.726999999999999886e+02
3.850858053845114259e+00 -1.647867577971294750e+01 0.000000000000000000e+00 1.218855518213945999e-01 3.531539759561042047e-01 0.000000000000000000e+00 2.728000000000000114e+02
3.863046609027253275e+00 -1.644336038211733708e+01 0.000000000000000000e+00 1.218855518213901590e-01 3.531539759561042047e-01 0.000000000000000000e+00 2.729000000000000341e+02
3.875235164209392735e+00 -1.640804498452173021e+01 0.000000000000000000e+00 1.218855518213945999e-01 3.531539759560686775e-01 0.000000000000000000e+00 2.730000000000000000e+02
3.887423719391531751e+00 -1.637272958692611979e+01 0.000000000000000000e+00 1.218855518213901590e-01 3.531539759561042047e-01 0.000000000000000000e+00 2.731000000000000227e+02
3.899612274573671211e+00 -1.633741418933050937e+01 0.000000000000000000e+00 1.218855518213945999e-01 3.531539759561042047e-01 0.000000000000000000e+00 2.731999999999999886e+02
3.911800829755810227e+00 -1.630209879173489895e+01 0.000000000000000000e+00 1.218855518213901590e-01 3.531539759561042047e-01 0.000000000000000000e+00 2.733000000000000114e+02
3.923989384937949687e+00 -1.626678339413928853e+01 0.000000000000000000e+00 1.218855518213945999e-01 3.531539759561042047e-01 0.000000000000000000e+00 2.734000000000000341e+02
3.936177940120088703e+00 -1.623146799654368166e+01 0.000000000000000000e+00 1.218855518213901590e-01 3.531539759560686775e-01 0.000000000000000000e+00 2.735000000000000000e+02
3.942945277343868682e+00 -1.618979949273726149e+01 0.000000000000000000e+00 6.767337223779978927e-02 4.166850380642017626e-01 0.000000000000000000e+00 2.736000000000000227e+02
3.945468414159759352e+00 -1.614315722543740250e+01 0.000000000000000000e+00 2.523136815890669737e-02 4.664226729985898601e-01 0.000000000000000000e+00 2.736999999999999886e+02
3.947991550975650021e+00 -1.609651495813754707e+01 0.000000000000000000e+00 2.523136815890669737e-02 4.664226729985543329e-01 0.000000000000000000e+00 2.738000000000000114e+02
3.950514687791540691e+00 -1.604987269083768808e+01 0.000000000000000000e+00 2.523136815890669737e-02 4.664226729985898601e-01 0.000000000000000000e+00 2.739000000000000341e+02
3.953037824607431361e+00 -1.600323042353782910e+01 0.000000000000000000e+00 2.523136815890669737e-02 4.664226729985898601e-01 0.000000000000000000e+00 2.740000000000000000e+02
3.955560961423322031e+00 -1.595658815623797011e+01 0.000000000000000000e+00 2.523136815890669737e-02 4.664226729985898601e-01 0.000000000000000000e+00 2.741000000000000227e+02
3.958084098239212256e+00 -1.590994588893811290e+01 0.000000000000000000e+00 2.523136815890225648e-02 4.664226729985720965e-01 0.000000000000000000e+00 2.741999999999999886e+02
3.960607235055102926e+00 -1.586330362163825392e+01 0.000000000000000000e+00 2.523136815890669737e-02 4.664226729985898601e-01 0.000000000000000000e+00 2.743000000000000114e+02
3.963130371870993596e+00 -1.581666135433839493e+01 0.000000000000000000e+00 2.523136815890669737e-02 4.664226729985898601e-01 0.000000000000000000e+00 2.744000000000000341e+02
3.965653508686884265e+00 -1.577001908703853772e+01 0.000000000000000000e+00 2.523136815890669737e-02 4.664226729985720965e-01 0.000000000000000000e+00 2.745000000000000000e+02
3.968176645502774935e+00 -1.572337681973867873e+01 0.000000000000000000e+00 2.523136815890669737e-02 4.664226729985898601e-01 0.000000000000000000e+00 2.746000000000000227e+02
3.969174362572019277e+00 -1.567325210894676779e+01 0.000000000000000000e+00 9.977170692443415589e-03 5.012471079191094248e-01 0.000000000000000000e+00 2.746999999999999886e+02
3.970046830316110942e+00 -1.562284146131798046e+01 0.000000000000000000e+00 8.724677440916650539e-03 5.041064762878733063e-01 0.000000000000000000e+00 2.748000000000000114e+02
3.970919298060202607e+00 -1.557243081368919491e+01 0.000000000000000000e+00 8.724677440916650539e-03 5.041064762878555428e-01 0.000000000000000000e+00 2.749000000000000341e+02
3.971791765804294272e+00 -1.552202016606040935e+01 0.000000000000000000e+00 8.724677440916650539e-03 5.041064762878555428e-01 0.000000000000000000e+00 2.750000000000000000e+02
3.972664233548385937e+00 -1.547160951843162202e+01 0.000000000000000000e+00 8.724677440916650539e-03 5.041064762878733063e-01 0.000000000000000000e+00 2.751000000000000227e+02
3.973536701292477602e+00 -1.542119887080283647e+01 0.000000000000000000e+00 8.724677440916650539e-03 5.041064762878555428e-01 0.000000000000000000e+00 2.751999999999999886e+02
3.974409169036569267e+00 -1.537078822317405091e+01 0.000000000000000000e+00 8.724677440916650539e-03 5.041064762878555428e-01 0.000000000000000000e+00 2.753000000000000114e+02
3.975281636780660932e+00 -1.532037757554526536e+01 0.000000000000000000e+00 8.724677440916650539e-03 5.041064762878555428e-01 0.000000000000000000e+00 2.754000000000000341e+02
3.976154104524752597e+00 -1.526996692791647803e+01 0.000000000000000000e+00 8.724677440916650539e-03 5.041064762878733063e-01 0.000000000000000000e+00 2.755000000000000000e+02
3.977026572268844262e+00 -1.521955628028769247e+01 0.000000000000000000e+00 8.724677440916650539e-03 5.041064762878555428e-01 0.000000000000000000e+00 2.756000000000000227e+02
3.977899040012935927e+00 -1.516914563265890692e+01 0.000000000000000000e+00 8.724677440916650539e-03 5.041064762878555428e-01 0.000000000000000000e+00 2.756999999999999886e+02
3.978916040245831898e+00 -1.511919431254850110e+01 0.000000000000000000e+00 1.017000232895970413e-02 4.995132011040581688e-01 0.000000000000000000e+00 2.758000000000000114e+02
3.980396125372763549e+00 -1.507071468670515024e+01 0.000000000000000000e+00 1.480085126931651729e-02 4.847962584335085978e-01 0.000000000000000000e+00 2.759000000000000341e+02
3.981876210499695201e+00 -1.502223506086179761e+01 0.000000000000000000e+00 1.480085126931651729e-02 4.847962584335263614e-01 0.000000000000000000e+00 2.760000000000000000e+02
3.983356295626626853e+00 -1.497375543501844675e+01 0.000000000000000000e+00 1.480085126931651729e-02 4.847962584335085978e-01 0.000000000000000000e+00 2.761000000000000227e+02
3.984836380753558505e+00 -1.492527580917509589e+01 0.000000000000000000e+00 1.480085126931651729e-02 4.847962584335085978e-01 0.000000000000000000e+00 2.761999999999999886e+02
3.986316465880490156e+00 -1.487679618333174325e+01 0.000000000000000000e+00 1.480085126931651729e-02 4.847962584335263614e-01 0.000000000000000000e+00 2.763000000000000114e+02
3.987796551007421808e+00 -1.482831655748839239e+01 0.000000000000000000e+00 1.480085126931651729e-02 4.847962584335085978e-01 0.000000000000000000e+00 2.764000000000000341e+02
3.989276636134353460e+00 -1.477983693164504153e+01 0.000000000000000000e+00 1.480085126931651729e-02 4.847962584335085978e-01 0.000000000000000000e+00 2.765000000000000000e+02
3.990756721261285112e+00 -1.473135730580169067e+01 0.000000000000000000e+00 1.480085126931651729e-02 4.847962584335085978e-01 0.000000000000000000e+00 2.766000000000000227e+02
3.992236806388216763e+00 -1.468287767995833804e+01 0.000000000000000000e+00 1.480085126931651729e-02 4.847962584335263614e-01 0.000000000000000000e+00 2.766999999999999886e+02
3.993716891515148415e+00 -1.463439805411498718e+01 0.000000000000000000e+00 1.480085126931651729e-02 4.847962584335085978e-01 0.000000000000000000e+00 2.768000000000000114e+02
3.995151007063443060e+00 -1.458585796594337403e+01 0.000000000000000000e+00 1.434115548294645492e-02 4.854008817161314937e-01 0.000000000000000000e+00 2.769000000000000341e+02
3.995442964291250121e+00 -1.453581563317113456e+01 0.000000000000000000e+00 2.919572278070603488e-03 5.004233277223946175e-01 0.000000000000000000e+00 2.770000000000000000e+02
3.995734921519056737e+00 -1.448577330039889510e+01 0.000000000000000000e+00 2.919572278066162596e-03 5.004233277223946175e-01 0.000000000000000000e+00 2.771000000000000227e+02
3.996026878746863797e+00 -1.443573096762665386e+01 0.000000000000000000e+00 2.919572278070603488e-03 5.004233277224123810e-01 0.000000000000000000e+00 2.771999999999999886e+02
3.996318835974670858e+00 -1.438568863485441440e+01 0.000000000000000000e+00 2.919572278070603488e-03 5.004233277223946175e-01 0.000000000000000000e+00 2.773000000000000114e+02
3.996610793202477474e+00 -1.433564630208217494e+01 0.000000000000000000e+00 2.919572278066162596e-03 5.004233277223946175e-01 0.000000000000000000e+00 2.774000000000000341e+02
3.996902750430284534e+00 -1.428560396930993548e+01 0.000000000000000000e+00 2.919572278070603488e-03 5.004233277223946175e-01 0.000000000000000000e+00 2.775000000000000000e+02
3.997194707658091151e+00 -1.423556163653769602e+01 0.000000000000000000e+00 2.919572278066162596e-03 5.004233277223946175e-01 0.000000000000000000e+00 2.776000000000000227e+02
3.997486664885898211e+00 -1.418551930376545656e+01 0.000000000000000000e+00 2.919572278070603488e-03 5.004233277223946175e-01 0.000000000000000000e+00 2.776999999999999886e+02
3.997778622113705271e+00 -1.413547697099321532e+01 0.000000000000000000e+00 2.919572278070603488e-03 5.004233277224123810e-01 0.000000000000000000e+00 2.778000000000000114e+02
3.998070579341511888e+00 -1.408543463822097586e+01 0.000000000000000000e+00 2.919572278066162596e-03 5.004233277223946175e-01 0.000000000000000000e+00 2.779000000000000341e+02
3.998362536569318948e+00 -1.403539230544873639e+01 0.000000000000000000e+00 2.919572278070603488e-03 5.004233277223946175e-01 0.000000000000000000e+00 2.780000000000000000e+02
3.992431264519929801e+00 -1.399204648402549189e+01 0.000000000000000000e+00 -5.931272049389146872e-02 4.334582142324450160e-01 0.000000000000000000e+00 2.781000000000000227e+02
3.984944077195379908e+00 -1.395037490660549473e+01 0.000000000000000000e+00 -7.487187324549893219e-02 4.167157741999716336e-01 0.000000000000000000e+00 2.781999999999999886e+02
3.977456889870830459e+00 -1.390870332918549757e+01 0.000000000000000000e+00 -7.487187324549449130e-02 4.167157741999716336e-01 0.000000000000000000e+00 2.783000000000000114e+02
3.969969702546280566e+00 -1.386703175176550218e+01 0.000000000000000000e+00 -7.487187324549893219e-02 4.167157741999538700e-01 0.000000000000000000e+00 2.784000000000000341e+02
3.962482515221730672e+00 -1.382536017434550502e+01 0.000000000000000000e+00 -7.487187324549893219e-02 4.167157741999716336e-01 0.000000000000000000e+00 2.785000000000000000e+02
3.954995327897181223e+00 -1.378368859692550785e+01 0.000000000000000000e+00 -7.487187324549449130e-02 4.167157741999716336e-01 0.000000000000000000e+00 2.786000000000000227e+02
3.947508140572631330e+00 -1.374201701950551247e+01 0.000000000000000000e+00 -7.487187324549893219e-02 4.167157741999538700e-01 0.000000000000000000e+00 2.786999999999999886e+02
3.940020953248081881e+00 -1.370034544208551530e+01 0.000000000000000000e+00 -7.487187324549449130e-02 4.167157741999716336e-01 0.000000000000000000e+00 2.788000000000000114e+02
3.932533765923531988e+00 -1.365867386466551814e+01 0.000000000000000000e+00 -7.487187324549893219e-02 4.167157741999716336e-01 0.000000000000000000e+00 2.789000000000000341e+02
3.925046578598982538e+00 -1.361700228724552275e+01 0.000000000000000000e+00 -7.487187324549449130e-02 4.167157741999538700e-01 0.000000000000000000e+00 2.790000000000000000e+02
3.922889949575002255e+00 -1.357843492789959328e+01 0.000000000000000000e+00 -2.156629023980283222e-02 3.856735934592947501e-01 0.000000000000000000e+00 2.791000000000000227e+02
3.922260809543072657e+00 -1.354075709244022541e+01 0.000000000000000000e+00 -6.291400319295981092e-03 3.767783545936786993e-01 0.000000000000000000e+00 2.791999999999999886e+02
3.921631669511142615e+00 -1.350307925698085754e+01 0.000000000000000000e+00 -6.291400319300421984e-03 3.767783545936786993e-01 0.000000000000000000e+00 2.793000000000000114e+02
3.921002529479213017e+00 -1.346540142152149144e+01 0.000000000000000000e+00 -6.291400319295981092e-03 3.767783545936609357e-01 0.000000000000000000e+00 2.794000000000000341e+02
3.920373389447283419e+00 -1.342772358606212357e+01 0.000000000000000000e+00 -6.291400319295981092e-03 3.767783545936786993e-01 0.000000000000000000e+00 2.795000000000000000e+02
3.919744249415353377e+00 -1.339004575060275570e+01 0.000000000000000000e+00 -6.291400319300421984e-03 3.767783545936786993e-01 0.000000000000000000e+00 2.796000000000000227e+02
3.919115109383423778e+00 -1.335236791514338783e+01 0.000000000000000000e+00 -6.291400319295981092e-03 3.767783545936786993e-01 0.000000000000000000e+00 2.796999999999999886e+02
3.918485969351493736e+00 -1.331469007968401996e+01 0.000000000000000000e+00 -6.291400319300421984e-03 3.767783545936786993e-01 0.000000000000000000e+00 2.798000000000000114e+02
3.917856829319564138e+00 -1.327701224422465387e+01 0.000000000000000000e+00 -6.291400319295981092e-03 3.767783545936609357e-01 0.000000000000000000e+00 2.799000000000000341e+02
3.918466828771231203e+00 -1.323425499330043031e+01 0.000000000000000000e+00 6.099994516670648181e-03 4.275725092422355544e-01 0.000000000000000000e+00 2.800000000000000000e+02
3.919586107713711964e+00 -1.318941013064579515e+01 0.000000000000000000e+00 1.119278942480761430e-02 4.484486265463516474e-01 0.000000000000000000e+00 2.801000000000000227e+02
3.920705386656192726e+00 -1.314456526799116176e+01 0.000000000000000000e+00 1.119278942480761430e-02 4.484486265463338839e-01 0.000000000000000000e+00 2.801999999999999886e+02
3.921824665598673487e+00 -1.309972040533652660e+01 0.000000000000000000e+00 1.119278942480761430e-02 4.484486265463516474e-01 0.000000000000000000e+00 2.803000000000000114e+02
3.922943944541154249e+00 -1.305487554268189321e+01 0.000000000000000000e+00 1.119278942480761430e-02 4.484486265463338839e-01 0.000000000000000000e+00 2.804000000000000341e+02
3.924063223483635010e+00 -1.301003068002725804e+01 0.000000000000000000e+00 1.119278942480761430e-02 4.484486265463516474e-01 0.000000000000000000e+00 2.805000000000000000e+02
3.925182502426115771e+00 -1.296518581737262465e+01 0.000000000000000000e+00 1.119278942480761430e-02 4.484486265463338839e-01 0.000000000000000000e+00 2.806000000000000227e+02
3.926301781368596533e+00 -1.292034095471798949e+01 0.000000000000000000e+00 1.119278942480761430e-02 4.484486265463516474e-01 0.000000000000000000e+00 2.806999999999999886e+02
3.927421060311077294e+00 -1.287549609206335610e+01 0.000000000000000000e+00 1.119278942480761430e-02 4.484486265463338839e-01 0.000000000000000000e+00 2.808000000000000114e+02
3.928540339253558056e+00 -1.283065122940872094e+01 0.000000000000000000e+00 1.119278942480761430e-02 4.484486265463516474e-01 0.000000000000000000e+00 2.809000000000000341e+02
3.929846703689385823e+00 -1.278628473635882834e+01 0.000000000000000000e+00 1.306364435827767068e-02 4.436649304989259690e-01 0.000000000000000000e+00 2.810000000000000000e+02
3.932124498742104457e+00 -1.274440214984771558e+01 0.000000000000000000e+00 2.277795052718634139e-02 4.188258651111276265e-01 0.000000000000000000e+00 2.811000000000000227e+02
3.934402293794823535e+00 -1.270251956333660104e+01 0.000000000000000000e+00 2.277795052719078228e-02 4.188258651111453901e-01 0.000000000000000000e+00 2.811999999999999886e+02
3.936680088847542169e+00 -1.266063697682548828e+01 0.000000000000000000e+00 2.277795052718634139e-02 4.188258651111276265e-01 0.000000000000000000e+00 2.813000000000000114e+02
3.938957883900260804e+00 -1.261875439031437551e+01 0.000000000000000000e+00 2.277795052718634139e-02 4.188258651111276265e-01 0.000000000000000000e+00 2.814000000000000341e+02
3.941235678952979438e+00 -1.257687180380326097e+01 0.000000000000000000e+00 2.277795052718634139e-02 4.188258651111453901e-01 0.000000000000000000e+00 2.815000000000000000e+02
3.943513474005698516e+00 -1.253498921729214821e+01 0.000000000000000000e+00 2.277795052719078228e-02 4.188258651111276265e-01 0.000000000000000000e+00 2.816000000000000227e+02
3.945791269058417150e+00 -1.249310663078103545e+01 0.000000000000000000e+00 2.277795052718634139e-02 4.188258651111276265e-01 0.000000000000000000e+00 2.816999999999999886e+02
3.948069064111135784e+00 -1.245122404426992269e+01 0.000000000000000000e+00 2.277795052718634139e-02 4.188258651111276265e-01 0.000000000000000000e+00 2.818000000000000114e+02
3.950346859163854418e+00 -1.240934145775880815e+01 0.000000000000000000e+00 2.277795052718634139e-02 4.188258651111453901e-01 0.000000000000000000e+00 2.819000000000000341e+02
3.960693204230284259e+00 -1.237023040418590725e+01 0.000000000000000000e+00 1.034634506642984064e-01 3.911105357290090012e-01 0.000000000000000000e+00 2.820000000000000000e+02
3.971317419458153530e+00 -1.233121479853161162e+01 0.000000000000000000e+00 1.062421522786927142e-01 3.901560565429562644e-01 0.000000000000000000e+00 2.821000000000000227e+02
3.981941634686023246e+00 -1.229219919287731599e+01 0.000000000000000000e+00 1.062421522786971551e-01 3.901560565429562644e-01 0.000000000000000000e+00 2.821999999999999886e+02
3.992565849913892517e+00 -1.225318358722302037e+01 0.000000000000000000e+00 1.062421522786927142e-01 3.901560565429562644e-01 0.000000000000000000e+00 2.823000000000000114e+02
4.003190065141762233e+00 -1.221416798156872474e+01 0.000000000000000000e+00 1.062421522786971551e-01 3.901560565429562644e-01 0.000000000000000000e+00 2.824000000000000341e+02
4.013814280369631504e+00 -1.217515237591442911e+01 0.000000000000000000e+00 1.062421522786927142e-01 3.901560565429562644e-01 0.000000000000000000e+00 2.825000000000000000e+02
4.024438495597500776e+00 -1.213613677026013526e+01 0.000000000000000000e+00 1.062421522786927142e-01 3.901560565429385008e-01 0.000000000000000000e+00 2.826000000000000227e+02
4.035062710825370047e+00 -1.209712116460583964e+01 0.000000000000000000e+00 1.062421522786927142e-01 3.901560565429562644e-01 0.000000000000000000e+00 2.826999999999999886e+02
4.072079200179904213e+00 -1.207592417208574886e+01 0.000000000000000000e+00 3.701648935453416556e-01 2.119699252009077384e-01 0.000000000000000000e+00 2.828000000000000114e+02
4.119666050128197199e+00 -1.206186370615693804e+01 0.000000000000000000e+00 4.758684994829298631e-01 1.406046592881082802e-01 0.000000000000000000e+00 2.829000000000000341e+02
4.167252900076491073e+00 -1.204780324022812543e+01 0.000000000000000000e+00 4.758684994829387449e-01 1.406046592881260437e-01 0.000000000000000000e+00 2.830000000000000000e+02
4.214839750024784060e+00 -1.203374277429931460e+01 0.000000000000000000e+00 4.758684994829298631e-01 1.406046592881082802e-01 0.000000000000000000e+00 2.831000000000000227e+02
4.262426599973077046e+00 -1.201968230837050378e+01 0.000000000000000000e+00 4.758684994829298631e-01 1.406046592881082802e-01 0.000000000000000000e+00 2.831999999999999886e+02
4.310013449921370920e+00 -1.200562184244169117e+01 0.000000000000000000e+00 4.758684994829387449e-01 1.406046592881260437e-01 0.000000000000000000e+00 2.833000000000000114e+02
4.357600299869663907e+00 -1.199156137651288034e+01 0.000000000000000000e+00 4.758684994829298631e-01 1.406046592881082802e-01 0.000000000000000000e+00 2.834000000000000341e+02
4.405187149817957781e+00 -1.197750091058406952e+01 0.000000000000000000e+00 4.758684994829387449e-01 1.406046592881082802e-01 0.000000000000000000e+00 2.835000000000000000e+02
4.452773999766250768e+00 -1.196344044465525691e+01 0.000000000000000000e+00 4.758684994829298631e-01 1.406046592881260437e-01 0.000000000000000000e+00 2.836000000000000227e+02
4.500360849714543754e+00 -1.194937997872644608e+01 0.000000000000000000e+00 4.758684994829298631e-01 1.406046592881082802e-01 0.000000000000000000e+00 2.836999999999999886e+02
4.547947699662837628e+00 -1.193531951279763526e+01 0.000000000000000000e+00 4.758684994829387449e-01 1.406046592881082802e-01 0.000000000000000000e+00 2.838000000000000114e+02
4.595534549611130615e+00 -1.192125904686882265e+01 0.000000000000000000e+00 4.758684994829298631e-01 1.406046592881260437e-01 0.000000000000000000e+00 2.839000000000000341e+02
4.643121399559423601e+00 -1.190719858094001182e+01 0.000000000000000000e+00 4.758684994829298631e-01 1.406046592881082802e-01 0.000000000000000000e+00 2.840000000000000000e+02
4.686571481133241512e+00 -1.189704174473547127e+01 0.000000000000000000e+00 4.345008157381791136e-01 1.015683620454055358e-01 0.000000000000000000e+00 2.841000000000000227e+02
4.727041279915723315e+00 -1.188969722951142494e+01 0.000000000000000000e+00 4.046979878248180285e-01 7.344515224046332946e-02 0.000000000000000000e+00 2.841999999999999886e+02
4.767511078698205118e+00 -1.188235271428738038e+01 0.000000000000000000e+00 4.046979878248180285e-01 7.344515224044556589e-02 0.000000000000000000e+00 2.843000000000000114e+02
4.807980877480686921e+00 -1.187500819906333582e+01 0.000000000000000000e+00 4.046979878248180285e-01 7.344515224044556589e-02 0.000000000000000000e+00 2.844000000000000341e+02
4.848450676263168724e+00 -1.186766368383928949e+01 0.000000000000000000e+00 4.046979878248180285e-01 7.344515224046332946e-02 0.000000000000000000e+00 2.845000000000000000e+02
4.888920475045650527e+00 -1.186031916861524493e+01 0.000000000000000000e+00 4.046979878248180285e-01 7.344515224044556589e-02 0.000000000000000000e+00 2.846000000000000227e+02
4.929390273828132329e+00 -1.185297465339120038e+01 0.000000000000000000e+00 4.046979878248180285e-01 7.344515224044556589e-02 0.000000000000000000e+00 2.846999999999999886e+02
4.969860072610614132e+00 -1.184563013816715404e+01 0.000000000000000000e+00 4.046979878248180285e-01 7.344515224046332946e-02 0.000000000000000000e+00 2.848000000000000114e+02
5.010329871393095935e+00 -1.183828562294310949e+01 0.000000000000000000e+00 4.046979878248180285e-01 7.344515224044556589e-02 0.000000000000000000e+00 2.849000000000000341e+02
5.050799670175577738e+00 -1.183094110771906315e+01 0.000000000000000000e+00 4.046979878248180285e-01 7.344515224046332946e-02 0.000000000000000000e+00 2.850000000000000000e+02
5.089496973478248698e+00 -1.182384132341092808e+01 0.000000000000000000e+00 3.869730330267096008e-01 7.099784308135070887e-02 0.000000000000000000e+00 2.851000000000000227e+02
5.123459648499471442e+00 -1.181739525581406980e+01 0.000000000000000000e+00 3.396267502122274351e-01 6.446067596858284787e-02 0.000000000000000000e+00 2.851999999999999886e+02
5.157422323520694185e+00 -1.181094918821720974e+01 0.000000000000000000e+00 3.396267502122274351e-01 6.446067596860061144e-02 0.000000000000000000e+00 2.853000000000000114e+02
5.191384998541916040e+00 -1.180450312062034968e+01 0.000000000000000000e+00 3.396267502122185533e-01 6.446067596860061144e-02 0.000000000000000000e+00 2.854000000000000341e+02
5.225347673563138784e+00 -1.179805705302349139e+01 0.000000000000000000e+00 3.396267502122274351e-01 6.446067596858284787e-02 0.000000000000000000e+00 2.855000000000000000e+02
5.259310348584361527e+00 -1.179161098542663133e+01 0.000000000000000000e+00 3.396267502122274351e-01 6.446067596860061144e-02 0.000000000000000000e+00 2.856000000000000227e+02
5.293273023605583383e+00 -1.178516491782977127e+01 0.000000000000000000e+00 3.396267502122185533e-01 6.446067596860061144e-02 0.000000000000000000e+00 2.856999999999999886e+02
5.327235698626806126e+00 -1.177871885023291121e+01 0.000000000000000000e+00 3.396267502122274351e-01 6.446067596860061144e-02 0.000000000000000000e+00 2.858000000000000114e+02
5.361125010843637462e+00 -1.177263658005549374e+01 0.000000000000000000e+00 3.388931221683133543e-01 6.082270177417470336e-02 0.000000000000000000e+00 2.859000000000000341e+02
5.391081719090021096e+00 -1.178605562512920102e+01 0.000000000000000000e+00 2.995670824638363428e-01 -1.341904507370728084e-01 0.000000000000000000e+00 2.860000000000000000e+02
5.421038427336404730e+00 -1.179947467020290830e+01 0.000000000000000000e+00 2.995670824638363428e-01 -1.341904507370728084e-01 0.000000000000000000e+00 2.861000000000000227e+02
5.450995135582788365e+00 -1.181289371527661558e+01 0.000000000000000000e+00 2.995670824638363428e-01 -1.341904507370728084e-01 0.000000000000000000e+00 2.861999999999999886e+02
5.480951843829171111e+00 -1.182631276035032286e+01 0.000000000000000000e+00 2.995670824638274610e-01 -1.341904507370728084e-01 0.000000000000000000e+00 2.863000000000000114e+02
5.510908552075554745e+00 -1.183973180542403014e+01 0.000000000000000000e+00 2.995670824638363428e-01 -1.341904507370728084e-01 0.000000000000000000e+00 2.864000000000000341e+02
5.540865260321938379e+00 -1.185315085049773742e+01 0.000000000000000000e+00 2.995670824638363428e-01 -1.341904507370728084e-01 0.000000000000000000e+00 2.865000000000000000e+02
5.570821968568322013e+00 -1.186656989557144470e+01 0.000000000000000000e+00 2.995670824638363428e-01 -1.341904507370728084e-01 0.000000000000000000e+00 2.866000000000000227e+02
5.597800778589210324e+00 -1.187930142461569361e+01 0.000000000000000000e+00 2.697881002088831082e-01 -1.273152904424890153e-01 0.000000000000000000e+00 2.866999999999999886e+02
5.621722751243868998e+00 -1.189132721272133608e+01 0.000000000000000000e+00 2.392197265465867417e-01 -1.202578810564247647e-01 0.000000000000000000e+00 2.868000000000000114e+02
5.645644723898526784e+00 -1.190335300082698033e+01 0.000000000000000000e+00 2.392197265465778599e-01 -1.202578810564425282e-01 0.000000000000000000e+00 2.869000000000000341e+02
5.669566696553184570e+00 -1.191537878893262459e+01 0.000000000000000000e+00 2.392197265465778599e-01 -1.202578810564425282e-01 0.000000000000000000e+00 2.870000000000000000e+02
5.693488669207842356e+00 -1.192740457703826884e+01 0.000000000000000000e+00 2.392197265465778599e-01 -1.202578810564425282e-01 0.000000000000000000e+00 2.871000000000000227e+02
5.717410641862501031e+00 -1.193943036514391132e+01 0.000000000000000000e+00 2.392197265465867417e-01 -1.202578810564247647e-01 0.000000000000000000e+00 2.871999999999999886e+02
5.740610136635433847e+00 -1.195123234439137683e+01 0.000000000000000000e+00 2.319949477293281603e-01 -1.180197924746551053e-01 0.000000000000000000e+00 2.873000000000000114e+02
5.759118915195823085e+00 -1.196158123577811772e+01 0.000000000000000000e+00 1.850877856038923852e-01 -1.034889138674088827e-01 0.000000000000000000e+00 2.874000000000000341e+02
5.777627693756213212e+00 -1.197193012716486038e+01 0.000000000000000000e+00 1.850877856039012670e-01 -1.034889138674266462e-01 0.000000000000000000e+00 2.875000000000000000e+02
5.796136472316602450e+00 -1.198227901855160127e+01 0.000000000000000000e+00 1.850877856038923852e-01 -1.034889138674088827e-01 0.000000000000000000e+00 2.876000000000000227e+02
5.814645250876991689e+00 -1.199262790993834393e+01 0.000000000000000000e+00 1.850877856038923852e-01 -1.034889138674266462e-01 0.000000000000000000e+00 2.876999999999999886e+02
5.833154029437380927e+00 -1.200297680132508482e+01 0.000000000000000000e+00 1.850877856038923852e-01 -1.034889138674088827e-01 0.000000000000000000e+00 2.878000000000000114e+02
5.855627911676977604e+00 -1.201116096608785710e+01 0.000000000000000000e+00 2.247388223959667641e-01 -8.184164762772283552e-02 0.000000000000000000e+00 2.879000000000000341e+02
5.879053433066266265e+00 -1.201882558867205830e+01 0.000000000000000000e+00 2.342552138928866157e-01 -7.664622584201197242e-02 0.000000000000000000e+00 2.880000000000000000e+02
5.902478954455554039e+00 -1.202649021125625950e+01 0.000000000000000000e+00 2.342552138928777339e-01 -7.664622584201197242e-02 0.000000000000000000e+00 2.881000000000000227e+02
5.925904475844841812e+00 -1.203415483384046070e+01 0.000000000000000000e+00 2.342552138928777339e-01 -7.664622584201197242e-02 0.000000000000000000e+00 2.881999999999999886e+02
5.949329997234130474e+00 -1.204181945642466189e+01 0.000000000000000000e+00 2.342552138928866157e-01 -7.664622584201197242e-02 0.000000000000000000e+00 2.883000000000000114e+02
5.972755518623418247e+00 -1.204948407900886309e+01 0.000000000000000000e+00 2.342552138928777339e-01 -7.664622584201197242e-02 0.000000000000000000e+00 2.884000000000000341e+02
5.998826757113484121e+00 -1.205122587072379758e+01 0.000000000000000000e+00 2.607123849006587335e-01 -1.741791714934493029e-02 0.000000000000000000e+00 2.885000000000000000e+02
6.034272563346283036e+00 -1.203198129953682738e+01 0.000000000000000000e+00 3.544580623279891540e-01 1.924457118697020519e-01 0.000000000000000000e+00 2.886000000000000227e+02
6.069718369579081951e+00 -1.201273672834985717e+01 0.000000000000000000e+00 3.544580623279891540e-01 1.924457118697020519e-01 0.000000000000000000e+00 2.886999999999999886e+02
6.105164175811879979e+00 -1.199349215716288697e+01 0.000000000000000000e+00 3.544580623279802722e-01 1.924457118697020519e-01 0.000000000000000000e+00 2.888000000000000114e+02
6.140609982044678894e+00 -1.197424758597591676e+01 0.000000000000000000e+00 3.544580623279891540e-01 1.924457118697020519e-01 0.000000000000000000e+00 2.889000000000000341e+02
6.176055788277477809e+00 -1.195500301478894656e+01 0.000000000000000000e+00 3.544580623279891540e-01 1.924457118697020519e-01 0.000000000000000000e+00 2.890000000000000000e+02
6.211501594510275837e+00 -1.193575844360197813e+01 0.000000000000000000e+00 3.544580623279802722e-01 1.924457118696842883e-01 0.000000000000000000e+00 2.891000000000000227e+02
6.246947400743074752e+00 -1.191651387241500792e+01 0.000000000000000000e+00 3.544580623279891540e-01 1.924457118697020519e-01 0.000000000000000000e+00 2.891999999999999886e+02
6.282393206975873667e+00 -1.189726930122803772e+01 0.000000000000000000e+00 3.544580623279891540e-01 1.924457118697020519e-01 0.000000000000000000e+00 2.893000000000000114e+02
6.317839013208671695e+00 -1.187802473004106751e+01 0.000000000000000000e+00 3.544580623279802722e-01 1.924457118697020519e-01 0.000000000000000000e+00 2.894000000000000341e+02
6.354705497573069017e+00 -1.185908362274235905e+01 0.000000000000000000e+00 3.686648436439732279e-01 1.894110729870845944e-01 0.000000000000000000e+00 2.895000000000000000e+02
6.410722893018761859e+00 -1.184423324494192009e+01 0.000000000000000000e+00 5.601739544569284135e-01 1.485037780043896305e-01 0.000000000000000000e+00 2.896000000000000227e+02
6.466740288464453812e+00 -1.182938286714148290e+01 0.000000000000000000e+00 5.601739544569195317e-01 1.485037780043718669e-01 0.000000000000000000e+00 2.896999999999999886e+02
6.522757683910146653e+00 -1.181453248934104394e+01 0.000000000000000000e+00 5.601739544569284135e-01 1.485037780043896305e-01 0.000000000000000000e+00 2.898000000000000114e+02
6.578775079355839495e+00 -1.179968211154060498e+01 0.000000000000000000e+00 5.601739544569284135e-01 1.485037780043896305e-01 0.000000000000000000e+00 2.899000000000000341e+02
6.634792474801531448e+00 -1.178483173374016779e+01 0.000000000000000000e+00 5.601739544569195317e-01 1.485037780043718669e-01 0.000000000000000000e+00 2.900000000000000000e+02
6.690809870247224289e+00 -1.176998135593972883e+01 0.000000000000000000e+00 5.601739544569284135e-01 1.485037780043896305e-01 0.000000000000000000e+00 2.901000000000000227e+02
6.746827265692916242e+00 -1.175513097813928987e+01 0.000000000000000000e+00 5.601739544569195317e-01 1.485037780043896305e-01 0.000000000000000000e+00 2.901999999999999886e+02
6.802844661138609084e+00 -1.174028060033885268e+01 0.000000000000000000e+00 5.601739544569284135e-01 1.485037780043718669e-01 0.000000000000000000e+00 2.903000000000000114e+02
6.858862056584301037e+00 -1.172543022253841372e+01 0.000000000000000000e+00 5.601739544569195317e-01 1.485037780043896305e-01 0.000000000000000000e+00 2.904000000000000341e+02
6.914879452029993878e+00 -1.171057984473797475e+01 0.000000000000000000e+00 5.601739544569284135e-01 1.485037780043896305e-01 0.000000000000000000e+00 2.905000000000000000e+02
6.970896847475685831e+00 -1.169572946693753757e+01 0.000000000000000000e+00 5.601739544569195317e-01 1.485037780043718669e-01 0.000000000000000000e+00 2.906000000000000227e+02
7.026914242921378673e+00 -1.168087908913709860e+01 0.000000000000000000e+00 5.601739544569284135e-01 1.485037780043896305e-01 0.000000000000000000e+00 2.906999999999999886e+02
7.082931638367071514e+00 -1.166602871133666142e+01 0.000000000000000000e+00 5.601739544569284135e-01 1.485037780043718669e-01 0.000000000000000000e+00 2.908000000000000114e+02
7.131969104440054608e+00 -1.165249133710521789e+01 0.000000000000000000e+00 4.903746607298309357e-01 1.353737423144352192e-01 0.000000000000000000e+00 2.909000000000000341e+02
7.169567084070293639e+00 -1.164110585950836096e+01 0.000000000000000000e+00 3.759797963023903122e-01 1.138547759685692995e-01 0.000000000000000000e+00 2.910000000000000000e+02
7.207165063700532670e+00 -1.162972038191150581e+01 0.000000000000000000e+00 3.759797963023903122e-01 1.138547759685515359e-01 0.000000000000000000e+00 2.911000000000000227e+02
7.244763043330772589e+00 -1.161833490431465066e+01 0.000000000000000000e+00 3.759797963023991940e-01 1.138547759685515359e-01 0.000000000000000000e+00 2.911999999999999886e+02
7.282361022961011621e+00 -1.160694942671779550e+01 0.000000000000000000e+00 3.759797963023903122e-01 1.138547759685515359e-01 0.000000000000000000e+00 2.913000000000000114e+02
7.319959002591251540e+00 -1.159556394912093857e+01 0.000000000000000000e+00 3.759797963023991940e-01 1.138547759685692995e-01 0.000000000000000000e+00 2.914000000000000341e+02
7.357556982221490571e+00 -1.158417847152408342e+01 0.000000000000000000e+00 3.759797963023903122e-01 1.138547759685515359e-01 0.000000000000000000e+00 2.915000000000000000e+02
7.395154961851729603e+00 -1.157279299392722827e+01 0.000000000000000000e+00 3.759797963023903122e-01 1.138547759685515359e-01 0.000000000000000000e+00 2.916000000000000227e+02
7.432752941481969522e+00 -1.156140751633037311e+01 0.000000000000000000e+00 3.759797963023991940e-01 1.138547759685515359e-01 0.000000000000000000e+00 2.916999999999999886e+02
7.467573614738680199e+00 -1.155102952555573559e+01 0.000000000000000000e+00 3.482067325671067692e-01 1.037799077463752440e-01 0.000000000000000000e+00 2.918000000000000114e+02
7.495970401058350774e+00 -1.154298184356452417e+01 0.000000000000000000e+00 2.839678631967057498e-01 8.047681991211419472e-02 0.000000000000000000e+00 2.919000000000000341e+02
7.524367187378021349e+00 -1.153493416157331275e+01 0.000000000000000000e+00 2.839678631967057498e-01 8.047681991211419472e-02 0.000000000000000000e+00 2.920000000000000000e+02
7.552763973697691924e+00 -1.152688647958210133e+01 0.000000000000000000e+00 2.839678631967057498e-01 8.047681991211419472e-02 0.000000000000000000e+00 2.921000000000000227e+02
7.581160760017363387e+00 -1.151883879759088991e+01 0.000000000000000000e+00 2.839678631967146316e-01 8.047681991211419472e-02 0.000000000000000000e+00 2.921999999999999886e+02
7.609557546337033962e+00 -1.151079111559967849e+01 0.000000000000000000e+00 2.839678631967057498e-01 8.047681991211419472e-02 0.000000000000000000e+00 2.923000000000000114e+02
7.637954332656704537e+00 -1.150274343360846707e+01 0.000000000000000000e+00 2.839678631967057498e-01 8.047681991211419472e-02 0.000000000000000000e+00 2.924000000000000341e+02
7.661989459498484756e+00 -1.149123085398790067e+01 0.000000000000000000e+00 2.403512684178021885e-01 1.151257962056639883e-01 0.000000000000000000e+00 2.925000000000000000e+02
7.683979468648547417e+00 -1.147809363505798608e+01 0.000000000000000000e+00 2.199000915006266155e-01 1.313721892991459583e-01 0.000000000000000000e+00 2.926000000000000227e+02
7.705969477798610967e+00 -1.146495641612807148e+01 0.000000000000000000e+00 2.199000915006354973e-01 1.313721892991459583e-01 0.000000000000000000e+00 2.926999999999999886e+02
7.727959486948674517e+00 -1.145181919719815511e+01 0.000000000000000000e+00 2.199000915006354973e-01 1.313721892991637219e-01 0.000000000000000000e+00 2.928000000000000114e+02
7.749949496098738067e+00 -1.143868197826824051e+01 0.000000000000000000e+00 2.199000915006354973e-01 1.313721892991459583e-01 0.000000000000000000e+00 2.929000000000000341e+02
7.771939505248800728e+00 -1.142554475933832592e+01 0.000000000000000000e+00 2.199000915006266155e-01 1.313721892991459583e-01 0.000000000000000000e+00 2.930000000000000000e+02
7.787597126476205389e+00 -1.140671177147926585e+01 0.000000000000000000e+00 1.565762122740466111e-01 1.883298785906006856e-01 0.000000000000000000e+00 2.931000000000000227e+02
7.782417965362619761e+00 -1.136913680209748811e+01 0.000000000000000000e+00 -5.179161113585628584e-02 3.757496938177773416e-01 0.000000000000000000e+00 2.931999999999999886e+02
7.777238804249034132e+00 -1.133156183271571216e+01 0.000000000000000000e+00 -5.179161113585628584e-02 3.757496938177595780e-01 0.000000000000000000e+00 2.933000000000000114e+02
7.772059643135448503e+00 -1.129398686333393442e+01 0.000000000000000000e+00 -5.179161113585628584e-02 3.757496938177773416e-01 0.000000000000000000e+00 2.934000000000000341e+02
7.766880482021862875e+00 -1.125641189395215669e+01 0.000000000000000000e+00 -5.179161113585628584e-02 3.757496938177773416e-01 0.000000000000000000e+00 2.935000000000000000e+02
7.761701320908277246e+00 -1.121883692457037895e+01 0.000000000000000000e+00 -5.179161113585628584e-02 3.757496938177773416e-01 0.000000000000000000e+00 2.936000000000000227e+02
7.756522159794691618e+00 -1.118126195518860122e+01 0.000000000000000000e+00 -5.179161113585628584e-02 3.757496938177773416e-01 0.000000000000000000e+00 2.936999999999999886e+02
7.751342998681105989e+00 -1.114368698580682349e+01 0.000000000000000000e+00 -5.179161113585628584e-02 3.757496938177773416e-01 0.000000000000000000e+00 2.938000000000000114e+02
7.746163837567520360e+00 -1.110611201642504753e+01 0.000000000000000000e+00 -5.179161113585628584e-02 3.757496938177595780e-01 0.000000000000000000e+00 2.939000000000000341e+02
7.740984676453934732e+00 -1.106853704704326979e+01 0.000000000000000000e+00 -5.179161113585628584e-02 3.757496938177773416e-01 0.000000000000000000e+00 2.940000000000000000e+02
7.727689697703688410e+00 -1.102482996909318125e+01 0.000000000000000000e+00 -1.329497875024632236e-01 4.370707795008854646e-01 0.000000000000000000e+00 2.941000000000000227e+02
7.713874692435701341e+00 -1.098072997212889668e+01 0.000000000000000000e+00 -1.381500526798706829e-01 4.409999696428457128e-01 0.000000000000000000e+00 2.941999999999999886e+02
7.700059687167714273e+00 -1.093662997516461211e+01 0.000000000000000000e+00 -1.381500526798706829e-01 4.409999696428457128e-01 0.000000000000000000e+00 2.943000000000000114e+02
7.686244681899726316e+00 -1.089252997820032931e+01 0.000000000000000000e+00 -1.381500526798795647e-01 4.409999696428279492e-01 0.000000000000000000e+00 2.944000000000000341e+02
7.672429676631739248e+00 -1.084842998123604474e+01 0.000000000000000000e+00 -1.381500526798706829e-01 4.409999696428457128e-01 0.000000000000000000e+00 2.945000000000000000e+02
7.658614671363752180e+00 -1.080432998427176017e+01 0.000000000000000000e+00 -1.381500526798706829e-01 4.409999696428457128e-01 0.000000000000000000e+00 2.946000000000000227e+02
7.644799666095765112e+00 -1.076022998730747737e+01 0.000000000000000000e+00 -1.381500526798706829e-01 4.409999696428279492e-01 0.000000000000000000e+00 2.946999999999999886e+02
7.630984660827778043e+00 -1.071612999034319280e+01 0.000000000000000000e+00 -1.381500526798706829e-01 4.409999696428457128e-01 0.000000000000000000e+00 2.948000000000000114e+02
7.617169655559790087e+00 -1.067202999337890823e+01 0.000000000000000000e+00 -1.381500526798795647e-01 4.409999696428457128e-01 0.000000000000000000e+00 2.949000000000000341e+02
7.603354650291803019e+00 -1.062792999641462544e+01 0.000000000000000000e+00 -1.381500526798706829e-01 4.409999696428279492e-01 0.000000000000000000e+00 2.950000000000000000e+02
7.590154859414111499e+00 -1.058534309155913000e+01 0.000000000000000000e+00 -1.319979087769151960e-01 4.258690485549543325e-01 0.000000000000000000e+00 2.951000000000000227e+02
7.578667658904897131e+00 -1.054696822564974745e+01 0.000000000000000000e+00 -1.148720050921436808e-01 3.837486590938254949e-01 0.000000000000000000e+00 2.951999999999999886e+02
7.567180458395682763e+00 -1.050859335974036490e+01 0.000000000000000000e+00 -1.148720050921436808e-01 3.837486590938254949e-01 0.000000000000000000e+00 2.953000000000000114e+02
7.555693257886468395e+00 -1.047021849383098058e+01 0.000000000000000000e+00 -1.148720050921436808e-01 3.837486590938432585e-01 0.000000000000000000e+00 2.954000000000000341e+02
7.544206057377253138e+00 -1.043184362792159803e+01 0.000000000000000000e+00 -1.148720050921525626e-01 3.837486590938254949e-01 0.000000000000000000e+00 2.955000000000000000e+02
7.532718856868038770e+00 -1.039346876201221548e+01 0.000000000000000000e+00 -1.148720050921436808e-01 3.837486590938254949e-01 0.000000000000000000e+00 2.956000000000000227e+02
7.521231656358824402e+00 -1.035509389610283115e+01 0.000000000000000000e+00 -1.148720050921436808e-01 3.837486590938432585e-01 0.000000000000000000e+00 2.956999999999999886e+02
7.509744455849610034e+00 -1.031671903019344860e+01 0.000000000000000000e+00 -1.148720050921436808e-01 3.837486590938254949e-01 0.000000000000000000e+00 2.958000000000000114e+02
7.498257255340395666e+00 -1.027834416428406605e+01 0.000000000000000000e+00 -1.148720050921436808e-01 3.837486590938254949e-01 0.000000000000000000e+00 2.959000000000000341e+02
7.486770054831181298e+00 -1.023996929837468173e+01 0.000000000000000000e+00 -1.148720050921436808e-01 3.837486590938432585e-01 0.000000000000000000e+00 2.960000000000000000e+02
7.476749181035375891e+00 -1.019692617824517988e+01 0.000000000000000000e+00 -1.002087379580540727e-01 4.304312012950184396e-01 0.000000000000000000e+00 2.961000000000000227e+02
7.466798567895111205e+00 -1.015365937358566661e+01 0.000000000000000000e+00 -9.950613140264685796e-02 4.326680465951326937e-01 0.000000000000000000e+00 2.961999999999999886e+02
7.456847954754845631e+00 -1.011039256892615334e+01 0.000000000000000000e+00 -9.950613140265573975e-02 4.326680465951326937e-01 0.000000000000000000e+00 2.963000000000000114e+02
7.446897341614580057e+00 -1.006712576426664008e+01 0.000000000000000000e+00 -9.950613140265573975e-02 4.326680465951326937e-01 0.000000000000000000e+00 2.964000000000000341e+02
7.436946728474314483e+00 -1.002385895960712681e+01 0.000000000000000000e+00 -9.950613140265573975e-02 4.326680465951326937e-01 0.000000000000000000e+00 2.965000000000000000e+02
7.426996115334048909e+00 -9.980592154947613537e+00 0.000000000000000000e+00 -9.950613140265573975e-02 4.326680465951326937e-01 0.000000000000000000e+00 2.966000000000000227e+02
7.417045502193784223e+00 -9.937325350288100267e+00 0.000000000000000000e+00 -9.950613140264685796e-02 4.326680465951326937e-01 0.000000000000000000e+00 2.966999999999999886e+02
7.407094889053518649e+00 -9.894058545628586998e+00 0.000000000000000000e+00 -9.950613140265573975e-02 4.326680465951326937e-01 0.000000000000000000e+00 2.968000000000000114e+02
7.397144275913253075e+00 -9.850791740969073729e+00 0.000000000000000000e+00 -9.950613140265573975e-02 4.326680465951326937e-01 0.000000000000000000e+00 2.969000000000000341e+02
7.387193662772987501e+00 -9.807524936309560459e+00 0.000000000000000000e+00 -9.950613140265573975e-02 4.326680465951326937e-01 0.000000000000000000e+00 2.970000000000000000e+02
7.376294569170933180e+00 -9.762063353899179674e+00 0.000000000000000000e+00 -1.089909360205432165e-01 4.546158241038078529e-01 0.000000000000000000e+00 2.971000000000000227e+02
7.364959386036293409e+00 -9.715592663086402681e+00 0.000000000000000000e+00 -1.133518313463977023e-01 4.647069081277699354e-01 0.000000000000000000e+00 2.971999999999999886e+02
7.353624202901654527e+00 -9.669121972273625687e+00 0.000000000000000000e+00 -1.133518313463888205e-01 4.647069081277699354e-01 0.000000000000000000e+00 2.973000000000000114e+02
7.342289019767015645e+00 -9.622651281460848693e+00 0.000000000000000000e+00 -1.133518313463888205e-01 4.647069081277699354e-01 0.000000000000000000e+00 2.974000000000000341e+02
7.330953836632375875e+00 -9.576180590648071700e+00 0.000000000000000000e+00 -1.133518313463977023e-01 4.647069081277699354e-01 0.000000000000000000e+00 2.975000000000000000e+02
7.319618653497736993e+00 -9.529709899835294706e+00 0.000000000000000000e+00 -1.133518313463888205e-01 4.647069081277699354e-01 0.000000000000000000e+00 2.976000000000000227e+02
7.308283470363097223e+00 -9.483239209022517713e+00 0.000000000000000000e+00 -1.133518313463977023e-01 4.647069081277699354e-01 0.000000000000000000e+00 2.976999999999999886e+02
7.296948287228458341e+00 -9.436768518209738943e+00 0.000000000000000000e+00 -1.133518313463888205e-01 4.647069081277876990e-01 0.000000000000000000e+00 2.978000000000000114e+02
7.285613104093819459e+00 -9.390297827396961949e+00 0.000000000000000000e+00 -1.133518313463888205e-01 4.647069081277699354e-01 0.000000000000000000e+00 2.979000000000000341e+02
7.274277920959179689e+00 -9.343827136584184956e+00 0.000000000000000000e+00 -1.133518313463977023e-01 4.647069081277699354e-01 0.000000000000000000e+00 2.980000000000000000e+02
7.262942737824540806e+00 -9.297356445771407962e+00 0.000000000000000000e+00 -1.133518313463888205e-01 4.647069081277699354e-01 0.000000000000000000e+00 2.981000000000000227e+02
7.251680726489448503e+00 -9.252608650763383125e+00 0.000000000000000000e+00 -1.126201133509230345e-01 4.474779500802483767e-01 0.000000000000000000e+00 2.981999999999999886e+02
7.240485016932725060e+00 -9.209421990735053853e+00 0.000000000000000000e+00 -1.119570955672344326e-01 4.318666002832927120e-01 0.000000000000000000e+00 2.983000000000000114e+02
7.229289307376001616e+00 -9.166235330706724582e+00 0.000000000000000000e+00 -1.119570955672344326e-01 4.318666002832927120e-01 0.000000000000000000e+00 2.984000000000000341e+02
7.218093597819278173e+00 -9.123048670678393535e+00 0.000000000000000000e+00 -1.119570955672344326e-01 4.318666002833104756e-01 0.000000000000000000e+00 2.985000000000000000e+02
7.206897888262554730e+00 -9.079862010650064263e+00 0.000000000000000000e+00 -1.119570955672344326e-01 4.318666002832927120e-01 0.000000000000000000e+00 2.986000000000000227e+02
7.195702178705831287e+00 -9.036675350621734992e+00 0.000000000000000000e+00 -1.119570955672344326e-01 4.318666002832927120e-01 0.000000000000000000e+00 2.986999999999999886e+02
7.184506469149107843e+00 -8.993488690593405721e+00 0.000000000000000000e+00 -1.119570955672344326e-01 4.318666002832927120e-01 0.000000000000000000e+00 2.988000000000000114e+02
7.173310759592384400e+00 -8.950302030565076450e+00 0.000000000000000000e+00 -1.119570955672344326e-01 4.318666002832927120e-01 0.000000000000000000e+00 2.989000000000000341e+02
7.162115050035660957e+00 -8.907115370536745402e+00 0.000000000000000000e+00 -1.119570955672344326e-01 4.318666002833104756e-01 0.000000000000000000e+00 2.990000000000000000e+02
7.150919340478937514e+00 -8.863928710508416131e+00 0.000000000000000000e+00 -1.119570955672344326e-01 4.318666002832927120e-01 0.000000000000000000e+00 2.991000000000000227e+02
7.139759620861310552e+00 -8.820790015532574913e+00 0.000000000000000000e+00 -1.115971961762696196e-01 4.313869497584121859e-01 0.000000000000000000e+00 2.991999999999999886e+02
7.128798744389667874e+00 -8.777916325782456397e+00 0.000000000000000000e+00 -1.096087647164267764e-01 4.287368975011851546e-01 0.000000000000000000e+00 2.993000000000000114e+02
7.117837867918025196e+00 -8.735042636032337882e+00 0.000000000000000000e+00 -1.096087647164267764e-01 4.287368975011851546e-01 0.000000000000000000e+00 2.994000000000000341e+02
7.106876991446382519e+00 -8.692168946282219366e+00 0.000000000000000000e+00 -1.096087647164267764e-01 4.287368975011851546e-01 0.000000000000000000e+00 2.995000000000000000e+02
7.095916114974739841e+00 -8.649295256532100851e+00 0.000000000000000000e+00 -1.096087647164267764e-01 4.287368975011851546e-01 0.000000000000000000e+00 2.996000000000000227e+02
7.084955238503097164e+00 -8.606421566781982335e+00 0.000000000000000000e+00 -1.096087647164267764e-01 4.287368975011851546e-01 0.000000000000000000e+00 2.996999999999999886e+02
7.073994362031454486e+00 -8.563547877031863820e+00 0.000000000000000000e+00 -1.096087647164267764e-01 4.287368975011851546e-01 0.000000000000000000e+00 2.998000000000000114e+02
7.063033485559811808e+00 -8.520674187281745304e+00 0.000000000000000000e+00 -1.096087647164267764e-01 4.287368975011851546e-01 0.000000000000000000e+00 2.999000000000000341e+02
7.052072609088169131e+00 -8.477800497531626789e+00 0.000000000000000000e+00 -1.096087647164267764e-01 4.287368975011851546e-01 0.000000000000000000e+00 3.000000000000000000e+02
7.041111732616526453e+00 -8.434926807781508273e+00 0.000000000000000000e+00 -1.096087647164267764e-01 4.287368975011851546e-01 0.000000000000000000e+00 3.001000000000000227e+02
7.034832430799119685e+00 -8.386514791500326638e+00 0.000000000000000000e+00 -6.279301817406768293e-02 4.841201628118163569e-01 0.000000000000000000e+00 3.001999999999999886e+02
7.036437859904456360e+00 -8.328775098596446824e+00 0.000000000000000000e+00 1.605429105336675377e-02 5.773969290387981346e-01 0.000000000000000000e+00 3.003000000000000114e+02
7.038043289009793924e+00 -8.271035405692565234e+00 0.000000000000000000e+00 1.605429105337563556e-02 5.773969290388158981e-01 0.000000000000000000e+00 3.004000000000000341e+02
7.039648718115131487e+00 -8.213295712788685421e+00 0.000000000000000000e+00 1.605429105337563556e-02 5.773969290387981346e-01 0.000000000000000000e+00 3.005000000000000000e+02
7.041254147220468163e+00 -8.155556019884805607e+00 0.000000000000000000e+00 1.605429105336675377e-02 5.773969290387981346e-01 0.000000000000000000e+00 3.006000000000000227e+02
7.042859576325805726e+00 -8.097816326980925794e+00 0.000000000000000000e+00 1.605429105337563556e-02 5.773969290387981346e-01 0.000000000000000000e+00 3.006999999999999886e+02
7.044465005431143290e+00 -8.040076634077045981e+00 0.000000000000000000e+00 1.605429105337563556e-02 5.773969290387981346e-01 0.000000000000000000e+00 3.008000000000000114e+02
7.046070434536480853e+00 -7.982336941173165279e+00 0.000000000000000000e+00 1.605429105337563556e-02 5.773969290388070164e-01 0.000000000000000000e+00 3.009000000000000341e+02
7.047675863641817529e+00 -7.924597248269284577e+00 0.000000000000000000e+00 1.605429105336675377e-02 5.773969290388070164e-01 0.000000000000000000e+00 3.010000000000000000e+02
7.049281292747155092e+00 -7.866857555365404764e+00 0.000000000000000000e+00 1.605429105337563556e-02 5.773969290387981346e-01 0.000000000000000000e+00 3.011000000000000227e+02
7.050886721852492656e+00 -7.809117862461524950e+00 0.000000000000000000e+00 1.605429105337563556e-02 5.773969290387981346e-01 0.000000000000000000e+00 3.011999999999999886e+02
7.052492150957830219e+00 -7.751378169557644249e+00 0.000000000000000000e+00 1.605429105337563556e-02 5.773969290388070164e-01 0.000000000000000000e+00 3.013000000000000114e+02
7.054097580063166895e+00 -7.693638476653764435e+00 0.000000000000000000e+00 1.605429105336675377e-02 5.773969290387981346e-01 0.000000000000000000e+00 3.014000000000000341e+02
7.055703009168504458e+00 -7.635898783749883734e+00 0.000000000000000000e+00 1.605429105337563556e-02 5.773969290388070164e-01 0.000000000000000000e+00 3.015000000000000000e+02
7.057308438273842022e+00 -7.578159090846003920e+00 0.000000000000000000e+00 1.605429105337563556e-02 5.773969290387981346e-01 0.000000000000000000e+00 3.016000000000000227e+02
7.060925929803791412e+00 -7.531405199757605473e+00 0.000000000000000000e+00 3.617491529949390383e-02 4.675389108839844710e-01 0.000000000000000000e+00 3.016999999999999886e+02
7.066642678828065627e+00 -7.496113193007490239e+00 0.000000000000000000e+00 5.716749024274214719e-02 3.529200675011523458e-01 0.000000000000000000e+00 3.018000000000000114e+02
7.072359427852340730e+00 -7.460821186257375004e+00 0.000000000000000000e+00 5.716749024275102897e-02 3.529200675011523458e-01 0.000000000000000000e+00 3.019000000000000341e+02
7.078076176876614944e+00 -7.425529179507259769e+00 0.000000000000000000e+00 5.716749024274214719e-02 3.529200675011523458e-01 0.000000000000000000e+00 3.020000000000000000e+02
7.083792925900889159e+00 -7.390237172757144535e+00 0.000000000000000000e+00 5.716749024274214719e-02 3.529200675011523458e-01 0.000000000000000000e+00 3.021000000000000227e+02
7.089509674925163374e+00 -7.354945166007028412e+00 0.000000000000000000e+00 5.716749024274214719e-02 3.529200675011612276e-01 0.000000000000000000e+00 3.021999999999999886e+02
7.095226423949437589e+00 -7.319653159256913177e+00 0.000000000000000000e+00 5.716749024274214719e-02 3.529200675011523458e-01 0.000000000000000000e+00 3.023000000000000114e+02
7.100943172973712691e+00 -7.284361152506797943e+00 0.000000000000000000e+00 5.716749024275102897e-02 3.529200675011523458e-01 0.000000000000000000e+00 3.024000000000000341e+02
7.106659921997986906e+00 -7.249069145756682708e+00 0.000000000000000000e+00 5.716749024274214719e-02 3.529200675011523458e-01 0.000000000000000000e+00 3.025000000000000000e+02
7.113558960756470206e+00 -7.222476722361310664e+00 0.000000000000000000e+00 6.899038758483300171e-02 2.659242339537204458e-01 0.000000000000000000e+00 3.026000000000000227e+02
7.120875913482563213e+00 -7.198959414389120681e+00 0.000000000000000000e+00 7.316952726093006731e-02 2.351730797218998248e-01 0.000000000000000000e+00 3.026999999999999886e+02
7.128192866208656220e+00 -7.175442106416930699e+00 0.000000000000000000e+00 7.316952726093006731e-02 2.351730797218998248e-01 0.000000000000000000e+00 3.028000000000000114e+02
7.135509818934749227e+00 -7.151924798444740716e+00 0.000000000000000000e+00 7.316952726093006731e-02 2.351730797218998248e-01 0.000000000000000000e+00 3.029000000000000341e+02
7.142826771660843121e+00 -7.128407490472551622e+00 0.000000000000000000e+00 7.316952726093894910e-02 2.351730797218909430e-01 0.000000000000000000e+00 3.030000000000000000e+02
7.150143724386936128e+00 -7.104890182500361639e+00 0.000000000000000000e+00 7.316952726093006731e-02 2.351730797218998248e-01 0.000000000000000000e+00 3.031000000000000227e+02
7.157460677113029135e+00 -7.081372874528171657e+00 0.000000000000000000e+00 7.316952726093006731e-02 2.351730797218998248e-01 0.000000000000000000e+00 3.031999999999999886e+02
7.164777629839122142e+00 -7.057855566555981675e+00 0.000000000000000000e+00 7.316952726093006731e-02 2.351730797218998248e-01 0.000000000000000000e+00 3.033000000000000114e+02
7.172094582565216037e+00 -7.034338258583791692e+00 0.000000000000000000e+00 7.316952726093894910e-02 2.351730797218998248e-01 0.000000000000000000e+00 3.034000000000000341e+02
7.175000000000002487e+00 -7.024999999999998579e+00 0.000000000000000000e+00 2.905417434786450315e-02 9.338258583793113132e-02 0.000000000000000000e+00 3.035000000000000000e+02
