-1.324999999999999289e+00 -1.474999999999994316e+00 0.000000000000000000e+00 0.000000000000000000e+00 0.000000000000000000e+00 0.000000000000000000e+00 0.000000000000000000e+00
-1.328797568822316588e+00 -1.466009694902423721e+00 0.000000000000000000e+00 -3.797568822317298753e-02 8.990305097570594484e-02 0.000000000000000000e+00 1.000000000000000056e-01
-1.332595137644633887e+00 -1.457019389804852905e+00 0.000000000000000000e+00 -3.797568822317298753e-02 8.990305097570816528e-02 0.000000000000000000e+00 2.000000000000000111e-01
-1.336392706466951186e+00 -1.448029084707282310e+00 0.000000000000000000e+00 -3.797568822317298753e-02 8.990305097570594484e-02 0.000000000000000000e+00 3.000000000000000444e-01
-1.340190275289268484e+00 -1.439038779609711716e+00 0.000000000000000000e+00 -3.797568822317298753e-02 8.990305097570594484e-02 0.000000000000000000e+00 4.000000000000000222e-01
-1.344404779325739430e+00 -1.427707452590331938e+00 0.000000000000000000e+00 -4.214504036470945181e-02 1.133132701937977771e-01 0.000000000000000000e+00 5.000000000000000000e-01
-1.349159047892680485e+00 -1.413345437455510334e+00 0.000000000000000000e+00 -4.754268566941055596e-02 1.436201513482160408e-01 0.000000000000000000e+00 6.000000000000000888e-01
-1.353913316459621541e+00 -1.398983422320688508e+00 0.000000000000000000e+00 -4.754268566941055596e-02 1.436201513482182612e-01 0.000000000000000000e+00 7.000000000000000666e-01
-1.358667585026562596e+00 -1.384621407185866682e+00 0.000000000000000000e+00 -4.754268566941055596e-02 1.436201513482182612e-01 0.000000000000000000e+00 8.000000000000000444e-01
-1.363341535643891156e+00 -1.370143771279068945e+00 0.000000000000000000e+00 -4.673950617328559431e-02 1.447763590679773671e-01 0.000000000000000000e+00 9.000000000000000222e-01
-1.366380713440733974e+00 -1.353312817136165247e+00 0.000000000000000000e+00 -3.039177796842817969e-02 1.683095414290369796e-01 0.000000000000000000e+00 1.000000000000000000e+00
-1.369419891237577014e+00 -1.336481862993261549e+00 0.000000000000000000e+00 -3.039177796843040014e-02 1.683095414290369796e-01 0.000000000000000000e+00 1.100000000000000089e+00
-1.372459069034419832e+00 -1.319650908850357851e+00 0.000000000000000000e+00 -3.039177796842817969e-02 1.683095414290369796e-01 0.000000000000000000e+00 1.200000000000000178e+00
-1.375498246831262872e+00 -1.302819954707454375e+00 0.000000000000000000e+00 -3.039177796843040014e-02 1.683095414290347591e-01 0.000000000000000000e+00 1.300000000000000044e+00
-1.379065567448570784e+00 -1.285174972375620284e+00 0.000000000000000000e+00 -3.567320617307911945e-02 1.764498233183409148e-01 0.000000000000000000e+00 1.400000000000000133e+00
-1.382744654707563470e+00 -1.267357723767719158e+00 0.000000000000000000e+00 -3.679087258992685960e-02 1.781724860790112608e-01 0.000000000000000000e+00 1.500000000000000000e+00
-1.386423741966555934e+00 -1.249540475159817809e+00 0.000000000000000000e+00 -3.679087258992463916e-02 1.781724860790134812e-01 0.000000000000000000e+00 1.600000000000000089e+00
-1.390102829225548620e+00 -1.231723226551916461e+00 0.000000000000000000e+00 -3.679087258992685960e-02 1.781724860790134812e-01 0.000000000000000000e+00 1.700000000000000178e+00
-1.394171723260507090e+00 -1.213335224124457712e+00 0.000000000000000000e+00 -4.068894034958470129e-02 1.838800242745874947e-01 0.000000000000000000e+00 1.800000000000000044e+00
-1.398764210643314243e+00 -1.194180578011959870e+00 0.000000000000000000e+00 -4.592487382807153296e-02 1.915464611249784177e-01 0.000000000000000000e+00 1.900000000000000133e+00
-1.403356698026121396e+00 -1.175025931899462028e+00 0.000000000000000000e+00 -4.592487382807153296e-02 1.915464611249784177e-01 0.000000000000000000e+00 2.000000000000000000e+00
-1.407949185408928772e+00 -1.155871285786964187e+00 0.000000000000000000e+00 -4.592487382807375340e-02 1.915464611249784177e-01 0.000000000000000000e+00 2.100000000000000089e+00
-1.412541672791735925e+00 -1.136716639674466567e+00 0.000000000000000000e+00 -4.592487382807153296e-02 1.915464611249761973e-01 0.000000000000000000e+00 2.200000000000000178e+00
-1.416982598581741248e+00 -1.117731420156043542e+00 0.000000000000000000e+00 -4.440925790005323393e-02 1.898521951842302435e-01 0.000000000000000000e+00 2.300000000000000266e+00
-1.421375708304129404e+00 -1.098799652922785253e+00 0.000000000000000000e+00 -4.393109722388155447e-02 1.893176723325828981e-01 0.000000000000000000e+00 2.400000000000000355e+00
-1.425768818026517337e+00 -1.079867885689526963e+00 0.000000000000000000e+00 -4.393109722387933402e-02 1.893176723325828981e-01 0.000000000000000000e+00 2.500000000000000000e+00
-1.430161927748905493e+00 -1.060936118456268673e+00 0.000000000000000000e+00 -4.393109722388155447e-02 1.893176723325828981e-01 0.000000000000000000e+00 2.600000000000000089e+00
-1.434571598680305371e+00 -1.041893889138588714e+00 0.000000000000000000e+00 -4.409670931399878313e-02 1.904222931767995952e-01 0.000000000000000000e+00 2.700000000000000178e+00
-1.439033445483078433e+00 -1.022503650475434123e+00 0.000000000000000000e+00 -4.461846802773061782e-02 1.939023866315459088e-01 0.000000000000000000e+00 2.800000000000000266e+00
-1.443495292285851717e+00 -1.003113411812279754e+00 0.000000000000000000e+00 -4.461846802773283827e-02 1.939023866315436884e-01 0.000000000000000000e+00 2.900000000000000355e+00
-1.447957139088624778e+00 -9.837231731491252740e-01 0.000000000000000000e+00 -4.461846802773061782e-02 1.939023866315447986e-01 0.000000000000000000e+00 3.000000000000000000e+00
-1.452418985891398062e+00 -9.643329344859707941e-01 0.000000000000000000e+00 -4.461846802773283827e-02 1.939023866315447986e-01 0.000000000000000000e+00 3.100000000000000089e+00
-1.456928918219498881e+00 -9.445157326349702398e-01 0.000000000000000000e+00 -4.509932328100818566e-02 1.981720185100055431e-01 0.000000000000000000e+00 3.200000000000000178e+00
-1.461469812379843525e+00 -9.244236130721168454e-01 0.000000000000000000e+00 -4.540894160344643993e-02 2.009211956285339440e-01 0.000000000000000000e+00 3.300000000000000266e+00
-1.466010706540188169e+00 -9.043314935092635620e-01 0.000000000000000000e+00 -4.540894160344643993e-02 2.009211956285328338e-01 0.000000000000000000e+00 3.400000000000000355e+00
-1.470551600700532591e+00 -8.842393739464101676e-01 0.000000000000000000e+00 -4.540894160344421948e-02 2.009211956285339440e-01 0.000000000000000000e+00 3.500000000000000000e+00
-1.475092494860877235e+00 -8.641472543835567732e-01 0.000000000000000000e+00 -4.540894160344643993e-02 2.009211956285339440e-01 0.000000000000000000e+00 3.600000000000000089e+00
-1.479435033333670768e+00 -8.443170653083774679e-01 0.000000000000000000e+00 -4.342538472793533444e-02 1.983018907517930529e-01 0.000000000000000000e+00 3.700000000000000178e+00
-1.483730759361312712e+00 -8.245486924923592920e-01 0.000000000000000000e+00 -4.295726027641944000e-02 1.976837281601817597e-01 0.000000000000000000e+00 3.800000000000000266e+00
-1.488026485388954878e+00 -8.047803196763410050e-01 0.000000000000000000e+00 -4.295726027642166045e-02 1.976837281601828700e-01 0.000000000000000000e+00 3.900000000000000355e+00
-1.492322211416596822e+00 -7.850119468603228290e-01 0.000000000000000000e+00 -4.295726027641944000e-02 1.976837281601817597e-01 0.000000000000000000e+00 4.000000000000000000e+00
-1.496609510691923939e+00 -7.651892968018610963e-01 0.000000000000000000e+00 -4.287299275327116632e-02 1.982265005846173267e-01 0.000000000000000000e+00 4.100000000000000533e+00
-1.500817565419896082e+00 -7.448562276224326428e-01 0.000000000000000000e+00 -4.208054727972143638e-02 2.033306917942845349e-01 0.000000000000000000e+00 4.200000000000000178e+00
-1.505025620147868004e+00 -7.245231584430040783e-01 0.000000000000000000e+00 -4.208054727971921594e-02 2.033306917942856451e-01 0.000000000000000000e+00 4.299999999999999822e+00
-1.509233674875839926e+00 -7.041900892635756248e-01 0.000000000000000000e+00 -4.208054727971921594e-02 2.033306917942845349e-01 0.000000000000000000e+00 4.400000000000000355e+00
-1.513441729603811847e+00 -6.838570200841471713e-01 0.000000000000000000e+00 -4.208054727971921594e-02 2.033306917942845349e-01 0.000000000000000000e+00 4.500000000000000000e+00
-1.517607466639842917e+00 -6.634787042726069117e-01 0.000000000000000000e+00 -4.165737036031069707e-02 2.037831581154025962e-01 0.000000000000000000e+00 4.600000000000000533e+00
-1.521654822841888466e+00 -6.429738141183093392e-01 0.000000000000000000e+00 -4.047356202045548912e-02 2.050489015429757256e-01 0.000000000000000000e+00 4.700000000000000178e+00
-1.525702179043934015e+00 -6.224689239640117666e-01 0.000000000000000000e+00 -4.047356202045548912e-02 2.050489015429757256e-01 0.000000000000000000e+00 4.800000000000000711e+00
-1.529749535245979564e+00 -6.019640338097141941e-01 0.000000000000000000e+00 -4.047356202045548912e-02 2.050489015429757256e-01 0.000000000000000000e+00 4.900000000000000355e+00
-1.533796891448025113e+00 -5.814591436554166215e-01 0.000000000000000000e+00 -4.047356202045548912e-02 2.050489015429757256e-01 0.000000000000000000e+00 5.000000000000000000e+00
-1.537975230965486162e+00 -5.600057006717847896e-01 0.000000000000000000e+00 -4.178339517461049368e-02 2.145344298363183189e-01 0.000000000000000000e+00 5.100000000000000533e+00
-1.542350628991757011e+00 -5.371252026049668782e-01 0.000000000000000000e+00 -4.375398026270849172e-02 2.288049806681791143e-01 0.000000000000000000e+00 5.200000000000000178e+00
-1.546726027018027860e+00 -5.142447045381490778e-01 0.000000000000000000e+00 -4.375398026270849172e-02 2.288049806681780041e-01 0.000000000000000000e+00 5.300000000000000711e+00
-1.551101425044298709e+00 -4.913642064713312219e-01 0.000000000000000000e+00 -4.375398026270849172e-02 2.288049806681785592e-01 0.000000000000000000e+00 5.400000000000000355e+00
-1.555476823070569559e+00 -4.684837084045133659e-01 0.000000000000000000e+00 -4.375398026270849172e-02 2.288049806681785592e-01 0.000000000000000000e+00 5.500000000000000000e+00
-1.559852221096840408e+00 -4.456032103376955100e-01 0.000000000000000000e+00 -4.375398026270849172e-02 2.288049806681785592e-01 0.000000000000000000e+00 5.600000000000000533e+00
-1.563491611020265015e+00 -4.251603618649271721e-01 0.000000000000000000e+00 -3.639389923424607431e-02 2.044284847276833794e-01 0.000000000000000000e+00 5.700000000000000178e+00
-1.567113712563536598e+00 -4.047747722901237633e-01 0.000000000000000000e+00 -3.622101543271583068e-02 2.038558957480340883e-01 0.000000000000000000e+00 5.800000000000000711e+00
-1.570735814106808181e+00 -3.843891827153202989e-01 0.000000000000000000e+00 -3.622101543271583068e-02 2.038558957480346434e-01 0.000000000000000000e+00 5.900000000000000355e+00
-1.574357915650079764e+00 -3.640035931405168901e-01 0.000000000000000000e+00 -3.622101543271583068e-02 2.038558957480340883e-01 0.000000000000000000e+00 6.000000000000000000e+00
-1.577959040834937765e+00 -3.435484118300526912e-01 0.000000000000000000e+00 -3.601125184858000594e-02 2.045518131046419885e-01 0.000000000000000000e+00 6.100000000000000533e+00
-1.581449936366879028e+00 -3.227275296330652243e-01 0.000000000000000000e+00 -3.490895531941262675e-02 2.082088219698746689e-01 0.000000000000000000e+00 6.200000000000000178e+00
-1.584940831898820068e+00 -3.019066474360778130e-01 0.000000000000000000e+00 -3.490895531941040630e-02 2.082088219698741138e-01 0.000000000000000000e+00 6.300000000000000711e+00
-1.588431727430761109e+00 -2.810857652390904016e-01 0.000000000000000000e+00 -3.490895531941040630e-02 2.082088219698741138e-01 0.000000000000000000e+00 6.400000000000000355e+00
-1.591922622962702150e+00 -2.602648830421029347e-01 0.000000000000000000e+00 -3.490895531941040630e-02 2.082088219698746689e-01 0.000000000000000000e+00 6.500000000000000000e+00
-1.595349850462264962e+00 -2.396397491555119219e-01 0.000000000000000000e+00 -3.427227499562812696e-02 2.062513388659101277e-01 0.000000000000000000e+00 6.600000000000000533e+00
-1.598585248086038968e+00 -2.196043990688364977e-01 0.000000000000000000e+00 -3.235397623774005638e-02 2.003535008667542416e-01 0.000000000000000000e+00 6.700000000000000178e+00
-1.601820645709812752e+00 -1.995690489821610736e-01 0.000000000000000000e+00 -3.235397623773783593e-02 2.003535008667542416e-01 0.000000000000000000e+00 6.800000000000000711e+00
-1.605056043333586757e+00 -1.795336988954856494e-01 0.000000000000000000e+00 -3.235397623774005638e-02 2.003535008667542416e-01 0.000000000000000000e+00 6.900000000000000355e+00
-1.608291440957360541e+00 -1.594983488088102530e-01 0.000000000000000000e+00 -3.235397623773783593e-02 2.003535008667539641e-01 0.000000000000000000e+00 7.000000000000000000e+00
-1.611483287003164344e+00 -1.388970715756810415e-01 0.000000000000000000e+00 -3.191846045803803378e-02 2.060127723312921155e-01 0.000000000000000000e+00 7.100000000000000533e+00
-1.614636842465069666e+00 -1.177982307204786805e-01 0.000000000000000000e+00 -3.153555461905321877e-02 2.109884085520236097e-01 0.000000000000000000e+00 7.200000000000000178e+00
-1.617790397926974988e+00 -9.669938986527629177e-02 0.000000000000000000e+00 -3.153555461905321877e-02 2.109884085520238872e-01 0.000000000000000000e+00 7.300000000000000711e+00
-1.620943953388880310e+00 -7.560054901007390304e-02 0.000000000000000000e+00 -3.153555461905321877e-02 2.109884085520238872e-01 0.000000000000000000e+00 7.400000000000000355e+00
-1.624097508850785410e+00 -5.450170815487152820e-02 0.000000000000000000e+00 -3.153555461905099833e-02 2.109884085520237484e-01 0.000000000000000000e+00 7.500000000000000000e+00
-1.627045905948018234e+00 -3.428509084609284580e-02 0.000000000000000000e+00 -2.948397097232824393e-02 2.021661730877868102e-01 0.000000000000000000e+00 7.600000000000000533e+00
-1.629842768694735433e+00 -1.472010269379695965e-02 0.000000000000000000e+00 -2.796862746717199144e-02 1.956498815229588406e-01 0.000000000000000000e+00 7.700000000000000178e+00
-1.632639631441452632e+00 4.844885458498919550e-03 0.000000000000000000e+00 -2.796862746717199144e-02 1.956498815229587851e-01 0.000000000000000000e+00 7.800000000000000711e+00
-1.635436494188169609e+00 2.440987361079481610e-02 0.000000000000000000e+00 -2.796862746716977099e-02 1.956498815229589516e-01 0.000000000000000000e+00 7.900000000000000355e+00
-1.638233356934886809e+00 4.397486176309069184e-02 0.000000000000000000e+00 -2.796862746717199144e-02 1.956498815229587573e-01 0.000000000000000000e+00 8.000000000000000000e+00
-1.641108347911612864e+00 6.179880324150750781e-02 0.000000000000000000e+00 -2.874990976726055081e-02 1.782394147841681598e-01 0.000000000000000000e+00 8.099999999999999645e+00
-1.643984439360943961e+00 7.959822126446688961e-02 0.000000000000000000e+00 -2.876091449331097394e-02 1.779941802295938180e-01 0.000000000000000000e+00 8.200000000000001066e+00
-1.646860530810275058e+00 9.739763928742628529e-02 0.000000000000000000e+00 -2.876091449331097394e-02 1.779941802295939568e-01 0.000000000000000000e+00 8.300000000000000711e+00
-1.649736622259606156e+00 1.151970573103856532e-01 0.000000000000000000e+00 -2.876091449331097394e-02 1.779941802295936792e-01 0.000000000000000000e+00 8.400000000000000355e+00
-1.652850763628228803e+00 1.319023833589766659e-01 0.000000000000000000e+00 -3.114141368622647121e-02 1.670532604859101267e-01 0.000000000000000000e+00 8.500000000000000000e+00
-1.656204720311807099e+00 1.475055035668575709e-01 0.000000000000000000e+00 -3.353956683578296349e-02 1.560312020788090503e-01 0.000000000000000000e+00 8.599999999999999645e+00
-1.659558676995385396e+00 1.631086237747384482e-01 0.000000000000000000e+00 -3.353956683578296349e-02 1.560312020788087728e-01 0.000000000000000000e+00 8.700000000000001066e+00
-1.662912633678963914e+00 1.787117439826193532e-01 0.000000000000000000e+00 -3.353956683578518394e-02 1.560312020788090503e-01 0.000000000000000000e+00 8.800000000000000711e+00
-1.666151385509564431e+00 1.936510098300979477e-01 0.000000000000000000e+00 -3.238751830600516968e-02 1.493926584747859443e-01 0.000000000000000000e+00 8.900000000000000355e+00
-1.669249637923600593e+00 2.077806643816171306e-01 0.000000000000000000e+00 -3.098252414036162250e-02 1.412965455151918293e-01 0.000000000000000000e+00 9.000000000000000000e+00
-1.672347890337636533e+00 2.219103189331363135e-01 0.000000000000000000e+00 -3.098252414035940205e-02 1.412965455151918293e-01 0.000000000000000000e+00 9.099999999999999645e+00
-1.675446142751672696e+00 2.360399734846554964e-01 0.000000000000000000e+00 -3.098252414036162250e-02 1.412965455151918293e-01 0.000000000000000000e+00 9.200000000000001066e+00
-1.679203686930351713e+00 2.494242713635200226e-01 0.000000000000000000e+00 -3.757544178679017577e-02 1.338429787886452615e-01 0.000000000000000000e+00 9.300000000000000711e+00
-1.683544849313310943e+00 2.621487646669722338e-01 0.000000000000000000e+00 -4.341162382959229404e-02 1.272449330345221119e-01 0.000000000000000000e+00 9.400000000000000355e+00
-1.687886011696270172e+00 2.748732579704243895e-01 0.000000000000000000e+00 -4.341162382959229404e-02 1.272449330345215568e-01 0.000000000000000000e+00 9.500000000000000000e+00
-1.692227174079229401e+00 2.875977512738766007e-01 0.000000000000000000e+00 -4.341162382959229404e-02 1.272449330345221119e-01 0.000000000000000000e+00 9.600000000000001421e+00
-1.697678007825412783e+00 2.970288154452672691e-01 0.000000000000000000e+00 -5.450833746183381123e-02 9.431064171390668438e-02 0.000000000000000000e+00 9.700000000000001066e+00
-1.703704890476673617e+00 3.047502056461944275e-01 0.000000000000000000e+00 -6.026882651260834223e-02 7.721390200927158443e-02 0.000000000000000000e+00 9.800000000000000711e+00
-1.709731773127934451e+00 3.124715958471215860e-01 0.000000000000000000e+00 -6.026882651260834223e-02 7.721390200927158443e-02 0.000000000000000000e+00 9.900000000000000355e+00
-1.715758655779195063e+00 3.201929860480487444e-01 0.000000000000000000e+00 -6.026882651260612178e-02 7.721390200927158443e-02 0.000000000000000000e+00 1.000000000000000000e+01
-1.724345302390399848e+00 3.213367455825381080e-01 0.000000000000000000e+00 -8.586646611204784563e-02 1.143759534489363627e-02 0.000000000000000000e+00 1.010000000000000142e+01
-1.734081794493189665e+00 3.195258346530838178e-01 0.000000000000000000e+00 -9.736492102789817693e-02 -1.810910929454290219e-02 0.000000000000000000e+00 1.020000000000000107e+01
-1.743818286595979261e+00 3.177149237236294721e-01 0.000000000000000000e+00 -9.736492102789595648e-02 -1.810910929454345730e-02 0.000000000000000000e+00 1.030000000000000071e+01
-1.753554778698769079e+00 3.159040127941751819e-01 0.000000000000000000e+00 -9.736492102789817693e-02 -1.810910929454290219e-02 0.000000000000000000e+00 1.040000000000000036e+01
-1.764630265093215744e+00 3.108804948513684829e-01 0.000000000000000000e+00 -1.107548639444666527e-01 -5.023517942806698944e-02 0.000000000000000000e+00 1.050000000000000000e+01
-1.776365624613456706e+00 3.042737640113460373e-01 0.000000000000000000e+00 -1.173535952024096218e-01 -6.606730840022445594e-02 0.000000000000000000e+00 1.060000000000000142e+01
-1.788100984133697890e+00 2.976670331713235917e-01 0.000000000000000000e+00 -1.173535952024118423e-01 -6.606730840022445594e-02 0.000000000000000000e+00 1.070000000000000107e+01
-1.799836343653938853e+00 2.910603023313011462e-01 0.000000000000000000e+00 -1.173535952024096218e-01 -6.606730840022445594e-02 0.000000000000000000e+00 1.080000000000000071e+01
-1.813013851860584946e+00 2.820450555862915598e-01 0.000000000000000000e+00 -1.317750820664609357e-01 -9.015246745009586338e-02 0.000000000000000000e+00 1.090000000000000036e+01
-1.826710923380217899e+00 2.721620921385771719e-01 0.000000000000000000e+00 -1.369707151963295289e-01 -9.882963447714387950e-02 0.000000000000000000e+00 1.100000000000000000e+01
-1.840407994899851074e+00 2.622791286908627839e-01 0.000000000000000000e+00 -1.369707151963317493e-01 -9.882963447714387950e-02 0.000000000000000000e+00 1.110000000000000142e+01
-1.854105066419484027e+00 2.523961652431484515e-01 0.000000000000000000e+00 -1.369707151963295289e-01 -9.882963447714332439e-02 0.000000000000000000e+00 1.120000000000000107e+01
-1.868698240941782940e+00 2.417291130124329113e-01 0.000000000000000000e+00 -1.459317452229891288e-01 -1.066705223071554021e-01 0.000000000000000000e+00 1.130000000000000071e+01
-1.885075158782235194e+00 2.295012880543000899e-01 0.000000000000000000e+00 -1.637691784045225418e-01 -1.222782495813282133e-01 0.000000000000000000e+00 1.140000000000000036e+01
-1.901452076622687448e+00 2.172734630961672686e-01 0.000000000000000000e+00 -1.637691784045225418e-01 -1.222782495813282133e-01 0.000000000000000000e+00 1.150000000000000000e+01
-1.917828994463139924e+00 2.050456381380344473e-01 0.000000000000000000e+00 -1.637691784045247623e-01 -1.222782495813282133e-01 0.000000000000000000e+00 1.160000000000000142e+01
-1.934205912303592179e+00 1.928178131799016537e-01 0.000000000000000000e+00 -1.637691784045225418e-01 -1.222782495813279358e-01 0.000000000000000000e+00 1.170000000000000107e+01
-1.950814863969643653e+00 1.802295630211187549e-01 0.000000000000000000e+00 -1.660895166605147466e-01 -1.258825015878289877e-01 0.000000000000000000e+00 1.180000000000000071e+01
-1.967986423838497867e+00 1.667673964242529783e-01 0.000000000000000000e+00 -1.717155986885421370e-01 -1.346216659686577666e-01 0.000000000000000000e+00 1.190000000000000036e+01
-1.985157983707352081e+00 1.533052298273871739e-01 0.000000000000000000e+00 -1.717155986885421370e-01 -1.346216659686580441e-01 0.000000000000000000e+00 1.200000000000000000e+01
-2.002329543576206294e+00 1.398430632305213694e-01 0.000000000000000000e+00 -1.717155986885421370e-01 -1.346216659686580441e-01 0.000000000000000000e+00 1.210000000000000142e+01
-2.019501103445060064e+00 1.263808966336555928e-01 0.000000000000000000e+00 -1.717155986885376961e-01 -1.346216659686577666e-01 0.000000000000000000e+00 1.220000000000000107e+01
-2.037212031375947419e+00 1.123661603375292611e-01 0.000000000000000000e+00 -1.771092793088735462e-01 -1.401473629612633165e-01 0.000000000000000000e+00 1.230000000000000071e+01
-2.056387944762717801e+00 9.685058142620150967e-02 0.000000000000000000e+00 -1.917591338677038237e-01 -1.551557891132775147e-01 0.000000000000000000e+00 1.240000000000000036e+01
-2.075563858149487739e+00 8.133500251487374433e-02 0.000000000000000000e+00 -1.917591338676993828e-01 -1.551557891132776534e-01 0.000000000000000000e+00 1.250000000000000000e+01
-2.094739771536257678e+00 6.581942360354597898e-02 0.000000000000000000e+00 -1.917591338676993828e-01 -1.551557891132776534e-01 0.000000000000000000e+00 1.260000000000000142e+01
-2.113915684923028060e+00 5.030384469221819976e-02 0.000000000000000000e+00 -1.917591338677038237e-01 -1.551557891132777922e-01 0.000000000000000000e+00 1.270000000000000107e+01
-2.133091598309797998e+00 3.478826578089043442e-02 0.000000000000000000e+00 -1.917591338676993828e-01 -1.551557891132776534e-01 0.000000000000000000e+00 1.280000000000000071e+01
-2.151126878605289949e+00 2.022589388740640703e-02 0.000000000000000000e+00 -1.803528029549195111e-01 -1.456237189348402739e-01 0.000000000000000000e+00 1.290000000000000036e+01
-2.168079772006127115e+00 6.568053689430440600e-03 0.000000000000000000e+00 -1.695289340083716567e-01 -1.365784019797596505e-01 0.000000000000000000e+00 1.300000000000000000e+01
-2.185032665406964725e+00 -7.089786508545518895e-03 0.000000000000000000e+00 -1.695289340083760976e-01 -1.365784019797595950e-01 0.000000000000000000e+00 1.310000000000000142e+01
-2.201985558807801890e+00 -2.074762670652148533e-02 0.000000000000000000e+00 -1.695289340083716567e-01 -1.365784019797596505e-01 0.000000000000000000e+00 1.320000000000000107e+01
-2.218938452208639500e+00 -3.440546690449745176e-02 0.000000000000000000e+00 -1.695289340083760976e-01 -1.365784019797596505e-01 0.000000000000000000e+00 1.330000000000000071e+01
-2.235294814768565619e+00 -4.760986397868258169e-02 0.000000000000000000e+00 -1.635636255992611865e-01 -1.320439707418512854e-01 0.000000000000000000e+00 1.340000000000000036e+01
-2.251071456266418913e+00 -6.037359560644742218e-02 0.000000000000000000e+00 -1.577664149785329428e-01 -1.276373162776484049e-01 0.000000000000000000e+00 1.350000000000000000e+01
-2.266848097764272207e+00 -7.313732723421227655e-02 0.000000000000000000e+00 -1.577664149785329428e-01 -1.276373162776485437e-01 0.000000000000000000e+00 1.360000000000000142e+01
-2.282624739262125946e+00 -8.590105886197713092e-02 0.000000000000000000e+00 -1.577664149785373837e-01 -1.276373162776485437e-01 0.000000000000000000e+00 1.370000000000000107e+01
-2.298401380759979240e+00 -9.866479048974197141e-02 0.000000000000000000e+00 -1.577664149785329428e-01 -1.276373162776484049e-01 0.000000000000000000e+00 1.380000000000000071e+01
-2.314034334149134509e+00 -1.113684933296915924e-01 0.000000000000000000e+00 -1.563295338915526855e-01 -1.270370283994962102e-01 0.000000000000000000e+00 1.390000000000000036e+01
-2.329627326862093284e+00 -1.240555017404770810e-01 0.000000000000000000e+00 -1.559299271295877531e-01 -1.268700841078548858e-01 0.000000000000000000e+00 1.400000000000000000e+01
-2.345220319575051615e+00 -1.367425101512625696e-01 0.000000000000000000e+00 -1.559299271295833123e-01 -1.268700841078548858e-01 0.000000000000000000e+00 1.410000000000000142e+01
-2.360813312288009946e+00 -1.494295185620480582e-01 0.000000000000000000e+00 -1.559299271295833123e-01 -1.268700841078548858e-01 0.000000000000000000e+00 1.420000000000000107e+01
-2.376389312006549570e+00 -1.621032582390564136e-01 0.000000000000000000e+00 -1.557599971853962373e-01 -1.267373967700835546e-01 0.000000000000000000e+00 1.430000000000000071e+01
-2.391805451302505325e+00 -1.746521732185200015e-01 0.000000000000000000e+00 -1.541613929595575527e-01 -1.254891497946358792e-01 0.000000000000000000e+00 1.440000000000000036e+01
-2.407221590598461525e+00 -1.872010881979835895e-01 0.000000000000000000e+00 -1.541613929595619936e-01 -1.254891497946358792e-01 0.000000000000000000e+00 1.450000000000000000e+01
-2.422637729894417280e+00 -1.997500031774471774e-01 0.000000000000000000e+00 -1.541613929595575527e-01 -1.254891497946358792e-01 0.000000000000000000e+00 1.460000000000000142e+01
-2.438053869190373479e+00 -2.122989181569107375e-01 0.000000000000000000e+00 -1.541613929595619936e-01 -1.254891497946356016e-01 0.000000000000000000e+00 1.470000000000000107e+01
-2.453059562342663646e+00 -2.244459118109027596e-01 0.000000000000000000e+00 -1.500569315229016709e-01 -1.214699365399202202e-01 0.000000000000000000e+00 1.480000000000000071e+01
-2.467591555490614041e+00 -2.361290440385940548e-01 0.000000000000000000e+00 -1.453199314795039498e-01 -1.168313222769129522e-01 0.000000000000000000e+00 1.490000000000000036e+01
-2.482123548638564436e+00 -2.478121762662853222e-01 0.000000000000000000e+00 -1.453199314795039498e-01 -1.168313222769126747e-01 0.000000000000000000e+00 1.500000000000000000e+01
-2.496655541786514831e+00 -2.594953084939766175e-01 0.000000000000000000e+00 -1.453199314795039498e-01 -1.168313222769129522e-01 0.000000000000000000e+00 1.510000000000000142e+01
-2.511235698932113625e+00 -2.712312203590559467e-01 0.000000000000000000e+00 -1.458015714559879328e-01 -1.173591186507932926e-01 0.000000000000000000e+00 1.520000000000000107e+01
-2.526124307787885215e+00 -2.833051433986530920e-01 0.000000000000000000e+00 -1.488860885577159010e-01 -1.207392303959714530e-01 0.000000000000000000e+00 1.530000000000000071e+01
-2.541012916643656805e+00 -2.953790664382502928e-01 0.000000000000000000e+00 -1.488860885577159010e-01 -1.207392303959720081e-01 0.000000000000000000e+00 1.540000000000000036e+01
-2.555901525499428395e+00 -3.074529894778474381e-01 0.000000000000000000e+00 -1.488860885577159010e-01 -1.207392303959714530e-01 0.000000000000000000e+00 1.550000000000000000e+01
-2.570790134355199985e+00 -3.195269125174445835e-01 0.000000000000000000e+00 -1.488860885577159010e-01 -1.207392303959714530e-01 0.000000000000000000e+00 1.560000000000000142e+01
-2.585672749323327135e+00 -3.313243498089281647e-01 0.000000000000000000e+00 -1.488261496812715023e-01 -1.179743729148358122e-01 0.000000000000000000e+00 1.570000000000000107e+01
-2.600552520463214279e+00 -3.429906071342473939e-01 0.000000000000000000e+00 -1.487977113988714351e-01 -1.166625732531922921e-01 0.000000000000000000e+00 1.580000000000000071e+01
-2.615432291603101422e+00 -3.546568644595665676e-01 0.000000000000000000e+00 -1.487977113988714351e-01 -1.166625732531917370e-01 0.000000000000000000e+00 1.590000000000000036e+01
-2.630312062742988566e+00 -3.663231217848857413e-01 0.000000000000000000e+00 -1.487977113988714351e-01 -1.166625732531917370e-01 0.000000000000000000e+00 1.600000000000000000e+01
-2.645748965468837088e+00 -3.785196268757711757e-01 0.000000000000000000e+00 -1.543690272584852252e-01 -1.219650509088543444e-01 0.000000000000000000e+00 1.610000000000000142e+01
-2.662323876786205634e+00 -3.917992271062141207e-01 0.000000000000000000e+00 -1.657491131736854584e-01 -1.327960023044294502e-01 0.000000000000000000e+00 1.619999999999999929e+01
-2.678898788103574624e+00 -4.050788273366570658e-01 0.000000000000000000e+00 -1.657491131736898993e-01 -1.327960023044294502e-01 0.000000000000000000e+00 1.630000000000000071e+01
-2.695473699420943614e+00 -4.183584275671000663e-01 0.000000000000000000e+00 -1.657491131736898993e-01 -1.327960023044300053e-01 0.000000000000000000e+00 1.640000000000000213e+01
-2.712048610738312604e+00 -4.316380277975430113e-01 0.000000000000000000e+00 -1.657491131736898993e-01 -1.327960023044294502e-01 0.000000000000000000e+00 1.650000000000000000e+01
-2.728509617238659590e+00 -4.448439644271373061e-01 0.000000000000000000e+00 -1.646100650034698631e-01 -1.320593662959429482e-01 0.000000000000000000e+00 1.660000000000000142e+01
-2.743335642223737825e+00 -4.569925390514660846e-01 0.000000000000000000e+00 -1.482602498507823441e-01 -1.214857462432877844e-01 0.000000000000000000e+00 1.669999999999999929e+01
-2.758161667208816059e+00 -4.691411136757949185e-01 0.000000000000000000e+00 -1.482602498507823441e-01 -1.214857462432883395e-01 0.000000000000000000e+00 1.680000000000000071e+01
-2.772987692193894738e+00 -4.812896883001236970e-01 0.000000000000000000e+00 -1.482602498507867850e-01 -1.214857462432877844e-01 0.000000000000000000e+00 1.690000000000000213e+01
-2.787813717178972972e+00 -4.934382629244525309e-01 0.000000000000000000e+00 -1.482602498507823441e-01 -1.214857462432883395e-01 0.000000000000000000e+00 1.700000000000000000e+01
-2.802748296356663449e+00 -5.053531810002543923e-01 0.000000000000000000e+00 -1.493457917769047683e-01 -1.191491807580186135e-01 0.000000000000000000e+00 1.710000000000000142e+01
-2.817756070873474350e+00 -5.171105503909644296e-01 0.000000000000000000e+00 -1.500777451681090113e-01 -1.175736939071003739e-01 0.000000000000000000e+00 1.719999999999999929e+01
-2.832763845390285251e+00 -5.288679197816745781e-01 0.000000000000000000e+00 -1.500777451681090113e-01 -1.175736939071014842e-01 0.000000000000000000e+00 1.730000000000000071e+01
-2.847771619907096152e+00 -5.406252891723846155e-01 0.000000000000000000e+00 -1.500777451681090113e-01 -1.175736939071003739e-01 0.000000000000000000e+00 1.740000000000000213e+01
-2.862774892995159526e+00 -5.523422733196832191e-01 0.000000000000000000e+00 -1.500327308806337356e-01 -1.171698414729860360e-01 0.000000000000000000e+00 1.750000000000000000e+01
-2.877731941257784420e+00 -5.636445445099125262e-01 0.000000000000000000e+00 -1.495704826262489462e-01 -1.130227119022930715e-01 0.000000000000000000e+00 1.760000000000000142e+01
-2.892688989520409315e+00 -5.749468157001418334e-01 0.000000000000000000e+00 -1.495704826262489462e-01 -1.130227119022930715e-01 0.000000000000000000e+00 1.769999999999999929e+01
-2.907646037783033766e+00 -5.862490868903711405e-01 0.000000000000000000e+00 -1.495704826262445053e-01 -1.130227119022930715e-01 0.000000000000000000e+00 1.780000000000000071e+01
-2.922603086045658660e+00 -5.975513580806004477e-01 0.000000000000000000e+00 -1.495704826262489462e-01 -1.130227119022930715e-01 0.000000000000000000e+00 1.790000000000000213e+01
-2.937887199078702771e+00 -6.090176406961999023e-01 0.000000000000000000e+00 -1.528411303304411106e-01 -1.146628261559945461e-01 0.000000000000000000e+00 1.800000000000000000e+01
-2.953349573831451913e+00 -6.205733152652657125e-01 0.000000000000000000e+00 -1.546237475274914175e-01 -1.155567456906581025e-01 0.000000000000000000e+00 1.810000000000000142e+01
-2.968811948584201055e+00 -6.321289898343316338e-01 0.000000000000000000e+00 -1.546237475274914175e-01 -1.155567456906592128e-01 0.000000000000000000e+00 1.819999999999999929e+01
-2.984274323336950197e+00 -6.436846644033975551e-01 0.000000000000000000e+00 -1.546237475274914175e-01 -1.155567456906592128e-01 0.000000000000000000e+00 1.830000000000000071e+01
-2.999713024474645717e+00 -6.552113470978243592e-01 0.000000000000000000e+00 -1.543870113769552077e-01 -1.152668269442680415e-01 0.000000000000000000e+00 1.840000000000000213e+01
-3.014620268933235536e+00 -6.660871817750850798e-01 0.000000000000000000e+00 -1.490724445858981895e-01 -1.087583467726072062e-01 0.000000000000000000e+00 1.850000000000000000e+01
-3.029527513391824911e+00 -6.769630164523458005e-01 0.000000000000000000e+00 -1.490724445858937486e-01 -1.087583467726072062e-01 0.000000000000000000e+00 1.860000000000000142e+01
-3.044434757850414286e+00 -6.878388511296065211e-01 0.000000000000000000e+00 -1.490724445858937486e-01 -1.087583467726072062e-01 0.000000000000000000e+00 1.869999999999999929e+01
-3.059342002309003661e+00 -6.987146858068671307e-01 0.000000000000000000e+00 -1.490724445858937486e-01 -1.087583467726060960e-01 0.000000000000000000e+00 1.880000000000000071e+01
-3.072814495493273679e+00 -7.098820624097929022e-01 0.000000000000000000e+00 -1.347249318427001796e-01 -1.116737660292577150e-01 0.000000000000000000e+00 1.890000000000000213e+01
-3.085583194889625069e+00 -7.211924501393670583e-01 0.000000000000000000e+00 -1.276869939635139062e-01 -1.131038772957415617e-01 0.000000000000000000e+00 1.900000000000000000e+01
-3.098351894285976904e+00 -7.325028378689413255e-01 0.000000000000000000e+00 -1.276869939635183471e-01 -1.131038772957426719e-01 0.000000000000000000e+00 1.910000000000000142e+01
-3.111120593682328739e+00 -7.438132255985154817e-01 0.000000000000000000e+00 -1.276869939635183471e-01 -1.131038772957415617e-01 0.000000000000000000e+00 1.920000000000000284e+01
-3.121158496201024146e+00 -7.560318011676528949e-01 0.000000000000000000e+00 -1.003790251869540739e-01 -1.221857556913741316e-01 0.000000000000000000e+00 1.930000000000000071e+01
-3.129106364373899218e+00 -7.689454646038794694e-01 0.000000000000000000e+00 -7.947868172875072190e-02 -1.291366343622657453e-01 0.000000000000000000e+00 1.940000000000000213e+01
-3.137054232546774291e+00 -7.818591280401061550e-01 0.000000000000000000e+00 -7.947868172875072190e-02 -1.291366343622668555e-01 0.000000000000000000e+00 1.950000000000000000e+01
-3.145002100719648919e+00 -7.947727914763327295e-01 0.000000000000000000e+00 -7.947868172874628101e-02 -1.291366343622657453e-01 0.000000000000000000e+00 1.960000000000000142e+01
-3.152949968892523991e+00 -8.076864549125593040e-01 0.000000000000000000e+00 -7.947868172875072190e-02 -1.291366343622657453e-01 0.000000000000000000e+00 1.970000000000000284e+01
-3.156999586149165093e+00 -8.205998824350286824e-01 0.000000000000000000e+00 -4.049617256641102614e-02 -1.291342752246937842e-01 0.000000000000000000e+00 1.980000000000000071e+01
-3.150659204820975834e+00 -8.335126811771409461e-01 0.000000000000000000e+00 6.340381328189259591e-02 -1.291279874211226364e-01 0.000000000000000000e+00 1.990000000000000213e+01
-3.144318823492787018e+00 -8.464254799192532097e-01 0.000000000000000000e+00 6.340381328188815502e-02 -1.291279874211226364e-01 0.000000000000000000e+00 2.000000000000000000e+01
-3.137978442164598203e+00 -8.593382786613654734e-01 0.000000000000000000e+00 6.340381328188815502e-02 -1.291279874211226364e-01 0.000000000000000000e+00 2.010000000000000142e+01
-3.131638060836408943e+00 -8.722510774034777370e-01 0.000000000000000000e+00 6.340381328189259591e-02 -1.291279874211226364e-01 0.000000000000000000e+00 2.020000000000000284e+01
-3.121044196738239407e+00 -8.840475361210574645e-01 0.000000000000000000e+00 1.059386409816953645e-01 -1.179645871757972753e-01 0.000000000000000000e+00 2.030000000000000071e+01
-3.109229327303297818e+00 -8.955235381208561662e-01 0.000000000000000000e+00 1.181486943494158837e-01 -1.147600199979870172e-01 0.000000000000000000e+00 2.040000000000000213e+01
-3.097414457868356230e+00 -9.069995401206548680e-01 0.000000000000000000e+00 1.181486943494158837e-01 -1.147600199979870172e-01 0.000000000000000000e+00 2.050000000000000000e+01
-3.085599588433414642e+00 -9.184755421204535697e-01 0.000000000000000000e+00 1.181486943494158837e-01 -1.147600199979870172e-01 0.000000000000000000e+00 2.060000000000000142e+01
-3.073162400521925797e+00 -9.302290483234830765e-01 0.000000000000000000e+00 1.243718791148884506e-01 -1.175350620302950677e-01 0.000000000000000000e+00 2.070000000000000284e+01
-3.059380187814996432e+00 -9.425823278712713860e-01 0.000000000000000000e+00 1.378221270692936429e-01 -1.235327954778830950e-01 0.000000000000000000e+00 2.080000000000000071e+01
-3.045597975108067068e+00 -9.549356074190596955e-01 0.000000000000000000e+00 1.378221270692936429e-01 -1.235327954778830950e-01 0.000000000000000000e+00 2.090000000000000213e+01
-3.031815762401138148e+00 -9.672888869668481160e-01 0.000000000000000000e+00 1.378221270692892020e-01 -1.235327954778842052e-01 0.000000000000000000e+00 2.100000000000000000e+01
-3.018033549694208784e+00 -9.796421665146364255e-01 0.000000000000000000e+00 1.378221270692936429e-01 -1.235327954778830950e-01 0.000000000000000000e+00 2.110000000000000142e+01
-3.001791682170605657e+00 -9.917904791916313245e-01 0.000000000000000000e+00 1.624186752360312624e-01 -1.214831267699489903e-01 0.000000000000000000e+00 2.120000000000000284e+01
-2.985374890063752673e+00 -1.003924215130373998e+00 0.000000000000000000e+00 1.641679210685298429e-01 -1.213373593874267353e-01 0.000000000000000000e+00 2.130000000000000071e+01
-2.968958097956900133e+00 -1.016057951069116561e+00 0.000000000000000000e+00 1.641679210685254020e-01 -1.213373593874256251e-01 0.000000000000000000e+00 2.140000000000000213e+01
-2.952541305850047149e+00 -1.028191687007859123e+00 0.000000000000000000e+00 1.641679210685298429e-01 -1.213373593874256251e-01 0.000000000000000000e+00 2.150000000000000000e+01
-2.936256081266039875e+00 -1.040379247288612197e+00 0.000000000000000000e+00 1.628522458400727402e-01 -1.218756028075307363e-01 0.000000000000000000e+00 2.160000000000000142e+01
-2.920562973292893716e+00 -1.052809042782765436e+00 0.000000000000000000e+00 1.569310797314615868e-01 -1.242979549415323959e-01 0.000000000000000000e+00 2.170000000000000284e+01
-2.904869865319747113e+00 -1.065238838276918676e+00 0.000000000000000000e+00 1.569310797314660277e-01 -1.242979549415323959e-01 0.000000000000000000e+00 2.180000000000000071e+01
-2.889176757346600954e+00 -1.077668633771071915e+00 0.000000000000000000e+00 1.569310797314615868e-01 -1.242979549415323959e-01 0.000000000000000000e+00 2.190000000000000213e+01
-2.873483649373454796e+00 -1.090098429265225155e+00 0.000000000000000000e+00 1.569310797314615868e-01 -1.242979549415323959e-01 0.000000000000000000e+00 2.200000000000000000e+01
-2.858555407216935684e+00 -1.101917809901679979e+00 0.000000000000000000e+00 1.492824215651911146e-01 -1.181938063645482373e-01 0.000000000000000000e+00 2.210000000000000142e+01
-2.844765074216715650e+00 -1.112829061764936789e+00 0.000000000000000000e+00 1.379033300022003417e-01 -1.091125186325681007e-01 0.000000000000000000e+00 2.220000000000000284e+01
-2.830974741216495172e+00 -1.123740313628193377e+00 0.000000000000000000e+00 1.379033300022047825e-01 -1.091125186325658802e-01 0.000000000000000000e+00 2.230000000000000071e+01
-2.817184408216274694e+00 -1.134651565491449965e+00 0.000000000000000000e+00 1.379033300022047825e-01 -1.091125186325658802e-01 0.000000000000000000e+00 2.240000000000000213e+01
-2.802824702846186788e+00 -1.146000905964029037e+00 0.000000000000000000e+00 1.435970537008790515e-01 -1.134934047257907253e-01 0.000000000000000000e+00 2.250000000000000000e+01
-2.787577373008486514e+00 -1.158033205760234496e+00 0.000000000000000000e+00 1.524732983770027417e-01 -1.203229979620545897e-01 0.000000000000000000e+00 2.260000000000000142e+01
-2.772330043170786684e+00 -1.170065505556440177e+00 0.000000000000000000e+00 1.524732983769983008e-01 -1.203229979620568102e-01 0.000000000000000000e+00 2.270000000000000284e+01
-2.757082713333086410e+00 -1.182097805352645636e+00 0.000000000000000000e+00 1.524732983770027417e-01 -1.203229979620545897e-01 0.000000000000000000e+00 2.280000000000000071e+01
-2.741835383495386580e+00 -1.194130105148851317e+00 0.000000000000000000e+00 1.524732983769983008e-01 -1.203229979620568102e-01 0.000000000000000000e+00 2.290000000000000213e+01
-2.724482572200606523e+00 -1.207843160008253980e+00 0.000000000000000000e+00 1.735281129478005724e-01 -1.371305485940266244e-01 0.000000000000000000e+00 2.300000000000000000e+01
-2.707039908508181991e+00 -1.221627941869465772e+00 0.000000000000000000e+00 1.744266369242453152e-01 -1.378478186121179228e-01 0.000000000000000000e+00 2.310000000000000142e+01
-2.689597244815757460e+00 -1.235412723730677786e+00 0.000000000000000000e+00 1.744266369242453152e-01 -1.378478186121201432e-01 0.000000000000000000e+00 2.320000000000000284e+01
-2.672154581123333372e+00 -1.249197505591889579e+00 0.000000000000000000e+00 1.744266369242408743e-01 -1.378478186121179228e-01 0.000000000000000000e+00 2.330000000000000071e+01
-2.654711917430908841e+00 -1.262982287453101593e+00 0.000000000000000000e+00 1.744266369242453152e-01 -1.378478186121201432e-01 0.000000000000000000e+00 2.340000000000000213e+01
-2.638494709978927766e+00 -1.275806982805355760e+00 0.000000000000000000e+00 1.621720745198107494e-01 -1.282469535225416735e-01 0.000000000000000000e+00 2.350000000000000000e+01
-2.623079670160072485e+00 -1.288003218081215984e+00 0.000000000000000000e+00 1.541503981885528063e-01 -1.219623527586022327e-01 0.000000000000000000e+00 2.360000000000000142e+01
-2.607664630341217205e+00 -1.300199453357076207e+00 0.000000000000000000e+00 1.541503981885528063e-01 -1.219623527586022327e-01 0.000000000000000000e+00 2.370000000000000284e+01
-2.592249590522361924e+00 -1.312395688632936430e+00 0.000000000000000000e+00 1.541503981885528063e-01 -1.219623527586022327e-01 0.000000000000000000e+00 2.380000000000000071e+01
-2.576777015449705388e+00 -1.324634742826161782e+00 0.000000000000000000e+00 1.547257507265653587e-01 -1.223905419322535160e-01 0.000000000000000000e+00 2.390000000000000213e+01
-2.559725301965788180e+00 -1.338049024252645269e+00 0.000000000000000000e+00 1.705171348391720798e-01 -1.341428142648348754e-01 0.000000000000000000e+00 2.400000000000000000e+01
-2.542673588481871416e+00 -1.351463305679128535e+00 0.000000000000000000e+00 1.705171348391676389e-01 -1.341428142648326549e-01 0.000000000000000000e+00 2.410000000000000142e+01
-2.525621874997954652e+00 -1.364877587105612022e+00 0.000000000000000000e+00 1.705171348391676389e-01 -1.341428142648348754e-01 0.000000000000000000e+00 2.420000000000000284e+01
-2.508570161514037444e+00 -1.378291868532095288e+00 0.000000000000000000e+00 1.705171348391720798e-01 -1.341428142648326549e-01 0.000000000000000000e+00 2.430000000000000071e+01
-2.491518448030120680e+00 -1.391706149958578775e+00 0.000000000000000000e+00 1.705171348391676389e-01 -1.341428142648348754e-01 0.000000000000000000e+00 2.440000000000000213e+01
-2.476144212714705084e+00 -1.403869334187849205e+00 0.000000000000000000e+00 1.537423531541559640e-01 -1.216318422927042953e-01 0.000000000000000000e+00 2.450000000000000000e+01
-2.460854363112388921e+00 -1.415969581842965841e+00 0.000000000000000000e+00 1.528984960231616341e-01 -1.210024765511663603e-01 0.000000000000000000e+00 2.460000000000000142e+01
-2.445564513510073201e+00 -1.428069829498082477e+00 0.000000000000000000e+00 1.528984960231571932e-01 -1.210024765511663603e-01 0.000000000000000000e+00 2.470000000000000284e+01
-2.430274663907757038e+00 -1.440170077153199113e+00 0.000000000000000000e+00 1.528984960231616341e-01 -1.210024765511663603e-01 0.000000000000000000e+00 2.480000000000000071e+01
-2.415140752554876702e+00 -1.452134256566358417e+00 0.000000000000000000e+00 1.513391135288033595e-01 -1.196417941315930378e-01 0.000000000000000000e+00 2.490000000000000213e+01
-2.400257004929942539e+00 -1.463880148684475468e+00 0.000000000000000000e+00 1.488374762493416270e-01 -1.174589211811705169e-01 0.000000000000000000e+00 2.500000000000000000e+01
-2.385373257305007932e+00 -1.475626040802592520e+00 0.000000000000000000e+00 1.488374762493460679e-01 -1.174589211811705169e-01 0.000000000000000000e+00 2.510000000000000142e+01
-2.370489509680073326e+00 -1.487371932920709572e+00 0.000000000000000000e+00 1.488374762493460679e-01 -1.174589211811705169e-01 0.000000000000000000e+00 2.520000000000000284e+01
-2.355605762055138719e+00 -1.499117825038826624e+00 0.000000000000000000e+00 1.488374762493460679e-01 -1.174589211811705169e-01 0.000000000000000000e+00 2.530000000000000071e+01
-2.339454347769409193e+00 -1.511789168672677208e+00 0.000000000000000000e+00 1.615141428572952620e-01 -1.267134363385058471e-01 0.000000000000000000e+00 2.540000000000000213e+01
-2.323223439499546128e+00 -1.524518546354738602e+00 0.000000000000000000e+00 1.623090826986306467e-01 -1.272937768206139353e-01 0.000000000000000000e+00 2.550000000000000000e+01
-2.306992531229683063e+00 -1.537247924036799995e+00 0.000000000000000000e+00 1.623090826986306467e-01 -1.272937768206139353e-01 0.000000000000000000e+00 2.560000000000000142e+01
-2.290761622959819555e+00 -1.549977301718861389e+00 0.000000000000000000e+00 1.623090826986350876e-01 -1.272937768206139353e-01 0.000000000000000000e+00 2.570000000000000284e+01
-2.274564064565492316e+00 -1.562688894699189035e+00 0.000000000000000000e+00 1.619755839432723832e-01 -1.271159298032764617e-01 0.000000000000000000e+00 2.580000000000000071e+01
-2.258652203683946258e+00 -1.575248131936976437e+00 0.000000000000000000e+00 1.591186088154605827e-01 -1.255923723778740175e-01 0.000000000000000000e+00 2.590000000000000213e+01
-2.242740342802399756e+00 -1.587807369174764061e+00 0.000000000000000000e+00 1.591186088154650236e-01 -1.255923723778762380e-01 0.000000000000000000e+00 2.600000000000000000e+01
-2.226828481920853697e+00 -1.600366606412551684e+00 0.000000000000000000e+00 1.591186088154605827e-01 -1.255923723778762380e-01 0.000000000000000000e+00 2.610000000000000142e+01
-2.210916621039307195e+00 -1.612925843650339308e+00 0.000000000000000000e+00 1.591186088154650236e-01 -1.255923723778762380e-01 0.000000000000000000e+00 2.620000000000000284e+01
-2.194416387609108288e+00 -1.625909915446845710e+00 0.000000000000000000e+00 1.650023343019890731e-01 -1.298407179650640231e-01 0.000000000000000000e+00 2.630000000000000071e+01
-2.176835477527959917e+00 -1.639674290112979715e+00 0.000000000000000000e+00 1.758091008114837095e-01 -1.376437466613400495e-01 0.000000000000000000e+00 2.640000000000000213e+01
-2.159254567446811990e+00 -1.653438664779113720e+00 0.000000000000000000e+00 1.758091008114792686e-01 -1.376437466613400495e-01 0.000000000000000000e+00 2.650000000000000000e+01
-2.141673657365663619e+00 -1.667203039445247725e+00 0.000000000000000000e+00 1.758091008114837095e-01 -1.376437466613400495e-01 0.000000000000000000e+00 2.660000000000000142e+01
-2.124092747284515248e+00 -1.680967414111381730e+00 0.000000000000000000e+00 1.758091008114837095e-01 -1.376437466613400495e-01 0.000000000000000000e+00 2.670000000000000284e+01
-2.106549826255787572e+00 -1.694702670048777282e+00 0.000000000000000000e+00 1.754292102872767600e-01 -1.373525593739555184e-01 0.000000000000000000e+00 2.680000000000000071e+01
-2.091064820967709625e+00 -1.706860527067271649e+00 0.000000000000000000e+00 1.548500528807794652e-01 -1.215785701849436684e-01 0.000000000000000000e+00 2.690000000000000213e+01
-2.075579815679631235e+00 -1.719018384085766016e+00 0.000000000000000000e+00 1.548500528807839061e-01 -1.215785701849436684e-01 0.000000000000000000e+00 2.700000000000000000e+01
-2.060094810391552844e+00 -1.731176241104260605e+00 0.000000000000000000e+00 1.548500528807839061e-01 -1.215785701849458889e-01 0.000000000000000000e+00 2.710000000000000142e+01
-2.044609805103474898e+00 -1.743334098122754972e+00 0.000000000000000000e+00 1.548500528807794652e-01 -1.215785701849436684e-01 0.000000000000000000e+00 2.720000000000000284e+01
-2.029433436483941922e+00 -1.755320923574811287e+00 0.000000000000000000e+00 1.517636861953297611e-01 -1.198682545205631556e-01 0.000000000000000000e+00 2.730000000000000071e+01
-2.014566521807411359e+00 -1.767136264566315784e+00 0.000000000000000000e+00 1.486691467653056264e-01 -1.181534099150449713e-01 0.000000000000000000e+00 2.740000000000000213e+01
-1.999699607130880574e+00 -1.778951605557820503e+00 0.000000000000000000e+00 1.486691467653078469e-01 -1.181534099150471917e-01 0.000000000000000000e+00 2.750000000000000000e+01
-1.984832692454349790e+00 -1.790766946549325001e+00 0.000000000000000000e+00 1.486691467653078469e-01 -1.181534099150449713e-01 0.000000000000000000e+00 2.760000000000000142e+01
-1.969860057378514773e+00 -1.802658545054055317e+00 0.000000000000000000e+00 1.497263507583501685e-01 -1.189159850473031632e-01 0.000000000000000000e+00 2.770000000000000284e+01
-1.953067325165286139e+00 -1.815863003540778120e+00 0.000000000000000000e+00 1.679273221322863385e-01 -1.320445848672280320e-01 0.000000000000000000e+00 2.780000000000000071e+01
-1.936274592952057505e+00 -1.829067462027500923e+00 0.000000000000000000e+00 1.679273221322863385e-01 -1.320445848672280320e-01 0.000000000000000000e+00 2.790000000000000213e+01
-1.919481860738828871e+00 -1.842271920514223726e+00 0.000000000000000000e+00 1.679273221322863385e-01 -1.320445848672280320e-01 0.000000000000000000e+00 2.800000000000000000e+01
-1.902689128525600459e+00 -1.855476379000946308e+00 0.000000000000000000e+00 1.679273221322841181e-01 -1.320445848672258116e-01 0.000000000000000000e+00 2.810000000000000142e+01
-1.886008879704354380e+00 -1.868607222813594593e+00 0.000000000000000000e+00 1.668024882124607977e-01 -1.313084381264828515e-01 0.000000000000000000e+00 2.820000000000000284e+01
-1.871053455463868920e+00 -1.880609256433816157e+00 0.000000000000000000e+00 1.495542424048545982e-01 -1.200203362022156384e-01 0.000000000000000000e+00 2.830000000000000071e+01
-1.856098031223383682e+00 -1.892611290054037942e+00 0.000000000000000000e+00 1.495542424048523777e-01 -1.200203362022178588e-01 0.000000000000000000e+00 2.840000000000000213e+01
-1.841142606982898444e+00 -1.904613323674259728e+00 0.000000000000000000e+00 1.495542424048523777e-01 -1.200203362022178588e-01 0.000000000000000000e+00 2.850000000000000000e+01
-1.826187182742412984e+00 -1.916615357294481514e+00 0.000000000000000000e+00 1.495542424048545982e-01 -1.200203362022178588e-01 0.000000000000000000e+00 2.860000000000000142e+01
-1.810606045446673917e+00 -1.928731302358554611e+00 0.000000000000000000e+00 1.558113729573906703e-01 -1.211594506407309702e-01 0.000000000000000000e+00 2.870000000000000284e+01
-1.794635148009153802e+00 -1.940918203494477412e+00 0.000000000000000000e+00 1.597089743752011515e-01 -1.218690113592280078e-01 0.000000000000000000e+00 2.880000000000000071e+01
-1.778664250571633687e+00 -1.953105104630400435e+00 0.000000000000000000e+00 1.597089743752011515e-01 -1.218690113592302282e-01 0.000000000000000000e+00 2.890000000000000213e+01
-1.762693353134113350e+00 -1.965292005766323236e+00 0.000000000000000000e+00 1.597089743752033719e-01 -1.218690113592280078e-01 0.000000000000000000e+00 2.900000000000000000e+01
-1.746722455696593235e+00 -1.977478906902246258e+00 0.000000000000000000e+00 1.597089743752011515e-01 -1.218690113592302282e-01 0.000000000000000000e+00 2.910000000000000142e+01
-1.730840609561223875e+00 -1.988588640143933439e+00 0.000000000000000000e+00 1.588184613536935963e-01 -1.110973324168718079e-01 0.000000000000000000e+00 2.920000000000000284e+01
-1.714965274630224856e+00 -1.999619613613093039e+00 0.000000000000000000e+00 1.587533493099901882e-01 -1.103097346915959953e-01 0.000000000000000000e+00 2.930000000000000071e+01
-1.699089939699225837e+00 -2.010650587082252638e+00 0.000000000000000000e+00 1.587533493099901882e-01 -1.103097346915959953e-01 0.000000000000000000e+00 2.940000000000000213e+01
-1.683214604768226819e+00 -2.021681560551412016e+00 0.000000000000000000e+00 1.587533493099901882e-01 -1.103097346915937749e-01 0.000000000000000000e+00 2.950000000000000000e+01
-1.666182950425451947e+00 -2.030754945849950754e+00 0.000000000000000000e+00 1.703165434277487122e-01 -9.073385298538738652e-02 0.000000000000000000e+00 2.960000000000000142e+01
-1.647473452042926167e+00 -2.036987829111671644e+00 0.000000000000000000e+00 1.870949838252577990e-01 -6.232883261720889578e-02 0.000000000000000000e+00 2.970000000000000284e+01
-1.628763953660400610e+00 -2.043220712373392534e+00 0.000000000000000000e+00 1.870949838252555786e-01 -6.232883261720889578e-02 0.000000000000000000e+00 2.980000000000000071e+01
-1.610054455277875052e+00 -2.049453595635113423e+00 0.000000000000000000e+00 1.870949838252555786e-01 -6.232883261720889578e-02 0.000000000000000000e+00 2.990000000000000213e+01
-1.591344956895349494e+00 -2.055686478896834313e+00 0.000000000000000000e+00 1.870949838252555786e-01 -6.232883261720889578e-02 0.000000000000000000e+00 3.000000000000000000e+01
-1.570309549038853003e+00 -2.060812651987230293e+00 0.000000000000000000e+00 2.103540785649649081e-01 -5.126173090395980125e-02 0.000000000000000000e+00 3.010000000000000142e+01
-1.548433681553459396e+00 -2.065538919049340727e+00 0.000000000000000000e+00 2.187586748539360748e-01 -4.726267062110434125e-02 0.000000000000000000e+00 3.020000000000000284e+01
-1.526557814068065788e+00 -2.070265186111451161e+00 0.000000000000000000e+00 2.187586748539360748e-01 -4.726267062110434125e-02 0.000000000000000000e+00 3.030000000000000071e+01
-1.504681946582671959e+00 -2.074991453173561595e+00 0.000000000000000000e+00 2.187586748539382953e-01 -4.726267062110434125e-02 0.000000000000000000e+00 3.040000000000000213e+01
-1.482806079097278351e+00 -2.079717720235672029e+00 0.000000000000000000e+00 2.187586748539360748e-01 -4.726267062110434125e-02 0.000000000000000000e+00 3.050000000000000000e+01
-1.461788041796949100e+00 -2.083098141800502123e+00 0.000000000000000000e+00 2.101803730032925088e-01 -3.380421564830093928e-02 0.000000000000000000e+00 3.060000000000000142e+01
-1.442091840905805222e+00 -2.084404740818145196e+00 0.000000000000000000e+00 1.969620089114387795e-01 -1.306599017643073068e-02 0.000000000000000000e+00 3.070000000000000284e+01
-1.422395640014661344e+00 -2.085711339835788714e+00 0.000000000000000000e+00 1.969620089114387795e-01 -1.306599017643517158e-02 0.000000000000000000e+00 3.080000000000000071e+01
-1.402699439123517466e+00 -2.087017938853432231e+00 0.000000000000000000e+00 1.969620089114387795e-01 -1.306599017643517158e-02 0.000000000000000000e+00 3.090000000000000213e+01
-1.383003238232373588e+00 -2.088324537871075748e+00 0.000000000000000000e+00 1.969620089114387795e-01 -1.306599017643517158e-02 0.000000000000000000e+00 3.100000000000000000e+01
-1.361905869271843539e+00 -2.083798384013910265e+00 0.000000000000000000e+00 2.109736896053004962e-01 4.526153857165482464e-02 0.000000000000000000e+00 3.110000000000000142e+01
-1.340451390307920487e+00 -2.077785660169586546e+00 0.000000000000000000e+00 2.145447896392305154e-01 6.012723844323719646e-02 0.000000000000000000e+00 3.120000000000000284e+01
-1.318996911343997214e+00 -2.071772936325262382e+00 0.000000000000000000e+00 2.145447896392327358e-01 6.012723844324163736e-02 0.000000000000000000e+00 3.130000000000000071e+01
-1.297542432380074162e+00 -2.065760212480938662e+00 0.000000000000000000e+00 2.145447896392305154e-01 6.012723844323719646e-02 0.000000000000000000e+00 3.140000000000000213e+01
-1.276087953416150889e+00 -2.059747488636614499e+00 0.000000000000000000e+00 2.145447896392327358e-01 6.012723844324163736e-02 0.000000000000000000e+00 3.150000000000000000e+01
-1.255850047231297673e+00 -2.053255842358416405e+00 0.000000000000000000e+00 2.023790618485321602e-01 6.491646278198093256e-02 0.000000000000000000e+00 3.160000000000000142e+01
-1.237091308698840653e+00 -2.046181899168450169e+00 0.000000000000000000e+00 1.875873853245701994e-01 7.073943189966236389e-02 0.000000000000000000e+00 3.170000000000000284e+01
-1.218332570166383633e+00 -2.039107955978484377e+00 0.000000000000000000e+00 1.875873853245701994e-01 7.073943189965792300e-02 0.000000000000000000e+00 3.180000000000000071e+01
-1.199573831633926613e+00 -2.032034012788518140e+00 0.000000000000000000e+00 1.875873853245701994e-01 7.073943189966236389e-02 0.000000000000000000e+00 3.190000000000000213e+01
-1.180815093101469593e+00 -2.024960069598551904e+00 0.000000000000000000e+00 1.875873853245701994e-01 7.073943189966236389e-02 0.000000000000000000e+00 3.200000000000000000e+01
-1.162712194077818229e+00 -2.018788825107046048e+00 0.000000000000000000e+00 1.810289902365136427e-01 6.171244491505856189e-02 0.000000000000000000e+00 3.210000000000000142e+01
-1.145346012225616716e+00 -2.013631599476666700e+00 0.000000000000000000e+00 1.736618185220151211e-01 5.157225630379347336e-02 0.000000000000000000e+00 3.220000000000000284e+01
-1.127979830373415204e+00 -2.008474373846287353e+00 0.000000000000000000e+00 1.736618185220151211e-01 5.157225630379347336e-02 0.000000000000000000e+00 3.230000000000000426e+01
-1.110613648521213692e+00 -2.003317148215908450e+00 0.000000000000000000e+00 1.736618185220151211e-01 5.157225630378903247e-02 0.000000000000000000e+00 3.239999999999999858e+01
-1.093247466669012402e+00 -1.998159922585529102e+00 0.000000000000000000e+00 1.736618185220129007e-01 5.157225630379347336e-02 0.000000000000000000e+00 3.250000000000000000e+01
-1.077206730960620140e+00 -1.992531263455168400e+00 0.000000000000000000e+00 1.604073570839226193e-01 5.628659130360702534e-02 0.000000000000000000e+00 3.260000000000000142e+01
-1.061338459860722727e+00 -1.986841262266976660e+00 0.000000000000000000e+00 1.586827109989741302e-01 5.690001188191740056e-02 0.000000000000000000e+00 3.270000000000000284e+01
-1.045470188760825314e+00 -1.981151261078784698e+00 0.000000000000000000e+00 1.586827109989741302e-01 5.690001188191962100e-02 0.000000000000000000e+00 3.280000000000000426e+01
-1.029601917660927901e+00 -1.975461259890592958e+00 0.000000000000000000e+00 1.586827109989741302e-01 5.690001188191740056e-02 0.000000000000000000e+00 3.289999999999999858e+01
-1.013724490743525886e+00 -1.970320612003875649e+00 0.000000000000000000e+00 1.587742691740201550e-01 5.140647886717308879e-02 0.000000000000000000e+00 3.300000000000000000e+01
-9.978334479674902946e-01 -1.965996921957221089e+00 0.000000000000000000e+00 1.589104277603559101e-01 4.323690046654560248e-02 0.000000000000000000e+00 3.310000000000000142e+01
-9.819424051914548146e-01 -1.961673231910566528e+00 0.000000000000000000e+00 1.589104277603547999e-01 4.323690046654560248e-02 0.000000000000000000e+00 3.320000000000000284e+01
-9.660513624154192236e-01 -1.957349541863912190e+00 0.000000000000000000e+00 1.589104277603559101e-01 4.323690046654338204e-02 0.000000000000000000e+00 3.330000000000000426e+01
-9.500500815623649231e-01 -1.953103523432877298e+00 0.000000000000000000e+00 1.600128085305430048e-01 4.246018431034892515e-02 0.000000000000000000e+00 3.339999999999999858e+01
-9.328645324998309230e-01 -1.949691917462988311e+00 0.000000000000000000e+00 1.718554906253400016e-01 3.411605969888986678e-02 0.000000000000000000e+00 3.350000000000000000e+01
-9.156789834372968118e-01 -1.946280311493099324e+00 0.000000000000000000e+00 1.718554906253411119e-01 3.411605969888986678e-02 0.000000000000000000e+00 3.360000000000000142e+01
-8.984934343747628116e-01 -1.942868705523210116e+00 0.000000000000000000e+00 1.718554906253400016e-01 3.411605969889208723e-02 0.000000000000000000e+00 3.370000000000000284e+01
-8.813078853122287004e-01 -1.939457099553321129e+00 0.000000000000000000e+00 1.718554906253411119e-01 3.411605969888986678e-02 0.000000000000000000e+00 3.380000000000000426e+01
-8.649287248664334626e-01 -1.936335879760849421e+00 0.000000000000000000e+00 1.637916044579523778e-01 3.121219792471707777e-02 0.000000000000000000e+00 3.389999999999999858e+01
-8.490761169198108860e-01 -1.933404275203848943e+00 0.000000000000000000e+00 1.585260794662257666e-01 2.931604557000477840e-02 0.000000000000000000e+00 3.400000000000000000e+01
-8.332235089731881983e-01 -1.930472670646848243e+00 0.000000000000000000e+00 1.585260794662268768e-01 2.931604557000699884e-02 0.000000000000000000e+00 3.410000000000000142e+01
-8.173709010265655106e-01 -1.927541066089847765e+00 0.000000000000000000e+00 1.585260794662268768e-01 2.931604557000477840e-02 0.000000000000000000e+00 3.420000000000000284e+01
-8.007015280486560194e-01 -1.923251807342533537e+00 0.000000000000000000e+00 1.666937297790949124e-01 4.289258747314228515e-02 0.000000000000000000e+00 3.430000000000000426e+01
-7.837056954230776640e-01 -1.918419896434992333e+00 0.000000000000000000e+00 1.699583262557835539e-01 4.831910907541203670e-02 0.000000000000000000e+00 3.439999999999999858e+01
-7.667098627974991976e-01 -1.913587985527451130e+00 0.000000000000000000e+00 1.699583262557846641e-01 4.831910907541203670e-02 0.000000000000000000e+00 3.450000000000000000e+01
-7.497140301719208422e-01 -1.908756074619909704e+00 0.000000000000000000e+00 1.699583262557835539e-01 4.831910907541425715e-02 0.000000000000000000e+00 3.460000000000000142e+01
-7.319429402621024927e-01 -1.903802297418575318e+00 0.000000000000000000e+00 1.777108990981834946e-01 4.953777201334386149e-02 0.000000000000000000e+00 3.470000000000000284e+01
-7.134069790449577564e-01 -1.898728286543404753e+00 0.000000000000000000e+00 1.853596121714473632e-01 5.074010875170564816e-02 0.000000000000000000e+00 3.480000000000000426e+01
-6.948710178278130201e-01 -1.893654275668234188e+00 0.000000000000000000e+00 1.853596121714473632e-01 5.074010875170564816e-02 0.000000000000000000e+00 3.489999999999999858e+01
-6.763350566106683948e-01 -1.888580264793063623e+00 0.000000000000000000e+00 1.853596121714462530e-01 5.074010875170564816e-02 0.000000000000000000e+00 3.500000000000000000e+01
-6.578312821653975462e-01 -1.883457225153137404e+00 0.000000000000000000e+00 1.850377444527084858e-01 5.123039639926219024e-02 0.000000000000000000e+00 3.510000000000000142e+01
-6.410632824187921797e-01 -1.875690152439536407e+00 0.000000000000000000e+00 1.676799974660536652e-01 7.767072713600997602e-02 0.000000000000000000e+00 3.520000000000000284e+01
-6.242952826721868131e-01 -1.867923079725935187e+00 0.000000000000000000e+00 1.676799974660536652e-01 7.767072713601219647e-02 0.000000000000000000e+00 3.530000000000000426e+01
-6.075272829255814466e-01 -1.860156007012334189e+00 0.000000000000000000e+00 1.676799974660536652e-01 7.767072713600997602e-02 0.000000000000000000e+00 3.539999999999999858e+01
-5.907592831789760801e-01 -1.852388934298732970e+00 0.000000000000000000e+00 1.676799974660536652e-01 7.767072713601219647e-02 0.000000000000000000e+00 3.550000000000000000e+01
-5.742191902938997838e-01 -1.844916524920660272e+00 0.000000000000000000e+00 1.654009288507629627e-01 7.472409378072697450e-02 0.000000000000000000e+00 3.560000000000000142e+01
-5.592419034212117168e-01 -1.839464684951093165e+00 0.000000000000000000e+00 1.497728687268806702e-01 5.451839969567107147e-02 0.000000000000000000e+00 3.570000000000000284e+01
-5.442646165485237608e-01 -1.834012844981526058e+00 0.000000000000000000e+00 1.497728687268795600e-01 5.451839969567107147e-02 0.000000000000000000e+00 3.580000000000000426e+01
-5.292873296758356938e-01 -1.828561005011958951e+00 0.000000000000000000e+00 1.497728687268806702e-01 5.451839969567107147e-02 0.000000000000000000e+00 3.589999999999999858e+01
-5.143163943964146334e-01 -1.823105074517138213e+00 0.000000000000000000e+00 1.497093527942106039e-01 5.455930494820737664e-02 0.000000000000000000e+00 3.600000000000000000e+01
-4.998315105541881742e-01 -1.817336119306335984e+00 0.000000000000000000e+00 1.448488384222645919e-01 5.768955210802229061e-02 0.000000000000000000e+00 3.610000000000000142e+01
-4.853466267119617150e-01 -1.811567164095533533e+00 0.000000000000000000e+00 1.448488384222645919e-01 5.768955210802451106e-02 0.000000000000000000e+00 3.620000000000000284e+01
-4.708617428697352558e-01 -1.805798208884731304e+00 0.000000000000000000e+00 1.448488384222645919e-01 5.768955210802229061e-02 0.000000000000000000e+00 3.630000000000000426e+01
-4.563768590275087411e-01 -1.800029253673929075e+00 0.000000000000000000e+00 1.448488384222651471e-01 5.768955210802229061e-02 0.000000000000000000e+00 3.639999999999999858e+01
-4.415453298141721050e-01 -1.793146524352167370e+00 0.000000000000000000e+00 1.483152921333663610e-01 6.882729321761704711e-02 0.000000000000000000e+00 3.650000000000000000e+01
-4.266312601237551849e-01 -1.785998591874269792e+00 0.000000000000000000e+00 1.491406969041692010e-01 7.147932477897578352e-02 0.000000000000000000e+00 3.660000000000000142e+01
-4.117171904333382648e-01 -1.778850659396372214e+00 0.000000000000000000e+00 1.491406969041692010e-01 7.147932477897578352e-02 0.000000000000000000e+00 3.670000000000000284e+01
-3.968031207429213447e-01 -1.771702726918474635e+00 0.000000000000000000e+00 1.491406969041692010e-01 7.147932477897578352e-02 0.000000000000000000e+00 3.680000000000000426e+01
-3.812301429162717747e-01 -1.764111727967344168e+00 0.000000000000000000e+00 1.557297782664956998e-01 7.590998951130467631e-02 0.000000000000000000e+00 3.689999999999999858e+01
-3.648344012433968886e-01 -1.755967481824981968e+00 0.000000000000000000e+00 1.639574167287488615e-01 8.144246142362199237e-02 0.000000000000000000e+00 3.700000000000000000e+01
-3.484386595705220580e-01 -1.747823235682619769e+00 0.000000000000000000e+00 1.639574167287483064e-01 8.144246142362199237e-02 0.000000000000000000e+00 3.710000000000000142e+01
-3.320429178976471718e-01 -1.739678989540257348e+00 0.000000000000000000e+00 1.639574167287488615e-01 8.144246142362421281e-02 0.000000000000000000e+00 3.720000000000000284e+01
-3.156471762247723412e-01 -1.731534743397895149e+00 0.000000000000000000e+00 1.639574167287483064e-01 8.144246142362199237e-02 0.000000000000000000e+00 3.730000000000000426e+01
-2.977772550600006340e-01 -1.723146554713604450e+00 0.000000000000000000e+00 1.786992116477170711e-01 8.388188684290698305e-02 0.000000000000000000e+00 3.739999999999999858e+01
-2.794963311528748662e-01 -1.714690354600406863e+00 0.000000000000000000e+00 1.828092390712576787e-01 8.456200113197587243e-02 0.000000000000000000e+00 3.750000000000000000e+01
-2.612154072457490428e-01 -1.706234154487209054e+00 0.000000000000000000e+00 1.828092390712582338e-01 8.456200113197809287e-02 0.000000000000000000e+00 3.760000000000000142e+01
-2.429344833386232749e-01 -1.697777954374011244e+00 0.000000000000000000e+00 1.828092390712576787e-01 8.456200113197809287e-02 0.000000000000000000e+00 3.770000000000000284e+01
-2.239524737064723103e-01 -1.689373983334838458e+00 0.000000000000000000e+00 1.898200963215096460e-01 8.403971039172786206e-02 0.000000000000000000e+00 3.780000000000000426e+01
-2.022952063305997195e-01 -1.681169312081333800e+00 0.000000000000000000e+00 2.165726737587259088e-01 8.204671253504658424e-02 0.000000000000000000e+00 3.789999999999999858e+01
-1.806379389547271286e-01 -1.672964640827829363e+00 0.000000000000000000e+00 2.165726737587259088e-01 8.204671253504436379e-02 0.000000000000000000e+00 3.800000000000000000e+01
-1.589806715788545377e-01 -1.664759969574324705e+00 0.000000000000000000e+00 2.165726737587259088e-01 8.204671253504658424e-02 0.000000000000000000e+00 3.810000000000000142e+01
-1.373234042029819191e-01 -1.656555298320820269e+00 0.000000000000000000e+00 2.165726737587261863e-01 8.204671253504436379e-02 0.000000000000000000e+00 3.820000000000000284e+01
-1.156661368271093282e-01 -1.648350627067315610e+00 0.000000000000000000e+00 2.165726737587259088e-01 8.204671253504658424e-02 0.000000000000000000e+00 3.830000000000000426e+01
-9.531264904603845012e-02 -1.640736204964190703e+00 0.000000000000000000e+00 2.035348778107087808e-01 7.614422103124907082e-02 0.000000000000000000e+00 3.840000000000000568e+01
-7.577122917225773135e-02 -1.633489423522293649e+00 0.000000000000000000e+00 1.954141987378071876e-01 7.246781441897054421e-02 0.000000000000000000e+00 3.850000000000000000e+01
-5.622980929847702647e-02 -1.626242642080396594e+00 0.000000000000000000e+00 1.954141987378070489e-01 7.246781441897054421e-02 0.000000000000000000e+00 3.860000000000000142e+01
-3.668838942469632158e-02 -1.618995860638499540e+00 0.000000000000000000e+00 1.954141987378070489e-01 7.246781441897054421e-02 0.000000000000000000e+00 3.870000000000000284e+01
-1.714696955091558894e-02 -1.611749079196602707e+00 0.000000000000000000e+00 1.954141987378073264e-01 7.246781441896832376e-02 0.000000000000000000e+00 3.880000000000000426e+01
1.284814512560636737e-03 -1.604932841311291547e+00 0.000000000000000000e+00 1.843178406347622256e-01 6.816237885311160483e-02 0.000000000000000000e+00 3.890000000000000568e+01
1.930440798848990017e-02 -1.598276535180079838e+00 0.000000000000000000e+00 1.801959347592926031e-01 6.656306131211708887e-02 0.000000000000000000e+00 3.900000000000000000e+01
3.732400146441915839e-02 -1.591620229048868351e+00 0.000000000000000000e+00 1.801959347592925753e-01 6.656306131211486843e-02 0.000000000000000000e+00 3.910000000000000142e+01
5.534359494034843396e-02 -1.584963922917656642e+00 0.000000000000000000e+00 1.801959347592927418e-01 6.656306131211708887e-02 0.000000000000000000e+00 3.920000000000000284e+01
7.350822079313680535e-02 -1.578279688975817496e+00 0.000000000000000000e+00 1.816462585278837139e-01 6.684233941839146098e-02 0.000000000000000000e+00 3.930000000000000426e+01
9.216684712608316787e-02 -1.571500329020334874e+00 0.000000000000000000e+00 1.865862633294636252e-01 6.779359955482622269e-02 0.000000000000000000e+00 3.940000000000000568e+01
1.108254734590295165e-01 -1.564720969064852252e+00 0.000000000000000000e+00 1.865862633294634865e-01 6.779359955482622269e-02 0.000000000000000000e+00 3.950000000000000000e+01
1.294840997919758929e-01 -1.557941609109369629e+00 0.000000000000000000e+00 1.865862633294637640e-01 6.779359955482622269e-02 0.000000000000000000e+00 3.960000000000000142e+01
1.481427261249222416e-01 -1.551162249153887229e+00 0.000000000000000000e+00 1.865862633294634865e-01 6.779359955482400224e-02 0.000000000000000000e+00 3.970000000000000284e+01
1.677229396591567723e-01 -1.544133579243536003e+00 0.000000000000000000e+00 1.958021353423453070e-01 7.028669910351226235e-02 0.000000000000000000e+00 3.980000000000000426e+01
1.880073080404486563e-01 -1.536914419694336731e+00 0.000000000000000000e+00 2.028436838129188402e-01 7.219159549199272163e-02 0.000000000000000000e+00 3.990000000000000568e+01
2.082916764217405681e-01 -1.529695260145137459e+00 0.000000000000000000e+00 2.028436838129191178e-01 7.219159549199272163e-02 0.000000000000000000e+00 4.000000000000000000e+01
2.285760448030324521e-01 -1.522476100595938409e+00 0.000000000000000000e+00 2.028436838129188402e-01 7.219159549199050119e-02 0.000000000000000000e+00 4.010000000000000142e+01
2.488604131843243361e-01 -1.515256941046739136e+00 0.000000000000000000e+00 2.028436838129188402e-01 7.219159549199272163e-02 0.000000000000000000e+00 4.020000000000000284e+01
2.679944700677918679e-01 -1.508388756099549921e+00 0.000000000000000000e+00 1.913405688346753175e-01 6.868184947189215350e-02 0.000000000000000000e+00 4.030000000000000426e+01
2.859877875586124829e-01 -1.501868625183889305e+00 0.000000000000000000e+00 1.799331749082061505e-01 6.520130915660615756e-02 0.000000000000000000e+00 4.040000000000000568e+01
3.039811050494330424e-01 -1.495348494268228690e+00 0.000000000000000000e+00 1.799331749082055953e-01 6.520130915660615756e-02 0.000000000000000000e+00 4.050000000000000000e+01
3.219744225402536020e-01 -1.488828363352568074e+00 0.000000000000000000e+00 1.799331749082055953e-01 6.520130915660615756e-02 0.000000000000000000e+00 4.060000000000000142e+01
3.399677400310742170e-01 -1.482308232436907458e+00 0.000000000000000000e+00 1.799331749082061505e-01 6.520130915660615756e-02 0.000000000000000000e+00 4.070000000000000284e+01
3.590195393692681702e-01 -1.476387122192546641e+00 0.000000000000000000e+00 1.905179933819395321e-01 5.921110244360816566e-02 0.000000000000000000e+00 4.080000000000000426e+01
3.780790566367715488e-01 -1.470470379712458309e+00 0.000000000000000000e+00 1.905951726750337860e-01 5.916742480088332812e-02 0.000000000000000000e+00 4.090000000000000568e+01
3.971385739042749274e-01 -1.464553637232369754e+00 0.000000000000000000e+00 1.905951726750337860e-01 5.916742480088554856e-02 0.000000000000000000e+00 4.100000000000000000e+01
4.161980911717783060e-01 -1.458636894752281421e+00 0.000000000000000000e+00 1.905951726750337860e-01 5.916742480088332812e-02 0.000000000000000000e+00 4.110000000000000142e+01
4.356108355379094133e-01 -1.454072232298552203e+00 0.000000000000000000e+00 1.941274436613110721e-01 4.564662453729217972e-02 0.000000000000000000e+00 4.120000000000000284e+01
4.562984571073213091e-01 -1.454387535196613790e+00 0.000000000000000000e+00 2.068762156941189589e-01 -3.153028980615868448e-03 0.000000000000000000e+00 4.130000000000000426e+01
4.769860786767332050e-01 -1.454702838094675377e+00 0.000000000000000000e+00 2.068762156941189589e-01 -3.153028980615868448e-03 0.000000000000000000e+00 4.140000000000000568e+01
4.976737002461451564e-01 -1.455018140992736964e+00 0.000000000000000000e+00 2.068762156941195141e-01 -3.153028980615868448e-03 0.000000000000000000e+00 4.150000000000000000e+01
5.183613218155570523e-01 -1.455333443890798772e+00 0.000000000000000000e+00 2.068762156941189589e-01 -3.153028980618088895e-03 0.000000000000000000e+00 4.160000000000000142e+01
5.386630551373624565e-01 -1.455913588245169699e+00 0.000000000000000000e+00 2.030173332180540413e-01 -5.801443543709261519e-03 0.000000000000000000e+00 4.170000000000000284e+01
5.584236119848919877e-01 -1.456865150921960561e+00 0.000000000000000000e+00 1.976055684752953123e-01 -9.515626767908624828e-03 0.000000000000000000e+00 4.180000000000000426e+01
5.781841688324216300e-01 -1.457816713598751646e+00 0.000000000000000000e+00 1.976055684752964225e-01 -9.515626767910845274e-03 0.000000000000000000e+00 4.190000000000000568e+01
5.979447256799511612e-01 -1.458768276275542730e+00 0.000000000000000000e+00 1.976055684752953123e-01 -9.515626767910845274e-03 0.000000000000000000e+00 4.200000000000000000e+01
6.177052825274806924e-01 -1.459719838952333593e+00 0.000000000000000000e+00 1.976055684752953123e-01 -9.515626767908624828e-03 0.000000000000000000e+00 4.210000000000000142e+01
6.369106074949123508e-01 -1.460671220213922927e+00 0.000000000000000000e+00 1.920532496743165840e-01 -9.513812615893346702e-03 0.000000000000000000e+00 4.220000000000000284e+01
6.559808566317599787e-01 -1.461622557341142326e+00 0.000000000000000000e+00 1.907024913684762790e-01 -9.513371272193982264e-03 0.000000000000000000e+00 4.230000000000000426e+01
6.750511057686076066e-01 -1.462573894468361946e+00 0.000000000000000000e+00 1.907024913684762790e-01 -9.513371272196202710e-03 0.000000000000000000e+00 4.240000000000000568e+01
6.941213549054552345e-01 -1.463525231595581344e+00 0.000000000000000000e+00 1.907024913684762790e-01 -9.513371272193982264e-03 0.000000000000000000e+00 4.250000000000000000e+01
7.134599430184555002e-01 -1.464510870389701847e+00 0.000000000000000000e+00 1.933858811300026570e-01 -9.856387941205024816e-03 0.000000000000000000e+00 4.260000000000000142e+01
7.333116857130058674e-01 -1.465562105534294002e+00 0.000000000000000000e+00 1.985174269455036722e-01 -1.051235144592155279e-02 0.000000000000000000e+00 4.270000000000000284e+01
7.531634284075562347e-01 -1.466613340678885935e+00 0.000000000000000000e+00 1.985174269455036722e-01 -1.051235144591933235e-02 0.000000000000000000e+00 4.280000000000000426e+01
7.730151711021066019e-01 -1.467664575823478090e+00 0.000000000000000000e+00 1.985174269455036722e-01 -1.051235144592155279e-02 0.000000000000000000e+00 4.290000000000000568e+01
7.928669137966569691e-01 -1.468715810968070246e+00 0.000000000000000000e+00 1.985174269455036722e-01 -1.051235144592155279e-02 0.000000000000000000e+00 4.300000000000000000e+01
8.125944252052333949e-01 -1.469777538981905662e+00 0.000000000000000000e+00 1.972751140857642582e-01 -1.061728013835416817e-02 0.000000000000000000e+00 4.310000000000000142e+01
8.322659718102483062e-01 -1.470843993915867509e+00 0.000000000000000000e+00 1.967154660501491126e-01 -1.066454933961846763e-02 0.000000000000000000e+00 4.320000000000000284e+01
8.519375184152633285e-01 -1.471910448849829134e+00 0.000000000000000000e+00 1.967154660501502228e-01 -1.066454933961624718e-02 0.000000000000000000e+00 4.330000000000000426e+01
8.716090650202783507e-01 -1.472976903783790981e+00 0.000000000000000000e+00 1.967154660501502228e-01 -1.066454933961846763e-02 0.000000000000000000e+00 4.340000000000000568e+01
8.912708000416541543e-01 -1.474045791208983491e+00 0.000000000000000000e+00 1.966173502137580353e-01 -1.068887425192510676e-02 0.000000000000000000e+00 4.350000000000000000e+01
9.108105655882494656e-01 -1.475144917348813811e+00 0.000000000000000000e+00 1.953976554659531129e-01 -1.099126139830319815e-02 0.000000000000000000e+00 4.360000000000000142e+01
9.303503311348447768e-01 -1.476244043488644131e+00 0.000000000000000000e+00 1.953976554659531129e-01 -1.099126139830319815e-02 0.000000000000000000e+00 4.370000000000000284e+01
9.498900966814400881e-01 -1.477343169628474451e+00 0.000000000000000000e+00 1.953976554659531129e-01 -1.099126139830319815e-02 0.000000000000000000e+00 4.380000000000000426e+01
9.694298622280353994e-01 -1.478442295768304771e+00 0.000000000000000000e+00 1.953976554659531129e-01 -1.099126139830319815e-02 0.000000000000000000e+00 4.390000000000000568e+01
9.879050101202349055e-01 -1.479477096122989943e+00 0.000000000000000000e+00 1.847514789219950604e-01 -1.034800354685172508e-02 0.000000000000000000e+00 4.400000000000000000e+01
1.005255716287463352e+00 -1.480443956033037356e+00 0.000000000000000000e+00 1.735070616722844683e-01 -9.668599100474128960e-03 0.000000000000000000e+00 4.410000000000000142e+01
1.022606422454691799e+00 -1.481410815943084769e+00 0.000000000000000000e+00 1.735070616722844683e-01 -9.668599100474128960e-03 0.000000000000000000e+00 4.420000000000000284e+01
1.039957128621920024e+00 -1.482377675853132404e+00 0.000000000000000000e+00 1.735070616722822479e-01 -9.668599100476349406e-03 0.000000000000000000e+00 4.430000000000000426e+01
1.057977368019811903e+00 -1.483411418992400366e+00 0.000000000000000000e+00 1.802023939789187956e-01 -1.033743139267961908e-02 0.000000000000000000e+00 4.440000000000000568e+01
1.076942632122313892e+00 -1.484539565666912031e+00 0.000000000000000000e+00 1.896526410250198857e-01 -1.128146674511665282e-02 0.000000000000000000e+00 4.450000000000000000e+01
1.095907896224816103e+00 -1.485667712341423918e+00 0.000000000000000000e+00 1.896526410250221062e-01 -1.128146674511887326e-02 0.000000000000000000e+00 4.460000000000000142e+01
1.114873160327318091e+00 -1.486795859015935584e+00 0.000000000000000000e+00 1.896526410250198857e-01 -1.128146674511665282e-02 0.000000000000000000e+00 4.470000000000000284e+01
1.133838424429820080e+00 -1.487924005690447249e+00 0.000000000000000000e+00 1.896526410250198857e-01 -1.128146674511665282e-02 0.000000000000000000e+00 4.480000000000000426e+01
1.151329733821675694e+00 -1.488949264745160095e+00 0.000000000000000000e+00 1.749130939185561395e-01 -1.025259054712845952e-02 0.000000000000000000e+00 4.490000000000000568e+01
1.168759829084253132e+00 -1.489970250821867515e+00 0.000000000000000000e+00 1.743009526257743858e-01 -1.020986076707419699e-02 0.000000000000000000e+00 4.500000000000000000e+01
1.186189924346830571e+00 -1.490991236898575156e+00 0.000000000000000000e+00 1.743009526257743858e-01 -1.020986076707641743e-02 0.000000000000000000e+00 4.510000000000000142e+01
1.203620019609408232e+00 -1.492012222975282798e+00 0.000000000000000000e+00 1.743009526257766062e-01 -1.020986076707641743e-02 0.000000000000000000e+00 4.520000000000000284e+01
1.222286989292447501e+00 -1.493171297563332667e+00 0.000000000000000000e+00 1.866696968303926951e-01 -1.159074588049868737e-02 0.000000000000000000e+00 4.530000000000000426e+01
1.241144098676515872e+00 -1.494351599939610420e+00 0.000000000000000000e+00 1.885710938406837123e-01 -1.180302376277753140e-02 0.000000000000000000e+00 4.540000000000000568e+01
1.260001208060584243e+00 -1.495531902315888395e+00 0.000000000000000000e+00 1.885710938406837123e-01 -1.180302376277975185e-02 0.000000000000000000e+00 4.550000000000000000e+01
1.278858317444652837e+00 -1.496712204692166370e+00 0.000000000000000000e+00 1.885710938406859327e-01 -1.180302376277975185e-02 0.000000000000000000e+00 4.560000000000000142e+01
1.297064978940052349e+00 -1.497840346019288837e+00 0.000000000000000000e+00 1.820666149539951206e-01 -1.128141327122467175e-02 0.000000000000000000e+00 4.570000000000000284e+01
1.314429880255193028e+00 -1.498900984484299981e+00 0.000000000000000000e+00 1.736490131514067947e-01 -1.060638465011143339e-02 0.000000000000000000e+00 4.580000000000000426e+01
1.331794781570333708e+00 -1.499961622949311124e+00 0.000000000000000000e+00 1.736490131514067947e-01 -1.060638465011143339e-02 0.000000000000000000e+00 4.590000000000000568e+01
1.349159682885474387e+00 -1.501022261414322490e+00 0.000000000000000000e+00 1.736490131514067947e-01 -1.060638465011365383e-02 0.000000000000000000e+00 4.600000000000000000e+01
1.366927477923507883e+00 -1.502135412157248551e+00 0.000000000000000000e+00 1.776779503803349591e-01 -1.113150742926061199e-02 0.000000000000000000e+00 4.610000000000000142e+01
1.385420290056386339e+00 -1.503343060026871791e+00 0.000000000000000000e+00 1.849281213287845560e-01 -1.207647869623240666e-02 0.000000000000000000e+00 4.620000000000000284e+01
1.403913102189265016e+00 -1.504550707896495032e+00 0.000000000000000000e+00 1.849281213287867764e-01 -1.207647869623240666e-02 0.000000000000000000e+00 4.630000000000000426e+01
1.422405914322143694e+00 -1.505758355766118273e+00 0.000000000000000000e+00 1.849281213287867764e-01 -1.207647869623240666e-02 0.000000000000000000e+00 4.640000000000000568e+01
1.440887089968974299e+00 -1.506964952779071387e+00 0.000000000000000000e+00 1.848117564683060543e-01 -1.206597012953114501e-02 0.000000000000000000e+00 4.650000000000000000e+01
1.458329522703914360e+00 -1.508077743989050923e+00 0.000000000000000000e+00 1.744243273494006097e-01 -1.112791209979535623e-02 0.000000000000000000e+00 4.660000000000000142e+01
1.475771955438854199e+00 -1.509190535199030681e+00 0.000000000000000000e+00 1.744243273493983892e-01 -1.112791209979757667e-02 0.000000000000000000e+00 4.670000000000000284e+01
1.493214388173794260e+00 -1.510303326409010216e+00 0.000000000000000000e+00 1.744243273494006097e-01 -1.112791209979535623e-02 0.000000000000000000e+00 4.680000000000000426e+01
1.510656820908734099e+00 -1.511416117618989752e+00 0.000000000000000000e+00 1.744243273493983892e-01 -1.112791209979535623e-02 0.000000000000000000e+00 4.690000000000000568e+01
1.528756166723016285e+00 -1.512631465739890047e+00 0.000000000000000000e+00 1.809934581428218614e-01 -1.215348120900294759e-02 0.000000000000000000e+00 4.700000000000000000e+01
1.546916946387691949e+00 -1.513856404879937889e+00 0.000000000000000000e+00 1.816077966467566362e-01 -1.224939140047842656e-02 0.000000000000000000e+00 4.710000000000000142e+01
1.565077726052367835e+00 -1.515081344019985732e+00 0.000000000000000000e+00 1.816077966467588567e-01 -1.224939140047842656e-02 0.000000000000000000e+00 4.720000000000000284e+01
1.583238505717043498e+00 -1.516306283160033797e+00 0.000000000000000000e+00 1.816077966467566362e-01 -1.224939140048064701e-02 0.000000000000000000e+00 4.730000000000000426e+01
1.600881783102897415e+00 -1.517468299247483499e+00 0.000000000000000000e+00 1.764327738585391714e-01 -1.162016087449702084e-02 0.000000000000000000e+00 4.740000000000000568e+01
1.618243985705756893e+00 -1.518596139478945339e+00 0.000000000000000000e+00 1.736220260285947781e-01 -1.127840231461840759e-02 0.000000000000000000e+00 4.750000000000000000e+01
1.635606188308616149e+00 -1.519723979710407180e+00 0.000000000000000000e+00 1.736220260285925576e-01 -1.127840231461840759e-02 0.000000000000000000e+00 4.760000000000000142e+01
1.652968390911475405e+00 -1.520851819941869021e+00 0.000000000000000000e+00 1.736220260285925576e-01 -1.127840231461840759e-02 0.000000000000000000e+00 4.770000000000000284e+01
1.670765929978005548e+00 -1.522200355946425221e+00 0.000000000000000000e+00 1.779753906653014361e-01 -1.348536004556200041e-02 0.000000000000000000e+00 4.780000000000000426e+01
1.688885590498860445e+00 -1.523712192867227477e+00 0.000000000000000000e+00 1.811966052085489665e-01 -1.511836920802256401e-02 0.000000000000000000e+00 4.790000000000000568e+01
1.707005251019715786e+00 -1.525224029788029512e+00 0.000000000000000000e+00 1.811966052085534074e-01 -1.511836920802034356e-02 0.000000000000000000e+00 4.800000000000000000e+01
1.725124911540570682e+00 -1.526735866708831546e+00 0.000000000000000000e+00 1.811966052085489665e-01 -1.511836920802034356e-02 0.000000000000000000e+00 4.810000000000000142e+01
1.742876809483975276e+00 -1.529658954077245392e+00 0.000000000000000000e+00 1.775189794340459315e-01 -2.923087368413845866e-02 0.000000000000000000e+00 4.820000000000000284e+01
1.759805024600639589e+00 -1.535742838191169968e+00 0.000000000000000000e+00 1.692821511666431356e-01 -6.083884113924575843e-02 0.000000000000000000e+00 4.830000000000000426e+01
1.776733239717304125e+00 -1.541826722305094544e+00 0.000000000000000000e+00 1.692821511666453560e-01 -6.083884113924575843e-02 0.000000000000000000e+00 4.840000000000000568e+01
1.793661454833968438e+00 -1.547910606419019119e+00 0.000000000000000000e+00 1.692821511666431356e-01 -6.083884113924575843e-02 0.000000000000000000e+00 4.850000000000000000e+01
1.810709682979288138e+00 -1.554056797358407627e+00 0.000000000000000000e+00 1.704822814531969932e-01 -6.146190939388507246e-02 0.000000000000000000e+00 4.860000000000000142e+01
1.829141540069786798e+00 -1.560921323033282793e+00 0.000000000000000000e+00 1.843185709049866006e-01 -6.864525674875165961e-02 0.000000000000000000e+00 4.870000000000000284e+01
1.847573397160285458e+00 -1.567785848708158181e+00 0.000000000000000000e+00 1.843185709049866006e-01 -6.864525674875388006e-02 0.000000000000000000e+00 4.880000000000000426e+01
1.866005254250784118e+00 -1.574650374383033569e+00 0.000000000000000000e+00 1.843185709049866006e-01 -6.864525674875388006e-02 0.000000000000000000e+00 4.890000000000000568e+01
1.884437111341282556e+00 -1.581514900057908735e+00 0.000000000000000000e+00 1.843185709049843801e-01 -6.864525674875165961e-02 0.000000000000000000e+00 4.900000000000000000e+01
1.902470529524096010e+00 -1.588250148905671288e+00 0.000000000000000000e+00 1.803341818281345432e-01 -6.735248847762553837e-02 0.000000000000000000e+00 4.910000000000000142e+01
1.920040678868112360e+00 -1.594835086314403405e+00 0.000000000000000000e+00 1.757014934401635031e-01 -6.584937408732116637e-02 0.000000000000000000e+00 4.920000000000000284e+01
1.937610828212128933e+00 -1.601420023723135744e+00 0.000000000000000000e+00 1.757014934401657236e-01 -6.584937408732338682e-02 0.000000000000000000e+00 4.930000000000000426e+01
1.955180977556145283e+00 -1.608004961131867860e+00 0.000000000000000000e+00 1.757014934401635031e-01 -6.584937408732116637e-02 0.000000000000000000e+00 4.940000000000000568e+01
1.972856526969261060e+00 -1.614634738567898742e+00 0.000000000000000000e+00 1.767554941311577643e-01 -6.629777436030881432e-02 0.000000000000000000e+00 4.950000000000000000e+01
1.992143648572472392e+00 -1.621950122205285449e+00 0.000000000000000000e+00 1.928712160321133240e-01 -7.315383637386707605e-02 0.000000000000000000e+00 4.960000000000000142e+01
2.011430770175683946e+00 -1.629265505842672157e+00 0.000000000000000000e+00 1.928712160321155444e-01 -7.315383637386707605e-02 0.000000000000000000e+00 4.970000000000000284e+01
2.030717891778895279e+00 -1.636580889480058643e+00 0.000000000000000000e+00 1.928712160321133240e-01 -7.315383637386485560e-02 0.000000000000000000e+00 4.980000000000000426e+01
2.050005013382106611e+00 -1.643896273117445350e+00 0.000000000000000000e+00 1.928712160321133240e-01 -7.315383637386707605e-02 0.000000000000000000e+00 4.990000000000000568e+01
2.068877795594719071e+00 -1.651055076077645234e+00 0.000000000000000000e+00 1.887278221261246003e-01 -7.158802960199883714e-02 0.000000000000000000e+00 5.000000000000000000e+01
2.086325564238208585e+00 -1.657675360145564492e+00 0.000000000000000000e+00 1.744776864348951406e-01 -6.620284067919257609e-02 0.000000000000000000e+00 5.010000000000000142e+01
2.103773332881698543e+00 -1.664295644213483971e+00 0.000000000000000000e+00 1.744776864348995815e-01 -6.620284067919479654e-02 0.000000000000000000e+00 5.020000000000000284e+01
2.121221101525188057e+00 -1.670915928281403229e+00 0.000000000000000000e+00 1.744776864348951406e-01 -6.620284067919257609e-02 0.000000000000000000e+00 5.030000000000000426e+01
2.138668870168677572e+00 -1.677536212349322486e+00 0.000000000000000000e+00 1.744776864348951406e-01 -6.620284067919257609e-02 0.000000000000000000e+00 5.040000000000000568e+01
2.157469558207540050e+00 -1.684759465864952732e+00 0.000000000000000000e+00 1.880068803886247863e-01 -7.223253515630245758e-02 0.000000000000000000e+00 5.050000000000000000e+01
2.176505588696589832e+00 -1.692087606861461424e+00 0.000000000000000000e+00 1.903603048904978223e-01 -7.328140996508691885e-02 0.000000000000000000e+00 5.060000000000000142e+01
2.195541619185639615e+00 -1.699415747857970338e+00 0.000000000000000000e+00 1.903603048904978223e-01 -7.328140996508913929e-02 0.000000000000000000e+00 5.070000000000000284e+01
2.214577649674689397e+00 -1.706743888854479030e+00 0.000000000000000000e+00 1.903603048904978223e-01 -7.328140996508691885e-02 0.000000000000000000e+00 5.080000000000000426e+01
2.233491134949196155e+00 -1.714022606268523097e+00 0.000000000000000000e+00 1.891348527450675832e-01 -7.278717414044066913e-02 0.000000000000000000e+00 5.090000000000000568e+01
2.250806546163072852e+00 -1.720656806102544012e+00 0.000000000000000000e+00 1.731541121387669691e-01 -6.634199834020915176e-02 0.000000000000000000e+00 5.100000000000000000e+01
2.268121957376949549e+00 -1.727291005936564927e+00 0.000000000000000000e+00 1.731541121387669691e-01 -6.634199834020915176e-02 0.000000000000000000e+00 5.110000000000000142e+01
2.285437368590826246e+00 -1.733925205770586064e+00 0.000000000000000000e+00 1.731541121387669691e-01 -6.634199834021137221e-02 0.000000000000000000e+00 5.120000000000000284e+01
2.302752779804702943e+00 -1.740559405604606980e+00 0.000000000000000000e+00 1.731541121387669691e-01 -6.634199834020915176e-02 0.000000000000000000e+00 5.130000000000000426e+01
2.321067926418991068e+00 -1.747666016500120101e+00 0.000000000000000000e+00 1.831514661428812474e-01 -7.106610895513121307e-02 0.000000000000000000e+00 5.140000000000000568e+01
2.339757871065970551e+00 -1.754949732994170786e+00 0.000000000000000000e+00 1.868994464697948388e-01 -7.283716494050684886e-02 0.000000000000000000e+00 5.150000000000000000e+01
2.358447815712950035e+00 -1.762233449488221249e+00 0.000000000000000000e+00 1.868994464697948388e-01 -7.283716494050462842e-02 0.000000000000000000e+00 5.160000000000000142e+01
2.377137760359929519e+00 -1.769517165982271933e+00 0.000000000000000000e+00 1.868994464697948388e-01 -7.283716494050684886e-02 0.000000000000000000e+00 5.170000000000000284e+01
2.395786563672928970e+00 -1.776784026135357353e+00 0.000000000000000000e+00 1.864880331299945126e-01 -7.266860153085419327e-02 0.000000000000000000e+00 5.180000000000000426e+01
2.412917597657337598e+00 -1.783429029026322832e+00 0.000000000000000000e+00 1.713103398440862790e-01 -6.645002890965479025e-02 0.000000000000000000e+00 5.190000000000000568e+01
2.430048631641746670e+00 -1.790074031917288311e+00 0.000000000000000000e+00 1.713103398440907199e-01 -6.645002890965479025e-02 0.000000000000000000e+00 5.200000000000000000e+01
2.447179665626155298e+00 -1.796719034808253568e+00 0.000000000000000000e+00 1.713103398440862790e-01 -6.645002890965256981e-02 0.000000000000000000e+00 5.210000000000000142e+01
2.464310699610564370e+00 -1.803364037699219047e+00 0.000000000000000000e+00 1.713103398440907199e-01 -6.645002890965479025e-02 0.000000000000000000e+00 5.220000000000000284e+01
2.482350035839492097e+00 -1.810452044396487770e+00 0.000000000000000000e+00 1.803933622892772703e-01 -7.088006697268722789e-02 0.000000000000000000e+00 5.230000000000000426e+01
2.500739431857949224e+00 -1.817710784811669145e+00 0.000000000000000000e+00 1.838939601845712701e-01 -7.258740415181375027e-02 0.000000000000000000e+00 5.240000000000000568e+01
2.519128827876406351e+00 -1.824969525226850298e+00 0.000000000000000000e+00 1.838939601845712701e-01 -7.258740415181152983e-02 0.000000000000000000e+00 5.250000000000000000e+01
2.537518223894863034e+00 -1.832228265642031673e+00 0.000000000000000000e+00 1.838939601845668292e-01 -7.258740415181375027e-02 0.000000000000000000e+00 5.260000000000000142e+01
2.555786262958645860e+00 -1.839434133691475903e+00 0.000000000000000000e+00 1.826803906378282605e-01 -7.205868049444230650e-02 0.000000000000000000e+00 5.270000000000000284e+01
2.572787594455499427e+00 -1.846088127100192544e+00 0.000000000000000000e+00 1.700133149685356670e-01 -6.653993408716640801e-02 0.000000000000000000e+00 5.280000000000000426e+01
2.589788925952352994e+00 -1.852742120508908963e+00 0.000000000000000000e+00 1.700133149685356670e-01 -6.653993408716418756e-02 0.000000000000000000e+00 5.290000000000000568e+01
2.606790257449206560e+00 -1.859396113917625604e+00 0.000000000000000000e+00 1.700133149685356670e-01 -6.653993408716640801e-02 0.000000000000000000e+00 5.300000000000000000e+01
2.623791588946060127e+00 -1.866050107326342022e+00 0.000000000000000000e+00 1.700133149685356670e-01 -6.653993408716418756e-02 0.000000000000000000e+00 5.310000000000000142e+01
2.641636477164028829e+00 -1.873124156941674334e+00 0.000000000000000000e+00 1.784488821796870184e-01 -7.074049615332311802e-02 0.000000000000000000e+00 5.320000000000000284e+01
2.659678265772525751e+00 -1.880296254772444886e+00 0.000000000000000000e+00 1.804178860849692256e-01 -7.172097830770551852e-02 0.000000000000000000e+00 5.330000000000000426e+01
2.677720054381022230e+00 -1.887468352603215660e+00 0.000000000000000000e+00 1.804178860849647847e-01 -7.172097830770773896e-02 0.000000000000000000e+00 5.340000000000000568e+01
2.695761842989519153e+00 -1.894640450433986212e+00 0.000000000000000000e+00 1.804178860849692256e-01 -7.172097830770551852e-02 0.000000000000000000e+00 5.350000000000000000e+01
2.713474201389586948e+00 -1.901666973424130047e+00 0.000000000000000000e+00 1.771235840006779583e-01 -7.026522990143835301e-02 0.000000000000000000e+00 5.360000000000000142e+01
2.730248726560127626e+00 -1.908279068959141345e+00 0.000000000000000000e+00 1.677452517054067727e-01 -6.612095535011297542e-02 0.000000000000000000e+00 5.370000000000000284e+01
2.747023251730668303e+00 -1.914891164494152864e+00 0.000000000000000000e+00 1.677452517054067727e-01 -6.612095535011519587e-02 0.000000000000000000e+00 5.380000000000000426e+01
2.763797776901208980e+00 -1.921503260029164162e+00 0.000000000000000000e+00 1.677452517054067727e-01 -6.612095535011297542e-02 0.000000000000000000e+00 5.390000000000000568e+01
2.780603903354532225e+00 -1.928131683146879549e+00 0.000000000000000000e+00 1.680612645332324462e-01 -6.628423117715387392e-02 0.000000000000000000e+00 5.400000000000000000e+01
2.798243075126956025e+00 -1.935190519689179434e+00 0.000000000000000000e+00 1.763917177242380063e-01 -7.058836542299884442e-02 0.000000000000000000e+00 5.410000000000000142e+01
2.815882246899379382e+00 -1.942249356231479540e+00 0.000000000000000000e+00 1.763917177242335654e-01 -7.058836542300106487e-02 0.000000000000000000e+00 5.420000000000000284e+01
2.833521418671803183e+00 -1.949308192773779647e+00 0.000000000000000000e+00 1.763917177242380063e-01 -7.058836542300106487e-02 0.000000000000000000e+00 5.430000000000000426e+01
2.851160590444226539e+00 -1.956367029316079531e+00 0.000000000000000000e+00 1.763917177242335654e-01 -7.058836542299884442e-02 0.000000000000000000e+00 5.440000000000000568e+01
2.868116269339049840e+00 -1.963116556442163763e+00 0.000000000000000000e+00 1.695567889482330060e-01 -6.749527126084231554e-02 0.000000000000000000e+00 5.450000000000000000e+01
2.884581726393519396e+00 -1.969644237465347114e+00 0.000000000000000000e+00 1.646545705446955665e-01 -6.527681023183351527e-02 0.000000000000000000e+00 5.460000000000000142e+01
2.901047183447989397e+00 -1.976171918488530466e+00 0.000000000000000000e+00 1.646545705447000074e-01 -6.527681023183351527e-02 0.000000000000000000e+00 5.470000000000000284e+01
2.917512640502458954e+00 -1.982699599511713817e+00 0.000000000000000000e+00 1.646545705446955665e-01 -6.527681023183351527e-02 0.000000000000000000e+00 5.480000000000000426e+01
2.934229651640001268e+00 -1.989363501018268199e+00 0.000000000000000000e+00 1.671701113754231471e-01 -6.663901506554381626e-02 0.000000000000000000e+00 5.490000000000000568e+01
2.951276834105285740e+00 -1.996206195479844459e+00 0.000000000000000000e+00 1.704718246528447168e-01 -6.842694461576259712e-02 0.000000000000000000e+00 5.500000000000000000e+01
2.968324016570570656e+00 -2.003048889941420718e+00 0.000000000000000000e+00 1.704718246528491576e-01 -6.842694461576259712e-02 0.000000000000000000e+00 5.510000000000000142e+01
2.985371199035855128e+00 -2.009891584402996756e+00 0.000000000000000000e+00 1.704718246528447168e-01 -6.842694461576037668e-02 0.000000000000000000e+00 5.520000000000000284e+01
3.002301414997408990e+00 -2.016678933121557549e+00 0.000000000000000000e+00 1.693021596155386277e-01 -6.787348718560792804e-02 0.000000000000000000e+00 5.530000000000000426e+01
3.018400464748726808e+00 -2.023072993932832464e+00 0.000000000000000000e+00 1.609904975131781768e-01 -6.394060811274915324e-02 0.000000000000000000e+00 5.540000000000000568e+01
3.034499514500045070e+00 -2.029467054744107379e+00 0.000000000000000000e+00 1.609904975131826177e-01 -6.394060811274915324e-02 0.000000000000000000e+00 5.550000000000000000e+01
3.050598564251363332e+00 -2.035861115555382295e+00 0.000000000000000000e+00 1.609904975131826177e-01 -6.394060811274915324e-02 0.000000000000000000e+00 5.560000000000000142e+01
3.066803008707095657e+00 -2.042322670115106487e+00 0.000000000000000000e+00 1.620444445573232528e-01 -6.461554559724191904e-02 0.000000000000000000e+00 5.570000000000000284e+01
3.084728114614015304e+00 -2.049886119611563640e+00 0.000000000000000000e+00 1.792510590691964723e-01 -7.563449496457153032e-02 0.000000000000000000e+00 5.580000000000000426e+01
3.102653220520934951e+00 -2.057449569108020349e+00 0.000000000000000000e+00 1.792510590691964723e-01 -7.563449496456708943e-02 0.000000000000000000e+00 5.590000000000000568e+01
3.120578326427854599e+00 -2.065013018604477502e+00 0.000000000000000000e+00 1.792510590691964723e-01 -7.563449496457153032e-02 0.000000000000000000e+00 5.600000000000000000e+01
3.138503432334774690e+00 -2.072576468100934655e+00 0.000000000000000000e+00 1.792510590692009131e-01 -7.563449496457153032e-02 0.000000000000000000e+00 5.610000000000000142e+01
3.158315474950981194e+00 -2.080954347956514461e+00 0.000000000000000000e+00 1.981204261620650442e-01 -8.377879855579806190e-02 0.000000000000000000e+00 5.620000000000000284e+01
3.179264356448643802e+00 -2.089822904629145217e+00 0.000000000000000000e+00 2.094888149766260810e-01 -8.868556672630756310e-02 0.000000000000000000e+00 5.630000000000000426e+01
3.200213237946306855e+00 -2.098691461301775973e+00 0.000000000000000000e+00 2.094888149766305219e-01 -8.868556672630756310e-02 0.000000000000000000e+00 5.640000000000000568e+01
3.221162119443969463e+00 -2.107560017974406286e+00 0.000000000000000000e+00 2.094888149766260810e-01 -8.868556672630312221e-02 0.000000000000000000e+00 5.650000000000000000e+01
3.242111000941632515e+00 -2.116428574647037042e+00 0.000000000000000000e+00 2.094888149766305219e-01 -8.868556672630756310e-02 0.000000000000000000e+00 5.660000000000000142e+01
3.262889780260002759e+00 -2.125314773903252963e+00 0.000000000000000000e+00 2.077877931837024406e-01 -8.886199256215920883e-02 0.000000000000000000e+00 5.670000000000000284e+01
3.280621910636035476e+00 -2.134516964164662411e+00 0.000000000000000000e+00 1.773213037603271758e-01 -9.202190261409448624e-02 0.000000000000000000e+00 5.680000000000000426e+01
3.298354041012068194e+00 -2.143719154426071860e+00 0.000000000000000000e+00 1.773213037603271758e-01 -9.202190261409448624e-02 0.000000000000000000e+00 5.690000000000000568e+01
3.316086171388100912e+00 -2.152921344687481753e+00 0.000000000000000000e+00 1.773213037603271758e-01 -9.202190261409892713e-02 0.000000000000000000e+00 5.700000000000000000e+01
3.333818301764133629e+00 -2.162123534948891201e+00 0.000000000000000000e+00 1.773213037603271758e-01 -9.202190261409448624e-02 0.000000000000000000e+00 5.710000000000000142e+01
3.350641116789914165e+00 -2.172109503893052462e+00 0.000000000000000000e+00 1.682281502578053534e-01 -9.985968944161260907e-02 0.000000000000000000e+00 5.720000000000000284e+01
3.362616110537625769e+00 -2.186274022088016356e+00 0.000000000000000000e+00 1.197499374771160419e-01 -1.416451819496389319e-01 0.000000000000000000e+00 5.730000000000000426e+01
3.374591104285336929e+00 -2.200438540282980693e+00 0.000000000000000000e+00 1.197499374771116010e-01 -1.416451819496433728e-01 0.000000000000000000e+00 5.740000000000000568e+01
3.386566098033048533e+00 -2.214603058477944586e+00 0.000000000000000000e+00 1.197499374771160419e-01 -1.416451819496389319e-01 0.000000000000000000e+00 5.750000000000000000e+01
3.398541091780760137e+00 -2.228767576672908923e+00 0.000000000000000000e+00 1.197499374771160419e-01 -1.416451819496433728e-01 0.000000000000000000e+00 5.760000000000000142e+01
3.409855350777390548e+00 -2.245364337739029548e+00 0.000000000000000000e+00 1.131425899663041079e-01 -1.659676106612062441e-01 0.000000000000000000e+00 5.770000000000000284e+01
3.421074662525947385e+00 -2.262310610870144956e+00 0.000000000000000000e+00 1.121931174855683722e-01 -1.694627313111540801e-01 0.000000000000000000e+00 5.780000000000000426e+01
3.432293974274503778e+00 -2.279256884001260364e+00 0.000000000000000000e+00 1.121931174855639313e-01 -1.694627313111540801e-01 0.000000000000000000e+00 5.790000000000000568e+01
3.443513286023060616e+00 -2.296203157132375328e+00 0.000000000000000000e+00 1.121931174855683722e-01 -1.694627313111496392e-01 0.000000000000000000e+00 5.800000000000000000e+01
3.454794783649387302e+00 -2.313256949864518131e+00 0.000000000000000000e+00 1.128149762632668640e-01 -1.705379273214280289e-01 0.000000000000000000e+00 5.810000000000000142e+01
3.466492989980687778e+00 -2.331031233410810533e+00 0.000000000000000000e+00 1.169820633130047582e-01 -1.777428354629240204e-01 0.000000000000000000e+00 5.820000000000000284e+01
3.478191196311987810e+00 -2.348805516957102490e+00 0.000000000000000000e+00 1.169820633130003174e-01 -1.777428354629195795e-01 0.000000000000000000e+00 5.830000000000000426e+01
3.489889402643288285e+00 -2.366579800503394893e+00 0.000000000000000000e+00 1.169820633130047582e-01 -1.777428354629240204e-01 0.000000000000000000e+00 5.840000000000000568e+01
3.501587608974588317e+00 -2.384354084049686850e+00 0.000000000000000000e+00 1.169820633130003174e-01 -1.777428354629195795e-01 0.000000000000000000e+00 5.850000000000000000e+01
3.513152147487441201e+00 -2.401926451330968160e+00 0.000000000000000000e+00 1.156453851285288437e-01 -1.757236728128130920e-01 0.000000000000000000e+00 5.860000000000000142e+01
3.523999747962746731e+00 -2.418415824571746864e+00 0.000000000000000000e+00 1.084760047530552995e-01 -1.648937324077870414e-01 0.000000000000000000e+00 5.870000000000000284e+01
3.534847348438052705e+00 -2.434905197812525568e+00 0.000000000000000000e+00 1.084760047530597404e-01 -1.648937324077870414e-01 0.000000000000000000e+00 5.880000000000000426e+01
3.545694948913358235e+00 -2.451394571053304272e+00 0.000000000000000000e+00 1.084760047530552995e-01 -1.648937324077870414e-01 0.000000000000000000e+00 5.890000000000000568e+01
3.556542549388663765e+00 -2.467883944294082976e+00 0.000000000000000000e+00 1.084760047530552995e-01 -1.648937324077870414e-01 0.000000000000000000e+00 5.900000000000000000e+01
3.567508001187833511e+00 -2.484607912329936052e+00 0.000000000000000000e+00 1.096545179916974533e-01 -1.672396803585307623e-01 0.000000000000000000e+00 5.910000000000000142e+01
3.578574648389737156e+00 -2.501533319891358964e+00 0.000000000000000000e+00 1.106664720190364548e-01 -1.692540756142291158e-01 0.000000000000000000e+00 5.920000000000000284e+01
3.589641295591640358e+00 -2.518458727452781876e+00 0.000000000000000000e+00 1.106664720190320139e-01 -1.692540756142291158e-01 0.000000000000000000e+00 5.930000000000000426e+01
3.600707942793544003e+00 -2.535384135014204343e+00 0.000000000000000000e+00 1.106664720190364548e-01 -1.692540756142246750e-01 0.000000000000000000e+00 5.940000000000000568e+01
3.611774589995447649e+00 -2.552309542575627255e+00 0.000000000000000000e+00 1.106664720190364548e-01 -1.692540756142291158e-01 0.000000000000000000e+00 5.950000000000000000e+01
3.622314253900591918e+00 -2.568411391436010494e+00 0.000000000000000000e+00 1.053966390514426976e-01 -1.610184886038323882e-01 0.000000000000000000e+00 5.960000000000000142e+01
3.632721109307757601e+00 -2.584305689896305047e+00 0.000000000000000000e+00 1.040685540716568269e-01 -1.589429846029455362e-01 0.000000000000000000e+00 5.970000000000000284e+01
3.643127964714922840e+00 -2.600199988356599601e+00 0.000000000000000000e+00 1.040685540716523860e-01 -1.589429846029455362e-01 0.000000000000000000e+00 5.980000000000000426e+01
3.653534820122088522e+00 -2.616094286816894154e+00 0.000000000000000000e+00 1.040685540716568269e-01 -1.589429846029455362e-01 0.000000000000000000e+00 5.990000000000000568e+01
3.663587315150863333e+00 -2.631431109928296319e+00 0.000000000000000000e+00 1.005249502877481049e-01 -1.533682311140216470e-01 0.000000000000000000e+00 6.000000000000000000e+01
3.672914358698381676e+00 -2.645626661773835764e+00 0.000000000000000000e+00 9.327043547518343303e-02 -1.419555184553944471e-01 0.000000000000000000e+00 6.010000000000000142e+01
3.682241402245900019e+00 -2.659822213619375653e+00 0.000000000000000000e+00 9.327043547518343303e-02 -1.419555184553988880e-01 0.000000000000000000e+00 6.020000000000000284e+01
3.691568445793418363e+00 -2.674017765464915097e+00 0.000000000000000000e+00 9.327043547518343303e-02 -1.419555184553944471e-01 0.000000000000000000e+00 6.030000000000000426e+01
3.701212506932356483e+00 -2.688731767386999927e+00 0.000000000000000000e+00 9.644061138938120337e-02 -1.471400192208482949e-01 0.000000000000000000e+00 6.040000000000000568e+01
3.711409124304902996e+00 -2.704349418915175107e+00 0.000000000000000000e+00 1.019661737254651257e-01 -1.561765152817518043e-01 0.000000000000000000e+00 6.050000000000000000e+01
3.721605741677449508e+00 -2.719967070443350288e+00 0.000000000000000000e+00 1.019661737254651257e-01 -1.561765152817518043e-01 0.000000000000000000e+00 6.060000000000000142e+01
3.731802359049996021e+00 -2.735584721971525912e+00 0.000000000000000000e+00 1.019661737254651257e-01 -1.561765152817562452e-01 0.000000000000000000e+00 6.070000000000000284e+01
3.741998976422542533e+00 -2.751202373499701093e+00 0.000000000000000000e+00 1.019661737254651257e-01 -1.561765152817518043e-01 0.000000000000000000e+00 6.080000000000000426e+01
3.751615900762460321e+00 -2.765955646914732391e+00 0.000000000000000000e+00 9.616924339917787279e-02 -1.475327341503129830e-01 0.000000000000000000e+00 6.090000000000000568e+01
3.761227660061347677e+00 -2.780701218756397974e+00 0.000000000000000000e+00 9.611759298887356806e-02 -1.474557184166558343e-01 0.000000000000000000e+00 6.100000000000000000e+01
3.770839419360234590e+00 -2.795446790598063558e+00 0.000000000000000000e+00 9.611759298886912717e-02 -1.474557184166558343e-01 0.000000000000000000e+00 6.110000000000000142e+01
3.780451178659121947e+00 -2.810192362439729585e+00 0.000000000000000000e+00 9.611759298887356806e-02 -1.474557184166602752e-01 0.000000000000000000e+00 6.120000000000000284e+01
3.791090377045359006e+00 -2.826731765782935391e+00 0.000000000000000000e+00 1.063919838623705871e-01 -1.653940334320580519e-01 0.000000000000000000e+00 6.130000000000000426e+01
3.801821842257114170e+00 -2.843432260075666740e+00 0.000000000000000000e+00 1.073146521175516455e-01 -1.670049429273134933e-01 0.000000000000000000e+00 6.140000000000000568e+01
3.812553307468869335e+00 -2.860132754368398089e+00 0.000000000000000000e+00 1.073146521175516455e-01 -1.670049429273134933e-01 0.000000000000000000e+00 6.150000000000000000e+01
3.823284772680624055e+00 -2.876833248661129439e+00 0.000000000000000000e+00 1.073146521175472046e-01 -1.670049429273134933e-01 0.000000000000000000e+00 6.160000000000000142e+01
3.834641356685776881e+00 -2.894562817909034802e+00 0.000000000000000000e+00 1.135658400515282551e-01 -1.772956924790536348e-01 0.000000000000000000e+00 6.170000000000000284e+01
3.847144087097091436e+00 -2.914179181433485866e+00 0.000000000000000000e+00 1.250273041131455543e-01 -1.961636352445106368e-01 0.000000000000000000e+00 6.180000000000000426e+01
3.859646817508405547e+00 -2.933795544957936929e+00 0.000000000000000000e+00 1.250273041131411134e-01 -1.961636352445106368e-01 0.000000000000000000e+00 6.190000000000000568e+01
3.872149547919720103e+00 -2.953411908482387993e+00 0.000000000000000000e+00 1.250273041131455543e-01 -1.961636352445106368e-01 0.000000000000000000e+00 6.200000000000000000e+01
3.884652278331034214e+00 -2.973028272006839057e+00 0.000000000000000000e+00 1.250273041131411134e-01 -1.961636352445106368e-01 0.000000000000000000e+00 6.210000000000000142e+01
3.897155008742348770e+00 -2.992644635531290120e+00 0.000000000000000000e+00 1.250273041131455543e-01 -1.961636352445106368e-01 0.000000000000000000e+00 6.220000000000000284e+01
3.909091471581974453e+00 -3.011227896921707003e+00 0.000000000000000000e+00 1.193646283962568333e-01 -1.858326139041688307e-01 0.000000000000000000e+00 6.230000000000000426e+01
3.920768384822072683e+00 -3.029337634383569622e+00 0.000000000000000000e+00 1.167691324009823006e-01 -1.810973746186261835e-01 0.000000000000000000e+00 6.240000000000000568e+01
3.932445298062171357e+00 -3.047447371845431796e+00 0.000000000000000000e+00 1.167691324009867415e-01 -1.810973746186217426e-01 0.000000000000000000e+00 6.250000000000000000e+01
3.944122211302270031e+00 -3.065557109307293970e+00 0.000000000000000000e+00 1.167691324009867415e-01 -1.810973746186217426e-01 0.000000000000000000e+00 6.260000000000000142e+01
3.955799124542368705e+00 -3.083666846769156145e+00 0.000000000000000000e+00 1.167691324009867415e-01 -1.810973746186217426e-01 0.000000000000000000e+00 6.270000000000000284e+01
3.966336491229608185e+00 -3.100556259099677359e+00 0.000000000000000000e+00 1.053736668723948000e-01 -1.688941233052121405e-01 0.000000000000000000e+00 6.280000000000000426e+01
3.976005960059387334e+00 -3.116516251246145064e+00 0.000000000000000000e+00 9.669468829779148678e-02 -1.595999214646770525e-01 0.000000000000000000e+00 6.290000000000000568e+01
3.985675428889166039e+00 -3.132476243392612325e+00 0.000000000000000000e+00 9.669468829778704588e-02 -1.595999214646726116e-01 0.000000000000000000e+00 6.300000000000000000e+01
3.995344897718945187e+00 -3.148436235539079586e+00 0.000000000000000000e+00 9.669468829779148678e-02 -1.595999214646726116e-01 0.000000000000000000e+00 6.310000000000000142e+01
4.004728921858244917e+00 -3.164556531382349380e+00 0.000000000000000000e+00 9.384024139299729228e-02 -1.612029584326979403e-01 0.000000000000000000e+00 6.320000000000000284e+01
4.009013492989534022e+00 -3.183540643565947903e+00 0.000000000000000000e+00 4.284571131289105494e-02 -1.898411218359852271e-01 0.000000000000000000e+00 6.330000000000000426e+01
4.013298064120823128e+00 -3.202524755749546870e+00 0.000000000000000000e+00 4.284571131289105494e-02 -1.898411218359896679e-01 0.000000000000000000e+00 6.340000000000000568e+01
4.017582635252112233e+00 -3.221508867933145392e+00 0.000000000000000000e+00 4.284571131289105494e-02 -1.898411218359852271e-01 0.000000000000000000e+00 6.350000000000000000e+01
4.021867206383400450e+00 -3.240492980116744359e+00 0.000000000000000000e+00 4.284571131288217316e-02 -1.898411218359896679e-01 0.000000000000000000e+00 6.360000000000000142e+01
4.025722032479171375e+00 -3.259402078743150355e+00 0.000000000000000000e+00 3.854826095770924610e-02 -1.890909862640599570e-01 0.000000000000000000e+00 6.370000000000000284e+01
4.029298360968226689e+00 -3.278262564600535889e+00 0.000000000000000000e+00 3.576328489055313753e-02 -1.886048585738553385e-01 0.000000000000000000e+00 6.380000000000000426e+01
4.032874689457282891e+00 -3.297123050457921423e+00 0.000000000000000000e+00 3.576328489056201931e-02 -1.886048585738553385e-01 0.000000000000000000e+00 6.390000000000000568e+01
4.036451017946338204e+00 -3.315983536315306957e+00 0.000000000000000000e+00 3.576328489055313753e-02 -1.886048585738553385e-01 0.000000000000000000e+00 6.400000000000000000e+01
4.040030041251131188e+00 -3.334863347914029497e+00 0.000000000000000000e+00 3.579023304792983140e-02 -1.887981159872254011e-01 0.000000000000000000e+00 6.410000000000000853e+01
4.043621968630729313e+00 -3.353835700464030012e+00 0.000000000000000000e+00 3.591927379598125469e-02 -1.897235255000051524e-01 0.000000000000000000e+00 6.420000000000000284e+01
4.047213896010327439e+00 -3.372808053014030527e+00 0.000000000000000000e+00 3.591927379598125469e-02 -1.897235255000051524e-01 0.000000000000000000e+00 6.429999999999999716e+01
4.050805823389925564e+00 -3.391780405564031042e+00 0.000000000000000000e+00 3.591927379598125469e-02 -1.897235255000051524e-01 0.000000000000000000e+00 6.440000000000000568e+01
4.054397750769523689e+00 -3.410752758114031558e+00 0.000000000000000000e+00 3.591927379598125469e-02 -1.897235255000051524e-01 0.000000000000000000e+00 6.450000000000000000e+01
4.057860509576847186e+00 -3.429082658995732835e+00 0.000000000000000000e+00 3.462758807323496058e-02 -1.832990088170127763e-01 0.000000000000000000e+00 6.460000000000000853e+01
4.061263615057201903e+00 -3.447115859381673975e+00 0.000000000000000000e+00 3.403105480354717827e-02 -1.803320038594113939e-01 0.000000000000000000e+00 6.470000000000000284e+01
4.064666720537556621e+00 -3.465149059767615114e+00 0.000000000000000000e+00 3.403105480354717827e-02 -1.803320038594113939e-01 0.000000000000000000e+00 6.479999999999999716e+01
4.068069826017911339e+00 -3.483182260153556253e+00 0.000000000000000000e+00 3.403105480354717827e-02 -1.803320038594113939e-01 0.000000000000000000e+00 6.490000000000000568e+01
4.071430561521866665e+00 -3.501024121972805325e+00 0.000000000000000000e+00 3.360735503955325498e-02 -1.784186181924907189e-01 0.000000000000000000e+00 6.500000000000000000e+01
4.074728904108820160e+00 -3.518584223632493568e+00 0.000000000000000000e+00 3.298342586953495470e-02 -1.756010165968824310e-01 0.000000000000000000e+00 6.510000000000000853e+01
4.078027246695773655e+00 -3.536144325292182256e+00 0.000000000000000000e+00 3.298342586953495470e-02 -1.756010165968868719e-01 0.000000000000000000e+00 6.520000000000000284e+01
4.081325589282727151e+00 -3.553704426951870943e+00 0.000000000000000000e+00 3.298342586953495470e-02 -1.756010165968868719e-01 0.000000000000000000e+00 6.529999999999999716e+01
4.084578699723102169e+00 -3.571013893009151730e+00 0.000000000000000000e+00 3.253110440375017731e-02 -1.730946605728078680e-01 0.000000000000000000e+00 6.540000000000000568e+01
4.087676688064279418e+00 -3.587463812842787814e+00 0.000000000000000000e+00 3.097988341177249083e-02 -1.644991983363608412e-01 0.000000000000000000e+00 6.550000000000000000e+01
4.090774676405456667e+00 -3.603913732676423898e+00 0.000000000000000000e+00 3.097988341177249083e-02 -1.644991983363608412e-01 0.000000000000000000e+00 6.560000000000000853e+01
4.093872664746633028e+00 -3.620363652510059982e+00 0.000000000000000000e+00 3.097988341176360905e-02 -1.644991983363608412e-01 0.000000000000000000e+00 6.570000000000000284e+01
4.097100236638385518e+00 -3.637564984871035634e+00 0.000000000000000000e+00 3.227571891752489819e-02 -1.720133236097565188e-01 0.000000000000000000e+00 6.579999999999999716e+01
4.100566648049488450e+00 -3.656151269303991924e+00 0.000000000000000000e+00 3.466411411102932050e-02 -1.858628443295629040e-01 0.000000000000000000e+00 6.590000000000000568e+01
4.104033059460590493e+00 -3.674737553736948215e+00 0.000000000000000000e+00 3.466411411102043871e-02 -1.858628443295629040e-01 0.000000000000000000e+00 6.600000000000000000e+01
4.107499470871692537e+00 -3.693323838169904505e+00 0.000000000000000000e+00 3.466411411102043871e-02 -1.858628443295629040e-01 0.000000000000000000e+00 6.610000000000000853e+01
4.110965882282795469e+00 -3.711910122602860795e+00 0.000000000000000000e+00 3.466411411102932050e-02 -1.858628443295629040e-01 0.000000000000000000e+00 6.620000000000000284e+01
4.114810341370635172e+00 -3.732938942280836780e+00 0.000000000000000000e+00 3.844459087839702249e-02 -2.102881967797598506e-01 0.000000000000000000e+00 6.629999999999999716e+01
4.118680348262016011e+00 -3.754132824236463772e+00 0.000000000000000000e+00 3.870006891380839420e-02 -2.119388195562699195e-01 0.000000000000000000e+00 6.640000000000000568e+01
4.122550355153396850e+00 -3.775326706192090764e+00 0.000000000000000000e+00 3.870006891380839420e-02 -2.119388195562699195e-01 0.000000000000000000e+00 6.650000000000000000e+01
4.126420362044778578e+00 -3.796520588147717756e+00 0.000000000000000000e+00 3.870006891381727598e-02 -2.119388195562699195e-01 0.000000000000000000e+00 6.660000000000000853e+01
4.130290368936159418e+00 -3.817714470103344748e+00 0.000000000000000000e+00 3.870006891380839420e-02 -2.119388195562699195e-01 0.000000000000000000e+00 6.670000000000000284e+01
4.133781229134617874e+00 -3.837067624796808740e+00 0.000000000000000000e+00 3.490860198458456409e-02 -1.935315469346399198e-01 0.000000000000000000e+00 6.679999999999999716e+01
4.137131595056066757e+00 -3.855738690866803431e+00 0.000000000000000000e+00 3.350365921448883455e-02 -1.867106606999469065e-01 0.000000000000000000e+00 6.690000000000000568e+01
4.140481960977515641e+00 -3.874409756936798122e+00 0.000000000000000000e+00 3.350365921448883455e-02 -1.867106606999469065e-01 0.000000000000000000e+00 6.700000000000000000e+01
4.143832326898965412e+00 -3.893080823006792812e+00 0.000000000000000000e+00 3.350365921449771633e-02 -1.867106606999469065e-01 0.000000000000000000e+00 6.710000000000000853e+01
4.147238157112899337e+00 -3.911964637468931194e+00 0.000000000000000000e+00 3.405830213933924711e-02 -1.888381446213838188e-01 0.000000000000000000e+00 6.720000000000000284e+01
4.150739406709819335e+00 -3.931214458949276569e+00 0.000000000000000000e+00 3.501249596919997487e-02 -1.924982148034537488e-01 0.000000000000000000e+00 6.729999999999999716e+01
4.154240656306740220e+00 -3.950464280429622388e+00 0.000000000000000000e+00 3.501249596920885665e-02 -1.924982148034581897e-01 0.000000000000000000e+00 6.740000000000000568e+01
4.157741905903660218e+00 -3.969714101909968207e+00 0.000000000000000000e+00 3.501249596919997487e-02 -1.924982148034581897e-01 0.000000000000000000e+00 6.750000000000000000e+01
4.161243155500581103e+00 -3.988963923390313582e+00 0.000000000000000000e+00 3.501249596920885665e-02 -1.924982148034537488e-01 0.000000000000000000e+00 6.760000000000000853e+01
4.164709045484271677e+00 -4.009821225194321492e+00 0.000000000000000000e+00 3.465889983690573217e-02 -2.085730180400791056e-01 0.000000000000000000e+00 6.770000000000000284e+01
4.168164375784868092e+00 -4.031158579839624778e+00 0.000000000000000000e+00 3.455330300596415327e-02 -2.133735464530328585e-01 0.000000000000000000e+00 6.779999999999999716e+01
4.171619706085465396e+00 -4.052495934484927176e+00 0.000000000000000000e+00 3.455330300597303506e-02 -2.133735464530239767e-01 0.000000000000000000e+00 6.790000000000000568e+01
4.175075036386061811e+00 -4.073833289130230462e+00 0.000000000000000000e+00 3.455330300596415327e-02 -2.133735464530328585e-01 0.000000000000000000e+00 6.800000000000000000e+01
4.178530366686659114e+00 -4.095170643775532859e+00 0.000000000000000000e+00 3.455330300597303506e-02 -2.133735464530239767e-01 0.000000000000000000e+00 6.810000000000000853e+01
4.178624240680478330e+00 -4.115168775894412434e+00 0.000000000000000000e+00 9.387399381921568420e-04 -1.999813211887957465e-01 0.000000000000000000e+00 6.820000000000000284e+01
4.177051894544439037e+00 -4.134503076825782664e+00 0.000000000000000000e+00 -1.572346136039293185e-02 -1.933430093137022965e-01 0.000000000000000000e+00 6.829999999999999716e+01
4.175479548408399744e+00 -4.153837377757152005e+00 0.000000000000000000e+00 -1.572346136039293185e-02 -1.933430093136934147e-01 0.000000000000000000e+00 6.840000000000000568e+01
4.173907202272361339e+00 -4.173171678688522235e+00 0.000000000000000000e+00 -1.572346136038405007e-02 -1.933430093137022965e-01 0.000000000000000000e+00 6.850000000000000000e+01
4.172269624460667181e+00 -4.192738791449927227e+00 0.000000000000000000e+00 -1.637577811694157504e-02 -1.956711276140499223e-01 0.000000000000000000e+00 6.860000000000000853e+01
4.170251324990923436e+00 -4.213664699689981141e+00 0.000000000000000000e+00 -2.018299469743745078e-02 -2.092590824005391426e-01 0.000000000000000000e+00 6.870000000000000284e+01
4.168233025521180579e+00 -4.234590607930034167e+00 0.000000000000000000e+00 -2.018299469742856900e-02 -2.092590824005302608e-01 0.000000000000000000e+00 6.879999999999999716e+01
4.166214726051436834e+00 -4.255516516170088082e+00 0.000000000000000000e+00 -2.018299469743745078e-02 -2.092590824005391426e-01 0.000000000000000000e+00 6.890000000000000568e+01
4.164196426581693089e+00 -4.276442424410141996e+00 0.000000000000000000e+00 -2.018299469743745078e-02 -2.092590824005391426e-01 0.000000000000000000e+00 6.900000000000000000e+01
4.162139455556976841e+00 -4.297560691363132790e+00 0.000000000000000000e+00 -2.056971024716247598e-02 -2.111826695299079404e-01 0.000000000000000000e+00 6.910000000000000853e+01
4.159958579171481929e+00 -4.319295284081708708e+00 0.000000000000000000e+00 -2.180876385494912029e-02 -2.173459271857591801e-01 0.000000000000000000e+00 6.920000000000000284e+01
4.157777702785987906e+00 -4.341029876800284626e+00 0.000000000000000000e+00 -2.180876385494023850e-02 -2.173459271857591801e-01 0.000000000000000000e+00 6.929999999999999716e+01
4.155596826400492994e+00 -4.362764469518860544e+00 0.000000000000000000e+00 -2.180876385494912029e-02 -2.173459271857591801e-01 0.000000000000000000e+00 6.940000000000000568e+01
4.153415950014998081e+00 -4.384499062237436462e+00 0.000000000000000000e+00 -2.180876385494912029e-02 -2.173459271857591801e-01 0.000000000000000000e+00 6.950000000000000000e+01
4.151258140484649140e+00 -4.405933616370909967e+00 0.000000000000000000e+00 -2.157809530348941962e-02 -2.143455413347350458e-01 0.000000000000000000e+00 6.960000000000000853e+01
4.149250276692479922e+00 -4.425417774282552230e+00 0.000000000000000000e+00 -2.007863792169217731e-02 -1.948415791164226363e-01 0.000000000000000000e+00 6.970000000000000284e+01
4.147242412900309816e+00 -4.444901932194194494e+00 0.000000000000000000e+00 -2.007863792170105910e-02 -1.948415791164226363e-01 0.000000000000000000e+00 6.979999999999999716e+01
4.145234549108139710e+00 -4.464386090105836757e+00 0.000000000000000000e+00 -2.007863792170105910e-02 -1.948415791164226363e-01 0.000000000000000000e+00 6.990000000000000568e+01
4.143226685315970492e+00 -4.483870248017479021e+00 0.000000000000000000e+00 -2.007863792169217731e-02 -1.948415791164226363e-01 0.000000000000000000e+00 7.000000000000000000e+01
4.141327354530606186e+00 -4.502208677387883995e+00 0.000000000000000000e+00 -1.899330785364305996e-02 -1.833842937040497389e-01 0.000000000000000000e+00 7.010000000000000853e+01
4.139517945142903166e+00 -4.519597851644119757e+00 0.000000000000000000e+00 -1.809409387703020400e-02 -1.738917425623576207e-01 0.000000000000000000e+00 7.020000000000000284e+01
4.137708535755200145e+00 -4.536987025900354631e+00 0.000000000000000000e+00 -1.809409387703020400e-02 -1.738917425623487389e-01 0.000000000000000000e+00 7.029999999999999716e+01
4.135899126367496237e+00 -4.554376200156590393e+00 0.000000000000000000e+00 -1.809409387703908578e-02 -1.738917425623576207e-01 0.000000000000000000e+00 7.040000000000000568e+01
4.133936555686313241e+00 -4.572548368002638419e+00 0.000000000000000000e+00 -1.962570681182995713e-02 -1.817216784604802626e-01 0.000000000000000000e+00 7.050000000000000000e+01
4.131800069974857159e+00 -4.591609627020360129e+00 0.000000000000000000e+00 -2.136485711456082015e-02 -1.906125901772171005e-01 0.000000000000000000e+00 7.060000000000000853e+01
4.129663584263401077e+00 -4.610670886038080951e+00 0.000000000000000000e+00 -2.136485711456082015e-02 -1.906125901772082187e-01 0.000000000000000000e+00 7.070000000000000284e+01
4.127527098551945883e+00 -4.629732145055801773e+00 0.000000000000000000e+00 -2.136485711455193837e-02 -1.906125901772082187e-01 0.000000000000000000e+00 7.079999999999999716e+01
4.125390612840489801e+00 -4.648793404073523483e+00 0.000000000000000000e+00 -2.136485711456082015e-02 -1.906125901772171005e-01 0.000000000000000000e+00 7.090000000000000568e+01
4.123377242254642638e+00 -4.666666564491719349e+00 0.000000000000000000e+00 -2.013370585847162886e-02 -1.787316041819586587e-01 0.000000000000000000e+00 7.100000000000000000e+01
4.121366071137585685e+00 -4.684518499363693245e+00 0.000000000000000000e+00 -2.011171117056953506e-02 -1.785193487197389572e-01 0.000000000000000000e+00 7.110000000000000853e+01
4.119354900020528731e+00 -4.702370434235666252e+00 0.000000000000000000e+00 -2.011171117056953506e-02 -1.785193487197300755e-01 0.000000000000000000e+00 7.120000000000000284e+01
4.117343728903471778e+00 -4.720222369107639260e+00 0.000000000000000000e+00 -2.011171117056953506e-02 -1.785193487197300755e-01 0.000000000000000000e+00 7.129999999999999716e+01
4.115150458721437587e+00 -4.738761120389400894e+00 0.000000000000000000e+00 -2.193270182034190441e-02 -1.853875128176163400e-01 0.000000000000000000e+00 7.140000000000000568e+01
4.112906596049481500e+00 -4.757490689522397176e+00 0.000000000000000000e+00 -2.243862671956087240e-02 -1.872956913299628212e-01 0.000000000000000000e+00 7.150000000000000000e+01
4.110662733377525413e+00 -4.776220258655393458e+00 0.000000000000000000e+00 -2.243862671956087240e-02 -1.872956913299628212e-01 0.000000000000000000e+00 7.160000000000000853e+01
4.108418870705569326e+00 -4.794949827788389740e+00 0.000000000000000000e+00 -2.243862671956087240e-02 -1.872956913299628212e-01 0.000000000000000000e+00 7.170000000000000284e+01
4.106215987130775069e+00 -4.813355645844464625e+00 0.000000000000000000e+00 -2.202883574794256560e-02 -1.840581805607488519e-01 0.000000000000000000e+00 7.179999999999999716e+01
4.104083172157836579e+00 -4.831207894230135302e+00 0.000000000000000000e+00 -2.132814972938490428e-02 -1.785224838567067707e-01 0.000000000000000000e+00 7.190000000000000568e+01
4.101950357184898976e+00 -4.849060142615805979e+00 0.000000000000000000e+00 -2.132814972937602249e-02 -1.785224838567067707e-01 0.000000000000000000e+00 7.200000000000000000e+01
4.099817542211960486e+00 -4.866912391001476657e+00 0.000000000000000000e+00 -2.132814972938490428e-02 -1.785224838567067707e-01 0.000000000000000000e+00 7.210000000000000853e+01
4.097664106937763506e+00 -4.884823586048068655e+00 0.000000000000000000e+00 -2.153435274196979776e-02 -1.791119504659199890e-01 0.000000000000000000e+00 7.220000000000000284e+01
4.095406736399906045e+00 -4.903031897837414554e+00 0.000000000000000000e+00 -2.257370537857461557e-02 -1.820831178934589900e-01 0.000000000000000000e+00 7.229999999999999716e+01
4.093149365862048583e+00 -4.921240209626760453e+00 0.000000000000000000e+00 -2.257370537857461557e-02 -1.820831178934589900e-01 0.000000000000000000e+00 7.240000000000000568e+01
4.090891995324192010e+00 -4.939448521416106352e+00 0.000000000000000000e+00 -2.257370537856573378e-02 -1.820831178934589900e-01 0.000000000000000000e+00 7.250000000000000000e+01
4.088634624786334548e+00 -4.957656833205451363e+00 0.000000000000000000e+00 -2.257370537857461557e-02 -1.820831178934501082e-01 0.000000000000000000e+00 7.260000000000000853e+01
4.086374048870614395e+00 -4.975640207845660967e+00 0.000000000000000000e+00 -2.260575915720153262e-02 -1.798337464020960397e-01 0.000000000000000000e+00 7.270000000000000284e+01
4.084113013719681717e+00 -4.993591355689550149e+00 0.000000000000000000e+00 -2.261035150932677595e-02 -1.795114784388918139e-01 0.000000000000000000e+00 7.279999999999999716e+01
4.081851978568749040e+00 -5.011542503533439330e+00 0.000000000000000000e+00 -2.261035150932677595e-02 -1.795114784388918139e-01 0.000000000000000000e+00 7.290000000000000568e+01
4.079590943417815474e+00 -5.029493651377328511e+00 0.000000000000000000e+00 -2.261035150933565774e-02 -1.795114784388918139e-01 0.000000000000000000e+00 7.300000000000000000e+01
4.077354112241426520e+00 -5.047182099017547330e+00 0.000000000000000000e+00 -2.236831176388953679e-02 -1.768844764021881844e-01 0.000000000000000000e+00 7.310000000000000853e+01
4.075130689253634308e+00 -5.064725019572155595e+00 0.000000000000000000e+00 -2.223422987792211813e-02 -1.754292055460826560e-01 0.000000000000000000e+00 7.320000000000000284e+01
4.072907266265842097e+00 -5.082267940126763861e+00 0.000000000000000000e+00 -2.223422987792211813e-02 -1.754292055460826560e-01 0.000000000000000000e+00 7.329999999999999716e+01
4.070683843278050773e+00 -5.099810860681372127e+00 0.000000000000000000e+00 -2.223422987791323635e-02 -1.754292055460826560e-01 0.000000000000000000e+00 7.340000000000000568e+01
4.068265962243859946e+00 -5.117708903471328341e+00 0.000000000000000000e+00 -2.417881034190827449e-02 -1.789804278995621445e-01 0.000000000000000000e+00 7.350000000000000000e+01
4.065660988114866647e+00 -5.135948618510258967e+00 0.000000000000000000e+00 -2.604974128993298166e-02 -1.823971503893062618e-01 0.000000000000000000e+00 7.360000000000000853e+01
4.063056013985873349e+00 -5.154188333549189593e+00 0.000000000000000000e+00 -2.604974128993298166e-02 -1.823971503893062618e-01 0.000000000000000000e+00 7.370000000000000284e+01
4.060451039856880051e+00 -5.172428048588120220e+00 0.000000000000000000e+00 -2.604974128993298166e-02 -1.823971503893062618e-01 0.000000000000000000e+00 7.379999999999999716e+01
4.057709673031794750e+00 -5.191462088915780981e+00 0.000000000000000000e+00 -2.741366825085300718e-02 -1.903404032766076170e-01 0.000000000000000000e+00 7.390000000000000568e+01
4.054537986271085970e+00 -5.213002231233544670e+00 0.000000000000000000e+00 -3.171686760708780639e-02 -2.154014231776368860e-01 0.000000000000000000e+00 7.400000000000000000e+01
4.051366299510376301e+00 -5.234542373551309247e+00 0.000000000000000000e+00 -3.171686760709668818e-02 -2.154014231776457677e-01 0.000000000000000000e+00 7.410000000000000853e+01
4.048194612749666632e+00 -5.256082515869073823e+00 0.000000000000000000e+00 -3.171686760709668818e-02 -2.154014231776457677e-01 0.000000000000000000e+00 7.420000000000000284e+01
4.045022925988956963e+00 -5.277622658186838400e+00 0.000000000000000000e+00 -3.171686760709668818e-02 -2.154014231776457677e-01 0.000000000000000000e+00 7.429999999999999716e+01
4.041855444217908655e+00 -5.299131657316818789e+00 0.000000000000000000e+00 -3.167481771048308303e-02 -2.150899912998038843e-01 0.000000000000000000e+00 7.440000000000000568e+01
4.038979609766501611e+00 -5.318480644657382683e+00 0.000000000000000000e+00 -2.875834451407044412e-02 -1.934898734056389458e-01 0.000000000000000000e+00 7.450000000000000000e+01
4.036103775315094566e+00 -5.337829631997945690e+00 0.000000000000000000e+00 -2.875834451407044412e-02 -1.934898734056300640e-01 0.000000000000000000e+00 7.460000000000000853e+01
4.033227940863687522e+00 -5.357178619338509584e+00 0.000000000000000000e+00 -2.875834451407044412e-02 -1.934898734056389458e-01 0.000000000000000000e+00 7.470000000000000284e+01
4.030352106412279589e+00 -5.376527606679073479e+00 0.000000000000000000e+00 -2.875834451407932590e-02 -1.934898734056389458e-01 0.000000000000000000e+00 7.479999999999999716e+01
4.027596754192566131e+00 -5.395501113550717598e+00 0.000000000000000000e+00 -2.755352219713458339e-02 -1.897350687164411909e-01 0.000000000000000000e+00 7.490000000000000568e+01
4.025011282801620460e+00 -5.413945190212197112e+00 0.000000000000000000e+00 -2.585471390945670578e-02 -1.844407666147951375e-01 0.000000000000000000e+00 7.500000000000000000e+01
4.022425811410674790e+00 -5.432389266873676625e+00 0.000000000000000000e+00 -2.585471390945670578e-02 -1.844407666147951375e-01 0.000000000000000000e+00 7.510000000000000853e+01
4.019840340019729119e+00 -5.450833343535156139e+00 0.000000000000000000e+00 -2.585471390945670578e-02 -1.844407666147951375e-01 0.000000000000000000e+00 7.520000000000000284e+01
4.017251623971877628e+00 -5.469277574825908594e+00 0.000000000000000000e+00 -2.588716047851491453e-02 -1.844423129075245527e-01 0.000000000000000000e+00 7.529999999999999716e+01
4.014505360357691899e+00 -5.487729314295911820e+00 0.000000000000000000e+00 -2.746263614185728841e-02 -1.845173947000322556e-01 0.000000000000000000e+00 7.540000000000000568e+01
4.011759096743506170e+00 -5.506181053765914157e+00 0.000000000000000000e+00 -2.746263614185728841e-02 -1.845173947000233738e-01 0.000000000000000000e+00 7.550000000000000000e+01
4.009012833129320441e+00 -5.524632793235916495e+00 0.000000000000000000e+00 -2.746263614185728841e-02 -1.845173947000233738e-01 0.000000000000000000e+00 7.560000000000000853e+01
4.006266569515133824e+00 -5.543084532705919720e+00 0.000000000000000000e+00 -2.746263614186617019e-02 -1.845173947000322556e-01 0.000000000000000000e+00 7.570000000000000284e+01
4.001344720428217983e+00 -5.560742520203490358e+00 0.000000000000000000e+00 -4.921849086915841553e-02 -1.765798749757063746e-01 0.000000000000000000e+00 7.579999999999999716e+01
3.994750161012245115e+00 -5.577790227323831118e+00 0.000000000000000000e+00 -6.594559415972867100e-02 -1.704770712034076041e-01 0.000000000000000000e+00 7.590000000000000568e+01
3.988155601596272248e+00 -5.594837934444170990e+00 0.000000000000000000e+00 -6.594559415972867100e-02 -1.704770712033987223e-01 0.000000000000000000e+00 7.600000000000000000e+01
3.981561042180299381e+00 -5.611885641564511751e+00 0.000000000000000000e+00 -6.594559415972867100e-02 -1.704770712034076041e-01 0.000000000000000000e+00 7.610000000000000853e+01
3.974912727190483164e+00 -5.628904093122788943e+00 0.000000000000000000e+00 -6.648314989816217491e-02 -1.701845155827719225e-01 0.000000000000000000e+00 7.620000000000000284e+01
3.958965032228852987e+00 -5.640861514382871533e+00 0.000000000000000000e+00 -1.594769496163017664e-01 -1.195742126008259021e-01 0.000000000000000000e+00 7.629999999999999716e+01
3.943017337267222810e+00 -5.652818935642954123e+00 0.000000000000000000e+00 -1.594769496163017664e-01 -1.195742126008259021e-01 0.000000000000000000e+00 7.640000000000000568e+01
3.927069642305592634e+00 -5.664776356903036714e+00 0.000000000000000000e+00 -1.594769496163017664e-01 -1.195742126008259021e-01 0.000000000000000000e+00 7.650000000000000000e+01
3.911121947343962457e+00 -5.676733778163119304e+00 0.000000000000000000e+00 -1.594769496163017664e-01 -1.195742126008259021e-01 0.000000000000000000e+00 7.660000000000000853e+01
3.895000715508327271e+00 -5.688554886275859701e+00 0.000000000000000000e+00 -1.612123183563518580e-01 -1.182110811274039719e-01 0.000000000000000000e+00 7.670000000000000284e+01
3.875401130056827625e+00 -5.697643748970067534e+00 0.000000000000000000e+00 -1.959958545149964593e-01 -9.088862694207833215e-02 0.000000000000000000e+00 7.680000000000001137e+01
3.855801544605328424e+00 -5.706732611664274479e+00 0.000000000000000000e+00 -1.959958545149920184e-01 -9.088862694206945037e-02 0.000000000000000000e+00 7.690000000000000568e+01
3.836201959153828778e+00 -5.715821474358482313e+00 0.000000000000000000e+00 -1.959958545149964593e-01 -9.088862694207833215e-02 0.000000000000000000e+00 7.700000000000000000e+01
3.816602373702329576e+00 -5.724910337052689258e+00 0.000000000000000000e+00 -1.959958545149920184e-01 -9.088862694206945037e-02 0.000000000000000000e+00 7.710000000000000853e+01
3.797005227740964273e+00 -5.734028148941641589e+00 0.000000000000000000e+00 -1.959714596136530318e-01 -9.117811888952331856e-02 0.000000000000000000e+00 7.720000000000000284e+01
3.777516005033407787e+00 -5.744426675701345353e+00 0.000000000000000000e+00 -1.948922270755648611e-01 -1.039852675970376339e-01 0.000000000000000000e+00 7.730000000000001137e+01
3.758026782325850856e+00 -5.754825202461048228e+00 0.000000000000000000e+00 -1.948922270755693020e-01 -1.039852675970287521e-01 0.000000000000000000e+00 7.740000000000000568e+01
3.738537559618294370e+00 -5.765223729220751991e+00 0.000000000000000000e+00 -1.948922270755648611e-01 -1.039852675970376339e-01 0.000000000000000000e+00 7.750000000000000000e+01
3.719048336910737884e+00 -5.775622255980454867e+00 0.000000000000000000e+00 -1.948922270755648611e-01 -1.039852675970287521e-01 0.000000000000000000e+00 7.760000000000000853e+01
3.699559114203180954e+00 -5.786020782740157742e+00 0.000000000000000000e+00 -1.948922270755693020e-01 -1.039852675970287521e-01 0.000000000000000000e+00 7.770000000000000284e+01
3.681188455397558457e+00 -5.796052729316537366e+00 0.000000000000000000e+00 -1.837065880562249731e-01 -1.003194657637962450e-01 0.000000000000000000e+00 7.780000000000001137e+01
3.662961423330592492e+00 -5.806037605970406190e+00 0.000000000000000000e+00 -1.822703206696596467e-01 -9.984876653868823837e-02 0.000000000000000000e+00 7.790000000000000568e+01
3.644734391263626083e+00 -5.816022482624274126e+00 0.000000000000000000e+00 -1.822703206696640876e-01 -9.984876653867935659e-02 0.000000000000000000e+00 7.800000000000000000e+01
3.626507359196660119e+00 -5.826007359278142950e+00 0.000000000000000000e+00 -1.822703206696596467e-01 -9.984876653868823837e-02 0.000000000000000000e+00 7.810000000000000853e+01
3.608300134851696317e+00 -5.835977755802788103e+00 0.000000000000000000e+00 -1.820722434496380160e-01 -9.970396524645153136e-02 0.000000000000000000e+00 7.820000000000000284e+01
3.590498897091788599e+00 -5.845651362105214410e+00 0.000000000000000000e+00 -1.780123775990771762e-01 -9.673606302426307479e-02 0.000000000000000000e+00 7.830000000000001137e+01
3.572697659331881326e+00 -5.855324968407640718e+00 0.000000000000000000e+00 -1.780123775990727353e-01 -9.673606302426307479e-02 0.000000000000000000e+00 7.840000000000000568e+01
3.554896421571973608e+00 -5.864998574710067025e+00 0.000000000000000000e+00 -1.780123775990771762e-01 -9.673606302426307479e-02 0.000000000000000000e+00 7.850000000000000000e+01
3.537095183812066335e+00 -5.874672181012493333e+00 0.000000000000000000e+00 -1.780123775990727353e-01 -9.673606302426307479e-02 0.000000000000000000e+00 7.860000000000000853e+01
3.519682262887606328e+00 -5.884165445252720339e+00 0.000000000000000000e+00 -1.741292092446000694e-01 -9.493264240227006212e-02 0.000000000000000000e+00 7.870000000000000284e+01
3.503034814153922483e+00 -5.893303208981923724e+00 0.000000000000000000e+00 -1.664744873368384503e-01 -9.137763729203385310e-02 0.000000000000000000e+00 7.880000000000001137e+01
3.486387365420238638e+00 -5.902440972711127110e+00 0.000000000000000000e+00 -1.664744873368384503e-01 -9.137763729203385310e-02 0.000000000000000000e+00 7.890000000000000568e+01
3.469739916686554793e+00 -5.911578736440330495e+00 0.000000000000000000e+00 -1.664744873368384503e-01 -9.137763729203385310e-02 0.000000000000000000e+00 7.900000000000000000e+01
3.453092467952870948e+00 -5.920716500169533880e+00 0.000000000000000000e+00 -1.664744873368384503e-01 -9.137763729203385310e-02 0.000000000000000000e+00 7.910000000000000853e+01
3.436784735560465709e+00 -5.929767655668894299e+00 0.000000000000000000e+00 -1.630773239240523864e-01 -9.051155499360419299e-02 0.000000000000000000e+00 7.920000000000000284e+01
3.420507006804743177e+00 -5.938811161957586293e+00 0.000000000000000000e+00 -1.627772875572253142e-01 -9.043506288691993689e-02 0.000000000000000000e+00 7.930000000000001137e+01
3.404229278049020202e+00 -5.947854668246279175e+00 0.000000000000000000e+00 -1.627772875572297551e-01 -9.043506288692881867e-02 0.000000000000000000e+00 7.940000000000000568e+01
3.387951549293297671e+00 -5.956898174534971169e+00 0.000000000000000000e+00 -1.627772875572253142e-01 -9.043506288691993689e-02 0.000000000000000000e+00 7.950000000000000000e+01
3.371617249051516385e+00 -5.966026556955092985e+00 0.000000000000000000e+00 -1.633430024178128548e-01 -9.128382420121816665e-02 0.000000000000000000e+00 7.960000000000000853e+01
3.355242335182740288e+00 -5.975215873386017229e+00 0.000000000000000000e+00 -1.637491386877609756e-01 -9.189316430924243662e-02 0.000000000000000000e+00 7.970000000000000284e+01
3.338867421313963746e+00 -5.984405189816942361e+00 0.000000000000000000e+00 -1.637491386877654165e-01 -9.189316430925131840e-02 0.000000000000000000e+00 7.980000000000001137e+01
3.322492507445187648e+00 -5.993594506247866605e+00 0.000000000000000000e+00 -1.637491386877609756e-01 -9.189316430924243662e-02 0.000000000000000000e+00 7.990000000000000568e+01
3.306194129222144173e+00 -6.002746669579168248e+00 0.000000000000000000e+00 -1.629837822304347483e-01 -9.152163331301643723e-02 0.000000000000000000e+00 8.000000000000000000e+01
3.290189384331931866e+00 -6.011756292942814106e+00 0.000000000000000000e+00 -1.600474489021230795e-01 -9.009623363645857808e-02 0.000000000000000000e+00 8.010000000000000853e+01
3.274184639441719114e+00 -6.020765916306459076e+00 0.000000000000000000e+00 -1.600474489021275204e-01 -9.009623363644969629e-02 0.000000000000000000e+00 8.020000000000000284e+01
3.258179894551506806e+00 -6.029775539670104934e+00 0.000000000000000000e+00 -1.600474489021230795e-01 -9.009623363645857808e-02 0.000000000000000000e+00 8.030000000000001137e+01
3.242175149661294054e+00 -6.038785163033749903e+00 0.000000000000000000e+00 -1.600474489021275204e-01 -9.009623363644969629e-02 0.000000000000000000e+00 8.040000000000000568e+01
3.226722491720551922e+00 -6.047429128845330126e+00 0.000000000000000000e+00 -1.545265794074213161e-01 -8.643965811580223146e-02 0.000000000000000000e+00 8.050000000000000000e+01
3.211318343404738762e+00 -6.056040965821551048e+00 0.000000000000000000e+00 -1.540414831581315980e-01 -8.611836976220921258e-02 0.000000000000000000e+00 8.060000000000000853e+01
3.195914195088925602e+00 -6.064652802797772857e+00 0.000000000000000000e+00 -1.540414831581315980e-01 -8.611836976221809437e-02 0.000000000000000000e+00 8.070000000000000284e+01
3.180510046773112443e+00 -6.073264639773993778e+00 0.000000000000000000e+00 -1.540414831581315980e-01 -8.611836976220921258e-02 0.000000000000000000e+00 8.080000000000001137e+01
3.164678987780411124e+00 -6.081919710929432732e+00 0.000000000000000000e+00 -1.583105899270131900e-01 -8.655071155438953667e-02 0.000000000000000000e+00 8.090000000000000568e+01
3.148737122580606229e+00 -6.090586003672139981e+00 0.000000000000000000e+00 -1.594186519980489436e-01 -8.666292742707248919e-02 0.000000000000000000e+00 8.100000000000000000e+01
3.132795257380801335e+00 -6.099252296414847230e+00 0.000000000000000000e+00 -1.594186519980489436e-01 -8.666292742707248919e-02 0.000000000000000000e+00 8.110000000000000853e+01
3.116853392180996440e+00 -6.107918589157553590e+00 0.000000000000000000e+00 -1.594186519980489436e-01 -8.666292742706360741e-02 0.000000000000000000e+00 8.120000000000000284e+01
3.101276195135181268e+00 -6.116455213232672605e+00 0.000000000000000000e+00 -1.557719704581517206e-01 -8.536624075119014776e-02 0.000000000000000000e+00 8.130000000000001137e+01
3.086122276595576697e+00 -6.124841327976723093e+00 0.000000000000000000e+00 -1.515391853960457169e-01 -8.386114744050487957e-02 0.000000000000000000e+00 8.140000000000000568e+01
3.070968358055972125e+00 -6.133227442720773581e+00 0.000000000000000000e+00 -1.515391853960457169e-01 -8.386114744050487957e-02 0.000000000000000000e+00 8.150000000000000000e+01
3.055814439516367553e+00 -6.141613557464824069e+00 0.000000000000000000e+00 -1.515391853960457169e-01 -8.386114744050487957e-02 0.000000000000000000e+00 8.160000000000000853e+01
3.040702030096372965e+00 -6.149944810515683535e+00 0.000000000000000000e+00 -1.511240941999458798e-01 -8.331253050859466214e-02 0.000000000000000000e+00 8.170000000000000284e+01
3.025653268015590758e+00 -6.158191942273944619e+00 0.000000000000000000e+00 -1.504876208078220756e-01 -8.247131758261083689e-02 0.000000000000000000e+00 8.180000000000001137e+01
3.010604505934808106e+00 -6.166439074032205703e+00 0.000000000000000000e+00 -1.504876208078265165e-01 -8.247131758261083689e-02 0.000000000000000000e+00 8.190000000000000568e+01
2.995555743854025899e+00 -6.174686205790465898e+00 0.000000000000000000e+00 -1.504876208078220756e-01 -8.247131758260195511e-02 0.000000000000000000e+00 8.200000000000000000e+01
2.980694400656959786e+00 -6.183100662711590090e+00 0.000000000000000000e+00 -1.486134319706611251e-01 -8.414456921124191524e-02 0.000000000000000000e+00 8.210000000000000853e+01
2.966165004296346552e+00 -6.191811477488284865e+00 0.000000000000000000e+00 -1.452939636061323370e-01 -8.710814776694775219e-02 0.000000000000000000e+00 8.220000000000000284e+01
2.951635607935733763e+00 -6.200522292264978752e+00 0.000000000000000000e+00 -1.452939636061278961e-01 -8.710814776693887040e-02 0.000000000000000000e+00 8.230000000000001137e+01
2.937106211575120529e+00 -6.209233107041673527e+00 0.000000000000000000e+00 -1.452939636061323370e-01 -8.710814776694775219e-02 0.000000000000000000e+00 8.240000000000000568e+01
2.922576815214507739e+00 -6.217943921818367414e+00 0.000000000000000000e+00 -1.452939636061278961e-01 -8.710814776693887040e-02 0.000000000000000000e+00 8.250000000000000000e+01
2.912948129924878948e+00 -6.229953364598747712e+00 0.000000000000000000e+00 -9.628685289628791111e-02 -1.200944278038029722e-01 0.000000000000000000e+00 8.260000000000000853e+01
2.903639943291457914e+00 -6.242178532368257038e+00 0.000000000000000000e+00 -9.308186633421033918e-02 -1.222516776950932638e-01 0.000000000000000000e+00 8.270000000000000284e+01
2.894331756658036880e+00 -6.254403700137765476e+00 0.000000000000000000e+00 -9.308186633421033918e-02 -1.222516776950843820e-01 0.000000000000000000e+00 8.280000000000001137e+01
2.885023570024616291e+00 -6.266628867907274802e+00 0.000000000000000000e+00 -9.308186633420589828e-02 -1.222516776950932638e-01 0.000000000000000000e+00 8.290000000000000568e+01
2.880115564048446597e+00 -6.279882519963546628e+00 0.000000000000000000e+00 -4.908005976169693696e-02 -1.325365205627182519e-01 0.000000000000000000e+00 8.300000000000000000e+01
2.883221916102512328e+00 -6.295009422675789779e+00 0.000000000000000000e+00 3.106352054065730783e-02 -1.512690271224315097e-01 0.000000000000000000e+00 8.310000000000000853e+01
2.886328268156578059e+00 -6.310136325388033818e+00 0.000000000000000000e+00 3.106352054065730783e-02 -1.512690271224403915e-01 0.000000000000000000e+00 8.320000000000000284e+01
2.889434620210643345e+00 -6.325263228100276969e+00 0.000000000000000000e+00 3.106352054065286694e-02 -1.512690271224315097e-01 0.000000000000000000e+00 8.330000000000001137e+01
2.894365279645548128e+00 -6.340349595563303353e+00 0.000000000000000000e+00 4.930659434904782756e-02 -1.508636746302638443e-01 0.000000000000000000e+00 8.340000000000000568e+01
2.903849216424992719e+00 -6.355334791352158952e+00 0.000000000000000000e+00 9.483936779444590570e-02 -1.498519578885559866e-01 0.000000000000000000e+00 8.350000000000000000e+01
2.913333153204436865e+00 -6.370319987141015439e+00 0.000000000000000000e+00 9.483936779444146481e-02 -1.498519578885648684e-01 0.000000000000000000e+00 8.360000000000000853e+01
2.922817089983881456e+00 -6.385305182929871926e+00 0.000000000000000000e+00 9.483936779444590570e-02 -1.498519578885648684e-01 0.000000000000000000e+00 8.370000000000000284e+01
2.932301026763325602e+00 -6.400290378718728412e+00 0.000000000000000000e+00 9.483936779444146481e-02 -1.498519578885648684e-01 0.000000000000000000e+00 8.380000000000001137e+01
2.943662954322044278e+00 -6.415913754201095998e+00 0.000000000000000000e+00 1.136192755871867632e-01 -1.562337548236758522e-01 0.000000000000000000e+00 8.390000000000000568e+01
2.955632737466756588e+00 -6.431743691449287148e+00 0.000000000000000000e+00 1.196978314471230931e-01 -1.582993724819115045e-01 0.000000000000000000e+00 8.400000000000000000e+01
2.967602520611468897e+00 -6.447573628697478298e+00 0.000000000000000000e+00 1.196978314471230931e-01 -1.582993724819115045e-01 0.000000000000000000e+00 8.410000000000000853e+01
2.979572303756181650e+00 -6.463403565945669449e+00 0.000000000000000000e+00 1.196978314471275340e-01 -1.582993724819115045e-01 0.000000000000000000e+00 8.420000000000000284e+01
2.991709225288329943e+00 -6.479459749797269019e+00 0.000000000000000000e+00 1.213692153214829261e-01 -1.605618385159957029e-01 0.000000000000000000e+00 8.430000000000001137e+01
3.005157100194436381e+00 -6.497290503528563299e+00 0.000000000000000000e+00 1.344787490610643843e-01 -1.783075373129427987e-01 0.000000000000000000e+00 8.440000000000000568e+01
3.018604975100542820e+00 -6.515121257259858467e+00 0.000000000000000000e+00 1.344787490610643843e-01 -1.783075373129516805e-01 0.000000000000000000e+00 8.450000000000000000e+01
3.032052850006649258e+00 -6.532952010991152747e+00 0.000000000000000000e+00 1.344787490610643843e-01 -1.783075373129427987e-01 0.000000000000000000e+00 8.460000000000000853e+01
3.045500724912755697e+00 -6.550782764722447027e+00 0.000000000000000000e+00 1.344787490610643843e-01 -1.783075373129427987e-01 0.000000000000000000e+00 8.470000000000000284e+01
3.058948599818862135e+00 -6.568613518453741307e+00 0.000000000000000000e+00 1.344787490610643843e-01 -1.783075373129427987e-01 0.000000000000000000e+00 8.480000000000001137e+01
3.071051649744168888e+00 -6.584666839325516996e+00 0.000000000000000000e+00 1.210304992530675250e-01 -1.605332087177568923e-01 0.000000000000000000e+00 8.490000000000000568e+01
3.082937358803251815e+00 -6.600432904381213994e+00 0.000000000000000000e+00 1.188570905908292730e-01 -1.576606505569699834e-01 0.000000000000000000e+00 8.500000000000000000e+01
3.094823067862334742e+00 -6.616198969436910993e+00 0.000000000000000000e+00 1.188570905908292730e-01 -1.576606505569699834e-01 0.000000000000000000e+00 8.510000000000000853e+01
3.106708776921417670e+00 -6.631965034492607103e+00 0.000000000000000000e+00 1.188570905908292730e-01 -1.576606505569611016e-01 0.000000000000000000e+00 8.520000000000000284e+01
3.118632346881292428e+00 -6.647794293838316548e+00 0.000000000000000000e+00 1.192356995987475798e-01 -1.582925934570944548e-01 0.000000000000000000e+00 8.530000000000001137e+01
3.130642116765504301e+00 -6.663767430981536677e+00 0.000000000000000000e+00 1.200976988421187386e-01 -1.597313714322012856e-01 0.000000000000000000e+00 8.540000000000000568e+01
3.142651886649715731e+00 -6.679740568124755917e+00 0.000000000000000000e+00 1.200976988421142977e-01 -1.597313714321924039e-01 0.000000000000000000e+00 8.550000000000000000e+01
3.154661656533927161e+00 -6.695713705267976046e+00 0.000000000000000000e+00 1.200976988421142977e-01 -1.597313714322012856e-01 0.000000000000000000e+00 8.560000000000000853e+01
3.166671426418139035e+00 -6.711686842411195286e+00 0.000000000000000000e+00 1.200976988421187386e-01 -1.597313714321924039e-01 0.000000000000000000e+00 8.570000000000000284e+01
3.178444834849520007e+00 -6.727401512805782247e+00 0.000000000000000000e+00 1.177340843138097171e-01 -1.571467039458696036e-01 0.000000000000000000e+00 8.580000000000001137e+01
3.190080277684553600e+00 -6.742965314610402494e+00 0.000000000000000000e+00 1.163544283503359367e-01 -1.556380180462024754e-01 0.000000000000000000e+00 8.590000000000000568e+01
3.201715720519587194e+00 -6.758529116415021853e+00 0.000000000000000000e+00 1.163544283503359367e-01 -1.556380180461935936e-01 0.000000000000000000e+00 8.600000000000000000e+01
3.213351163354620788e+00 -6.774092918219642101e+00 0.000000000000000000e+00 1.163544283503359367e-01 -1.556380180462024754e-01 0.000000000000000000e+00 8.610000000000000853e+01
3.225216660901824461e+00 -6.789979551350742604e+00 0.000000000000000000e+00 1.186549754720367389e-01 -1.588663313110050268e-01 0.000000000000000000e+00 8.620000000000000284e+01
3.238397293846405844e+00 -6.807711688539692219e+00 0.000000000000000000e+00 1.318063294458138301e-01 -1.773213718894961488e-01 0.000000000000000000e+00 8.630000000000001137e+01
3.251577926790986783e+00 -6.825443825728640945e+00 0.000000000000000000e+00 1.318063294458093893e-01 -1.773213718894872670e-01 0.000000000000000000e+00 8.640000000000000568e+01
3.264758559735568166e+00 -6.843175962917590560e+00 0.000000000000000000e+00 1.318063294458138301e-01 -1.773213718894961488e-01 0.000000000000000000e+00 8.650000000000000000e+01
3.277939192680149549e+00 -6.860908100106539287e+00 0.000000000000000000e+00 1.318063294458138301e-01 -1.773213718894872670e-01 0.000000000000000000e+00 8.660000000000000853e+01
3.291119825624730488e+00 -6.878640237295488902e+00 0.000000000000000000e+00 1.318063294458093893e-01 -1.773213718894961488e-01 0.000000000000000000e+00 8.670000000000000284e+01
3.302968221041616470e+00 -6.894614333268832773e+00 0.000000000000000000e+00 1.184839541688598175e-01 -1.597409597334387144e-01 0.000000000000000000e+00 8.680000000000001137e+01
3.314585107534785191e+00 -6.910282926491190914e+00 0.000000000000000000e+00 1.161688649316872102e-01 -1.566859322235814034e-01 0.000000000000000000e+00 8.690000000000000568e+01
3.326201994027953468e+00 -6.925951519713549942e+00 0.000000000000000000e+00 1.161688649316827693e-01 -1.566859322235902852e-01 0.000000000000000000e+00 8.700000000000000000e+01
3.337818880521121745e+00 -6.941620112935908082e+00 0.000000000000000000e+00 1.161688649316827693e-01 -1.566859322235814034e-01 0.000000000000000000e+00 8.710000000000000853e+01
3.349817730522193671e+00 -6.957863385945892709e+00 0.000000000000000000e+00 1.199885000107192567e-01 -1.624327300998462675e-01 0.000000000000000000e+00 8.720000000000000284e+01
3.362582625775254463e+00 -6.975259205504476867e+00 0.000000000000000000e+00 1.276489525306079287e-01 -1.739581955858415796e-01 0.000000000000000000e+00 8.730000000000001137e+01
3.375347521028314812e+00 -6.992655025063061913e+00 0.000000000000000000e+00 1.276489525306034878e-01 -1.739581955858504614e-01 0.000000000000000000e+00 8.740000000000000568e+01
3.388112416281375605e+00 -7.010050844621646071e+00 0.000000000000000000e+00 1.276489525306079287e-01 -1.739581955858415796e-01 0.000000000000000000e+00 8.750000000000000000e+01
3.400877311534436398e+00 -7.027446664180230229e+00 0.000000000000000000e+00 1.276489525306079287e-01 -1.739581955858415796e-01 0.000000000000000000e+00 8.760000000000000853e+01
3.413262560789321221e+00 -7.044321645388765596e+00 0.000000000000000000e+00 1.238524925488482253e-01 -1.687498120853536676e-01 0.000000000000000000e+00 8.770000000000000284e+01
3.424646722066723381e+00 -7.059823228713611343e+00 0.000000000000000000e+00 1.138416127740216055e-01 -1.550158332484574686e-01 0.000000000000000000e+00 8.780000000000001137e+01
3.436030883344125098e+00 -7.075324812038457978e+00 0.000000000000000000e+00 1.138416127740171646e-01 -1.550158332484663504e-01 0.000000000000000000e+00 8.790000000000000568e+01
3.447415044621527258e+00 -7.090826395363303725e+00 0.000000000000000000e+00 1.138416127740216055e-01 -1.550158332484574686e-01 0.000000000000000000e+00 8.800000000000000000e+01
3.458799205898928975e+00 -7.106327978688149472e+00 0.000000000000000000e+00 1.138416127740171646e-01 -1.550158332484574686e-01 0.000000000000000000e+00 8.810000000000000853e+01
3.470270012061666076e+00 -7.121976216005132088e+00 0.000000000000000000e+00 1.147080616273710163e-01 -1.564823731698261611e-01 0.000000000000000000e+00 8.820000000000000284e+01
3.481767242093274817e+00 -7.137669178014666826e+00 0.000000000000000000e+00 1.149723003160874057e-01 -1.569296200953473885e-01 0.000000000000000000e+00 8.830000000000001137e+01
3.493264472124884001e+00 -7.153362140024200677e+00 0.000000000000000000e+00 1.149723003160918466e-01 -1.569296200953385068e-01 0.000000000000000000e+00 8.840000000000000568e+01
3.504761702156492742e+00 -7.169055102033734528e+00 0.000000000000000000e+00 1.149723003160874057e-01 -1.569296200953385068e-01 0.000000000000000000e+00 8.850000000000000000e+01
3.516400742188253048e+00 -7.184961557786098574e+00 0.000000000000000000e+00 1.163904003176030599e-01 -1.590645575236404596e-01 0.000000000000000000e+00 8.860000000000000853e+01
3.528586081005374187e+00 -7.201690461689263856e+00 0.000000000000000000e+00 1.218533881712113853e-01 -1.672890390316528197e-01 0.000000000000000000e+00 8.870000000000000284e+01
3.540771419822495769e+00 -7.218419365592429138e+00 0.000000000000000000e+00 1.218533881712158262e-01 -1.672890390316528197e-01 0.000000000000000000e+00 8.880000000000001137e+01
3.552956758639616908e+00 -7.235148269495594420e+00 0.000000000000000000e+00 1.218533881712113853e-01 -1.672890390316528197e-01 0.000000000000000000e+00 8.890000000000000568e+01
3.565142097456738046e+00 -7.251877173398760590e+00 0.000000000000000000e+00 1.218533881712113853e-01 -1.672890390316617015e-01 0.000000000000000000e+00 8.900000000000000000e+01
3.577079485768839717e+00 -7.268238764504343585e+00 0.000000000000000000e+00 1.193738831210167106e-01 -1.636159110558299545e-01 0.000000000000000000e+00 8.910000000000000853e+01
3.588561879320127712e+00 -7.283926328354096924e+00 0.000000000000000000e+00 1.148239355128799488e-01 -1.568756384975333873e-01 0.000000000000000000e+00 8.920000000000000284e+01
3.600044272871415707e+00 -7.299613892203850263e+00 0.000000000000000000e+00 1.148239355128799488e-01 -1.568756384975333873e-01 0.000000000000000000e+00 8.930000000000001137e+01
3.611526666422703702e+00 -7.315301456053603602e+00 0.000000000000000000e+00 1.148239355128799488e-01 -1.568756384975333873e-01 0.000000000000000000e+00 8.940000000000000568e+01
3.623009059973992141e+00 -7.330989019903357828e+00 0.000000000000000000e+00 1.148239355128843897e-01 -1.568756384975422691e-01 0.000000000000000000e+00 8.950000000000000000e+01
3.635476029932232844e+00 -7.348129033546833888e+00 0.000000000000000000e+00 1.246696995824070342e-01 -1.714001364347605971e-01 0.000000000000000000e+00 8.960000000000000853e+01
3.648194772557989740e+00 -7.365640462914286424e+00 0.000000000000000000e+00 1.271874262575689585e-01 -1.751142936745253564e-01 0.000000000000000000e+00 8.970000000000000284e+01
3.660913515183746192e+00 -7.383151892281738959e+00 0.000000000000000000e+00 1.271874262575645176e-01 -1.751142936745253564e-01 0.000000000000000000e+00 8.980000000000001137e+01
3.673632257809503088e+00 -7.400663321649191495e+00 0.000000000000000000e+00 1.271874262575689585e-01 -1.751142936745253564e-01 0.000000000000000000e+00 8.990000000000000568e+01
3.686351000435259540e+00 -7.418174751016644031e+00 0.000000000000000000e+00 1.271874262575645176e-01 -1.751142936745253564e-01 0.000000000000000000e+00 9.000000000000000000e+01
3.698058127033850617e+00 -7.434337851476853665e+00 0.000000000000000000e+00 1.170712659859107774e-01 -1.616310046020963398e-01 0.000000000000000000e+00 9.010000000000000853e+01
3.709317422377870432e+00 -7.449904061605267636e+00 0.000000000000000000e+00 1.125929534401981513e-01 -1.556621012841397089e-01 0.000000000000000000e+00 9.020000000000000284e+01
3.720576717721890248e+00 -7.465470271733681606e+00 0.000000000000000000e+00 1.125929534401981513e-01 -1.556621012841397089e-01 0.000000000000000000e+00 9.030000000000001137e+01
3.731836013065910063e+00 -7.481036481862095577e+00 0.000000000000000000e+00 1.125929534401981513e-01 -1.556621012841397089e-01 0.000000000000000000e+00 9.040000000000000568e+01
3.742978445419485212e+00 -7.496437393209605560e+00 0.000000000000000000e+00 1.114243235357514905e-01 -1.540091134750998236e-01 0.000000000000000000e+00 9.050000000000000000e+01
3.753704020817901554e+00 -7.511248674373631751e+00 0.000000000000000000e+00 1.072557539841634267e-01 -1.481128116402619099e-01 0.000000000000000000e+00 9.060000000000000853e+01
3.764429596216317897e+00 -7.526059955537657942e+00 0.000000000000000000e+00 1.072557539841634267e-01 -1.481128116402619099e-01 0.000000000000000000e+00 9.070000000000000284e+01
3.775155171614733796e+00 -7.540871236701683245e+00 0.000000000000000000e+00 1.072557539841589858e-01 -1.481128116402530281e-01 0.000000000000000000e+00 9.080000000000001137e+01
3.785880747013150138e+00 -7.555682517865709436e+00 0.000000000000000000e+00 1.072557539841634267e-01 -1.481128116402619099e-01 0.000000000000000000e+00 9.090000000000000568e+01
3.796533840920802927e+00 -7.570380566265370703e+00 0.000000000000000000e+00 1.065309390765278863e-01 -1.469804839966126764e-01 0.000000000000000000e+00 9.100000000000000000e+01
3.807181510387113832e+00 -7.585070140439657216e+00 0.000000000000000000e+00 1.064766946631090505e-01 -1.468957417428651269e-01 0.000000000000000000e+00 9.110000000000000853e+01
3.817829179853424737e+00 -7.599759714613943729e+00 0.000000000000000000e+00 1.064766946631090505e-01 -1.468957417428651269e-01 0.000000000000000000e+00 9.120000000000000284e+01
3.828476849319735642e+00 -7.614449288788230241e+00 0.000000000000000000e+00 1.064766946631090505e-01 -1.468957417428651269e-01 0.000000000000000000e+00 9.130000000000001137e+01
3.839430166580722226e+00 -7.629803427745621924e+00 0.000000000000000000e+00 1.095331726098658365e-01 -1.535413895739168311e-01 0.000000000000000000e+00 9.140000000000000568e+01
3.850528634464795985e+00 -7.645473165225332046e+00 0.000000000000000000e+00 1.109846788407375939e-01 -1.566973747971012187e-01 0.000000000000000000e+00 9.150000000000000000e+01
3.861627102348869744e+00 -7.661142902705043056e+00 0.000000000000000000e+00 1.109846788407375939e-01 -1.566973747971101005e-01 0.000000000000000000e+00 9.160000000000000853e+01
3.872725570232943948e+00 -7.676812640184754066e+00 0.000000000000000000e+00 1.109846788407420348e-01 -1.566973747971101005e-01 0.000000000000000000e+00 9.170000000000000284e+01
3.884384625050100848e+00 -7.693225528880926589e+00 0.000000000000000000e+00 1.165905481715689973e-01 -1.641288869617252288e-01 0.000000000000000000e+00 9.180000000000001137e+01
3.897338311048969661e+00 -7.711354666531149427e+00 0.000000000000000000e+00 1.295368599886881356e-01 -1.812913765022283741e-01 0.000000000000000000e+00 9.190000000000000568e+01
3.910291997047838475e+00 -7.729483804181372264e+00 0.000000000000000000e+00 1.295368599886881356e-01 -1.812913765022283741e-01 0.000000000000000000e+00 9.200000000000000000e+01
3.923245683046707288e+00 -7.747612941831595101e+00 0.000000000000000000e+00 1.295368599886881356e-01 -1.812913765022283741e-01 0.000000000000000000e+00 9.210000000000000853e+01
3.936199369045576102e+00 -7.765742079481817939e+00 0.000000000000000000e+00 1.295368599886881356e-01 -1.812913765022283741e-01 0.000000000000000000e+00 9.220000000000000284e+01
3.949153055044444915e+00 -7.783871217132040776e+00 0.000000000000000000e+00 1.295368599886881356e-01 -1.812913765022283741e-01 0.000000000000000000e+00 9.230000000000001137e+01
3.960604297526025608e+00 -7.799930586954048728e+00 0.000000000000000000e+00 1.145124248158069236e-01 -1.605936982200795171e-01 0.000000000000000000e+00 9.240000000000000568e+01
3.971857620600341754e+00 -7.815717302784727316e+00 0.000000000000000000e+00 1.125332307431614609e-01 -1.578671583067858819e-01 0.000000000000000000e+00 9.250000000000000000e+01
3.983110943674657900e+00 -7.831504018615405016e+00 0.000000000000000000e+00 1.125332307431614609e-01 -1.578671583067770001e-01 0.000000000000000000e+00 9.260000000000000853e+01
3.994364266748974046e+00 -7.847290734446083604e+00 0.000000000000000000e+00 1.125332307431614609e-01 -1.578671583067858819e-01 0.000000000000000000e+00 9.270000000000000284e+01
4.005896866280490798e+00 -7.863531830370966702e+00 0.000000000000000000e+00 1.153259953151675177e-01 -1.624109592488309772e-01 0.000000000000000000e+00 9.280000000000001137e+01
4.017849825637111572e+00 -7.880456847664820685e+00 0.000000000000000000e+00 1.195295935662077369e-01 -1.692501729385398335e-01 0.000000000000000000e+00 9.290000000000000568e+01
4.029802784993731457e+00 -7.897381864958673781e+00 0.000000000000000000e+00 1.195295935661988551e-01 -1.692501729385309517e-01 0.000000000000000000e+00 9.300000000000000000e+01
4.041755744350352231e+00 -7.914306882252527764e+00 0.000000000000000000e+00 1.195295935662077369e-01 -1.692501729385398335e-01 0.000000000000000000e+00 9.310000000000000853e+01
4.053708703706972116e+00 -7.931231899546381747e+00 0.000000000000000000e+00 1.195295935661988551e-01 -1.692501729385398335e-01 0.000000000000000000e+00 9.320000000000000284e+01
4.065092809776835736e+00 -7.947255532561453784e+00 0.000000000000000000e+00 1.138410606986361984e-01 -1.602363301507203630e-01 0.000000000000000000e+00 9.330000000000001137e+01
4.075990917676763026e+00 -7.962509070509665499e+00 0.000000000000000000e+00 1.089810789992728957e-01 -1.525353794821171505e-01 0.000000000000000000e+00 9.340000000000000568e+01
4.086889025576689427e+00 -7.977762608457877214e+00 0.000000000000000000e+00 1.089810789992640139e-01 -1.525353794821171505e-01 0.000000000000000000e+00 9.350000000000000000e+01
4.097787133476615828e+00 -7.993016146406088929e+00 0.000000000000000000e+00 1.089810789992640139e-01 -1.525353794821171505e-01 0.000000000000000000e+00 9.360000000000000853e+01
4.108806475816571435e+00 -8.008490390336792331e+00 0.000000000000000000e+00 1.101934233995560675e-01 -1.547424393070340187e-01 0.000000000000000000e+00 9.370000000000000284e+01
4.120518077875734875e+00 -8.025224885574235856e+00 0.000000000000000000e+00 1.171160205916343955e-01 -1.673449523744352518e-01 0.000000000000000000e+00 9.380000000000001137e+01
4.132229679934898314e+00 -8.041959380811681157e+00 0.000000000000000000e+00 1.171160205916343955e-01 -1.673449523744530154e-01 0.000000000000000000e+00 9.390000000000000568e+01
4.143941281994061754e+00 -8.058693876049124682e+00 0.000000000000000000e+00 1.171160205916343955e-01 -1.673449523744352518e-01 0.000000000000000000e+00 9.400000000000000000e+01
4.155652884053226082e+00 -8.075428371286568208e+00 0.000000000000000000e+00 1.171160205916432773e-01 -1.673449523744352518e-01 0.000000000000000000e+00 9.410000000000000853e+01
4.167289949546437278e+00 -8.092044076768845073e+00 0.000000000000000000e+00 1.163706549321119610e-01 -1.661570548227686572e-01 0.000000000000000000e+00 9.420000000000000284e+01
4.178791532607811554e+00 -8.108443862390824819e+00 0.000000000000000000e+00 1.150158306137427644e-01 -1.639978562197974554e-01 0.000000000000000000e+00 9.430000000000001137e+01
4.190293115669185831e+00 -8.124843648012804564e+00 0.000000000000000000e+00 1.150158306137427644e-01 -1.639978562197974554e-01 0.000000000000000000e+00 9.440000000000000568e+01
4.201794698730560107e+00 -8.141243433634784310e+00 0.000000000000000000e+00 1.150158306137427644e-01 -1.639978562197974554e-01 0.000000000000000000e+00 9.450000000000000000e+01
4.213296281791934383e+00 -8.157643219256762279e+00 0.000000000000000000e+00 1.150158306137427644e-01 -1.639978562197796919e-01 0.000000000000000000e+00 9.460000000000000853e+01
4.224574899533210193e+00 -8.173648308916007466e+00 0.000000000000000000e+00 1.127861774127580929e-01 -1.600508965924518634e-01 0.000000000000000000e+00 9.470000000000000284e+01
4.235738121639711196e+00 -8.189449123797707841e+00 0.000000000000000000e+00 1.116322210650100288e-01 -1.580081488170037574e-01 0.000000000000000000e+00 9.480000000000001137e+01
4.246901343746211310e+00 -8.205249938679408217e+00 0.000000000000000000e+00 1.116322210650011471e-01 -1.580081488170037574e-01 0.000000000000000000e+00 9.490000000000000568e+01
4.258064565852711425e+00 -8.221050753561108593e+00 0.000000000000000000e+00 1.116322210650011471e-01 -1.580081488170037574e-01 0.000000000000000000e+00 9.500000000000000000e+01
4.269212713788826719e+00 -8.236800844305550484e+00 0.000000000000000000e+00 1.114814793611529353e-01 -1.575009074444189139e-01 0.000000000000000000e+00 9.510000000000000853e+01
4.280267729556857859e+00 -8.252237548060445960e+00 0.000000000000000000e+00 1.105501576803114006e-01 -1.543670375489547553e-01 0.000000000000000000e+00 9.520000000000000284e+01
4.291322745324888999e+00 -8.267674251815341435e+00 0.000000000000000000e+00 1.105501576803114006e-01 -1.543670375489547553e-01 0.000000000000000000e+00 9.530000000000001137e+01
4.302377761092920139e+00 -8.283110955570236911e+00 0.000000000000000000e+00 1.105501576803114006e-01 -1.543670375489547553e-01 0.000000000000000000e+00 9.540000000000000568e+01
4.313432776860951279e+00 -8.298547659325132386e+00 0.000000000000000000e+00 1.105501576803114006e-01 -1.543670375489547553e-01 0.000000000000000000e+00 9.550000000000000000e+01
4.323522752043450268e+00 -8.314199389654117311e+00 0.000000000000000000e+00 1.008997518249898917e-01 -1.565173032898492522e-01 0.000000000000000000e+00 9.560000000000000853e+01
4.333226345998150819e+00 -8.329937211939183683e+00 0.000000000000000000e+00 9.703593954700551194e-02 -1.573782228506637182e-01 0.000000000000000000e+00 9.570000000000000284e+01
4.342929939952851370e+00 -8.345675034224250055e+00 0.000000000000000000e+00 9.703593954700551194e-02 -1.573782228506637182e-01 0.000000000000000000e+00 9.580000000000001137e+01
4.352633533907551922e+00 -8.361412856509316427e+00 0.000000000000000000e+00 9.703593954700551194e-02 -1.573782228506637182e-01 0.000000000000000000e+00 9.590000000000000568e+01
4.360475521920912811e+00 -8.378703043521111837e+00 0.000000000000000000e+00 7.841988013360889909e-02 -1.729018701179541040e-01 0.000000000000000000e+00 9.600000000000000000e+01
4.365218109776867195e+00 -8.398577772928012664e+00 0.000000000000000000e+00 4.742587855954383258e-02 -1.987472940690082623e-01 0.000000000000000000e+00 9.610000000000000853e+01
4.369960697632821578e+00 -8.418452502334915266e+00 0.000000000000000000e+00 4.742587855954383258e-02 -1.987472940690260259e-01 0.000000000000000000e+00 9.620000000000000284e+01
4.374703285488775961e+00 -8.438327231741817869e+00 0.000000000000000000e+00 4.742587855954383258e-02 -1.987472940690260259e-01 0.000000000000000000e+00 9.630000000000001137e+01
4.379445873344730344e+00 -8.458201961148718695e+00 0.000000000000000000e+00 4.742587855954383258e-02 -1.987472940690082623e-01 0.000000000000000000e+00 9.640000000000000568e+01
4.383742301329055735e+00 -8.478779877230810058e+00 0.000000000000000000e+00 4.296427984325390526e-02 -2.057791608209136314e-01 0.000000000000000000e+00 9.650000000000000000e+01
4.387638606736318003e+00 -8.499988421216766454e+00 0.000000000000000000e+00 3.896305407262268261e-02 -2.120854398595639623e-01 0.000000000000000000e+00 9.660000000000000853e+01
4.391534912143581160e+00 -8.521196965202722851e+00 0.000000000000000000e+00 3.896305407263156440e-02 -2.120854398595639623e-01 0.000000000000000000e+00 9.670000000000000284e+01
4.395431217550843428e+00 -8.542405509188677470e+00 0.000000000000000000e+00 3.896305407262268261e-02 -2.120854398595461987e-01 0.000000000000000000e+00 9.680000000000001137e+01
4.399327522958106584e+00 -8.563614053174633867e+00 0.000000000000000000e+00 3.896305407263156440e-02 -2.120854398595639623e-01 0.000000000000000000e+00 9.690000000000000568e+01
4.403106309265547580e+00 -8.584351859792427319e+00 0.000000000000000000e+00 3.778786307440995529e-02 -2.073780661779345280e-01 0.000000000000000000e+00 9.700000000000000000e+01
4.406746165792554848e+00 -8.604533165898379465e+00 0.000000000000000000e+00 3.639856527007268028e-02 -2.018130610595214591e-01 0.000000000000000000e+00 9.710000000000000853e+01
4.410386022319562116e+00 -8.624714472004333388e+00 0.000000000000000000e+00 3.639856527007268028e-02 -2.018130610595392227e-01 0.000000000000000000e+00 9.720000000000000284e+01
4.414025878846569384e+00 -8.644895778110287310e+00 0.000000000000000000e+00 3.639856527007268028e-02 -2.018130610595392227e-01 0.000000000000000000e+00 9.730000000000001137e+01
4.417665735373576652e+00 -8.665077084216241232e+00 0.000000000000000000e+00 3.639856527007268028e-02 -2.018130610595392227e-01 0.000000000000000000e+00 9.740000000000000568e+01
4.421173121896750047e+00 -8.685228056107950678e+00 0.000000000000000000e+00 3.507386523173394721e-02 -2.015097189170944603e-01 0.000000000000000000e+00 9.750000000000000000e+01
4.424610487361554156e+00 -8.705362993926097914e+00 0.000000000000000000e+00 3.437365464804109649e-02 -2.013493781814723604e-01 0.000000000000000000e+00 9.760000000000000853e+01
4.428047852826358266e+00 -8.725497931744243374e+00 0.000000000000000000e+00 3.437365464804109649e-02 -2.013493781814545969e-01 0.000000000000000000e+00 9.770000000000000284e+01
4.431485218291162376e+00 -8.745632869562390610e+00 0.000000000000000000e+00 3.437365464804109649e-02 -2.013493781814723604e-01 0.000000000000000000e+00 9.780000000000001137e+01
4.434922583755966485e+00 -8.765767807380537846e+00 0.000000000000000000e+00 3.437365464804109649e-02 -2.013493781814723604e-01 0.000000000000000000e+00 9.790000000000000568e+01
4.438554606485169529e+00 -8.788348124422975971e+00 0.000000000000000000e+00 3.632022729203043809e-02 -2.258031704243812499e-01 0.000000000000000000e+00 9.800000000000000000e+01
4.442208979870700958e+00 -8.811209221280149606e+00 0.000000000000000000e+00 3.654373385531428653e-02 -2.286109685717363504e-01 0.000000000000000000e+00 9.810000000000000853e+01
4.445863353256231498e+00 -8.834070318137321465e+00 0.000000000000000000e+00 3.654373385530540475e-02 -2.286109685717185869e-01 0.000000000000000000e+00 9.820000000000000284e+01
4.449517726641762927e+00 -8.856931414994495100e+00 0.000000000000000000e+00 3.654373385531428653e-02 -2.286109685717363504e-01 0.000000000000000000e+00 9.830000000000001137e+01
4.453172100027294356e+00 -8.879792511851666958e+00 0.000000000000000000e+00 3.654373385531428653e-02 -2.286109685717185869e-01 0.000000000000000000e+00 9.840000000000000568e+01
4.456623873033291439e+00 -8.901588462437977967e+00 0.000000000000000000e+00 3.451773005997083033e-02 -2.179595058631100812e-01 0.000000000000000000e+00 9.850000000000000000e+01
4.459829890434757971e+00 -8.922092383530998205e+00 0.000000000000000000e+00 3.206017401466532135e-02 -2.050392109302023869e-01 0.000000000000000000e+00 9.860000000000000853e+01
4.463035907836225391e+00 -8.942596304624018444e+00 0.000000000000000000e+00 3.206017401467420314e-02 -2.050392109302023869e-01 0.000000000000000000e+00 9.870000000000000284e+01
4.466241925237691923e+00 -8.963100225717036906e+00 0.000000000000000000e+00 3.206017401466532135e-02 -2.050392109301846233e-01 0.000000000000000000e+00 9.880000000000001137e+01
4.469447942639158455e+00 -8.983604146810057145e+00 0.000000000000000000e+00 3.206017401466532135e-02 -2.050392109302023869e-01 0.000000000000000000e+00 9.890000000000000568e+01
4.472488504441104240e+00 -9.003077399699522587e+00 0.000000000000000000e+00 3.040561801945784737e-02 -1.947325288946544219e-01 0.000000000000000000e+00 9.900000000000000000e+01
4.475417571935617289e+00 -9.021856124039448588e+00 0.000000000000000000e+00 2.929067494513049041e-02 -1.877872433992600065e-01 0.000000000000000000e+00 9.910000000000000853e+01
4.478346639430129450e+00 -9.040634848379374588e+00 0.000000000000000000e+00 2.929067494512160863e-02 -1.877872433992600065e-01 0.000000000000000000e+00 9.920000000000000284e+01
4.481275706924642499e+00 -9.059413572719298813e+00 0.000000000000000000e+00 2.929067494513049041e-02 -1.877872433992422430e-01 0.000000000000000000e+00 9.930000000000001137e+01
4.484192427343175247e+00 -9.078218129494448618e+00 0.000000000000000000e+00 2.916720418532747772e-02 -1.880455677514980550e-01 0.000000000000000000e+00 9.940000000000000568e+01
4.487037452026667594e+00 -9.097172687406230196e+00 0.000000000000000000e+00 2.845024683492347606e-02 -1.895455791178157767e-01 0.000000000000000000e+00 9.950000000000000000e+01
4.489882476710159942e+00 -9.116127245318011774e+00 0.000000000000000000e+00 2.845024683492347606e-02 -1.895455791178157767e-01 0.000000000000000000e+00 9.960000000000000853e+01
4.492727501393651401e+00 -9.135081803229795128e+00 0.000000000000000000e+00 2.845024683491459427e-02 -1.895455791178335403e-01 0.000000000000000000e+00 9.970000000000000284e+01
4.495572526077143749e+00 -9.154036361141576705e+00 0.000000000000000000e+00 2.845024683492347606e-02 -1.895455791178157767e-01 0.000000000000000000e+00 9.980000000000001137e+01
4.498340328725382697e+00 -9.172842635746977891e+00 0.000000000000000000e+00 2.767802648238948393e-02 -1.880627460540118534e-01 0.000000000000000000e+00 9.990000000000000568e+01
4.501066657396522785e+00 -9.191569271186782686e+00 0.000000000000000000e+00 2.726328671140088034e-02 -1.872663543980479517e-01 0.000000000000000000e+00 1.000000000000000000e+02
4.503792986067662873e+00 -9.210295906626587481e+00 0.000000000000000000e+00 2.726328671140088034e-02 -1.872663543980479517e-01 0.000000000000000000e+00 1.001000000000000085e+02
4.506519314738802073e+00 -9.229022542066392276e+00 0.000000000000000000e+00 2.726328671139199855e-02 -1.872663543980479517e-01 0.000000000000000000e+00 1.002000000000000028e+02
4.509221782079266383e+00 -9.247439931393303780e+00 0.000000000000000000e+00 2.702467340464309586e-02 -1.841738932691150410e-01 0.000000000000000000e+00 1.003000000000000114e+02
4.511826764267959256e+00 -9.264593899804602017e+00 0.000000000000000000e+00 2.604982188692872569e-02 -1.715396841129823713e-01 0.000000000000000000e+00 1.004000000000000057e+02
4.514431746456652128e+00 -9.281747868215898478e+00 0.000000000000000000e+00 2.604982188692872569e-02 -1.715396841129646077e-01 0.000000000000000000e+00 1.005000000000000000e+02
4.517036728645345001e+00 -9.298901836627196715e+00 0.000000000000000000e+00 2.604982188692872569e-02 -1.715396841129823713e-01 0.000000000000000000e+00 1.006000000000000085e+02
4.519654577318307886e+00 -9.316324184797840857e+00 0.000000000000000000e+00 2.617848672962885814e-02 -1.742234817064414187e-01 0.000000000000000000e+00 1.007000000000000028e+02
4.522368662554728580e+00 -9.335753914720974933e+00 0.000000000000000000e+00 2.714085236420693548e-02 -1.942972992313407588e-01 0.000000000000000000e+00 1.008000000000000114e+02
4.525082747791150162e+00 -9.355183644644109009e+00 0.000000000000000000e+00 2.714085236421581726e-02 -1.942972992313407588e-01 0.000000000000000000e+00 1.009000000000000057e+02
4.527796833027570855e+00 -9.374613374567241308e+00 0.000000000000000000e+00 2.714085236420693548e-02 -1.942972992313229952e-01 0.000000000000000000e+00 1.010000000000000000e+02
4.530510918263992437e+00 -9.394043104490375384e+00 0.000000000000000000e+00 2.714085236421581726e-02 -1.942972992313407588e-01 0.000000000000000000e+00 1.011000000000000085e+02
4.533124942328710993e+00 -9.412346728938452145e+00 0.000000000000000000e+00 2.614024064718556417e-02 -1.830362444807676070e-01 0.000000000000000000e+00 1.012000000000000028e+02
4.535616756678039430e+00 -9.429274984427081563e+00 0.000000000000000000e+00 2.491814349328436151e-02 -1.692825548862941787e-01 0.000000000000000000e+00 1.013000000000000114e+02
4.538108571027367866e+00 -9.446203239915709204e+00 0.000000000000000000e+00 2.491814349328436151e-02 -1.692825548862764151e-01 0.000000000000000000e+00 1.014000000000000057e+02
4.540600385376695414e+00 -9.463131495404336846e+00 0.000000000000000000e+00 2.491814349327547973e-02 -1.692825548862764151e-01 0.000000000000000000e+00 1.015000000000000000e+02
4.542932885098188933e+00 -9.479820187584158120e+00 0.000000000000000000e+00 2.332499721493519473e-02 -1.668869217982127395e-01 0.000000000000000000e+00 1.016000000000000085e+02
4.545057091570788188e+00 -9.496195666717666128e+00 0.000000000000000000e+00 2.124206472599254880e-02 -1.637547913350800854e-01 0.000000000000000000e+00 1.017000000000000028e+02
4.547181298043388331e+00 -9.512571145851172361e+00 0.000000000000000000e+00 2.124206472600143059e-02 -1.637547913350623219e-01 0.000000000000000000e+00 1.018000000000000114e+02
4.549305504515988474e+00 -9.528946624984678593e+00 0.000000000000000000e+00 2.124206472600143059e-02 -1.637547913350623219e-01 0.000000000000000000e+00 1.019000000000000057e+02
4.549482318830050609e+00 -9.545557732994792488e+00 0.000000000000000000e+00 1.768143140621347698e-03 -1.661110801011389526e-01 0.000000000000000000e+00 1.020000000000000000e+02
4.547853863810228603e+00 -9.562387273426569578e+00 0.000000000000000000e+00 -1.628455019822006022e-02 -1.682954043177709025e-01 0.000000000000000000e+00 1.021000000000000085e+02
4.546225408790406597e+00 -9.579216813858344892e+00 0.000000000000000000e+00 -1.628455019822006022e-02 -1.682954043177531389e-01 0.000000000000000000e+00 1.022000000000000028e+02
4.544596953770584591e+00 -9.596046354290121982e+00 0.000000000000000000e+00 -1.628455019822006022e-02 -1.682954043177709025e-01 0.000000000000000000e+00 1.023000000000000114e+02
4.539796934288483854e+00 -9.612311356195661460e+00 0.000000000000000000e+00 -4.800019482100736923e-02 -1.626500190553947789e-01 0.000000000000000000e+00 1.024000000000000057e+02
4.529640489586505225e+00 -9.627622914324319936e+00 0.000000000000000000e+00 -1.015644470197862859e-01 -1.531155812865847565e-01 0.000000000000000000e+00 1.025000000000000000e+02
4.519484044884526597e+00 -9.642934472452976635e+00 0.000000000000000000e+00 -1.015644470197862859e-01 -1.531155812865669930e-01 0.000000000000000000e+00 1.026000000000000085e+02
4.509327600182547968e+00 -9.658246030581635111e+00 0.000000000000000000e+00 -1.015644470197862859e-01 -1.531155812865847565e-01 0.000000000000000000e+00 1.027000000000000028e+02
4.499171155480568451e+00 -9.673557588710293587e+00 0.000000000000000000e+00 -1.015644470197951676e-01 -1.531155812865847565e-01 0.000000000000000000e+00 1.028000000000000114e+02
4.484930588255159556e+00 -9.688327676670695610e+00 0.000000000000000000e+00 -1.424056722540889552e-01 -1.477008796040202299e-01 0.000000000000000000e+00 1.029000000000000057e+02
4.470168445079964137e+00 -9.703028614448733435e+00 0.000000000000000000e+00 -1.476214317519541908e-01 -1.470093777803782586e-01 0.000000000000000000e+00 1.030000000000000000e+02
4.455406301904769606e+00 -9.717729552226773038e+00 0.000000000000000000e+00 -1.476214317519453090e-01 -1.470093777803960222e-01 0.000000000000000000e+00 1.031000000000000085e+02
4.440644158729574187e+00 -9.732430490004810864e+00 0.000000000000000000e+00 -1.476214317519541908e-01 -1.470093777803782586e-01 0.000000000000000000e+00 1.032000000000000028e+02
4.425882015554378768e+00 -9.747131427782848689e+00 0.000000000000000000e+00 -1.476214317519541908e-01 -1.470093777803782586e-01 0.000000000000000000e+00 1.033000000000000114e+02
4.412246240689714938e+00 -9.761760774092437032e+00 0.000000000000000000e+00 -1.363577486466382993e-01 -1.462934630958834248e-01 0.000000000000000000e+00 1.034000000000000057e+02
4.398944953244329881e+00 -9.776368860530544325e+00 0.000000000000000000e+00 -1.330128744538505714e-01 -1.460808643810729279e-01 0.000000000000000000e+00 1.035000000000000000e+02
4.385643665798944824e+00 -9.790976946968649841e+00 0.000000000000000000e+00 -1.330128744538505714e-01 -1.460808643810551644e-01 0.000000000000000000e+00 1.036000000000000085e+02
4.372342378353559766e+00 -9.805585033406755358e+00 0.000000000000000000e+00 -1.330128744538505714e-01 -1.460808643810551644e-01 0.000000000000000000e+00 1.037000000000000028e+02
4.358891685018011053e+00 -9.820311730507636838e+00 0.000000000000000000e+00 -1.345069333554871349e-01 -1.472669710088148065e-01 0.000000000000000000e+00 1.038000000000000114e+02
4.344657846980595650e+00 -9.835660152173961279e+00 0.000000000000000000e+00 -1.423383803741540277e-01 -1.534842166632444105e-01 0.000000000000000000e+00 1.039000000000000057e+02
4.330424008943180247e+00 -9.851008573840285720e+00 0.000000000000000000e+00 -1.423383803741540277e-01 -1.534842166632444105e-01 0.000000000000000000e+00 1.040000000000000000e+02
4.316190170905764845e+00 -9.866356995506610161e+00 0.000000000000000000e+00 -1.423383803741540277e-01 -1.534842166632444105e-01 0.000000000000000000e+00 1.041000000000000085e+02
4.301956332868349442e+00 -9.881705417172934602e+00 0.000000000000000000e+00 -1.423383803741540277e-01 -1.534842166632444105e-01 0.000000000000000000e+00 1.042000000000000028e+02
4.287638829570758148e+00 -9.897224397419297048e+00 0.000000000000000000e+00 -1.431750329759129414e-01 -1.551898024636244600e-01 0.000000000000000000e+00 1.043000000000000114e+02
4.273092986070141208e+00 -9.913208868129826712e+00 0.000000000000000000e+00 -1.454584350061693954e-01 -1.598447071052966351e-01 0.000000000000000000e+00 1.044000000000000057e+02
4.258547142569524269e+00 -9.929193338840356375e+00 0.000000000000000000e+00 -1.454584350061693954e-01 -1.598447071052966351e-01 0.000000000000000000e+00 1.045000000000000000e+02
4.244001299068908217e+00 -9.945177809550887815e+00 0.000000000000000000e+00 -1.454584350061605136e-01 -1.598447071053143986e-01 0.000000000000000000e+00 1.046000000000000085e+02
4.229455455568291278e+00 -9.961162280261417479e+00 0.000000000000000000e+00 -1.454584350061693954e-01 -1.598447071052966351e-01 0.000000000000000000e+00 1.047000000000000028e+02
4.215159985993109260e+00 -9.976901130136246465e+00 0.000000000000000000e+00 -1.429546957518201822e-01 -1.573884987482898623e-01 0.000000000000000000e+00 1.048000000000000114e+02
4.201815976848628509e+00 -9.991706582071495646e+00 0.000000000000000000e+00 -1.334400914448075071e-01 -1.480545193524918091e-01 0.000000000000000000e+00 1.049000000000000057e+02
4.188471967704147758e+00 -1.000651203400674660e+01 0.000000000000000000e+00 -1.334400914448075071e-01 -1.480545193525095726e-01 0.000000000000000000e+00 1.050000000000000000e+02
4.175127958559667007e+00 -1.002131748594199756e+01 0.000000000000000000e+00 -1.334400914448075071e-01 -1.480545193525095726e-01 0.000000000000000000e+00 1.051000000000000085e+02
4.161783949415186257e+00 -1.003612293787724852e+01 0.000000000000000000e+00 -1.334400914448075071e-01 -1.480545193525095726e-01 0.000000000000000000e+00 1.052000000000000028e+02
4.149192288824182562e+00 -1.005015882509437120e+01 0.000000000000000000e+00 -1.259166059100369495e-01 -1.403588721712267784e-01 0.000000000000000000e+00 1.053000000000000114e+02
4.137255880059417024e+00 -1.006352446620730312e+01 0.000000000000000000e+00 -1.193640876476553814e-01 -1.336564111293192525e-01 0.000000000000000000e+00 1.054000000000000057e+02
4.125319471294651485e+00 -1.007689010732023505e+01 0.000000000000000000e+00 -1.193640876476553814e-01 -1.336564111293192525e-01 0.000000000000000000e+00 1.055000000000000000e+02
4.113383062529885059e+00 -1.009025574843316519e+01 0.000000000000000000e+00 -1.193640876476642632e-01 -1.336564111293014889e-01 0.000000000000000000e+00 1.056000000000000085e+02
4.101314573675586495e+00 -1.010393056652574550e+01 0.000000000000000000e+00 -1.206848885429856466e-01 -1.367481809258030978e-01 0.000000000000000000e+00 1.057000000000000028e+02
4.088967910768596781e+00 -1.011825654266743868e+01 0.000000000000000000e+00 -1.234666290698971380e-01 -1.432597614169317524e-01 0.000000000000000000e+00 1.058000000000000114e+02
4.076621247861607955e+00 -1.013258251880913186e+01 0.000000000000000000e+00 -1.234666290698882563e-01 -1.432597614169317524e-01 0.000000000000000000e+00 1.059000000000000057e+02
4.064274584954618241e+00 -1.014690849495082503e+01 0.000000000000000000e+00 -1.234666290698971380e-01 -1.432597614169317524e-01 0.000000000000000000e+00 1.060000000000000000e+02
4.051927922047628527e+00 -1.016123447109251998e+01 0.000000000000000000e+00 -1.234666290698971380e-01 -1.432597614169495159e-01 0.000000000000000000e+00 1.061000000000000085e+02
4.037890047556864204e+00 -1.017770954291174235e+01 0.000000000000000000e+00 -1.403787449076432381e-01 -1.647507181922236441e-01 0.000000000000000000e+00 1.062000000000000028e+02
4.023748315711979551e+00 -1.019431659076102470e+01 0.000000000000000000e+00 -1.414173184488465296e-01 -1.660704784928235256e-01 0.000000000000000000e+00 1.063000000000000114e+02
4.009606583867094898e+00 -1.021092363861030883e+01 0.000000000000000000e+00 -1.414173184488465296e-01 -1.660704784928412892e-01 0.000000000000000000e+00 1.064000000000000057e+02
3.995464852022209801e+00 -1.022753068645959296e+01 0.000000000000000000e+00 -1.414173184488509705e-01 -1.660704784928412892e-01 0.000000000000000000e+00 1.065000000000000000e+02
3.981323120177324704e+00 -1.024413773430887709e+01 0.000000000000000000e+00 -1.414173184488509705e-01 -1.660704784928412892e-01 0.000000000000000000e+00 1.066000000000000085e+02
3.965570368635463971e+00 -1.026235482579653535e+01 0.000000000000000000e+00 -1.575275154186073223e-01 -1.821709148765826569e-01 0.000000000000000000e+00 1.067000000000000028e+02
3.949571876450922225e+00 -1.028081750904150304e+01 0.000000000000000000e+00 -1.599849218454174604e-01 -1.846268324496769253e-01 0.000000000000000000e+00 1.068000000000000114e+02
3.933573384266380479e+00 -1.029928019228646896e+01 0.000000000000000000e+00 -1.599849218454174604e-01 -1.846268324496591617e-01 0.000000000000000000e+00 1.069000000000000057e+02
3.917574892081839177e+00 -1.031774287553143665e+01 0.000000000000000000e+00 -1.599849218454130195e-01 -1.846268324496769253e-01 0.000000000000000000e+00 1.070000000000000000e+02
3.901576399897297431e+00 -1.033620555877640435e+01 0.000000000000000000e+00 -1.599849218454174604e-01 -1.846268324496769253e-01 0.000000000000000000e+00 1.071000000000000085e+02
3.885241080543459180e+00 -1.035480826087352568e+01 0.000000000000000000e+00 -1.633531935383825129e-01 -1.860270209712133749e-01 0.000000000000000000e+00 1.072000000000000028e+02
3.866037677548105123e+00 -1.037460322361936349e+01 0.000000000000000000e+00 -1.920340299535405748e-01 -1.979496274583780746e-01 0.000000000000000000e+00 1.073000000000000114e+02
3.846834274552751065e+00 -1.039439818636519952e+01 0.000000000000000000e+00 -1.920340299535405748e-01 -1.979496274583603110e-01 0.000000000000000000e+00 1.074000000000000057e+02
3.827630871557397008e+00 -1.041419314911103555e+01 0.000000000000000000e+00 -1.920340299535405748e-01 -1.979496274583603110e-01 0.000000000000000000e+00 1.075000000000000000e+02
3.808427468562042950e+00 -1.043398811185687336e+01 0.000000000000000000e+00 -1.920340299535405748e-01 -1.979496274583780746e-01 0.000000000000000000e+00 1.076000000000000085e+02
3.789224065566688893e+00 -1.045378307460270939e+01 0.000000000000000000e+00 -1.920340299535405748e-01 -1.979496274583603110e-01 0.000000000000000000e+00 1.077000000000000028e+02
3.770020662571334835e+00 -1.047357803734854542e+01 0.000000000000000000e+00 -1.920340299535405748e-01 -1.979496274583603110e-01 0.000000000000000000e+00 1.078000000000000114e+02
3.750132148286646760e+00 -1.049398339935840063e+01 0.000000000000000000e+00 -1.988851428468807470e-01 -2.040536200985521020e-01 0.000000000000000000e+00 1.079000000000000057e+02
3.729634070775462273e+00 -1.051493185115617557e+01 0.000000000000000000e+00 -2.049807751118448707e-01 -2.094845179777493627e-01 0.000000000000000000e+00 1.080000000000000000e+02
3.709135993264277786e+00 -1.053588030295395050e+01 0.000000000000000000e+00 -2.049807751118448707e-01 -2.094845179777493627e-01 0.000000000000000000e+00 1.081000000000000085e+02
3.688637915753093299e+00 -1.055682875475172722e+01 0.000000000000000000e+00 -2.049807751118448707e-01 -2.094845179777671262e-01 0.000000000000000000e+00 1.082000000000000028e+02
3.668139838241908812e+00 -1.057777720654950215e+01 0.000000000000000000e+00 -2.049807751118448707e-01 -2.094845179777493627e-01 0.000000000000000000e+00 1.083000000000000114e+02
3.647641760730724325e+00 -1.059872565834727709e+01 0.000000000000000000e+00 -2.049807751118448707e-01 -2.094845179777493627e-01 0.000000000000000000e+00 1.084000000000000057e+02
3.627143683219539838e+00 -1.061967411014505203e+01 0.000000000000000000e+00 -2.049807751118448707e-01 -2.094845179777493627e-01 0.000000000000000000e+00 1.085000000000000000e+02
3.608203559299113738e+00 -1.063926704163332637e+01 0.000000000000000000e+00 -1.894012392042609960e-01 -1.959293148827434550e-01 0.000000000000000000e+00 1.086000000000000085e+02
3.590564635529601922e+00 -1.065772784489791292e+01 0.000000000000000000e+00 -1.763892376951181618e-01 -1.846080326458654497e-01 0.000000000000000000e+00 1.087000000000000028e+02
3.572925711760090550e+00 -1.067618864816250124e+01 0.000000000000000000e+00 -1.763892376951137209e-01 -1.846080326458832133e-01 0.000000000000000000e+00 1.088000000000000114e+02
3.555286787990578734e+00 -1.069464945142708956e+01 0.000000000000000000e+00 -1.763892376951181618e-01 -1.846080326458832133e-01 0.000000000000000000e+00 1.089000000000000057e+02
3.537647864221066918e+00 -1.071311025469167610e+01 0.000000000000000000e+00 -1.763892376951181618e-01 -1.846080326458654497e-01 0.000000000000000000e+00 1.090000000000000000e+02
3.520008940451555546e+00 -1.073157105795626443e+01 0.000000000000000000e+00 -1.763892376951137209e-01 -1.846080326458832133e-01 0.000000000000000000e+00 1.091000000000000085e+02
3.503436412320594773e+00 -1.074958387661767034e+01 0.000000000000000000e+00 -1.657252813096077304e-01 -1.801281866140591603e-01 0.000000000000000000e+00 1.092000000000000028e+02
3.487258186246877223e+00 -1.076743105201848572e+01 0.000000000000000000e+00 -1.617822607371754984e-01 -1.784717540081537379e-01 0.000000000000000000e+00 1.093000000000000114e+02
3.471079960173159229e+00 -1.078527822741930109e+01 0.000000000000000000e+00 -1.617822607371799393e-01 -1.784717540081537379e-01 0.000000000000000000e+00 1.094000000000000057e+02
3.454901734099441235e+00 -1.080312540282011824e+01 0.000000000000000000e+00 -1.617822607371799393e-01 -1.784717540081715015e-01 0.000000000000000000e+00 1.095000000000000000e+02
3.438723508025723685e+00 -1.082097257822093361e+01 0.000000000000000000e+00 -1.617822607371754984e-01 -1.784717540081537379e-01 0.000000000000000000e+00 1.096000000000000085e+02
3.422371130216711688e+00 -1.083904734337266262e+01 0.000000000000000000e+00 -1.635237780901199756e-01 -1.807476515172901088e-01 0.000000000000000000e+00 1.097000000000000028e+02
3.404742736332765585e+00 -1.085878966687610436e+01 0.000000000000000000e+00 -1.762839388394610296e-01 -1.974232350344173881e-01 0.000000000000000000e+00 1.098000000000000114e+02
3.387114342448819926e+00 -1.087853199037954610e+01 0.000000000000000000e+00 -1.762839388394565887e-01 -1.974232350344173881e-01 0.000000000000000000e+00 1.099000000000000057e+02
3.369485948564873823e+00 -1.089827431388298784e+01 0.000000000000000000e+00 -1.762839388394610296e-01 -1.974232350344173881e-01 0.000000000000000000e+00 1.100000000000000000e+02
3.351857554680927720e+00 -1.091801663738642958e+01 0.000000000000000000e+00 -1.762839388394610296e-01 -1.974232350344173881e-01 0.000000000000000000e+00 1.101000000000000085e+02
3.334229160796981617e+00 -1.093775896088987309e+01 0.000000000000000000e+00 -1.762839388394610296e-01 -1.974232350344351516e-01 0.000000000000000000e+00 1.102000000000000028e+02
3.316600766913035958e+00 -1.095750128439331483e+01 0.000000000000000000e+00 -1.762839388394565887e-01 -1.974232350344173881e-01 0.000000000000000000e+00 1.103000000000000114e+02
3.301466468556252920e+00 -1.097667740745937337e+01 0.000000000000000000e+00 -1.513429835678303803e-01 -1.917612306605853689e-01 0.000000000000000000e+00 1.104000000000000057e+02
3.287923913338659965e+00 -1.099549217882426788e+01 0.000000000000000000e+00 -1.354255521759295533e-01 -1.881477136489451141e-01 0.000000000000000000e+00 1.105000000000000000e+02
3.274381358121067453e+00 -1.101430695018916062e+01 0.000000000000000000e+00 -1.354255521759251124e-01 -1.881477136489273505e-01 0.000000000000000000e+00 1.106000000000000085e+02
3.260838802903474498e+00 -1.103312172155405335e+01 0.000000000000000000e+00 -1.354255521759295533e-01 -1.881477136489273505e-01 0.000000000000000000e+00 1.107000000000000028e+02
3.247296247685881543e+00 -1.105193649291894786e+01 0.000000000000000000e+00 -1.354255521759295533e-01 -1.881477136489451141e-01 0.000000000000000000e+00 1.108000000000000114e+02
3.233683941659943883e+00 -1.107019454694173000e+01 0.000000000000000000e+00 -1.361230602593765937e-01 -1.825805402278213307e-01 0.000000000000000000e+00 1.109000000000000057e+02
3.219818254494896337e+00 -1.108643023480626510e+01 0.000000000000000000e+00 -1.386568716504754661e-01 -1.623568786453510882e-01 0.000000000000000000e+00 1.110000000000000000e+02
3.205952567329848790e+00 -1.110266592267080021e+01 0.000000000000000000e+00 -1.386568716504754661e-01 -1.623568786453510882e-01 0.000000000000000000e+00 1.111000000000000085e+02
3.192086880164800800e+00 -1.111890161053533532e+01 0.000000000000000000e+00 -1.386568716504799070e-01 -1.623568786453510882e-01 0.000000000000000000e+00 1.112000000000000028e+02
3.178221192999753253e+00 -1.113513729839987043e+01 0.000000000000000000e+00 -1.386568716504754661e-01 -1.623568786453510882e-01 0.000000000000000000e+00 1.113000000000000114e+02
3.164065946951284403e+00 -1.115090346372362085e+01 0.000000000000000000e+00 -1.415524604846885026e-01 -1.576616532375041402e-01 0.000000000000000000e+00 1.114000000000000057e+02
3.148353164525260262e+00 -1.116414406868909381e+01 0.000000000000000000e+00 -1.571278242602414110e-01 -1.324060496547296850e-01 0.000000000000000000e+00 1.115000000000000000e+02
3.132640382099236120e+00 -1.117738467365456856e+01 0.000000000000000000e+00 -1.571278242602414110e-01 -1.324060496547474486e-01 0.000000000000000000e+00 1.116000000000000085e+02
3.116927599673211979e+00 -1.119062527862004153e+01 0.000000000000000000e+00 -1.571278242602414110e-01 -1.324060496547296850e-01 0.000000000000000000e+00 1.117000000000000028e+02
3.101214817247187838e+00 -1.120386588358551450e+01 0.000000000000000000e+00 -1.571278242602414110e-01 -1.324060496547296850e-01 0.000000000000000000e+00 1.118000000000000114e+02
3.085502034821163697e+00 -1.121710648855098746e+01 0.000000000000000000e+00 -1.571278242602414110e-01 -1.324060496547296850e-01 0.000000000000000000e+00 1.119000000000000057e+02
3.066629705612319512e+00 -1.122253363075927091e+01 0.000000000000000000e+00 -1.887232920884418519e-01 -5.427142208283441960e-02 0.000000000000000000e+00 1.120000000000000000e+02
3.046480663238258391e+00 -1.122480350027823093e+01 0.000000000000000000e+00 -2.014904237406112131e-01 -2.269869518960021537e-02 0.000000000000000000e+00 1.121000000000000085e+02
3.026331620864197269e+00 -1.122707336979719273e+01 0.000000000000000000e+00 -2.014904237406112131e-01 -2.269869518961797894e-02 0.000000000000000000e+00 1.122000000000000028e+02
3.006182578490136148e+00 -1.122934323931615275e+01 0.000000000000000000e+00 -2.014904237406112131e-01 -2.269869518960021537e-02 0.000000000000000000e+00 1.123000000000000114e+02
2.986033536116075027e+00 -1.123161310883511277e+01 0.000000000000000000e+00 -2.014904237406112131e-01 -2.269869518960021537e-02 0.000000000000000000e+00 1.124000000000000057e+02
2.963512514661297725e+00 -1.122923293502630138e+01 0.000000000000000000e+00 -2.252102145477730133e-01 2.380173808811392178e-02 0.000000000000000000e+00 1.125000000000000000e+02
2.940420911733913734e+00 -1.122573418956092794e+01 0.000000000000000000e+00 -2.309160292738399178e-01 3.498745465373431784e-02 0.000000000000000000e+00 1.126000000000000085e+02
2.917329308806530186e+00 -1.122223544409555451e+01 0.000000000000000000e+00 -2.309160292738354769e-01 3.498745465373431784e-02 0.000000000000000000e+00 1.127000000000000028e+02
2.894237705879146194e+00 -1.121873669863018108e+01 0.000000000000000000e+00 -2.309160292738399178e-01 3.498745465373431784e-02 0.000000000000000000e+00 1.128000000000000114e+02
2.871146102951762202e+00 -1.121523795316480765e+01 0.000000000000000000e+00 -2.309160292738399178e-01 3.498745465373431784e-02 0.000000000000000000e+00 1.129000000000000057e+02
2.848115248152848000e+00 -1.121163909759773780e+01 0.000000000000000000e+00 -2.303085479891420206e-01 3.598855567069847439e-02 0.000000000000000000e+00 1.130000000000000000e+02
2.826024464121814628e+00 -1.120649104895187875e+01 0.000000000000000000e+00 -2.209078403103337251e-01 5.148048645859049088e-02 0.000000000000000000e+00 1.131000000000000085e+02
2.803933680090781255e+00 -1.120134300030602148e+01 0.000000000000000000e+00 -2.209078403103337251e-01 5.148048645857272732e-02 0.000000000000000000e+00 1.132000000000000028e+02
2.781842896059748327e+00 -1.119619495166016243e+01 0.000000000000000000e+00 -2.209078403103292843e-01 5.148048645859049088e-02 0.000000000000000000e+00 1.133000000000000114e+02
2.759752112028714954e+00 -1.119104690301430338e+01 0.000000000000000000e+00 -2.209078403103337251e-01 5.148048645859049088e-02 0.000000000000000000e+00 1.134000000000000057e+02
2.737661327997681582e+00 -1.118589885436844433e+01 0.000000000000000000e+00 -2.209078403103337251e-01 5.148048645859049088e-02 0.000000000000000000e+00 1.135000000000000000e+02
2.715373159090732180e+00 -1.118273739975155223e+01 0.000000000000000000e+00 -2.228816890694940156e-01 3.161454616892100944e-02 0.000000000000000000e+00 1.136000000000000085e+02
2.693073499055411268e+00 -1.117969159840800231e+01 0.000000000000000000e+00 -2.229966003532091179e-01 3.045801343549925377e-02 0.000000000000000000e+00 1.137000000000000028e+02
2.670773839020090801e+00 -1.117664579706445238e+01 0.000000000000000000e+00 -2.229966003532046770e-01 3.045801343549925377e-02 0.000000000000000000e+00 1.138000000000000114e+02
2.648474178984770333e+00 -1.117359999572090423e+01 0.000000000000000000e+00 -2.229966003532046770e-01 3.045801343548149021e-02 0.000000000000000000e+00 1.139000000000000057e+02
2.626174518949449865e+00 -1.117055419437735431e+01 0.000000000000000000e+00 -2.229966003532046770e-01 3.045801343549925377e-02 0.000000000000000000e+00 1.140000000000000000e+02
2.602510200867068413e+00 -1.117186401812684871e+01 0.000000000000000000e+00 -2.366431808238145251e-01 -1.309823749494398726e-02 0.000000000000000000e+00 1.141000000000000085e+02
2.578690312931016138e+00 -1.117367037942275054e+01 0.000000000000000000e+00 -2.381988793605227528e-01 -1.806361295901837138e-02 0.000000000000000000e+00 1.142000000000000028e+02
2.554870424994964306e+00 -1.117547674071865060e+01 0.000000000000000000e+00 -2.381988793605183119e-01 -1.806361295900060782e-02 0.000000000000000000e+00 1.143000000000000114e+02
2.531050537058912031e+00 -1.117728310201455244e+01 0.000000000000000000e+00 -2.381988793605227528e-01 -1.806361295901837138e-02 0.000000000000000000e+00 1.144000000000000057e+02
2.507230649122859756e+00 -1.117908946331045428e+01 0.000000000000000000e+00 -2.381988793605227528e-01 -1.806361295901837138e-02 0.000000000000000000e+00 1.145000000000000000e+02
2.482976617982272760e+00 -1.118068853678676078e+01 0.000000000000000000e+00 -2.425403114058699572e-01 -1.599073476306500652e-02 0.000000000000000000e+00 1.146000000000000085e+02
2.456538366411026519e+00 -1.118124472329431107e+01 0.000000000000000000e+00 -2.643825157124624070e-01 -5.561865075502936406e-03 0.000000000000000000e+00 1.147000000000000028e+02
2.430100114839779835e+00 -1.118180090980185959e+01 0.000000000000000000e+00 -2.643825157124668479e-01 -5.561865075485172838e-03 0.000000000000000000e+00 1.148000000000000114e+02
2.403661863268533594e+00 -1.118235709630940988e+01 0.000000000000000000e+00 -2.643825157124624070e-01 -5.561865075502936406e-03 0.000000000000000000e+00 1.149000000000000057e+02
2.377223611697287353e+00 -1.118291328281696018e+01 0.000000000000000000e+00 -2.643825157124624070e-01 -5.561865075502936406e-03 0.000000000000000000e+00 1.150000000000000000e+02
2.350785360126041112e+00 -1.118346946932451047e+01 0.000000000000000000e+00 -2.643825157124624070e-01 -5.561865075502936406e-03 0.000000000000000000e+00 1.151000000000000085e+02
2.324347108554794872e+00 -1.118402565583206076e+01 0.000000000000000000e+00 -2.643825157124624070e-01 -5.561865075502936406e-03 0.000000000000000000e+00 1.152000000000000028e+02
2.296916190470667196e+00 -1.118319233695008386e+01 0.000000000000000000e+00 -2.743091808412767563e-01 8.333188819769077327e-03 0.000000000000000000e+00 1.153000000000000114e+02
2.268991218592816050e+00 -1.118166745609821611e+01 0.000000000000000000e+00 -2.792497187785114576e-01 1.524880851867749243e-02 0.000000000000000000e+00 1.154000000000000057e+02
2.241066246714964905e+00 -1.118014257524634836e+01 0.000000000000000000e+00 -2.792497187785114576e-01 1.524880851867749243e-02 0.000000000000000000e+00 1.155000000000000000e+02
2.213141274837113759e+00 -1.117861769439448061e+01 0.000000000000000000e+00 -2.792497187785114576e-01 1.524880851867749243e-02 0.000000000000000000e+00 1.156000000000000085e+02
2.185216302959262613e+00 -1.117709281354261286e+01 0.000000000000000000e+00 -2.792497187785114576e-01 1.524880851867749243e-02 0.000000000000000000e+00 1.157000000000000028e+02
2.157291331081411911e+00 -1.117556793269074511e+01 0.000000000000000000e+00 -2.792497187785070167e-01 1.524880851867749243e-02 0.000000000000000000e+00 1.158000000000000114e+02
2.129492200696578852e+00 -1.117408836792303006e+01 0.000000000000000000e+00 -2.779913038483305954e-01 1.479564767715046969e-02 0.000000000000000000e+00 1.159000000000000057e+02
2.105152950900224251e+00 -1.117385472162102289e+01 0.000000000000000000e+00 -2.433924979635460062e-01 2.336463020071732899e-03 0.000000000000000000e+00 1.160000000000000000e+02
2.080813701103869651e+00 -1.117362107531901749e+01 0.000000000000000000e+00 -2.433924979635460062e-01 2.336463020053969331e-03 0.000000000000000000e+00 1.161000000000000085e+02
2.056474451307515050e+00 -1.117338742901701032e+01 0.000000000000000000e+00 -2.433924979635460062e-01 2.336463020071732899e-03 0.000000000000000000e+00 1.162000000000000028e+02
2.032135201511160449e+00 -1.117315378271500492e+01 0.000000000000000000e+00 -2.433924979635460062e-01 2.336463020053969331e-03 0.000000000000000000e+00 1.163000000000000114e+02
2.007795951714805849e+00 -1.117292013641299953e+01 0.000000000000000000e+00 -2.433924979635460062e-01 2.336463020053969331e-03 0.000000000000000000e+00 1.164000000000000057e+02
1.984141864823619095e+00 -1.117204015236531056e+01 0.000000000000000000e+00 -2.365408689118675412e-01 8.799840476889642105e-03 0.000000000000000000e+00 1.165000000000000000e+02
1.961099336455211395e+00 -1.117058326411865998e+01 0.000000000000000000e+00 -2.304252836840769980e-01 1.456888246650578367e-02 0.000000000000000000e+00 1.166000000000000085e+02
1.938056808086803473e+00 -1.116912637587200940e+01 0.000000000000000000e+00 -2.304252836840792185e-01 1.456888246650578367e-02 0.000000000000000000e+00 1.167000000000000028e+02
1.915014279718395773e+00 -1.116766948762535883e+01 0.000000000000000000e+00 -2.304252836840769980e-01 1.456888246650578367e-02 0.000000000000000000e+00 1.168000000000000114e+02
1.891971751349988073e+00 -1.116621259937870825e+01 0.000000000000000000e+00 -2.304252836840769980e-01 1.456888246650578367e-02 0.000000000000000000e+00 1.169000000000000057e+02
1.868719813894263559e+00 -1.116389454892244082e+01 0.000000000000000000e+00 -2.325193745572451398e-01 2.318050456267428672e-02 0.000000000000000000e+00 1.170000000000000000e+02
1.844194212270445776e+00 -1.115633875323094593e+01 0.000000000000000000e+00 -2.452560162381778319e-01 7.555795691494893163e-02 0.000000000000000000e+00 1.171000000000000085e+02
1.819668610646627771e+00 -1.114878295753944926e+01 0.000000000000000000e+00 -2.452560162381800524e-01 7.555795691496669519e-02 0.000000000000000000e+00 1.172000000000000028e+02
1.795143009022809988e+00 -1.114122716184795436e+01 0.000000000000000000e+00 -2.452560162381778319e-01 7.555795691494893163e-02 0.000000000000000000e+00 1.173000000000000114e+02
1.770617407398991983e+00 -1.113367136615645947e+01 0.000000000000000000e+00 -2.452560162381800524e-01 7.555795691494893163e-02 0.000000000000000000e+00 1.174000000000000057e+02
1.746091805775173977e+00 -1.112611557046496458e+01 0.000000000000000000e+00 -2.452560162381800524e-01 7.555795691494893163e-02 0.000000000000000000e+00 1.175000000000000000e+02
1.721689437254395827e+00 -1.111861944805934321e+01 0.000000000000000000e+00 -2.440236852077815044e-01 7.496122405621363782e-02 0.000000000000000000e+00 1.176000000000000085e+02
1.698414132765064588e+00 -1.111166908497072825e+01 0.000000000000000000e+00 -2.327530448933123886e-01 6.950363088614963658e-02 0.000000000000000000e+00 1.177000000000000028e+02
1.675138828275733349e+00 -1.110471872188211506e+01 0.000000000000000000e+00 -2.327530448933123886e-01 6.950363088613187301e-02 0.000000000000000000e+00 1.178000000000000114e+02
1.651863523786402110e+00 -1.109776835879350010e+01 0.000000000000000000e+00 -2.327530448933123886e-01 6.950363088614963658e-02 0.000000000000000000e+00 1.179000000000000057e+02
1.628588219297070872e+00 -1.109081799570488691e+01 0.000000000000000000e+00 -2.327530448933123886e-01 6.950363088613187301e-02 0.000000000000000000e+00 1.180000000000000000e+02
1.605312914807739633e+00 -1.108386763261627195e+01 0.000000000000000000e+00 -2.327530448933123886e-01 6.950363088614963658e-02 0.000000000000000000e+00 1.181000000000000085e+02
1.581616956951476416e+00 -1.107684125841534950e+01 0.000000000000000000e+00 -2.369595785626321671e-01 7.026374200922447244e-02 0.000000000000000000e+00 1.182000000000000028e+02
1.557129672699662404e+00 -1.106967189332393886e+01 0.000000000000000000e+00 -2.448728425181401214e-01 7.169365091410639934e-02 0.000000000000000000e+00 1.183000000000000114e+02
1.532642388447848170e+00 -1.106250252823252644e+01 0.000000000000000000e+00 -2.448728425181423418e-01 7.169365091412416291e-02 0.000000000000000000e+00 1.184000000000000057e+02
1.508155104196034157e+00 -1.105533316314111403e+01 0.000000000000000000e+00 -2.448728425181401214e-01 7.169365091412416291e-02 0.000000000000000000e+00 1.185000000000000000e+02
1.483667819944219923e+00 -1.104816379804970339e+01 0.000000000000000000e+00 -2.448728425181423418e-01 7.169365091410639934e-02 0.000000000000000000e+00 1.186000000000000085e+02
1.459180535692405911e+00 -1.104099443295829097e+01 0.000000000000000000e+00 -2.448728425181401214e-01 7.169365091412416291e-02 0.000000000000000000e+00 1.187000000000000028e+02
1.434505362929777927e+00 -1.103375903626009880e+01 0.000000000000000000e+00 -2.467517276262798376e-01 7.235396698192175791e-02 0.000000000000000000e+00 1.188000000000000114e+02
1.409452074848372982e+00 -1.102639075457634199e+01 0.000000000000000000e+00 -2.505328808140494523e-01 7.368281683756805478e-02 0.000000000000000000e+00 1.189000000000000057e+02
1.384398786766967815e+00 -1.101902247289258518e+01 0.000000000000000000e+00 -2.505328808140516728e-01 7.368281683756805478e-02 0.000000000000000000e+00 1.190000000000000000e+02
1.359345498685562870e+00 -1.101165419120882838e+01 0.000000000000000000e+00 -2.505328808140494523e-01 7.368281683756805478e-02 0.000000000000000000e+00 1.191000000000000085e+02
1.334292210604157702e+00 -1.100428590952506980e+01 0.000000000000000000e+00 -2.505328808140516728e-01 7.368281683758581835e-02 0.000000000000000000e+00 1.192000000000000028e+02
1.309238922522752757e+00 -1.099691762784131299e+01 0.000000000000000000e+00 -2.505328808140494523e-01 7.368281683756805478e-02 0.000000000000000000e+00 1.193000000000000114e+02
1.281697647957047215e+00 -1.098885832403503571e+01 0.000000000000000000e+00 -2.754127456570554244e-01 8.059303806277284821e-02 0.000000000000000000e+00 1.194000000000000057e+02
1.251621076861034965e+00 -1.098009485804755592e+01 0.000000000000000000e+00 -3.007657109601225009e-01 8.763465987479790442e-02 0.000000000000000000e+00 1.195000000000000000e+02
1.221544505765022937e+00 -1.097133139206007613e+01 0.000000000000000000e+00 -3.007657109601202805e-01 8.763465987479790442e-02 0.000000000000000000e+00 1.196000000000000085e+02
1.191467934669010686e+00 -1.096256792607259634e+01 0.000000000000000000e+00 -3.007657109601225009e-01 8.763465987479790442e-02 0.000000000000000000e+00 1.197000000000000028e+02
1.161391363572998436e+00 -1.095380446008511655e+01 0.000000000000000000e+00 -3.007657109601225009e-01 8.763465987479790442e-02 0.000000000000000000e+00 1.198000000000000114e+02
1.131314792476986186e+00 -1.094504099409763676e+01 0.000000000000000000e+00 -3.007657109601225009e-01 8.763465987479790442e-02 0.000000000000000000e+00 1.199000000000000057e+02
1.101238221380974158e+00 -1.093627752811015696e+01 0.000000000000000000e+00 -3.007657109601202805e-01 8.763465987479790442e-02 0.000000000000000000e+00 1.200000000000000000e+02
1.071161650284961908e+00 -1.092751406212267717e+01 0.000000000000000000e+00 -3.007657109601225009e-01 8.763465987479790442e-02 0.000000000000000000e+00 1.201000000000000085e+02
1.043271830337904049e+00 -1.091936069241761409e+01 0.000000000000000000e+00 -2.788981994705785894e-01 8.153369705063084893e-02 0.000000000000000000e+00 1.202000000000000028e+02
1.019150712777567191e+00 -1.091225877811787903e+01 0.000000000000000000e+00 -2.412111756033685772e-01 7.101914299735057057e-02 0.000000000000000000e+00 1.203000000000000114e+02
9.950295952172305558e-01 -1.090515686381814398e+01 0.000000000000000000e+00 -2.412111756033663568e-01 7.101914299735057057e-02 0.000000000000000000e+00 1.204000000000000057e+02
9.709084776568938091e-01 -1.089805494951840892e+01 0.000000000000000000e+00 -2.412111756033674670e-01 7.101914299735057057e-02 0.000000000000000000e+00 1.205000000000000000e+02
9.467873600965569514e-01 -1.089095303521867386e+01 0.000000000000000000e+00 -2.412111756033685772e-01 7.101914299735057057e-02 0.000000000000000000e+00 1.206000000000000085e+02
9.226662425362202047e-01 -1.088385112091893880e+01 0.000000000000000000e+00 -2.412111756033674670e-01 7.101914299735057057e-02 0.000000000000000000e+00 1.207000000000000028e+02
9.005646073412728603e-01 -1.087727255676133176e+01 0.000000000000000000e+00 -2.210163519494734441e-01 6.578564157607047491e-02 0.000000000000000000e+00 1.208000000000000114e+02
8.801627053190385075e-01 -1.087113447953877632e+01 0.000000000000000000e+00 -2.040190202223435278e-01 6.138077222555438084e-02 0.000000000000000000e+00 1.209000000000000057e+02
8.597608032968041547e-01 -1.086499640231622088e+01 0.000000000000000000e+00 -2.040190202223435278e-01 6.138077222555438084e-02 0.000000000000000000e+00 1.210000000000000000e+02
8.393589012745698019e-01 -1.085885832509366367e+01 0.000000000000000000e+00 -2.040190202223435278e-01 6.138077222557214441e-02 0.000000000000000000e+00 1.211000000000000085e+02
8.189569992523354491e-01 -1.085272024787110823e+01 0.000000000000000000e+00 -2.040190202223435278e-01 6.138077222555438084e-02 0.000000000000000000e+00 1.212000000000000028e+02
7.970136145114575799e-01 -1.084584137412484317e+01 0.000000000000000000e+00 -2.194338474087786928e-01 6.878873746265057321e-02 0.000000000000000000e+00 1.213000000000000114e+02
7.749334759673844886e-01 -1.083889678005568058e+01 0.000000000000000000e+00 -2.208013854407309129e-01 6.944594069162590699e-02 0.000000000000000000e+00 1.214000000000000057e+02
7.528533374233112863e-01 -1.083195218598651621e+01 0.000000000000000000e+00 -2.208013854407320231e-01 6.944594069164367056e-02 0.000000000000000000e+00 1.215000000000000000e+02
7.307731988792381950e-01 -1.082500759191735362e+01 0.000000000000000000e+00 -2.208013854407309129e-01 6.944594069162590699e-02 0.000000000000000000e+00 1.216000000000000085e+02
7.086930603351651037e-01 -1.081806299784819103e+01 0.000000000000000000e+00 -2.208013854407309129e-01 6.944594069162590699e-02 0.000000000000000000e+00 1.217000000000000028e+02
6.822565762318917315e-01 -1.080986489304227405e+01 0.000000000000000000e+00 -2.643648410327337217e-01 8.198104805916983651e-02 0.000000000000000000e+00 1.218000000000000114e+02
6.555174112618873394e-01 -1.080157969374142013e+01 0.000000000000000000e+00 -2.673916497000439207e-01 8.285199300853918203e-02 0.000000000000000000e+00 1.219000000000000057e+02
6.287782462918829474e-01 -1.079329449444056443e+01 0.000000000000000000e+00 -2.673916497000439207e-01 8.285199300855694560e-02 0.000000000000000000e+00 1.220000000000000000e+02
6.020390813218785553e-01 -1.078500929513971052e+01 0.000000000000000000e+00 -2.673916497000439207e-01 8.285199300853918203e-02 0.000000000000000000e+00 1.221000000000000085e+02
5.752999163518741632e-01 -1.077672409583885482e+01 0.000000000000000000e+00 -2.673916497000439207e-01 8.285199300855694560e-02 0.000000000000000000e+00 1.222000000000000028e+02
5.485607513818697711e-01 -1.076843889653800090e+01 0.000000000000000000e+00 -2.673916497000439207e-01 8.285199300853918203e-02 0.000000000000000000e+00 1.223000000000000114e+02
5.218057772725674948e-01 -1.076022372885353207e+01 0.000000000000000000e+00 -2.675497410930227637e-01 8.215167684468838161e-02 0.000000000000000000e+00 1.224000000000000057e+02
4.942669801415198738e-01 -1.075548075482488919e+01 0.000000000000000000e+00 -2.753879713104762095e-01 4.742974028642876760e-02 0.000000000000000000e+00 1.225000000000000000e+02
4.667281830104722529e-01 -1.075073778079624454e+01 0.000000000000000000e+00 -2.753879713104762095e-01 4.742974028644653117e-02 0.000000000000000000e+00 1.226000000000000085e+02
4.391893858794246319e-01 -1.074599480676760166e+01 0.000000000000000000e+00 -2.753879713104762095e-01 4.742974028642876760e-02 0.000000000000000000e+00 1.227000000000000028e+02
4.116505887483770110e-01 -1.074125183273895701e+01 0.000000000000000000e+00 -2.753879713104762095e-01 4.742974028644653117e-02 0.000000000000000000e+00 1.228000000000000114e+02
3.841117916173293345e-01 -1.073650885871031413e+01 0.000000000000000000e+00 -2.753879713104767646e-01 4.742974028642876760e-02 0.000000000000000000e+00 1.229000000000000057e+02
3.565729944862817691e-01 -1.073176588468166948e+01 0.000000000000000000e+00 -2.753879713104756544e-01 4.742974028644653117e-02 0.000000000000000000e+00 1.230000000000000000e+02
3.297906035470024033e-01 -1.072694843337801984e+01 0.000000000000000000e+00 -2.678239093927936576e-01 4.817451303649633587e-02 0.000000000000000000e+00 1.231000000000000085e+02
3.064501317059524221e-01 -1.072179208379720450e+01 0.000000000000000000e+00 -2.334047184104998118e-01 5.156349580815344780e-02 0.000000000000000000e+00 1.232000000000000028e+02
2.831096598649024410e-01 -1.071663573421638738e+01 0.000000000000000000e+00 -2.334047184104998118e-01 5.156349580817121137e-02 0.000000000000000000e+00 1.233000000000000114e+02
2.597691880238524043e-01 -1.071147938463557026e+01 0.000000000000000000e+00 -2.334047184105003669e-01 5.156349580817121137e-02 0.000000000000000000e+00 1.234000000000000057e+02
2.364287161828024508e-01 -1.070632303505475491e+01 0.000000000000000000e+00 -2.334047184104995343e-01 5.156349580815344780e-02 0.000000000000000000e+00 1.235000000000000000e+02
2.130882443417524696e-01 -1.070116668547393779e+01 0.000000000000000000e+00 -2.334047184104998118e-01 5.156349580817121137e-02 0.000000000000000000e+00 1.236000000000000085e+02
1.892700806862901430e-01 -1.069663968337249749e+01 0.000000000000000000e+00 -2.381816365546232661e-01 4.527002101440302795e-02 0.000000000000000000e+00 1.237000000000000028e+02
1.653237296977535242e-01 -1.069228156500011373e+01 0.000000000000000000e+00 -2.394635098853661881e-01 4.358118372383756878e-02 0.000000000000000000e+00 1.238000000000000114e+02
1.413773787092169054e-01 -1.068792344662773175e+01 0.000000000000000000e+00 -2.394635098853661881e-01 4.358118372381980521e-02 0.000000000000000000e+00 1.239000000000000057e+02
1.174310277206803282e-01 -1.068356532825534799e+01 0.000000000000000000e+00 -2.394635098853657718e-01 4.358118372383756878e-02 0.000000000000000000e+00 1.240000000000000000e+02
9.348467673214372331e-02 -1.067920720988296601e+01 0.000000000000000000e+00 -2.394635098853660493e-01 4.358118372381980521e-02 0.000000000000000000e+00 1.241000000000000085e+02
6.796252240304156977e-02 -1.067665789713692170e+01 0.000000000000000000e+00 -2.552215432910215354e-01 2.549312746044307687e-02 0.000000000000000000e+00 1.242000000000000028e+02
3.921648003838119900e-02 -1.067780916470270114e+01 0.000000000000000000e+00 -2.874604236466036800e-01 -1.151267565779434676e-02 0.000000000000000000e+00 1.243000000000000114e+02
1.047043767372084211e-02 -1.067896043226848057e+01 0.000000000000000000e+00 -2.874604236466035689e-01 -1.151267565779434676e-02 0.000000000000000000e+00 1.244000000000000057e+02
-1.827560469093952866e-02 -1.068011169983426001e+01 0.000000000000000000e+00 -2.874604236466036800e-01 -1.151267565779434676e-02 0.000000000000000000e+00 1.245000000000000000e+02
-4.702164705559989943e-02 -1.068126296740004122e+01 0.000000000000000000e+00 -2.874604236466036800e-01 -1.151267565781211033e-02 0.000000000000000000e+00 1.246000000000000085e+02
-7.576768942026024245e-02 -1.068241423496582065e+01 0.000000000000000000e+00 -2.874604236466034024e-01 -1.151267565779434676e-02 0.000000000000000000e+00 1.247000000000000028e+02
-1.045137317849206271e-01 -1.068356550253160009e+01 0.000000000000000000e+00 -2.874604236466038465e-01 -1.151267565779434676e-02 0.000000000000000000e+00 1.248000000000000114e+02
-1.334608093984070709e-01 -1.068533795828462907e+01 0.000000000000000000e+00 -2.894707761348644381e-01 -1.772455753028978620e-02 0.000000000000000000e+00 1.249000000000000057e+02
-1.628590202870651982e-01 -1.068850439177562883e+01 0.000000000000000000e+00 -2.939821088865812726e-01 -3.166433490999764899e-02 0.000000000000000000e+00 1.250000000000000000e+02
-1.922572311757233532e-01 -1.069167082526663037e+01 0.000000000000000000e+00 -2.939821088865815502e-01 -3.166433491001541256e-02 0.000000000000000000e+00 1.251000000000000085e+02
-2.216554420643814804e-01 -1.069483725875763191e+01 0.000000000000000000e+00 -2.939821088865812726e-01 -3.166433491001541256e-02 0.000000000000000000e+00 1.252000000000000028e+02
-2.510536529530396077e-01 -1.069800369224863168e+01 0.000000000000000000e+00 -2.939821088865812726e-01 -3.166433490999764899e-02 0.000000000000000000e+00 1.253000000000000114e+02
-2.804518638416977350e-01 -1.070117012573963322e+01 0.000000000000000000e+00 -2.939821088865812726e-01 -3.166433491001541256e-02 0.000000000000000000e+00 1.254000000000000057e+02
-3.098500747303558622e-01 -1.070433655923063476e+01 0.000000000000000000e+00 -2.939821088865812726e-01 -3.166433491001541256e-02 0.000000000000000000e+00 1.255000000000000000e+02
-3.385708325221377102e-01 -1.070742013724859554e+01 0.000000000000000000e+00 -2.872075779178184796e-01 -3.083578017960775242e-02 0.000000000000000000e+00 1.256000000000000085e+02
-3.634313456033677614e-01 -1.071003159047590181e+01 0.000000000000000000e+00 -2.486051308123005121e-01 -2.611453227306270719e-02 0.000000000000000000e+00 1.257000000000000028e+02
-3.882918586845978126e-01 -1.071264304370320630e+01 0.000000000000000000e+00 -2.486051308123005121e-01 -2.611453227304494362e-02 0.000000000000000000e+00 1.258000000000000114e+02
-4.131523717658279193e-01 -1.071525449693051257e+01 0.000000000000000000e+00 -2.486051308123010672e-01 -2.611453227306270719e-02 0.000000000000000000e+00 1.259000000000000057e+02
-4.380128848470579705e-01 -1.071786595015781707e+01 0.000000000000000000e+00 -2.486051308123005121e-01 -2.611453227304494362e-02 0.000000000000000000e+00 1.260000000000000000e+02
-4.628733979282880773e-01 -1.072047740338512334e+01 0.000000000000000000e+00 -2.486051308123010672e-01 -2.611453227306270719e-02 0.000000000000000000e+00 1.261000000000000085e+02
-4.862348223714298978e-01 -1.072293456390489830e+01 0.000000000000000000e+00 -2.336142444314182054e-01 -2.457160519774959084e-02 0.000000000000000000e+00 1.262000000000000028e+02
-5.078444083418136579e-01 -1.072521141760741514e+01 0.000000000000000000e+00 -2.160958597038376006e-01 -2.276853702516845601e-02 0.000000000000000000e+00 1.263000000000000114e+02
-5.294539943121974179e-01 -1.072748827130993199e+01 0.000000000000000000e+00 -2.160958597038376006e-01 -2.276853702516845601e-02 0.000000000000000000e+00 1.264000000000000057e+02
-5.510635802825811780e-01 -1.072976512501244883e+01 0.000000000000000000e+00 -2.160958597038376006e-01 -2.276853702516845601e-02 0.000000000000000000e+00 1.265000000000000000e+02
-5.726731662529649380e-01 -1.073204197871496746e+01 0.000000000000000000e+00 -2.160958597038376006e-01 -2.276853702518621958e-02 0.000000000000000000e+00 1.266000000000000085e+02
-5.953391434145961503e-01 -1.073455790378702623e+01 0.000000000000000000e+00 -2.266597716163121223e-01 -2.515925072058777801e-02 0.000000000000000000e+00 1.267000000000000028e+02
-6.183693953180077196e-01 -1.073715626769626041e+01 0.000000000000000000e+00 -2.303025190341156936e-01 -2.598363909234180369e-02 0.000000000000000000e+00 1.268000000000000114e+02
-6.413996472214194000e-01 -1.073975463160549282e+01 0.000000000000000000e+00 -2.303025190341168038e-01 -2.598363909232404012e-02 0.000000000000000000e+00 1.269000000000000057e+02
-6.644298991248309694e-01 -1.074235299551472700e+01 0.000000000000000000e+00 -2.303025190341156936e-01 -2.598363909234180369e-02 0.000000000000000000e+00 1.270000000000000000e+02
-6.874601510282425387e-01 -1.074495135942396118e+01 0.000000000000000000e+00 -2.303025190341156936e-01 -2.598363909234180369e-02 0.000000000000000000e+00 1.271000000000000085e+02
-7.137350756130612650e-01 -1.075020217737072237e+01 0.000000000000000000e+00 -2.627492458481872628e-01 -5.250817946761188182e-02 0.000000000000000000e+00 1.272000000000000028e+02
-7.400948790643018249e-01 -1.075552238206741151e+01 0.000000000000000000e+00 -2.635980345124055990e-01 -5.320204696689145862e-02 0.000000000000000000e+00 1.273000000000000114e+02
-7.664546825155423848e-01 -1.076084258676410066e+01 0.000000000000000000e+00 -2.635980345124055990e-01 -5.320204696689145862e-02 0.000000000000000000e+00 1.274000000000000057e+02
-7.928144859667829447e-01 -1.076616279146079158e+01 0.000000000000000000e+00 -2.635980345124055990e-01 -5.320204696690922219e-02 0.000000000000000000e+00 1.275000000000000000e+02
-8.191742894180235046e-01 -1.077148299615748073e+01 0.000000000000000000e+00 -2.635980345124055990e-01 -5.320204696689145862e-02 0.000000000000000000e+00 1.276000000000000085e+02
-8.455340928692640645e-01 -1.077680320085416987e+01 0.000000000000000000e+00 -2.635980345124055990e-01 -5.320204696689145862e-02 0.000000000000000000e+00 1.277000000000000028e+02
-8.692339724933171308e-01 -1.078976395310564484e+01 0.000000000000000000e+00 -2.369987962405306625e-01 -1.296075225147497179e-01 0.000000000000000000e+00 1.278000000000000114e+02
-8.910670994805213185e-01 -1.080808689360818065e+01 0.000000000000000000e+00 -2.183312698720418776e-01 -1.832294050253580053e-01 0.000000000000000000e+00 1.279000000000000057e+02
-9.129002264677253953e-01 -1.082640983411071645e+01 0.000000000000000000e+00 -2.183312698720407674e-01 -1.832294050253580053e-01 0.000000000000000000e+00 1.280000000000000000e+02
-9.347333534549326917e-01 -1.084473277461325580e+01 0.000000000000000000e+00 -2.183312698720729639e-01 -1.832294050253935325e-01 0.000000000000000000e+00 1.280999999999999943e+02
-9.565664804421368794e-01 -1.086305571511579160e+01 0.000000000000000000e+00 -2.183312698720418776e-01 -1.832294050253580053e-01 0.000000000000000000e+00 1.282000000000000171e+02
-9.783996074293409562e-01 -1.088137865561832740e+01 0.000000000000000000e+00 -2.183312698720407674e-01 -1.832294050253580053e-01 0.000000000000000000e+00 1.283000000000000114e+02
-1.000232734416545144e+00 -1.089970159612086498e+01 0.000000000000000000e+00 -2.183312698720418776e-01 -1.832294050253757689e-01 0.000000000000000000e+00 1.284000000000000057e+02
-1.021176942995233095e+00 -1.091477918897584054e+01 0.000000000000000000e+00 -2.094420857868795061e-01 -1.507759285497556334e-01 0.000000000000000000e+00 1.285000000000000000e+02
-1.040686278234645989e+00 -1.092461821013340284e+01 0.000000000000000000e+00 -1.950933523941289494e-01 -9.839021157562299891e-02 0.000000000000000000e+00 1.285999999999999943e+02
-1.060195613474058662e+00 -1.093445723129096514e+01 0.000000000000000000e+00 -1.950933523941267289e-01 -9.839021157562299891e-02 0.000000000000000000e+00 1.287000000000000171e+02
-1.079704948713471557e+00 -1.094429625244852744e+01 0.000000000000000000e+00 -1.950933523941289494e-01 -9.839021157562299891e-02 0.000000000000000000e+00 1.288000000000000114e+02
-1.099214283952884230e+00 -1.095413527360609152e+01 0.000000000000000000e+00 -1.950933523941267289e-01 -9.839021157564076248e-02 0.000000000000000000e+00 1.289000000000000057e+02
-1.118513013750096485e+00 -1.096340365929765426e+01 0.000000000000000000e+00 -1.929872979721225512e-01 -9.268385691562741613e-02 0.000000000000000000e+00 1.290000000000000000e+02
-1.137464262955191430e+00 -1.097173054629128686e+01 0.000000000000000000e+00 -1.895124920509494437e-01 -8.326886993632598433e-02 0.000000000000000000e+00 1.290999999999999943e+02
-1.156415512160286374e+00 -1.098005743328491945e+01 0.000000000000000000e+00 -1.895124920509494437e-01 -8.326886993632598433e-02 0.000000000000000000e+00 1.292000000000000171e+02
-1.175366761365381318e+00 -1.098838432027855383e+01 0.000000000000000000e+00 -1.895124920509494437e-01 -8.326886993634374790e-02 0.000000000000000000e+00 1.293000000000000114e+02
-1.194318010570476041e+00 -1.099671120727218643e+01 0.000000000000000000e+00 -1.895124920509472233e-01 -8.326886993632598433e-02 0.000000000000000000e+00 1.294000000000000057e+02
-1.214892301449038037e+00 -1.100601144933769149e+01 0.000000000000000000e+00 -2.057429087856199601e-01 -9.300242065505059941e-02 0.000000000000000000e+00 1.295000000000000000e+02
-1.237251725177830552e+00 -1.101638225424957440e+01 0.000000000000000000e+00 -2.235942372879251572e-01 -1.037080491188291376e-01 0.000000000000000000e+00 1.295999999999999943e+02
-1.259611148906623068e+00 -1.102675305916145732e+01 0.000000000000000000e+00 -2.235942372879251572e-01 -1.037080491188291376e-01 0.000000000000000000e+00 1.297000000000000171e+02
-1.281970572635415362e+00 -1.103712386407334023e+01 0.000000000000000000e+00 -2.235942372879229367e-01 -1.037080491188291376e-01 0.000000000000000000e+00 1.298000000000000114e+02
-1.304329996364207878e+00 -1.104749466898522314e+01 0.000000000000000000e+00 -2.235942372879251572e-01 -1.037080491188291376e-01 0.000000000000000000e+00 1.299000000000000057e+02
-1.326689420093000393e+00 -1.105786547389710606e+01 0.000000000000000000e+00 -2.235942372879251572e-01 -1.037080491188291376e-01 0.000000000000000000e+00 1.300000000000000000e+02
-1.348554533310841519e+00 -1.106805885210974338e+01 0.000000000000000000e+00 -2.186511321784112560e-01 -1.019337821263732735e-01 0.000000000000000000e+00 1.300999999999999943e+02
-1.368620725468168375e+00 -1.107760652965670189e+01 0.000000000000000000e+00 -2.006619215732685646e-01 -9.547677546958510675e-02 0.000000000000000000e+00 1.302000000000000171e+02
-1.388686917625495010e+00 -1.108715420720366218e+01 0.000000000000000000e+00 -2.006619215732663442e-01 -9.547677546960287032e-02 0.000000000000000000e+00 1.303000000000000114e+02
-1.408753109782821866e+00 -1.109670188475062069e+01 0.000000000000000000e+00 -2.006619215732685646e-01 -9.547677546958510675e-02 0.000000000000000000e+00 1.304000000000000057e+02
-1.428819301940148723e+00 -1.110624956229757920e+01 0.000000000000000000e+00 -2.006619215732685646e-01 -9.547677546958510675e-02 0.000000000000000000e+00 1.305000000000000000e+02
-1.448885494097475579e+00 -1.111579723984453949e+01 0.000000000000000000e+00 -2.006619215732685646e-01 -9.547677546960287032e-02 0.000000000000000000e+00 1.305999999999999943e+02
-1.469002331163430153e+00 -1.112554260532023065e+01 0.000000000000000000e+00 -2.011683706595457366e-01 -9.745365475691158963e-02 0.000000000000000000e+00 1.307000000000000171e+02
-1.489132736997853312e+00 -1.113534093528547508e+01 0.000000000000000000e+00 -2.013040583442315956e-01 -9.798329965244434447e-02 0.000000000000000000e+00 1.308000000000000114e+02
-1.509263142832276250e+00 -1.114513926525072129e+01 0.000000000000000000e+00 -2.013040583442293752e-01 -9.798329965246210804e-02 0.000000000000000000e+00 1.309000000000000057e+02
-1.529393548666699409e+00 -1.115493759521596573e+01 0.000000000000000000e+00 -2.013040583442315956e-01 -9.798329965244434447e-02 0.000000000000000000e+00 1.310000000000000000e+02
-1.549523954501122347e+00 -1.116473592518121016e+01 0.000000000000000000e+00 -2.013040583442293752e-01 -9.798329965244434447e-02 0.000000000000000000e+00 1.310999999999999943e+02
-1.570979226168720544e+00 -1.117567664309915898e+01 0.000000000000000000e+00 -2.145527166759819693e-01 -1.094071791794881676e-01 0.000000000000000000e+00 1.312000000000000171e+02
-1.593412896187897498e+00 -1.118746100152907452e+01 0.000000000000000000e+00 -2.243367001917695447e-01 -1.178435842991554239e-01 0.000000000000000000e+00 1.313000000000000114e+02
-1.615846566207074453e+00 -1.119924535995899006e+01 0.000000000000000000e+00 -2.243367001917695447e-01 -1.178435842991554239e-01 0.000000000000000000e+00 1.314000000000000057e+02
-1.638280236226251185e+00 -1.121102971838890561e+01 0.000000000000000000e+00 -2.243367001917673242e-01 -1.178435842991554239e-01 0.000000000000000000e+00 1.315000000000000000e+02
-1.660713906245428140e+00 -1.122281407681882115e+01 0.000000000000000000e+00 -2.243367001917695447e-01 -1.178435842991554239e-01 0.000000000000000000e+00 1.315999999999999943e+02
-1.683147576264604872e+00 -1.123459843524873669e+01 0.000000000000000000e+00 -2.243367001917673242e-01 -1.178435842991554239e-01 0.000000000000000000e+00 1.317000000000000171e+02
-1.702121267470494415e+00 -1.124827001324115727e+01 0.000000000000000000e+00 -1.897369120588954239e-01 -1.367157799242058047e-01 0.000000000000000000e+00 1.318000000000000114e+02
-1.718699364367500593e+00 -1.126324825022992471e+01 0.000000000000000000e+00 -1.657809689700617817e-01 -1.497823698876743492e-01 0.000000000000000000e+00 1.319000000000000057e+02
-1.735277461264506993e+00 -1.127822648721869392e+01 0.000000000000000000e+00 -1.657809689700640021e-01 -1.497823698876921128e-01 0.000000000000000000e+00 1.320000000000000000e+02
-1.751855558161513393e+00 -1.129320472420746135e+01 0.000000000000000000e+00 -1.657809689700640021e-01 -1.497823698876743492e-01 0.000000000000000000e+00 1.320999999999999943e+02
-1.768433655058519571e+00 -1.130818296119622879e+01 0.000000000000000000e+00 -1.657809689700617817e-01 -1.497823698876743492e-01 0.000000000000000000e+00 1.322000000000000171e+02
-1.785542827569902125e+00 -1.132359856600700354e+01 0.000000000000000000e+00 -1.710917251138255324e-01 -1.541560481077475231e-01 0.000000000000000000e+00 1.323000000000000114e+02
-1.803955546427098433e+00 -1.134008770763761653e+01 0.000000000000000000e+00 -1.841271885719630852e-01 -1.648914163061299121e-01 0.000000000000000000e+00 1.324000000000000057e+02
-1.822368265284294742e+00 -1.135657684926823130e+01 0.000000000000000000e+00 -1.841271885719630852e-01 -1.648914163061476756e-01 0.000000000000000000e+00 1.325000000000000000e+02
-1.840780984141491050e+00 -1.137306599089884429e+01 0.000000000000000000e+00 -1.841271885719630852e-01 -1.648914163061299121e-01 0.000000000000000000e+00 1.325999999999999943e+02
-1.859193702998687137e+00 -1.138955513252945906e+01 0.000000000000000000e+00 -1.841271885719608647e-01 -1.648914163061476756e-01 0.000000000000000000e+00 1.327000000000000171e+02
-1.877606421855883445e+00 -1.140604427416007383e+01 0.000000000000000000e+00 -1.841271885719630852e-01 -1.648914163061476756e-01 0.000000000000000000e+00 1.328000000000000114e+02
-1.898381974033234387e+00 -1.142435965253532260e+01 0.000000000000000000e+00 -2.077555217735094217e-01 -1.831537837524876977e-01 0.000000000000000000e+00 1.329000000000000057e+02
-1.920238826172379731e+00 -1.144351076896511898e+01 0.000000000000000000e+00 -2.185685213914534408e-01 -1.915111642979638873e-01 0.000000000000000000e+00 1.330000000000000000e+02
-1.942095678311524853e+00 -1.146266188539491537e+01 0.000000000000000000e+00 -2.185685213914512204e-01 -1.915111642979638873e-01 0.000000000000000000e+00 1.330999999999999943e+02
-1.963952530450670197e+00 -1.148181300182470999e+01 0.000000000000000000e+00 -2.185685213914534408e-01 -1.915111642979461237e-01 0.000000000000000000e+00 1.332000000000000171e+02
-1.985809382589815320e+00 -1.150096411825450637e+01 0.000000000000000000e+00 -2.185685213914512204e-01 -1.915111642979638873e-01 0.000000000000000000e+00 1.333000000000000114e+02
-2.007666234728960664e+00 -1.152011523468430276e+01 0.000000000000000000e+00 -2.185685213914534408e-01 -1.915111642979638873e-01 0.000000000000000000e+00 1.334000000000000057e+02
-2.029523086868105786e+00 -1.153926635111409915e+01 0.000000000000000000e+00 -2.185685213914512204e-01 -1.915111642979638873e-01 0.000000000000000000e+00 1.335000000000000000e+02
-2.050219220623889615e+00 -1.155730734417756089e+01 0.000000000000000000e+00 -2.069613375578382986e-01 -1.804099306346174103e-01 0.000000000000000000e+00 1.335999999999999943e+02
-2.068966919915729452e+00 -1.157348483386483906e+01 0.000000000000000000e+00 -1.874769929183983663e-01 -1.617748968727816816e-01 0.000000000000000000e+00 1.337000000000000171e+02
-2.087714619207569289e+00 -1.158966232355211545e+01 0.000000000000000000e+00 -1.874769929183983663e-01 -1.617748968727639181e-01 0.000000000000000000e+00 1.338000000000000114e+02
-2.106462318499409125e+00 -1.160583981323939362e+01 0.000000000000000000e+00 -1.874769929183983663e-01 -1.617748968727816816e-01 0.000000000000000000e+00 1.339000000000000057e+02
-2.125210017791248962e+00 -1.162201730292667001e+01 0.000000000000000000e+00 -1.874769929183983663e-01 -1.617748968727639181e-01 0.000000000000000000e+00 1.340000000000000000e+02
-2.143957717083088799e+00 -1.163819479261394818e+01 0.000000000000000000e+00 -1.874769929183983663e-01 -1.617748968727816816e-01 0.000000000000000000e+00 1.340999999999999943e+02
-2.161054466348437231e+00 -1.165305102890748579e+01 0.000000000000000000e+00 -1.709674926534843209e-01 -1.485623629353760577e-01 0.000000000000000000e+00 1.342000000000000171e+02
-2.177513519126077934e+00 -1.166739691744061780e+01 0.000000000000000000e+00 -1.645905277764070362e-01 -1.434588853313201184e-01 0.000000000000000000e+00 1.343000000000000114e+02
-2.193972571903718638e+00 -1.168174280597374981e+01 0.000000000000000000e+00 -1.645905277764070362e-01 -1.434588853313201184e-01 0.000000000000000000e+00 1.344000000000000057e+02
-2.210431624681359786e+00 -1.169608869450688182e+01 0.000000000000000000e+00 -1.645905277764114771e-01 -1.434588853313201184e-01 0.000000000000000000e+00 1.345000000000000000e+02
-2.226890677459000489e+00 -1.171043458304001383e+01 0.000000000000000000e+00 -1.645905277764070362e-01 -1.434588853313201184e-01 0.000000000000000000e+00 1.345999999999999943e+02
-2.244613026754412211e+00 -1.172503146764317350e+01 0.000000000000000000e+00 -1.772234929541172122e-01 -1.459688460315966552e-01 0.000000000000000000e+00 1.347000000000000171e+02
-2.264100833671347512e+00 -1.173997911940081273e+01 0.000000000000000000e+00 -1.948780691693530187e-01 -1.494765175763923537e-01 0.000000000000000000e+00 1.348000000000000114e+02
-2.283588640588282370e+00 -1.175492677115845197e+01 0.000000000000000000e+00 -1.948780691693485778e-01 -1.494765175763923537e-01 0.000000000000000000e+00 1.349000000000000057e+02
-2.303076447505217672e+00 -1.176987442291609121e+01 0.000000000000000000e+00 -1.948780691693530187e-01 -1.494765175763923537e-01 0.000000000000000000e+00 1.350000000000000000e+02
-2.322564254422152974e+00 -1.178482207467373044e+01 0.000000000000000000e+00 -1.948780691693530187e-01 -1.494765175763923537e-01 0.000000000000000000e+00 1.350999999999999943e+02
-2.342052061339088276e+00 -1.179976972643136968e+01 0.000000000000000000e+00 -1.948780691693530187e-01 -1.494765175763923537e-01 0.000000000000000000e+00 1.352000000000000171e+02
-2.364771351062655125e+00 -1.181139591062679628e+01 0.000000000000000000e+00 -2.271928972356684895e-01 -1.162618419542660320e-01 0.000000000000000000e+00 1.353000000000000114e+02
-2.396245485428297961e+00 -1.181402346037762463e+01 0.000000000000000000e+00 -3.147413436564283629e-01 -2.627549750828350739e-02 0.000000000000000000e+00 1.354000000000000057e+02
-2.427719619793940797e+00 -1.181665101012845298e+01 0.000000000000000000e+00 -3.147413436564283629e-01 -2.627549750828350739e-02 0.000000000000000000e+00 1.355000000000000000e+02
-2.459193754159583634e+00 -1.181927855987928133e+01 0.000000000000000000e+00 -3.147413436564283629e-01 -2.627549750828350739e-02 0.000000000000000000e+00 1.355999999999999943e+02
-2.490667888525226914e+00 -1.182190610963010968e+01 0.000000000000000000e+00 -3.147413436564328038e-01 -2.627549750828350739e-02 0.000000000000000000e+00 1.357000000000000171e+02
-2.522142022890869750e+00 -1.182453365938093981e+01 0.000000000000000000e+00 -3.147413436564283629e-01 -2.627549750830127095e-02 0.000000000000000000e+00 1.358000000000000114e+02
-2.553616157256512587e+00 -1.182716120913176816e+01 0.000000000000000000e+00 -3.147413436564283629e-01 -2.627549750828350739e-02 0.000000000000000000e+00 1.359000000000000057e+02
-2.585090291622155423e+00 -1.182978875888259651e+01 0.000000000000000000e+00 -3.147413436564283629e-01 -2.627549750828350739e-02 0.000000000000000000e+00 1.360000000000000000e+02
-2.612421438476071778e+00 -1.183163791983530544e+01 0.000000000000000000e+00 -2.733114685391635490e-01 -1.849160952708928107e-02 0.000000000000000000e+00 1.360999999999999943e+02
-2.638519072338051163e+00 -1.183325532708551187e+01 0.000000000000000000e+00 -2.609763386197938573e-01 -1.617407250206426284e-02 0.000000000000000000e+00 1.362000000000000171e+02
-2.664616706200030105e+00 -1.183487273433571829e+01 0.000000000000000000e+00 -2.609763386197894164e-01 -1.617407250206426284e-02 0.000000000000000000e+00 1.363000000000000114e+02
-2.690714340062009491e+00 -1.183649014158592649e+01 0.000000000000000000e+00 -2.609763386197938573e-01 -1.617407250208202640e-02 0.000000000000000000e+00 1.364000000000000057e+02
-2.716811973923988432e+00 -1.183810754883613292e+01 0.000000000000000000e+00 -2.609763386197894164e-01 -1.617407250206426284e-02 0.000000000000000000e+00 1.365000000000000000e+02
-2.742680704503746458e+00 -1.183971225810648065e+01 0.000000000000000000e+00 -2.586873057975802581e-01 -1.604709270347726147e-02 0.000000000000000000e+00 1.365999999999999943e+02
-2.767638909425073734e+00 -1.184126645767526398e+01 0.000000000000000000e+00 -2.495820492132727608e-01 -1.554199568783332097e-02 0.000000000000000000e+00 1.367000000000000171e+02
-2.792597114346401010e+00 -1.184282065724404731e+01 0.000000000000000000e+00 -2.495820492132727608e-01 -1.554199568783332097e-02 0.000000000000000000e+00 1.368000000000000114e+02
-2.817555319267728287e+00 -1.184437485681283064e+01 0.000000000000000000e+00 -2.495820492132727608e-01 -1.554199568783332097e-02 0.000000000000000000e+00 1.369000000000000057e+02
-2.842513524189055563e+00 -1.184592905638161575e+01 0.000000000000000000e+00 -2.495820492132727608e-01 -1.554199568785108454e-02 0.000000000000000000e+00 1.370000000000000000e+02
-2.867471729110382839e+00 -1.184748325595039908e+01 0.000000000000000000e+00 -2.495820492132727608e-01 -1.554199568783332097e-02 0.000000000000000000e+00 1.370999999999999943e+02
-2.895885877125497831e+00 -1.184926439179052515e+01 0.000000000000000000e+00 -2.841414801511499277e-01 -1.781135840126069070e-02 0.000000000000000000e+00 1.372000000000000171e+02
-2.925765487856447855e+00 -1.185114175798962854e+01 0.000000000000000000e+00 -2.987961073095002362e-01 -1.877366199103391864e-02 0.000000000000000000e+00 1.373000000000000114e+02
-2.955645098587397879e+00 -1.185301912418873194e+01 0.000000000000000000e+00 -2.987961073095002362e-01 -1.877366199103391864e-02 0.000000000000000000e+00 1.374000000000000057e+02
-2.985524709318347902e+00 -1.185489649038783710e+01 0.000000000000000000e+00 -2.987961073095002362e-01 -1.877366199105168221e-02 0.000000000000000000e+00 1.375000000000000000e+02
-3.015404320049298370e+00 -1.185677385658694050e+01 0.000000000000000000e+00 -2.987961073095046771e-01 -1.877366199103391864e-02 0.000000000000000000e+00 1.375999999999999943e+02
-3.045283930780248394e+00 -1.185865122278604389e+01 0.000000000000000000e+00 -2.987961073095002362e-01 -1.877366199103391864e-02 0.000000000000000000e+00 1.377000000000000171e+02
-3.075163541511198417e+00 -1.186052858898514906e+01 0.000000000000000000e+00 -2.987961073095002362e-01 -1.877366199105168221e-02 0.000000000000000000e+00 1.378000000000000114e+02
-3.104626210408680365e+00 -1.186238561058290131e+01 0.000000000000000000e+00 -2.946266889748194728e-01 -1.857021597752250841e-02 0.000000000000000000e+00 1.379000000000000057e+02
-3.129641140316576475e+00 -1.186402560556112995e+01 0.000000000000000000e+00 -2.501492990789611071e-01 -1.639994978228642708e-02 0.000000000000000000e+00 1.380000000000000000e+02
-3.154656070224472586e+00 -1.186566560053936037e+01 0.000000000000000000e+00 -2.501492990789611071e-01 -1.639994978230419065e-02 0.000000000000000000e+00 1.380999999999999943e+02
-3.179671000132368697e+00 -1.186730559551758901e+01 0.000000000000000000e+00 -2.501492990789611071e-01 -1.639994978228642708e-02 0.000000000000000000e+00 1.382000000000000171e+02
-3.204685930040264807e+00 -1.186894559049581765e+01 0.000000000000000000e+00 -2.501492990789611071e-01 -1.639994978228642708e-02 0.000000000000000000e+00 1.383000000000000114e+02
-3.229700859948160918e+00 -1.187058558547404630e+01 0.000000000000000000e+00 -2.501492990789611071e-01 -1.639994978228642708e-02 0.000000000000000000e+00 1.384000000000000057e+02
-3.254063085624474549e+00 -1.187221623308784757e+01 0.000000000000000000e+00 -2.436222567631363134e-01 -1.630647613801272655e-02 0.000000000000000000e+00 1.385000000000000000e+02
-3.277812788693533097e+00 -1.187383810877746981e+01 0.000000000000000000e+00 -2.374970306905854756e-01 -1.621875689622243044e-02 0.000000000000000000e+00 1.385999999999999943e+02
-3.301562491762591645e+00 -1.187545998446709206e+01 0.000000000000000000e+00 -2.374970306905854756e-01 -1.621875689622243044e-02 0.000000000000000000e+00 1.387000000000000171e+02
-3.325312194831650192e+00 -1.187708186015671608e+01 0.000000000000000000e+00 -2.374970306905854756e-01 -1.621875689624019401e-02 0.000000000000000000e+00 1.388000000000000114e+02
-3.349061897900708296e+00 -1.187870373584633832e+01 0.000000000000000000e+00 -2.374970306905810347e-01 -1.621875689622243044e-02 0.000000000000000000e+00 1.389000000000000057e+02
-3.373251611528958804e+00 -1.188035980244774770e+01 0.000000000000000000e+00 -2.418971362825050875e-01 -1.656066601409378336e-02 0.000000000000000000e+00 1.390000000000000000e+02
-3.400805981594269056e+00 -1.188227731884627758e+01 0.000000000000000000e+00 -2.755437006531025190e-01 -1.917516398529883759e-02 0.000000000000000000e+00 1.390999999999999943e+02
-3.428360351659579308e+00 -1.188419483524480924e+01 0.000000000000000000e+00 -2.755437006531025190e-01 -1.917516398531660116e-02 0.000000000000000000e+00 1.392000000000000171e+02
-3.455914721724889560e+00 -1.188611235164334090e+01 0.000000000000000000e+00 -2.755437006531025190e-01 -1.917516398531660116e-02 0.000000000000000000e+00 1.393000000000000114e+02
-3.483469091790199812e+00 -1.188802986804187256e+01 0.000000000000000000e+00 -2.755437006531025190e-01 -1.917516398531660116e-02 0.000000000000000000e+00 1.394000000000000057e+02
-3.511023461855510064e+00 -1.188994738444040244e+01 0.000000000000000000e+00 -2.755437006531025190e-01 -1.917516398529883759e-02 0.000000000000000000e+00 1.395000000000000000e+02
-3.538577831920820316e+00 -1.189186490083893410e+01 0.000000000000000000e+00 -2.755437006531025190e-01 -1.917516398531660116e-02 0.000000000000000000e+00 1.395999999999999943e+02
-3.566919705295712006e+00 -1.189375354091690085e+01 0.000000000000000000e+00 -2.834187337489169067e-01 -1.888640077966741160e-02 0.000000000000000000e+00 1.397000000000000171e+02
-3.596194771069710860e+00 -1.189560796251916130e+01 0.000000000000000000e+00 -2.927506577399885401e-01 -1.854421602260458712e-02 0.000000000000000000e+00 1.398000000000000114e+02
-3.625469836843710159e+00 -1.189746238412142354e+01 0.000000000000000000e+00 -2.927506577399929810e-01 -1.854421602262235069e-02 0.000000000000000000e+00 1.399000000000000057e+02
-3.654744902617709457e+00 -1.189931680572368400e+01 0.000000000000000000e+00 -2.927506577399929810e-01 -1.854421602260458712e-02 0.000000000000000000e+00 1.400000000000000000e+02
-3.684019968391708311e+00 -1.190117122732594623e+01 0.000000000000000000e+00 -2.927506577399885401e-01 -1.854421602262235069e-02 0.000000000000000000e+00 1.400999999999999943e+02
-3.713295034165707609e+00 -1.190302564892820669e+01 0.000000000000000000e+00 -2.927506577399929810e-01 -1.854421602260458712e-02 0.000000000000000000e+00 1.402000000000000171e+02
-3.742570099939706907e+00 -1.190488007053046893e+01 0.000000000000000000e+00 -2.927506577399929810e-01 -1.854421602262235069e-02 0.000000000000000000e+00 1.403000000000000114e+02
-3.771107186582206339e+00 -1.190669767766205212e+01 0.000000000000000000e+00 -2.853708664249943183e-01 -1.817607131583187652e-02 0.000000000000000000e+00 1.404000000000000057e+02
-3.795160918840308817e+00 -1.190829163034124960e+01 0.000000000000000000e+00 -2.405373225810247817e-01 -1.593952679197485622e-02 0.000000000000000000e+00 1.405000000000000000e+02
-3.819214651098410851e+00 -1.190988558302044709e+01 0.000000000000000000e+00 -2.405373225810203408e-01 -1.593952679197485622e-02 0.000000000000000000e+00 1.405999999999999943e+02
-3.843268383356513329e+00 -1.191147953569964457e+01 0.000000000000000000e+00 -2.405373225810247817e-01 -1.593952679197485622e-02 0.000000000000000000e+00 1.407000000000000171e+02
-3.867322115614615363e+00 -1.191307348837884383e+01 0.000000000000000000e+00 -2.405373225810203408e-01 -1.593952679199261979e-02 0.000000000000000000e+00 1.408000000000000114e+02
-3.891375847872717841e+00 -1.191466744105804132e+01 0.000000000000000000e+00 -2.405373225810247817e-01 -1.593952679197485622e-02 0.000000000000000000e+00 1.409000000000000057e+02
-3.913142387155426949e+00 -1.191631434954093827e+01 0.000000000000000000e+00 -2.176653928270910754e-01 -1.646908482896947135e-02 0.000000000000000000e+00 1.410000000000000000e+02
-3.934758793186337478e+00 -1.191796473408689572e+01 0.000000000000000000e+00 -2.161640603091052881e-01 -1.650384545957450655e-02 0.000000000000000000e+00 1.410999999999999943e+02
-3.956375199217247562e+00 -1.191961511863285317e+01 0.000000000000000000e+00 -2.161640603091008472e-01 -1.650384545957450655e-02 0.000000000000000000e+00 1.412000000000000171e+02
-3.977991605248157647e+00 -1.192126550317881062e+01 0.000000000000000000e+00 -2.161640603091008472e-01 -1.650384545957450655e-02 0.000000000000000000e+00 1.413000000000000114e+02
-3.999608011279067732e+00 -1.192291588772476807e+01 0.000000000000000000e+00 -2.161640603091008472e-01 -1.650384545957450655e-02 0.000000000000000000e+00 1.414000000000000057e+02
-4.023814377806553821e+00 -1.192586058169787044e+01 0.000000000000000000e+00 -2.420636652748608952e-01 -2.944693973102374684e-02 0.000000000000000000e+00 1.415000000000000000e+02
-4.048388561311884182e+00 -1.192898908889226384e+01 0.000000000000000000e+00 -2.457418350533036033e-01 -3.128507194393392865e-02 0.000000000000000000e+00 1.415999999999999943e+02
-4.072962744817214542e+00 -1.193211759608665723e+01 0.000000000000000000e+00 -2.457418350533036033e-01 -3.128507194393392865e-02 0.000000000000000000e+00 1.417000000000000171e+02
-4.097536928322544902e+00 -1.193524610328105062e+01 0.000000000000000000e+00 -2.457418350533036033e-01 -3.128507194393392865e-02 0.000000000000000000e+00 1.418000000000000114e+02
-4.122111111827875263e+00 -1.193837461047544402e+01 0.000000000000000000e+00 -2.457418350533036033e-01 -3.128507194393392865e-02 0.000000000000000000e+00 1.419000000000000057e+02
-4.146314807906548161e+00 -1.194236504339477634e+01 0.000000000000000000e+00 -2.420369607867289830e-01 -3.990432919332320694e-02 0.000000000000000000e+00 1.420000000000000000e+02
-4.167373219304538523e+00 -1.195367286843994137e+01 0.000000000000000000e+00 -2.105841139799036199e-01 -1.130782504516503195e-01 0.000000000000000000e+00 1.420999999999999943e+02
-4.188431630702527997e+00 -1.196498069348510640e+01 0.000000000000000000e+00 -2.105841139798947381e-01 -1.130782504516503195e-01 0.000000000000000000e+00 1.422000000000000171e+02
-4.209490042100518359e+00 -1.197628851853027143e+01 0.000000000000000000e+00 -2.105841139799036199e-01 -1.130782504516503195e-01 0.000000000000000000e+00 1.423000000000000114e+02
-4.230548453498507833e+00 -1.198759634357543646e+01 0.000000000000000000e+00 -2.105841139798947381e-01 -1.130782504516503195e-01 0.000000000000000000e+00 1.424000000000000057e+02
-4.251606864896498195e+00 -1.199890416862060150e+01 0.000000000000000000e+00 -2.105841139799036199e-01 -1.130782504516503195e-01 0.000000000000000000e+00 1.425000000000000000e+02
-4.273319049984555917e+00 -1.201042111160969128e+01 0.000000000000000000e+00 -2.171218508805772274e-01 -1.151694298908978453e-01 0.000000000000000000e+00 1.425999999999999943e+02
-4.297030996704844341e+00 -1.202257770413993576e+01 0.000000000000000000e+00 -2.371194672028842376e-01 -1.215659253024448105e-01 0.000000000000000000e+00 1.427000000000000171e+02
-4.320742943425132765e+00 -1.203473429667018024e+01 0.000000000000000000e+00 -2.371194672028842376e-01 -1.215659253024448105e-01 0.000000000000000000e+00 1.428000000000000114e+02
-4.344454890145420300e+00 -1.204689088920042650e+01 0.000000000000000000e+00 -2.371194672028753558e-01 -1.215659253024625741e-01 0.000000000000000000e+00 1.429000000000000057e+02
-4.368166836865708724e+00 -1.205904748173067098e+01 0.000000000000000000e+00 -2.371194672028842376e-01 -1.215659253024448105e-01 0.000000000000000000e+00 1.430000000000000000e+02
-4.391878783585997148e+00 -1.207120407426091546e+01 0.000000000000000000e+00 -2.371194672028842376e-01 -1.215659253024448105e-01 0.000000000000000000e+00 1.430999999999999943e+02
-4.422992815963859847e+00 -1.208509716330204498e+01 0.000000000000000000e+00 -3.111403237786269926e-01 -1.389308904112951382e-01 0.000000000000000000e+00 1.432000000000000171e+02
-4.457775448740904700e+00 -1.209985088974832301e+01 0.000000000000000000e+00 -3.478263277704485290e-01 -1.475372644627803709e-01 0.000000000000000000e+00 1.433000000000000114e+02
-4.492558081517949553e+00 -1.211460461619459927e+01 0.000000000000000000e+00 -3.478263277704485290e-01 -1.475372644627626073e-01 0.000000000000000000e+00 1.434000000000000057e+02
-4.527340714294994406e+00 -1.212935834264087553e+01 0.000000000000000000e+00 -3.478263277704485290e-01 -1.475372644627626073e-01 0.000000000000000000e+00 1.435000000000000000e+02
-4.562123347072039259e+00 -1.214411206908715180e+01 0.000000000000000000e+00 -3.478263277704485290e-01 -1.475372644627626073e-01 0.000000000000000000e+00 1.435999999999999943e+02
-4.596905979849084112e+00 -1.215886579553342983e+01 0.000000000000000000e+00 -3.478263277704485290e-01 -1.475372644627803709e-01 0.000000000000000000e+00 1.437000000000000171e+02
-4.631688612626128965e+00 -1.217361952197970609e+01 0.000000000000000000e+00 -3.478263277704485290e-01 -1.475372644627626073e-01 0.000000000000000000e+00 1.438000000000000114e+02
-4.666471245403173818e+00 -1.218837324842598235e+01 0.000000000000000000e+00 -3.478263277704485290e-01 -1.475372644627626073e-01 0.000000000000000000e+00 1.439000000000000057e+02
-4.701253878180218670e+00 -1.220312697487225861e+01 0.000000000000000000e+00 -3.478263277704485290e-01 -1.475372644627626073e-01 0.000000000000000000e+00 1.440000000000000000e+02
-4.736036510957263523e+00 -1.221788070131853665e+01 0.000000000000000000e+00 -3.478263277704485290e-01 -1.475372644627803709e-01 0.000000000000000000e+00 1.440999999999999943e+02
-4.765463993248236108e+00 -1.223381243873502555e+01 0.000000000000000000e+00 -2.942748229097258417e-01 -1.593173741648890029e-01 0.000000000000000000e+00 1.442000000000000171e+02
-4.791883895234257729e+00 -1.225040577522370633e+01 0.000000000000000000e+00 -2.641990198602162110e-01 -1.659333648868077660e-01 0.000000000000000000e+00 1.443000000000000114e+02
-4.818303797220278462e+00 -1.226699911171238710e+01 0.000000000000000000e+00 -2.641990198602073292e-01 -1.659333648868077660e-01 0.000000000000000000e+00 1.444000000000000057e+02
-4.844723699206300083e+00 -1.228359244820106966e+01 0.000000000000000000e+00 -2.641990198602162110e-01 -1.659333648868255295e-01 0.000000000000000000e+00 1.445000000000000000e+02
-4.871143601192321704e+00 -1.230018578468975043e+01 0.000000000000000000e+00 -2.641990198602162110e-01 -1.659333648868077660e-01 0.000000000000000000e+00 1.445999999999999943e+02
-4.897563503178342437e+00 -1.231677912117843121e+01 0.000000000000000000e+00 -2.641990198602073292e-01 -1.659333648868077660e-01 0.000000000000000000e+00 1.447000000000000171e+02
-4.923983405164364058e+00 -1.233337245766711199e+01 0.000000000000000000e+00 -2.641990198602162110e-01 -1.659333648868077660e-01 0.000000000000000000e+00 1.448000000000000114e+02
-4.950229216173411828e+00 -1.234967577665993943e+01 0.000000000000000000e+00 -2.624581100904777031e-01 -1.630331899282744246e-01 0.000000000000000000e+00 1.449000000000000057e+02
-4.973668783260860593e+00 -1.236130418458587243e+01 0.000000000000000000e+00 -2.343956708744876494e-01 -1.162840792593300421e-01 0.000000000000000000e+00 1.450000000000000000e+02
-4.997108350348308470e+00 -1.237293259251180721e+01 0.000000000000000000e+00 -2.343956708744787676e-01 -1.162840792593478056e-01 0.000000000000000000e+00 1.450999999999999943e+02
-5.020547917435757235e+00 -1.238456100043774200e+01 0.000000000000000000e+00 -2.343956708744876494e-01 -1.162840792593478056e-01 0.000000000000000000e+00 1.452000000000000171e+02
-5.043987484523206000e+00 -1.239618940836367678e+01 0.000000000000000000e+00 -2.343956708744876494e-01 -1.162840792593478056e-01 0.000000000000000000e+00 1.453000000000000114e+02
-5.067427051610654765e+00 -1.240781781628961156e+01 0.000000000000000000e+00 -2.343956708744876494e-01 -1.162840792593478056e-01 0.000000000000000000e+00 1.454000000000000057e+02
-5.092335088229722473e+00 -1.242034175775443750e+01 0.000000000000000000e+00 -2.490803661906770827e-01 -1.252394146482593840e-01 0.000000000000000000e+00 1.455000000000000000e+02
-5.119137070893587271e+00 -1.243402070595753628e+01 0.000000000000000000e+00 -2.680198266386479844e-01 -1.367894820309878412e-01 0.000000000000000000e+00 1.455999999999999943e+02
-5.145939053557452958e+00 -1.244769965416063506e+01 0.000000000000000000e+00 -2.680198266386568662e-01 -1.367894820309878412e-01 0.000000000000000000e+00 1.457000000000000171e+02
-5.172741036221317756e+00 -1.246137860236373385e+01 0.000000000000000000e+00 -2.680198266386479844e-01 -1.367894820309878412e-01 0.000000000000000000e+00 1.458000000000000114e+02
-5.199543018885183443e+00 -1.247505755056683263e+01 0.000000000000000000e+00 -2.680198266386568662e-01 -1.367894820309878412e-01 0.000000000000000000e+00 1.459000000000000057e+02
-5.226345001549048241e+00 -1.248873649876993142e+01 0.000000000000000000e+00 -2.680198266386479844e-01 -1.367894820309878412e-01 0.000000000000000000e+00 1.460000000000000000e+02
-5.253146984212913928e+00 -1.250241544697303020e+01 0.000000000000000000e+00 -2.680198266386568662e-01 -1.367894820309878412e-01 0.000000000000000000e+00 1.460999999999999943e+02
-5.284277545542009236e+00 -1.251884850138355176e+01 0.000000000000000000e+00 -3.113056132909530760e-01 -1.643305441052156368e-01 0.000000000000000000e+00 1.462000000000000171e+02
-5.317387234790328598e+00 -1.253654079789388831e+01 0.000000000000000000e+00 -3.310968924831936278e-01 -1.769229651033654704e-01 0.000000000000000000e+00 1.463000000000000114e+02
-5.350496924038647961e+00 -1.255423309440422486e+01 0.000000000000000000e+00 -3.310968924831936278e-01 -1.769229651033654704e-01 0.000000000000000000e+00 1.464000000000000057e+02
-5.383606613286967324e+00 -1.257192539091456140e+01 0.000000000000000000e+00 -3.310968924831936278e-01 -1.769229651033654704e-01 0.000000000000000000e+00 1.465000000000000000e+02
-5.416716302535285799e+00 -1.258961768742489973e+01 0.000000000000000000e+00 -3.310968924831847460e-01 -1.769229651033832340e-01 0.000000000000000000e+00 1.465999999999999943e+02
-5.449825991783605161e+00 -1.260730998393523627e+01 0.000000000000000000e+00 -3.310968924831936278e-01 -1.769229651033654704e-01 0.000000000000000000e+00 1.467000000000000171e+02
-5.482935681031924524e+00 -1.262500228044557282e+01 0.000000000000000000e+00 -3.310968924831936278e-01 -1.769229651033654704e-01 0.000000000000000000e+00 1.468000000000000114e+02
-5.516045370280243887e+00 -1.264269457695590937e+01 0.000000000000000000e+00 -3.310968924831936278e-01 -1.769229651033654704e-01 0.000000000000000000e+00 1.469000000000000057e+02
-5.549155059528563250e+00 -1.266038687346624592e+01 0.000000000000000000e+00 -3.310968924831936278e-01 -1.769229651033654704e-01 0.000000000000000000e+00 1.470000000000000000e+02
-5.580606913131134661e+00 -1.267744019068112316e+01 0.000000000000000000e+00 -3.145185360257141127e-01 -1.705331721487723939e-01 0.000000000000000000e+00 1.470999999999999943e+02
-5.608419644910594748e+00 -1.269309088182472145e+01 0.000000000000000000e+00 -2.781273177946008701e-01 -1.565069114359829427e-01 0.000000000000000000e+00 1.472000000000000171e+02
-5.636232376690053947e+00 -1.270874157296831797e+01 0.000000000000000000e+00 -2.781273177945919883e-01 -1.565069114359651792e-01 0.000000000000000000e+00 1.473000000000000114e+02
-5.664045108469514034e+00 -1.272439226411191449e+01 0.000000000000000000e+00 -2.781273177946008701e-01 -1.565069114359651792e-01 0.000000000000000000e+00 1.474000000000000057e+02
-5.691857840248973233e+00 -1.274004295525551278e+01 0.000000000000000000e+00 -2.781273177945919883e-01 -1.565069114359829427e-01 0.000000000000000000e+00 1.475000000000000000e+02
-5.719670572028432431e+00 -1.275569364639910930e+01 0.000000000000000000e+00 -2.781273177945919883e-01 -1.565069114359651792e-01 0.000000000000000000e+00 1.475999999999999943e+02
-5.747483303807892518e+00 -1.277134433754270582e+01 0.000000000000000000e+00 -2.781273177946008701e-01 -1.565069114359651792e-01 0.000000000000000000e+00 1.477000000000000171e+02
-5.775296035587351717e+00 -1.278699502868630411e+01 0.000000000000000000e+00 -2.781273177945919883e-01 -1.565069114359829427e-01 0.000000000000000000e+00 1.478000000000000114e+02
-5.799582961295348227e+00 -1.280138312333741801e+01 0.000000000000000000e+00 -2.428692570799650952e-01 -1.438809465111390296e-01 0.000000000000000000e+00 1.479000000000000057e+02
-5.823774197475320769e+00 -1.281573695142366809e+01 0.000000000000000000e+00 -2.419123617997254172e-01 -1.435382808625007556e-01 0.000000000000000000e+00 1.480000000000000000e+02
-5.847965433655292422e+00 -1.283009077950991639e+01 0.000000000000000000e+00 -2.419123617997165354e-01 -1.435382808624829920e-01 0.000000000000000000e+00 1.480999999999999943e+02
-5.872156669835264964e+00 -1.284444460759616646e+01 0.000000000000000000e+00 -2.419123617997254172e-01 -1.435382808625007556e-01 0.000000000000000000e+00 1.482000000000000171e+02
-5.896347906015237506e+00 -1.285879843568241654e+01 0.000000000000000000e+00 -2.419123617997254172e-01 -1.435382808625007556e-01 0.000000000000000000e+00 1.483000000000000114e+02
-5.920539142195209159e+00 -1.287315226376866484e+01 0.000000000000000000e+00 -2.419123617997165354e-01 -1.435382808624829920e-01 0.000000000000000000e+00 1.484000000000000057e+02
-5.943318813134860434e+00 -1.288735737241643875e+01 0.000000000000000000e+00 -2.277967093965127532e-01 -1.420510864777391191e-01 0.000000000000000000e+00 1.485000000000000000e+02
-5.964549320535196486e+00 -1.290139926456872743e+01 0.000000000000000000e+00 -2.123050740033605166e-01 -1.404189215228868193e-01 0.000000000000000000e+00 1.485999999999999943e+02
-5.985779827935532538e+00 -1.291544115672101611e+01 0.000000000000000000e+00 -2.123050740033605166e-01 -1.404189215228868193e-01 0.000000000000000000e+00 1.487000000000000171e+02
-6.007010335335868589e+00 -1.292948304887330480e+01 0.000000000000000000e+00 -2.123050740033605166e-01 -1.404189215228868193e-01 0.000000000000000000e+00 1.488000000000000114e+02
-6.028240842736205529e+00 -1.294352494102559348e+01 0.000000000000000000e+00 -2.123050740033693984e-01 -1.404189215228868193e-01 0.000000000000000000e+00 1.489000000000000057e+02
-6.049471350136541581e+00 -1.295756683317788216e+01 0.000000000000000000e+00 -2.123050740033605166e-01 -1.404189215228868193e-01 0.000000000000000000e+00 1.490000000000000000e+02
-6.066354015525194932e+00 -1.297580462483189834e+01 0.000000000000000000e+00 -1.688266538865335065e-01 -1.823779165401617774e-01 0.000000000000000000e+00 1.490999999999999943e+02
-6.081955253609665490e+00 -1.299527906219950601e+01 0.000000000000000000e+00 -1.560123808447055893e-01 -1.947443736760767763e-01 0.000000000000000000e+00 1.492000000000000171e+02
-6.097556491694135161e+00 -1.301475349956711369e+01 0.000000000000000000e+00 -1.560123808446967075e-01 -1.947443736760767763e-01 0.000000000000000000e+00 1.493000000000000114e+02
-6.113157729778605720e+00 -1.303422793693472315e+01 0.000000000000000000e+00 -1.560123808447055893e-01 -1.947443736760945399e-01 0.000000000000000000e+00 1.494000000000000057e+02
-6.128758967863075391e+00 -1.305370237430233082e+01 0.000000000000000000e+00 -1.560123808446967075e-01 -1.947443736760767763e-01 0.000000000000000000e+00 1.495000000000000000e+02
-6.144360205947545950e+00 -1.307317681166993850e+01 0.000000000000000000e+00 -1.560123808447055893e-01 -1.947443736760767763e-01 0.000000000000000000e+00 1.495999999999999943e+02
-6.144930074221238492e+00 -1.309692541435636670e+01 0.000000000000000000e+00 -5.698682736925420045e-03 -2.374860268642819960e-01 0.000000000000000000e+00 1.497000000000000171e+02
-6.131558418720621795e+00 -1.312463828498096596e+01 0.000000000000000000e+00 1.337165550061669705e-01 -2.771287062459926176e-01 0.000000000000000000e+00 1.498000000000000114e+02
-6.118186763220005098e+00 -1.315235115560556345e+01 0.000000000000000000e+00 1.337165550061669705e-01 -2.771287062459748540e-01 0.000000000000000000e+00 1.499000000000000057e+02
-6.104815107719388401e+00 -1.318006402623016271e+01 0.000000000000000000e+00 1.337165550061669705e-01 -2.771287062459926176e-01 0.000000000000000000e+00 1.500000000000000000e+02
-6.091443452218771704e+00 -1.320777689685476197e+01 0.000000000000000000e+00 1.337165550061669705e-01 -2.771287062459926176e-01 0.000000000000000000e+00 1.500999999999999943e+02
-6.078071796718155007e+00 -1.323548976747935946e+01 0.000000000000000000e+00 1.337165550061669705e-01 -2.771287062459748540e-01 0.000000000000000000e+00 1.502000000000000171e+02
-6.064700141217538309e+00 -1.326320263810395872e+01 0.000000000000000000e+00 1.337165550061669705e-01 -2.771287062459926176e-01 0.000000000000000000e+00 1.503000000000000114e+02
-6.051328485716921612e+00 -1.329091550872855798e+01 0.000000000000000000e+00 1.337165550061669705e-01 -2.771287062459926176e-01 0.000000000000000000e+00 1.504000000000000057e+02
-6.034436408884118030e+00 -1.331951905040168604e+01 0.000000000000000000e+00 1.689207683280358196e-01 -2.860354167312806339e-01 0.000000000000000000e+00 1.505000000000000000e+02
-6.012616854123739252e+00 -1.334936925022116938e+01 0.000000000000000000e+00 2.181955476037877872e-01 -2.985019981948333623e-01 0.000000000000000000e+00 1.505999999999999943e+02
-5.990797299363361361e+00 -1.337921945004065094e+01 0.000000000000000000e+00 2.181955476037789055e-01 -2.985019981948155987e-01 0.000000000000000000e+00 1.507000000000000171e+02
-5.968977744602982582e+00 -1.340906964986013250e+01 0.000000000000000000e+00 2.181955476037877872e-01 -2.985019981948155987e-01 0.000000000000000000e+00 1.508000000000000114e+02
-5.947158189842604692e+00 -1.343891984967961584e+01 0.000000000000000000e+00 2.181955476037789055e-01 -2.985019981948333623e-01 0.000000000000000000e+00 1.509000000000000057e+02
-5.925338635082225913e+00 -1.346877004949909740e+01 0.000000000000000000e+00 2.181955476037877872e-01 -2.985019981948155987e-01 0.000000000000000000e+00 1.510000000000000000e+02
-5.903519080321847134e+00 -1.349862024931857896e+01 0.000000000000000000e+00 2.181955476037877872e-01 -2.985019981948155987e-01 0.000000000000000000e+00 1.510999999999999943e+02
-5.881699525561469244e+00 -1.352847044913806229e+01 0.000000000000000000e+00 2.181955476037789055e-01 -2.985019981948333623e-01 0.000000000000000000e+00 1.512000000000000171e+02
-5.859879970801090465e+00 -1.355832064895754385e+01 0.000000000000000000e+00 2.181955476037877872e-01 -2.985019981948155987e-01 0.000000000000000000e+00 1.513000000000000114e+02
-5.838318461019794015e+00 -1.358853715313707688e+01 0.000000000000000000e+00 2.156150978129645068e-01 -3.021650417953303247e-01 0.000000000000000000e+00 1.514000000000000057e+02
-5.817097343418229372e+00 -1.361923685656352490e+01 0.000000000000000000e+00 2.122111760156464300e-01 -3.069970342644801065e-01 0.000000000000000000e+00 1.515000000000000000e+02
-5.795876225816664729e+00 -1.364993655998997113e+01 0.000000000000000000e+00 2.122111760156464300e-01 -3.069970342644623429e-01 0.000000000000000000e+00 1.515999999999999943e+02
-5.774655108215100086e+00 -1.368063626341641914e+01 0.000000000000000000e+00 2.122111760156464300e-01 -3.069970342644801065e-01 0.000000000000000000e+00 1.517000000000000171e+02
-5.753433990613534554e+00 -1.371133596684286715e+01 0.000000000000000000e+00 2.122111760156553117e-01 -3.069970342644801065e-01 0.000000000000000000e+00 1.518000000000000114e+02
-5.732212873011969911e+00 -1.374203567026931516e+01 0.000000000000000000e+00 2.122111760156464300e-01 -3.069970342644801065e-01 0.000000000000000000e+00 1.519000000000000057e+02
-5.710991755410405268e+00 -1.377273537369576317e+01 0.000000000000000000e+00 2.122111760156464300e-01 -3.069970342644801065e-01 0.000000000000000000e+00 1.520000000000000000e+02
-5.689770637808840625e+00 -1.380343507712221118e+01 0.000000000000000000e+00 2.122111760156464300e-01 -3.069970342644801065e-01 0.000000000000000000e+00 1.520999999999999943e+02
-5.668549520207275094e+00 -1.383413478054865742e+01 0.000000000000000000e+00 2.122111760156553117e-01 -3.069970342644623429e-01 0.000000000000000000e+00 1.522000000000000171e+02
-5.647430874191246453e+00 -1.386662480908502459e+01 0.000000000000000000e+00 2.111864601602864155e-01 -3.249002853636717703e-01 0.000000000000000000e+00 1.523000000000000114e+02
-5.626338610165065646e+00 -1.389957576870415679e+01 0.000000000000000000e+00 2.109226402618080698e-01 -3.295095961913219185e-01 0.000000000000000000e+00 1.524000000000000057e+02
-5.605246346138883951e+00 -1.393252672832329075e+01 0.000000000000000000e+00 2.109226402618169516e-01 -3.295095961913396820e-01 0.000000000000000000e+00 1.525000000000000000e+02
-5.584154082112702255e+00 -1.396547768794242295e+01 0.000000000000000000e+00 2.109226402618169516e-01 -3.295095961913219185e-01 0.000000000000000000e+00 1.525999999999999943e+02
-5.563061818086521448e+00 -1.399842864756155691e+01 0.000000000000000000e+00 2.109226402618080698e-01 -3.295095961913396820e-01 0.000000000000000000e+00 1.527000000000000171e+02
-5.541969554060339753e+00 -1.403137960718068911e+01 0.000000000000000000e+00 2.109226402618169516e-01 -3.295095961913219185e-01 0.000000000000000000e+00 1.528000000000000114e+02
-5.520877290034158946e+00 -1.406433056679982307e+01 0.000000000000000000e+00 2.109226402618080698e-01 -3.295095961913396820e-01 0.000000000000000000e+00 1.529000000000000057e+02
-5.499785026007977251e+00 -1.409728152641895527e+01 0.000000000000000000e+00 2.109226402618169516e-01 -3.295095961913219185e-01 0.000000000000000000e+00 1.530000000000000000e+02
-5.478692761981795556e+00 -1.413023248603808746e+01 0.000000000000000000e+00 2.109226402618169516e-01 -3.295095961913219185e-01 0.000000000000000000e+00 1.530999999999999943e+02
-5.462567228645118789e+00 -1.416085495858052923e+01 0.000000000000000000e+00 1.612553333667676725e-01 -3.062247254244176986e-01 0.000000000000000000e+00 1.532000000000000171e+02
-5.447688079353186552e+00 -1.419089310527117220e+01 0.000000000000000000e+00 1.487914929193223657e-01 -3.003814669064297505e-01 0.000000000000000000e+00 1.533000000000000114e+02
-5.432808930061253427e+00 -1.422093125196181695e+01 0.000000000000000000e+00 1.487914929193312474e-01 -3.003814669064475140e-01 0.000000000000000000e+00 1.534000000000000057e+02
-5.417929780769321191e+00 -1.425096939865246171e+01 0.000000000000000000e+00 1.487914929193223657e-01 -3.003814669064475140e-01 0.000000000000000000e+00 1.535000000000000000e+02
-5.403050631477388954e+00 -1.428100754534310646e+01 0.000000000000000000e+00 1.487914929193223657e-01 -3.003814669064475140e-01 0.000000000000000000e+00 1.536000000000000227e+02
-5.388171482185456718e+00 -1.431104569203375121e+01 0.000000000000000000e+00 1.487914929193223657e-01 -3.003814669064475140e-01 0.000000000000000000e+00 1.537000000000000171e+02
-5.373292332893524481e+00 -1.434108383872439418e+01 0.000000000000000000e+00 1.487914929193223657e-01 -3.003814669064297505e-01 0.000000000000000000e+00 1.538000000000000114e+02
-5.358413183601592245e+00 -1.437112198541503894e+01 0.000000000000000000e+00 1.487914929193223657e-01 -3.003814669064475140e-01 0.000000000000000000e+00 1.539000000000000057e+02
-5.362215731759697235e+00 -1.439737552673231846e+01 0.000000000000000000e+00 -3.802548158104990250e-02 -2.625354131727952733e-01 0.000000000000000000e+00 1.540000000000000000e+02
-5.371876022918872451e+00 -1.442244238543165480e+01 0.000000000000000000e+00 -9.660291159175216080e-02 -2.506685869933633626e-01 0.000000000000000000e+00 1.541000000000000227e+02
-5.381536314078046779e+00 -1.444750924413099114e+01 0.000000000000000000e+00 -9.660291159174327902e-02 -2.506685869933633626e-01 0.000000000000000000e+00 1.542000000000000171e+02
-5.391196605237221995e+00 -1.447257610283032747e+01 0.000000000000000000e+00 -9.660291159175216080e-02 -2.506685869933633626e-01 0.000000000000000000e+00 1.543000000000000114e+02
-5.400856896396397211e+00 -1.449764296152966381e+01 0.000000000000000000e+00 -9.660291159175216080e-02 -2.506685869933633626e-01 0.000000000000000000e+00 1.544000000000000057e+02
-5.410517187555571539e+00 -1.452270982022900014e+01 0.000000000000000000e+00 -9.660291159174327902e-02 -2.506685869933633626e-01 0.000000000000000000e+00 1.545000000000000000e+02
-5.421163982137340298e+00 -1.454701084718636750e+01 0.000000000000000000e+00 -1.064679458176875926e-01 -2.430102695736735541e-01 0.000000000000000000e+00 1.546000000000000227e+02
-5.432730888156918070e+00 -1.457059758311434017e+01 0.000000000000000000e+00 -1.156690601957777176e-01 -2.358673592797266849e-01 0.000000000000000000e+00 1.547000000000000171e+02
-5.444297794176495842e+00 -1.459418431904231461e+01 0.000000000000000000e+00 -1.156690601957777176e-01 -2.358673592797444485e-01 0.000000000000000000e+00 1.548000000000000114e+02
-5.455864700196073613e+00 -1.461777105497028728e+01 0.000000000000000000e+00 -1.156690601957777176e-01 -2.358673592797266849e-01 0.000000000000000000e+00 1.549000000000000057e+02
-5.467431606215651385e+00 -1.464135779089826173e+01 0.000000000000000000e+00 -1.156690601957777176e-01 -2.358673592797444485e-01 0.000000000000000000e+00 1.550000000000000000e+02
-5.478998512235229157e+00 -1.466494452682623439e+01 0.000000000000000000e+00 -1.156690601957777176e-01 -2.358673592797266849e-01 0.000000000000000000e+00 1.551000000000000227e+02
-5.490613695189825449e+00 -1.468862513880386622e+01 0.000000000000000000e+00 -1.161518295459629257e-01 -2.368061197763182690e-01 0.000000000000000000e+00 1.552000000000000171e+02
-5.503522725203413124e+00 -1.471482167791551099e+01 0.000000000000000000e+00 -1.290903001358767455e-01 -2.619653911164476767e-01 0.000000000000000000e+00 1.553000000000000114e+02
-5.516431755216999910e+00 -1.474101821702715753e+01 0.000000000000000000e+00 -1.290903001358678637e-01 -2.619653911164654403e-01 0.000000000000000000e+00 1.554000000000000057e+02
-5.529340785230587585e+00 -1.476721475613880230e+01 0.000000000000000000e+00 -1.290903001358767455e-01 -2.619653911164476767e-01 0.000000000000000000e+00 1.555000000000000000e+02
-5.542249815244175259e+00 -1.479341129525044707e+01 0.000000000000000000e+00 -1.290903001358767455e-01 -2.619653911164476767e-01 0.000000000000000000e+00 1.556000000000000227e+02
-5.555158845257762046e+00 -1.481960783436209361e+01 0.000000000000000000e+00 -1.290903001358678637e-01 -2.619653911164654403e-01 0.000000000000000000e+00 1.557000000000000171e+02
-5.568067875271349720e+00 -1.484580437347373838e+01 0.000000000000000000e+00 -1.290903001358767455e-01 -2.619653911164476767e-01 0.000000000000000000e+00 1.558000000000000114e+02
-5.581020932538529600e+00 -1.487205242860718180e+01 0.000000000000000000e+00 -1.295305726717987937e-01 -2.624805513344341534e-01 0.000000000000000000e+00 1.559000000000000057e+02
-5.594898611429077739e+00 -1.489938237788159014e+01 0.000000000000000000e+00 -1.387767889054813963e-01 -2.732994927440834942e-01 0.000000000000000000e+00 1.560000000000000000e+02
-5.608776290319626767e+00 -1.492671232715599849e+01 0.000000000000000000e+00 -1.387767889054902781e-01 -2.732994927440834942e-01 0.000000000000000000e+00 1.561000000000000227e+02
-5.622653969210175795e+00 -1.495404227643040684e+01 0.000000000000000000e+00 -1.387767889054902781e-01 -2.732994927440834942e-01 0.000000000000000000e+00 1.562000000000000171e+02
-5.636531648100724823e+00 -1.498137222570481697e+01 0.000000000000000000e+00 -1.387767889054902781e-01 -2.732994927441012578e-01 0.000000000000000000e+00 1.563000000000000114e+02
-5.650409326991272962e+00 -1.500870217497922532e+01 0.000000000000000000e+00 -1.387767889054813963e-01 -2.732994927440834942e-01 0.000000000000000000e+00 1.564000000000000057e+02
-5.664287005881821990e+00 -1.503603212425363367e+01 0.000000000000000000e+00 -1.387767889054902781e-01 -2.732994927440834942e-01 0.000000000000000000e+00 1.565000000000000000e+02
-5.678164684772371018e+00 -1.506336207352804202e+01 0.000000000000000000e+00 -1.387767889054902781e-01 -2.732994927440834942e-01 0.000000000000000000e+00 1.566000000000000227e+02
-5.690913694940481271e+00 -1.508800918496541144e+01 0.000000000000000000e+00 -1.274901016811025301e-01 -2.464711143736941779e-01 0.000000000000000000e+00 1.567000000000000171e+02
-5.703129094111127451e+00 -1.511138790670986509e+01 0.000000000000000000e+00 -1.221539917064617953e-01 -2.337872174445365658e-01 0.000000000000000000e+00 1.568000000000000114e+02
-5.715344493281773630e+00 -1.513476662845432053e+01 0.000000000000000000e+00 -1.221539917064617953e-01 -2.337872174445543294e-01 0.000000000000000000e+00 1.569000000000000057e+02
-5.727559892452419810e+00 -1.515814535019877418e+01 0.000000000000000000e+00 -1.221539917064617953e-01 -2.337872174445365658e-01 0.000000000000000000e+00 1.570000000000000000e+02
-5.739775291623065989e+00 -1.518152407194322961e+01 0.000000000000000000e+00 -1.221539917064617953e-01 -2.337872174445543294e-01 0.000000000000000000e+00 1.571000000000000227e+02
-5.751990690793712169e+00 -1.520490279368768327e+01 0.000000000000000000e+00 -1.221539917064617953e-01 -2.337872174445365658e-01 0.000000000000000000e+00 1.572000000000000171e+02
-5.764765342732922626e+00 -1.523001563112166323e+01 0.000000000000000000e+00 -1.277465193921045739e-01 -2.511283743397996204e-01 0.000000000000000000e+00 1.573000000000000114e+02
-5.777869608559447201e+00 -1.525615052628267421e+01 0.000000000000000000e+00 -1.310426582652457483e-01 -2.613489516101097365e-01 0.000000000000000000e+00 1.574000000000000057e+02
-5.790973874385970888e+00 -1.528228542144368518e+01 0.000000000000000000e+00 -1.310426582652368666e-01 -2.613489516101097365e-01 0.000000000000000000e+00 1.575000000000000000e+02
-5.804078140212494574e+00 -1.530842031660469615e+01 0.000000000000000000e+00 -1.310426582652368666e-01 -2.613489516101097365e-01 0.000000000000000000e+00 1.576000000000000227e+02
-5.817182406039018261e+00 -1.533455521176570713e+01 0.000000000000000000e+00 -1.310426582652368666e-01 -2.613489516101097365e-01 0.000000000000000000e+00 1.577000000000000171e+02
-5.830286671865542836e+00 -1.536069010692671810e+01 0.000000000000000000e+00 -1.310426582652457483e-01 -2.613489516101097365e-01 0.000000000000000000e+00 1.578000000000000114e+02
-5.843084541933142972e+00 -1.538896706001322734e+01 0.000000000000000000e+00 -1.279787006760013668e-01 -2.827695308650923778e-01 0.000000000000000000e+00 1.579000000000000057e+02
-5.854910766644453091e+00 -1.542403692904453116e+01 0.000000000000000000e+00 -1.182622471131011821e-01 -3.506986903130382416e-01 0.000000000000000000e+00 1.580000000000000000e+02
-5.866736991355764097e+00 -1.545910679807583676e+01 0.000000000000000000e+00 -1.182622471131100639e-01 -3.506986903130560052e-01 0.000000000000000000e+00 1.581000000000000227e+02
-5.878563216067075103e+00 -1.549417666710714059e+01 0.000000000000000000e+00 -1.182622471131100639e-01 -3.506986903130382416e-01 0.000000000000000000e+00 1.582000000000000171e+02
-5.890389440778386110e+00 -1.552924653613844619e+01 0.000000000000000000e+00 -1.182622471131100639e-01 -3.506986903130560052e-01 0.000000000000000000e+00 1.583000000000000114e+02
-5.902215665489697116e+00 -1.556431640516975179e+01 0.000000000000000000e+00 -1.182622471131100639e-01 -3.506986903130560052e-01 0.000000000000000000e+00 1.584000000000000057e+02
-5.914041890201008123e+00 -1.559938627420105561e+01 0.000000000000000000e+00 -1.182622471131100639e-01 -3.506986903130382416e-01 0.000000000000000000e+00 1.585000000000000000e+02
-5.925868114912319129e+00 -1.563445614323236121e+01 0.000000000000000000e+00 -1.182622471131100639e-01 -3.506986903130560052e-01 0.000000000000000000e+00 1.586000000000000227e+02
-5.937694339623629247e+00 -1.566952601226366681e+01 0.000000000000000000e+00 -1.182622471131011821e-01 -3.506986903130560052e-01 0.000000000000000000e+00 1.587000000000000171e+02
-5.949520564334940254e+00 -1.570459588129497064e+01 0.000000000000000000e+00 -1.182622471131100639e-01 -3.506986903130382416e-01 0.000000000000000000e+00 1.588000000000000114e+02
-5.957516925938832308e+00 -1.573548098317811750e+01 0.000000000000000000e+00 -7.996361603892054859e-02 -3.088510188314685934e-01 0.000000000000000000e+00 1.589000000000000057e+02
-5.965155177055015301e+00 -1.576597478935111774e+01 0.000000000000000000e+00 -7.638251116182992462e-02 -3.049380617300023744e-01 0.000000000000000000e+00 1.590000000000000000e+02
-5.972793428171197405e+00 -1.579646859552411975e+01 0.000000000000000000e+00 -7.638251116182104283e-02 -3.049380617300201379e-01 0.000000000000000000e+00 1.591000000000000227e+02
-5.980431679287380398e+00 -1.582696240169711999e+01 0.000000000000000000e+00 -7.638251116182992462e-02 -3.049380617300023744e-01 0.000000000000000000e+00 1.592000000000000171e+02
-5.988069930403563390e+00 -1.585745620787012022e+01 0.000000000000000000e+00 -7.638251116182992462e-02 -3.049380617300023744e-01 0.000000000000000000e+00 1.593000000000000114e+02
-5.995708181519746383e+00 -1.588795001404312224e+01 0.000000000000000000e+00 -7.638251116182992462e-02 -3.049380617300201379e-01 0.000000000000000000e+00 1.594000000000000057e+02
-6.003346432635929375e+00 -1.591844382021612248e+01 0.000000000000000000e+00 -7.638251116182992462e-02 -3.049380617300023744e-01 0.000000000000000000e+00 1.595000000000000000e+02
-6.010709047639794633e+00 -1.594688351245993374e+01 0.000000000000000000e+00 -7.362615003865258245e-02 -2.843969224381126537e-01 0.000000000000000000e+00 1.596000000000000227e+02
-6.017785836450604720e+00 -1.597319315157119668e+01 0.000000000000000000e+00 -7.076788810810086261e-02 -2.630963911126293908e-01 0.000000000000000000e+00 1.597000000000000171e+02
-6.024862625261414806e+00 -1.599950279068245962e+01 0.000000000000000000e+00 -7.076788810810086261e-02 -2.630963911126293908e-01 0.000000000000000000e+00 1.598000000000000114e+02
-6.031939414072224892e+00 -1.602581242979372433e+01 0.000000000000000000e+00 -7.076788810810086261e-02 -2.630963911126471544e-01 0.000000000000000000e+00 1.599000000000000057e+02
-6.039016202883034090e+00 -1.605212206890498550e+01 0.000000000000000000e+00 -7.076788810809198083e-02 -2.630963911126116272e-01 0.000000000000000000e+00 1.600000000000000000e+02
-6.046092991693844176e+00 -1.607843170801625021e+01 0.000000000000000000e+00 -7.076788810810086261e-02 -2.630963911126471544e-01 0.000000000000000000e+00 1.601000000000000227e+02
-6.053583128219658605e+00 -1.610601820652440708e+01 0.000000000000000000e+00 -7.490136525814428126e-02 -2.758649850815686477e-01 0.000000000000000000e+00 1.602000000000000171e+02
-6.061803017535441818e+00 -1.613585896137282205e+01 0.000000000000000000e+00 -8.219889315783213135e-02 -2.984075484841497428e-01 0.000000000000000000e+00 1.603000000000000114e+02
-6.070022906851224143e+00 -1.616569971622123703e+01 0.000000000000000000e+00 -8.219889315782324957e-02 -2.984075484841497428e-01 0.000000000000000000e+00 1.604000000000000057e+02
-6.078242796167007356e+00 -1.619554047106965200e+01 0.000000000000000000e+00 -8.219889315783213135e-02 -2.984075484841497428e-01 0.000000000000000000e+00 1.605000000000000000e+02
-6.086462685482789681e+00 -1.622538122591806697e+01 0.000000000000000000e+00 -8.219889315782324957e-02 -2.984075484841497428e-01 0.000000000000000000e+00 1.606000000000000227e+02
-6.094682574798572894e+00 -1.625522198076648550e+01 0.000000000000000000e+00 -8.219889315783213135e-02 -2.984075484841852699e-01 0.000000000000000000e+00 1.607000000000000171e+02
-6.102902464114355219e+00 -1.628506273561490048e+01 0.000000000000000000e+00 -8.219889315782324957e-02 -2.984075484841497428e-01 0.000000000000000000e+00 1.608000000000000114e+02
-6.112201188250550921e+00 -1.631898281982114440e+01 0.000000000000000000e+00 -9.298724136195701817e-02 -3.392008420624392784e-01 0.000000000000000000e+00 1.609000000000000057e+02
-6.122544914298861052e+00 -1.635685430316506483e+01 0.000000000000000000e+00 -1.034372604831013120e-01 -3.787148334392043125e-01 0.000000000000000000e+00 1.610000000000000000e+02
-6.132888640347170295e+00 -1.639472578650898171e+01 0.000000000000000000e+00 -1.034372604830924303e-01 -3.787148334391687854e-01 0.000000000000000000e+00 1.611000000000000227e+02
-6.143232366395479538e+00 -1.643259726985290214e+01 0.000000000000000000e+00 -1.034372604830924303e-01 -3.787148334392043125e-01 0.000000000000000000e+00 1.612000000000000171e+02
-6.153576092443789669e+00 -1.647046875319681902e+01 0.000000000000000000e+00 -1.034372604831013120e-01 -3.787148334391687854e-01 0.000000000000000000e+00 1.613000000000000114e+02
-6.163919818492098912e+00 -1.650834023654073945e+01 0.000000000000000000e+00 -1.034372604830924303e-01 -3.787148334392043125e-01 0.000000000000000000e+00 1.614000000000000057e+02
-6.174263544540408155e+00 -1.654621171988465989e+01 0.000000000000000000e+00 -1.034372604830924303e-01 -3.787148334392043125e-01 0.000000000000000000e+00 1.615000000000000000e+02
-6.184607270588718286e+00 -1.658408320322857676e+01 0.000000000000000000e+00 -1.034372604831013120e-01 -3.787148334391687854e-01 0.000000000000000000e+00 1.616000000000000227e+02
-6.194950996637027529e+00 -1.662195468657249720e+01 0.000000000000000000e+00 -1.034372604830924303e-01 -3.787148334392043125e-01 0.000000000000000000e+00 1.617000000000000171e+02
-6.205294722685336772e+00 -1.665982616991641763e+01 0.000000000000000000e+00 -1.034372604830924303e-01 -3.787148334392043125e-01 0.000000000000000000e+00 1.618000000000000114e+02
-6.213985578144880506e+00 -1.669391837518289989e+01 0.000000000000000000e+00 -8.690855459543733730e-02 -3.409220526648226723e-01 0.000000000000000000e+00 1.619000000000000057e+02
-6.221346919466527403e+00 -1.672497065483806011e+01 0.000000000000000000e+00 -7.361341321646897029e-02 -3.105227965516021982e-01 0.000000000000000000e+00 1.620000000000000000e+02
-6.228708260788175188e+00 -1.675602293449322033e+01 0.000000000000000000e+00 -7.361341321647785207e-02 -3.105227965516021982e-01 0.000000000000000000e+00 1.621000000000000227e+02
-6.236069602109822085e+00 -1.678707521414838055e+01 0.000000000000000000e+00 -7.361341321646897029e-02 -3.105227965516021982e-01 0.000000000000000000e+00 1.622000000000000171e+02
-6.243430943431469871e+00 -1.681812749380354433e+01 0.000000000000000000e+00 -7.361341321647785207e-02 -3.105227965516377253e-01 0.000000000000000000e+00 1.623000000000000114e+02
-6.250792284753116768e+00 -1.684917977345870455e+01 0.000000000000000000e+00 -7.361341321646897029e-02 -3.105227965516021982e-01 0.000000000000000000e+00 1.624000000000000057e+02
-6.258153626074764553e+00 -1.688023205311386477e+01 0.000000000000000000e+00 -7.361341321647785207e-02 -3.105227965516021982e-01 0.000000000000000000e+00 1.625000000000000000e+02
-6.260941200808842311e+00 -1.690968807231571702e+01 0.000000000000000000e+00 -2.787574734077757910e-02 -2.945601920185225708e-01 0.000000000000000000e+00 1.626000000000000227e+02
-6.260969156141081626e+00 -1.693818097474434126e+01 0.000000000000000000e+00 -2.795533223931556677e-04 -2.849290242862423383e-01 0.000000000000000000e+00 1.627000000000000171e+02
-6.260997111473320942e+00 -1.696667387717296194e+01 0.000000000000000000e+00 -2.795533223931556677e-04 -2.849290242862068112e-01 0.000000000000000000e+00 1.628000000000000114e+02
-6.261025066805560257e+00 -1.699516677960158262e+01 0.000000000000000000e+00 -2.795533223931556677e-04 -2.849290242862068112e-01 0.000000000000000000e+00 1.629000000000000057e+02
-6.261053022137799573e+00 -1.702365968203020685e+01 0.000000000000000000e+00 -2.795533223931556677e-04 -2.849290242862423383e-01 0.000000000000000000e+00 1.630000000000000000e+02
-6.261080977470038889e+00 -1.705215258445882753e+01 0.000000000000000000e+00 -2.795533223931556677e-04 -2.849290242862068112e-01 0.000000000000000000e+00 1.631000000000000227e+02
-6.257402426890929625e+00 -1.707799987618720294e+01 0.000000000000000000e+00 3.678550579109263197e-02 -2.584729172837541000e-01 0.000000000000000000e+00 1.632000000000000171e+02
-6.238388447668798520e+00 -1.709290112463890310e+01 0.000000000000000000e+00 1.901397922213110547e-01 -1.490124845170015533e-01 0.000000000000000000e+00 1.633000000000000114e+02
-6.219374468446668303e+00 -1.710780237309060325e+01 0.000000000000000000e+00 1.901397922213021729e-01 -1.490124845170015533e-01 0.000000000000000000e+00 1.634000000000000057e+02
-6.200360489224537197e+00 -1.712270362154230341e+01 0.000000000000000000e+00 1.901397922213110547e-01 -1.490124845170015533e-01 0.000000000000000000e+00 1.635000000000000000e+02
-6.181346510002406980e+00 -1.713760486999400712e+01 0.000000000000000000e+00 1.901397922213021729e-01 -1.490124845170370804e-01 0.000000000000000000e+00 1.636000000000000227e+02
-6.162332530780275874e+00 -1.715250611844570727e+01 0.000000000000000000e+00 1.901397922213110547e-01 -1.490124845170015533e-01 0.000000000000000000e+00 1.637000000000000171e+02
-6.143318551558144769e+00 -1.716740736689740743e+01 0.000000000000000000e+00 1.901397922213110547e-01 -1.490124845170015533e-01 0.000000000000000000e+00 1.638000000000000114e+02
-6.121949313321442432e+00 -1.718132589707830959e+01 0.000000000000000000e+00 2.136923823670233702e-01 -1.391853018090216665e-01 0.000000000000000000e+00 1.639000000000000057e+02
-6.099552333501084611e+00 -1.719481560799743391e+01 0.000000000000000000e+00 2.239697982035782076e-01 -1.348971091912432030e-01 0.000000000000000000e+00 1.640000000000000000e+02
-6.077155353680726790e+00 -1.720830531891656179e+01 0.000000000000000000e+00 2.239697982035782076e-01 -1.348971091912787301e-01 0.000000000000000000e+00 1.641000000000000227e+02
-6.054758373860368970e+00 -1.722179502983568611e+01 0.000000000000000000e+00 2.239697982035782076e-01 -1.348971091912432030e-01 0.000000000000000000e+00 1.642000000000000171e+02
-6.032361394040012037e+00 -1.723528474075481043e+01 0.000000000000000000e+00 2.239697982035693258e-01 -1.348971091912432030e-01 0.000000000000000000e+00 1.643000000000000114e+02
-6.009964414219654216e+00 -1.724877445167393830e+01 0.000000000000000000e+00 2.239697982035782076e-01 -1.348971091912787301e-01 0.000000000000000000e+00 1.644000000000000057e+02
-5.987664485821193594e+00 -1.726300392207451395e+01 0.000000000000000000e+00 2.229992839846062225e-01 -1.422947040057565005e-01 0.000000000000000000e+00 1.645000000000000000e+02
-5.965446070436114745e+00 -1.727785471283631580e+01 0.000000000000000000e+00 2.221841538507884906e-01 -1.485079076180184643e-01 0.000000000000000000e+00 1.646000000000000227e+02
-5.943227655051036784e+00 -1.729270550359812120e+01 0.000000000000000000e+00 2.221841538507796088e-01 -1.485079076180539914e-01 0.000000000000000000e+00 1.647000000000000171e+02
-5.921009239665957935e+00 -1.730755629435992304e+01 0.000000000000000000e+00 2.221841538507884906e-01 -1.485079076180184643e-01 0.000000000000000000e+00 1.648000000000000114e+02
-5.898790824280879086e+00 -1.732240708512172844e+01 0.000000000000000000e+00 2.221841538507884906e-01 -1.485079076180539914e-01 0.000000000000000000e+00 1.649000000000000057e+02
-5.876572408895801125e+00 -1.733725787588353029e+01 0.000000000000000000e+00 2.221841538507796088e-01 -1.485079076180184643e-01 0.000000000000000000e+00 1.650000000000000000e+02
-5.855526116446391427e+00 -1.735590662338615431e+01 0.000000000000000000e+00 2.104629244940969812e-01 -1.864874750262401903e-01 0.000000000000000000e+00 1.651000000000000227e+02
-5.835355818493382252e+00 -1.737739380114321364e+01 0.000000000000000000e+00 2.017029795300917527e-01 -2.148717775705932809e-01 0.000000000000000000e+00 1.652000000000000171e+02
-5.815185520540373076e+00 -1.739888097890027296e+01 0.000000000000000000e+00 2.017029795300917527e-01 -2.148717775705932809e-01 0.000000000000000000e+00 1.653000000000000114e+02
-5.795015222587363013e+00 -1.742036815665733229e+01 0.000000000000000000e+00 2.017029795301006345e-01 -2.148717775705932809e-01 0.000000000000000000e+00 1.654000000000000057e+02
-5.774844924634353838e+00 -1.744185533441439162e+01 0.000000000000000000e+00 2.017029795300917527e-01 -2.148717775705932809e-01 0.000000000000000000e+00 1.655000000000000000e+02
-5.754674626681343774e+00 -1.746334251217145095e+01 0.000000000000000000e+00 2.017029795301006345e-01 -2.148717775705932809e-01 0.000000000000000000e+00 1.656000000000000227e+02
-5.734504328728334599e+00 -1.748482968992851028e+01 0.000000000000000000e+00 2.017029795300917527e-01 -2.148717775705932809e-01 0.000000000000000000e+00 1.657000000000000171e+02
-5.728993033076175578e+00 -1.751210822630019592e+01 0.000000000000000000e+00 5.511295652159020619e-02 -2.727853637168564660e-01 0.000000000000000000e+00 1.658000000000000114e+02
-5.738125236815056596e+00 -1.754517199652381620e+01 0.000000000000000000e+00 -9.132203738881017330e-02 -3.306377022362028129e-01 0.000000000000000000e+00 1.659000000000000057e+02
-5.747257440553937613e+00 -1.757823576674743649e+01 0.000000000000000000e+00 -9.132203738881017330e-02 -3.306377022362028129e-01 0.000000000000000000e+00 1.660000000000000000e+02
-5.756389644292818630e+00 -1.761129953697106032e+01 0.000000000000000000e+00 -9.132203738881017330e-02 -3.306377022362383400e-01 0.000000000000000000e+00 1.661000000000000227e+02
-5.765521848031699648e+00 -1.764436330719468060e+01 0.000000000000000000e+00 -9.132203738881017330e-02 -3.306377022362028129e-01 0.000000000000000000e+00 1.662000000000000171e+02
-5.774654051770580665e+00 -1.767742707741830444e+01 0.000000000000000000e+00 -9.132203738881017330e-02 -3.306377022362383400e-01 0.000000000000000000e+00 1.663000000000000114e+02
-5.783786255509461682e+00 -1.771049084764192472e+01 0.000000000000000000e+00 -9.132203738881017330e-02 -3.306377022362028129e-01 0.000000000000000000e+00 1.664000000000000057e+02
-5.792918459248342700e+00 -1.774355461786554500e+01 0.000000000000000000e+00 -9.132203738881017330e-02 -3.306377022362028129e-01 0.000000000000000000e+00 1.665000000000000000e+02
-5.802050662987223717e+00 -1.777661838808916883e+01 0.000000000000000000e+00 -9.132203738881017330e-02 -3.306377022362383400e-01 0.000000000000000000e+00 1.666000000000000227e+02
-5.811615718747795256e+00 -1.780787748259726300e+01 0.000000000000000000e+00 -9.565055760571539167e-02 -3.125909450809416512e-01 0.000000000000000000e+00 1.667000000000000171e+02
-5.822092651554912734e+00 -1.783533471808891591e+01 0.000000000000000000e+00 -1.047693280711747832e-01 -2.745723549165290933e-01 0.000000000000000000e+00 1.668000000000000114e+02
-5.832569584362029325e+00 -1.786279195358057237e+01 0.000000000000000000e+00 -1.047693280711659014e-01 -2.745723549165646205e-01 0.000000000000000000e+00 1.669000000000000057e+02
-5.843046517169145915e+00 -1.789024918907222883e+01 0.000000000000000000e+00 -1.047693280711659014e-01 -2.745723549165646205e-01 0.000000000000000000e+00 1.670000000000000000e+02
-5.853523449976262505e+00 -1.791770642456388174e+01 0.000000000000000000e+00 -1.047693280711659014e-01 -2.745723549165290933e-01 0.000000000000000000e+00 1.671000000000000227e+02
-5.864000382783379095e+00 -1.794516366005553820e+01 0.000000000000000000e+00 -1.047693280711659014e-01 -2.745723549165646205e-01 0.000000000000000000e+00 1.672000000000000171e+02
-5.874477315590496573e+00 -1.797262089554719466e+01 0.000000000000000000e+00 -1.047693280711747832e-01 -2.745723549165646205e-01 0.000000000000000000e+00 1.673000000000000114e+02
-5.884521440873700548e+00 -1.799965722447911887e+01 0.000000000000000000e+00 -1.004412528320397513e-01 -2.703632893192420283e-01 0.000000000000000000e+00 1.674000000000000057e+02
-5.893656795793576819e+00 -1.802580977162334008e+01 0.000000000000000000e+00 -9.135354919876270685e-02 -2.615254714422121651e-01 0.000000000000000000e+00 1.675000000000000000e+02
-5.902792150713453090e+00 -1.805196231876756130e+01 0.000000000000000000e+00 -9.135354919876270685e-02 -2.615254714422121651e-01 0.000000000000000000e+00 1.676000000000000227e+02
-5.911927505633330249e+00 -1.807811486591178252e+01 0.000000000000000000e+00 -9.135354919877158864e-02 -2.615254714422121651e-01 0.000000000000000000e+00 1.677000000000000171e+02
-5.921062860553206519e+00 -1.810426741305600373e+01 0.000000000000000000e+00 -9.135354919876270685e-02 -2.615254714422121651e-01 0.000000000000000000e+00 1.678000000000000114e+02
-5.930198215473082790e+00 -1.813041996020022495e+01 0.000000000000000000e+00 -9.135354919876270685e-02 -2.615254714422121651e-01 0.000000000000000000e+00 1.679000000000000057e+02
-5.939333570392959061e+00 -1.815657250734444617e+01 0.000000000000000000e+00 -9.135354919876270685e-02 -2.615254714422121651e-01 0.000000000000000000e+00 1.680000000000000000e+02
-5.947879115092538527e+00 -1.818113074091441561e+01 0.000000000000000000e+00 -8.545544699579465941e-02 -2.455823356996944540e-01 0.000000000000000000e+00 1.681000000000000227e+02
-5.956201330515188630e+00 -1.820508529403687703e+01 0.000000000000000000e+00 -8.322215422650103278e-02 -2.395455312246141943e-01 0.000000000000000000e+00 1.682000000000000171e+02
-5.964523545937838733e+00 -1.822903984715933845e+01 0.000000000000000000e+00 -8.322215422650103278e-02 -2.395455312246141943e-01 0.000000000000000000e+00 1.683000000000000114e+02
-5.972845761360489725e+00 -1.825299440028179987e+01 0.000000000000000000e+00 -8.322215422650991457e-02 -2.395455312246141943e-01 0.000000000000000000e+00 1.684000000000000057e+02
-5.981167976783139828e+00 -1.827694895340426129e+01 0.000000000000000000e+00 -8.322215422650103278e-02 -2.395455312246141943e-01 0.000000000000000000e+00 1.685000000000000000e+02
-5.989490192205789931e+00 -1.830090350652672271e+01 0.000000000000000000e+00 -8.322215422650103278e-02 -2.395455312246141943e-01 0.000000000000000000e+00 1.686000000000000227e+02
-5.998665383155501019e+00 -1.832734969314374496e+01 0.000000000000000000e+00 -9.175190949711087285e-02 -2.644618661702224927e-01 0.000000000000000000e+00 1.687000000000000171e+02
-6.008062576838883118e+00 -1.835444437368532888e+01 0.000000000000000000e+00 -9.397193683382099039e-02 -2.709468054158392647e-01 0.000000000000000000e+00 1.688000000000000114e+02
-6.017459770522265217e+00 -1.838153905422691636e+01 0.000000000000000000e+00 -9.397193683382099039e-02 -2.709468054158747918e-01 0.000000000000000000e+00 1.689000000000000057e+02
-6.026856964205648204e+00 -1.840863373476850029e+01 0.000000000000000000e+00 -9.397193683382987217e-02 -2.709468054158392647e-01 0.000000000000000000e+00 1.690000000000000000e+02
-6.036254157889030303e+00 -1.843572841531008422e+01 0.000000000000000000e+00 -9.397193683382099039e-02 -2.709468054158392647e-01 0.000000000000000000e+00 1.691000000000000227e+02
-6.045651351572412402e+00 -1.846282309585166814e+01 0.000000000000000000e+00 -9.397193683382099039e-02 -2.709468054158392647e-01 0.000000000000000000e+00 1.692000000000000171e+02
-6.055456152804193692e+00 -1.849079681649288531e+01 0.000000000000000000e+00 -9.804801231781290483e-02 -2.797372064121717017e-01 0.000000000000000000e+00 1.693000000000000114e+02
-6.066964662387092311e+00 -1.852244472806749087e+01 0.000000000000000000e+00 -1.150850958289861836e-01 -3.164791157460555837e-01 0.000000000000000000e+00 1.694000000000000057e+02
-6.078473171969990929e+00 -1.855409263964209643e+01 0.000000000000000000e+00 -1.150850958289861836e-01 -3.164791157460555837e-01 0.000000000000000000e+00 1.695000000000000000e+02
-6.089981681552889548e+00 -1.858574055121669844e+01 0.000000000000000000e+00 -1.150850958289861836e-01 -3.164791157460200566e-01 0.000000000000000000e+00 1.696000000000000227e+02
-6.101490191135788166e+00 -1.861738846279130399e+01 0.000000000000000000e+00 -1.150850958289861836e-01 -3.164791157460555837e-01 0.000000000000000000e+00 1.697000000000000171e+02
-6.112998700718686784e+00 -1.864903637436590955e+01 0.000000000000000000e+00 -1.150850958289861836e-01 -3.164791157460555837e-01 0.000000000000000000e+00 1.698000000000000114e+02
-6.124507210301585403e+00 -1.868068428594051511e+01 0.000000000000000000e+00 -1.150850958289861836e-01 -3.164791157460555837e-01 0.000000000000000000e+00 1.699000000000000057e+02
-6.136015719884484021e+00 -1.871233219751512067e+01 0.000000000000000000e+00 -1.150850958289861836e-01 -3.164791157460555837e-01 0.000000000000000000e+00 1.700000000000000000e+02
-6.147515730784119725e+00 -1.874403171983820471e+01 0.000000000000000000e+00 -1.150001089963570422e-01 -3.169952232308403950e-01 0.000000000000000000e+00 1.701000000000000227e+02
-6.158863423140034321e+00 -1.877665624122357713e+01 0.000000000000000000e+00 -1.134769235591459591e-01 -3.262452138537241808e-01 0.000000000000000000e+00 1.702000000000000171e+02
-6.170211115495949805e+00 -1.880928076260894954e+01 0.000000000000000000e+00 -1.134769235591548409e-01 -3.262452138537241808e-01 0.000000000000000000e+00 1.703000000000000114e+02
-6.181558807851865289e+00 -1.884190528399431841e+01 0.000000000000000000e+00 -1.134769235591548409e-01 -3.262452138536886537e-01 0.000000000000000000e+00 1.704000000000000057e+02
-6.192906500207780773e+00 -1.887452980537969083e+01 0.000000000000000000e+00 -1.134769235591548409e-01 -3.262452138537241808e-01 0.000000000000000000e+00 1.705000000000000000e+02
-6.204254192563696257e+00 -1.890715432676506325e+01 0.000000000000000000e+00 -1.134769235591548409e-01 -3.262452138537241808e-01 0.000000000000000000e+00 1.706000000000000227e+02
-6.215601884919610853e+00 -1.893977884815043211e+01 0.000000000000000000e+00 -1.134769235591459591e-01 -3.262452138536886537e-01 0.000000000000000000e+00 1.707000000000000171e+02
-6.226949577275526337e+00 -1.897240336953580453e+01 0.000000000000000000e+00 -1.134769235591548409e-01 -3.262452138537241808e-01 0.000000000000000000e+00 1.708000000000000114e+02
-6.238297269631441822e+00 -1.900502789092117695e+01 0.000000000000000000e+00 -1.134769235591548409e-01 -3.262452138537241808e-01 0.000000000000000000e+00 1.709000000000000057e+02
-6.243490226727780090e+00 -1.903567006367087444e+01 0.000000000000000000e+00 -5.192957096338268741e-02 -3.064217274969749383e-01 0.000000000000000000e+00 1.710000000000000000e+02
-6.244927349444961528e+00 -1.906510253805933885e+01 0.000000000000000000e+00 -1.437122717181438247e-02 -2.943247438846441355e-01 0.000000000000000000e+00 1.711000000000000227e+02
-6.246364472162142967e+00 -1.909453501244780682e+01 0.000000000000000000e+00 -1.437122717181438247e-02 -2.943247438846796626e-01 0.000000000000000000e+00 1.712000000000000171e+02
-6.247801594879323517e+00 -1.912396748683627123e+01 0.000000000000000000e+00 -1.437122717180550069e-02 -2.943247438846441355e-01 0.000000000000000000e+00 1.713000000000000114e+02
-6.249238717596504955e+00 -1.915339996122473920e+01 0.000000000000000000e+00 -1.437122717181438247e-02 -2.943247438846796626e-01 0.000000000000000000e+00 1.714000000000000057e+02
-6.250675840313686393e+00 -1.918283243561320361e+01 0.000000000000000000e+00 -1.437122717181438247e-02 -2.943247438846441355e-01 0.000000000000000000e+00 1.715000000000000000e+02
-6.252097851528342076e+00 -1.921231456562931683e+01 0.000000000000000000e+00 -1.422011214655682920e-02 -2.948213001611321715e-01 0.000000000000000000e+00 1.716000000000000227e+02
-6.252918192890319027e+00 -1.924377375213738262e+01 0.000000000000000000e+00 -8.203413619769506226e-03 -3.145918650806578398e-01 0.000000000000000000e+00 1.717000000000000171e+02
-6.253738534252295977e+00 -1.927523293864544485e+01 0.000000000000000000e+00 -8.203413619769506226e-03 -3.145918650806223127e-01 0.000000000000000000e+00 1.718000000000000114e+02
-6.254558875614272928e+00 -1.930669212515351063e+01 0.000000000000000000e+00 -8.203413619769506226e-03 -3.145918650806578398e-01 0.000000000000000000e+00 1.719000000000000057e+02
-6.255379216976249879e+00 -1.933815131166157286e+01 0.000000000000000000e+00 -8.203413619769506226e-03 -3.145918650806223127e-01 0.000000000000000000e+00 1.720000000000000000e+02
-6.256199558338226829e+00 -1.936961049816963865e+01 0.000000000000000000e+00 -8.203413619769506226e-03 -3.145918650806578398e-01 0.000000000000000000e+00 1.721000000000000227e+02
-6.257019899700203780e+00 -1.940106968467770088e+01 0.000000000000000000e+00 -8.203413619769506226e-03 -3.145918650806223127e-01 0.000000000000000000e+00 1.722000000000000171e+02
-6.257832209711470028e+00 -1.943264048470043193e+01 0.000000000000000000e+00 -8.123100112662484662e-03 -3.157080002273104924e-01 0.000000000000000000e+00 1.723000000000000114e+02
-6.258142257223884286e+00 -1.947119134135360241e+01 0.000000000000000000e+00 -3.100475124142576533e-03 -3.855085665317048438e-01 0.000000000000000000e+00 1.724000000000000057e+02
-6.258452304736299432e+00 -1.950974219800677645e+01 0.000000000000000000e+00 -3.100475124151458317e-03 -3.855085665317403709e-01 0.000000000000000000e+00 1.725000000000000000e+02
-6.258762352248713690e+00 -1.954829305465995049e+01 0.000000000000000000e+00 -3.100475124142576533e-03 -3.855085665317403709e-01 0.000000000000000000e+00 1.726000000000000227e+02
-6.259072399761128835e+00 -1.958684391131312097e+01 0.000000000000000000e+00 -3.100475124151458317e-03 -3.855085665317048438e-01 0.000000000000000000e+00 1.727000000000000171e+02
-6.259382447273543093e+00 -1.962539476796629501e+01 0.000000000000000000e+00 -3.100475124142576533e-03 -3.855085665317403709e-01 0.000000000000000000e+00 1.728000000000000114e+02
-6.259692494785958239e+00 -1.966394562461946904e+01 0.000000000000000000e+00 -3.100475124151458317e-03 -3.855085665317403709e-01 0.000000000000000000e+00 1.729000000000000057e+02
-6.260002542298372497e+00 -1.970249648127263953e+01 0.000000000000000000e+00 -3.100475124142576533e-03 -3.855085665317048438e-01 0.000000000000000000e+00 1.730000000000000000e+02
-6.260312589810787642e+00 -1.974104733792581357e+01 0.000000000000000000e+00 -3.100475124151458317e-03 -3.855085665317403709e-01 0.000000000000000000e+00 1.731000000000000227e+02
-6.260622637323201900e+00 -1.977959819457898405e+01 0.000000000000000000e+00 -3.100475124142576533e-03 -3.855085665317048438e-01 0.000000000000000000e+00 1.732000000000000171e+02
-6.260701376845027255e+00 -1.981617996243562274e+01 0.000000000000000000e+00 -7.873952182535504107e-04 -3.658176785663869168e-01 0.000000000000000000e+00 1.733000000000000114e+02
-6.260102159187444393e+00 -1.984699038671220350e+01 0.000000000000000000e+00 5.992176575828622731e-03 -3.081042427658076122e-01 0.000000000000000000e+00 1.734000000000000057e+02
-6.259502941529861531e+00 -1.987780081098878071e+01 0.000000000000000000e+00 5.992176575828622731e-03 -3.081042427657720850e-01 0.000000000000000000e+00 1.735000000000000000e+02
-6.258903723872278668e+00 -1.990861123526536147e+01 0.000000000000000000e+00 5.992176575828622731e-03 -3.081042427658076122e-01 0.000000000000000000e+00 1.736000000000000227e+02
-6.258304506214695806e+00 -1.993942165954194223e+01 0.000000000000000000e+00 5.992176575828622731e-03 -3.081042427658076122e-01 0.000000000000000000e+00 1.737000000000000171e+02
-6.257705288557112944e+00 -1.997023208381851944e+01 0.000000000000000000e+00 5.992176575828622731e-03 -3.081042427657720850e-01 0.000000000000000000e+00 1.738000000000000114e+02
-6.257106070899530081e+00 -2.000104250809510020e+01 0.000000000000000000e+00 5.992176575828622731e-03 -3.081042427658076122e-01 0.000000000000000000e+00 1.739000000000000057e+02
-6.256525609276846644e+00 -2.003103988655665901e+01 0.000000000000000000e+00 5.804616226834369286e-03 -2.999737846155881016e-01 0.000000000000000000e+00 1.740000000000000000e+02
-6.256025555930156301e+00 -2.005755168756857998e+01 0.000000000000000000e+00 5.000533466903434032e-03 -2.651180101192096572e-01 0.000000000000000000e+00 1.741000000000000227e+02
-6.255525502583465958e+00 -2.008406348858049739e+01 0.000000000000000000e+00 5.000533466903434032e-03 -2.651180101191741301e-01 0.000000000000000000e+00 1.742000000000000171e+02
-6.255025449236774726e+00 -2.011057528959241480e+01 0.000000000000000000e+00 5.000533466912315816e-03 -2.651180101191741301e-01 0.000000000000000000e+00 1.743000000000000114e+02
-6.254525395890084383e+00 -2.013708709060433222e+01 0.000000000000000000e+00 5.000533466903434032e-03 -2.651180101191741301e-01 0.000000000000000000e+00 1.744000000000000057e+02
-6.254025342543394039e+00 -2.016359889161625318e+01 0.000000000000000000e+00 5.000533466903434032e-03 -2.651180101192096572e-01 0.000000000000000000e+00 1.745000000000000000e+02
-6.253525289196703696e+00 -2.019011069262817060e+01 0.000000000000000000e+00 5.000533466903434032e-03 -2.651180101191741301e-01 0.000000000000000000e+00 1.746000000000000227e+02
-6.252825759373458858e+00 -2.021333896601430524e+01 0.000000000000000000e+00 6.995298232448377007e-03 -2.322827338613464576e-01 0.000000000000000000e+00 1.747000000000000171e+02
-6.252116709713314791e+00 -2.023641053597359729e+01 0.000000000000000000e+00 7.090496601440676727e-03 -2.307156995929204868e-01 0.000000000000000000e+00 1.748000000000000114e+02
-6.251407660053170723e+00 -2.025948210593288579e+01 0.000000000000000000e+00 7.090496601440676727e-03 -2.307156995928849597e-01 0.000000000000000000e+00 1.749000000000000057e+02
-6.250698610393026655e+00 -2.028255367589217428e+01 0.000000000000000000e+00 7.090496601440676727e-03 -2.307156995928849597e-01 0.000000000000000000e+00 1.750000000000000000e+02
-6.249989560732882588e+00 -2.030562524585146278e+01 0.000000000000000000e+00 7.090496601440676727e-03 -2.307156995928849597e-01 0.000000000000000000e+00 1.751000000000000227e+02
-6.248552872128047220e+00 -2.033020605500021460e+01 0.000000000000000000e+00 1.436688604835367755e-02 -2.458080914875182543e-01 0.000000000000000000e+00 1.752000000000000171e+02
-6.246595145310938513e+00 -2.035586758047800870e+01 0.000000000000000000e+00 1.957726817108706996e-02 -2.566152547779410042e-01 0.000000000000000000e+00 1.753000000000000114e+02
-6.244637418493829806e+00 -2.038152910595580281e+01 0.000000000000000000e+00 1.957726817108706996e-02 -2.566152547779410042e-01 0.000000000000000000e+00 1.754000000000000057e+02
-6.242679691676721099e+00 -2.040719063143359335e+01 0.000000000000000000e+00 1.957726817108706996e-02 -2.566152547779054771e-01 0.000000000000000000e+00 1.755000000000000000e+02
-6.240721964859612392e+00 -2.043285215691138745e+01 0.000000000000000000e+00 1.957726817108706996e-02 -2.566152547779410042e-01 0.000000000000000000e+00 1.756000000000000227e+02
-6.238764238042502797e+00 -2.045851368238918155e+01 0.000000000000000000e+00 1.957726817109595174e-02 -2.566152547779410042e-01 0.000000000000000000e+00 1.757000000000000171e+02
-6.232073390196402940e+00 -2.048943522032165987e+01 0.000000000000000000e+00 6.690847846099856611e-02 -3.092153793247831572e-01 0.000000000000000000e+00 1.758000000000000114e+02
-6.224792729272329517e+00 -2.052101222937289648e+01 0.000000000000000000e+00 7.280660924073423246e-02 -3.157700905123661528e-01 0.000000000000000000e+00 1.759000000000000057e+02
-6.217512068348255205e+00 -2.055258923842413310e+01 0.000000000000000000e+00 7.280660924074311424e-02 -3.157700905123661528e-01 0.000000000000000000e+00 1.760000000000000000e+02
-6.210231407424181782e+00 -2.058416624747536616e+01 0.000000000000000000e+00 7.280660924073423246e-02 -3.157700905123306256e-01 0.000000000000000000e+00 1.761000000000000227e+02
-6.202950746500107471e+00 -2.061574325652660278e+01 0.000000000000000000e+00 7.280660924074311424e-02 -3.157700905123661528e-01 0.000000000000000000e+00 1.762000000000000171e+02
-6.195670085576034047e+00 -2.064732026557783939e+01 0.000000000000000000e+00 7.280660924073423246e-02 -3.157700905123661528e-01 0.000000000000000000e+00 1.763000000000000114e+02
-6.188389424651959736e+00 -2.067889727462907601e+01 0.000000000000000000e+00 7.280660924074311424e-02 -3.157700905123661528e-01 0.000000000000000000e+00 1.764000000000000057e+02
-6.181152629868051029e+00 -2.071089652496376843e+01 0.000000000000000000e+00 7.236794783908706563e-02 -3.199925033469241953e-01 0.000000000000000000e+00 1.765000000000000000e+02
-6.174473758393486555e+00 -2.074826616469955454e+01 0.000000000000000000e+00 6.678871474564473942e-02 -3.736963973578610876e-01 0.000000000000000000e+00 1.766000000000000227e+02
-6.167794886918921193e+00 -2.078563580443534065e+01 0.000000000000000000e+00 6.678871474565362121e-02 -3.736963973578610876e-01 0.000000000000000000e+00 1.767000000000000171e+02
-6.161116015444355831e+00 -2.082300544417112675e+01 0.000000000000000000e+00 6.678871474565362121e-02 -3.736963973578610876e-01 0.000000000000000000e+00 1.768000000000000114e+02
-6.154437143969791357e+00 -2.086037508390691286e+01 0.000000000000000000e+00 6.678871474564473942e-02 -3.736963973578610876e-01 0.000000000000000000e+00 1.769000000000000057e+02
-6.147758272495225995e+00 -2.089774472364269542e+01 0.000000000000000000e+00 6.678871474565362121e-02 -3.736963973578255604e-01 0.000000000000000000e+00 1.770000000000000000e+02
-6.141079401020661521e+00 -2.093511436337848153e+01 0.000000000000000000e+00 6.678871474564473942e-02 -3.736963973578610876e-01 0.000000000000000000e+00 1.771000000000000227e+02
-6.134400529546096159e+00 -2.097248400311426764e+01 0.000000000000000000e+00 6.678871474565362121e-02 -3.736963973578610876e-01 0.000000000000000000e+00 1.772000000000000171e+02
-6.127721658071530797e+00 -2.100985364285005375e+01 0.000000000000000000e+00 6.678871474565362121e-02 -3.736963973578610876e-01 0.000000000000000000e+00 1.773000000000000114e+02
-6.121077735257600239e+00 -2.104715986070636191e+01 0.000000000000000000e+00 6.643922813930558391e-02 -3.730621785630816589e-01 0.000000000000000000e+00 1.774000000000000057e+02
-6.115025432587997578e+00 -2.108339245626041603e+01 0.000000000000000000e+00 6.052302669602660501e-02 -3.623259555405411447e-01 0.000000000000000000e+00 1.775000000000000000e+02
-6.108973129918394918e+00 -2.111962505181447014e+01 0.000000000000000000e+00 6.052302669602660501e-02 -3.623259555405411447e-01 0.000000000000000000e+00 1.776000000000000227e+02
-6.102920827248793145e+00 -2.115585764736852425e+01 0.000000000000000000e+00 6.052302669601772322e-02 -3.623259555405411447e-01 0.000000000000000000e+00 1.777000000000000171e+02
-6.096868524579190485e+00 -2.119209024292257837e+01 0.000000000000000000e+00 6.052302669602660501e-02 -3.623259555405411447e-01 0.000000000000000000e+00 1.778000000000000114e+02
-6.090816221909587824e+00 -2.122832283847663604e+01 0.000000000000000000e+00 6.052302669602660501e-02 -3.623259555405766719e-01 0.000000000000000000e+00 1.779000000000000057e+02
-6.084763919239986052e+00 -2.126455543403069015e+01 0.000000000000000000e+00 6.052302669601772322e-02 -3.623259555405411447e-01 0.000000000000000000e+00 1.780000000000000000e+02
-6.078711616570383391e+00 -2.130078802958474427e+01 0.000000000000000000e+00 6.052302669602660501e-02 -3.623259555405411447e-01 0.000000000000000000e+00 1.781000000000000227e+02
-6.072659313900780731e+00 -2.133702062513879838e+01 0.000000000000000000e+00 6.052302669602660501e-02 -3.623259555405411447e-01 0.000000000000000000e+00 1.782000000000000171e+02
-6.066865457153219232e+00 -2.137308823602820596e+01 0.000000000000000000e+00 5.793856747561498821e-02 -3.606761088940757531e-01 0.000000000000000000e+00 1.783000000000000114e+02
-6.061298063179465068e+00 -2.140901127940229998e+01 0.000000000000000000e+00 5.567393973754164449e-02 -3.592304337409402137e-01 0.000000000000000000e+00 1.784000000000000057e+02
-6.055730669205711791e+00 -2.144493432277639400e+01 0.000000000000000000e+00 5.567393973753276271e-02 -3.592304337409402137e-01 0.000000000000000000e+00 1.785000000000000000e+02
-6.050163275231957627e+00 -2.148085736615048802e+01 0.000000000000000000e+00 5.567393973754164449e-02 -3.592304337409402137e-01 0.000000000000000000e+00 1.786000000000000227e+02
-6.044595881258203462e+00 -2.151678040952458204e+01 0.000000000000000000e+00 5.567393973754164449e-02 -3.592304337409402137e-01 0.000000000000000000e+00 1.787000000000000171e+02
-6.039028487284449298e+00 -2.155270345289867606e+01 0.000000000000000000e+00 5.567393973754164449e-02 -3.592304337409402137e-01 0.000000000000000000e+00 1.788000000000000114e+02
-6.033461093310695134e+00 -2.158862649627277008e+01 0.000000000000000000e+00 5.567393973754164449e-02 -3.592304337409402137e-01 0.000000000000000000e+00 1.789000000000000057e+02
-6.027893699336940969e+00 -2.162454953964686410e+01 0.000000000000000000e+00 5.567393973754164449e-02 -3.592304337409402137e-01 0.000000000000000000e+00 1.790000000000000000e+02
-6.022326305363186805e+00 -2.166047258302095813e+01 0.000000000000000000e+00 5.567393973754164449e-02 -3.592304337409402137e-01 0.000000000000000000e+00 1.791000000000000227e+02
-6.016826941466979939e+00 -2.169307465531453261e+01 0.000000000000000000e+00 5.499363896206865832e-02 -3.260207229357448000e-01 0.000000000000000000e+00 1.792000000000000171e+02
-6.011399314378603087e+00 -2.172217480797493749e+01 0.000000000000000000e+00 5.427627088376851816e-02 -2.910015266040488768e-01 0.000000000000000000e+00 1.793000000000000114e+02
-6.005971687290225347e+00 -2.175127496063533883e+01 0.000000000000000000e+00 5.427627088377739994e-02 -2.910015266040133497e-01 0.000000000000000000e+00 1.794000000000000057e+02
-6.000544060201848495e+00 -2.178037511329574372e+01 0.000000000000000000e+00 5.427627088376851816e-02 -2.910015266040488768e-01 0.000000000000000000e+00 1.795000000000000000e+02
-5.995116433113470755e+00 -2.180947526595614505e+01 0.000000000000000000e+00 5.427627088377739994e-02 -2.910015266040133497e-01 0.000000000000000000e+00 1.796000000000000227e+02
-5.989688806025093903e+00 -2.183857541861654994e+01 0.000000000000000000e+00 5.427627088376851816e-02 -2.910015266040488768e-01 0.000000000000000000e+00 1.797000000000000171e+02
-5.984261178936716163e+00 -2.186767557127695127e+01 0.000000000000000000e+00 5.427627088377739994e-02 -2.910015266040133497e-01 0.000000000000000000e+00 1.798000000000000114e+02
-5.978833551848339312e+00 -2.189677572393735616e+01 0.000000000000000000e+00 5.427627088376851816e-02 -2.910015266040488768e-01 0.000000000000000000e+00 1.799000000000000057e+02
-5.977025181921567842e+00 -2.192080923350417976e+01 0.000000000000000000e+00 1.808369926771469238e-02 -2.403350956682359651e-01 0.000000000000000000e+00 1.800000000000000000e+02
-5.976199154946546521e+00 -2.194346754896078622e+01 0.000000000000000000e+00 8.260269750213211637e-03 -2.265831545660645929e-01 0.000000000000000000e+00 1.801000000000000227e+02
-5.975373127971525200e+00 -2.196612586441738912e+01 0.000000000000000000e+00 8.260269750213211637e-03 -2.265831545660290658e-01 0.000000000000000000e+00 1.802000000000000171e+02
-5.974547100996503879e+00 -2.198878417987399558e+01 0.000000000000000000e+00 8.260269750213211637e-03 -2.265831545660645929e-01 0.000000000000000000e+00 1.803000000000000114e+02
-5.973721074021482558e+00 -2.201144249533060204e+01 0.000000000000000000e+00 8.260269750213211637e-03 -2.265831545660645929e-01 0.000000000000000000e+00 1.804000000000000057e+02
-5.972895047046461237e+00 -2.203410081078720850e+01 0.000000000000000000e+00 8.260269750213211637e-03 -2.265831545660645929e-01 0.000000000000000000e+00 1.805000000000000000e+02
-5.978429244301050716e+00 -2.205603856192256629e+01 0.000000000000000000e+00 -5.534197254589479087e-02 -2.193775113535778587e-01 0.000000000000000000e+00 1.806000000000000227e+02
-6.008895087484897424e+00 -2.207515174997995544e+01 0.000000000000000000e+00 -3.046584318384670809e-01 -1.911318805738915216e-01 0.000000000000000000e+00 1.807000000000000171e+02
-6.039360930668745020e+00 -2.209426493803734814e+01 0.000000000000000000e+00 -3.046584318384759626e-01 -1.911318805739270488e-01 0.000000000000000000e+00 1.808000000000000114e+02
-6.069826773852591728e+00 -2.211337812609473730e+01 0.000000000000000000e+00 -3.046584318384670809e-01 -1.911318805738915216e-01 0.000000000000000000e+00 1.809000000000000057e+02
-6.100292617036439324e+00 -2.213249131415212645e+01 0.000000000000000000e+00 -3.046584318384759626e-01 -1.911318805738915216e-01 0.000000000000000000e+00 1.810000000000000000e+02
-6.130758460220286032e+00 -2.215160450220951915e+01 0.000000000000000000e+00 -3.046584318384670809e-01 -1.911318805739270488e-01 0.000000000000000000e+00 1.811000000000000227e+02
-6.161224303404133629e+00 -2.217071769026690831e+01 0.000000000000000000e+00 -3.046584318384759626e-01 -1.911318805738915216e-01 0.000000000000000000e+00 1.812000000000000171e+02
-6.191690146587980337e+00 -2.218983087832429746e+01 0.000000000000000000e+00 -3.046584318384670809e-01 -1.911318805738915216e-01 0.000000000000000000e+00 1.813000000000000114e+02
-6.222155989771827933e+00 -2.220894406638169016e+01 0.000000000000000000e+00 -3.046584318384759626e-01 -1.911318805739270488e-01 0.000000000000000000e+00 1.814000000000000057e+02
-6.254334272792179128e+00 -2.222717580488220079e+01 0.000000000000000000e+00 -3.217828302035119492e-01 -1.823173850051063027e-01 0.000000000000000000e+00 1.815000000000000000e+02
-6.287377856996505088e+00 -2.224496214417573370e+01 0.000000000000000000e+00 -3.304358420432595977e-01 -1.778633929353290455e-01 0.000000000000000000e+00 1.816000000000000227e+02
-6.320421441200831048e+00 -2.226274848346926660e+01 0.000000000000000000e+00 -3.304358420432595977e-01 -1.778633929353290455e-01 0.000000000000000000e+00 1.817000000000000171e+02
-6.353465025405157007e+00 -2.228053482276279951e+01 0.000000000000000000e+00 -3.304358420432595977e-01 -1.778633929353290455e-01 0.000000000000000000e+00 1.818000000000000114e+02
-6.386508609609483855e+00 -2.229832116205633241e+01 0.000000000000000000e+00 -3.304358420432684795e-01 -1.778633929353290455e-01 0.000000000000000000e+00 1.819000000000000057e+02
-6.419552193813809815e+00 -2.231610750134986532e+01 0.000000000000000000e+00 -3.304358420432595977e-01 -1.778633929353290455e-01 0.000000000000000000e+00 1.820000000000000000e+02
-6.452595778018135775e+00 -2.233389384064339822e+01 0.000000000000000000e+00 -3.304358420432595977e-01 -1.778633929353290455e-01 0.000000000000000000e+00 1.821000000000000227e+02
-6.485639362222461735e+00 -2.235168017993693113e+01 0.000000000000000000e+00 -3.304358420432595977e-01 -1.778633929353290455e-01 0.000000000000000000e+00 1.822000000000000171e+02
-6.518682946426788583e+00 -2.236946651923046403e+01 0.000000000000000000e+00 -3.304358420432684795e-01 -1.778633929353290455e-01 0.000000000000000000e+00 1.823000000000000114e+02
-6.537452428921002756e+00 -2.239859672778523958e+01 0.000000000000000000e+00 -1.876948249421417358e-01 -2.913020855477554960e-01 0.000000000000000000e+00 1.824000000000000057e+02
-6.548980824825219926e+00 -2.243348154992302668e+01 0.000000000000000000e+00 -1.152839590421717020e-01 -3.488482213778709706e-01 0.000000000000000000e+00 1.825000000000000000e+02
-6.560509220729437097e+00 -2.246836637206081377e+01 0.000000000000000000e+00 -1.152839590421717020e-01 -3.488482213778709706e-01 0.000000000000000000e+00 1.826000000000000227e+02
-6.572037616633655155e+00 -2.250325119419860087e+01 0.000000000000000000e+00 -1.152839590421805838e-01 -3.488482213778709706e-01 0.000000000000000000e+00 1.827000000000000171e+02
-6.583566012537872325e+00 -2.253813601633638797e+01 0.000000000000000000e+00 -1.152839590421717020e-01 -3.488482213778709706e-01 0.000000000000000000e+00 1.828000000000000114e+02
-6.595094408442089495e+00 -2.257302083847417151e+01 0.000000000000000000e+00 -1.152839590421717020e-01 -3.488482213778354435e-01 0.000000000000000000e+00 1.829000000000000057e+02
-6.606622804346306665e+00 -2.260790566061195861e+01 0.000000000000000000e+00 -1.152839590421717020e-01 -3.488482213778709706e-01 0.000000000000000000e+00 1.830000000000000000e+02
-6.618151200250523836e+00 -2.264279048274974571e+01 0.000000000000000000e+00 -1.152839590421717020e-01 -3.488482213778709706e-01 0.000000000000000000e+00 1.831000000000000227e+02
-6.626164392360425204e+00 -2.268391609090476635e+01 0.000000000000000000e+00 -8.013192109901368099e-02 -4.112560815502064315e-01 0.000000000000000000e+00 1.832000000000000171e+02
-6.634067985508744769e+00 -2.272523627772633148e+01 0.000000000000000000e+00 -7.903593148319565387e-02 -4.132018682156513023e-01 0.000000000000000000e+00 1.833000000000000114e+02
-6.641971578657064335e+00 -2.276655646454789661e+01 0.000000000000000000e+00 -7.903593148319565387e-02 -4.132018682156513023e-01 0.000000000000000000e+00 1.834000000000000057e+02
-6.649875171805383900e+00 -2.280787665136946529e+01 0.000000000000000000e+00 -7.903593148319565387e-02 -4.132018682156868294e-01 0.000000000000000000e+00 1.835000000000000000e+02
-6.657778764953703465e+00 -2.284919683819103042e+01 0.000000000000000000e+00 -7.903593148319565387e-02 -4.132018682156513023e-01 0.000000000000000000e+00 1.836000000000000227e+02
-6.665682358102023031e+00 -2.289051702501259555e+01 0.000000000000000000e+00 -7.903593148319565387e-02 -4.132018682156513023e-01 0.000000000000000000e+00 1.837000000000000171e+02
-6.673585951250342596e+00 -2.293183721183416068e+01 0.000000000000000000e+00 -7.903593148319565387e-02 -4.132018682156513023e-01 0.000000000000000000e+00 1.838000000000000114e+02
-6.681489544398662161e+00 -2.297315739865572937e+01 0.000000000000000000e+00 -7.903593148319565387e-02 -4.132018682156868294e-01 0.000000000000000000e+00 1.839000000000000057e+02
-6.689393137546981727e+00 -2.301447758547729450e+01 0.000000000000000000e+00 -7.903593148319565387e-02 -4.132018682156513023e-01 0.000000000000000000e+00 1.840000000000000000e+02
-6.696586194263769443e+00 -2.305401276117257225e+01 0.000000000000000000e+00 -7.193056716787715743e-02 -3.953517569527775777e-01 0.000000000000000000e+00 1.841000000000000227e+02
-6.701831530808976645e+00 -2.308865487013280315e+01 0.000000000000000000e+00 -5.245336545207202050e-02 -3.464210896023089958e-01 0.000000000000000000e+00 1.842000000000000171e+02
-6.707076867354183847e+00 -2.312329697909303050e+01 0.000000000000000000e+00 -5.245336545207202050e-02 -3.464210896022734687e-01 0.000000000000000000e+00 1.843000000000000114e+02
-6.712322203899391049e+00 -2.315793908805326140e+01 0.000000000000000000e+00 -5.245336545207202050e-02 -3.464210896023089958e-01 0.000000000000000000e+00 1.844000000000000057e+02
-6.717567540444598251e+00 -2.319258119701349230e+01 0.000000000000000000e+00 -5.245336545207202050e-02 -3.464210896023089958e-01 0.000000000000000000e+00 1.845000000000000000e+02
-6.722812876989804565e+00 -2.322722330597371965e+01 0.000000000000000000e+00 -5.245336545206313872e-02 -3.464210896022734687e-01 0.000000000000000000e+00 1.846000000000000227e+02
-6.728058213535011767e+00 -2.326186541493395055e+01 0.000000000000000000e+00 -5.245336545207202050e-02 -3.464210896023089958e-01 0.000000000000000000e+00 1.847000000000000171e+02
-6.733303550080218969e+00 -2.329650752389418145e+01 0.000000000000000000e+00 -5.245336545207202050e-02 -3.464210896023089958e-01 0.000000000000000000e+00 1.848000000000000114e+02
-6.734022500256752863e+00 -2.333130005272739993e+01 0.000000000000000000e+00 -7.189501765338945916e-03 -3.479252883321848344e-01 0.000000000000000000e+00 1.849000000000000057e+02
-6.728811907837749295e+00 -2.336628963081171406e+01 0.000000000000000000e+00 5.210592419003567954e-02 -3.498957808431413241e-01 0.000000000000000000e+00 1.850000000000000000e+02
-6.723601315418745727e+00 -2.340127920889602819e+01 0.000000000000000000e+00 5.210592419003567954e-02 -3.498957808431413241e-01 0.000000000000000000e+00 1.851000000000000227e+02
-6.718390722999742160e+00 -2.343626878698034233e+01 0.000000000000000000e+00 5.210592419003567954e-02 -3.498957808431413241e-01 0.000000000000000000e+00 1.852000000000000171e+02
-6.713180130580739480e+00 -2.347125836506465646e+01 0.000000000000000000e+00 5.210592419002679776e-02 -3.498957808431413241e-01 0.000000000000000000e+00 1.853000000000000114e+02
-6.707969538161735912e+00 -2.350624794314897059e+01 0.000000000000000000e+00 5.210592419003567954e-02 -3.498957808431413241e-01 0.000000000000000000e+00 1.854000000000000057e+02
-6.702758945742732344e+00 -2.354123752123328472e+01 0.000000000000000000e+00 5.210592419003567954e-02 -3.498957808431413241e-01 0.000000000000000000e+00 1.855000000000000000e+02
-6.697548353323728776e+00 -2.357622709931759886e+01 0.000000000000000000e+00 5.210592419003567954e-02 -3.498957808431413241e-01 0.000000000000000000e+00 1.856000000000000227e+02
-6.691410547390598929e+00 -2.361389975398259367e+01 0.000000000000000000e+00 6.137805933129847347e-02 -3.767265466499480908e-01 0.000000000000000000e+00 1.857000000000000171e+02
-6.684198271568922323e+00 -2.365468160081387694e+01 0.000000000000000000e+00 7.212275821676605858e-02 -4.078184683128327492e-01 0.000000000000000000e+00 1.858000000000000114e+02
-6.676985995747245717e+00 -2.369546344764516377e+01 0.000000000000000000e+00 7.212275821676605858e-02 -4.078184683128682764e-01 0.000000000000000000e+00 1.859000000000000057e+02
-6.669773719925569111e+00 -2.373624529447644704e+01 0.000000000000000000e+00 7.212275821676605858e-02 -4.078184683128327492e-01 0.000000000000000000e+00 1.860000000000000000e+02
-6.662561444103892505e+00 -2.377702714130773387e+01 0.000000000000000000e+00 7.212275821676605858e-02 -4.078184683128682764e-01 0.000000000000000000e+00 1.861000000000000227e+02
-6.655349168282215899e+00 -2.381780898813902070e+01 0.000000000000000000e+00 7.212275821676605858e-02 -4.078184683128682764e-01 0.000000000000000000e+00 1.862000000000000171e+02
-6.648136892460539293e+00 -2.385859083497030397e+01 0.000000000000000000e+00 7.212275821676605858e-02 -4.078184683128327492e-01 0.000000000000000000e+00 1.863000000000000114e+02
-6.640924616638862688e+00 -2.389937268180159080e+01 0.000000000000000000e+00 7.212275821676605858e-02 -4.078184683128682764e-01 0.000000000000000000e+00 1.864000000000000057e+02
-6.633712340817185193e+00 -2.394015452863287408e+01 0.000000000000000000e+00 7.212275821677494037e-02 -4.078184683128327492e-01 0.000000000000000000e+00 1.865000000000000000e+02
-6.626500064995508588e+00 -2.398093637546416090e+01 0.000000000000000000e+00 7.212275821676605858e-02 -4.078184683128682764e-01 0.000000000000000000e+00 1.866000000000000227e+02
-6.618231843611777521e+00 -2.402617296345431797e+01 0.000000000000000000e+00 8.268221383731066965e-02 -4.523658799015706222e-01 0.000000000000000000e+00 1.867000000000000171e+02
-6.609626132663634301e+00 -2.407283332621780758e+01 0.000000000000000000e+00 8.605710948143219241e-02 -4.666036276348961565e-01 0.000000000000000000e+00 1.868000000000000114e+02
-6.601020421715491970e+00 -2.411949368898130075e+01 0.000000000000000000e+00 8.605710948142331063e-02 -4.666036276349316836e-01 0.000000000000000000e+00 1.869000000000000057e+02
-6.592414710767348751e+00 -2.416615405174479392e+01 0.000000000000000000e+00 8.605710948143219241e-02 -4.666036276349316836e-01 0.000000000000000000e+00 1.870000000000000000e+02
-6.583808999819206420e+00 -2.421281441450828709e+01 0.000000000000000000e+00 8.605710948142331063e-02 -4.666036276349316836e-01 0.000000000000000000e+00 1.871000000000000227e+02
-6.575203288871064089e+00 -2.425947477727177670e+01 0.000000000000000000e+00 8.605710948142331063e-02 -4.666036276348961565e-01 0.000000000000000000e+00 1.872000000000000171e+02
-6.566597577922920870e+00 -2.430613514003526987e+01 0.000000000000000000e+00 8.605710948143219241e-02 -4.666036276349316836e-01 0.000000000000000000e+00 1.873000000000000114e+02
-6.557991866974778539e+00 -2.435279550279876304e+01 0.000000000000000000e+00 8.605710948142331063e-02 -4.666036276349316836e-01 0.000000000000000000e+00 1.874000000000000057e+02
-6.549386156026635319e+00 -2.439945586556225621e+01 0.000000000000000000e+00 8.605710948143219241e-02 -4.666036276349316836e-01 0.000000000000000000e+00 1.875000000000000000e+02
-6.540780445078492988e+00 -2.444611622832574582e+01 0.000000000000000000e+00 8.605710948142331063e-02 -4.666036276348961565e-01 0.000000000000000000e+00 1.876000000000000227e+02
-6.532174734130350657e+00 -2.449277659108923899e+01 0.000000000000000000e+00 8.605710948142331063e-02 -4.666036276349316836e-01 0.000000000000000000e+00 1.877000000000000171e+02
-6.524201596943832726e+00 -2.453758409763872095e+01 0.000000000000000000e+00 7.973137186517931241e-02 -4.480750654948195688e-01 0.000000000000000000e+00 1.878000000000000114e+02
-6.516735879399803366e+00 -2.458090533381985665e+01 0.000000000000000000e+00 7.465717544029359942e-02 -4.332123618113570274e-01 0.000000000000000000e+00 1.879000000000000057e+02
-6.509270161855774006e+00 -2.462422657000099591e+01 0.000000000000000000e+00 7.465717544029359942e-02 -4.332123618113925545e-01 0.000000000000000000e+00 1.880000000000000000e+02
-6.501804444311743758e+00 -2.466754780618213516e+01 0.000000000000000000e+00 7.465717544030248121e-02 -4.332123618113925545e-01 0.000000000000000000e+00 1.881000000000000227e+02
-6.494338726767714398e+00 -2.471086904236327086e+01 0.000000000000000000e+00 7.465717544029359942e-02 -4.332123618113570274e-01 0.000000000000000000e+00 1.882000000000000171e+02
-6.486873009223685038e+00 -2.475419027854441012e+01 0.000000000000000000e+00 7.465717544029359942e-02 -4.332123618113925545e-01 0.000000000000000000e+00 1.883000000000000114e+02
-6.479407291679655678e+00 -2.479751151472554938e+01 0.000000000000000000e+00 7.465717544029359942e-02 -4.332123618113925545e-01 0.000000000000000000e+00 1.884000000000000057e+02
-6.471941574135625430e+00 -2.484083275090668508e+01 0.000000000000000000e+00 7.465717544030248121e-02 -4.332123618113570274e-01 0.000000000000000000e+00 1.885000000000000000e+02
-6.464475856591596070e+00 -2.488415398708782433e+01 0.000000000000000000e+00 7.465717544029359942e-02 -4.332123618113925545e-01 0.000000000000000000e+00 1.886000000000000227e+02
-6.457010139047566710e+00 -2.492747522326896004e+01 0.000000000000000000e+00 7.465717544029359942e-02 -4.332123618113570274e-01 0.000000000000000000e+00 1.887000000000000171e+02
-6.449508295186517692e+00 -2.497050168345469601e+01 0.000000000000000000e+00 7.501843861049017903e-02 -4.302646018573597075e-01 0.000000000000000000e+00 1.888000000000000114e+02
-6.441832783049911804e+00 -2.501211108142592821e+01 0.000000000000000000e+00 7.675512136605888713e-02 -4.160939797123219819e-01 0.000000000000000000e+00 1.889000000000000057e+02
-6.434157270913305027e+00 -2.505372047939715685e+01 0.000000000000000000e+00 7.675512136606776892e-02 -4.160939797122864547e-01 0.000000000000000000e+00 1.890000000000000000e+02
-6.426481758776699138e+00 -2.509532987736838905e+01 0.000000000000000000e+00 7.675512136605888713e-02 -4.160939797123219819e-01 0.000000000000000000e+00 1.891000000000000227e+02
-6.418806246640092361e+00 -2.513693927533961769e+01 0.000000000000000000e+00 7.675512136606776892e-02 -4.160939797122864547e-01 0.000000000000000000e+00 1.892000000000000171e+02
-6.411130734503486472e+00 -2.517854867331084989e+01 0.000000000000000000e+00 7.675512136605888713e-02 -4.160939797123219819e-01 0.000000000000000000e+00 1.893000000000000114e+02
-6.403455222366879696e+00 -2.522015807128208209e+01 0.000000000000000000e+00 7.675512136606776892e-02 -4.160939797123219819e-01 0.000000000000000000e+00 1.894000000000000057e+02
-6.395779710230273807e+00 -2.526176746925331074e+01 0.000000000000000000e+00 7.675512136605888713e-02 -4.160939797122864547e-01 0.000000000000000000e+00 1.895000000000000000e+02
-6.388104198093667918e+00 -2.530337686722454293e+01 0.000000000000000000e+00 7.675512136605888713e-02 -4.160939797123219819e-01 0.000000000000000000e+00 1.896000000000000227e+02
-6.380428685957061141e+00 -2.534498626519577158e+01 0.000000000000000000e+00 7.675512136606776892e-02 -4.160939797122864547e-01 0.000000000000000000e+00 1.897000000000000171e+02
-6.372515602941904334e+00 -2.539361910206907780e+01 0.000000000000000000e+00 7.913083015156807676e-02 -4.863283687330621774e-01 0.000000000000000000e+00 1.898000000000000114e+02
-6.364385265035826578e+00 -2.544867476509798365e+01 0.000000000000000000e+00 8.130337906077755861e-02 -5.505566302890585462e-01 0.000000000000000000e+00 1.899000000000000057e+02
-6.356254927129747934e+00 -2.550373042812688951e+01 0.000000000000000000e+00 8.130337906078644039e-02 -5.505566302890585462e-01 0.000000000000000000e+00 1.900000000000000000e+02
-6.348124589223670178e+00 -2.555878609115579536e+01 0.000000000000000000e+00 8.130337906077755861e-02 -5.505566302890585462e-01 0.000000000000000000e+00 1.901000000000000227e+02
-6.339994251317591534e+00 -2.561384175418470122e+01 0.000000000000000000e+00 8.130337906078644039e-02 -5.505566302890585462e-01 0.000000000000000000e+00 1.902000000000000171e+02
-6.331863913411513778e+00 -2.566889741721360707e+01 0.000000000000000000e+00 8.130337906077755861e-02 -5.505566302890585462e-01 0.000000000000000000e+00 1.903000000000000114e+02
-6.323733575505435134e+00 -2.572395308024251293e+01 0.000000000000000000e+00 8.130337906078644039e-02 -5.505566302890585462e-01 0.000000000000000000e+00 1.904000000000000057e+02
-6.315603237599356490e+00 -2.577900874327141878e+01 0.000000000000000000e+00 8.130337906078644039e-02 -5.505566302890585462e-01 0.000000000000000000e+00 1.905000000000000000e+02
-6.307472899693278734e+00 -2.583406440630032463e+01 0.000000000000000000e+00 8.130337906077755861e-02 -5.505566302890585462e-01 0.000000000000000000e+00 1.906000000000000227e+02
-6.299342561787200090e+00 -2.588912006932923049e+01 0.000000000000000000e+00 8.130337906078644039e-02 -5.505566302890585462e-01 0.000000000000000000e+00 1.907000000000000171e+02
-6.291212223881122334e+00 -2.594417573235813634e+01 0.000000000000000000e+00 8.130337906077755861e-02 -5.505566302890585462e-01 0.000000000000000000e+00 1.908000000000000114e+02
-6.283081885975043690e+00 -2.599923139538704220e+01 0.000000000000000000e+00 8.130337906078644039e-02 -5.505566302890585462e-01 0.000000000000000000e+00 1.909000000000000057e+02
-6.274951548068965934e+00 -2.605428705841594805e+01 0.000000000000000000e+00 8.130337906077755861e-02 -5.505566302890585462e-01 0.000000000000000000e+00 1.910000000000000000e+02
-6.266821210162887290e+00 -2.610934272144485391e+01 0.000000000000000000e+00 8.130337906078644039e-02 -5.505566302890585462e-01 0.000000000000000000e+00 1.911000000000000227e+02
-6.260971147657215852e+00 -2.615481651613099956e+01 0.000000000000000000e+00 5.850062505671438373e-02 -4.547379468614565212e-01 0.000000000000000000e+00 1.912000000000000171e+02
-6.256142536650671993e+00 -2.619599810392782757e+01 0.000000000000000000e+00 4.828611006543859219e-02 -4.118158779682801196e-01 0.000000000000000000e+00 1.913000000000000114e+02
-6.251313925644129021e+00 -2.623717969172465558e+01 0.000000000000000000e+00 4.828611006542971040e-02 -4.118158779682801196e-01 0.000000000000000000e+00 1.914000000000000057e+02
-6.246485314637586050e+00 -2.627836127952148360e+01 0.000000000000000000e+00 4.828611006542971040e-02 -4.118158779682801196e-01 0.000000000000000000e+00 1.915000000000000000e+02
-6.241656703631042191e+00 -2.631954286731831161e+01 0.000000000000000000e+00 4.828611006543859219e-02 -4.118158779682801196e-01 0.000000000000000000e+00 1.916000000000000227e+02
-6.236828092624499220e+00 -2.636072445511513962e+01 0.000000000000000000e+00 4.828611006542971040e-02 -4.118158779682801196e-01 0.000000000000000000e+00 1.917000000000000171e+02
-6.231999481617956249e+00 -2.640190604291196763e+01 0.000000000000000000e+00 4.828611006542971040e-02 -4.118158779682801196e-01 0.000000000000000000e+00 1.918000000000000114e+02
-6.227170870611412390e+00 -2.644308763070879564e+01 0.000000000000000000e+00 4.828611006543859219e-02 -4.118158779682801196e-01 0.000000000000000000e+00 1.919000000000000057e+02
-6.222342259604869419e+00 -2.648426921850562366e+01 0.000000000000000000e+00 4.828611006542971040e-02 -4.118158779682801196e-01 0.000000000000000000e+00 1.920000000000000000e+02
-6.217513648598326448e+00 -2.652545080630245167e+01 0.000000000000000000e+00 4.828611006542971040e-02 -4.118158779682801196e-01 0.000000000000000000e+00 1.921000000000000227e+02
-6.214116786700223827e+00 -2.655979653873699320e+01 0.000000000000000000e+00 3.396861898102621069e-02 -3.434573243454153157e-01 0.000000000000000000e+00 1.922000000000000171e+02
-6.210776700305083331e+00 -2.659387119775225727e+01 0.000000000000000000e+00 3.340086395140495767e-02 -3.407465901526407492e-01 0.000000000000000000e+00 1.923000000000000114e+02
-6.207436613909942835e+00 -2.662794585676752490e+01 0.000000000000000000e+00 3.340086395140495767e-02 -3.407465901526762764e-01 0.000000000000000000e+00 1.924000000000000057e+02
-6.204096527514802339e+00 -2.666202051578278898e+01 0.000000000000000000e+00 3.340086395140495767e-02 -3.407465901526407492e-01 0.000000000000000000e+00 1.925000000000000000e+02
-6.200756441119661844e+00 -2.669609517479805660e+01 0.000000000000000000e+00 3.340086395140495767e-02 -3.407465901526762764e-01 0.000000000000000000e+00 1.926000000000000227e+02
-6.197416354724521348e+00 -2.673016983381332068e+01 0.000000000000000000e+00 3.340086395140495767e-02 -3.407465901526407492e-01 0.000000000000000000e+00 1.927000000000000171e+02
-6.194076268329380852e+00 -2.676424449282858831e+01 0.000000000000000000e+00 3.340086395140495767e-02 -3.407465901526762764e-01 0.000000000000000000e+00 1.928000000000000114e+02
-6.191855290511896648e+00 -2.679858162654821996e+01 0.000000000000000000e+00 2.220977817484204309e-02 -3.433713371963165173e-01 0.000000000000000000e+00 1.929000000000000057e+02
-6.210339300389298600e+00 -2.683777488918386567e+01 0.000000000000000000e+00 -1.848400987740195234e-01 -3.919326263564570922e-01 0.000000000000000000e+00 1.930000000000000000e+02
-6.228823310266700553e+00 -2.687696815181951493e+01 0.000000000000000000e+00 -1.848400987740195234e-01 -3.919326263564926194e-01 0.000000000000000000e+00 1.931000000000000227e+02
-6.247307320144102505e+00 -2.691616141445516064e+01 0.000000000000000000e+00 -1.848400987740195234e-01 -3.919326263564570922e-01 0.000000000000000000e+00 1.932000000000000171e+02
-6.265791330021503569e+00 -2.695535467709080990e+01 0.000000000000000000e+00 -1.848400987740106416e-01 -3.919326263564926194e-01 0.000000000000000000e+00 1.933000000000000114e+02
-6.284275339898905521e+00 -2.699454793972645561e+01 0.000000000000000000e+00 -1.848400987740195234e-01 -3.919326263564570922e-01 0.000000000000000000e+00 1.934000000000000057e+02
-6.302759349776307474e+00 -2.703374120236210487e+01 0.000000000000000000e+00 -1.848400987740195234e-01 -3.919326263564926194e-01 0.000000000000000000e+00 1.935000000000000000e+02
-6.321243359653709426e+00 -2.707293446499775058e+01 0.000000000000000000e+00 -1.848400987740195234e-01 -3.919326263564570922e-01 0.000000000000000000e+00 1.936000000000000227e+02
-6.339727369531111378e+00 -2.711212772763339984e+01 0.000000000000000000e+00 -1.848400987740195234e-01 -3.919326263564926194e-01 0.000000000000000000e+00 1.937000000000000171e+02
-6.358211379408512443e+00 -2.715132099026904555e+01 0.000000000000000000e+00 -1.848400987740106416e-01 -3.919326263564570922e-01 0.000000000000000000e+00 1.938000000000000114e+02
-6.376695389285914395e+00 -2.719051425290469481e+01 0.000000000000000000e+00 -1.848400987740195234e-01 -3.919326263564926194e-01 0.000000000000000000e+00 1.939000000000000057e+02
-6.394525410891475303e+00 -2.722467048308616100e+01 0.000000000000000000e+00 -1.783002160556090843e-01 -3.415623018146618506e-01 0.000000000000000000e+00 1.940000000000000000e+02
-6.411868192585230553e+00 -2.725507398045205676e+01 0.000000000000000000e+00 -1.734278169375524925e-01 -3.040349736589575969e-01 0.000000000000000000e+00 1.941000000000000227e+02
-6.429210974278986690e+00 -2.728547747781795607e+01 0.000000000000000000e+00 -1.734278169375613743e-01 -3.040349736589931240e-01 0.000000000000000000e+00 1.942000000000000171e+02
-6.446553755972741939e+00 -2.731588097518385538e+01 0.000000000000000000e+00 -1.734278169375524925e-01 -3.040349736589931240e-01 0.000000000000000000e+00 1.943000000000000114e+02
-6.463896537666498077e+00 -2.734628447254975114e+01 0.000000000000000000e+00 -1.734278169375613743e-01 -3.040349736589575969e-01 0.000000000000000000e+00 1.944000000000000057e+02
-6.481239319360253326e+00 -2.737668796991565046e+01 0.000000000000000000e+00 -1.734278169375524925e-01 -3.040349736589931240e-01 0.000000000000000000e+00 1.945000000000000000e+02
-6.498582101054009463e+00 -2.740709146728154622e+01 0.000000000000000000e+00 -1.734278169375613743e-01 -3.040349736589575969e-01 0.000000000000000000e+00 1.946000000000000227e+02
-6.515924882747764713e+00 -2.743749496464744553e+01 0.000000000000000000e+00 -1.734278169375524925e-01 -3.040349736589931240e-01 0.000000000000000000e+00 1.947000000000000171e+02
-6.538843622436943726e+00 -2.746020936688469405e+01 0.000000000000000000e+00 -2.291873968917901294e-01 -2.271440223724852103e-01 0.000000000000000000e+00 1.948000000000000114e+02
-6.568003282484208505e+00 -2.747431770889641101e+01 0.000000000000000000e+00 -2.915966004726477934e-01 -1.410834201171695668e-01 0.000000000000000000e+00 1.949000000000000057e+02
-6.597162942531472396e+00 -2.748842605090812796e+01 0.000000000000000000e+00 -2.915966004726389116e-01 -1.410834201171695668e-01 0.000000000000000000e+00 1.950000000000000000e+02
-6.626322602578737175e+00 -2.750253439291984492e+01 0.000000000000000000e+00 -2.915966004726477934e-01 -1.410834201171695668e-01 0.000000000000000000e+00 1.951000000000000227e+02
-6.655482262626001955e+00 -2.751664273493155832e+01 0.000000000000000000e+00 -2.915966004726477934e-01 -1.410834201171340396e-01 0.000000000000000000e+00 1.952000000000000171e+02
-6.684641922673266734e+00 -2.753075107694327528e+01 0.000000000000000000e+00 -2.915966004726477934e-01 -1.410834201171695668e-01 0.000000000000000000e+00 1.953000000000000114e+02
-6.713801582720531513e+00 -2.754485941895499224e+01 0.000000000000000000e+00 -2.915966004726477934e-01 -1.410834201171695668e-01 0.000000000000000000e+00 1.954000000000000057e+02
-6.744375571112166234e+00 -2.755925184766999791e+01 0.000000000000000000e+00 -3.057398839163472104e-01 -1.439242871500567844e-01 0.000000000000000000e+00 1.955000000000000000e+02
-6.777170516806841682e+00 -2.757409038526832745e+01 0.000000000000000000e+00 -3.279494569467544807e-01 -1.483853759832953756e-01 0.000000000000000000e+00 1.956000000000000227e+02
-6.809965462501517131e+00 -2.758892892286665699e+01 0.000000000000000000e+00 -3.279494569467544807e-01 -1.483853759832953756e-01 0.000000000000000000e+00 1.957000000000000171e+02
-6.842760408196191690e+00 -2.760376746046498653e+01 0.000000000000000000e+00 -3.279494569467455989e-01 -1.483853759832953756e-01 0.000000000000000000e+00 1.958000000000000114e+02
-6.875555353890867138e+00 -2.761860599806331606e+01 0.000000000000000000e+00 -3.279494569467544807e-01 -1.483853759832953756e-01 0.000000000000000000e+00 1.959000000000000057e+02
-6.908350299585542587e+00 -2.763344453566164916e+01 0.000000000000000000e+00 -3.279494569467544807e-01 -1.483853759833309027e-01 0.000000000000000000e+00 1.960000000000000000e+02
-6.941145245280217146e+00 -2.764828307325997869e+01 0.000000000000000000e+00 -3.279494569467455989e-01 -1.483853759832953756e-01 0.000000000000000000e+00 1.961000000000000227e+02
-6.973940190974892595e+00 -2.766312161085830823e+01 0.000000000000000000e+00 -3.279494569467544807e-01 -1.483853759832953756e-01 0.000000000000000000e+00 1.962000000000000171e+02
-7.007097720923731288e+00 -2.767782869413579050e+01 0.000000000000000000e+00 -3.315752994883869320e-01 -1.470708327748226907e-01 0.000000000000000000e+00 1.963000000000000114e+02
-7.043790573859861404e+00 -2.769125405191930511e+01 0.000000000000000000e+00 -3.669285293613011589e-01 -1.342535778351461317e-01 0.000000000000000000e+00 1.964000000000000057e+02
-7.080483426795990631e+00 -2.770467940970281973e+01 0.000000000000000000e+00 -3.669285293612922771e-01 -1.342535778351461317e-01 0.000000000000000000e+00 1.965000000000000000e+02
-7.117176279732120747e+00 -2.771810476748633079e+01 0.000000000000000000e+00 -3.669285293613011589e-01 -1.342535778351106046e-01 0.000000000000000000e+00 1.966000000000000227e+02
-7.153869132668250863e+00 -2.773153012526984540e+01 0.000000000000000000e+00 -3.669285293613011589e-01 -1.342535778351461317e-01 0.000000000000000000e+00 1.967000000000000171e+02
-7.190561985604380979e+00 -2.774495548305336001e+01 0.000000000000000000e+00 -3.669285293613011589e-01 -1.342535778351461317e-01 0.000000000000000000e+00 1.968000000000000114e+02
-7.227254838540511095e+00 -2.775838084083687463e+01 0.000000000000000000e+00 -3.669285293613011589e-01 -1.342535778351461317e-01 0.000000000000000000e+00 1.969000000000000057e+02
-7.263947691476640323e+00 -2.777180619862038924e+01 0.000000000000000000e+00 -3.669285293612922771e-01 -1.342535778351461317e-01 0.000000000000000000e+00 1.970000000000000000e+02
-7.300640544412770438e+00 -2.778523155640390385e+01 0.000000000000000000e+00 -3.669285293613011589e-01 -1.342535778351461317e-01 0.000000000000000000e+00 1.971000000000000227e+02
-7.337333397348900554e+00 -2.779865691418741491e+01 0.000000000000000000e+00 -3.669285293613011589e-01 -1.342535778351106046e-01 0.000000000000000000e+00 1.972000000000000171e+02
-7.372949551740832774e+00 -2.780334560661049181e+01 0.000000000000000000e+00 -3.561615439193221988e-01 -4.688692423076901150e-02 0.000000000000000000e+00 1.973000000000000114e+02
-7.407623017263926357e+00 -2.780038502967173386e+01 0.000000000000000000e+00 -3.467346552309358287e-01 2.960576938757952803e-02 0.000000000000000000e+00 1.974000000000000057e+02
-7.442296482787019052e+00 -2.779742445273297236e+01 0.000000000000000000e+00 -3.467346552309269470e-01 2.960576938761505517e-02 0.000000000000000000e+00 1.975000000000000000e+02
-7.476969948310111747e+00 -2.779446387579421440e+01 0.000000000000000000e+00 -3.467346552309269470e-01 2.960576938757952803e-02 0.000000000000000000e+00 1.976000000000000227e+02
-7.511643413833204441e+00 -2.779150329885545645e+01 0.000000000000000000e+00 -3.467346552309269470e-01 2.960576938757952803e-02 0.000000000000000000e+00 1.977000000000000171e+02
-7.546316879356297136e+00 -2.778854272191669494e+01 0.000000000000000000e+00 -3.467346552309269470e-01 2.960576938761505517e-02 0.000000000000000000e+00 1.978000000000000114e+02
-7.580990344879389831e+00 -2.778558214497793699e+01 0.000000000000000000e+00 -3.467346552309269470e-01 2.960576938757952803e-02 0.000000000000000000e+00 1.979000000000000057e+02
-7.615663810402483413e+00 -2.778262156803917904e+01 0.000000000000000000e+00 -3.467346552309358287e-01 2.960576938757952803e-02 0.000000000000000000e+00 1.980000000000000000e+02
-7.650698638082135794e+00 -2.777894366655090508e+01 0.000000000000000000e+00 -3.503482767965238054e-01 3.677901488273960240e-02 0.000000000000000000e+00 1.981000000000000227e+02
-7.686635787132352071e+00 -2.777347460553221126e+01 0.000000000000000000e+00 -3.593714905021627715e-01 5.469061018693821552e-02 0.000000000000000000e+00 1.982000000000000171e+02
-7.722572936182569237e+00 -2.776800554451351744e+01 0.000000000000000000e+00 -3.593714905021716532e-01 5.469061018693821552e-02 0.000000000000000000e+00 1.983000000000000114e+02
-7.758510085232785514e+00 -2.776253648349482361e+01 0.000000000000000000e+00 -3.593714905021627715e-01 5.469061018693821552e-02 0.000000000000000000e+00 1.984000000000000057e+02
-7.794447234283002679e+00 -2.775706742247612979e+01 0.000000000000000000e+00 -3.593714905021716532e-01 5.469061018693821552e-02 0.000000000000000000e+00 1.985000000000000000e+02
-7.830384383333218956e+00 -2.775159836145743597e+01 0.000000000000000000e+00 -3.593714905021627715e-01 5.469061018693821552e-02 0.000000000000000000e+00 1.986000000000000227e+02
-7.866321532383436121e+00 -2.774612930043874215e+01 0.000000000000000000e+00 -3.593714905021716532e-01 5.469061018693821552e-02 0.000000000000000000e+00 1.987000000000000171e+02
-7.902258681433652399e+00 -2.774066023942004833e+01 0.000000000000000000e+00 -3.593714905021627715e-01 5.469061018693821552e-02 0.000000000000000000e+00 1.988000000000000114e+02
-7.938195830483869564e+00 -2.773519117840135451e+01 0.000000000000000000e+00 -3.593714905021716532e-01 5.469061018693821552e-02 0.000000000000000000e+00 1.989000000000000057e+02
-7.978346298598393282e+00 -2.772720128358302105e+01 0.000000000000000000e+00 -4.015046811452371855e-01 7.989894818333453941e-02 0.000000000000000000e+00 1.990000000000000000e+02
-8.021347043504915675e+00 -2.771750606477523249e+01 0.000000000000000000e+00 -4.300074490652239234e-01 9.695218807788563709e-02 0.000000000000000000e+00 1.991000000000000227e+02
-8.064347788411437179e+00 -2.770781084596744392e+01 0.000000000000000000e+00 -4.300074490652150416e-01 9.695218807788563709e-02 0.000000000000000000e+00 1.992000000000000171e+02
-8.107348533317958683e+00 -2.769811562715965536e+01 0.000000000000000000e+00 -4.300074490652150416e-01 9.695218807788563709e-02 0.000000000000000000e+00 1.993000000000000114e+02
-8.150349278224480187e+00 -2.768842040835186680e+01 0.000000000000000000e+00 -4.300074490652150416e-01 9.695218807788563709e-02 0.000000000000000000e+00 1.994000000000000057e+02
-8.193350023131001691e+00 -2.767872518954407823e+01 0.000000000000000000e+00 -4.300074490652150416e-01 9.695218807788563709e-02 0.000000000000000000e+00 1.995000000000000000e+02
-8.236350768037523196e+00 -2.766902997073628612e+01 0.000000000000000000e+00 -4.300074490652150416e-01 9.695218807792116422e-02 0.000000000000000000e+00 1.996000000000000227e+02
-8.279351512944044700e+00 -2.765933475192849755e+01 0.000000000000000000e+00 -4.300074490652150416e-01 9.695218807788563709e-02 0.000000000000000000e+00 1.997000000000000171e+02
-8.322352257850566204e+00 -2.764963953312070899e+01 0.000000000000000000e+00 -4.300074490652150416e-01 9.695218807788563709e-02 0.000000000000000000e+00 1.998000000000000114e+02
-8.365353002757087708e+00 -2.763994431431292043e+01 0.000000000000000000e+00 -4.300074490652150416e-01 9.695218807788563709e-02 0.000000000000000000e+00 1.999000000000000057e+02
-8.408353747663609212e+00 -2.763024909550513186e+01 0.000000000000000000e+00 -4.300074490652150416e-01 9.695218807788563709e-02 0.000000000000000000e+00 2.000000000000000000e+02
-8.443141867696411396e+00 -2.765297387070945945e+01 0.000000000000000000e+00 -3.478812003280218335e-01 -2.272477520432758524e-01 0.000000000000000000e+00 2.001000000000000227e+02
-8.475454769234412211e+00 -2.768546976903387247e+01 0.000000000000000000e+00 -3.231290153800081555e-01 -3.249589832441301951e-01 0.000000000000000000e+00 2.002000000000000171e+02
-8.507767670772413027e+00 -2.771796566735828549e+01 0.000000000000000000e+00 -3.231290153800081555e-01 -3.249589832441301951e-01 0.000000000000000000e+00 2.003000000000000114e+02
-8.540080572310413842e+00 -2.775046156568269851e+01 0.000000000000000000e+00 -3.231290153800081555e-01 -3.249589832441301951e-01 0.000000000000000000e+00 2.004000000000000057e+02
-8.572393473848414658e+00 -2.778295746400711153e+01 0.000000000000000000e+00 -3.231290153800081555e-01 -3.249589832441301951e-01 0.000000000000000000e+00 2.005000000000000000e+02
-8.604706375386415473e+00 -2.781545336233152454e+01 0.000000000000000000e+00 -3.231290153800081555e-01 -3.249589832441301951e-01 0.000000000000000000e+00 2.006000000000000227e+02
-8.637019276924416289e+00 -2.784794926065593756e+01 0.000000000000000000e+00 -3.231290153800081555e-01 -3.249589832441301951e-01 0.000000000000000000e+00 2.007000000000000171e+02
-8.669332178462415328e+00 -2.788044515898035058e+01 0.000000000000000000e+00 -3.231290153799903919e-01 -3.249589832441301951e-01 0.000000000000000000e+00 2.008000000000000114e+02
-8.701645080000416144e+00 -2.791294105730476360e+01 0.000000000000000000e+00 -3.231290153800081555e-01 -3.249589832441301951e-01 0.000000000000000000e+00 2.009000000000000057e+02
-8.733595733750291856e+00 -2.795167691717700009e+01 0.000000000000000000e+00 -3.195065374987571261e-01 -3.873585987223648885e-01 0.000000000000000000e+00 2.010000000000000000e+02
-8.765062374832236713e+00 -2.799875022046656881e+01 0.000000000000000000e+00 -3.146664108194485721e-01 -4.707330328956871313e-01 0.000000000000000000e+00 2.011000000000000227e+02
-8.796529015914179794e+00 -2.804582352375614107e+01 0.000000000000000000e+00 -3.146664108194308085e-01 -4.707330328957226584e-01 0.000000000000000000e+00 2.012000000000000171e+02
-8.827995656996124652e+00 -2.809289682704571334e+01 0.000000000000000000e+00 -3.146664108194485721e-01 -4.707330328957226584e-01 0.000000000000000000e+00 2.013000000000000114e+02
-8.859462298078069509e+00 -2.813997013033528560e+01 0.000000000000000000e+00 -3.146664108194485721e-01 -4.707330328957226584e-01 0.000000000000000000e+00 2.014000000000000057e+02
-8.890928939160012590e+00 -2.818704343362485787e+01 0.000000000000000000e+00 -3.146664108194308085e-01 -4.707330328957226584e-01 0.000000000000000000e+00 2.015000000000000000e+02
-8.922395580241957447e+00 -2.823411673691443013e+01 0.000000000000000000e+00 -3.146664108194485721e-01 -4.707330328957226584e-01 0.000000000000000000e+00 2.016000000000000227e+02
-8.953862221323900528e+00 -2.828119004020400240e+01 0.000000000000000000e+00 -3.146664108194308085e-01 -4.707330328957226584e-01 0.000000000000000000e+00 2.017000000000000171e+02
-8.985328862405845385e+00 -2.832826334349357111e+01 0.000000000000000000e+00 -3.146664108194485721e-01 -4.707330328956871313e-01 0.000000000000000000e+00 2.018000000000000114e+02
-9.016795503487788466e+00 -2.837533664678314338e+01 0.000000000000000000e+00 -3.146664108194308085e-01 -4.707330328957226584e-01 0.000000000000000000e+00 2.019000000000000057e+02
-9.048262144569733323e+00 -2.842240995007271565e+01 0.000000000000000000e+00 -3.146664108194485721e-01 -4.707330328957226584e-01 0.000000000000000000e+00 2.020000000000000000e+02
-9.079728785651678180e+00 -2.846948325336228791e+01 0.000000000000000000e+00 -3.146664108194485721e-01 -4.707330328957226584e-01 0.000000000000000000e+00 2.021000000000000227e+02
-9.111195426733621261e+00 -2.851655655665186018e+01 0.000000000000000000e+00 -3.146664108194308085e-01 -4.707330328957226584e-01 0.000000000000000000e+00 2.022000000000000171e+02
-9.138652022280826515e+00 -2.856419257177542192e+01 0.000000000000000000e+00 -2.745659554720525364e-01 -4.763601512356174794e-01 0.000000000000000000e+00 2.023000000000000114e+02
-9.163573297722226840e+00 -2.861218435708018148e+01 0.000000000000000000e+00 -2.492127544140032569e-01 -4.799178530475955995e-01 0.000000000000000000e+00 2.024000000000000057e+02
-9.188494573163625390e+00 -2.866017614238494104e+01 0.000000000000000000e+00 -2.492127544139854933e-01 -4.799178530475955995e-01 0.000000000000000000e+00 2.025000000000000000e+02
-9.213415848605025715e+00 -2.870816792768970060e+01 0.000000000000000000e+00 -2.492127544140032569e-01 -4.799178530475955995e-01 0.000000000000000000e+00 2.026000000000000227e+02
-9.238337124046424265e+00 -2.875615971299446016e+01 0.000000000000000000e+00 -2.492127544139854933e-01 -4.799178530475955995e-01 0.000000000000000000e+00 2.027000000000000171e+02
-9.263258399487824590e+00 -2.880415149829921617e+01 0.000000000000000000e+00 -2.492127544140032569e-01 -4.799178530475600724e-01 0.000000000000000000e+00 2.028000000000000114e+02
-9.288179674929224916e+00 -2.885214328360397573e+01 0.000000000000000000e+00 -2.492127544140032569e-01 -4.799178530475955995e-01 0.000000000000000000e+00 2.029000000000000057e+02
-9.313100950370623465e+00 -2.890013506890873529e+01 0.000000000000000000e+00 -2.492127544139854933e-01 -4.799178530475955995e-01 0.000000000000000000e+00 2.030000000000000000e+02
-9.338022225812023791e+00 -2.894812685421349485e+01 0.000000000000000000e+00 -2.492127544140032569e-01 -4.799178530475955995e-01 0.000000000000000000e+00 2.031000000000000227e+02
-9.362943501253422340e+00 -2.899611863951825086e+01 0.000000000000000000e+00 -2.492127544139854933e-01 -4.799178530475600724e-01 0.000000000000000000e+00 2.032000000000000171e+02
-9.387864776694822666e+00 -2.904411042482301042e+01 0.000000000000000000e+00 -2.492127544140032569e-01 -4.799178530475955995e-01 0.000000000000000000e+00 2.033000000000000114e+02
-9.412786052136222992e+00 -2.909210221012776998e+01 0.000000000000000000e+00 -2.492127544140032569e-01 -4.799178530475955995e-01 0.000000000000000000e+00 2.034000000000000057e+02
-9.436051115785909715e+00 -2.913950081894798672e+01 0.000000000000000000e+00 -2.326506364968672358e-01 -4.739860882021673660e-01 0.000000000000000000e+00 2.035000000000000000e+02
-9.435134728509043001e+00 -2.917823877933932408e+01 0.000000000000000000e+00 9.163872768667147284e-03 -3.873796039133736713e-01 0.000000000000000000e+00 2.036000000000000227e+02
-9.434218341232174510e+00 -2.921697673973066500e+01 0.000000000000000000e+00 9.163872768684910852e-03 -3.873796039134091984e-01 0.000000000000000000e+00 2.037000000000000171e+02
-9.433301953955306018e+00 -2.925571470012200592e+01 0.000000000000000000e+00 9.163872768684910852e-03 -3.873796039134091984e-01 0.000000000000000000e+00 2.038000000000000114e+02
-9.432385566678439304e+00 -2.929445266051334329e+01 0.000000000000000000e+00 9.163872768667147284e-03 -3.873796039133736713e-01 0.000000000000000000e+00 2.039000000000000057e+02
-9.431469179401570813e+00 -2.933319062090468421e+01 0.000000000000000000e+00 9.163872768684910852e-03 -3.873796039134091984e-01 0.000000000000000000e+00 2.040000000000000000e+02
-9.430552792124704098e+00 -2.937192858129602158e+01 0.000000000000000000e+00 9.163872768667147284e-03 -3.873796039133736713e-01 0.000000000000000000e+00 2.041000000000000227e+02
-9.429636404847835607e+00 -2.941066654168736250e+01 0.000000000000000000e+00 9.163872768684910852e-03 -3.873796039134091984e-01 0.000000000000000000e+00 2.042000000000000171e+02
-9.428720017570967116e+00 -2.944940450207870342e+01 0.000000000000000000e+00 9.163872768684910852e-03 -3.873796039134091984e-01 0.000000000000000000e+00 2.043000000000000114e+02
-9.427803630294100401e+00 -2.948814246247004078e+01 0.000000000000000000e+00 9.163872768667147284e-03 -3.873796039133736713e-01 0.000000000000000000e+00 2.044000000000000057e+02
-9.424617058860389918e+00 -2.952160265883091839e+01 0.000000000000000000e+00 3.186571433710483348e-02 -3.346019636087760318e-01 0.000000000000000000e+00 2.045000000000000000e+02
-9.421221861438271006e+00 -2.955457783782695458e+01 0.000000000000000000e+00 3.395197422118911845e-02 -3.297517899603619185e-01 0.000000000000000000e+00 2.046000000000000227e+02
-9.417826664016150318e+00 -2.958755301682299432e+01 0.000000000000000000e+00 3.395197422120688202e-02 -3.297517899603974456e-01 0.000000000000000000e+00 2.047000000000000171e+02
-9.414431466594031406e+00 -2.962052819581903407e+01 0.000000000000000000e+00 3.395197422118911845e-02 -3.297517899603974456e-01 0.000000000000000000e+00 2.048000000000000114e+02
-9.411036269171912494e+00 -2.965350337481507026e+01 0.000000000000000000e+00 3.395197422118911845e-02 -3.297517899603619185e-01 0.000000000000000000e+00 2.049000000000000057e+02
-9.407641071749791806e+00 -2.968647855381111000e+01 0.000000000000000000e+00 3.395197422120688202e-02 -3.297517899603974456e-01 0.000000000000000000e+00 2.050000000000000000e+02
-9.404245874327672894e+00 -2.971945373280714620e+01 0.000000000000000000e+00 3.395197422118911845e-02 -3.297517899603619185e-01 0.000000000000000000e+00 2.051000000000000227e+02
-9.400850676905552206e+00 -2.975242891180318594e+01 0.000000000000000000e+00 3.395197422120688202e-02 -3.297517899603974456e-01 0.000000000000000000e+00 2.052000000000000171e+02
-9.397477328533206276e+00 -2.979041611700669634e+01 0.000000000000000000e+00 3.373348372345930102e-02 -3.798720520351039909e-01 0.000000000000000000e+00 2.053000000000000114e+02
-9.394105055373657365e+00 -2.982864996885038522e+01 0.000000000000000000e+00 3.372273159548910826e-02 -3.823385184368888190e-01 0.000000000000000000e+00 2.054000000000000057e+02
-9.390732782214108454e+00 -2.986688382069407410e+01 0.000000000000000000e+00 3.372273159548910826e-02 -3.823385184368888190e-01 0.000000000000000000e+00 2.055000000000000000e+02
-9.387360509054559543e+00 -2.990511767253776299e+01 0.000000000000000000e+00 3.372273159548910826e-02 -3.823385184368888190e-01 0.000000000000000000e+00 2.056000000000000227e+02
-9.383988235895010632e+00 -2.994335152438145187e+01 0.000000000000000000e+00 3.372273159548910826e-02 -3.823385184368888190e-01 0.000000000000000000e+00 2.057000000000000171e+02
-9.380615962735461721e+00 -2.998158537622514075e+01 0.000000000000000000e+00 3.372273159548910826e-02 -3.823385184368888190e-01 0.000000000000000000e+00 2.058000000000000114e+02
-9.377243689575912811e+00 -3.001981922806882963e+01 0.000000000000000000e+00 3.372273159548910826e-02 -3.823385184368888190e-01 0.000000000000000000e+00 2.059000000000000057e+02
-9.373871416416362123e+00 -3.005805307991251851e+01 0.000000000000000000e+00 3.372273159550687183e-02 -3.823385184368888190e-01 0.000000000000000000e+00 2.060000000000000000e+02
-9.370499143256813213e+00 -3.009628693175621095e+01 0.000000000000000000e+00 3.372273159548910826e-02 -3.823385184369243461e-01 0.000000000000000000e+00 2.061000000000000227e+02
-9.367315427281861062e+00 -3.013613697640141709e+01 0.000000000000000000e+00 3.183715974952150418e-02 -3.985004464520613965e-01 0.000000000000000000e+00 2.062000000000000171e+02
-9.364155379667261414e+00 -3.017618989124596851e+01 0.000000000000000000e+00 3.160047614599648114e-02 -4.005291484455142381e-01 0.000000000000000000e+00 2.063000000000000114e+02
-9.360995332052661766e+00 -3.021624280609052349e+01 0.000000000000000000e+00 3.160047614599648114e-02 -4.005291484455497653e-01 0.000000000000000000e+00 2.064000000000000057e+02
-9.357835284438062118e+00 -3.025629572093507846e+01 0.000000000000000000e+00 3.160047614599648114e-02 -4.005291484455497653e-01 0.000000000000000000e+00 2.065000000000000000e+02
-9.354675236823462470e+00 -3.029634863577962989e+01 0.000000000000000000e+00 3.160047614599648114e-02 -4.005291484455142381e-01 0.000000000000000000e+00 2.066000000000000227e+02
-9.351515189208862822e+00 -3.033640155062418486e+01 0.000000000000000000e+00 3.160047614599648114e-02 -4.005291484455497653e-01 0.000000000000000000e+00 2.067000000000000171e+02
-9.348355141594261397e+00 -3.037645446546873984e+01 0.000000000000000000e+00 3.160047614601424470e-02 -4.005291484455497653e-01 0.000000000000000000e+00 2.068000000000000114e+02
-9.345195093979661749e+00 -3.041650738031329126e+01 0.000000000000000000e+00 3.160047614599648114e-02 -4.005291484455142381e-01 0.000000000000000000e+00 2.069000000000000057e+02
-9.342035046365062101e+00 -3.045656029515784624e+01 0.000000000000000000e+00 3.160047614599648114e-02 -4.005291484455497653e-01 0.000000000000000000e+00 2.070000000000000000e+02
-9.340737827724289843e+00 -3.049405040278869095e+01 0.000000000000000000e+00 1.297218640772257459e-02 -3.749010763084470454e-01 0.000000000000000000e+00 2.071000000000000227e+02
-9.340987027461475023e+00 -3.052941300852316431e+01 0.000000000000000000e+00 -2.491997371851795151e-03 -3.536260573447336242e-01 0.000000000000000000e+00 2.072000000000000171e+02
-9.341236227198658426e+00 -3.056477561425763767e+01 0.000000000000000000e+00 -2.491997371834031583e-03 -3.536260573447336242e-01 0.000000000000000000e+00 2.073000000000000114e+02
-9.341485426935843606e+00 -3.060013821999210748e+01 0.000000000000000000e+00 -2.491997371851795151e-03 -3.536260573446980970e-01 0.000000000000000000e+00 2.074000000000000057e+02
-9.341734626673027009e+00 -3.063550082572658084e+01 0.000000000000000000e+00 -2.491997371834031583e-03 -3.536260573447336242e-01 0.000000000000000000e+00 2.075000000000000000e+02
-9.341983826410212188e+00 -3.067086343146105420e+01 0.000000000000000000e+00 -2.491997371851795151e-03 -3.536260573447336242e-01 0.000000000000000000e+00 2.076000000000000227e+02
-9.342233026147397368e+00 -3.070622603719552757e+01 0.000000000000000000e+00 -2.491997371851795151e-03 -3.536260573447336242e-01 0.000000000000000000e+00 2.077000000000000171e+02
-9.342482225884580771e+00 -3.074158864292999738e+01 0.000000000000000000e+00 -2.491997371834031583e-03 -3.536260573446980970e-01 0.000000000000000000e+00 2.078000000000000114e+02
-9.342935722170816248e+00 -3.077913544624437492e+01 0.000000000000000000e+00 -4.534962862354774416e-03 -3.754680331437754148e-01 0.000000000000000000e+00 2.079000000000000057e+02
-9.343839807107661599e+00 -3.082149963215658062e+01 0.000000000000000000e+00 -9.040849368453507395e-03 -4.236418591220569851e-01 0.000000000000000000e+00 2.080000000000000000e+02
-9.344743892044506950e+00 -3.086386381806878632e+01 0.000000000000000000e+00 -9.040849368453507395e-03 -4.236418591220569851e-01 0.000000000000000000e+00 2.081000000000000227e+02
-9.345647976981352301e+00 -3.090622800398099557e+01 0.000000000000000000e+00 -9.040849368453507395e-03 -4.236418591220925123e-01 0.000000000000000000e+00 2.082000000000000171e+02
-9.346552061918197651e+00 -3.094859218989320127e+01 0.000000000000000000e+00 -9.040849368453507395e-03 -4.236418591220569851e-01 0.000000000000000000e+00 2.083000000000000114e+02
-9.347456146855043002e+00 -3.099095637580540696e+01 0.000000000000000000e+00 -9.040849368453507395e-03 -4.236418591220569851e-01 0.000000000000000000e+00 2.084000000000000057e+02
-9.348360231791886577e+00 -3.103332056171761621e+01 0.000000000000000000e+00 -9.040849368435743827e-03 -4.236418591220925123e-01 0.000000000000000000e+00 2.085000000000000000e+02
-9.349264316728731927e+00 -3.107568474762982191e+01 0.000000000000000000e+00 -9.040849368453507395e-03 -4.236418591220569851e-01 0.000000000000000000e+00 2.086000000000000227e+02
-9.350168401665577278e+00 -3.111804893354202761e+01 0.000000000000000000e+00 -9.040849368453507395e-03 -4.236418591220569851e-01 0.000000000000000000e+00 2.087000000000000171e+02
-9.351072486602422629e+00 -3.116041311945423686e+01 0.000000000000000000e+00 -9.040849368453507395e-03 -4.236418591220925123e-01 0.000000000000000000e+00 2.088000000000000114e+02
-9.351976571539267979e+00 -3.120277730536644256e+01 0.000000000000000000e+00 -9.040849368453507395e-03 -4.236418591220569851e-01 0.000000000000000000e+00 2.089000000000000057e+02
-9.353324117209803390e+00 -3.123934096439652919e+01 0.000000000000000000e+00 -1.347545670535410522e-02 -3.656365903008662599e-01 0.000000000000000000e+00 2.090000000000000000e+02
-9.354708698803401390e+00 -3.127542018850148864e+01 0.000000000000000000e+00 -1.384581593597999927e-02 -3.607922410495945087e-01 0.000000000000000000e+00 2.091000000000000227e+02
-9.356093280396997613e+00 -3.131149941260645164e+01 0.000000000000000000e+00 -1.384581593596223570e-02 -3.607922410496300358e-01 0.000000000000000000e+00 2.092000000000000171e+02
-9.357477861990595613e+00 -3.134757863671141109e+01 0.000000000000000000e+00 -1.384581593597999927e-02 -3.607922410495945087e-01 0.000000000000000000e+00 2.093000000000000114e+02
-9.358862443584191837e+00 -3.138365786081637054e+01 0.000000000000000000e+00 -1.384581593596223570e-02 -3.607922410495945087e-01 0.000000000000000000e+00 2.094000000000000057e+02
-9.360247025177789837e+00 -3.141973708492132999e+01 0.000000000000000000e+00 -1.384581593597999927e-02 -3.607922410495945087e-01 0.000000000000000000e+00 2.095000000000000000e+02
-9.361631606771386060e+00 -3.145581630902628945e+01 0.000000000000000000e+00 -1.384581593596223570e-02 -3.607922410495945087e-01 0.000000000000000000e+00 2.096000000000000227e+02
-9.363016188364984060e+00 -3.149189553313124890e+01 0.000000000000000000e+00 -1.384581593597999927e-02 -3.607922410495945087e-01 0.000000000000000000e+00 2.097000000000000171e+02
-9.364329778662929371e+00 -3.153184124219965767e+01 0.000000000000000000e+00 -1.313590297945310681e-02 -3.994570906840877456e-01 0.000000000000000000e+00 2.098000000000000114e+02
-9.365614607476537401e+00 -3.157335342284332214e+01 0.000000000000000000e+00 -1.284828813608029918e-02 -4.151218064366446470e-01 0.000000000000000000e+00 2.099000000000000057e+02
-9.366899436290143655e+00 -3.161486560348699015e+01 0.000000000000000000e+00 -1.284828813606253561e-02 -4.151218064366801741e-01 0.000000000000000000e+00 2.100000000000000000e+02
-9.368184265103751684e+00 -3.165637778413065817e+01 0.000000000000000000e+00 -1.284828813608029918e-02 -4.151218064366801741e-01 0.000000000000000000e+00 2.101000000000000227e+02
-9.369469093917357938e+00 -3.169788996477432619e+01 0.000000000000000000e+00 -1.284828813606253561e-02 -4.151218064366801741e-01 0.000000000000000000e+00 2.102000000000000171e+02
-9.370753922730965968e+00 -3.173940214541799421e+01 0.000000000000000000e+00 -1.284828813608029918e-02 -4.151218064366801741e-01 0.000000000000000000e+00 2.103000000000000114e+02
-9.372038751544572222e+00 -3.178091432606165867e+01 0.000000000000000000e+00 -1.284828813606253561e-02 -4.151218064366446470e-01 0.000000000000000000e+00 2.104000000000000057e+02
-9.373323580358178475e+00 -3.182242650670532669e+01 0.000000000000000000e+00 -1.284828813606253561e-02 -4.151218064366801741e-01 0.000000000000000000e+00 2.105000000000000000e+02
-9.374608409171786505e+00 -3.186393868734899470e+01 0.000000000000000000e+00 -1.284828813608029918e-02 -4.151218064366801741e-01 0.000000000000000000e+00 2.106000000000000227e+02
-9.372657313188714312e+00 -3.191289076395591806e+01 0.000000000000000000e+00 1.951095983072193008e-02 -4.895207660692335594e-01 0.000000000000000000e+00 2.107000000000000171e+02
-9.367238449360266728e+00 -3.196981577986625567e+01 0.000000000000000000e+00 5.418863828447584297e-02 -5.692501591033760633e-01 0.000000000000000000e+00 2.108000000000000114e+02
-9.361819585531817367e+00 -3.202674079577658972e+01 0.000000000000000000e+00 5.418863828449360653e-02 -5.692501591033405361e-01 0.000000000000000000e+00 2.109000000000000057e+02
-9.356400721703369783e+00 -3.208366581168692733e+01 0.000000000000000000e+00 5.418863828447584297e-02 -5.692501591033760633e-01 0.000000000000000000e+00 2.110000000000000000e+02
-9.350981857874922198e+00 -3.214059082759726493e+01 0.000000000000000000e+00 5.418863828447584297e-02 -5.692501591033760633e-01 0.000000000000000000e+00 2.111000000000000227e+02
-9.345562994046474614e+00 -3.219751584350760254e+01 0.000000000000000000e+00 5.418863828447584297e-02 -5.692501591033760633e-01 0.000000000000000000e+00 2.112000000000000171e+02
-9.340144130218025253e+00 -3.225444085941794015e+01 0.000000000000000000e+00 5.418863828449360653e-02 -5.692501591033760633e-01 0.000000000000000000e+00 2.113000000000000114e+02
-9.334725266389577669e+00 -3.231136587532827775e+01 0.000000000000000000e+00 5.418863828447584297e-02 -5.692501591033760633e-01 0.000000000000000000e+00 2.114000000000000057e+02
-9.329306402561130085e+00 -3.236829089123860825e+01 0.000000000000000000e+00 5.418863828447584297e-02 -5.692501591033050090e-01 0.000000000000000000e+00 2.115000000000000000e+02
-9.323887538732682501e+00 -3.242521590714894586e+01 0.000000000000000000e+00 5.418863828447584297e-02 -5.692501591033760633e-01 0.000000000000000000e+00 2.116000000000000227e+02
-9.318468674904233140e+00 -3.248214092305928347e+01 0.000000000000000000e+00 5.418863828449360653e-02 -5.692501591033760633e-01 0.000000000000000000e+00 2.117000000000000171e+02
-9.313049811075785556e+00 -3.253906593896962107e+01 0.000000000000000000e+00 5.418863828447584297e-02 -5.692501591033760633e-01 0.000000000000000000e+00 2.118000000000000114e+02
-9.307630947247337971e+00 -3.259599095487995868e+01 0.000000000000000000e+00 5.418863828447584297e-02 -5.692501591033760633e-01 0.000000000000000000e+00 2.119000000000000057e+02
-9.302212083418890387e+00 -3.265291597079029629e+01 0.000000000000000000e+00 5.418863828447584297e-02 -5.692501591033760633e-01 0.000000000000000000e+00 2.120000000000000000e+02
-9.295841324119805904e+00 -3.270551900656730027e+01 0.000000000000000000e+00 6.370759299084483018e-02 -5.260303577700398137e-01 0.000000000000000000e+00 2.121000000000000227e+02
-9.287196602701307313e+00 -3.274779735921762835e+01 0.000000000000000000e+00 8.644721418498590992e-02 -4.227835265032808820e-01 0.000000000000000000e+00 2.122000000000000171e+02
-9.278551881282810498e+00 -3.279007571186795644e+01 0.000000000000000000e+00 8.644721418496814636e-02 -4.227835265032808820e-01 0.000000000000000000e+00 2.123000000000000114e+02
-9.269907159864311907e+00 -3.283235406451827743e+01 0.000000000000000000e+00 8.644721418498590992e-02 -4.227835265032098278e-01 0.000000000000000000e+00 2.124000000000000057e+02
-9.261262438445815093e+00 -3.287463241716860551e+01 0.000000000000000000e+00 8.644721418496814636e-02 -4.227835265032808820e-01 0.000000000000000000e+00 2.125000000000000000e+02
-9.252617717027316502e+00 -3.291691076981893360e+01 0.000000000000000000e+00 8.644721418498590992e-02 -4.227835265032808820e-01 0.000000000000000000e+00 2.126000000000000227e+02
-9.243972995608819687e+00 -3.295918912246925458e+01 0.000000000000000000e+00 8.644721418496814636e-02 -4.227835265032098278e-01 0.000000000000000000e+00 2.127000000000000171e+02
-9.235328274190321096e+00 -3.300146747511958267e+01 0.000000000000000000e+00 8.644721418498590992e-02 -4.227835265032808820e-01 0.000000000000000000e+00 2.128000000000000114e+02
-9.226683552771824282e+00 -3.304374582776991076e+01 0.000000000000000000e+00 8.644721418496814636e-02 -4.227835265032808820e-01 0.000000000000000000e+00 2.129000000000000057e+02
-9.218038831353327467e+00 -3.308602418042023174e+01 0.000000000000000000e+00 8.644721418496814636e-02 -4.227835265032098278e-01 0.000000000000000000e+00 2.130000000000000000e+02
-9.204398435963698333e+00 -3.312189490392473346e+01 0.000000000000000000e+00 1.364039538962913412e-01 -3.587072350450171143e-01 0.000000000000000000e+00 2.131000000000000227e+02
-9.184221220600784719e+00 -3.314938126959805231e+01 0.000000000000000000e+00 2.017721536291361417e-01 -2.748636567331885772e-01 0.000000000000000000e+00 2.132000000000000171e+02
-9.164044005237869328e+00 -3.317686763527137117e+01 0.000000000000000000e+00 2.017721536291539053e-01 -2.748636567331885772e-01 0.000000000000000000e+00 2.133000000000000114e+02
-9.143866789874955714e+00 -3.320435400094469003e+01 0.000000000000000000e+00 2.017721536291361417e-01 -2.748636567331885772e-01 0.000000000000000000e+00 2.134000000000000057e+02
-9.123689574512040323e+00 -3.323184036661800889e+01 0.000000000000000000e+00 2.017721536291539053e-01 -2.748636567331885772e-01 0.000000000000000000e+00 2.135000000000000000e+02
-9.103512359149126709e+00 -3.325932673229132774e+01 0.000000000000000000e+00 2.017721536291361417e-01 -2.748636567331885772e-01 0.000000000000000000e+00 2.136000000000000227e+02
-9.083335143786211319e+00 -3.328681309796464660e+01 0.000000000000000000e+00 2.017721536291539053e-01 -2.748636567331885772e-01 0.000000000000000000e+00 2.137000000000000171e+02
-9.063157928423297705e+00 -3.331429946363796546e+01 0.000000000000000000e+00 2.017721536291361417e-01 -2.748636567331885772e-01 0.000000000000000000e+00 2.138000000000000114e+02
-9.041438868597264644e+00 -3.334232459145523109e+01 0.000000000000000000e+00 2.171905982603306029e-01 -2.802512781726562707e-01 0.000000000000000000e+00 2.139000000000000057e+02
-9.018268278518773329e+00 -3.337085692318930796e+01 0.000000000000000000e+00 2.317059007849131547e-01 -2.853233173407687673e-01 0.000000000000000000e+00 2.140000000000000000e+02
-8.995097688440280237e+00 -3.339938925492339195e+01 0.000000000000000000e+00 2.317059007849309182e-01 -2.853233173408398216e-01 0.000000000000000000e+00 2.141000000000000227e+02
-8.971927098361788921e+00 -3.342792158665746882e+01 0.000000000000000000e+00 2.317059007849131547e-01 -2.853233173407687673e-01 0.000000000000000000e+00 2.142000000000000171e+02
-8.948756508283295830e+00 -3.345645391839155280e+01 0.000000000000000000e+00 2.317059007849309182e-01 -2.853233173408398216e-01 0.000000000000000000e+00 2.143000000000000114e+02
-8.925585918204804514e+00 -3.348498625012562968e+01 0.000000000000000000e+00 2.317059007849131547e-01 -2.853233173407687673e-01 0.000000000000000000e+00 2.144000000000000057e+02
-8.902415328126311422e+00 -3.351351858185971366e+01 0.000000000000000000e+00 2.317059007849309182e-01 -2.853233173408398216e-01 0.000000000000000000e+00 2.145000000000000000e+02
-8.879244738047820107e+00 -3.354205091359379054e+01 0.000000000000000000e+00 2.317059007849131547e-01 -2.853233173407687673e-01 0.000000000000000000e+00 2.146000000000000227e+02
-8.856074147969328791e+00 -3.357058324532786742e+01 0.000000000000000000e+00 2.317059007849131547e-01 -2.853233173407687673e-01 0.000000000000000000e+00 2.147000000000000171e+02
-8.832359837778245293e+00 -3.360020698386549753e+01 0.000000000000000000e+00 2.371431019108349858e-01 -2.962373853763011766e-01 0.000000000000000000e+00 2.148000000000000114e+02
-8.808299016372801660e+00 -3.363052627272045925e+01 0.000000000000000000e+00 2.406082140544363313e-01 -3.031928885496171233e-01 0.000000000000000000e+00 2.149000000000000057e+02
-8.784238194967358027e+00 -3.366084556157542806e+01 0.000000000000000000e+00 2.406082140544363313e-01 -3.031928885496881776e-01 0.000000000000000000e+00 2.150000000000000000e+02
-8.760177373561914393e+00 -3.369116485043038978e+01 0.000000000000000000e+00 2.406082140544363313e-01 -3.031928885496171233e-01 0.000000000000000000e+00 2.151000000000000227e+02
-8.736116552156470760e+00 -3.372148413928535859e+01 0.000000000000000000e+00 2.406082140544363313e-01 -3.031928885496881776e-01 0.000000000000000000e+00 2.152000000000000171e+02
-8.712055730751025351e+00 -3.375180342814032031e+01 0.000000000000000000e+00 2.406082140544540948e-01 -3.031928885496171233e-01 0.000000000000000000e+00 2.153000000000000114e+02
-8.687994909345581718e+00 -3.378212271699528912e+01 0.000000000000000000e+00 2.406082140544363313e-01 -3.031928885496881776e-01 0.000000000000000000e+00 2.154000000000000057e+02
-8.663934087940138085e+00 -3.381244200585025794e+01 0.000000000000000000e+00 2.406082140544363313e-01 -3.031928885496881776e-01 0.000000000000000000e+00 2.155000000000000000e+02
-8.639873266534694451e+00 -3.384276129470521965e+01 0.000000000000000000e+00 2.406082140544363313e-01 -3.031928885496171233e-01 0.000000000000000000e+00 2.156000000000000227e+02
-8.615812445129250818e+00 -3.387308058356018847e+01 0.000000000000000000e+00 2.406082140544363313e-01 -3.031928885496881776e-01 0.000000000000000000e+00 2.157000000000000171e+02
-8.596865847560929197e+00 -3.389926961243168790e+01 0.000000000000000000e+00 1.894659756832162145e-01 -2.618902887149943126e-01 0.000000000000000000e+00 2.158000000000000114e+02
-8.578234201949396009e+00 -3.392520428531384624e+01 0.000000000000000000e+00 1.863164561153318743e-01 -2.593467288215833833e-01 0.000000000000000000e+00 2.159000000000000057e+02
-8.559602556337862822e+00 -3.395113895819600458e+01 0.000000000000000000e+00 1.863164561153318743e-01 -2.593467288215833833e-01 0.000000000000000000e+00 2.160000000000000000e+02
-8.540970910726327858e+00 -3.397707363107815581e+01 0.000000000000000000e+00 1.863164561153496379e-01 -2.593467288215123290e-01 0.000000000000000000e+00 2.161000000000000227e+02
-8.522339265114794671e+00 -3.400300830396031415e+01 0.000000000000000000e+00 1.863164561153318743e-01 -2.593467288215833833e-01 0.000000000000000000e+00 2.162000000000000171e+02
-8.503707619503261483e+00 -3.402894297684247249e+01 0.000000000000000000e+00 1.863164561153318743e-01 -2.593467288215833833e-01 0.000000000000000000e+00 2.163000000000000114e+02
-8.485075973891726520e+00 -3.405487764972463083e+01 0.000000000000000000e+00 1.863164561153496379e-01 -2.593467288215833833e-01 0.000000000000000000e+00 2.164000000000000057e+02
-8.466444328280193332e+00 -3.408081232260678206e+01 0.000000000000000000e+00 1.863164561153318743e-01 -2.593467288215123290e-01 0.000000000000000000e+00 2.165000000000000000e+02
-8.466280194095148204e+00 -3.411773062980471849e+01 0.000000000000000000e+00 1.641341850451283335e-03 -3.691830719793642857e-01 0.000000000000000000e+00 2.166000000000000227e+02
-8.468364566103625535e+00 -3.415598624603234157e+01 0.000000000000000000e+00 -2.084372008477330951e-02 -3.825561622762307934e-01 0.000000000000000000e+00 2.167000000000000171e+02
-8.470448938112101089e+00 -3.419424186225995754e+01 0.000000000000000000e+00 -2.084372008475554594e-02 -3.825561622761597391e-01 0.000000000000000000e+00 2.168000000000000114e+02
-8.472533310120578420e+00 -3.423249747848758062e+01 0.000000000000000000e+00 -2.084372008477330951e-02 -3.825561622762307934e-01 0.000000000000000000e+00 2.169000000000000057e+02
-8.474617682129055751e+00 -3.427075309471519660e+01 0.000000000000000000e+00 -2.084372008477330951e-02 -3.825561622761597391e-01 0.000000000000000000e+00 2.170000000000000000e+02
-8.476702054137531306e+00 -3.430900871094281257e+01 0.000000000000000000e+00 -2.084372008475554594e-02 -3.825561622761597391e-01 0.000000000000000000e+00 2.171000000000000227e+02
-8.478786426146008637e+00 -3.434726432717043565e+01 0.000000000000000000e+00 -2.084372008477330951e-02 -3.825561622762307934e-01 0.000000000000000000e+00 2.172000000000000171e+02
-8.480870798154485968e+00 -3.438551994339805162e+01 0.000000000000000000e+00 -2.084372008477330951e-02 -3.825561622761597391e-01 0.000000000000000000e+00 2.173000000000000114e+02
-8.483542598124376610e+00 -3.442476200710746781e+01 0.000000000000000000e+00 -2.671799969890642501e-02 -3.924206370941618616e-01 0.000000000000000000e+00 2.174000000000000057e+02
-8.487724929270875407e+00 -3.446654065363763664e+01 0.000000000000000000e+00 -4.182331146498796670e-02 -4.177864653016882812e-01 0.000000000000000000e+00 2.175000000000000000e+02
-8.491907260417374204e+00 -3.450831930016779836e+01 0.000000000000000000e+00 -4.182331146498796670e-02 -4.177864653016172269e-01 0.000000000000000000e+00 2.176000000000000227e+02
-8.496089591563874777e+00 -3.455009794669796008e+01 0.000000000000000000e+00 -4.182331146500573027e-02 -4.177864653016172269e-01 0.000000000000000000e+00 2.177000000000000171e+02
-8.500271922710373573e+00 -3.459187659322812181e+01 0.000000000000000000e+00 -4.182331146498796670e-02 -4.177864653016172269e-01 0.000000000000000000e+00 2.178000000000000114e+02
-8.504454253856872370e+00 -3.463365523975829063e+01 0.000000000000000000e+00 -4.182331146498796670e-02 -4.177864653016882812e-01 0.000000000000000000e+00 2.179000000000000057e+02
-8.508636585003372943e+00 -3.467543388628845236e+01 0.000000000000000000e+00 -4.182331146500573027e-02 -4.177864653016172269e-01 0.000000000000000000e+00 2.180000000000000000e+02
-8.512818916149871740e+00 -3.471721253281861408e+01 0.000000000000000000e+00 -4.182331146498796670e-02 -4.177864653016172269e-01 0.000000000000000000e+00 2.181000000000000227e+02
-8.517001247296370536e+00 -3.475899117934878291e+01 0.000000000000000000e+00 -4.182331146498796670e-02 -4.177864653016882812e-01 0.000000000000000000e+00 2.182000000000000171e+02
-8.521183578442871109e+00 -3.480076982587894463e+01 0.000000000000000000e+00 -4.182331146500573027e-02 -4.177864653016172269e-01 0.000000000000000000e+00 2.183000000000000114e+02
-8.518962915375603018e+00 -3.484102234863065917e+01 0.000000000000000000e+00 2.220663067268091595e-02 -4.025252275171453675e-01 0.000000000000000000e+00 2.184000000000000057e+02
-8.508054573494129968e+00 -3.487920420369547259e+01 0.000000000000000000e+00 1.090834188147304928e-01 -3.818185506481341918e-01 0.000000000000000000e+00 2.185000000000000000e+02
-8.497146231612656919e+00 -3.491738605876029311e+01 0.000000000000000000e+00 1.090834188147304928e-01 -3.818185506482052460e-01 0.000000000000000000e+00 2.186000000000000227e+02
-8.486237889731183870e+00 -3.495556791382510653e+01 0.000000000000000000e+00 1.090834188147304928e-01 -3.818185506481341918e-01 0.000000000000000000e+00 2.187000000000000171e+02
-8.475329547849710821e+00 -3.499374976888991995e+01 0.000000000000000000e+00 1.090834188147304928e-01 -3.818185506481341918e-01 0.000000000000000000e+00 2.188000000000000114e+02
-8.464421205968237771e+00 -3.503193162395474047e+01 0.000000000000000000e+00 1.090834188147304928e-01 -3.818185506482052460e-01 0.000000000000000000e+00 2.189000000000000057e+02
-8.453512864086762946e+00 -3.507011347901955389e+01 0.000000000000000000e+00 1.090834188147482564e-01 -3.818185506481341918e-01 0.000000000000000000e+00 2.190000000000000000e+02
-8.442604522205289896e+00 -3.510829533408436731e+01 0.000000000000000000e+00 1.090834188147304928e-01 -3.818185506481341918e-01 0.000000000000000000e+00 2.191000000000000227e+02
-8.431696180323816847e+00 -3.514647718914918784e+01 0.000000000000000000e+00 1.090834188147304928e-01 -3.818185506482052460e-01 0.000000000000000000e+00 2.192000000000000171e+02
-8.421369152362407462e+00 -3.518065287430226817e+01 0.000000000000000000e+00 1.032702796140938517e-01 -3.417568515308033739e-01 0.000000000000000000e+00 2.193000000000000114e+02
-8.411636225893454721e+00 -3.521073426299788167e+01 0.000000000000000000e+00 9.732926468952740606e-02 -3.008138869561349793e-01 0.000000000000000000e+00 2.194000000000000057e+02
-8.401903299424503757e+00 -3.524081565169349517e+01 0.000000000000000000e+00 9.732926468950964249e-02 -3.008138869561349793e-01 0.000000000000000000e+00 2.195000000000000000e+02
-8.392170372955551017e+00 -3.527089704038910867e+01 0.000000000000000000e+00 9.732926468952740606e-02 -3.008138869561349793e-01 0.000000000000000000e+00 2.196000000000000227e+02
-8.382437446486598276e+00 -3.530097842908472217e+01 0.000000000000000000e+00 9.732926468952740606e-02 -3.008138869561349793e-01 0.000000000000000000e+00 2.197000000000000171e+02
-8.372704520017645535e+00 -3.533105981778033566e+01 0.000000000000000000e+00 9.732926468952740606e-02 -3.008138869561349793e-01 0.000000000000000000e+00 2.198000000000000114e+02
-8.362971593548692795e+00 -3.536114120647594916e+01 0.000000000000000000e+00 9.732926468952740606e-02 -3.008138869561349793e-01 0.000000000000000000e+00 2.199000000000000057e+02
-8.353278916473657389e+00 -3.539115975908411116e+01 0.000000000000000000e+00 9.692677075035405210e-02 -3.001855260816199689e-01 0.000000000000000000e+00 2.200000000000000000e+02
-8.346539899178326394e+00 -3.541656715097218466e+01 0.000000000000000000e+00 6.739017295330995694e-02 -2.540739188807350502e-01 0.000000000000000000e+00 2.201000000000000227e+02
-8.339800881882995398e+00 -3.544197454286025817e+01 0.000000000000000000e+00 6.739017295330995694e-02 -2.540739188807350502e-01 0.000000000000000000e+00 2.202000000000000171e+02
-8.333061864587664402e+00 -3.546738193474833878e+01 0.000000000000000000e+00 6.739017295330995694e-02 -2.540739188808061044e-01 0.000000000000000000e+00 2.203000000000000114e+02
-8.326322847292333407e+00 -3.549278932663641228e+01 0.000000000000000000e+00 6.739017295330995694e-02 -2.540739188807350502e-01 0.000000000000000000e+00 2.204000000000000057e+02
-8.319583829997004187e+00 -3.551819671852448579e+01 0.000000000000000000e+00 6.739017295329219337e-02 -2.540739188807350502e-01 0.000000000000000000e+00 2.205000000000000000e+02
-8.312844812701673192e+00 -3.554360411041256640e+01 0.000000000000000000e+00 6.739017295330995694e-02 -2.540739188808061044e-01 0.000000000000000000e+00 2.206000000000000227e+02
-8.314549876082544699e+00 -3.557196233467156787e+01 0.000000000000000000e+00 -1.705063380871507661e-02 -2.835822425900147437e-01 0.000000000000000000e+00 2.207000000000000171e+02
-8.323546886697076985e+00 -3.560286877166909392e+01 0.000000000000000000e+00 -8.997010614532285899e-02 -3.090643699752604334e-01 0.000000000000000000e+00 2.208000000000000114e+02
-8.332543897311607495e+00 -3.563377520866661996e+01 0.000000000000000000e+00 -8.997010614530509542e-02 -3.090643699752604334e-01 0.000000000000000000e+00 2.209000000000000057e+02
-8.341540907926138004e+00 -3.566468164566414600e+01 0.000000000000000000e+00 -8.997010614530509542e-02 -3.090643699752604334e-01 0.000000000000000000e+00 2.210000000000000000e+02
-8.350537918540670290e+00 -3.569558808266167205e+01 0.000000000000000000e+00 -8.997010614532285899e-02 -3.090643699752604334e-01 0.000000000000000000e+00 2.211000000000000227e+02
-8.359534929155200800e+00 -3.572649451965919098e+01 0.000000000000000000e+00 -8.997010614530509542e-02 -3.090643699751893791e-01 0.000000000000000000e+00 2.212000000000000171e+02
-8.368531939769731309e+00 -3.575740095665671703e+01 0.000000000000000000e+00 -8.997010614530509542e-02 -3.090643699752604334e-01 0.000000000000000000e+00 2.213000000000000114e+02
-8.377528950384263595e+00 -3.578830739365424307e+01 0.000000000000000000e+00 -8.997010614532285899e-02 -3.090643699752604334e-01 0.000000000000000000e+00 2.214000000000000057e+02
-8.384222800792644037e+00 -3.582078108550646789e+01 0.000000000000000000e+00 -6.693850408380441763e-02 -3.247369185222481747e-01 0.000000000000000000e+00 2.215000000000000000e+02
-8.388158821726257486e+00 -3.585513142563578981e+01 0.000000000000000000e+00 -3.936020933613448847e-02 -3.435034012932192127e-01 0.000000000000000000e+00 2.216000000000000227e+02
-8.392094842659870935e+00 -3.588948176576511173e+01 0.000000000000000000e+00 -3.936020933613448847e-02 -3.435034012932192127e-01 0.000000000000000000e+00 2.217000000000000171e+02
-8.396030863593486160e+00 -3.592383210589444076e+01 0.000000000000000000e+00 -3.936020933615225204e-02 -3.435034012932902669e-01 0.000000000000000000e+00 2.218000000000000114e+02
-8.399966884527099609e+00 -3.595818244602376268e+01 0.000000000000000000e+00 -3.936020933613448847e-02 -3.435034012932192127e-01 0.000000000000000000e+00 2.219000000000000057e+02
-8.403902905460713058e+00 -3.599253278615308460e+01 0.000000000000000000e+00 -3.936020933613448847e-02 -3.435034012932192127e-01 0.000000000000000000e+00 2.220000000000000000e+02
-8.407838926394328283e+00 -3.602688312628240652e+01 0.000000000000000000e+00 -3.936020933615225204e-02 -3.435034012932192127e-01 0.000000000000000000e+00 2.221000000000000227e+02
-8.411774947327941732e+00 -3.606123346641172844e+01 0.000000000000000000e+00 -3.936020933613448847e-02 -3.435034012932192127e-01 0.000000000000000000e+00 2.222000000000000171e+02
-8.415621792437489646e+00 -3.609554638756957701e+01 0.000000000000000000e+00 -3.846845109547913921e-02 -3.431292115784856378e-01 0.000000000000000000e+00 2.223000000000000114e+02
-8.382732306801926825e+00 -3.611444441655611826e+01 0.000000000000000000e+00 3.288948563556282068e-01 -1.889802898654124874e-01 0.000000000000000000e+00 2.224000000000000057e+02
-8.349842821166364004e+00 -3.613334244554266661e+01 0.000000000000000000e+00 3.288948563556282068e-01 -1.889802898654835417e-01 0.000000000000000000e+00 2.225000000000000000e+02
-8.316953335530801183e+00 -3.615224047452920786e+01 0.000000000000000000e+00 3.288948563556282068e-01 -1.889802898654124874e-01 0.000000000000000000e+00 2.226000000000000227e+02
-8.284063849895240139e+00 -3.617113850351574911e+01 0.000000000000000000e+00 3.288948563556104432e-01 -1.889802898654124874e-01 0.000000000000000000e+00 2.227000000000000171e+02
-8.251174364259677319e+00 -3.619003653250229036e+01 0.000000000000000000e+00 3.288948563556282068e-01 -1.889802898654124874e-01 0.000000000000000000e+00 2.228000000000000114e+02
-8.218284878624114498e+00 -3.620893456148883871e+01 0.000000000000000000e+00 3.288948563556282068e-01 -1.889802898654835417e-01 0.000000000000000000e+00 2.229000000000000057e+02
-8.185395392988551677e+00 -3.622783259047537996e+01 0.000000000000000000e+00 3.288948563556282068e-01 -1.889802898654124874e-01 0.000000000000000000e+00 2.230000000000000000e+02
-8.152505907352988856e+00 -3.624673061946192121e+01 0.000000000000000000e+00 3.288948563556282068e-01 -1.889802898654124874e-01 0.000000000000000000e+00 2.231000000000000227e+02
-8.111210832549648586e+00 -3.626161321157937323e+01 0.000000000000000000e+00 4.129507480334027036e-01 -1.488259211745202037e-01 0.000000000000000000e+00 2.232000000000000171e+02
-8.067124817412745230e+00 -3.627516254263788653e+01 0.000000000000000000e+00 4.408601513690335594e-01 -1.354933105851330311e-01 0.000000000000000000e+00 2.233000000000000114e+02
-8.023038802275841874e+00 -3.628871187369639273e+01 0.000000000000000000e+00 4.408601513690335594e-01 -1.354933105850619768e-01 0.000000000000000000e+00 2.234000000000000057e+02
-7.978952787138937630e+00 -3.630226120475490603e+01 0.000000000000000000e+00 4.408601513690424412e-01 -1.354933105851330311e-01 0.000000000000000000e+00 2.235000000000000000e+02
-7.934866772002034274e+00 -3.631581053581341934e+01 0.000000000000000000e+00 4.408601513690335594e-01 -1.354933105851330311e-01 0.000000000000000000e+00 2.236000000000000227e+02
-7.890780756865130030e+00 -3.632935986687193264e+01 0.000000000000000000e+00 4.408601513690424412e-01 -1.354933105851330311e-01 0.000000000000000000e+00 2.237000000000000171e+02
-7.846694741728226674e+00 -3.634290919793044594e+01 0.000000000000000000e+00 4.408601513690335594e-01 -1.354933105851330311e-01 0.000000000000000000e+00 2.238000000000000114e+02
-7.802608726591323318e+00 -3.635645852898895924e+01 0.000000000000000000e+00 4.408601513690335594e-01 -1.354933105851330311e-01 0.000000000000000000e+00 2.239000000000000057e+02
-7.758522711454419074e+00 -3.637000786004747255e+01 0.000000000000000000e+00 4.408601513690424412e-01 -1.354933105851330311e-01 0.000000000000000000e+00 2.240000000000000000e+02
-7.714436696317515718e+00 -3.638355719110597875e+01 0.000000000000000000e+00 4.408601513690335594e-01 -1.354933105850619768e-01 0.000000000000000000e+00 2.241000000000000227e+02
-7.669191214699264236e+00 -3.639699197755817295e+01 0.000000000000000000e+00 4.524548161825148185e-01 -1.343478645219420287e-01 0.000000000000000000e+00 2.242000000000000171e+02
-7.621204375502676598e+00 -3.641015594313744685e+01 0.000000000000000000e+00 4.798683919658763841e-01 -1.316396557927390631e-01 0.000000000000000000e+00 2.243000000000000114e+02
-7.573217536306088959e+00 -3.642331990871672076e+01 0.000000000000000000e+00 4.798683919658763841e-01 -1.316396557927390631e-01 0.000000000000000000e+00 2.244000000000000057e+02
-7.525230697109501321e+00 -3.643648387429600177e+01 0.000000000000000000e+00 4.798683919658763841e-01 -1.316396557928101174e-01 0.000000000000000000e+00 2.245000000000000000e+02
-7.477243857912913683e+00 -3.644964783987527568e+01 0.000000000000000000e+00 4.798683919658763841e-01 -1.316396557927390631e-01 0.000000000000000000e+00 2.246000000000000227e+02
-7.429257018716326044e+00 -3.646281180545454959e+01 0.000000000000000000e+00 4.798683919658763841e-01 -1.316396557927390631e-01 0.000000000000000000e+00 2.247000000000000171e+02
-7.381270179519738406e+00 -3.647597577103382349e+01 0.000000000000000000e+00 4.798683919658763841e-01 -1.316396557927390631e-01 0.000000000000000000e+00 2.248000000000000114e+02
-7.333283340323150767e+00 -3.648913973661309740e+01 0.000000000000000000e+00 4.798683919658763841e-01 -1.316396557927390631e-01 0.000000000000000000e+00 2.249000000000000057e+02
-7.285296501126563129e+00 -3.650230370219237841e+01 0.000000000000000000e+00 4.798683919658763841e-01 -1.316396557928101174e-01 0.000000000000000000e+00 2.250000000000000000e+02
-7.237309661929975491e+00 -3.651546766777165232e+01 0.000000000000000000e+00 4.798683919658763841e-01 -1.316396557927390631e-01 0.000000000000000000e+00 2.251000000000000227e+02
-7.189322822733386964e+00 -3.652863163335092622e+01 0.000000000000000000e+00 4.798683919658852659e-01 -1.316396557927390631e-01 0.000000000000000000e+00 2.252000000000000171e+02
-7.141364994554427525e+00 -3.654176978156881717e+01 0.000000000000000000e+00 4.795782817895943850e-01 -1.313814821789094367e-01 0.000000000000000000e+00 2.253000000000000114e+02
-7.101363813821406801e+00 -3.654782718394153562e+01 0.000000000000000000e+00 4.000118073302072474e-01 -6.057402372718456718e-02 0.000000000000000000e+00 2.254000000000000057e+02
-7.061362633088386076e+00 -3.655388458631424697e+01 0.000000000000000000e+00 4.000118073302072474e-01 -6.057402372711351290e-02 0.000000000000000000e+00 2.255000000000000000e+02
-7.021361452355366239e+00 -3.655994198868696543e+01 0.000000000000000000e+00 4.000118073301983657e-01 -6.057402372718456718e-02 0.000000000000000000e+00 2.256000000000000227e+02
-6.981360271622345515e+00 -3.656599939105968389e+01 0.000000000000000000e+00 4.000118073302072474e-01 -6.057402372718456718e-02 0.000000000000000000e+00 2.257000000000000171e+02
-6.941359090889324790e+00 -3.657205679343240234e+01 0.000000000000000000e+00 4.000118073302072474e-01 -6.057402372718456718e-02 0.000000000000000000e+00 2.258000000000000114e+02
-6.901357910156304065e+00 -3.657811419580511370e+01 0.000000000000000000e+00 4.000118073302072474e-01 -6.057402372711351290e-02 0.000000000000000000e+00 2.259000000000000057e+02
-6.861356729423284229e+00 -3.658417159817783215e+01 0.000000000000000000e+00 4.000118073301983657e-01 -6.057402372718456718e-02 0.000000000000000000e+00 2.260000000000000000e+02
-6.821355548690263504e+00 -3.659022900055055061e+01 0.000000000000000000e+00 4.000118073302072474e-01 -6.057402372718456718e-02 0.000000000000000000e+00 2.261000000000000227e+02
-6.785511181869692265e+00 -3.657852782316980012e+01 0.000000000000000000e+00 3.584436682057123846e-01 1.170117738075049374e-01 0.000000000000000000e+00 2.262000000000000171e+02
-6.752872062285876886e+00 -3.655313331241345054e+01 0.000000000000000000e+00 3.263911958381537914e-01 2.539451075634957533e-01 0.000000000000000000e+00 2.263000000000000114e+02
-6.720232942702061507e+00 -3.652773880165710096e+01 0.000000000000000000e+00 3.263911958381537914e-01 2.539451075634957533e-01 0.000000000000000000e+00 2.264000000000000057e+02
-6.687593823118246128e+00 -3.650234429090075139e+01 0.000000000000000000e+00 3.263911958381537914e-01 2.539451075634957533e-01 0.000000000000000000e+00 2.265000000000000000e+02
-6.654954703534430749e+00 -3.647694978014440892e+01 0.000000000000000000e+00 3.263911958381537914e-01 2.539451075634246990e-01 0.000000000000000000e+00 2.266000000000000227e+02
-6.622315583950615370e+00 -3.645155526938805934e+01 0.000000000000000000e+00 3.263911958381537914e-01 2.539451075634957533e-01 0.000000000000000000e+00 2.267000000000000171e+02
-6.589676464366799991e+00 -3.642616075863170977e+01 0.000000000000000000e+00 3.263911958381537914e-01 2.539451075634957533e-01 0.000000000000000000e+00 2.268000000000000114e+02
-6.557037344782984611e+00 -3.640076624787536019e+01 0.000000000000000000e+00 3.263911958381537914e-01 2.539451075634957533e-01 0.000000000000000000e+00 2.269000000000000057e+02
-6.524398225199168344e+00 -3.637537173711901062e+01 0.000000000000000000e+00 3.263911958381626732e-01 2.539451075634957533e-01 0.000000000000000000e+00 2.270000000000000000e+02
-6.491830615597913301e+00 -3.635004401569104715e+01 0.000000000000000000e+00 3.256760960125504312e-01 2.532772142796346770e-01 0.000000000000000000e+00 2.271000000000000227e+02
-6.461284953185235658e+00 -3.632660476479428979e+01 0.000000000000000000e+00 3.054566241267764326e-01 2.343925089675735762e-01 0.000000000000000000e+00 2.272000000000000171e+02
-6.430739290772558903e+00 -3.630316551389753243e+01 0.000000000000000000e+00 3.054566241267675508e-01 2.343925089675735762e-01 0.000000000000000000e+00 2.273000000000000114e+02
-6.400193628359881259e+00 -3.627972626300077508e+01 0.000000000000000000e+00 3.054566241267764326e-01 2.343925089675735762e-01 0.000000000000000000e+00 2.274000000000000057e+02
-6.369647965947204504e+00 -3.625628701210402483e+01 0.000000000000000000e+00 3.054566241267675508e-01 2.343925089675025220e-01 0.000000000000000000e+00 2.275000000000000000e+02
-6.339102303534526861e+00 -3.623284776120726747e+01 0.000000000000000000e+00 3.054566241267764326e-01 2.343925089675735762e-01 0.000000000000000000e+00 2.276000000000000227e+02
-6.308556641121850106e+00 -3.620940851031051011e+01 0.000000000000000000e+00 3.054566241267675508e-01 2.343925089675735762e-01 0.000000000000000000e+00 2.277000000000000171e+02
-6.278010978709172463e+00 -3.618596925941375275e+01 0.000000000000000000e+00 3.054566241267764326e-01 2.343925089675735762e-01 0.000000000000000000e+00 2.278000000000000114e+02
-6.247465316296495708e+00 -3.616253000851700250e+01 0.000000000000000000e+00 3.054566241267675508e-01 2.343925089675025220e-01 0.000000000000000000e+00 2.279000000000000057e+02
-6.209897844411586654e+00 -3.614709869506226880e+01 0.000000000000000000e+00 3.756747188490905387e-01 1.543131345473369720e-01 0.000000000000000000e+00 2.280000000000000000e+02
-6.161628950012491224e+00 -3.614387168911162007e+01 0.000000000000000000e+00 4.826889439909543000e-01 3.227005950648731414e-02 0.000000000000000000e+00 2.281000000000000227e+02
-6.113360055613395794e+00 -3.614064468316097134e+01 0.000000000000000000e+00 4.826889439909543000e-01 3.227005950648731414e-02 0.000000000000000000e+00 2.282000000000000171e+02
-6.065091161214300364e+00 -3.613741767721032261e+01 0.000000000000000000e+00 4.826889439909543000e-01 3.227005950648731414e-02 0.000000000000000000e+00 2.283000000000000114e+02
-6.016822266815204934e+00 -3.613419067125968098e+01 0.000000000000000000e+00 4.826889439909543000e-01 3.227005950641625986e-02 0.000000000000000000e+00 2.284000000000000057e+02
-5.968553372416109504e+00 -3.613096366530903225e+01 0.000000000000000000e+00 4.826889439909543000e-01 3.227005950648731414e-02 0.000000000000000000e+00 2.285000000000000000e+02
-5.920284478017014074e+00 -3.612773665935838352e+01 0.000000000000000000e+00 4.826889439909543000e-01 3.227005950648731414e-02 0.000000000000000000e+00 2.286000000000000227e+02
-5.872015583617919532e+00 -3.612450965340773479e+01 0.000000000000000000e+00 4.826889439909454182e-01 3.227005950648731414e-02 0.000000000000000000e+00 2.287000000000000171e+02
-5.823746689218824102e+00 -3.612128264745709316e+01 0.000000000000000000e+00 4.826889439909543000e-01 3.227005950641625986e-02 0.000000000000000000e+00 2.288000000000000114e+02
-5.775477794819728672e+00 -3.611805564150644443e+01 0.000000000000000000e+00 4.826889439909543000e-01 3.227005950648731414e-02 0.000000000000000000e+00 2.289000000000000057e+02
-5.727208900420633242e+00 -3.611482863555579570e+01 0.000000000000000000e+00 4.826889439909543000e-01 3.227005950648731414e-02 0.000000000000000000e+00 2.290000000000000000e+02
-5.678940006021537812e+00 -3.611160162960514697e+01 0.000000000000000000e+00 4.826889439909543000e-01 3.227005950648731414e-02 0.000000000000000000e+00 2.291000000000000227e+02
-5.630998758233448420e+00 -3.610839572386854712e+01 0.000000000000000000e+00 4.794124778808939169e-01 3.205905736599845568e-02 0.000000000000000000e+00 2.292000000000000171e+02
-5.587821382884349042e+00 -3.610549660820629470e+01 0.000000000000000000e+00 4.317737534909937835e-01 2.899115662252427228e-02 0.000000000000000000e+00 2.293000000000000114e+02
-5.544644007535250552e+00 -3.610259749254404227e+01 0.000000000000000000e+00 4.317737534909849018e-01 2.899115662252427228e-02 0.000000000000000000e+00 2.294000000000000057e+02
-5.501466632186151173e+00 -3.609969837688178984e+01 0.000000000000000000e+00 4.317737534909937835e-01 2.899115662252427228e-02 0.000000000000000000e+00 2.295000000000000000e+02
-5.458289256837052683e+00 -3.609679926121953741e+01 0.000000000000000000e+00 4.317737534909849018e-01 2.899115662252427228e-02 0.000000000000000000e+00 2.296000000000000227e+02
-5.415111881487954193e+00 -3.609390014555728499e+01 0.000000000000000000e+00 4.317737534909849018e-01 2.899115662252427228e-02 0.000000000000000000e+00 2.297000000000000171e+02
-5.371934506138854815e+00 -3.609100102989503256e+01 0.000000000000000000e+00 4.317737534909937835e-01 2.899115662252427228e-02 0.000000000000000000e+00 2.298000000000000114e+02
-5.328757130789756324e+00 -3.608810191423278013e+01 0.000000000000000000e+00 4.317737534909849018e-01 2.899115662252427228e-02 0.000000000000000000e+00 2.299000000000000057e+02
-5.285579755440656946e+00 -3.608520279857052770e+01 0.000000000000000000e+00 4.317737534909937835e-01 2.899115662252427228e-02 0.000000000000000000e+00 2.300000000000000000e+02
-5.242402380091558456e+00 -3.608230368290827528e+01 0.000000000000000000e+00 4.317737534909849018e-01 2.899115662252427228e-02 0.000000000000000000e+00 2.301000000000000227e+02
-5.199225004742459078e+00 -3.607940456724602285e+01 0.000000000000000000e+00 4.317737534909937835e-01 2.899115662252427228e-02 0.000000000000000000e+00 2.302000000000000171e+02
-5.150989597409558307e+00 -3.607470759133237692e+01 0.000000000000000000e+00 4.823540733290077043e-01 4.696975913645928813e-02 0.000000000000000000e+00 2.303000000000000114e+02
-5.101777361112269205e+00 -3.606966340488840217e+01 0.000000000000000000e+00 4.921223629728910254e-01 5.044186443974751910e-02 0.000000000000000000e+00 2.304000000000000057e+02
-5.052565124814980102e+00 -3.606461921844443452e+01 0.000000000000000000e+00 4.921223629728910254e-01 5.044186443967646483e-02 0.000000000000000000e+00 2.305000000000000000e+02
-5.003352888517690999e+00 -3.605957503200045977e+01 0.000000000000000000e+00 4.921223629728910254e-01 5.044186443974751910e-02 0.000000000000000000e+00 2.306000000000000227e+02
-4.954140652220401897e+00 -3.605453084555648502e+01 0.000000000000000000e+00 4.921223629728910254e-01 5.044186443974751910e-02 0.000000000000000000e+00 2.307000000000000171e+02
-4.904928415923112794e+00 -3.604948665911251737e+01 0.000000000000000000e+00 4.921223629728910254e-01 5.044186443967646483e-02 0.000000000000000000e+00 2.308000000000000114e+02
-4.855716179625824580e+00 -3.604444247266854262e+01 0.000000000000000000e+00 4.921223629728821436e-01 5.044186443974751910e-02 0.000000000000000000e+00 2.309000000000000057e+02
-4.806503943328534589e+00 -3.603939828622456787e+01 0.000000000000000000e+00 4.921223629728999072e-01 5.044186443974751910e-02 0.000000000000000000e+00 2.310000000000000000e+02
-4.757291707031246375e+00 -3.603435409978060022e+01 0.000000000000000000e+00 4.921223629728821436e-01 5.044186443967646483e-02 0.000000000000000000e+00 2.311000000000000227e+02
-4.708079470733957272e+00 -3.602930991333662547e+01 0.000000000000000000e+00 4.921223629728910254e-01 5.044186443974751910e-02 0.000000000000000000e+00 2.312000000000000171e+02
-4.658867234436668170e+00 -3.602426572689265072e+01 0.000000000000000000e+00 4.921223629728910254e-01 5.044186443974751910e-02 0.000000000000000000e+00 2.313000000000000114e+02
-4.620255427430413064e+00 -3.601087386641685129e+01 0.000000000000000000e+00 3.861180700625510553e-01 1.339186047579943306e-01 0.000000000000000000e+00 2.314000000000000057e+02
-4.587512463990326417e+00 -3.599286038244929387e+01 0.000000000000000000e+00 3.274296344008664761e-01 1.801348396755741987e-01 0.000000000000000000e+00 2.315000000000000000e+02
-4.554769500550239769e+00 -3.597484689848173645e+01 0.000000000000000000e+00 3.274296344008664761e-01 1.801348396755741987e-01 0.000000000000000000e+00 2.316000000000000227e+02
-4.522026537110153122e+00 -3.595683341451417903e+01 0.000000000000000000e+00 3.274296344008664761e-01 1.801348396755741987e-01 0.000000000000000000e+00 2.317000000000000171e+02
-4.489283573670066474e+00 -3.593881993054662161e+01 0.000000000000000000e+00 3.274296344008664761e-01 1.801348396755741987e-01 0.000000000000000000e+00 2.318000000000000114e+02
-4.456540610229979826e+00 -3.592080644657906419e+01 0.000000000000000000e+00 3.274296344008664761e-01 1.801348396755741987e-01 0.000000000000000000e+00 2.319000000000000057e+02
-4.423797646789893179e+00 -3.590279296261150677e+01 0.000000000000000000e+00 3.274296344008664761e-01 1.801348396755741987e-01 0.000000000000000000e+00 2.320000000000000000e+02
-4.391054683349806531e+00 -3.588477947864394935e+01 0.000000000000000000e+00 3.274296344008664761e-01 1.801348396755741987e-01 0.000000000000000000e+00 2.321000000000000227e+02
-4.358311719909719884e+00 -3.586676599467638482e+01 0.000000000000000000e+00 3.274296344008664761e-01 1.801348396756452530e-01 0.000000000000000000e+00 2.322000000000000171e+02
-4.324234052295494735e+00 -3.584719822963753444e+01 0.000000000000000000e+00 3.407766761422514890e-01 1.956776503885038210e-01 0.000000000000000000e+00 2.323000000000000114e+02
-4.288115139145564747e+00 -3.582525340655130464e+01 0.000000000000000000e+00 3.611891314992998758e-01 2.194482308622980327e-01 0.000000000000000000e+00 2.324000000000000057e+02
-4.251996225995635648e+00 -3.580330858346508194e+01 0.000000000000000000e+00 3.611891314992909940e-01 2.194482308622269784e-01 0.000000000000000000e+00 2.325000000000000000e+02
-4.215877312845706548e+00 -3.578136376037885213e+01 0.000000000000000000e+00 3.611891314992909940e-01 2.194482308622980327e-01 0.000000000000000000e+00 2.326000000000000227e+02
-4.179758399695776561e+00 -3.575941893729262233e+01 0.000000000000000000e+00 3.611891314992998758e-01 2.194482308622980327e-01 0.000000000000000000e+00 2.327000000000000171e+02
-4.143639486545847461e+00 -3.573747411420639253e+01 0.000000000000000000e+00 3.611891314992909940e-01 2.194482308622980327e-01 0.000000000000000000e+00 2.328000000000000114e+02
-4.107520573395918362e+00 -3.571552929112016272e+01 0.000000000000000000e+00 3.611891314992909940e-01 2.194482308622980327e-01 0.000000000000000000e+00 2.329000000000000057e+02
-4.071401660245988374e+00 -3.569358446803393292e+01 0.000000000000000000e+00 3.611891314992998758e-01 2.194482308622980327e-01 0.000000000000000000e+00 2.330000000000000000e+02
-4.035282747096059275e+00 -3.567163964494770312e+01 0.000000000000000000e+00 3.611891314992909940e-01 2.194482308622980327e-01 0.000000000000000000e+00 2.331000000000000227e+02
-3.999163833946129731e+00 -3.564969482186147332e+01 0.000000000000000000e+00 3.611891314992954349e-01 2.194482308622980327e-01 0.000000000000000000e+00 2.332000000000000171e+02
-3.963044920796200632e+00 -3.562774999877525062e+01 0.000000000000000000e+00 3.611891314992909940e-01 2.194482308622269784e-01 0.000000000000000000e+00 2.333000000000000114e+02
-3.932448326148498374e+00 -3.560817424518955221e+01 0.000000000000000000e+00 3.059659464770225767e-01 1.957575358569840773e-01 0.000000000000000000e+00 2.334000000000000057e+02
-3.902828100481529727e+00 -3.558901735298836400e+01 0.000000000000000000e+00 2.962022566696864700e-01 1.915689220118821368e-01 0.000000000000000000e+00 2.335000000000000000e+02
-3.873207874814561080e+00 -3.556986046078716868e+01 0.000000000000000000e+00 2.962022566696864700e-01 1.915689220119531910e-01 0.000000000000000000e+00 2.336000000000000227e+02
-3.843587649147592433e+00 -3.555070356858598046e+01 0.000000000000000000e+00 2.962022566696864700e-01 1.915689220118821368e-01 0.000000000000000000e+00 2.337000000000000171e+02
-3.813967423480623786e+00 -3.553154667638479225e+01 0.000000000000000000e+00 2.962022566696864700e-01 1.915689220118821368e-01 0.000000000000000000e+00 2.338000000000000114e+02
-3.784347197813655139e+00 -3.551238978418360404e+01 0.000000000000000000e+00 2.962022566696864700e-01 1.915689220118821368e-01 0.000000000000000000e+00 2.339000000000000057e+02
-3.754726972146686492e+00 -3.549323289198241582e+01 0.000000000000000000e+00 2.962022566696864700e-01 1.915689220118821368e-01 0.000000000000000000e+00 2.340000000000000000e+02
-3.725106746479717845e+00 -3.547407599978122050e+01 0.000000000000000000e+00 2.962022566696864700e-01 1.915689220119531910e-01 0.000000000000000000e+00 2.341000000000000227e+02
-3.695486520812749198e+00 -3.545491910758003229e+01 0.000000000000000000e+00 2.962022566696864700e-01 1.915689220118821368e-01 0.000000000000000000e+00 2.342000000000000171e+02
-3.676365366832738069e+00 -3.543132568580325881e+01 0.000000000000000000e+00 1.912115398001112965e-01 2.359342177677348218e-01 0.000000000000000000e+00 2.343000000000000114e+02
-3.663907245827690673e+00 -3.540491670625739573e+01 0.000000000000000000e+00 1.245812100504739561e-01 2.640897954586307605e-01 0.000000000000000000e+00 2.344000000000000057e+02
-3.651449124822643277e+00 -3.537850772671152555e+01 0.000000000000000000e+00 1.245812100504739561e-01 2.640897954587018148e-01 0.000000000000000000e+00 2.345000000000000000e+02
-3.638991003817595438e+00 -3.535209874716565537e+01 0.000000000000000000e+00 1.245812100504783970e-01 2.640897954587018148e-01 0.000000000000000000e+00 2.346000000000000227e+02
-3.626532882812548042e+00 -3.532568976761979229e+01 0.000000000000000000e+00 1.245812100504739561e-01 2.640897954586307605e-01 0.000000000000000000e+00 2.347000000000000171e+02
-3.614074761807500646e+00 -3.529928078807392211e+01 0.000000000000000000e+00 1.245812100504739561e-01 2.640897954587018148e-01 0.000000000000000000e+00 2.348000000000000114e+02
-3.601754421674805862e+00 -3.527255626898764262e+01 0.000000000000000000e+00 1.232034013269478478e-01 2.672451908627948569e-01 0.000000000000000000e+00 2.349000000000000057e+02
-3.590890886769738888e+00 -3.524249544026604752e+01 0.000000000000000000e+00 1.086353490506697383e-01 3.006082872159510089e-01 0.000000000000000000e+00 2.350000000000000000e+02
-3.580027351864671914e+00 -3.521243461154445242e+01 0.000000000000000000e+00 1.086353490506697383e-01 3.006082872159510089e-01 0.000000000000000000e+00 2.351000000000000227e+02
-3.569163816959604940e+00 -3.518237378282285022e+01 0.000000000000000000e+00 1.086353490506697383e-01 3.006082872160220631e-01 0.000000000000000000e+00 2.352000000000000171e+02
-3.558300282054537522e+00 -3.515231295410125512e+01 0.000000000000000000e+00 1.086353490506741792e-01 3.006082872159510089e-01 0.000000000000000000e+00 2.353000000000000114e+02
-3.547436747149470548e+00 -3.512225212537966001e+01 0.000000000000000000e+00 1.086353490506697383e-01 3.006082872159510089e-01 0.000000000000000000e+00 2.354000000000000057e+02
-3.536573212244403575e+00 -3.509219129665806491e+01 0.000000000000000000e+00 1.086353490506697383e-01 3.006082872159510089e-01 0.000000000000000000e+00 2.355000000000000000e+02
-3.525709677339336601e+00 -3.506213046793646981e+01 0.000000000000000000e+00 1.086353490506697383e-01 3.006082872159510089e-01 0.000000000000000000e+00 2.356000000000000227e+02
-3.531314924687539047e+00 -3.501882235491309814e+01 0.000000000000000000e+00 -5.605247348202446744e-02 4.330811302337167490e-01 0.000000000000000000e+00 2.357000000000000171e+02
-3.540479818848330407e+00 -3.497265090611814742e+01 0.000000000000000000e+00 -9.164894160791359212e-02 4.617144879495072018e-01 0.000000000000000000e+00 2.358000000000000114e+02
-3.549644713009122210e+00 -3.492647945732318959e+01 0.000000000000000000e+00 -9.164894160791803301e-02 4.617144879495782561e-01 0.000000000000000000e+00 2.359000000000000057e+02
-3.558809607169914013e+00 -3.488030800852823887e+01 0.000000000000000000e+00 -9.164894160791803301e-02 4.617144879495072018e-01 0.000000000000000000e+00 2.360000000000000000e+02
-3.567974501330705372e+00 -3.483413655973328105e+01 0.000000000000000000e+00 -9.164894160791359212e-02 4.617144879495782561e-01 0.000000000000000000e+00 2.361000000000000227e+02
-3.577139395491497176e+00 -3.478796511093833033e+01 0.000000000000000000e+00 -9.164894160791803301e-02 4.617144879495072018e-01 0.000000000000000000e+00 2.362000000000000171e+02
-3.586304289652288979e+00 -3.474179366214337250e+01 0.000000000000000000e+00 -9.164894160791803301e-02 4.617144879495782561e-01 0.000000000000000000e+00 2.363000000000000114e+02
-3.595469183813080338e+00 -3.469562221334842178e+01 0.000000000000000000e+00 -9.164894160791359212e-02 4.617144879495072018e-01 0.000000000000000000e+00 2.364000000000000057e+02
-3.604634077973872142e+00 -3.464945076455346396e+01 0.000000000000000000e+00 -9.164894160791803301e-02 4.617144879495782561e-01 0.000000000000000000e+00 2.365000000000000000e+02
-3.613798972134663945e+00 -3.460327931575851323e+01 0.000000000000000000e+00 -9.164894160791803301e-02 4.617144879495072018e-01 0.000000000000000000e+00 2.366000000000000227e+02
-3.622963866295455304e+00 -3.455710786696355541e+01 0.000000000000000000e+00 -9.164894160791359212e-02 4.617144879495782561e-01 0.000000000000000000e+00 2.367000000000000171e+02
-3.631816233099095292e+00 -3.451328977773248852e+01 0.000000000000000000e+00 -8.852366803639988291e-02 4.381808923106689235e-01 0.000000000000000000e+00 2.368000000000000114e+02
-3.639823149402960478e+00 -3.447583800803764120e+01 0.000000000000000000e+00 -8.006916303865185824e-02 3.745176969484731444e-01 0.000000000000000000e+00 2.369000000000000057e+02
-3.647830065706825664e+00 -3.443838623834278678e+01 0.000000000000000000e+00 -8.006916303865185824e-02 3.745176969485441987e-01 0.000000000000000000e+00 2.370000000000000000e+02
-3.655836982010690850e+00 -3.440093446864793236e+01 0.000000000000000000e+00 -8.006916303865185824e-02 3.745176969485441987e-01 0.000000000000000000e+00 2.371000000000000227e+02
-3.663843898314556036e+00 -3.436348269895308505e+01 0.000000000000000000e+00 -8.006916303865185824e-02 3.745176969484731444e-01 0.000000000000000000e+00 2.372000000000000171e+02
-3.671850814618421222e+00 -3.432603092925823063e+01 0.000000000000000000e+00 -8.006916303865185824e-02 3.745176969485441987e-01 0.000000000000000000e+00 2.373000000000000114e+02
-3.679857730922286851e+00 -3.428857915956338331e+01 0.000000000000000000e+00 -8.006916303865629914e-02 3.745176969484731444e-01 0.000000000000000000e+00 2.374000000000000057e+02
-3.687864647226152037e+00 -3.425112738986852889e+01 0.000000000000000000e+00 -8.006916303865185824e-02 3.745176969485441987e-01 0.000000000000000000e+00 2.375000000000000000e+02
-3.695871563530017223e+00 -3.421367562017368158e+01 0.000000000000000000e+00 -8.006916303865185824e-02 3.745176969484731444e-01 0.000000000000000000e+00 2.376000000000000227e+02
-3.700961068463005876e+00 -3.417716660478991031e+01 0.000000000000000000e+00 -5.089504932988653252e-02 3.650901538377127054e-01 0.000000000000000000e+00 2.377000000000000171e+02
-3.687226673162625090e+00 -3.414674048648178939e+01 0.000000000000000000e+00 1.373439530038078615e-01 3.042611830812091966e-01 0.000000000000000000e+00 2.378000000000000114e+02
-3.673492277862244304e+00 -3.411631436817367558e+01 0.000000000000000000e+00 1.373439530038078615e-01 3.042611830811381424e-01 0.000000000000000000e+00 2.379000000000000057e+02
-3.659757882561863962e+00 -3.408588824986555466e+01 0.000000000000000000e+00 1.373439530038034206e-01 3.042611830812091966e-01 0.000000000000000000e+00 2.380000000000000000e+02
-3.646023487261483176e+00 -3.405546213155743374e+01 0.000000000000000000e+00 1.373439530038078615e-01 3.042611830812091966e-01 0.000000000000000000e+00 2.381000000000000227e+02
-3.632289091961102390e+00 -3.402503601324931992e+01 0.000000000000000000e+00 1.373439530038078615e-01 3.042611830811381424e-01 0.000000000000000000e+00 2.382000000000000171e+02
-3.618554696660721604e+00 -3.399460989494119900e+01 0.000000000000000000e+00 1.373439530038078615e-01 3.042611830812091966e-01 0.000000000000000000e+00 2.383000000000000114e+02
-3.604820301360341261e+00 -3.396418377663307808e+01 0.000000000000000000e+00 1.373439530038034206e-01 3.042611830812091966e-01 0.000000000000000000e+00 2.384000000000000057e+02
-3.587966586832781690e+00 -3.393319393050467880e+01 0.000000000000000000e+00 1.685371452755957122e-01 3.098984612839927877e-01 0.000000000000000000e+00 2.385000000000000000e+02
-3.570905382150972862e+00 -3.390216658645962866e+01 0.000000000000000000e+00 1.706120468180882810e-01 3.102734404505014254e-01 0.000000000000000000e+00 2.386000000000000227e+02
-3.553844177469164034e+00 -3.387113924241457852e+01 0.000000000000000000e+00 1.706120468180882810e-01 3.102734404505014254e-01 0.000000000000000000e+00 2.387000000000000171e+02
-3.536782972787354762e+00 -3.384011189836952838e+01 0.000000000000000000e+00 1.706120468180927219e-01 3.102734404505014254e-01 0.000000000000000000e+00 2.388000000000000114e+02
-3.519721768105545934e+00 -3.380908455432447113e+01 0.000000000000000000e+00 1.706120468180882810e-01 3.102734404505724797e-01 0.000000000000000000e+00 2.389000000000000057e+02
-3.502660563423737106e+00 -3.377805721027942099e+01 0.000000000000000000e+00 1.706120468180882810e-01 3.102734404505014254e-01 0.000000000000000000e+00 2.390000000000000000e+02
-3.485599358741928278e+00 -3.374702986623437084e+01 0.000000000000000000e+00 1.706120468180882810e-01 3.102734404505014254e-01 0.000000000000000000e+00 2.391000000000000227e+02
-3.468538154060119449e+00 -3.371600252218932070e+01 0.000000000000000000e+00 1.706120468180882810e-01 3.102734404505014254e-01 0.000000000000000000e+00 2.392000000000000171e+02
-3.449584993060413218e+00 -3.368404066624196247e+01 0.000000000000000000e+00 1.895316099970623114e-01 3.196185594735823088e-01 0.000000000000000000e+00 2.393000000000000114e+02
-3.430539889994397740e+00 -3.365203339647904102e+01 0.000000000000000000e+00 1.904510306601547853e-01 3.200726976292145309e-01 0.000000000000000000e+00 2.394000000000000057e+02
-3.411494786928382261e+00 -3.362002612671611246e+01 0.000000000000000000e+00 1.904510306601547853e-01 3.200726976292855852e-01 0.000000000000000000e+00 2.395000000000000000e+02
-3.392449683862367227e+00 -3.358801885695318390e+01 0.000000000000000000e+00 1.904510306601503444e-01 3.200726976292855852e-01 0.000000000000000000e+00 2.396000000000000227e+02
-3.373404580796351748e+00 -3.355601158719026245e+01 0.000000000000000000e+00 1.904510306601547853e-01 3.200726976292145309e-01 0.000000000000000000e+00 2.397000000000000171e+02
-3.354359477730336714e+00 -3.352400431742733389e+01 0.000000000000000000e+00 1.904510306601503444e-01 3.200726976292855852e-01 0.000000000000000000e+00 2.398000000000000114e+02
-3.335314374664321235e+00 -3.349199704766440533e+01 0.000000000000000000e+00 1.904510306601547853e-01 3.200726976292855852e-01 0.000000000000000000e+00 2.399000000000000057e+02
-3.316269271598305757e+00 -3.345998977790148388e+01 0.000000000000000000e+00 1.904510306601547853e-01 3.200726976292145309e-01 0.000000000000000000e+00 2.400000000000000000e+02
-3.297672170694304850e+00 -3.342588903246150522e+01 0.000000000000000000e+00 1.859710090400090721e-01 3.410074543997865248e-01 0.000000000000000000e+00 2.401000000000000227e+02
-3.279748754671122590e+00 -3.338864021535675874e+01 0.000000000000000000e+00 1.792341602318225924e-01 3.724881710474647889e-01 0.000000000000000000e+00 2.402000000000000171e+02
-3.261825338647939887e+00 -3.335139139825201937e+01 0.000000000000000000e+00 1.792341602318270333e-01 3.724881710473937346e-01 0.000000000000000000e+00 2.403000000000000114e+02
-3.243901922624757184e+00 -3.331414258114728000e+01 0.000000000000000000e+00 1.792341602318270333e-01 3.724881710473937346e-01 0.000000000000000000e+00 2.404000000000000057e+02
-3.225978506601574480e+00 -3.327689376404254062e+01 0.000000000000000000e+00 1.792341602318270333e-01 3.724881710473937346e-01 0.000000000000000000e+00 2.405000000000000000e+02
-3.208055090578391777e+00 -3.323964494693780125e+01 0.000000000000000000e+00 1.792341602318270333e-01 3.724881710473937346e-01 0.000000000000000000e+00 2.406000000000000227e+02
-3.190131674555209074e+00 -3.320239612983305477e+01 0.000000000000000000e+00 1.792341602318270333e-01 3.724881710474647889e-01 0.000000000000000000e+00 2.407000000000000171e+02
-3.172208258532026370e+00 -3.316514731272831540e+01 0.000000000000000000e+00 1.792341602318270333e-01 3.724881710473937346e-01 0.000000000000000000e+00 2.408000000000000114e+02
-3.154284842508843667e+00 -3.312789849562357603e+01 0.000000000000000000e+00 1.792341602318270333e-01 3.724881710473937346e-01 0.000000000000000000e+00 2.409000000000000057e+02
-3.136361426485660964e+00 -3.309064967851883665e+01 0.000000000000000000e+00 1.792341602318270333e-01 3.724881710473937346e-01 0.000000000000000000e+00 2.410000000000000000e+02
-3.120285897089796645e+00 -3.305464007161269535e+01 0.000000000000000000e+00 1.607552939586431862e-01 3.600960690614130044e-01 0.000000000000000000e+00 2.411000000000000227e+02
-3.107414943231799676e+00 -3.302077948328270907e+01 0.000000000000000000e+00 1.287095385799696956e-01 3.386058832998628532e-01 0.000000000000000000e+00 2.412000000000000171e+02
-3.094543989373803150e+00 -3.298691889495271568e+01 0.000000000000000000e+00 1.287095385799652547e-01 3.386058832999339074e-01 0.000000000000000000e+00 2.413000000000000114e+02
-3.081673035515806180e+00 -3.295305830662272939e+01 0.000000000000000000e+00 1.287095385799696956e-01 3.386058832998628532e-01 0.000000000000000000e+00 2.414000000000000057e+02
-3.068802081657809211e+00 -3.291919771829273600e+01 0.000000000000000000e+00 1.287095385799696956e-01 3.386058832999339074e-01 0.000000000000000000e+00 2.415000000000000000e+02
-3.055931127799812685e+00 -3.288533712996274971e+01 0.000000000000000000e+00 1.287095385799652547e-01 3.386058832998628532e-01 0.000000000000000000e+00 2.416000000000000227e+02
-3.043060173941815716e+00 -3.285147654163275632e+01 0.000000000000000000e+00 1.287095385799696956e-01 3.386058832999339074e-01 0.000000000000000000e+00 2.417000000000000171e+02
-3.030189220083818746e+00 -3.281761595330277004e+01 0.000000000000000000e+00 1.287095385799696956e-01 3.386058832998628532e-01 0.000000000000000000e+00 2.418000000000000114e+02
-3.017318266225821777e+00 -3.278375536497277665e+01 0.000000000000000000e+00 1.287095385799696956e-01 3.386058832999339074e-01 0.000000000000000000e+00 2.419000000000000057e+02
-3.019460283489673991e+00 -3.272166938218568077e+01 0.000000000000000000e+00 -2.142017263852213915e-02 6.208598278709587248e-01 0.000000000000000000e+00 2.420000000000000000e+02
-3.025379057929629578e+00 -3.265248284214052887e+01 0.000000000000000000e+00 -5.918774439955587496e-02 6.918654004515190081e-01 0.000000000000000000e+00 2.421000000000000227e+02
-3.031297832369585166e+00 -3.258329630209538408e+01 0.000000000000000000e+00 -5.918774439955587496e-02 6.918654004514479539e-01 0.000000000000000000e+00 2.422000000000000171e+02
-3.037216606809540753e+00 -3.251410976205023218e+01 0.000000000000000000e+00 -5.918774439955587496e-02 6.918654004515190081e-01 0.000000000000000000e+00 2.423000000000000114e+02
-3.043135381249496341e+00 -3.244492322200508028e+01 0.000000000000000000e+00 -5.918774439955587496e-02 6.918654004515190081e-01 0.000000000000000000e+00 2.424000000000000057e+02
-3.049054155689451928e+00 -3.237573668195992838e+01 0.000000000000000000e+00 -5.918774439955587496e-02 6.918654004515190081e-01 0.000000000000000000e+00 2.425000000000000000e+02
-3.054972930129407516e+00 -3.230655014191478358e+01 0.000000000000000000e+00 -5.918774439955587496e-02 6.918654004514479539e-01 0.000000000000000000e+00 2.426000000000000227e+02
-3.060891704569363103e+00 -3.223736360186963168e+01 0.000000000000000000e+00 -5.918774439955587496e-02 6.918654004515190081e-01 0.000000000000000000e+00 2.427000000000000171e+02
-3.066810479009318691e+00 -3.216817706182447978e+01 0.000000000000000000e+00 -5.918774439955587496e-02 6.918654004515190081e-01 0.000000000000000000e+00 2.428000000000000114e+02
-3.072729253449274278e+00 -3.209899052177932788e+01 0.000000000000000000e+00 -5.918774439955587496e-02 6.918654004515190081e-01 0.000000000000000000e+00 2.429000000000000057e+02
-3.078648027889229866e+00 -3.202980398173417598e+01 0.000000000000000000e+00 -5.918774439955587496e-02 6.918654004515190081e-01 0.000000000000000000e+00 2.430000000000000000e+02
-3.084566802329185453e+00 -3.196061744168902763e+01 0.000000000000000000e+00 -5.918774439955587496e-02 6.918654004514834810e-01 0.000000000000000000e+00 2.431000000000000227e+02
-3.090485576769141041e+00 -3.189143090164387928e+01 0.000000000000000000e+00 -5.918774439955587496e-02 6.918654004514834810e-01 0.000000000000000000e+00 2.432000000000000171e+02
-3.096404351209096628e+00 -3.182224436159872738e+01 0.000000000000000000e+00 -5.918774439955587496e-02 6.918654004515190081e-01 0.000000000000000000e+00 2.433000000000000114e+02
-3.102323125649052216e+00 -3.175305782155357903e+01 0.000000000000000000e+00 -5.918774439955587496e-02 6.918654004514834810e-01 0.000000000000000000e+00 2.434000000000000057e+02
-3.108241900089007803e+00 -3.168387128150842713e+01 0.000000000000000000e+00 -5.918774439955587496e-02 6.918654004515190081e-01 0.000000000000000000e+00 2.435000000000000000e+02
-3.114160674528963391e+00 -3.161468474146327878e+01 0.000000000000000000e+00 -5.918774439955587496e-02 6.918654004514834810e-01 0.000000000000000000e+00 2.436000000000000227e+02
-3.120079448968918978e+00 -3.154549820141812688e+01 0.000000000000000000e+00 -5.918774439955587496e-02 6.918654004515190081e-01 0.000000000000000000e+00 2.437000000000000171e+02
-3.119757223468606178e+00 -3.150385931971188924e+01 0.000000000000000000e+00 3.222255003128005058e-03 4.163888170623764040e-01 0.000000000000000000e+00 2.438000000000000114e+02
-3.118144094119020604e+00 -3.146791846372725487e+01 0.000000000000000000e+00 1.613129349585573635e-02 3.594085598463436781e-01 0.000000000000000000e+00 2.439000000000000057e+02
-3.116530964769435030e+00 -3.143197760774262051e+01 0.000000000000000000e+00 1.613129349585573635e-02 3.594085598463436781e-01 0.000000000000000000e+00 2.440000000000000000e+02
-3.114917835419849457e+00 -3.139603675175798259e+01 0.000000000000000000e+00 1.613129349585573635e-02 3.594085598463792053e-01 0.000000000000000000e+00 2.441000000000000227e+02
-3.113304706070263883e+00 -3.136009589577334822e+01 0.000000000000000000e+00 1.613129349585573635e-02 3.594085598463436781e-01 0.000000000000000000e+00 2.442000000000000171e+02
-3.111691576720678309e+00 -3.132415503978871385e+01 0.000000000000000000e+00 1.613129349585573635e-02 3.594085598463436781e-01 0.000000000000000000e+00 2.443000000000000114e+02
-3.110078447371092736e+00 -3.128821418380407593e+01 0.000000000000000000e+00 1.613129349585573635e-02 3.594085598463792053e-01 0.000000000000000000e+00 2.444000000000000057e+02
-3.108465318021507162e+00 -3.125227332781944156e+01 0.000000000000000000e+00 1.613129349585573635e-02 3.594085598463436781e-01 0.000000000000000000e+00 2.445000000000000000e+02
-3.092388712444542165e+00 -3.122255832621299376e+01 0.000000000000000000e+00 1.607660557696499737e-01 2.971500160644779953e-01 0.000000000000000000e+00 2.446000000000000227e+02
-3.048871000726214309e+00 -3.120465544557433546e+01 0.000000000000000000e+00 4.351771171832785612e-01 1.790288063865830281e-01 0.000000000000000000e+00 2.447000000000000171e+02
-3.005353289007886453e+00 -3.118675256493567716e+01 0.000000000000000000e+00 4.351771171832785612e-01 1.790288063865830281e-01 0.000000000000000000e+00 2.448000000000000114e+02
-2.961835577289558596e+00 -3.116884968429701885e+01 0.000000000000000000e+00 4.351771171832785612e-01 1.790288063865830281e-01 0.000000000000000000e+00 2.449000000000000057e+02
-2.918317865571230740e+00 -3.115094680365836055e+01 0.000000000000000000e+00 4.351771171832785612e-01 1.790288063865830281e-01 0.000000000000000000e+00 2.450000000000000000e+02
-2.874800153852902884e+00 -3.113304392301970225e+01 0.000000000000000000e+00 4.351771171832785612e-01 1.790288063865830281e-01 0.000000000000000000e+00 2.451000000000000227e+02
-2.831282442134575028e+00 -3.111514104238104395e+01 0.000000000000000000e+00 4.351771171832785612e-01 1.790288063865830281e-01 0.000000000000000000e+00 2.452000000000000171e+02
-2.787764730416247616e+00 -3.109723816174238564e+01 0.000000000000000000e+00 4.351771171832741203e-01 1.790288063865830281e-01 0.000000000000000000e+00 2.453000000000000114e+02
-2.744247018697919760e+00 -3.107933528110372734e+01 0.000000000000000000e+00 4.351771171832785612e-01 1.790288063865830281e-01 0.000000000000000000e+00 2.454000000000000057e+02
-2.700729306979591904e+00 -3.106143240046506904e+01 0.000000000000000000e+00 4.351771171832785612e-01 1.790288063865830281e-01 0.000000000000000000e+00 2.455000000000000000e+02
-2.651818888055206713e+00 -3.104604758846353008e+01 0.000000000000000000e+00 4.891041892438519056e-01 1.538481200153896111e-01 0.000000000000000000e+00 2.456000000000000227e+02
-2.599245534095491639e+00 -3.103237314594430174e+01 0.000000000000000000e+00 5.257335395971507452e-01 1.367444251922833587e-01 0.000000000000000000e+00 2.457000000000000171e+02
-2.546672180135776564e+00 -3.101869870342507340e+01 0.000000000000000000e+00 5.257335395971507452e-01 1.367444251922833587e-01 0.000000000000000000e+00 2.458000000000000114e+02
-2.494098826176061490e+00 -3.100502426090584507e+01 0.000000000000000000e+00 5.257335395971507452e-01 1.367444251922833587e-01 0.000000000000000000e+00 2.459000000000000057e+02
-2.441525472216346415e+00 -3.099134981838662029e+01 0.000000000000000000e+00 5.257335395971507452e-01 1.367444251922478315e-01 0.000000000000000000e+00 2.460000000000000000e+02
-2.388952118256631341e+00 -3.097767537586739195e+01 0.000000000000000000e+00 5.257335395971507452e-01 1.367444251922833587e-01 0.000000000000000000e+00 2.461000000000000227e+02
-2.336378764296916266e+00 -3.096400093334816361e+01 0.000000000000000000e+00 5.257335395971507452e-01 1.367444251922833587e-01 0.000000000000000000e+00 2.462000000000000171e+02
-2.283805410337201192e+00 -3.095032649082893528e+01 0.000000000000000000e+00 5.257335395971507452e-01 1.367444251922833587e-01 0.000000000000000000e+00 2.463000000000000114e+02
-2.231232056377486117e+00 -3.093665204830971049e+01 0.000000000000000000e+00 5.257335395971507452e-01 1.367444251922478315e-01 0.000000000000000000e+00 2.464000000000000057e+02
-2.178658702417771043e+00 -3.092297760579048216e+01 0.000000000000000000e+00 5.257335395971507452e-01 1.367444251922833587e-01 0.000000000000000000e+00 2.465000000000000000e+02
-2.126085348458055968e+00 -3.090930316327125382e+01 0.000000000000000000e+00 5.257335395971507452e-01 1.367444251922833587e-01 0.000000000000000000e+00 2.466000000000000227e+02
-2.073511994498341338e+00 -3.089562872075202549e+01 0.000000000000000000e+00 5.257335395971463043e-01 1.367444251922833587e-01 0.000000000000000000e+00 2.467000000000000171e+02
-2.020281309471399389e+00 -3.088191325030011924e+01 0.000000000000000000e+00 5.323068502694194848e-01 1.371547045190624203e-01 0.000000000000000000e+00 2.468000000000000114e+02
-1.963741314500915935e+00 -3.086799122617632918e+01 0.000000000000000000e+00 5.653999497048345368e-01 1.392202412379006660e-01 0.000000000000000000e+00 2.469000000000000057e+02
-1.907201319530432260e+00 -3.085406920205254266e+01 0.000000000000000000e+00 5.653999497048367573e-01 1.392202412378651388e-01 0.000000000000000000e+00 2.470000000000000000e+02
-1.850661324559948584e+00 -3.084014717792875260e+01 0.000000000000000000e+00 5.653999497048367573e-01 1.392202412379006660e-01 0.000000000000000000e+00 2.471000000000000227e+02
-1.794121329589464908e+00 -3.082622515380496253e+01 0.000000000000000000e+00 5.653999497048367573e-01 1.392202412379006660e-01 0.000000000000000000e+00 2.472000000000000171e+02
-1.737581334618981010e+00 -3.081230312968117602e+01 0.000000000000000000e+00 5.653999497048389777e-01 1.392202412378651388e-01 0.000000000000000000e+00 2.473000000000000114e+02
-1.681041339648497335e+00 -3.079838110555738595e+01 0.000000000000000000e+00 5.653999497048367573e-01 1.392202412379006660e-01 0.000000000000000000e+00 2.474000000000000057e+02
-1.624501344678013659e+00 -3.078445908143359944e+01 0.000000000000000000e+00 5.653999497048367573e-01 1.392202412378651388e-01 0.000000000000000000e+00 2.475000000000000000e+02
-1.567961349707529983e+00 -3.077053705730980937e+01 0.000000000000000000e+00 5.653999497048367573e-01 1.392202412379006660e-01 0.000000000000000000e+00 2.476000000000000227e+02
-1.511421354737046308e+00 -3.075661503318601930e+01 0.000000000000000000e+00 5.653999497048367573e-01 1.392202412379006660e-01 0.000000000000000000e+00 2.477000000000000171e+02
-1.454881359766562632e+00 -3.074269300906223279e+01 0.000000000000000000e+00 5.653999497048367573e-01 1.392202412378651388e-01 0.000000000000000000e+00 2.478000000000000114e+02
-1.398341364796078956e+00 -3.072877098493844272e+01 0.000000000000000000e+00 5.653999497048367573e-01 1.392202412379006660e-01 0.000000000000000000e+00 2.479000000000000057e+02
-1.341801369825595280e+00 -3.071484896081465266e+01 0.000000000000000000e+00 5.653999497048367573e-01 1.392202412379006660e-01 0.000000000000000000e+00 2.480000000000000000e+02
-1.285261374855111605e+00 -3.070092693669086614e+01 0.000000000000000000e+00 5.653999497048367573e-01 1.392202412378651388e-01 0.000000000000000000e+00 2.481000000000000227e+02
-1.232682333955141152e+00 -3.068747448089627738e+01 0.000000000000000000e+00 5.257904089997045283e-01 1.345245579458875795e-01 0.000000000000000000e+00 2.482000000000000171e+02
-1.188835525918171321e+00 -3.067505722518800226e+01 0.000000000000000000e+00 4.384680803696983098e-01 1.241725570827512115e-01 0.000000000000000000e+00 2.483000000000000114e+02
-1.144988717881201490e+00 -3.066263996947972359e+01 0.000000000000000000e+00 4.384680803696983098e-01 1.241725570827867386e-01 0.000000000000000000e+00 2.484000000000000057e+02
-1.101141909844231437e+00 -3.065022271377144847e+01 0.000000000000000000e+00 4.384680803697005302e-01 1.241725570827512115e-01 0.000000000000000000e+00 2.485000000000000000e+02
-1.057295101807261606e+00 -3.063780545806316979e+01 0.000000000000000000e+00 4.384680803696983098e-01 1.241725570827867386e-01 0.000000000000000000e+00 2.486000000000000227e+02
-1.013448293770291553e+00 -3.062538820235489467e+01 0.000000000000000000e+00 4.384680803697005302e-01 1.241725570827512115e-01 0.000000000000000000e+00 2.487000000000000171e+02
-9.696014857333217218e-01 -3.061297094664661955e+01 0.000000000000000000e+00 4.384680803696983098e-01 1.241725570827512115e-01 0.000000000000000000e+00 2.488000000000000114e+02
-9.257546776963518909e-01 -3.060055369093834088e+01 0.000000000000000000e+00 4.384680803696983098e-01 1.241725570827867386e-01 0.000000000000000000e+00 2.489000000000000057e+02
-8.819078696593818378e-01 -3.058813643523006576e+01 0.000000000000000000e+00 4.384680803697005302e-01 1.241725570827512115e-01 0.000000000000000000e+00 2.490000000000000000e+02
-8.380610616224120069e-01 -3.057571917952179064e+01 0.000000000000000000e+00 4.384680803696983098e-01 1.241725570827512115e-01 0.000000000000000000e+00 2.491000000000000227e+02
-7.942142535854420649e-01 -3.056330192381351196e+01 0.000000000000000000e+00 4.384680803696994200e-01 1.241725570827867386e-01 0.000000000000000000e+00 2.492000000000000171e+02
-7.557786245868920449e-01 -3.054556490066155661e+01 0.000000000000000000e+00 3.843562899855001991e-01 1.773702315195535562e-01 0.000000000000000000e+00 2.493000000000000114e+02
-7.260820719547655955e-01 -3.051923643124403895e+01 0.000000000000000000e+00 2.969655263212644947e-01 2.632846941751765257e-01 0.000000000000000000e+00 2.494000000000000057e+02
-6.963855193226391460e-01 -3.049290796182651775e+01 0.000000000000000000e+00 2.969655263212644947e-01 2.632846941752120529e-01 0.000000000000000000e+00 2.495000000000000000e+02
-6.666889666905126965e-01 -3.046657949240900010e+01 0.000000000000000000e+00 2.969655263212644947e-01 2.632846941751765257e-01 0.000000000000000000e+00 2.496000000000000227e+02
-6.369924140583862471e-01 -3.044025102299147889e+01 0.000000000000000000e+00 2.969655263212644947e-01 2.632846941752120529e-01 0.000000000000000000e+00 2.497000000000000171e+02
-6.072958614262599086e-01 -3.041392255357396124e+01 0.000000000000000000e+00 2.969655263212633844e-01 2.632846941751765257e-01 0.000000000000000000e+00 2.498000000000000114e+02
-5.775993087941334592e-01 -3.038759408415644003e+01 0.000000000000000000e+00 2.969655263212644947e-01 2.632846941752120529e-01 0.000000000000000000e+00 2.499000000000000057e+02
-5.479027561620070097e-01 -3.036126561473892238e+01 0.000000000000000000e+00 2.969655263212644947e-01 2.632846941751765257e-01 0.000000000000000000e+00 2.500000000000000000e+02
-5.182062035298805602e-01 -3.033493714532140118e+01 0.000000000000000000e+00 2.969655263212644947e-01 2.632846941752120529e-01 0.000000000000000000e+00 2.501000000000000227e+02
-4.925705766792621842e-01 -3.030949812385829389e+01 0.000000000000000000e+00 2.563562685061837598e-01 2.543902146310728085e-01 0.000000000000000000e+00 2.502000000000000171e+02
-4.696457337346780503e-01 -3.028465283430012178e+01 0.000000000000000000e+00 2.292484294458413396e-01 2.484528955817211227e-01 0.000000000000000000e+00 2.503000000000000114e+02
-4.467208907900939163e-01 -3.025980754474195322e+01 0.000000000000000000e+00 2.292484294458413396e-01 2.484528955816855955e-01 0.000000000000000000e+00 2.504000000000000057e+02
-4.237960478455098379e-01 -3.023496225518378466e+01 0.000000000000000000e+00 2.292484294458407845e-01 2.484528955816855955e-01 0.000000000000000000e+00 2.505000000000000000e+02
-4.008712049009257039e-01 -3.021011696562561255e+01 0.000000000000000000e+00 2.292484294458413396e-01 2.484528955817211227e-01 0.000000000000000000e+00 2.506000000000000227e+02
-3.779463619563415699e-01 -3.018527167606744399e+01 0.000000000000000000e+00 2.292484294458413396e-01 2.484528955816855955e-01 0.000000000000000000e+00 2.507000000000000171e+02
-3.550215190117573805e-01 -3.016042638650927188e+01 0.000000000000000000e+00 2.292484294458418947e-01 2.484528955817211227e-01 0.000000000000000000e+00 2.508000000000000114e+02
-3.320966760671733020e-01 -3.013558109695110332e+01 0.000000000000000000e+00 2.292484294458407845e-01 2.484528955816855955e-01 0.000000000000000000e+00 2.509000000000000057e+02
-3.070851083403907666e-01 -3.011022882319987559e+01 0.000000000000000000e+00 2.501156772678253537e-01 2.535227375122772742e-01 0.000000000000000000e+00 2.510000000000000000e+02
-2.804801115062072747e-01 -3.008448941484560990e+01 0.000000000000000000e+00 2.660499683418349193e-01 2.573940835426569151e-01 0.000000000000000000e+00 2.511000000000000227e+02
-2.538751146720237273e-01 -3.005875000649134421e+01 0.000000000000000000e+00 2.660499683418354744e-01 2.573940835426569151e-01 0.000000000000000000e+00 2.512000000000000171e+02
-2.272701178378402076e-01 -3.003301059813707496e+01 0.000000000000000000e+00 2.660499683418351968e-01 2.573940835426924423e-01 0.000000000000000000e+00 2.513000000000000114e+02
-2.006651210036566879e-01 -3.000727118978280927e+01 0.000000000000000000e+00 2.660499683418351968e-01 2.573940835426569151e-01 0.000000000000000000e+00 2.514000000000000057e+02
-1.740601241694731682e-01 -2.998153178142854358e+01 0.000000000000000000e+00 2.660499683418351968e-01 2.573940835426569151e-01 0.000000000000000000e+00 2.515000000000000000e+02
-1.474551273352896485e-01 -2.995579237307427789e+01 0.000000000000000000e+00 2.660499683418351968e-01 2.573940835426569151e-01 0.000000000000000000e+00 2.516000000000000227e+02
-1.208501305011061289e-01 -2.993005296472000865e+01 0.000000000000000000e+00 2.660499683418351968e-01 2.573940835426924423e-01 0.000000000000000000e+00 2.517000000000000171e+02
-9.424513366692260918e-02 -2.990431355636574295e+01 0.000000000000000000e+00 2.660499683418351968e-01 2.573940835426569151e-01 0.000000000000000000e+00 2.518000000000000114e+02
-6.197914981885043612e-02 -2.988571965871171443e+01 0.000000000000000000e+00 3.226598384807217168e-01 1.859389765402852390e-01 0.000000000000000000e+00 2.519000000000000057e+02
-1.908063044202890080e-02 -2.988054654725714698e+01 0.000000000000000000e+00 4.289851937682153116e-01 5.173111454567447254e-02 0.000000000000000000e+00 2.520000000000000000e+02
2.381788893479264146e-02 -2.987537343580258309e+01 0.000000000000000000e+00 4.289851937682154226e-01 5.173111454563894540e-02 0.000000000000000000e+00 2.521000000000000227e+02
6.671640831161416985e-02 -2.987020032434801564e+01 0.000000000000000000e+00 4.289851937682152561e-01 5.173111454567447254e-02 0.000000000000000000e+00 2.522000000000000171e+02
1.096149276884357399e-01 -2.986502721289345175e+01 0.000000000000000000e+00 4.289851937682157001e-01 5.173111454563894540e-02 0.000000000000000000e+00 2.523000000000000114e+02
1.525134470652572127e-01 -2.985985410143888430e+01 0.000000000000000000e+00 4.289851937682147009e-01 5.173111454567447254e-02 0.000000000000000000e+00 2.524000000000000057e+02
1.954119664420788105e-01 -2.985468098998432041e+01 0.000000000000000000e+00 4.289851937682159777e-01 5.173111454563894540e-02 0.000000000000000000e+00 2.525000000000000000e+02
2.383104858189003528e-01 -2.984950787852975296e+01 0.000000000000000000e+00 4.289851937682154226e-01 5.173111454567447254e-02 0.000000000000000000e+00 2.526000000000000227e+02
2.812090051957218950e-01 -2.984433476707518906e+01 0.000000000000000000e+00 4.289851937682154226e-01 5.173111454563894540e-02 0.000000000000000000e+00 2.527000000000000171e+02
3.241075245725434373e-01 -2.983916165562062162e+01 0.000000000000000000e+00 4.289851937682154226e-01 5.173111454567447254e-02 0.000000000000000000e+00 2.528000000000000114e+02
3.603876587491980366e-01 -2.983580494960541785e+01 0.000000000000000000e+00 3.628013417665459928e-01 3.356706015203769766e-02 0.000000000000000000e+00 2.529000000000000057e+02
3.959750734622941026e-01 -2.983263835936068276e+01 0.000000000000000000e+00 3.558741471309606608e-01 3.166590244735090209e-02 0.000000000000000000e+00 2.530000000000000000e+02
4.315624881753901132e-01 -2.982947176911594411e+01 0.000000000000000000e+00 3.558741471309601057e-01 3.166590244738642923e-02 0.000000000000000000e+00 2.531000000000000227e+02
4.671499028884861793e-01 -2.982630517887120902e+01 0.000000000000000000e+00 3.558741471309606608e-01 3.166590244735090209e-02 0.000000000000000000e+00 2.532000000000000171e+02
5.027373176015822454e-01 -2.982313858862647038e+01 0.000000000000000000e+00 3.558741471309606608e-01 3.166590244738642923e-02 0.000000000000000000e+00 2.533000000000000114e+02
5.383247323146782559e-01 -2.981997199838173174e+01 0.000000000000000000e+00 3.558741471309601057e-01 3.166590244738642923e-02 0.000000000000000000e+00 2.534000000000000057e+02
5.739121470277743775e-01 -2.981680540813699665e+01 0.000000000000000000e+00 3.558741471309612159e-01 3.166590244735090209e-02 0.000000000000000000e+00 2.535000000000000000e+02
6.094995617408703881e-01 -2.981363881789225800e+01 0.000000000000000000e+00 3.558741471309601057e-01 3.166590244738642923e-02 0.000000000000000000e+00 2.536000000000000227e+02
6.429796704272932040e-01 -2.981052494602680270e+01 0.000000000000000000e+00 3.348010868642281590e-01 3.113871865455308807e-02 0.000000000000000000e+00 2.537000000000000171e+02
6.756714856991583584e-01 -2.980743079486194347e+01 0.000000000000000000e+00 3.269181527186515446e-01 3.094151164859226810e-02 0.000000000000000000e+00 2.538000000000000114e+02
7.083633009710235129e-01 -2.980433664369708424e+01 0.000000000000000000e+00 3.269181527186515446e-01 3.094151164859226810e-02 0.000000000000000000e+00 2.539000000000000057e+02
7.410551162428886673e-01 -2.980124249253222857e+01 0.000000000000000000e+00 3.269181527186515446e-01 3.094151164855674097e-02 0.000000000000000000e+00 2.540000000000000000e+02
7.737469315147539328e-01 -2.979814834136736934e+01 0.000000000000000000e+00 3.269181527186526548e-01 3.094151164859226810e-02 0.000000000000000000e+00 2.541000000000000227e+02
8.064387467866190873e-01 -2.979505419020251011e+01 0.000000000000000000e+00 3.269181527186515446e-01 3.094151164859226810e-02 0.000000000000000000e+00 2.542000000000000171e+02
8.391305620584842417e-01 -2.979196003903765089e+01 0.000000000000000000e+00 3.269181527186515446e-01 3.094151164859226810e-02 0.000000000000000000e+00 2.543000000000000114e+02
8.718223773303495072e-01 -2.978886588787279166e+01 0.000000000000000000e+00 3.269181527186526548e-01 3.094151164859226810e-02 0.000000000000000000e+00 2.544000000000000057e+02
9.027181479748100923e-01 -2.978574358419742296e+01 0.000000000000000000e+00 3.089577064446058507e-01 3.122303675368698350e-02 0.000000000000000000e+00 2.545000000000000000e+02
9.334951826770027106e-01 -2.978261941936849055e+01 0.000000000000000000e+00 3.077703470219261828e-01 3.124164828932407545e-02 0.000000000000000000e+00 2.546000000000000227e+02
9.642722173791954399e-01 -2.977949525453955815e+01 0.000000000000000000e+00 3.077703470219272930e-01 3.124164828932407545e-02 0.000000000000000000e+00 2.547000000000000171e+02
9.950492520813881692e-01 -2.977637108971062574e+01 0.000000000000000000e+00 3.077703470219272930e-01 3.124164828932407545e-02 0.000000000000000000e+00 2.548000000000000114e+02
1.025826286783580787e+00 -2.977324692488168978e+01 0.000000000000000000e+00 3.077703470219261828e-01 3.124164828935960259e-02 0.000000000000000000e+00 2.549000000000000057e+02
1.056603321485773517e+00 -2.977012276005275737e+01 0.000000000000000000e+00 3.077703470219272930e-01 3.124164828932407545e-02 0.000000000000000000e+00 2.550000000000000000e+02
1.087380356187966246e+00 -2.976699859522382496e+01 0.000000000000000000e+00 3.077703470219272930e-01 3.124164828932407545e-02 0.000000000000000000e+00 2.551000000000000227e+02
1.119694125908595295e+00 -2.976455416656296293e+01 0.000000000000000000e+00 3.231376972062904862e-01 2.444428660862030256e-02 0.000000000000000000e+00 2.552000000000000171e+02
1.155330723417319128e+00 -2.976357950738137603e+01 0.000000000000000000e+00 3.563659750872383292e-01 9.746591815869010134e-03 0.000000000000000000e+00 2.553000000000000114e+02
1.190967320926042960e+00 -2.976260484819979268e+01 0.000000000000000000e+00 3.563659750872383292e-01 9.746591815833482997e-03 0.000000000000000000e+00 2.554000000000000057e+02
1.226603918434767015e+00 -2.976163018901820934e+01 0.000000000000000000e+00 3.563659750872405496e-01 9.746591815833482997e-03 0.000000000000000000e+00 2.555000000000000000e+02
1.262240515943490848e+00 -2.976065552983662599e+01 0.000000000000000000e+00 3.563659750872383292e-01 9.746591815833482997e-03 0.000000000000000000e+00 2.556000000000000227e+02
1.297877113452214681e+00 -2.975968087065504264e+01 0.000000000000000000e+00 3.563659750872383292e-01 9.746591815833482997e-03 0.000000000000000000e+00 2.557000000000000171e+02
1.333513710960938736e+00 -2.975870621147345929e+01 0.000000000000000000e+00 3.563659750872405496e-01 9.746591815833482997e-03 0.000000000000000000e+00 2.558000000000000114e+02
1.369150308469662569e+00 -2.975773155229187239e+01 0.000000000000000000e+00 3.563659750872383292e-01 9.746591815869010134e-03 0.000000000000000000e+00 2.559000000000000057e+02
1.404786905978386624e+00 -2.975675689311028904e+01 0.000000000000000000e+00 3.563659750872405496e-01 9.746591815833482997e-03 0.000000000000000000e+00 2.560000000000000000e+02
1.449957436210746797e+00 -2.977370100298063349e+01 0.000000000000000000e+00 4.517053023236017317e-01 -1.694410987034444815e-01 0.000000000000000000e+00 2.561000000000000227e+02
1.499845698065117583e+00 -2.979951196201323782e+01 0.000000000000000000e+00 4.988826185437078564e-01 -2.581095903260433033e-01 0.000000000000000000e+00 2.561999999999999886e+02
1.549733959919488147e+00 -2.982532292104584215e+01 0.000000000000000000e+00 4.988826185437056360e-01 -2.581095903260433033e-01 0.000000000000000000e+00 2.563000000000000114e+02
1.599622221773858932e+00 -2.985113388007844293e+01 0.000000000000000000e+00 4.988826185437078564e-01 -2.581095903260077762e-01 0.000000000000000000e+00 2.564000000000000341e+02
1.649510483628229496e+00 -2.987694483911104726e+01 0.000000000000000000e+00 4.988826185437056360e-01 -2.581095903260433033e-01 0.000000000000000000e+00 2.565000000000000000e+02
1.699398745482600059e+00 -2.990275579814364804e+01 0.000000000000000000e+00 4.988826185437056360e-01 -2.581095903260077762e-01 0.000000000000000000e+00 2.566000000000000227e+02
1.749287007336970845e+00 -2.992856675717625237e+01 0.000000000000000000e+00 4.988826185437078564e-01 -2.581095903260433033e-01 0.000000000000000000e+00 2.566999999999999886e+02
1.799175269191341409e+00 -2.995437771620885314e+01 0.000000000000000000e+00 4.988826185437056360e-01 -2.581095903260077762e-01 0.000000000000000000e+00 2.568000000000000114e+02
1.849063531045711972e+00 -2.998018867524145747e+01 0.000000000000000000e+00 4.988826185437056360e-01 -2.581095903260433033e-01 0.000000000000000000e+00 2.569000000000000341e+02
1.898951792900082758e+00 -3.000599963427406180e+01 0.000000000000000000e+00 4.988826185437078564e-01 -2.581095903260433033e-01 0.000000000000000000e+00 2.570000000000000000e+02
1.948840054754453321e+00 -3.003181059330666258e+01 0.000000000000000000e+00 4.988826185437056360e-01 -2.581095903260077762e-01 0.000000000000000000e+00 2.571000000000000227e+02
1.998728316608823885e+00 -3.005762155233926691e+01 0.000000000000000000e+00 4.988826185437056360e-01 -2.581095903260433033e-01 0.000000000000000000e+00 2.571999999999999886e+02
2.048616578463194671e+00 -3.008343251137186769e+01 0.000000000000000000e+00 4.988826185437078564e-01 -2.581095903260077762e-01 0.000000000000000000e+00 2.573000000000000114e+02
2.098504840317565012e+00 -3.010924347040447202e+01 0.000000000000000000e+00 4.988826185437034155e-01 -2.581095903260433033e-01 0.000000000000000000e+00 2.574000000000000341e+02
2.145035626423914099e+00 -3.011948357450959435e+01 0.000000000000000000e+00 4.653078610634908685e-01 -1.024010410512232738e-01 0.000000000000000000e+00 2.575000000000000000e+02
2.191344809688908768e+00 -3.012869595840071923e+01 0.000000000000000000e+00 4.630918326499466886e-01 -9.212383891124886759e-02 0.000000000000000000e+00 2.576000000000000227e+02
2.237653992953903437e+00 -3.013790834229184767e+01 0.000000000000000000e+00 4.630918326499466886e-01 -9.212383891128439473e-02 0.000000000000000000e+00 2.576999999999999886e+02
2.283963176218898550e+00 -3.014712072618297611e+01 0.000000000000000000e+00 4.630918326499511295e-01 -9.212383891128439473e-02 0.000000000000000000e+00 2.578000000000000114e+02
2.330272359483893219e+00 -3.015633311007410100e+01 0.000000000000000000e+00 4.630918326499466886e-01 -9.212383891124886759e-02 0.000000000000000000e+00 2.579000000000000341e+02
2.376581542748887887e+00 -3.016554549396522944e+01 0.000000000000000000e+00 4.630918326499466886e-01 -9.212383891128439473e-02 0.000000000000000000e+00 2.580000000000000000e+02
2.422890726013883000e+00 -3.017475787785635788e+01 0.000000000000000000e+00 4.630918326499511295e-01 -9.212383891128439473e-02 0.000000000000000000e+00 2.581000000000000227e+02
2.469199909278877669e+00 -3.018397026174748277e+01 0.000000000000000000e+00 4.630918326499466886e-01 -9.212383891124886759e-02 0.000000000000000000e+00 2.581999999999999886e+02
2.515509092543872338e+00 -3.019318264563861121e+01 0.000000000000000000e+00 4.630918326499466886e-01 -9.212383891128439473e-02 0.000000000000000000e+00 2.583000000000000114e+02
2.561818275808867451e+00 -3.020239502952973609e+01 0.000000000000000000e+00 4.630918326499511295e-01 -9.212383891124886759e-02 0.000000000000000000e+00 2.584000000000000341e+02
2.608169897545209448e+00 -3.021063103609261091e+01 0.000000000000000000e+00 4.635162173634199689e-01 -8.236006562874820247e-02 0.000000000000000000e+00 2.585000000000000000e+02
2.654563729565207364e+00 -3.021789591521680407e+01 0.000000000000000000e+00 4.639383201999791595e-01 -7.264879124193157622e-02 0.000000000000000000e+00 2.586000000000000227e+02
2.700957561585205280e+00 -3.022516079434099723e+01 0.000000000000000000e+00 4.639383201999791595e-01 -7.264879124193157622e-02 0.000000000000000000e+00 2.586999999999999886e+02
2.747351393605203640e+00 -3.023242567346519039e+01 0.000000000000000000e+00 4.639383201999836004e-01 -7.264879124193157622e-02 0.000000000000000000e+00 2.588000000000000114e+02
2.793745225625201556e+00 -3.023969055258938354e+01 0.000000000000000000e+00 4.639383201999791595e-01 -7.264879124193157622e-02 0.000000000000000000e+00 2.589000000000000341e+02
2.840139057645199472e+00 -3.024695543171358025e+01 0.000000000000000000e+00 4.639383201999791595e-01 -7.264879124196710336e-02 0.000000000000000000e+00 2.590000000000000000e+02
2.886532889665197388e+00 -3.025422031083777341e+01 0.000000000000000000e+00 4.639383201999791595e-01 -7.264879124193157622e-02 0.000000000000000000e+00 2.591000000000000227e+02
2.932926721685195748e+00 -3.026148518996196657e+01 0.000000000000000000e+00 4.639383201999836004e-01 -7.264879124193157622e-02 0.000000000000000000e+00 2.591999999999999886e+02
2.979320553705193664e+00 -3.026875006908615973e+01 0.000000000000000000e+00 4.639383201999791595e-01 -7.264879124193157622e-02 0.000000000000000000e+00 2.593000000000000114e+02
3.025714385725191580e+00 -3.027601494821035288e+01 0.000000000000000000e+00 4.639383201999791595e-01 -7.264879124193157622e-02 0.000000000000000000e+00 2.594000000000000341e+02
3.072108217745189940e+00 -3.028327982733454604e+01 0.000000000000000000e+00 4.639383201999836004e-01 -7.264879124193157622e-02 0.000000000000000000e+00 2.595000000000000000e+02
3.118502049765187856e+00 -3.029054470645873920e+01 0.000000000000000000e+00 4.639383201999791595e-01 -7.264879124193157622e-02 0.000000000000000000e+00 2.596000000000000227e+02
3.151229742647406518e+00 -3.029265270100449570e+01 0.000000000000000000e+00 3.272769288221866191e-01 -2.107994545756497473e-02 0.000000000000000000e+00 2.596999999999999886e+02
3.182541206852343763e+00 -3.029422628508129378e+01 0.000000000000000000e+00 3.131146420493724492e-01 -1.573584076798084652e-02 0.000000000000000000e+00 2.598000000000000114e+02
3.213852671057281007e+00 -3.029579986915809187e+01 0.000000000000000000e+00 3.131146420493724492e-01 -1.573584076798084652e-02 0.000000000000000000e+00 2.599000000000000341e+02
3.245164135262218252e+00 -3.029737345323489350e+01 0.000000000000000000e+00 3.131146420493724492e-01 -1.573584076801637366e-02 0.000000000000000000e+00 2.600000000000000000e+02
3.276475599467155941e+00 -3.029894703731169159e+01 0.000000000000000000e+00 3.131146420493768900e-01 -1.573584076798084652e-02 0.000000000000000000e+00 2.601000000000000227e+02
3.307787063672093186e+00 -3.030052062138849323e+01 0.000000000000000000e+00 3.131146420493724492e-01 -1.573584076801637366e-02 0.000000000000000000e+00 2.601999999999999886e+02
3.339098527877030431e+00 -3.030209420546529131e+01 0.000000000000000000e+00 3.131146420493724492e-01 -1.573584076798084652e-02 0.000000000000000000e+00 2.603000000000000114e+02
3.368256092442712291e+00 -3.029100839539546186e+01 0.000000000000000000e+00 2.915756456568185939e-01 1.108581006982944928e-01 0.000000000000000000e+00 2.604000000000000341e+02
3.392953713530249438e+00 -3.025370958016395662e+01 0.000000000000000000e+00 2.469762108753714713e-01 3.729881523150524458e-01 0.000000000000000000e+00 2.605000000000000000e+02
3.417651334617787029e+00 -3.021641076493245492e+01 0.000000000000000000e+00 2.469762108753759122e-01 3.729881523150169187e-01 0.000000000000000000e+00 2.606000000000000227e+02
3.442348955705324176e+00 -3.017911194970095323e+01 0.000000000000000000e+00 2.469762108753714713e-01 3.729881523150169187e-01 0.000000000000000000e+00 2.606999999999999886e+02
3.467046576792861767e+00 -3.014181313446945154e+01 0.000000000000000000e+00 2.469762108753759122e-01 3.729881523150169187e-01 0.000000000000000000e+00 2.608000000000000114e+02
3.491744197880398914e+00 -3.010451431923794985e+01 0.000000000000000000e+00 2.469762108753714713e-01 3.729881523150169187e-01 0.000000000000000000e+00 2.609000000000000341e+02
3.516441818967936506e+00 -3.006721550400644816e+01 0.000000000000000000e+00 2.469762108753759122e-01 3.729881523150169187e-01 0.000000000000000000e+00 2.610000000000000000e+02
3.541139440055473653e+00 -3.002991668877494646e+01 0.000000000000000000e+00 2.469762108753714713e-01 3.729881523150169187e-01 0.000000000000000000e+00 2.611000000000000227e+02
3.565837061143010800e+00 -2.999261787354344477e+01 0.000000000000000000e+00 2.469762108753714713e-01 3.729881523150169187e-01 0.000000000000000000e+00 2.611999999999999886e+02
3.590534682230548391e+00 -2.995531905831194308e+01 0.000000000000000000e+00 2.469762108753759122e-01 3.729881523150169187e-01 0.000000000000000000e+00 2.613000000000000114e+02
3.613699663642599980e+00 -2.990884403513001288e+01 0.000000000000000000e+00 2.316498141205158845e-01 4.647502318193019732e-01 0.000000000000000000e+00 2.614000000000000341e+02
3.636765908911670842e+00 -2.986177785970616227e+01 0.000000000000000000e+00 2.306624526907086192e-01 4.706617542385060915e-01 0.000000000000000000e+00 2.615000000000000000e+02
3.659832154180741259e+00 -2.981471168428231167e+01 0.000000000000000000e+00 2.306624526907041783e-01 4.706617542385060915e-01 0.000000000000000000e+00 2.616000000000000227e+02
3.682898399449812121e+00 -2.976764550885846106e+01 0.000000000000000000e+00 2.306624526907086192e-01 4.706617542385060915e-01 0.000000000000000000e+00 2.616999999999999886e+02
3.705964644718882539e+00 -2.972057933343461045e+01 0.000000000000000000e+00 2.306624526907041783e-01 4.706617542385060915e-01 0.000000000000000000e+00 2.618000000000000114e+02
3.729030889987953401e+00 -2.967351315801075984e+01 0.000000000000000000e+00 2.306624526907086192e-01 4.706617542385060915e-01 0.000000000000000000e+00 2.619000000000000341e+02
3.752097135257024263e+00 -2.962644698258690923e+01 0.000000000000000000e+00 2.306624526907086192e-01 4.706617542385060915e-01 0.000000000000000000e+00 2.620000000000000000e+02
3.775163380526094681e+00 -2.957938080716305862e+01 0.000000000000000000e+00 2.306624526907041783e-01 4.706617542385060915e-01 0.000000000000000000e+00 2.621000000000000227e+02
3.798229625795165543e+00 -2.953231463173920801e+01 0.000000000000000000e+00 2.306624526907086192e-01 4.706617542385060915e-01 0.000000000000000000e+00 2.621999999999999886e+02
3.821295871064235961e+00 -2.948524845631535740e+01 0.000000000000000000e+00 2.306624526907041783e-01 4.706617542385060915e-01 0.000000000000000000e+00 2.623000000000000114e+02
3.844362116333306822e+00 -2.943818228089150679e+01 0.000000000000000000e+00 2.306624526907086192e-01 4.706617542385060915e-01 0.000000000000000000e+00 2.624000000000000341e+02
3.867428361602377240e+00 -2.939111610546765618e+01 0.000000000000000000e+00 2.306624526907041783e-01 4.706617542385060915e-01 0.000000000000000000e+00 2.625000000000000000e+02
3.887813536241173651e+00 -2.934970735145233434e+01 0.000000000000000000e+00 2.038517463879641056e-01 4.140875401532184696e-01 0.000000000000000000e+00 2.626000000000000227e+02
3.905580100600501314e+00 -2.931382421906307911e+01 0.000000000000000000e+00 1.776656435932766342e-01 3.588313238925522342e-01 0.000000000000000000e+00 2.626999999999999886e+02
3.923346664959828534e+00 -2.927794108667382389e+01 0.000000000000000000e+00 1.776656435932721934e-01 3.588313238925522342e-01 0.000000000000000000e+00 2.628000000000000114e+02
3.941113229319156197e+00 -2.924205795428457222e+01 0.000000000000000000e+00 1.776656435932766342e-01 3.588313238925167070e-01 0.000000000000000000e+00 2.629000000000000341e+02
3.958879793678483416e+00 -2.920617482189531700e+01 0.000000000000000000e+00 1.776656435932721934e-01 3.588313238925522342e-01 0.000000000000000000e+00 2.630000000000000000e+02
3.976646358037811080e+00 -2.917029168950606177e+01 0.000000000000000000e+00 1.776656435932766342e-01 3.588313238925522342e-01 0.000000000000000000e+00 2.631000000000000227e+02
3.994412922397138743e+00 -2.913440855711680655e+01 0.000000000000000000e+00 1.776656435932766342e-01 3.588313238925522342e-01 0.000000000000000000e+00 2.631999999999999886e+02
4.012179486756465963e+00 -2.909852542472755133e+01 0.000000000000000000e+00 1.776656435932721934e-01 3.588313238925522342e-01 0.000000000000000000e+00 2.633000000000000114e+02
4.029946051115793182e+00 -2.906264229233829610e+01 0.000000000000000000e+00 1.776656435932721934e-01 3.588313238925522342e-01 0.000000000000000000e+00 2.634000000000000341e+02
4.047617976762746927e+00 -2.902696138454652441e+01 0.000000000000000000e+00 1.767192564695374557e-01 3.568090779177168770e-01 0.000000000000000000e+00 2.635000000000000000e+02
4.061473948350614371e+00 -2.899943443145514976e+01 0.000000000000000000e+00 1.385597158786744387e-01 2.752695309137465074e-01 0.000000000000000000e+00 2.636000000000000227e+02
4.075329919938481815e+00 -2.897190747836377511e+01 0.000000000000000000e+00 1.385597158786744387e-01 2.752695309137465074e-01 0.000000000000000000e+00 2.636999999999999886e+02
4.089185891526349259e+00 -2.894438052527240401e+01 0.000000000000000000e+00 1.385597158786744387e-01 2.752695309137109803e-01 0.000000000000000000e+00 2.638000000000000114e+02
4.103041863114217591e+00 -2.891685357218102936e+01 0.000000000000000000e+00 1.385597158786833205e-01 2.752695309137465074e-01 0.000000000000000000e+00 2.639000000000000341e+02
4.116897834702085035e+00 -2.888932661908965471e+01 0.000000000000000000e+00 1.385597158786744387e-01 2.752695309137465074e-01 0.000000000000000000e+00 2.640000000000000000e+02
4.130753806289952479e+00 -2.886179966599828006e+01 0.000000000000000000e+00 1.385597158786744387e-01 2.752695309137465074e-01 0.000000000000000000e+00 2.641000000000000227e+02
4.144609777877820811e+00 -2.883427271290690896e+01 0.000000000000000000e+00 1.385597158786833205e-01 2.752695309137109803e-01 0.000000000000000000e+00 2.641999999999999886e+02
4.160263875543376066e+00 -2.881140527869127155e+01 0.000000000000000000e+00 1.565409766555525550e-01 2.286743421563741663e-01 0.000000000000000000e+00 2.643000000000000114e+02
4.178356377868541749e+00 -2.879485652962187459e+01 0.000000000000000000e+00 1.809250232516568246e-01 1.654874906939696189e-01 0.000000000000000000e+00 2.644000000000000341e+02
4.196448880193707431e+00 -2.877830778055247407e+01 0.000000000000000000e+00 1.809250232516568246e-01 1.654874906940051460e-01 0.000000000000000000e+00 2.645000000000000000e+02
4.214541382518874002e+00 -2.876175903148307356e+01 0.000000000000000000e+00 1.809250232516657064e-01 1.654874906940051460e-01 0.000000000000000000e+00 2.646000000000000227e+02
4.232633884844039684e+00 -2.874521028241367304e+01 0.000000000000000000e+00 1.809250232516568246e-01 1.654874906940051460e-01 0.000000000000000000e+00 2.646999999999999886e+02
4.250722040639643318e+00 -2.872856673156142193e+01 0.000000000000000000e+00 1.808815579560363318e-01 1.664355085225110997e-01 0.000000000000000000e+00 2.648000000000000114e+02
4.268606656026724622e+00 -2.870748377834608789e+01 0.000000000000000000e+00 1.788461538708130405e-01 2.108295321533404376e-01 0.000000000000000000e+00 2.649000000000000341e+02
4.286491271413805926e+00 -2.868640082513075384e+01 0.000000000000000000e+00 1.788461538708130405e-01 2.108295321533404376e-01 0.000000000000000000e+00 2.650000000000000000e+02
4.304375886800887230e+00 -2.866531787191541625e+01 0.000000000000000000e+00 1.788461538708130405e-01 2.108295321533759648e-01 0.000000000000000000e+00 2.651000000000000227e+02
4.322260502187968534e+00 -2.864423491870008220e+01 0.000000000000000000e+00 1.788461538708130405e-01 2.108295321533404376e-01 0.000000000000000000e+00 2.651999999999999886e+02
4.340145117575049838e+00 -2.862315196548474816e+01 0.000000000000000000e+00 1.788461538708130405e-01 2.108295321533404376e-01 0.000000000000000000e+00 2.653000000000000114e+02
4.355835897392339895e+00 -2.859927944258598842e+01 0.000000000000000000e+00 1.569077981729005700e-01 2.387252289875974043e-01 0.000000000000000000e+00 2.654000000000000341e+02
4.357311722179956881e+00 -2.855733190615929473e+01 0.000000000000000000e+00 1.475824787616986100e-02 4.194753642669368787e-01 0.000000000000000000e+00 2.655000000000000000e+02
4.358787546967572979e+00 -2.851538436973260104e+01 0.000000000000000000e+00 1.475824787616097922e-02 4.194753642669368787e-01 0.000000000000000000e+00 2.656000000000000227e+02
4.360263371755189965e+00 -2.847343683330591091e+01 0.000000000000000000e+00 1.475824787616986100e-02 4.194753642669013516e-01 0.000000000000000000e+00 2.656999999999999886e+02
4.361739196542806951e+00 -2.843148929687921722e+01 0.000000000000000000e+00 1.475824787616986100e-02 4.194753642669368787e-01 0.000000000000000000e+00 2.658000000000000114e+02
4.363215021330423049e+00 -2.838954176045252709e+01 0.000000000000000000e+00 1.475824787616097922e-02 4.194753642669013516e-01 0.000000000000000000e+00 2.659000000000000341e+02
4.364690846118040035e+00 -2.834759422402583340e+01 0.000000000000000000e+00 1.475824787616986100e-02 4.194753642669368787e-01 0.000000000000000000e+00 2.660000000000000000e+02
4.366166670905656133e+00 -2.830564668759913971e+01 0.000000000000000000e+00 1.475824787616097922e-02 4.194753642669368787e-01 0.000000000000000000e+00 2.661000000000000227e+02
4.367642495693273119e+00 -2.826369915117244958e+01 0.000000000000000000e+00 1.475824787616986100e-02 4.194753642669013516e-01 0.000000000000000000e+00 2.661999999999999886e+02
4.369118320480890105e+00 -2.822175161474575589e+01 0.000000000000000000e+00 1.475824787616986100e-02 4.194753642669368787e-01 0.000000000000000000e+00 2.663000000000000114e+02
4.370555712837669304e+00 -2.817981625515352206e+01 0.000000000000000000e+00 1.437392356779199076e-02 4.193535959223382292e-01 0.000000000000000000e+00 2.664000000000000341e+02
4.368254558853513991e+00 -2.813906540715535343e+01 0.000000000000000000e+00 -2.301153984155313026e-02 4.075084799816863779e-01 0.000000000000000000e+00 2.665000000000000000e+02
4.365953404869358678e+00 -2.809831455915718124e+01 0.000000000000000000e+00 -2.301153984155313026e-02 4.075084799817219050e-01 0.000000000000000000e+00 2.666000000000000227e+02
4.363652250885203365e+00 -2.805756371115901260e+01 0.000000000000000000e+00 -2.301153984155313026e-02 4.075084799816863779e-01 0.000000000000000000e+00 2.666999999999999886e+02
4.361351096901047164e+00 -2.801681286316084041e+01 0.000000000000000000e+00 -2.301153984156201204e-02 4.075084799817219050e-01 0.000000000000000000e+00 2.668000000000000114e+02
4.359049942916891851e+00 -2.797606201516267177e+01 0.000000000000000000e+00 -2.301153984155313026e-02 4.075084799816863779e-01 0.000000000000000000e+00 2.669000000000000341e+02
4.356748788932736538e+00 -2.793531116716449958e+01 0.000000000000000000e+00 -2.301153984155313026e-02 4.075084799817219050e-01 0.000000000000000000e+00 2.670000000000000000e+02
4.354447634948580337e+00 -2.789456031916632739e+01 0.000000000000000000e+00 -2.301153984156201204e-02 4.075084799817219050e-01 0.000000000000000000e+00 2.671000000000000227e+02
4.352146480964425024e+00 -2.785380947116815875e+01 0.000000000000000000e+00 -2.301153984155313026e-02 4.075084799816863779e-01 0.000000000000000000e+00 2.671999999999999886e+02
4.349513375090327649e+00 -2.781213749784044964e+01 0.000000000000000000e+00 -2.633105874097374510e-02 4.167197332770911089e-01 0.000000000000000000e+00 2.673000000000000114e+02
4.343259492766368801e+00 -2.776041831887355116e+01 0.000000000000000000e+00 -6.253882323958848133e-02 5.171917896689848249e-01 0.000000000000000000e+00 2.674000000000000341e+02
4.337005610442409953e+00 -2.770869913990665268e+01 0.000000000000000000e+00 -6.253882323958848133e-02 5.171917896689848249e-01 0.000000000000000000e+00 2.675000000000000000e+02
4.330751728118451105e+00 -2.765697996093975419e+01 0.000000000000000000e+00 -6.253882323958848133e-02 5.171917896689848249e-01 0.000000000000000000e+00 2.676000000000000227e+02
4.324497845794492257e+00 -2.760526078197285571e+01 0.000000000000000000e+00 -6.253882323958848133e-02 5.171917896689848249e-01 0.000000000000000000e+00 2.676999999999999886e+02
4.318243963470533409e+00 -2.755354160300595723e+01 0.000000000000000000e+00 -6.253882323958848133e-02 5.171917896689848249e-01 0.000000000000000000e+00 2.678000000000000114e+02
4.311990081146574560e+00 -2.750182242403905875e+01 0.000000000000000000e+00 -6.253882323958848133e-02 5.171917896689848249e-01 0.000000000000000000e+00 2.679000000000000341e+02
4.305736198822615712e+00 -2.745010324507216026e+01 0.000000000000000000e+00 -6.253882323958848133e-02 5.171917896689848249e-01 0.000000000000000000e+00 2.680000000000000000e+02
4.299482316498656864e+00 -2.739838406610526178e+01 0.000000000000000000e+00 -6.253882323958848133e-02 5.171917896689848249e-01 0.000000000000000000e+00 2.681000000000000227e+02
4.293228434174698016e+00 -2.734666488713836330e+01 0.000000000000000000e+00 -6.253882323958848133e-02 5.171917896689848249e-01 0.000000000000000000e+00 2.681999999999999886e+02
4.286974551850739168e+00 -2.729494570817146482e+01 0.000000000000000000e+00 -6.253882323958848133e-02 5.171917896689848249e-01 0.000000000000000000e+00 2.683000000000000114e+02
4.280720669526780320e+00 -2.724322652920456633e+01 0.000000000000000000e+00 -6.253882323958848133e-02 5.171917896689848249e-01 0.000000000000000000e+00 2.684000000000000341e+02
4.273854036424979519e+00 -2.719202775950107309e+01 0.000000000000000000e+00 -6.866633101800800887e-02 5.119876970349324097e-01 0.000000000000000000e+00 2.685000000000000000e+02
4.250101843812526425e+00 -2.715516989625565358e+01 0.000000000000000000e+00 -2.375219261245309355e-01 3.685786324541950876e-01 0.000000000000000000e+00 2.686000000000000227e+02
4.226349651200073332e+00 -2.711831203301023407e+01 0.000000000000000000e+00 -2.375219261245309355e-01 3.685786324541950876e-01 0.000000000000000000e+00 2.686999999999999886e+02
4.202597458587619350e+00 -2.708145416976481457e+01 0.000000000000000000e+00 -2.375219261245398172e-01 3.685786324541950876e-01 0.000000000000000000e+00 2.688000000000000114e+02
4.178845265975166257e+00 -2.704459630651939506e+01 0.000000000000000000e+00 -2.375219261245309355e-01 3.685786324541950876e-01 0.000000000000000000e+00 2.689000000000000341e+02
4.155093073362713163e+00 -2.700773844327397555e+01 0.000000000000000000e+00 -2.375219261245309355e-01 3.685786324541950876e-01 0.000000000000000000e+00 2.690000000000000000e+02
4.131340880750259181e+00 -2.697088058002855604e+01 0.000000000000000000e+00 -2.375219261245398172e-01 3.685786324541950876e-01 0.000000000000000000e+00 2.691000000000000227e+02
4.107588688137806088e+00 -2.693402271678313298e+01 0.000000000000000000e+00 -2.375219261245309355e-01 3.685786324542306147e-01 0.000000000000000000e+00 2.691999999999999886e+02
4.083836495525352994e+00 -2.689716485353771347e+01 0.000000000000000000e+00 -2.375219261245309355e-01 3.685786324541950876e-01 0.000000000000000000e+00 2.693000000000000114e+02
4.060084302912899012e+00 -2.686030699029229396e+01 0.000000000000000000e+00 -2.375219261245398172e-01 3.685786324541950876e-01 0.000000000000000000e+00 2.694000000000000341e+02
4.036332110300445919e+00 -2.682344912704687445e+01 0.000000000000000000e+00 -2.375219261245309355e-01 3.685786324541950876e-01 0.000000000000000000e+00 2.695000000000000000e+02
4.012159129444463623e+00 -2.678691444466193161e+01 0.000000000000000000e+00 -2.417298085598229562e-01 3.653468238494284037e-01 0.000000000000000000e+00 2.696000000000000227e+02
3.986816396763434245e+00 -2.675127817473782699e+01 0.000000000000000000e+00 -2.534273268102937848e-01 3.563626992410462435e-01 0.000000000000000000e+00 2.696999999999999886e+02
3.961473664082404422e+00 -2.671564190481372236e+01 0.000000000000000000e+00 -2.534273268102982257e-01 3.563626992410462435e-01 0.000000000000000000e+00 2.698000000000000114e+02
3.936130931401375044e+00 -2.668000563488962129e+01 0.000000000000000000e+00 -2.534273268102937848e-01 3.563626992410107164e-01 0.000000000000000000e+00 2.699000000000000341e+02
3.910788198720345665e+00 -2.664436936496551667e+01 0.000000000000000000e+00 -2.534273268102937848e-01 3.563626992410462435e-01 0.000000000000000000e+00 2.700000000000000000e+02
3.885445466039316287e+00 -2.660873309504141204e+01 0.000000000000000000e+00 -2.534273268102937848e-01 3.563626992410462435e-01 0.000000000000000000e+00 2.701000000000000227e+02
3.860102733358286464e+00 -2.657309682511731097e+01 0.000000000000000000e+00 -2.534273268102982257e-01 3.563626992410107164e-01 0.000000000000000000e+00 2.701999999999999886e+02
3.834760000677257086e+00 -2.653746055519320635e+01 0.000000000000000000e+00 -2.534273268102937848e-01 3.563626992410462435e-01 0.000000000000000000e+00 2.703000000000000114e+02
3.809417267996227707e+00 -2.650182428526910172e+01 0.000000000000000000e+00 -2.534273268102937848e-01 3.563626992410462435e-01 0.000000000000000000e+00 2.704000000000000341e+02
3.784074535315197885e+00 -2.646618801534500065e+01 0.000000000000000000e+00 -2.534273268102982257e-01 3.563626992410107164e-01 0.000000000000000000e+00 2.705000000000000000e+02
3.758731802634168506e+00 -2.643055174542089603e+01 0.000000000000000000e+00 -2.534273268102937848e-01 3.563626992410462435e-01 0.000000000000000000e+00 2.706000000000000227e+02
3.733170836274366522e+00 -2.638892789158317953e+01 0.000000000000000000e+00 -2.556096635980198428e-01 4.162385383771649572e-01 0.000000000000000000e+00 2.706999999999999886e+02
3.707607950812342512e+00 -2.634725138416030177e+01 0.000000000000000000e+00 -2.556288546202400980e-01 4.167650742287776211e-01 0.000000000000000000e+00 2.708000000000000114e+02
3.682045065350318946e+00 -2.630557487673742756e+01 0.000000000000000000e+00 -2.556288546202356571e-01 4.167650742287420940e-01 0.000000000000000000e+00 2.709000000000000341e+02
3.656482179888295381e+00 -2.626389836931455335e+01 0.000000000000000000e+00 -2.556288546202356571e-01 4.167650742287420940e-01 0.000000000000000000e+00 2.710000000000000000e+02
3.630919294426271815e+00 -2.622222186189167914e+01 0.000000000000000000e+00 -2.556288546202356571e-01 4.167650742287420940e-01 0.000000000000000000e+00 2.711000000000000227e+02
3.605356408964248249e+00 -2.618054535446880138e+01 0.000000000000000000e+00 -2.556288546202356571e-01 4.167650742287776211e-01 0.000000000000000000e+00 2.711999999999999886e+02
3.579793523502224240e+00 -2.613886884704592717e+01 0.000000000000000000e+00 -2.556288546202400980e-01 4.167650742287420940e-01 0.000000000000000000e+00 2.713000000000000114e+02
3.554230638040200674e+00 -2.609719233962305296e+01 0.000000000000000000e+00 -2.556288546202356571e-01 4.167650742287420940e-01 0.000000000000000000e+00 2.714000000000000341e+02
3.528667752578177108e+00 -2.605551583220017520e+01 0.000000000000000000e+00 -2.556288546202356571e-01 4.167650742287776211e-01 0.000000000000000000e+00 2.715000000000000000e+02
3.503104867116153542e+00 -2.601383932477730099e+01 0.000000000000000000e+00 -2.556288546202356571e-01 4.167650742287420940e-01 0.000000000000000000e+00 2.716000000000000227e+02
3.477541981654129533e+00 -2.597216281735442678e+01 0.000000000000000000e+00 -2.556288546202400980e-01 4.167650742287420940e-01 0.000000000000000000e+00 2.716999999999999886e+02
3.458259808948947356e+00 -2.593298637121729300e+01 0.000000000000000000e+00 -1.928217270518217674e-01 3.917644613713378021e-01 0.000000000000000000e+00 2.718000000000000114e+02
3.444548154546681840e+00 -2.589602729079800270e+01 0.000000000000000000e+00 -1.371165440226551624e-01 3.695908041929030219e-01 0.000000000000000000e+00 2.719000000000000341e+02
3.430836500144415879e+00 -2.585906821037871239e+01 0.000000000000000000e+00 -1.371165440226596033e-01 3.695908041929030219e-01 0.000000000000000000e+00 2.720000000000000000e+02
3.417124845742150363e+00 -2.582210912995942209e+01 0.000000000000000000e+00 -1.371165440226551624e-01 3.695908041929030219e-01 0.000000000000000000e+00 2.721000000000000227e+02
3.403413191339884403e+00 -2.578515004954013179e+01 0.000000000000000000e+00 -1.371165440226596033e-01 3.695908041929030219e-01 0.000000000000000000e+00 2.721999999999999886e+02
3.389701536937618442e+00 -2.574819096912084149e+01 0.000000000000000000e+00 -1.371165440226596033e-01 3.695908041929030219e-01 0.000000000000000000e+00 2.723000000000000114e+02
3.375989882535352926e+00 -2.571123188870154763e+01 0.000000000000000000e+00 -1.371165440226551624e-01 3.695908041929385490e-01 0.000000000000000000e+00 2.724000000000000341e+02
3.362278228133086966e+00 -2.567427280828225733e+01 0.000000000000000000e+00 -1.371165440226596033e-01 3.695908041929030219e-01 0.000000000000000000e+00 2.725000000000000000e+02
3.348566573730821450e+00 -2.563731372786296703e+01 0.000000000000000000e+00 -1.371165440226551624e-01 3.695908041929030219e-01 0.000000000000000000e+00 2.726000000000000227e+02
3.371304518407202799e+00 -2.561556973075296284e+01 0.000000000000000000e+00 2.273794467638134975e-01 2.174399711000418733e-01 0.000000000000000000e+00 2.726999999999999886e+02
3.394978444609410673e+00 -2.559421643854099315e+01 0.000000000000000000e+00 2.367392620220787336e-01 2.135329221196968774e-01 0.000000000000000000e+00 2.728000000000000114e+02
3.418652370811618546e+00 -2.557286314632901991e+01 0.000000000000000000e+00 2.367392620220787336e-01 2.135329221197324046e-01 0.000000000000000000e+00 2.729000000000000341e+02
3.442326297013826419e+00 -2.555150985411705022e+01 0.000000000000000000e+00 2.367392620220787336e-01 2.135329221196968774e-01 0.000000000000000000e+00 2.730000000000000000e+02
3.466000223216034293e+00 -2.553015656190508054e+01 0.000000000000000000e+00 2.367392620220787336e-01 2.135329221196968774e-01 0.000000000000000000e+00 2.731000000000000227e+02
3.489674149418242166e+00 -2.550880326969310730e+01 0.000000000000000000e+00 2.367392620220787336e-01 2.135329221197324046e-01 0.000000000000000000e+00 2.731999999999999886e+02
3.513348075620450039e+00 -2.548744997748113761e+01 0.000000000000000000e+00 2.367392620220787336e-01 2.135329221196968774e-01 0.000000000000000000e+00 2.733000000000000114e+02
3.537022001822657913e+00 -2.546609668526916792e+01 0.000000000000000000e+00 2.367392620220787336e-01 2.135329221196968774e-01 0.000000000000000000e+00 2.734000000000000341e+02
3.564012111592783860e+00 -2.544509973785637413e+01 0.000000000000000000e+00 2.699010977012594736e-01 2.099694741279378718e-01 0.000000000000000000e+00 2.735000000000000000e+02
3.593599679566236826e+00 -2.542438190367808559e+01 0.000000000000000000e+00 2.958756797345296619e-01 2.071783417828854112e-01 0.000000000000000000e+00 2.736000000000000227e+02
3.623187247539690237e+00 -2.540366406949979350e+01 0.000000000000000000e+00 2.958756797345341027e-01 2.071783417829209384e-01 0.000000000000000000e+00 2.736999999999999886e+02
3.652774815513143203e+00 -2.538294623532150496e+01 0.000000000000000000e+00 2.958756797345296619e-01 2.071783417828854112e-01 0.000000000000000000e+00 2.738000000000000114e+02
3.682362383486596613e+00 -2.536222840114321286e+01 0.000000000000000000e+00 2.958756797345341027e-01 2.071783417829209384e-01 0.000000000000000000e+00 2.739000000000000341e+02
3.711949951460050023e+00 -2.534151056696492432e+01 0.000000000000000000e+00 2.958756797345341027e-01 2.071783417828854112e-01 0.000000000000000000e+00 2.740000000000000000e+02
3.741537519433502990e+00 -2.532079273278663578e+01 0.000000000000000000e+00 2.958756797345296619e-01 2.071783417828854112e-01 0.000000000000000000e+00 2.741000000000000227e+02
3.771125087406955956e+00 -2.530007489860834369e+01 0.000000000000000000e+00 2.958756797345296619e-01 2.071783417829209384e-01 0.000000000000000000e+00 2.741999999999999886e+02
3.800712655380409366e+00 -2.527935706443005515e+01 0.000000000000000000e+00 2.958756797345341027e-01 2.071783417828854112e-01 0.000000000000000000e+00 2.743000000000000114e+02
3.829959091378807301e+00 -2.525656524343719056e+01 0.000000000000000000e+00 2.924643599839793495e-01 2.279182099286458651e-01 0.000000000000000000e+00 2.744000000000000341e+02
3.859158570017832357e+00 -2.523348793485797614e+01 0.000000000000000000e+00 2.919947863902505603e-01 2.307730857921441725e-01 0.000000000000000000e+00 2.745000000000000000e+02
3.888358048656857857e+00 -2.521041062627876528e+01 0.000000000000000000e+00 2.919947863902550012e-01 2.307730857921086454e-01 0.000000000000000000e+00 2.746000000000000227e+02
3.917557527295883357e+00 -2.518733331769955086e+01 0.000000000000000000e+00 2.919947863902550012e-01 2.307730857921441725e-01 0.000000000000000000e+00 2.746999999999999886e+02
3.946757005934908413e+00 -2.516425600912033644e+01 0.000000000000000000e+00 2.919947863902505603e-01 2.307730857921441725e-01 0.000000000000000000e+00 2.748000000000000114e+02
3.975956484573933913e+00 -2.514117870054112558e+01 0.000000000000000000e+00 2.919947863902550012e-01 2.307730857921086454e-01 0.000000000000000000e+00 2.749000000000000341e+02
4.005155963212959414e+00 -2.511810139196191116e+01 0.000000000000000000e+00 2.919947863902550012e-01 2.307730857921441725e-01 0.000000000000000000e+00 2.750000000000000000e+02
4.034355441851984914e+00 -2.509502408338269674e+01 0.000000000000000000e+00 2.919947863902550012e-01 2.307730857921441725e-01 0.000000000000000000e+00 2.751000000000000227e+02
4.063554920491010414e+00 -2.507194677480348233e+01 0.000000000000000000e+00 2.919947863902550012e-01 2.307730857921441725e-01 0.000000000000000000e+00 2.751999999999999886e+02
4.089501576425561780e+00 -2.504976317039324840e+01 0.000000000000000000e+00 2.594665593455136587e-01 2.218360441023392582e-01 0.000000000000000000e+00 2.753000000000000114e+02
4.110035784484552757e+00 -2.502906662127936599e+01 0.000000000000000000e+00 2.053420805899097701e-01 2.069654911388241203e-01 0.000000000000000000e+00 2.754000000000000341e+02
4.130569992543543734e+00 -2.500837007216548002e+01 0.000000000000000000e+00 2.053420805899097701e-01 2.069654911388596474e-01 0.000000000000000000e+00 2.755000000000000000e+02
4.151104200602534711e+00 -2.498767352305159761e+01 0.000000000000000000e+00 2.053420805899097701e-01 2.069654911388241203e-01 0.000000000000000000e+00 2.756000000000000227e+02
4.171638408661525688e+00 -2.496697697393771165e+01 0.000000000000000000e+00 2.053420805899097701e-01 2.069654911388596474e-01 0.000000000000000000e+00 2.756999999999999886e+02
4.192172616720516665e+00 -2.494628042482382924e+01 0.000000000000000000e+00 2.053420805899097701e-01 2.069654911388241203e-01 0.000000000000000000e+00 2.758000000000000114e+02
4.212706824779507642e+00 -2.492558387570994327e+01 0.000000000000000000e+00 2.053420805899097701e-01 2.069654911388596474e-01 0.000000000000000000e+00 2.759000000000000341e+02
4.233241032838498619e+00 -2.490488732659606086e+01 0.000000000000000000e+00 2.053420805899097701e-01 2.069654911388241203e-01 0.000000000000000000e+00 2.760000000000000000e+02
4.229088422667896197e+00 -2.486971076984101003e+01 0.000000000000000000e+00 -4.152610170602422102e-02 3.517655675505082513e-01 0.000000000000000000e+00 2.761000000000000227e+02
4.220615891905842965e+00 -2.483200037164103335e+01 0.000000000000000000e+00 -8.472530762053231967e-02 3.771039819997668019e-01 0.000000000000000000e+00 2.761999999999999886e+02
4.212143361143790621e+00 -2.479428997344106023e+01 0.000000000000000000e+00 -8.472530762052343789e-02 3.771039819997312748e-01 0.000000000000000000e+00 2.763000000000000114e+02
4.203670830381737389e+00 -2.475657957524108710e+01 0.000000000000000000e+00 -8.472530762053231967e-02 3.771039819997312748e-01 0.000000000000000000e+00 2.764000000000000341e+02
4.195198299619685045e+00 -2.471886917704111397e+01 0.000000000000000000e+00 -8.472530762052343789e-02 3.771039819997312748e-01 0.000000000000000000e+00 2.765000000000000000e+02
4.186725768857631813e+00 -2.468115877884114084e+01 0.000000000000000000e+00 -8.472530762053231967e-02 3.771039819997312748e-01 0.000000000000000000e+00 2.766000000000000227e+02
4.178253238095579469e+00 -2.464344838064116772e+01 0.000000000000000000e+00 -8.472530762052343789e-02 3.771039819997312748e-01 0.000000000000000000e+00 2.766999999999999886e+02
4.169780707333526237e+00 -2.460573798244119104e+01 0.000000000000000000e+00 -8.472530762053231967e-02 3.771039819997668019e-01 0.000000000000000000e+00 2.768000000000000114e+02
4.157926715484648206e+00 -2.456636964130790091e+01 0.000000000000000000e+00 -1.185399184887803159e-01 3.936834113329013007e-01 0.000000000000000000e+00 2.769000000000000341e+02
4.142479360574066405e+00 -2.452523946091577045e+01 0.000000000000000000e+00 -1.544735491058180088e-01 4.113018039213045540e-01 0.000000000000000000e+00 2.770000000000000000e+02
4.127032005663485492e+00 -2.448410928052364355e+01 0.000000000000000000e+00 -1.544735491058091270e-01 4.113018039212690269e-01 0.000000000000000000e+00 2.771000000000000227e+02
4.111584650752904579e+00 -2.444297910013151309e+01 0.000000000000000000e+00 -1.544735491058091270e-01 4.113018039213045540e-01 0.000000000000000000e+00 2.771999999999999886e+02
4.096137295842323667e+00 -2.440184891973938619e+01 0.000000000000000000e+00 -1.544735491058091270e-01 4.113018039212690269e-01 0.000000000000000000e+00 2.773000000000000114e+02
4.080689940931742754e+00 -2.436071873934725573e+01 0.000000000000000000e+00 -1.544735491058091270e-01 4.113018039213045540e-01 0.000000000000000000e+00 2.774000000000000341e+02
4.065242586021161841e+00 -2.431958855895512883e+01 0.000000000000000000e+00 -1.544735491058091270e-01 4.113018039212690269e-01 0.000000000000000000e+00 2.775000000000000000e+02
4.049795231110580929e+00 -2.427845837856299838e+01 0.000000000000000000e+00 -1.544735491058091270e-01 4.113018039213045540e-01 0.000000000000000000e+00 2.776000000000000227e+02
4.034347876200000016e+00 -2.423732819817087147e+01 0.000000000000000000e+00 -1.544735491058091270e-01 4.113018039212690269e-01 0.000000000000000000e+00 2.776999999999999886e+02
4.018900521289419103e+00 -2.419619801777874102e+01 0.000000000000000000e+00 -1.544735491058091270e-01 4.113018039213045540e-01 0.000000000000000000e+00 2.778000000000000114e+02
4.005032125839531609e+00 -2.415809724206808795e+01 0.000000000000000000e+00 -1.386839544988749395e-01 3.810077571065306756e-01 0.000000000000000000e+00 2.779000000000000341e+02
3.993735021914047501e+00 -2.412492976754431240e+01 0.000000000000000000e+00 -1.129710392548410880e-01 3.316747452377555305e-01 0.000000000000000000e+00 2.780000000000000000e+02
3.982437917988562948e+00 -2.409176229302053329e+01 0.000000000000000000e+00 -1.129710392548455289e-01 3.316747452377910577e-01 0.000000000000000000e+00 2.781000000000000227e+02
3.971140814063078839e+00 -2.405859481849675419e+01 0.000000000000000000e+00 -1.129710392548410880e-01 3.316747452377910577e-01 0.000000000000000000e+00 2.781999999999999886e+02
3.959843710137594286e+00 -2.402542734397297508e+01 0.000000000000000000e+00 -1.129710392548455289e-01 3.316747452377910577e-01 0.000000000000000000e+00 2.783000000000000114e+02
3.948546606212109733e+00 -2.399225986944919597e+01 0.000000000000000000e+00 -1.129710392548455289e-01 3.316747452377910577e-01 0.000000000000000000e+00 2.784000000000000341e+02
3.937249502286625180e+00 -2.395909239492542042e+01 0.000000000000000000e+00 -1.129710392548455289e-01 3.316747452377555305e-01 0.000000000000000000e+00 2.785000000000000000e+02
3.925952398361141071e+00 -2.392592492040164132e+01 0.000000000000000000e+00 -1.129710392548410880e-01 3.316747452377910577e-01 0.000000000000000000e+00 2.786000000000000227e+02
3.914655294435656518e+00 -2.389275744587786221e+01 0.000000000000000000e+00 -1.129710392548455289e-01 3.316747452377910577e-01 0.000000000000000000e+00 2.786999999999999886e+02
3.914628407955524914e+00 -2.386077123432435698e+01 0.000000000000000000e+00 -2.688648013160488404e-04 3.198621155350522827e-01 0.000000000000000000e+00 2.788000000000000114e+02
3.914697444815639304e+00 -2.382879507676407371e+01 0.000000000000000000e+00 6.903686011439091885e-04 3.197615756028326928e-01 0.000000000000000000e+00 2.789000000000000341e+02
3.914766481675753695e+00 -2.379681891920379044e+01 0.000000000000000000e+00 6.903686011439091885e-04 3.197615756028326928e-01 0.000000000000000000e+00 2.790000000000000000e+02
3.914835518535868086e+00 -2.376484276164351073e+01 0.000000000000000000e+00 6.903686011439091885e-04 3.197615756027971656e-01 0.000000000000000000e+00 2.791000000000000227e+02
3.914904555395982033e+00 -2.373286660408322746e+01 0.000000000000000000e+00 6.903686011394682964e-04 3.197615756028326928e-01 0.000000000000000000e+00 2.791999999999999886e+02
3.914973592256096424e+00 -2.370089044652294419e+01 0.000000000000000000e+00 6.903686011439091885e-04 3.197615756028326928e-01 0.000000000000000000e+00 2.793000000000000114e+02
3.915042629116210815e+00 -2.366891428896266092e+01 0.000000000000000000e+00 6.903686011439091885e-04 3.197615756028326928e-01 0.000000000000000000e+00 2.794000000000000341e+02
3.915819973730563230e+00 -2.363374124613305938e+01 0.000000000000000000e+00 7.773446143524154195e-03 3.517304282960154183e-01 0.000000000000000000e+00 2.795000000000000000e+02
3.916773857681601800e+00 -2.359777140840529341e+01 0.000000000000000000e+00 9.538839510385699327e-03 3.596983772776596311e-01 0.000000000000000000e+00 2.796000000000000227e+02
3.917727741632639926e+00 -2.356180157067752390e+01 0.000000000000000000e+00 9.538839510381258435e-03 3.596983772776951582e-01 0.000000000000000000e+00 2.796999999999999886e+02
3.918681625583678496e+00 -2.352583173294975794e+01 0.000000000000000000e+00 9.538839510385699327e-03 3.596983772776596311e-01 0.000000000000000000e+00 2.798000000000000114e+02
3.919635509534717066e+00 -2.348986189522198842e+01 0.000000000000000000e+00 9.538839510385699327e-03 3.596983772776951582e-01 0.000000000000000000e+00 2.799000000000000341e+02
3.920589393485755636e+00 -2.345389205749422246e+01 0.000000000000000000e+00 9.538839510385699327e-03 3.596983772776596311e-01 0.000000000000000000e+00 2.800000000000000000e+02
3.921543277436794206e+00 -2.341792221976645294e+01 0.000000000000000000e+00 9.538839510385699327e-03 3.596983772776951582e-01 0.000000000000000000e+00 2.801000000000000227e+02
3.922497161387832332e+00 -2.338195238203868698e+01 0.000000000000000000e+00 9.538839510381258435e-03 3.596983772776596311e-01 0.000000000000000000e+00 2.801999999999999886e+02
3.923581756759781936e+00 -2.334598888219755608e+01 0.000000000000000000e+00 1.084595371949603759e-02 3.596349984113089704e-01 0.000000000000000000e+00 2.803000000000000114e+02
3.924811686238134811e+00 -2.331003242926237817e+01 0.000000000000000000e+00 1.229929478352875805e-02 3.595645293517790719e-01 0.000000000000000000e+00 2.804000000000000341e+02
3.926041615716488131e+00 -2.327407597632720382e+01 0.000000000000000000e+00 1.229929478353319894e-02 3.595645293517435448e-01 0.000000000000000000e+00 2.805000000000000000e+02
3.927271545194841007e+00 -2.323811952339202946e+01 0.000000000000000000e+00 1.229929478352875805e-02 3.595645293517435448e-01 0.000000000000000000e+00 2.806000000000000227e+02
3.928501474673194327e+00 -2.320216307045685156e+01 0.000000000000000000e+00 1.229929478353319894e-02 3.595645293517790719e-01 0.000000000000000000e+00 2.806999999999999886e+02
3.929731404151547203e+00 -2.316620661752167720e+01 0.000000000000000000e+00 1.229929478352875805e-02 3.595645293517435448e-01 0.000000000000000000e+00 2.808000000000000114e+02
3.930961333629900523e+00 -2.313025016458650285e+01 0.000000000000000000e+00 1.229929478353319894e-02 3.595645293517435448e-01 0.000000000000000000e+00 2.809000000000000341e+02
3.932191263108253398e+00 -2.309429371165132494e+01 0.000000000000000000e+00 1.229929478352875805e-02 3.595645293517790719e-01 0.000000000000000000e+00 2.810000000000000000e+02
3.932410443254808374e+00 -2.305692251771426271e+01 0.000000000000000000e+00 2.191801465549758632e-03 3.737119393706223036e-01 0.000000000000000000e+00 2.811000000000000227e+02
3.928312979270951466e+00 -2.301350933764895146e+01 0.000000000000000000e+00 -4.097463983856908243e-02 4.341318006531125206e-01 0.000000000000000000e+00 2.811999999999999886e+02
3.924215515287094114e+00 -2.297009615758364376e+01 0.000000000000000000e+00 -4.097463983857352332e-02 4.341318006530769935e-01 0.000000000000000000e+00 2.813000000000000114e+02
3.920118051303237205e+00 -2.292668297751833606e+01 0.000000000000000000e+00 -4.097463983856908243e-02 4.341318006530769935e-01 0.000000000000000000e+00 2.814000000000000341e+02
3.916020587319380297e+00 -2.288326979745302836e+01 0.000000000000000000e+00 -4.097463983856908243e-02 4.341318006530769935e-01 0.000000000000000000e+00 2.815000000000000000e+02
3.911923123335523389e+00 -2.283985661738772066e+01 0.000000000000000000e+00 -4.097463983856908243e-02 4.341318006530769935e-01 0.000000000000000000e+00 2.816000000000000227e+02
3.907825659351666037e+00 -2.279644343732241296e+01 0.000000000000000000e+00 -4.097463983857352332e-02 4.341318006530769935e-01 0.000000000000000000e+00 2.816999999999999886e+02
3.903728195367809128e+00 -2.275303025725710526e+01 0.000000000000000000e+00 -4.097463983856908243e-02 4.341318006530769935e-01 0.000000000000000000e+00 2.818000000000000114e+02
3.899630731383952220e+00 -2.270961707719179756e+01 0.000000000000000000e+00 -4.097463983856908243e-02 4.341318006530769935e-01 0.000000000000000000e+00 2.819000000000000341e+02
3.895533267400095312e+00 -2.266620389712648986e+01 0.000000000000000000e+00 -4.097463983856908243e-02 4.341318006530769935e-01 0.000000000000000000e+00 2.820000000000000000e+02
3.891435803416237960e+00 -2.262279071706118216e+01 0.000000000000000000e+00 -4.097463983857352332e-02 4.341318006530769935e-01 0.000000000000000000e+00 2.821000000000000227e+02
3.885584380354503153e+00 -2.257416802018283519e+01 0.000000000000000000e+00 -5.851423061734806197e-02 4.862269687834697152e-01 0.000000000000000000e+00 2.821999999999999886e+02
3.879600383338293934e+00 -2.252515155913204481e+01 0.000000000000000000e+00 -5.983997016209219311e-02 4.901646105079038307e-01 0.000000000000000000e+00 2.823000000000000114e+02
3.873616386322084271e+00 -2.247613509808125087e+01 0.000000000000000000e+00 -5.983997016209663400e-02 4.901646105079393578e-01 0.000000000000000000e+00 2.824000000000000341e+02
3.867632389305875051e+00 -2.242711863703045694e+01 0.000000000000000000e+00 -5.983997016209219311e-02 4.901646105079393578e-01 0.000000000000000000e+00 2.825000000000000000e+02
3.861648392289665832e+00 -2.237810217597966655e+01 0.000000000000000000e+00 -5.983997016209219311e-02 4.901646105079038307e-01 0.000000000000000000e+00 2.826000000000000227e+02
3.855664395273456169e+00 -2.232908571492887262e+01 0.000000000000000000e+00 -5.983997016209663400e-02 4.901646105079393578e-01 0.000000000000000000e+00 2.826999999999999886e+02
3.849680398257246949e+00 -2.228006925387808224e+01 0.000000000000000000e+00 -5.983997016209219311e-02 4.901646105079038307e-01 0.000000000000000000e+00 2.828000000000000114e+02
3.843696401241037286e+00 -2.223105279282728830e+01 0.000000000000000000e+00 -5.983997016209663400e-02 4.901646105079393578e-01 0.000000000000000000e+00 2.829000000000000341e+02
3.837712404224828067e+00 -2.218203633177649436e+01 0.000000000000000000e+00 -5.983997016209219311e-02 4.901646105079393578e-01 0.000000000000000000e+00 2.830000000000000000e+02
3.831728407208618847e+00 -2.213301987072570398e+01 0.000000000000000000e+00 -5.983997016209219311e-02 4.901646105079038307e-01 0.000000000000000000e+00 2.831000000000000227e+02
3.825744410192409184e+00 -2.208400340967491005e+01 0.000000000000000000e+00 -5.983997016209663400e-02 4.901646105079393578e-01 0.000000000000000000e+00 2.831999999999999886e+02
3.820012835040382360e+00 -2.203635167622517343e+01 0.000000000000000000e+00 -5.731575152026824327e-02 4.765173344973661074e-01 0.000000000000000000e+00 2.833000000000000114e+02
3.814647183844228184e+00 -2.199067832338872108e+01 0.000000000000000000e+00 -5.365651196154175295e-02 4.567335283645235222e-01 0.000000000000000000e+00 2.834000000000000341e+02
3.809281532648074009e+00 -2.194500497055226873e+01 0.000000000000000000e+00 -5.365651196154175295e-02 4.567335283645235222e-01 0.000000000000000000e+00 2.835000000000000000e+02
3.803915881451919834e+00 -2.189933161771581638e+01 0.000000000000000000e+00 -5.365651196154175295e-02 4.567335283645235222e-01 0.000000000000000000e+00 2.836000000000000227e+02
3.798550230255765658e+00 -2.185365826487936403e+01 0.000000000000000000e+00 -5.365651196154175295e-02 4.567335283645235222e-01 0.000000000000000000e+00 2.836999999999999886e+02
3.793184579059611927e+00 -2.180798491204290812e+01 0.000000000000000000e+00 -5.365651196153731206e-02 4.567335283645590494e-01 0.000000000000000000e+00 2.838000000000000114e+02
3.787818927863457752e+00 -2.176231155920645577e+01 0.000000000000000000e+00 -5.365651196154175295e-02 4.567335283645235222e-01 0.000000000000000000e+00 2.839000000000000341e+02
3.782453276667303577e+00 -2.171663820637000342e+01 0.000000000000000000e+00 -5.365651196154175295e-02 4.567335283645235222e-01 0.000000000000000000e+00 2.840000000000000000e+02
3.777087625471149401e+00 -2.167096485353355106e+01 0.000000000000000000e+00 -5.365651196154175295e-02 4.567335283645235222e-01 0.000000000000000000e+00 2.841000000000000227e+02
3.771721974274995226e+00 -2.162529150069709871e+01 0.000000000000000000e+00 -5.365651196154175295e-02 4.567335283645235222e-01 0.000000000000000000e+00 2.841999999999999886e+02
3.766356323078841495e+00 -2.157961814786064636e+01 0.000000000000000000e+00 -5.365651196153731206e-02 4.567335283645235222e-01 0.000000000000000000e+00 2.843000000000000114e+02
3.761058964064695420e+00 -2.153750577414093215e+01 0.000000000000000000e+00 -5.297359014146074685e-02 4.211237371971421339e-01 0.000000000000000000e+00 2.844000000000000341e+02
3.755799835698397260e+00 -2.149738687221550748e+01 0.000000000000000000e+00 -5.259128366298160273e-02 4.011890192542466593e-01 0.000000000000000000e+00 2.845000000000000000e+02
3.750540707332099100e+00 -2.145726797029008281e+01 0.000000000000000000e+00 -5.259128366298160273e-02 4.011890192542466593e-01 0.000000000000000000e+00 2.846000000000000227e+02
3.745281578965800495e+00 -2.141714906836465460e+01 0.000000000000000000e+00 -5.259128366298604362e-02 4.011890192542821865e-01 0.000000000000000000e+00 2.846999999999999886e+02
3.740022450599502335e+00 -2.137703016643922993e+01 0.000000000000000000e+00 -5.259128366298160273e-02 4.011890192542466593e-01 0.000000000000000000e+00 2.848000000000000114e+02
3.734763322233203731e+00 -2.133691126451380526e+01 0.000000000000000000e+00 -5.259128366298604362e-02 4.011890192542466593e-01 0.000000000000000000e+00 2.849000000000000341e+02
3.729504193866905570e+00 -2.129679236258838060e+01 0.000000000000000000e+00 -5.259128366298160273e-02 4.011890192542466593e-01 0.000000000000000000e+00 2.850000000000000000e+02
3.724245065500607410e+00 -2.125667346066295593e+01 0.000000000000000000e+00 -5.259128366298160273e-02 4.011890192542466593e-01 0.000000000000000000e+00 2.851000000000000227e+02
3.718985937134308806e+00 -2.121655455873752771e+01 0.000000000000000000e+00 -5.259128366298604362e-02 4.011890192542821865e-01 0.000000000000000000e+00 2.851999999999999886e+02
3.714422580987359890e+00 -2.117643336598731096e+01 0.000000000000000000e+00 -4.563356146948915892e-02 4.012119275021674980e-01 0.000000000000000000e+00 2.853000000000000114e+02
3.711700811580366910e+00 -2.113630610982662006e+01 0.000000000000000000e+00 -2.721769406992979867e-02 4.012725616069090506e-01 0.000000000000000000e+00 2.854000000000000341e+02
3.708979042173373930e+00 -2.109617885366592915e+01 0.000000000000000000e+00 -2.721769406992979867e-02 4.012725616069090506e-01 0.000000000000000000e+00 2.855000000000000000e+02
3.706257272766380950e+00 -2.105605159750524180e+01 0.000000000000000000e+00 -2.721769406992979867e-02 4.012725616068735235e-01 0.000000000000000000e+00 2.856000000000000227e+02
3.703535503359387970e+00 -2.101592434134455090e+01 0.000000000000000000e+00 -2.721769406992979867e-02 4.012725616069090506e-01 0.000000000000000000e+00 2.856999999999999886e+02
3.700813733952394990e+00 -2.097579708518385999e+01 0.000000000000000000e+00 -2.721769406992979867e-02 4.012725616069090506e-01 0.000000000000000000e+00 2.858000000000000114e+02
3.698091964545402011e+00 -2.093566982902316909e+01 0.000000000000000000e+00 -2.721769406992979867e-02 4.012725616069090506e-01 0.000000000000000000e+00 2.859000000000000341e+02
3.695370195138409475e+00 -2.089554257286247818e+01 0.000000000000000000e+00 -2.721769406992535778e-02 4.012725616069090506e-01 0.000000000000000000e+00 2.860000000000000000e+02
3.692648425731416495e+00 -2.085541531670179083e+01 0.000000000000000000e+00 -2.721769406992979867e-02 4.012725616068735235e-01 0.000000000000000000e+00 2.861000000000000227e+02
3.689926656324423515e+00 -2.081528806054109992e+01 0.000000000000000000e+00 -2.721769406992979867e-02 4.012725616069090506e-01 0.000000000000000000e+00 2.861999999999999886e+02
3.688131902327329570e+00 -2.076927379378961902e+01 0.000000000000000000e+00 -1.794753997093945230e-02 4.601426675148090339e-01 0.000000000000000000e+00 2.863000000000000114e+02
3.686425554258818238e+00 -2.072269810526209000e+01 0.000000000000000000e+00 -1.706348068511331917e-02 4.657568852752902444e-01 0.000000000000000000e+00 2.864000000000000341e+02
3.684719206190306462e+00 -2.067612241673456097e+01 0.000000000000000000e+00 -1.706348068511776006e-02 4.657568852752902444e-01 0.000000000000000000e+00 2.865000000000000000e+02
3.683012858121795130e+00 -2.062954672820703195e+01 0.000000000000000000e+00 -1.706348068511331917e-02 4.657568852752902444e-01 0.000000000000000000e+00 2.866000000000000227e+02
3.681306510053283354e+00 -2.058297103967950292e+01 0.000000000000000000e+00 -1.706348068511776006e-02 4.657568852752902444e-01 0.000000000000000000e+00 2.866999999999999886e+02
3.679600161984772022e+00 -2.053639535115197035e+01 0.000000000000000000e+00 -1.706348068511331917e-02 4.657568852753257715e-01 0.000000000000000000e+00 2.868000000000000114e+02
3.677893813916260246e+00 -2.048981966262444132e+01 0.000000000000000000e+00 -1.706348068511776006e-02 4.657568852752902444e-01 0.000000000000000000e+00 2.869000000000000341e+02
3.676187465847748914e+00 -2.044324397409691230e+01 0.000000000000000000e+00 -1.706348068511331917e-02 4.657568852752902444e-01 0.000000000000000000e+00 2.870000000000000000e+02
3.674481117779237138e+00 -2.039666828556938327e+01 0.000000000000000000e+00 -1.706348068511776006e-02 4.657568852752902444e-01 0.000000000000000000e+00 2.871000000000000227e+02
3.672774769710725806e+00 -2.035009259704185425e+01 0.000000000000000000e+00 -1.706348068511331917e-02 4.657568852752902444e-01 0.000000000000000000e+00 2.871999999999999886e+02
3.671049816607582450e+00 -2.030365951080818121e+01 0.000000000000000000e+00 -1.724953103143356259e-02 4.643308623367303767e-01 0.000000000000000000e+00 2.873000000000000114e+02
3.668868895296022448e+00 -2.026072129108416675e+01 0.000000000000000000e+00 -2.180921311560002351e-02 4.293821972401445919e-01 0.000000000000000000e+00 2.874000000000000341e+02
3.666687973984462889e+00 -2.021778307136015229e+01 0.000000000000000000e+00 -2.180921311559558262e-02 4.293821972401445919e-01 0.000000000000000000e+00 2.875000000000000000e+02
3.664507052672902887e+00 -2.017484485163613783e+01 0.000000000000000000e+00 -2.180921311560002351e-02 4.293821972401445919e-01 0.000000000000000000e+00 2.876000000000000227e+02
3.662326131361343329e+00 -2.013190663191212337e+01 0.000000000000000000e+00 -2.180921311559558262e-02 4.293821972401445919e-01 0.000000000000000000e+00 2.876999999999999886e+02
3.660145210049783326e+00 -2.008896841218810891e+01 0.000000000000000000e+00 -2.180921311560002351e-02 4.293821972401445919e-01 0.000000000000000000e+00 2.878000000000000114e+02
3.657964288738223768e+00 -2.004603019246409445e+01 0.000000000000000000e+00 -2.180921311559558262e-02 4.293821972401445919e-01 0.000000000000000000e+00 2.879000000000000341e+02
3.655783367426663766e+00 -2.000309197274008000e+01 0.000000000000000000e+00 -2.180921311560002351e-02 4.293821972401445919e-01 0.000000000000000000e+00 2.880000000000000000e+02
3.653602446115104208e+00 -1.996015375301606554e+01 0.000000000000000000e+00 -2.180921311559558262e-02 4.293821972401445919e-01 0.000000000000000000e+00 2.881000000000000227e+02
3.651421524803544205e+00 -1.991721553329205108e+01 0.000000000000000000e+00 -2.180921311560002351e-02 4.293821972401445919e-01 0.000000000000000000e+00 2.881999999999999886e+02
3.649366327873798443e+00 -1.987449727564198554e+01 0.000000000000000000e+00 -2.055196929745761736e-02 4.271825765006553866e-01 0.000000000000000000e+00 2.883000000000000114e+02
3.650124865860094214e+00 -1.983670180988590914e+01 0.000000000000000000e+00 7.585379862957708497e-03 3.779546575607639625e-01 0.000000000000000000e+00 2.884000000000000341e+02
3.650883403846390429e+00 -1.979890634412982919e+01 0.000000000000000000e+00 7.585379862962149389e-03 3.779546575607994896e-01 0.000000000000000000e+00 2.885000000000000000e+02
3.651641941832686200e+00 -1.976111087837375280e+01 0.000000000000000000e+00 7.585379862957708497e-03 3.779546575607639625e-01 0.000000000000000000e+00 2.886000000000000227e+02
3.652400479818982415e+00 -1.972331541261767640e+01 0.000000000000000000e+00 7.585379862962149389e-03 3.779546575607639625e-01 0.000000000000000000e+00 2.886999999999999886e+02
3.653159017805278186e+00 -1.968551994686160000e+01 0.000000000000000000e+00 7.585379862957708497e-03 3.779546575607639625e-01 0.000000000000000000e+00 2.888000000000000114e+02
3.653917555791573957e+00 -1.964772448110552361e+01 0.000000000000000000e+00 7.585379862957708497e-03 3.779546575607639625e-01 0.000000000000000000e+00 2.889000000000000341e+02
3.654676093777870172e+00 -1.960992901534944721e+01 0.000000000000000000e+00 7.585379862962149389e-03 3.779546575607639625e-01 0.000000000000000000e+00 2.890000000000000000e+02
3.655434631764165943e+00 -1.957213354959337082e+01 0.000000000000000000e+00 7.585379862957708497e-03 3.779546575607639625e-01 0.000000000000000000e+00 2.891000000000000227e+02
3.669662168577938033e+00 -1.953458632300662146e+01 0.000000000000000000e+00 1.422753681377209034e-01 3.754722658674936042e-01 0.000000000000000000e+00 2.891999999999999886e+02
3.688385578663566644e+00 -1.949712195720713126e+01 0.000000000000000000e+00 1.872341008562861120e-01 3.746436579949019574e-01 0.000000000000000000e+00 2.893000000000000114e+02
3.707108988749195699e+00 -1.945965759140764106e+01 0.000000000000000000e+00 1.872341008562905529e-01 3.746436579949019574e-01 0.000000000000000000e+00 2.894000000000000341e+02
3.725832398834824755e+00 -1.942219322560814732e+01 0.000000000000000000e+00 1.872341008562905529e-01 3.746436579949374845e-01 0.000000000000000000e+00 2.895000000000000000e+02
3.744555808920453810e+00 -1.938472885980865712e+01 0.000000000000000000e+00 1.872341008562905529e-01 3.746436579949019574e-01 0.000000000000000000e+00 2.896000000000000227e+02
3.763279219006082865e+00 -1.934726449400916692e+01 0.000000000000000000e+00 1.872341008562905529e-01 3.746436579949019574e-01 0.000000000000000000e+00 2.896999999999999886e+02
3.782002629091711920e+00 -1.930980012820967673e+01 0.000000000000000000e+00 1.872341008562905529e-01 3.746436579949019574e-01 0.000000000000000000e+00 2.898000000000000114e+02
3.800726039177340532e+00 -1.927233576241018298e+01 0.000000000000000000e+00 1.872341008562861120e-01 3.746436579949374845e-01 0.000000000000000000e+00 2.899000000000000341e+02
3.819449449262969587e+00 -1.923487139661069278e+01 0.000000000000000000e+00 1.872341008562905529e-01 3.746436579949019574e-01 0.000000000000000000e+00 2.900000000000000000e+02
3.838172859348598642e+00 -1.919740703081120259e+01 0.000000000000000000e+00 1.872341008562905529e-01 3.746436579949019574e-01 0.000000000000000000e+00 2.901000000000000227e+02
3.855586544938876870e+00 -1.916203613539026307e+01 0.000000000000000000e+00 1.741368559027822727e-01 3.537089542093951877e-01 0.000000000000000000e+00 2.901999999999999886e+02
3.871363540310850393e+00 -1.912928133404334119e+01 0.000000000000000000e+00 1.577699537197352342e-01 3.275480134692188017e-01 0.000000000000000000e+00 2.903000000000000114e+02
3.887140535682823916e+00 -1.909652653269641931e+01 0.000000000000000000e+00 1.577699537197352342e-01 3.275480134692188017e-01 0.000000000000000000e+00 2.904000000000000341e+02
3.902917531054797884e+00 -1.906377173134949743e+01 0.000000000000000000e+00 1.577699537197396751e-01 3.275480134692188017e-01 0.000000000000000000e+00 2.905000000000000000e+02
3.918694526426771407e+00 -1.903101693000257555e+01 0.000000000000000000e+00 1.577699537197352342e-01 3.275480134692188017e-01 0.000000000000000000e+00 2.906000000000000227e+02
3.934471521798744931e+00 -1.899826212865565367e+01 0.000000000000000000e+00 1.577699537197352342e-01 3.275480134692188017e-01 0.000000000000000000e+00 2.906999999999999886e+02
3.950248517170718454e+00 -1.896550732730873179e+01 0.000000000000000000e+00 1.577699537197352342e-01 3.275480134692188017e-01 0.000000000000000000e+00 2.908000000000000114e+02
3.966025512542691978e+00 -1.893275252596180991e+01 0.000000000000000000e+00 1.577699537197352342e-01 3.275480134692188017e-01 0.000000000000000000e+00 2.909000000000000341e+02
3.981802507914665501e+00 -1.889999772461488803e+01 0.000000000000000000e+00 1.577699537197352342e-01 3.275480134692188017e-01 0.000000000000000000e+00 2.910000000000000000e+02
3.997568101375569505e+00 -1.886527353672964225e+01 0.000000000000000000e+00 1.576559346090400382e-01 3.472418788524578304e-01 0.000000000000000000e+00 2.911000000000000227e+02
4.013333660128563629e+00 -1.883054335394657741e+01 0.000000000000000000e+00 1.576555875299412435e-01 3.473018278306483353e-01 0.000000000000000000e+00 2.911999999999999886e+02
4.029099218881556865e+00 -1.879581317116351258e+01 0.000000000000000000e+00 1.576555875299323617e-01 3.473018278306483353e-01 0.000000000000000000e+00 2.913000000000000114e+02
4.044864777634550990e+00 -1.876108298838044774e+01 0.000000000000000000e+00 1.576555875299412435e-01 3.473018278306483353e-01 0.000000000000000000e+00 2.914000000000000341e+02
4.060630336387545114e+00 -1.872635280559738291e+01 0.000000000000000000e+00 1.576555875299412435e-01 3.473018278306483353e-01 0.000000000000000000e+00 2.915000000000000000e+02
4.076395895140538350e+00 -1.869162262281431808e+01 0.000000000000000000e+00 1.576555875299323617e-01 3.473018278306483353e-01 0.000000000000000000e+00 2.916000000000000227e+02
4.092161453893532475e+00 -1.865689244003125324e+01 0.000000000000000000e+00 1.576555875299412435e-01 3.473018278306483353e-01 0.000000000000000000e+00 2.916999999999999886e+02
4.107927012646525711e+00 -1.862216225724818841e+01 0.000000000000000000e+00 1.576555875299323617e-01 3.473018278306483353e-01 0.000000000000000000e+00 2.918000000000000114e+02
4.123001833285686146e+00 -1.858569996736425622e+01 0.000000000000000000e+00 1.507482063916043558e-01 3.646228988393218629e-01 0.000000000000000000e+00 2.919000000000000341e+02
4.137170960364634276e+00 -1.854696654430345859e+01 0.000000000000000000e+00 1.416912707894812939e-01 3.873342306079763375e-01 0.000000000000000000e+00 2.920000000000000000e+02
4.151340087443581517e+00 -1.850823312124266096e+01 0.000000000000000000e+00 1.416912707894724122e-01 3.873342306079763375e-01 0.000000000000000000e+00 2.921000000000000227e+02
4.165509214522529646e+00 -1.846949969818185977e+01 0.000000000000000000e+00 1.416912707894812939e-01 3.873342306080118647e-01 0.000000000000000000e+00 2.921999999999999886e+02
4.179678341601476887e+00 -1.843076627512106214e+01 0.000000000000000000e+00 1.416912707894724122e-01 3.873342306079763375e-01 0.000000000000000000e+00 2.923000000000000114e+02
4.193847468680425017e+00 -1.839203285206026450e+01 0.000000000000000000e+00 1.416912707894812939e-01 3.873342306079763375e-01 0.000000000000000000e+00 2.924000000000000341e+02
4.208016595759372258e+00 -1.835329942899946687e+01 0.000000000000000000e+00 1.416912707894724122e-01 3.873342306079763375e-01 0.000000000000000000e+00 2.925000000000000000e+02
4.222185722838320387e+00 -1.831456600593866924e+01 0.000000000000000000e+00 1.416912707894812939e-01 3.873342306079763375e-01 0.000000000000000000e+00 2.926000000000000227e+02
4.236354849917267629e+00 -1.827583258287787160e+01 0.000000000000000000e+00 1.416912707894724122e-01 3.873342306079763375e-01 0.000000000000000000e+00 2.926999999999999886e+02
4.226686556285856433e+00 -1.824735530337230216e+01 0.000000000000000000e+00 -9.668293631411195577e-02 2.847727950556944165e-01 0.000000000000000000e+00 2.928000000000000114e+02
4.211002821152742825e+00 -1.822146619111599364e+01 0.000000000000000000e+00 -1.568373513311360767e-01 2.588911225630852186e-01 0.000000000000000000e+00 2.929000000000000341e+02
4.195319086019629218e+00 -1.819557707885968867e+01 0.000000000000000000e+00 -1.568373513311360767e-01 2.588911225630496915e-01 0.000000000000000000e+00 2.930000000000000000e+02
4.179635350886516498e+00 -1.816968796660338370e+01 0.000000000000000000e+00 -1.568373513311271950e-01 2.588911225630496915e-01 0.000000000000000000e+00 2.931000000000000227e+02
4.163951615753402891e+00 -1.814379885434707873e+01 0.000000000000000000e+00 -1.568373513311360767e-01 2.588911225630496915e-01 0.000000000000000000e+00 2.931999999999999886e+02
4.148267880620289283e+00 -1.811790974209077376e+01 0.000000000000000000e+00 -1.568373513311360767e-01 2.588911225630496915e-01 0.000000000000000000e+00 2.933000000000000114e+02
4.132584145487175675e+00 -1.809202062983446879e+01 0.000000000000000000e+00 -1.568373513311360767e-01 2.588911225630496915e-01 0.000000000000000000e+00 2.934000000000000341e+02
4.116900410354062956e+00 -1.806613151757816382e+01 0.000000000000000000e+00 -1.568373513311271950e-01 2.588911225630496915e-01 0.000000000000000000e+00 2.935000000000000000e+02
4.098102389440369642e+00 -1.803329876587347513e+01 0.000000000000000000e+00 -1.879802091369331407e-01 3.283275170468868964e-01 0.000000000000000000e+00 2.936000000000000227e+02
4.079258534808567482e+00 -1.800036382290069170e+01 0.000000000000000000e+00 -1.884385463180215936e-01 3.293494297278343197e-01 0.000000000000000000e+00 2.936999999999999886e+02
4.060414680176765323e+00 -1.796742887992790472e+01 0.000000000000000000e+00 -1.884385463180215936e-01 3.293494297278698468e-01 0.000000000000000000e+00 2.938000000000000114e+02
4.041570825544962275e+00 -1.793449393695512128e+01 0.000000000000000000e+00 -1.884385463180304754e-01 3.293494297278343197e-01 0.000000000000000000e+00 2.939000000000000341e+02
4.022726970913160116e+00 -1.790155899398233785e+01 0.000000000000000000e+00 -1.884385463180215936e-01 3.293494297278343197e-01 0.000000000000000000e+00 2.940000000000000000e+02
4.003883116281357957e+00 -1.786862405100955087e+01 0.000000000000000000e+00 -1.884385463180215936e-01 3.293494297278698468e-01 0.000000000000000000e+00 2.941000000000000227e+02
3.985039261649555797e+00 -1.783568910803676744e+01 0.000000000000000000e+00 -1.884385463180215936e-01 3.293494297278343197e-01 0.000000000000000000e+00 2.941999999999999886e+02
3.966195407017753194e+00 -1.780275416506398400e+01 0.000000000000000000e+00 -1.884385463180260345e-01 3.293494297278343197e-01 0.000000000000000000e+00 2.943000000000000114e+02
3.957716006782427520e+00 -1.776621826675436822e+01 0.000000000000000000e+00 -8.479400235325673663e-02 3.653589830961578855e-01 0.000000000000000000e+00 2.944000000000000341e+02
3.960516861247333598e+00 -1.772576323369730034e+01 0.000000000000000000e+00 2.800854464906077368e-02 4.045503305706787955e-01 0.000000000000000000e+00 2.945000000000000000e+02
3.963317715712239675e+00 -1.768530820064023601e+01 0.000000000000000000e+00 2.800854464906077368e-02 4.045503305706432684e-01 0.000000000000000000e+00 2.946000000000000227e+02
3.966118570177145752e+00 -1.764485316758316813e+01 0.000000000000000000e+00 2.800854464906077368e-02 4.045503305706787955e-01 0.000000000000000000e+00 2.946999999999999886e+02
3.968919424642051830e+00 -1.760439813452610380e+01 0.000000000000000000e+00 2.800854464906077368e-02 4.045503305706432684e-01 0.000000000000000000e+00 2.948000000000000114e+02
3.971720279106957907e+00 -1.756394310146903592e+01 0.000000000000000000e+00 2.800854464906077368e-02 4.045503305706787955e-01 0.000000000000000000e+00 2.949000000000000341e+02
3.974521133571863984e+00 -1.752348806841196804e+01 0.000000000000000000e+00 2.800854464906077368e-02 4.045503305706787955e-01 0.000000000000000000e+00 2.950000000000000000e+02
3.977321988036770506e+00 -1.748303303535490372e+01 0.000000000000000000e+00 2.800854464906521457e-02 4.045503305706432684e-01 0.000000000000000000e+00 2.951000000000000227e+02
3.980122842501676583e+00 -1.744257800229783584e+01 0.000000000000000000e+00 2.800854464906077368e-02 4.045503305706787955e-01 0.000000000000000000e+00 2.951999999999999886e+02
3.982923696966582661e+00 -1.740212296924077151e+01 0.000000000000000000e+00 2.800854464906077368e-02 4.045503305706432684e-01 0.000000000000000000e+00 2.953000000000000114e+02
3.986847575724942416e+00 -1.735787513348093114e+01 0.000000000000000000e+00 3.923878758359755636e-02 4.424783575984037043e-01 0.000000000000000000e+00 2.954000000000000341e+02
3.992479395073784687e+00 -1.730785905056426799e+01 0.000000000000000000e+00 5.631819348842270756e-02 5.001608291666315154e-01 0.000000000000000000e+00 2.955000000000000000e+02
3.998111214422626958e+00 -1.725784296764760484e+01 0.000000000000000000e+00 5.631819348842270756e-02 5.001608291666315154e-01 0.000000000000000000e+00 2.956000000000000227e+02
4.003743033771469229e+00 -1.720782688473094524e+01 0.000000000000000000e+00 5.631819348842270756e-02 5.001608291665959882e-01 0.000000000000000000e+00 2.956999999999999886e+02
4.009374853120311499e+00 -1.715781080181428209e+01 0.000000000000000000e+00 5.631819348842270756e-02 5.001608291666315154e-01 0.000000000000000000e+00 2.958000000000000114e+02
4.015006672469153770e+00 -1.710779471889761894e+01 0.000000000000000000e+00 5.631819348842270756e-02 5.001608291666315154e-01 0.000000000000000000e+00 2.959000000000000341e+02
4.020638491817996929e+00 -1.705777863598095578e+01 0.000000000000000000e+00 5.631819348843158934e-02 5.001608291666315154e-01 0.000000000000000000e+00 2.960000000000000000e+02
4.026270311166839200e+00 -1.700776255306429263e+01 0.000000000000000000e+00 5.631819348842270756e-02 5.001608291666315154e-01 0.000000000000000000e+00 2.961000000000000227e+02
4.031902130515681471e+00 -1.695774647014763303e+01 0.000000000000000000e+00 5.631819348842270756e-02 5.001608291665959882e-01 0.000000000000000000e+00 2.961999999999999886e+02
4.037533949864523741e+00 -1.690773038723096988e+01 0.000000000000000000e+00 5.631819348842270756e-02 5.001608291666315154e-01 0.000000000000000000e+00 2.963000000000000114e+02
4.043165769213366012e+00 -1.685771430431430673e+01 0.000000000000000000e+00 5.631819348842270756e-02 5.001608291666315154e-01 0.000000000000000000e+00 2.964000000000000341e+02
4.048797588562208283e+00 -1.680769822139764358e+01 0.000000000000000000e+00 5.631819348842270756e-02 5.001608291666315154e-01 0.000000000000000000e+00 2.965000000000000000e+02
4.054429407911050554e+00 -1.675768213848098043e+01 0.000000000000000000e+00 5.631819348842270756e-02 5.001608291666315154e-01 0.000000000000000000e+00 2.966000000000000227e+02
4.059408515015544339e+00 -1.670187255325332387e+01 0.000000000000000000e+00 4.979107104493785130e-02 5.580958522765655516e-01 0.000000000000000000e+00 2.966999999999999886e+02
4.064374221837254275e+00 -1.664594402653201399e+01 0.000000000000000000e+00 4.965706821709936492e-02 5.592852672130987912e-01 0.000000000000000000e+00 2.968000000000000114e+02
4.069339928658965100e+00 -1.659001549981070411e+01 0.000000000000000000e+00 4.965706821710824670e-02 5.592852672130987912e-01 0.000000000000000000e+00 2.969000000000000341e+02
4.074305635480675924e+00 -1.653408697308939423e+01 0.000000000000000000e+00 4.965706821710824670e-02 5.592852672130987912e-01 0.000000000000000000e+00 2.970000000000000000e+02
4.079271342302386749e+00 -1.647815844636808436e+01 0.000000000000000000e+00 4.965706821710824670e-02 5.592852672130987912e-01 0.000000000000000000e+00 2.971000000000000227e+02
4.084237049124097574e+00 -1.642222991964677448e+01 0.000000000000000000e+00 4.965706821710824670e-02 5.592852672130987912e-01 0.000000000000000000e+00 2.971999999999999886e+02
4.089202755945807510e+00 -1.636630139292546460e+01 0.000000000000000000e+00 4.965706821709936492e-02 5.592852672130987912e-01 0.000000000000000000e+00 2.973000000000000114e+02
4.094168462767518335e+00 -1.631037286620415472e+01 0.000000000000000000e+00 4.965706821710824670e-02 5.592852672130987912e-01 0.000000000000000000e+00 2.974000000000000341e+02
4.099134169589229160e+00 -1.625444433948284484e+01 0.000000000000000000e+00 4.965706821710824670e-02 5.592852672130987912e-01 0.000000000000000000e+00 2.975000000000000000e+02
4.104099876410939984e+00 -1.619851581276153496e+01 0.000000000000000000e+00 4.965706821710824670e-02 5.592852672130987912e-01 0.000000000000000000e+00 2.976000000000000227e+02
4.109065583232650809e+00 -1.614258728604022508e+01 0.000000000000000000e+00 4.965706821710824670e-02 5.592852672130987912e-01 0.000000000000000000e+00 2.976999999999999886e+02
4.114031290054360746e+00 -1.608665875931891520e+01 0.000000000000000000e+00 4.965706821709936492e-02 5.592852672130987912e-01 0.000000000000000000e+00 2.978000000000000114e+02
4.118996996876071570e+00 -1.603073023259760532e+01 0.000000000000000000e+00 4.965706821710824670e-02 5.592852672130987912e-01 0.000000000000000000e+00 2.979000000000000341e+02
4.123704519815939662e+00 -1.597993310031245606e+01 0.000000000000000000e+00 4.707522939868091783e-02 5.079713228514926016e-01 0.000000000000000000e+00 2.980000000000000000e+02
4.128155442818810528e+00 -1.593423588162231219e+01 0.000000000000000000e+00 4.450923002870865730e-02 4.569721869014387039e-01 0.000000000000000000e+00 2.981000000000000227e+02
4.132606365821681393e+00 -1.588853866293216832e+01 0.000000000000000000e+00 4.450923002870865730e-02 4.569721869014387039e-01 0.000000000000000000e+00 2.981999999999999886e+02
4.137057288824552259e+00 -1.584284144424202623e+01 0.000000000000000000e+00 4.450923002870865730e-02 4.569721869014209403e-01 0.000000000000000000e+00 2.983000000000000114e+02
4.141508211827423125e+00 -1.579714422555188236e+01 0.000000000000000000e+00 4.450923002870865730e-02 4.569721869014387039e-01 0.000000000000000000e+00 2.984000000000000341e+02
4.145959134830293991e+00 -1.575144700686174026e+01 0.000000000000000000e+00 4.450923002870865730e-02 4.569721869014209403e-01 0.000000000000000000e+00 2.985000000000000000e+02
4.150410057833164856e+00 -1.570574978817159639e+01 0.000000000000000000e+00 4.450923002870865730e-02 4.569721869014387039e-01 0.000000000000000000e+00 2.986000000000000227e+02
4.154860980836035722e+00 -1.566005256948145430e+01 0.000000000000000000e+00 4.450923002870865730e-02 4.569721869014209403e-01 0.000000000000000000e+00 2.986999999999999886e+02
4.159311903838906588e+00 -1.561435535079131043e+01 0.000000000000000000e+00 4.450923002870865730e-02 4.569721869014387039e-01 0.000000000000000000e+00 2.988000000000000114e+02
4.163762826841778342e+00 -1.556865813210116833e+01 0.000000000000000000e+00 4.450923002871753908e-02 4.569721869014209403e-01 0.000000000000000000e+00 2.989000000000000341e+02
4.168213749844649207e+00 -1.552296091341102446e+01 0.000000000000000000e+00 4.450923002870865730e-02 4.569721869014387039e-01 0.000000000000000000e+00 2.990000000000000000e+02
4.174476776863694560e+00 -1.548100101572881648e+01 0.000000000000000000e+00 6.263027019045352972e-02 4.195989768220798055e-01 0.000000000000000000e+00 2.991000000000000227e+02
4.183791186951726360e+00 -1.544533435394542309e+01 0.000000000000000000e+00 9.314410088031799262e-02 3.566666178339339410e-01 0.000000000000000000e+00 2.991999999999999886e+02
4.193105597039758159e+00 -1.540966769216203147e+01 0.000000000000000000e+00 9.314410088031799262e-02 3.566666178339161775e-01 0.000000000000000000e+00 2.993000000000000114e+02
4.202420007127789958e+00 -1.537400103037863808e+01 0.000000000000000000e+00 9.314410088031799262e-02 3.566666178339339410e-01 0.000000000000000000e+00 2.994000000000000341e+02
4.211734417215821757e+00 -1.533833436859524468e+01 0.000000000000000000e+00 9.314410088031799262e-02 3.566666178339339410e-01 0.000000000000000000e+00 2.995000000000000000e+02
4.221048827303853557e+00 -1.530266770681185129e+01 0.000000000000000000e+00 9.314410088031799262e-02 3.566666178339339410e-01 0.000000000000000000e+00 2.996000000000000227e+02
4.230363237391885356e+00 -1.526700104502845967e+01 0.000000000000000000e+00 9.314410088031799262e-02 3.566666178339161775e-01 0.000000000000000000e+00 2.996999999999999886e+02
4.239677647479917155e+00 -1.523133438324506628e+01 0.000000000000000000e+00 9.314410088031799262e-02 3.566666178339339410e-01 0.000000000000000000e+00 2.998000000000000114e+02
4.248992057567948954e+00 -1.519566772146167288e+01 0.000000000000000000e+00 9.314410088031799262e-02 3.566666178339339410e-01 0.000000000000000000e+00 2.999000000000000341e+02
4.256212601952284125e+00 -1.516402341188261893e+01 0.000000000000000000e+00 7.220544384335170207e-02 3.164430957905395303e-01 0.000000000000000000e+00 3.000000000000000000e+02
4.263287284156288770e+00 -1.513265930607286514e+01 0.000000000000000000e+00 7.074682204004645314e-02 3.136410580975379503e-01 0.000000000000000000e+00 3.001000000000000227e+02
4.270361966360292527e+00 -1.510129520026311312e+01 0.000000000000000000e+00 7.074682204003757136e-02 3.136410580975201867e-01 0.000000000000000000e+00 3.001999999999999886e+02
4.277436648564296284e+00 -1.506993109445335932e+01 0.000000000000000000e+00 7.074682204003757136e-02 3.136410580975379503e-01 0.000000000000000000e+00 3.003000000000000114e+02
4.284511330768300041e+00 -1.503856698864360553e+01 0.000000000000000000e+00 7.074682204003757136e-02 3.136410580975379503e-01 0.000000000000000000e+00 3.004000000000000341e+02
4.291586012972303799e+00 -1.500720288283385173e+01 0.000000000000000000e+00 7.074682204003757136e-02 3.136410580975379503e-01 0.000000000000000000e+00 3.005000000000000000e+02
4.298660695176307556e+00 -1.497583877702409971e+01 0.000000000000000000e+00 7.074682204003757136e-02 3.136410580975201867e-01 0.000000000000000000e+00 3.006000000000000227e+02
4.301625103040023212e+00 -1.493897285924860796e+01 0.000000000000000000e+00 2.964407863715656788e-02 3.686591777549175220e-01 0.000000000000000000e+00 3.006999999999999886e+02
4.302162529076481334e+00 -1.489885830244020681e+01 0.000000000000000000e+00 5.374260364581218141e-03 4.011455680840114724e-01 0.000000000000000000e+00 3.008000000000000114e+02
4.302699955112939456e+00 -1.485874374563180567e+01 0.000000000000000000e+00 5.374260364581218141e-03 4.011455680840114724e-01 0.000000000000000000e+00 3.009000000000000341e+02
4.303237381149397578e+00 -1.481862918882340452e+01 0.000000000000000000e+00 5.374260364581218141e-03 4.011455680840114724e-01 0.000000000000000000e+00 3.010000000000000000e+02
4.303774807185855700e+00 -1.477851463201500337e+01 0.000000000000000000e+00 5.374260364581218141e-03 4.011455680840114724e-01 0.000000000000000000e+00 3.011000000000000227e+02
4.304312233222314710e+00 -1.473840007520660222e+01 0.000000000000000000e+00 5.374260364590099925e-03 4.011455680840114724e-01 0.000000000000000000e+00 3.011999999999999886e+02
4.304849659258772832e+00 -1.469828551839820108e+01 0.000000000000000000e+00 5.374260364581218141e-03 4.011455680840114724e-01 0.000000000000000000e+00 3.013000000000000114e+02
4.305387085295230953e+00 -1.465817096158979993e+01 0.000000000000000000e+00 5.374260364581218141e-03 4.011455680840114724e-01 0.000000000000000000e+00 3.014000000000000341e+02
4.305924511331689075e+00 -1.461805640478139878e+01 0.000000000000000000e+00 5.374260364581218141e-03 4.011455680840114724e-01 0.000000000000000000e+00 3.015000000000000000e+02
4.306550474362055958e+00 -1.457837451054423816e+01 0.000000000000000000e+00 6.259630303668828333e-03 3.968189423716061981e-01 0.000000000000000000e+00 3.016000000000000227e+02
4.307826366820773245e+00 -1.454186869135981297e+01 0.000000000000000000e+00 1.275892458717287070e-02 3.650581918442519225e-01 0.000000000000000000e+00 3.016999999999999886e+02
4.309102259279491420e+00 -1.450536287217538778e+01 0.000000000000000000e+00 1.275892458718175249e-02 3.650581918442519225e-01 0.000000000000000000e+00 3.018000000000000114e+02
4.310378151738209596e+00 -1.446885705299096259e+01 0.000000000000000000e+00 1.275892458718175249e-02 3.650581918442519225e-01 0.000000000000000000e+00 3.019000000000000341e+02
4.311654044196926883e+00 -1.443235123380653739e+01 0.000000000000000000e+00 1.275892458717287070e-02 3.650581918442519225e-01 0.000000000000000000e+00 3.020000000000000000e+02
4.312929936655645058e+00 -1.439584541462211220e+01 0.000000000000000000e+00 1.275892458718175249e-02 3.650581918442519225e-01 0.000000000000000000e+00 3.021000000000000227e+02
4.314205829114363233e+00 -1.435933959543768701e+01 0.000000000000000000e+00 1.275892458718175249e-02 3.650581918442519225e-01 0.000000000000000000e+00 3.021999999999999886e+02
4.315481721573080520e+00 -1.432283377625326359e+01 0.000000000000000000e+00 1.275892458717287070e-02 3.650581918442341589e-01 0.000000000000000000e+00 3.023000000000000114e+02
4.316757614031798695e+00 -1.428632795706883840e+01 0.000000000000000000e+00 1.275892458718175249e-02 3.650581918442519225e-01 0.000000000000000000e+00 3.024000000000000341e+02
4.318065325356271522e+00 -1.424542124062119441e+01 0.000000000000000000e+00 1.307711324472826675e-02 4.090671644764398707e-01 0.000000000000000000e+00 3.025000000000000000e+02
4.319380864752313087e+00 -1.420343181622887307e+01 0.000000000000000000e+00 1.315539396041565112e-02 4.198942439232133950e-01 0.000000000000000000e+00 3.026000000000000227e+02
4.320696404148354652e+00 -1.416144239183655174e+01 0.000000000000000000e+00 1.315539396041565112e-02 4.198942439232133950e-01 0.000000000000000000e+00 3.026999999999999886e+02
4.322011943544396217e+00 -1.411945296744423040e+01 0.000000000000000000e+00 1.315539396041565112e-02 4.198942439232133950e-01 0.000000000000000000e+00 3.028000000000000114e+02
4.323327482940437783e+00 -1.407746354305190906e+01 0.000000000000000000e+00 1.315539396041565112e-02 4.198942439232133950e-01 0.000000000000000000e+00 3.029000000000000341e+02
4.324643022336480236e+00 -1.403547411865958772e+01 0.000000000000000000e+00 1.315539396042453291e-02 4.198942439232133950e-01 0.000000000000000000e+00 3.030000000000000000e+02
4.325958561732521801e+00 -1.399348469426726638e+01 0.000000000000000000e+00 1.315539396041565112e-02 4.198942439232133950e-01 0.000000000000000000e+00 3.031000000000000227e+02
4.327274101128563366e+00 -1.395149526987494504e+01 0.000000000000000000e+00 1.315539396041565112e-02 4.198942439232133950e-01 0.000000000000000000e+00 3.031999999999999886e+02
4.328589640524604931e+00 -1.390950584548262370e+01 0.000000000000000000e+00 1.315539396041565112e-02 4.198942439232133950e-01 0.000000000000000000e+00 3.033000000000000114e+02
4.330063258412630844e+00 -1.386655423263492182e+01 0.000000000000000000e+00 1.473617888025913203e-02 4.295161284770188104e-01 0.000000000000000000e+00 3.034000000000000341e+02
4.332665708358225842e+00 -1.381673167130954383e+01 0.000000000000000000e+00 2.602449945594997871e-02 4.982256132537798976e-01 0.000000000000000000e+00 3.035000000000000000e+02
4.335268158303819952e+00 -1.376690910998416406e+01 0.000000000000000000e+00 2.602449945594109693e-02 4.982256132537976612e-01 0.000000000000000000e+00 3.036000000000000227e+02
4.337870608249414950e+00 -1.371708654865878607e+01 0.000000000000000000e+00 2.602449945594997871e-02 4.982256132537798976e-01 0.000000000000000000e+00 3.036999999999999886e+02
4.340473058195009060e+00 -1.366726398733340631e+01 0.000000000000000000e+00 2.602449945594109693e-02 4.982256132537976612e-01 0.000000000000000000e+00 3.038000000000000114e+02
4.343075508140604057e+00 -1.361744142600802832e+01 0.000000000000000000e+00 2.602449945594997871e-02 4.982256132537798976e-01 0.000000000000000000e+00 3.039000000000000341e+02
4.345677958086198167e+00 -1.356761886468264855e+01 0.000000000000000000e+00 2.602449945594109693e-02 4.982256132537976612e-01 0.000000000000000000e+00 3.040000000000000000e+02
4.348280408031793165e+00 -1.351779630335727056e+01 0.000000000000000000e+00 2.602449945594997871e-02 4.982256132537798976e-01 0.000000000000000000e+00 3.041000000000000227e+02
4.350882857977387275e+00 -1.346797374203189079e+01 0.000000000000000000e+00 2.602449945594109693e-02 4.982256132537976612e-01 0.000000000000000000e+00 3.041999999999999886e+02
4.353485307922982273e+00 -1.341815118070651280e+01 0.000000000000000000e+00 2.602449945594997871e-02 4.982256132537798976e-01 0.000000000000000000e+00 3.043000000000000114e+02
4.356087757868576382e+00 -1.336832861938113304e+01 0.000000000000000000e+00 2.602449945594109693e-02 4.982256132537976612e-01 0.000000000000000000e+00 3.044000000000000341e+02
4.358690207814171380e+00 -1.331850605805575505e+01 0.000000000000000000e+00 2.602449945594997871e-02 4.982256132537798976e-01 0.000000000000000000e+00 3.045000000000000000e+02
4.361293888378930284e+00 -1.326933833057799461e+01 0.000000000000000000e+00 2.603680564758903415e-02 4.916772747776043673e-01 0.000000000000000000e+00 3.046000000000000227e+02
4.363912763447554966e+00 -1.322825586271081377e+01 0.000000000000000000e+00 2.618875068624682001e-02 4.108246786718083854e-01 0.000000000000000000e+00 3.046999999999999886e+02
4.366531638516180536e+00 -1.318717339484363471e+01 0.000000000000000000e+00 2.618875068625570179e-02 4.108246786717906218e-01 0.000000000000000000e+00 3.048000000000000114e+02
4.369150513584805218e+00 -1.314609092697645387e+01 0.000000000000000000e+00 2.618875068624682001e-02 4.108246786718083854e-01 0.000000000000000000e+00 3.049000000000000341e+02
4.371769388653429900e+00 -1.310500845910927303e+01 0.000000000000000000e+00 2.618875068624682001e-02 4.108246786718083854e-01 0.000000000000000000e+00 3.050000000000000000e+02
4.374388263722055470e+00 -1.306392599124209397e+01 0.000000000000000000e+00 2.618875068625570179e-02 4.108246786717906218e-01 0.000000000000000000e+00 3.051000000000000227e+02
4.377007138790680152e+00 -1.302284352337491313e+01 0.000000000000000000e+00 2.618875068624682001e-02 4.108246786718083854e-01 0.000000000000000000e+00 3.051999999999999886e+02
4.379626013859304834e+00 -1.298176105550773229e+01 0.000000000000000000e+00 2.618875068624682001e-02 4.108246786718083854e-01 0.000000000000000000e+00 3.053000000000000114e+02
4.382244888927929516e+00 -1.294067858764055146e+01 0.000000000000000000e+00 2.618875068624682001e-02 4.108246786718083854e-01 0.000000000000000000e+00 3.054000000000000341e+02
4.384863763996555086e+00 -1.289959611977337239e+01 0.000000000000000000e+00 2.618875068625570179e-02 4.108246786717906218e-01 0.000000000000000000e+00 3.055000000000000000e+02
4.387762092457511365e+00 -1.286231125875395342e+01 0.000000000000000000e+00 2.898328460956278718e-02 3.728486101941896891e-01 0.000000000000000000e+00 3.056000000000000227e+02
4.390806708930065305e+00 -1.282701436556685515e+01 0.000000000000000000e+00 3.044616472553940412e-02 3.529689318709827717e-01 0.000000000000000000e+00 3.056999999999999886e+02
4.393851325402620134e+00 -1.279171747237975509e+01 0.000000000000000000e+00 3.044616472554828590e-02 3.529689318710005352e-01 0.000000000000000000e+00 3.058000000000000114e+02
4.396895941875174074e+00 -1.275642057919265682e+01 0.000000000000000000e+00 3.044616472553940412e-02 3.529689318709827717e-01 0.000000000000000000e+00 3.059000000000000341e+02
4.399940558347728015e+00 -1.272112368600555854e+01 0.000000000000000000e+00 3.044616472553940412e-02 3.529689318709827717e-01 0.000000000000000000e+00 3.060000000000000000e+02
4.402985174820281955e+00 -1.268582679281846026e+01 0.000000000000000000e+00 3.044616472553940412e-02 3.529689318709827717e-01 0.000000000000000000e+00 3.061000000000000227e+02
4.406029791292835895e+00 -1.265052989963136021e+01 0.000000000000000000e+00 3.044616472553940412e-02 3.529689318710005352e-01 0.000000000000000000e+00 3.061999999999999886e+02
4.409074407765390724e+00 -1.261523300644426193e+01 0.000000000000000000e+00 3.044616472554828590e-02 3.529689318709827717e-01 0.000000000000000000e+00 3.063000000000000114e+02
4.412119024237944664e+00 -1.257993611325716365e+01 0.000000000000000000e+00 3.044616472553940412e-02 3.529689318709827717e-01 0.000000000000000000e+00 3.064000000000000341e+02
4.419015533520296302e+00 -1.255032671882386275e+01 0.000000000000000000e+00 6.896509282351637182e-02 2.960939443330090626e-01 0.000000000000000000e+00 3.065000000000000000e+02
4.426829992030292260e+00 -1.252207271908768504e+01 0.000000000000000000e+00 7.814458509995958480e-02 2.825399973617770399e-01 0.000000000000000000e+00 3.066000000000000227e+02
4.434644450540289107e+00 -1.249381871935150734e+01 0.000000000000000000e+00 7.814458509996846658e-02 2.825399973617770399e-01 0.000000000000000000e+00 3.066999999999999886e+02
4.442458909050285953e+00 -1.246556471961532964e+01 0.000000000000000000e+00 7.814458509996846658e-02 2.825399973617770399e-01 0.000000000000000000e+00 3.068000000000000114e+02
4.450273367560282800e+00 -1.243731071987915193e+01 0.000000000000000000e+00 7.814458509996846658e-02 2.825399973617770399e-01 0.000000000000000000e+00 3.069000000000000341e+02
4.458087826070279647e+00 -1.240905672014297423e+01 0.000000000000000000e+00 7.814458509996846658e-02 2.825399973617770399e-01 0.000000000000000000e+00 3.070000000000000000e+02
4.465902284580275605e+00 -1.238080272040679652e+01 0.000000000000000000e+00 7.814458509995958480e-02 2.825399973617770399e-01 0.000000000000000000e+00 3.071000000000000227e+02
4.475894032433616054e+00 -1.235362196953930969e+01 0.000000000000000000e+00 9.991747853340449126e-02 2.718075086748683589e-01 0.000000000000000000e+00 3.072000000000000455e+02
4.515983285353614818e+00 -1.234127714911991092e+01 0.000000000000000000e+00 4.008925291999876350e-01 1.234482041939877206e-01 0.000000000000000000e+00 3.073000000000000114e+02
4.556072538273614470e+00 -1.232893232870051392e+01 0.000000000000000000e+00 4.008925291999965168e-01 1.234482041939699570e-01 0.000000000000000000e+00 3.074000000000000341e+02
4.596161791193613233e+00 -1.231658750828111692e+01 0.000000000000000000e+00 4.008925291999876350e-01 1.234482041939699570e-01 0.000000000000000000e+00 3.075000000000000000e+02
4.636251044113611997e+00 -1.230424268786171993e+01 0.000000000000000000e+00 4.008925291999876350e-01 1.234482041939699570e-01 0.000000000000000000e+00 3.076000000000000227e+02
4.676340297033610760e+00 -1.229189786744232116e+01 0.000000000000000000e+00 4.008925291999876350e-01 1.234482041939877206e-01 0.000000000000000000e+00 3.077000000000000455e+02
4.716429549953609524e+00 -1.227955304702292416e+01 0.000000000000000000e+00 4.008925291999876350e-01 1.234482041939699570e-01 0.000000000000000000e+00 3.078000000000000114e+02
4.756518802873608287e+00 -1.226720822660352717e+01 0.000000000000000000e+00 4.008925291999876350e-01 1.234482041939699570e-01 0.000000000000000000e+00 3.079000000000000341e+02
4.796608055793607051e+00 -1.225486340618413017e+01 0.000000000000000000e+00 4.008925291999876350e-01 1.234482041939699570e-01 0.000000000000000000e+00 3.080000000000000000e+02
4.836697308713605814e+00 -1.224251858576473140e+01 0.000000000000000000e+00 4.008925291999876350e-01 1.234482041939877206e-01 0.000000000000000000e+00 3.081000000000000227e+02
4.874990062793818524e+00 -1.223251165372233906e+01 0.000000000000000000e+00 3.829275408021270977e-01 1.000693204239233580e-01 0.000000000000000000e+00 3.082000000000000455e+02
4.910915764761503155e+00 -1.222558510419903577e+01 0.000000000000000000e+00 3.592570196768463120e-01 6.926549523303293654e-02 0.000000000000000000e+00 3.083000000000000114e+02
4.946841466729188674e+00 -1.221865855467573070e+01 0.000000000000000000e+00 3.592570196768551938e-01 6.926549523305070011e-02 0.000000000000000000e+00 3.084000000000000341e+02
4.982767168696874194e+00 -1.221173200515242740e+01 0.000000000000000000e+00 3.592570196768551938e-01 6.926549523303293654e-02 0.000000000000000000e+00 3.085000000000000000e+02
5.018692870664558825e+00 -1.220480545562912233e+01 0.000000000000000000e+00 3.592570196768463120e-01 6.926549523305070011e-02 0.000000000000000000e+00 3.086000000000000227e+02
5.054618572632244344e+00 -1.219787890610581904e+01 0.000000000000000000e+00 3.592570196768551938e-01 6.926549523303293654e-02 0.000000000000000000e+00 3.087000000000000455e+02
5.090544274599928976e+00 -1.219095235658251575e+01 0.000000000000000000e+00 3.592570196768463120e-01 6.926549523303293654e-02 0.000000000000000000e+00 3.088000000000000114e+02
5.126469976567614495e+00 -1.218402580705921068e+01 0.000000000000000000e+00 3.592570196768551938e-01 6.926549523305070011e-02 0.000000000000000000e+00 3.089000000000000341e+02
5.162395678535299126e+00 -1.217709925753590738e+01 0.000000000000000000e+00 3.592570196768463120e-01 6.926549523303293654e-02 0.000000000000000000e+00 3.090000000000000000e+02
5.193988857563772932e+00 -1.217201201006023226e+01 0.000000000000000000e+00 3.159317902847380566e-01 5.087247475675127362e-02 0.000000000000000000e+00 3.091000000000000227e+02
5.225176546377276132e+00 -1.216709690685087963e+01 0.000000000000000000e+00 3.118768881350320044e-01 4.915103209352622571e-02 0.000000000000000000e+00 3.092000000000000455e+02
5.256364235190780221e+00 -1.216218180364152524e+01 0.000000000000000000e+00 3.118768881350408861e-01 4.915103209354398928e-02 0.000000000000000000e+00 3.093000000000000114e+02
5.287551924004283421e+00 -1.215726670043217261e+01 0.000000000000000000e+00 3.118768881350320044e-01 4.915103209352622571e-02 0.000000000000000000e+00 3.094000000000000341e+02
5.318739612817786622e+00 -1.215235159722281999e+01 0.000000000000000000e+00 3.118768881350320044e-01 4.915103209352622571e-02 0.000000000000000000e+00 3.095000000000000000e+02
5.349927301631289822e+00 -1.214743649401346559e+01 0.000000000000000000e+00 3.118768881350320044e-01 4.915103209354398928e-02 0.000000000000000000e+00 3.096000000000000227e+02
5.381114990444793023e+00 -1.214252139080411297e+01 0.000000000000000000e+00 3.118768881350320044e-01 4.915103209352622571e-02 0.000000000000000000e+00 3.097000000000000455e+02
5.411828794703074763e+00 -1.213662972465724721e+01 0.000000000000000000e+00 3.071380425828174054e-01 5.891666146865759401e-02 0.000000000000000000e+00 3.098000000000000114e+02
5.441996550032124347e+00 -1.212961278202588744e+01 0.000000000000000000e+00 3.016775532904958368e-01 7.016942631359768257e-02 0.000000000000000000e+00 3.099000000000000341e+02
5.472164305361173042e+00 -1.212259583939452590e+01 0.000000000000000000e+00 3.016775532904869550e-01 7.016942631361544613e-02 0.000000000000000000e+00 3.100000000000000000e+02
5.502332060690222626e+00 -1.211557889676316613e+01 0.000000000000000000e+00 3.016775532904958368e-01 7.016942631359768257e-02 0.000000000000000000e+00 3.101000000000000227e+02
5.532499816019271321e+00 -1.210856195413180636e+01 0.000000000000000000e+00 3.016775532904869550e-01 7.016942631359768257e-02 0.000000000000000000e+00 3.102000000000000455e+02
5.562667571348320905e+00 -1.210154501150044482e+01 0.000000000000000000e+00 3.016775532904958368e-01 7.016942631361544613e-02 0.000000000000000000e+00 3.103000000000000114e+02
5.592835326677369601e+00 -1.209452806886908505e+01 0.000000000000000000e+00 3.016775532904869550e-01 7.016942631359768257e-02 0.000000000000000000e+00 3.104000000000000341e+02
5.623825377495069056e+00 -1.208744637620544182e+01 0.000000000000000000e+00 3.099005081769945491e-01 7.081692663643224250e-02 0.000000000000000000e+00 3.105000000000000000e+02
5.657464592860155683e+00 -1.208015608031785426e+01 0.000000000000000000e+00 3.363921536508662768e-01 7.290295887587561197e-02 0.000000000000000000e+00 3.106000000000000227e+02
5.691103808225243199e+00 -1.207286578443026848e+01 0.000000000000000000e+00 3.363921536508751586e-01 7.290295887585784840e-02 0.000000000000000000e+00 3.107000000000000455e+02
5.724743023590329827e+00 -1.206557548854268269e+01 0.000000000000000000e+00 3.363921536508662768e-01 7.290295887585784840e-02 0.000000000000000000e+00 3.108000000000000114e+02
5.758382238955417343e+00 -1.205828519265509691e+01 0.000000000000000000e+00 3.363921536508751586e-01 7.290295887585784840e-02 0.000000000000000000e+00 3.109000000000000341e+02
5.792021454320503970e+00 -1.205099489676750935e+01 0.000000000000000000e+00 3.363921536508662768e-01 7.290295887587561197e-02 0.000000000000000000e+00 3.110000000000000000e+02
5.825660669685590598e+00 -1.204370460087992356e+01 0.000000000000000000e+00 3.363921536508662768e-01 7.290295887585784840e-02 0.000000000000000000e+00 3.111000000000000227e+02
5.859299885050678114e+00 -1.203641430499233778e+01 0.000000000000000000e+00 3.363921536508751586e-01 7.290295887585784840e-02 0.000000000000000000e+00 3.112000000000000455e+02
5.894993827959064348e+00 -1.202894023700039838e+01 0.000000000000000000e+00 3.569394290838623363e-01 7.474067991939392641e-02 0.000000000000000000e+00 3.113000000000000114e+02
5.934589057582637217e+00 -1.202111724310260321e+01 0.000000000000000000e+00 3.959522962357286957e-01 7.822993897795171847e-02 0.000000000000000000e+00 3.114000000000000341e+02
5.974184287206209198e+00 -1.201329424920480804e+01 0.000000000000000000e+00 3.959522962357198139e-01 7.822993897795171847e-02 0.000000000000000000e+00 3.115000000000000000e+02
6.013779516829781180e+00 -1.200547125530701287e+01 0.000000000000000000e+00 3.959522962357198139e-01 7.822993897795171847e-02 0.000000000000000000e+00 3.116000000000000227e+02
6.053374746453353161e+00 -1.199764826140921770e+01 0.000000000000000000e+00 3.959522962357198139e-01 7.822993897795171847e-02 0.000000000000000000e+00 3.117000000000000455e+02
6.092969976076925143e+00 -1.198982526751142252e+01 0.000000000000000000e+00 3.959522962357198139e-01 7.822993897795171847e-02 0.000000000000000000e+00 3.118000000000000114e+02
6.132565205700498012e+00 -1.198200227361362913e+01 0.000000000000000000e+00 3.959522962357286957e-01 7.822993897793395490e-02 0.000000000000000000e+00 3.119000000000000341e+02
6.172160435324069994e+00 -1.197417927971583396e+01 0.000000000000000000e+00 3.959522962357198139e-01 7.822993897795171847e-02 0.000000000000000000e+00 3.120000000000000000e+02
6.211755664947641975e+00 -1.196635628581803878e+01 0.000000000000000000e+00 3.959522962357198139e-01 7.822993897795171847e-02 0.000000000000000000e+00 3.121000000000000227e+02
6.251350894571213956e+00 -1.195853329192024361e+01 0.000000000000000000e+00 3.959522962357198139e-01 7.822993897795171847e-02 0.000000000000000000e+00 3.122000000000000455e+02
6.295356709378571836e+00 -1.195002787026031577e+01 0.000000000000000000e+00 4.400581480735787920e-01 8.505421659927847600e-02 0.000000000000000000e+00 3.123000000000000114e+02
6.340506261664368814e+00 -1.194134548382692707e+01 0.000000000000000000e+00 4.514955228579697888e-01 8.682386433388700198e-02 0.000000000000000000e+00 3.124000000000000341e+02
6.385655813950165793e+00 -1.193266309739353837e+01 0.000000000000000000e+00 4.514955228579697888e-01 8.682386433388700198e-02 0.000000000000000000e+00 3.125000000000000000e+02
6.430805366235961884e+00 -1.192398071096014966e+01 0.000000000000000000e+00 4.514955228579609070e-01 8.682386433388700198e-02 0.000000000000000000e+00 3.126000000000000227e+02
6.475954918521758863e+00 -1.191529832452676096e+01 0.000000000000000000e+00 4.514955228579697888e-01 8.682386433388700198e-02 0.000000000000000000e+00 3.127000000000000455e+02
6.521104470807555842e+00 -1.190661593809337226e+01 0.000000000000000000e+00 4.514955228579697888e-01 8.682386433388700198e-02 0.000000000000000000e+00 3.128000000000000114e+02
6.566254023093352821e+00 -1.189793355165998356e+01 0.000000000000000000e+00 4.514955228579697888e-01 8.682386433388700198e-02 0.000000000000000000e+00 3.129000000000000341e+02
6.611403575379148911e+00 -1.188925116522659486e+01 0.000000000000000000e+00 4.514955228579609070e-01 8.682386433388700198e-02 0.000000000000000000e+00 3.130000000000000000e+02
6.656553127664945890e+00 -1.188056877879320616e+01 0.000000000000000000e+00 4.514955228579697888e-01 8.682386433388700198e-02 0.000000000000000000e+00 3.131000000000000227e+02
6.701702679950742869e+00 -1.187188639235981746e+01 0.000000000000000000e+00 4.514955228579697888e-01 8.682386433388700198e-02 0.000000000000000000e+00 3.132000000000000455e+02
6.747417809244426579e+00 -1.186187596859321758e+01 0.000000000000000000e+00 4.571512929368370948e-01 1.001042376659988520e-01 0.000000000000000000e+00 3.133000000000000114e+02
6.794799396514354939e+00 -1.184795251728868060e+01 0.000000000000000000e+00 4.738158726992836023e-01 1.392345130453698232e-01 0.000000000000000000e+00 3.134000000000000341e+02
6.842180983784284187e+00 -1.183402906598414539e+01 0.000000000000000000e+00 4.738158726992924841e-01 1.392345130453520596e-01 0.000000000000000000e+00 3.135000000000000000e+02
6.889562571054212547e+00 -1.182010561467960841e+01 0.000000000000000000e+00 4.738158726992836023e-01 1.392345130453698232e-01 0.000000000000000000e+00 3.136000000000000227e+02
6.936944158324141796e+00 -1.180618216337507320e+01 0.000000000000000000e+00 4.738158726992924841e-01 1.392345130453520596e-01 0.000000000000000000e+00 3.137000000000000455e+02
6.984325745594071044e+00 -1.179225871207053622e+01 0.000000000000000000e+00 4.738158726992924841e-01 1.392345130453698232e-01 0.000000000000000000e+00 3.138000000000000114e+02
7.031707332863999405e+00 -1.177833526076600101e+01 0.000000000000000000e+00 4.738158726992836023e-01 1.392345130453520596e-01 0.000000000000000000e+00 3.139000000000000341e+02
7.079088920133928653e+00 -1.176441180946146403e+01 0.000000000000000000e+00 4.738158726992924841e-01 1.392345130453698232e-01 0.000000000000000000e+00 3.140000000000000000e+02
7.126470507403857013e+00 -1.175048835815692883e+01 0.000000000000000000e+00 4.738158726992836023e-01 1.392345130453520596e-01 0.000000000000000000e+00 3.141000000000000227e+02
7.173852094673786262e+00 -1.173656490685239184e+01 0.000000000000000000e+00 4.738158726992924841e-01 1.392345130453698232e-01 0.000000000000000000e+00 3.142000000000000455e+02
7.221233681943714622e+00 -1.172264145554785664e+01 0.000000000000000000e+00 4.738158726992836023e-01 1.392345130453520596e-01 0.000000000000000000e+00 3.143000000000000114e+02
7.268615269213643870e+00 -1.170871800424331965e+01 0.000000000000000000e+00 4.738158726992924841e-01 1.392345130453698232e-01 0.000000000000000000e+00 3.144000000000000341e+02
7.301989760644412186e+00 -1.169072587773027294e+01 0.000000000000000000e+00 3.337449143076831604e-01 1.799212651304671340e-01 0.000000000000000000e+00 3.145000000000000000e+02
7.333929438786229937e+00 -1.167231697751019759e+01 0.000000000000000000e+00 3.193967814181775111e-01 1.840890022007535265e-01 0.000000000000000000e+00 3.146000000000000227e+02
7.365869116928047688e+00 -1.165390807729012046e+01 0.000000000000000000e+00 3.193967814181775111e-01 1.840890022007712901e-01 0.000000000000000000e+00 3.147000000000000455e+02
7.397808795069865440e+00 -1.163549917707004511e+01 0.000000000000000000e+00 3.193967814181775111e-01 1.840890022007535265e-01 0.000000000000000000e+00 3.148000000000000114e+02
7.429748473211683191e+00 -1.161709027684996798e+01 0.000000000000000000e+00 3.193967814181775111e-01 1.840890022007712901e-01 0.000000000000000000e+00 3.149000000000000341e+02
7.461688151353500942e+00 -1.159868137662989263e+01 0.000000000000000000e+00 3.193967814181775111e-01 1.840890022007535265e-01 0.000000000000000000e+00 3.150000000000000000e+02
7.493627829495318693e+00 -1.158027247640981727e+01 0.000000000000000000e+00 3.193967814181775111e-01 1.840890022007535265e-01 0.000000000000000000e+00 3.151000000000000227e+02
7.525567507637136444e+00 -1.156186357618974014e+01 0.000000000000000000e+00 3.193967814181775111e-01 1.840890022007712901e-01 0.000000000000000000e+00 3.152000000000000455e+02
7.537992509870000468e+00 -1.153615073250270129e+01 0.000000000000000000e+00 1.242500223286402417e-01 2.571284368703885548e-01 0.000000000000000000e+00 3.153000000000000114e+02
7.525627490094996652e+00 -1.150115949136058546e+01 0.000000000000000000e+00 -1.236501977500381599e-01 3.499124114211582537e-01 0.000000000000000000e+00 3.154000000000000341e+02
7.513262470319993724e+00 -1.146616825021846964e+01 0.000000000000000000e+00 -1.236501977500292782e-01 3.499124114211582537e-01 0.000000000000000000e+00 3.155000000000000000e+02
7.500897450544989908e+00 -1.143117700907635381e+01 0.000000000000000000e+00 -1.236501977500381599e-01 3.499124114211582537e-01 0.000000000000000000e+00 3.156000000000000227e+02
7.488532430769986981e+00 -1.139618576793423976e+01 0.000000000000000000e+00 -1.236501977500292782e-01 3.499124114211404901e-01 0.000000000000000000e+00 3.157000000000000455e+02
7.476167410994983165e+00 -1.136119452679212394e+01 0.000000000000000000e+00 -1.236501977500381599e-01 3.499124114211582537e-01 0.000000000000000000e+00 3.158000000000000114e+02
7.463802391219980237e+00 -1.132620328565000811e+01 0.000000000000000000e+00 -1.236501977500292782e-01 3.499124114211582537e-01 0.000000000000000000e+00 3.159000000000000341e+02
7.451437371444976421e+00 -1.129121204450789406e+01 0.000000000000000000e+00 -1.236501977500381599e-01 3.499124114211404901e-01 0.000000000000000000e+00 3.160000000000000000e+02
7.438376637153208293e+00 -1.125574131362462893e+01 0.000000000000000000e+00 -1.306073429176812795e-01 3.547073088326513357e-01 0.000000000000000000e+00 3.161000000000000227e+02
7.412037106862602087e+00 -1.121111877362597298e+01 0.000000000000000000e+00 -2.633953029060620565e-01 4.462253999865595233e-01 0.000000000000000000e+00 3.162000000000000455e+02
7.385697576571995882e+00 -1.116649623362731525e+01 0.000000000000000000e+00 -2.633953029060620565e-01 4.462253999865772869e-01 0.000000000000000000e+00 3.163000000000000114e+02
7.359358046281389676e+00 -1.112187369362865752e+01 0.000000000000000000e+00 -2.633953029060620565e-01 4.462253999865772869e-01 0.000000000000000000e+00 3.164000000000000341e+02
7.333018515990783470e+00 -1.107725115362999979e+01 0.000000000000000000e+00 -2.633953029060620565e-01 4.462253999865772869e-01 0.000000000000000000e+00 3.165000000000000000e+02
7.306678985700177265e+00 -1.103262861363134384e+01 0.000000000000000000e+00 -2.633953029060620565e-01 4.462253999865595233e-01 0.000000000000000000e+00 3.166000000000000227e+02
7.280339455409571059e+00 -1.098800607363268611e+01 0.000000000000000000e+00 -2.633953029060620565e-01 4.462253999865772869e-01 0.000000000000000000e+00 3.167000000000000455e+02
7.253999925118964853e+00 -1.094338353363402838e+01 0.000000000000000000e+00 -2.633953029060620565e-01 4.462253999865772869e-01 0.000000000000000000e+00 3.168000000000000114e+02
7.227660394828358648e+00 -1.089876099363537065e+01 0.000000000000000000e+00 -2.633953029060620565e-01 4.462253999865772869e-01 0.000000000000000000e+00 3.169000000000000341e+02
7.201320864537752442e+00 -1.085413845363671470e+01 0.000000000000000000e+00 -2.633953029060620565e-01 4.462253999865595233e-01 0.000000000000000000e+00 3.170000000000000000e+02
7.174981334247146236e+00 -1.080951591363805697e+01 0.000000000000000000e+00 -2.633953029060620565e-01 4.462253999865772869e-01 0.000000000000000000e+00 3.171000000000000227e+02
7.148641803956540031e+00 -1.076489337363939924e+01 0.000000000000000000e+00 -2.633953029060620565e-01 4.462253999865772869e-01 0.000000000000000000e+00 3.172000000000000455e+02
7.122302273665933825e+00 -1.072027083364074151e+01 0.000000000000000000e+00 -2.633953029060620565e-01 4.462253999865772869e-01 0.000000000000000000e+00 3.173000000000000114e+02
7.095962743375327619e+00 -1.067564829364208379e+01 0.000000000000000000e+00 -2.633953029060620565e-01 4.462253999865772869e-01 0.000000000000000000e+00 3.174000000000000341e+02
7.072694259811612483e+00 -1.063516383511180408e+01 0.000000000000000000e+00 -2.326848356371513660e-01 4.048445853027970998e-01 0.000000000000000000e+00 3.175000000000000000e+02
7.049721839410689306e+00 -1.059507830684744611e+01 0.000000000000000000e+00 -2.297242040092317694e-01 4.008552826435796135e-01 0.000000000000000000e+00 3.176000000000000227e+02
7.026749419009767017e+00 -1.055499277858308993e+01 0.000000000000000000e+00 -2.297242040092228876e-01 4.008552826435618499e-01 0.000000000000000000e+00 3.177000000000000455e+02
7.003776998608843840e+00 -1.051490725031873197e+01 0.000000000000000000e+00 -2.297242040092317694e-01 4.008552826435796135e-01 0.000000000000000000e+00 3.178000000000000114e+02
6.980804578207920663e+00 -1.047482172205437401e+01 0.000000000000000000e+00 -2.297242040092317694e-01 4.008552826435796135e-01 0.000000000000000000e+00 3.179000000000000341e+02
6.957832157806998374e+00 -1.043473619379001782e+01 0.000000000000000000e+00 -2.297242040092228876e-01 4.008552826435618499e-01 0.000000000000000000e+00 3.180000000000000000e+02
6.934859737406075197e+00 -1.039465066552565986e+01 0.000000000000000000e+00 -2.297242040092317694e-01 4.008552826435796135e-01 0.000000000000000000e+00 3.181000000000000227e+02
6.911887317005152020e+00 -1.035456513726130190e+01 0.000000000000000000e+00 -2.297242040092317694e-01 4.008552826435796135e-01 0.000000000000000000e+00 3.182000000000000455e+02
6.888914896604229732e+00 -1.031447960899694571e+01 0.000000000000000000e+00 -2.297242040092228876e-01 4.008552826435618499e-01 0.000000000000000000e+00 3.183000000000000114e+02
6.865942476203306555e+00 -1.027439408073258775e+01 0.000000000000000000e+00 -2.297242040092317694e-01 4.008552826435796135e-01 0.000000000000000000e+00 3.184000000000000341e+02
6.844473212530212791e+00 -1.023518719694519064e+01 0.000000000000000000e+00 -2.146926367309376360e-01 3.920688378739711766e-01 0.000000000000000000e+00 3.185000000000000000e+02
6.827233647793538474e+00 -1.019845271110598084e+01 0.000000000000000000e+00 -1.723956473667431766e-01 3.673448583920979615e-01 0.000000000000000000e+00 3.186000000000000227e+02
6.809994083056864156e+00 -1.016171822526676927e+01 0.000000000000000000e+00 -1.723956473667431766e-01 3.673448583921157251e-01 0.000000000000000000e+00 3.187000000000000455e+02
6.792754518320190726e+00 -1.012498373942755947e+01 0.000000000000000000e+00 -1.723956473667342948e-01 3.673448583920979615e-01 0.000000000000000000e+00 3.188000000000000114e+02
6.775514953583516409e+00 -1.008824925358834790e+01 0.000000000000000000e+00 -1.723956473667431766e-01 3.673448583921157251e-01 0.000000000000000000e+00 3.189000000000000341e+02
6.758275388846842091e+00 -1.005151476774913810e+01 0.000000000000000000e+00 -1.723956473667431766e-01 3.673448583920979615e-01 0.000000000000000000e+00 3.190000000000000000e+02
6.741035824110167773e+00 -1.001478028190992653e+01 0.000000000000000000e+00 -1.723956473667431766e-01 3.673448583921157251e-01 0.000000000000000000e+00 3.191000000000000227e+02
6.723796259373493456e+00 -9.978045796070716733e+00 0.000000000000000000e+00 -1.723956473667431766e-01 3.673448583920979615e-01 0.000000000000000000e+00 3.192000000000000455e+02
6.706556694636820026e+00 -9.941311310231506937e+00 0.000000000000000000e+00 -1.723956473667342948e-01 3.673448583920979615e-01 0.000000000000000000e+00 3.193000000000000114e+02
6.694990025881002893e+00 -9.902261100878259725e+00 0.000000000000000000e+00 -1.156666875581713327e-01 3.905020935324721165e-01 0.000000000000000000e+00 3.194000000000000341e+02
6.696391118059982439e+00 -9.857917343216984207e+00 0.000000000000000000e+00 1.401092178979546077e-02 4.434375766127551799e-01 0.000000000000000000e+00 3.195000000000000000e+02
6.697792210238961097e+00 -9.813573585555706913e+00 0.000000000000000000e+00 1.401092178978657898e-02 4.434375766127729435e-01 0.000000000000000000e+00 3.196000000000000227e+02
6.699193302417939755e+00 -9.769229827894431395e+00 0.000000000000000000e+00 1.401092178978657898e-02 4.434375766127551799e-01 0.000000000000000000e+00 3.197000000000000455e+02
6.700594394596919301e+00 -9.724886070233154101e+00 0.000000000000000000e+00 1.401092178979546077e-02 4.434375766127729435e-01 0.000000000000000000e+00 3.198000000000000114e+02
6.701995486775897959e+00 -9.680542312571878583e+00 0.000000000000000000e+00 1.401092178978657898e-02 4.434375766127551799e-01 0.000000000000000000e+00 3.199000000000000341e+02
6.703396578954876617e+00 -9.636198554910601288e+00 0.000000000000000000e+00 1.401092178978657898e-02 4.434375766127729435e-01 0.000000000000000000e+00 3.200000000000000000e+02
6.704797671133856163e+00 -9.591854797249325770e+00 0.000000000000000000e+00 1.401092178979546077e-02 4.434375766127551799e-01 0.000000000000000000e+00 3.201000000000000227e+02
6.706198763312834821e+00 -9.547511039588048476e+00 0.000000000000000000e+00 1.401092178978657898e-02 4.434375766127729435e-01 0.000000000000000000e+00 3.202000000000000455e+02
6.707599855491813479e+00 -9.503167281926772958e+00 0.000000000000000000e+00 1.401092178978657898e-02 4.434375766127551799e-01 0.000000000000000000e+00 3.203000000000000114e+02
6.709000947670793025e+00 -9.458823524265495664e+00 0.000000000000000000e+00 1.401092178979546077e-02 4.434375766127729435e-01 0.000000000000000000e+00 3.204000000000000341e+02
6.712075752288152231e+00 -9.408648598016570830e+00 0.000000000000000000e+00 3.074804617359205849e-02 5.017492624892483377e-01 0.000000000000000000e+00 3.205000000000000000e+02
6.715890124396477034e+00 -9.355897038755383477e+00 0.000000000000000000e+00 3.814372108324803889e-02 5.275155926118735294e-01 0.000000000000000000e+00 3.206000000000000227e+02
6.719704496504801838e+00 -9.303145479494196124e+00 0.000000000000000000e+00 3.814372108324803889e-02 5.275155926118735294e-01 0.000000000000000000e+00 3.207000000000000455e+02
6.723518868613126642e+00 -9.250393920233008771e+00 0.000000000000000000e+00 3.814372108324803889e-02 5.275155926118735294e-01 0.000000000000000000e+00 3.208000000000000114e+02
6.727333240721450558e+00 -9.197642360971821418e+00 0.000000000000000000e+00 3.814372108323915711e-02 5.275155926118735294e-01 0.000000000000000000e+00 3.209000000000000341e+02
6.731147612829775362e+00 -9.144890801710635841e+00 0.000000000000000000e+00 3.814372108324803889e-02 5.275155926118557659e-01 0.000000000000000000e+00 3.210000000000000000e+02
6.734961984938100166e+00 -9.092139242449448489e+00 0.000000000000000000e+00 3.814372108324803889e-02 5.275155926118735294e-01 0.000000000000000000e+00 3.211000000000000227e+02
6.738776357046424970e+00 -9.039387683188261136e+00 0.000000000000000000e+00 3.814372108324803889e-02 5.275155926118735294e-01 0.000000000000000000e+00 3.212000000000000455e+02
6.742590729154749773e+00 -8.986636123927073783e+00 0.000000000000000000e+00 3.814372108324803889e-02 5.275155926118735294e-01 0.000000000000000000e+00 3.213000000000000114e+02
6.746405101263074577e+00 -8.933884564665888206e+00 0.000000000000000000e+00 3.814372108324803889e-02 5.275155926118557659e-01 0.000000000000000000e+00 3.214000000000000341e+02
6.750219473371399381e+00 -8.881133005404700853e+00 0.000000000000000000e+00 3.814372108324803889e-02 5.275155926118735294e-01 0.000000000000000000e+00 3.215000000000000000e+02
6.754033845479724185e+00 -8.828381446143513500e+00 0.000000000000000000e+00 3.814372108324803889e-02 5.275155926118735294e-01 0.000000000000000000e+00 3.216000000000000227e+02
6.757848217588048989e+00 -8.775629886882326147e+00 0.000000000000000000e+00 3.814372108324803889e-02 5.275155926118735294e-01 0.000000000000000000e+00 3.217000000000000455e+02
6.760806584980971756e+00 -8.728856440314070042e+00 0.000000000000000000e+00 2.958367392922767181e-02 4.677344656825610514e-01 0.000000000000000000e+00 3.218000000000000114e+02
6.763676182353100863e+00 -8.682702940316795903e+00 0.000000000000000000e+00 2.869597372129106816e-02 4.615349999727413888e-01 0.000000000000000000e+00 3.219000000000000341e+02
6.766545779725230858e+00 -8.636549440319519988e+00 0.000000000000000000e+00 2.869597372129994994e-02 4.615349999727591523e-01 0.000000000000000000e+00 3.220000000000000000e+02
6.769415377097359965e+00 -8.590395940322245849e+00 0.000000000000000000e+00 2.869597372129106816e-02 4.615349999727413888e-01 0.000000000000000000e+00 3.221000000000000227e+02
6.772284974469489072e+00 -8.544242440324969934e+00 0.000000000000000000e+00 2.869597372129106816e-02 4.615349999727591523e-01 0.000000000000000000e+00 3.222000000000000455e+02
6.775154571841619067e+00 -8.498088940327695795e+00 0.000000000000000000e+00 2.869597372129994994e-02 4.615349999727413888e-01 0.000000000000000000e+00 3.223000000000000114e+02
6.778024169213748173e+00 -8.451935440330421656e+00 0.000000000000000000e+00 2.869597372129106816e-02 4.615349999727413888e-01 0.000000000000000000e+00 3.224000000000000341e+02
6.780893766585877280e+00 -8.405781940333145741e+00 0.000000000000000000e+00 2.869597372129106816e-02 4.615349999727591523e-01 0.000000000000000000e+00 3.225000000000000000e+02
6.783763363958007275e+00 -8.359628440335871602e+00 0.000000000000000000e+00 2.869597372129994994e-02 4.615349999727413888e-01 0.000000000000000000e+00 3.226000000000000227e+02
6.786632961330136382e+00 -8.313474940338595687e+00 0.000000000000000000e+00 2.869597372129106816e-02 4.615349999727591523e-01 0.000000000000000000e+00 3.227000000000000455e+02
6.789502558702265489e+00 -8.267321440341321548e+00 0.000000000000000000e+00 2.869597372129106816e-02 4.615349999727413888e-01 0.000000000000000000e+00 3.228000000000000114e+02
6.791481918736375079e+00 -8.227860641600297953e+00 0.000000000000000000e+00 1.979360034109589606e-02 3.946079874102359497e-01 0.000000000000000000e+00 3.229000000000000341e+02
6.793342335807472487e+00 -8.189294042286743291e+00 0.000000000000000000e+00 1.860417071097408837e-02 3.856659931355466142e-01 0.000000000000000000e+00 3.230000000000000000e+02
6.795202752878569896e+00 -8.150727442973190406e+00 0.000000000000000000e+00 1.860417071097408837e-02 3.856659931355288506e-01 0.000000000000000000e+00 3.231000000000000227e+02
6.797063169949667305e+00 -8.112160843659635745e+00 0.000000000000000000e+00 1.860417071097408837e-02 3.856659931355466142e-01 0.000000000000000000e+00 3.232000000000000455e+02
6.798923587020764714e+00 -8.073594244346082860e+00 0.000000000000000000e+00 1.860417071097408837e-02 3.856659931355288506e-01 0.000000000000000000e+00 3.233000000000000114e+02
6.800784004091862123e+00 -8.035027645032528198e+00 0.000000000000000000e+00 1.860417071097408837e-02 3.856659931355466142e-01 0.000000000000000000e+00 3.234000000000000341e+02
6.802644421162959532e+00 -7.996461045718975313e+00 0.000000000000000000e+00 1.860417071097408837e-02 3.856659931355288506e-01 0.000000000000000000e+00 3.235000000000000000e+02
6.804504838234056940e+00 -7.957894446405421540e+00 0.000000000000000000e+00 1.860417071097408837e-02 3.856659931355377324e-01 0.000000000000000000e+00 3.236000000000000227e+02
6.806485207348950794e+00 -7.919848299204292452e+00 0.000000000000000000e+00 1.980369114893854032e-02 3.804614720112908799e-01 0.000000000000000000e+00 3.237000000000000455e+02
6.809150904032563290e+00 -7.884775675167539077e+00 0.000000000000000000e+00 2.665696683612495121e-02 3.507262403675337481e-01 0.000000000000000000e+00 3.238000000000000114e+02
6.811816600716176673e+00 -7.849703051130785703e+00 0.000000000000000000e+00 2.665696683613383300e-02 3.507262403675337481e-01 0.000000000000000000e+00 3.239000000000000341e+02
6.814482297399790056e+00 -7.814630427094032328e+00 0.000000000000000000e+00 2.665696683613383300e-02 3.507262403675337481e-01 0.000000000000000000e+00 3.240000000000000000e+02
6.817147994083402551e+00 -7.779557803057278953e+00 0.000000000000000000e+00 2.665696683612495121e-02 3.507262403675337481e-01 0.000000000000000000e+00 3.241000000000000227e+02
6.819813690767015935e+00 -7.744485179020524690e+00 0.000000000000000000e+00 2.665696683613383300e-02 3.507262403675426299e-01 0.000000000000000000e+00 3.242000000000000455e+02
6.822479387450629318e+00 -7.709412554983771315e+00 0.000000000000000000e+00 2.665696683613383300e-02 3.507262403675337481e-01 0.000000000000000000e+00 3.243000000000000114e+02
6.825145084134241813e+00 -7.674339930947017940e+00 0.000000000000000000e+00 2.665696683612495121e-02 3.507262403675337481e-01 0.000000000000000000e+00 3.244000000000000341e+02
6.830238090547024576e+00 -7.638904541912295620e+00 0.000000000000000000e+00 5.093006412782763448e-02 3.543538903472231993e-01 0.000000000000000000e+00 3.245000000000000000e+02
6.847289258895500552e+00 -7.601681988043112348e+00 0.000000000000000000e+00 1.705116834847597573e-01 3.722255386918327247e-01 0.000000000000000000e+00 3.246000000000000227e+02
6.864340427243977416e+00 -7.564459434173929075e+00 0.000000000000000000e+00 1.705116834847686391e-01 3.722255386918327247e-01 0.000000000000000000e+00 3.247000000000000455e+02
6.881391595592453392e+00 -7.527236880304746691e+00 0.000000000000000000e+00 1.705116834847597573e-01 3.722255386918238429e-01 0.000000000000000000e+00 3.248000000000000114e+02
6.898442763940929368e+00 -7.490014326435563419e+00 0.000000000000000000e+00 1.705116834847597573e-01 3.722255386918327247e-01 0.000000000000000000e+00 3.249000000000000341e+02
6.915493932289406231e+00 -7.452791772566380146e+00 0.000000000000000000e+00 1.705116834847686391e-01 3.722255386918327247e-01 0.000000000000000000e+00 3.250000000000000000e+02
6.932545100637882207e+00 -7.415569218697196874e+00 0.000000000000000000e+00 1.705116834847597573e-01 3.722255386918327247e-01 0.000000000000000000e+00 3.251000000000000227e+02
6.949596268986358183e+00 -7.378346664828014490e+00 0.000000000000000000e+00 1.705116834847597573e-01 3.722255386918238429e-01 0.000000000000000000e+00 3.252000000000000455e+02
6.966647437334835047e+00 -7.341124110958831217e+00 0.000000000000000000e+00 1.705116834847686391e-01 3.722255386918327247e-01 0.000000000000000000e+00 3.253000000000000114e+02
6.983698605683311023e+00 -7.303901557089647945e+00 0.000000000000000000e+00 1.705116834847597573e-01 3.722255386918327247e-01 0.000000000000000000e+00 3.254000000000000341e+02
7.000749774031786998e+00 -7.266679003220464672e+00 0.000000000000000000e+00 1.705116834847597573e-01 3.722255386918327247e-01 0.000000000000000000e+00 3.255000000000000000e+02
7.018133581512839392e+00 -7.241691206951078819e+00 0.000000000000000000e+00 1.738380748105239348e-01 2.498779626938585352e-01 0.000000000000000000e+00 3.256000000000000227e+02
7.035542918280427216e+00 -7.217642400120602098e+00 0.000000000000000000e+00 1.740933676758782411e-01 2.404880683047672107e-01 0.000000000000000000e+00 3.257000000000000455e+02
7.052952255048015040e+00 -7.193593593290126265e+00 0.000000000000000000e+00 1.740933676758782411e-01 2.404880683047583290e-01 0.000000000000000000e+00 3.258000000000000114e+02
7.070361591815603752e+00 -7.169544786459649544e+00 0.000000000000000000e+00 1.740933676758871229e-01 2.404880683047672107e-01 0.000000000000000000e+00 3.259000000000000341e+02
7.087770928583191576e+00 -7.145495979629173711e+00 0.000000000000000000e+00 1.740933676758782411e-01 2.404880683047583290e-01 0.000000000000000000e+00 3.260000000000000000e+02
7.105180265350779401e+00 -7.121447172798696990e+00 0.000000000000000000e+00 1.740933676758782411e-01 2.404880683047672107e-01 0.000000000000000000e+00 3.261000000000000227e+02
7.122589602118367225e+00 -7.097398365968221157e+00 0.000000000000000000e+00 1.740933676758782411e-01 2.404880683047583290e-01 0.000000000000000000e+00 3.262000000000000455e+02
7.139998938885955049e+00 -7.073349559137744436e+00 0.000000000000000000e+00 1.740933676758782411e-01 2.404880683047672107e-01 0.000000000000000000e+00 3.263000000000000114e+02
7.157408275653542873e+00 -7.049300752307268603e+00 0.000000000000000000e+00 1.740933676758782411e-01 2.404880683047583290e-01 0.000000000000000000e+00 3.264000000000000341e+02
7.174817612421130697e+00 -7.025251945476791882e+00 0.000000000000000000e+00 1.740933676758782411e-01 2.404880683047672107e-01 0.000000000000000000e+00 3.265000000000000000e+02
7.175000000000002487e+00 -7.024999999999998579e+00 0.000000000000000000e+00 1.823875788717899127e-03 2.519454767933027028e-03 0.000000000000000000e+00 3.266000000000000227e+02
