-1.224999999999999645e+00 -1.474999999999994316e+00 0.000000000000000000e+00 0.000000000000000000e+00 0.000000000000000000e+00 0.000000000000000000e+00 0.000000000000000000e+00
-1.216121138340683583e+00 -1.471634205988074706e+00 0.000000000000000000e+00 8.878861659316061861e-02 3.365794011919609474e-02 0.000000000000000000e+00 1.000000000000000056e-01
-1.207242276681367299e+00 -1.468268411976154875e+00 0.000000000000000000e+00 8.878861659316283905e-02 3.365794011919831519e-02 0.000000000000000000e+00 2.000000000000000111e-01
-1.198363415022051237e+00 -1.464902617964235265e+00 0.000000000000000000e+00 8.878861659316061861e-02 3.365794011919609474e-02 0.000000000000000000e+00 3.000000000000000444e-01
-1.189484553362734953e+00 -1.461536823952315656e+00 0.000000000000000000e+00 8.878861659316283905e-02 3.365794011919609474e-02 0.000000000000000000e+00 4.000000000000000222e-01
-1.176619271240532782e+00 -1.456842794203548896e+00 0.000000000000000000e+00 1.286528212220217071e-01 4.694029748766759269e-02 0.000000000000000000e+00 5.000000000000000000e-01
-1.162022349867343429e+00 -1.451571799441206290e+00 0.000000000000000000e+00 1.459692137318935323e-01 5.270994762342606776e-02 0.000000000000000000e+00 6.000000000000000888e-01
-1.147425428494153854e+00 -1.446300804678863683e+00 0.000000000000000000e+00 1.459692137318957528e-01 5.270994762342606776e-02 0.000000000000000000e+00 7.000000000000000666e-01
-1.132828507120964501e+00 -1.441029809916521076e+00 0.000000000000000000e+00 1.459692137318935323e-01 5.270994762342606776e-02 0.000000000000000000e+00 8.000000000000000444e-01
-1.118106250704014037e+00 -1.435740038822077125e+00 0.000000000000000000e+00 1.472225641695046328e-01 5.289771094443951327e-02 0.000000000000000000e+00 9.000000000000000222e-01
-1.100453249923345034e+00 -1.430011215505472277e+00 0.000000000000000000e+00 1.765300078066900369e-01 5.728823316604847449e-02 0.000000000000000000e+00 1.000000000000000000e+00
-1.082800249142675808e+00 -1.424282392188867430e+00 0.000000000000000000e+00 1.765300078066922573e-01 5.728823316604847449e-02 0.000000000000000000e+00 1.100000000000000089e+00
-1.065147248362006804e+00 -1.418553568872262804e+00 0.000000000000000000e+00 1.765300078066900369e-01 5.728823316604625404e-02 0.000000000000000000e+00 1.200000000000000178e+00
-1.047494247581337579e+00 -1.412824745555657957e+00 0.000000000000000000e+00 1.765300078066922573e-01 5.728823316604847449e-02 0.000000000000000000e+00 1.300000000000000044e+00
-1.029179270962629733e+00 -1.407096830261574283e+00 0.000000000000000000e+00 1.831497661870784555e-01 5.727915294083674169e-02 0.000000000000000000e+00 1.400000000000000133e+00
-1.009428091942089045e+00 -1.401370884985202681e+00 0.000000000000000000e+00 1.975117902054068786e-01 5.725945276371602333e-02 0.000000000000000000e+00 1.500000000000000000e+00
-9.896769129215483574e-01 -1.395644939708831078e+00 0.000000000000000000e+00 1.975117902054068786e-01 5.725945276371602333e-02 0.000000000000000000e+00 1.600000000000000089e+00
-9.699257339010076695e-01 -1.389918994432459254e+00 0.000000000000000000e+00 1.975117902054068786e-01 5.725945276371824377e-02 0.000000000000000000e+00 1.700000000000000178e+00
-9.501745548804669816e-01 -1.384193049156087651e+00 0.000000000000000000e+00 1.975117902054068786e-01 5.725945276371602333e-02 0.000000000000000000e+00 1.800000000000000044e+00
-9.304948056829432934e-01 -1.378471062518001666e+00 0.000000000000000000e+00 1.967974919752368823e-01 5.721986638085985177e-02 0.000000000000000000e+00 1.900000000000000133e+00
-9.108726526084883757e-01 -1.372752267855035679e+00 0.000000000000000000e+00 1.962215307445491774e-01 5.718794662965986930e-02 0.000000000000000000e+00 2.000000000000000000e+00
-8.912504995340334579e-01 -1.367033473192069470e+00 0.000000000000000000e+00 1.962215307445491774e-01 5.718794662966208975e-02 0.000000000000000000e+00 2.100000000000000089e+00
-8.716283464595785402e-01 -1.361314678529103483e+00 0.000000000000000000e+00 1.962215307445491774e-01 5.718794662965986930e-02 0.000000000000000000e+00 2.200000000000000178e+00
-8.520061933851236224e-01 -1.355595883866137275e+00 0.000000000000000000e+00 1.962215307445491774e-01 5.718794662966208975e-02 0.000000000000000000e+00 2.300000000000000266e+00
-8.308102646741135633e-01 -1.349456333660015828e+00 0.000000000000000000e+00 2.119592871101005915e-01 6.139550206121446863e-02 0.000000000000000000e+00 2.400000000000000355e+00
-8.092145353996333945e-01 -1.343209895089803929e+00 0.000000000000000000e+00 2.159572927448016877e-01 6.246438570211898522e-02 0.000000000000000000e+00 2.500000000000000000e+00
-7.876188061251531147e-01 -1.336963456519592031e+00 0.000000000000000000e+00 2.159572927448027979e-01 6.246438570211898522e-02 0.000000000000000000e+00 2.600000000000000089e+00
-7.660230768506728349e-01 -1.330717017949380354e+00 0.000000000000000000e+00 2.159572927448027979e-01 6.246438570211676478e-02 0.000000000000000000e+00 2.700000000000000178e+00
-7.444273475761926662e-01 -1.324470579379168456e+00 0.000000000000000000e+00 2.159572927448016877e-01 6.246438570211898522e-02 0.000000000000000000e+00 2.800000000000000266e+00
-7.237667744030484851e-01 -1.318548342097163761e+00 0.000000000000000000e+00 2.066057317314418107e-01 5.922237282004694237e-02 0.000000000000000000e+00 2.900000000000000355e+00
-7.048684702599358198e-01 -1.313237050826084218e+00 0.000000000000000000e+00 1.889830414311266527e-01 5.311291271079543463e-02 0.000000000000000000e+00 3.000000000000000000e+00
-6.859701661168231546e-01 -1.307925759555004896e+00 0.000000000000000000e+00 1.889830414311266527e-01 5.311291271079321419e-02 0.000000000000000000e+00 3.100000000000000089e+00
-6.670718619737104893e-01 -1.302614468283925353e+00 0.000000000000000000e+00 1.889830414311266527e-01 5.311291271079543463e-02 0.000000000000000000e+00 3.200000000000000178e+00
-6.481735578305978240e-01 -1.297303177012846032e+00 0.000000000000000000e+00 1.889830414311266527e-01 5.311291271079321419e-02 0.000000000000000000e+00 3.300000000000000266e+00
-6.295180787244958331e-01 -1.291889413846775136e+00 0.000000000000000000e+00 1.865547910610199089e-01 5.413763166070895139e-02 0.000000000000000000e+00 3.400000000000000355e+00
-6.108794314737424624e-01 -1.286468547656506090e+00 0.000000000000000000e+00 1.863864725075337070e-01 5.420866190269046925e-02 0.000000000000000000e+00 3.500000000000000000e+00
-5.922407842229892028e-01 -1.281047681466237043e+00 0.000000000000000000e+00 1.863864725075325968e-01 5.420866190269046925e-02 0.000000000000000000e+00 3.600000000000000089e+00
-5.736021369722358321e-01 -1.275626815275967996e+00 0.000000000000000000e+00 1.863864725075337070e-01 5.420866190269046925e-02 0.000000000000000000e+00 3.700000000000000178e+00
-5.553036309355533495e-01 -1.270286883376758880e+00 0.000000000000000000e+00 1.829850603668248255e-01 5.339931899209116040e-02 0.000000000000000000e+00 3.800000000000000266e+00
-5.375563246489863944e-01 -1.265078105713386858e+00 0.000000000000000000e+00 1.774730628656695508e-01 5.208777663372021749e-02 0.000000000000000000e+00 3.900000000000000355e+00
-5.198090183624195504e-01 -1.259869328050014614e+00 0.000000000000000000e+00 1.774730628656684406e-01 5.208777663372243794e-02 0.000000000000000000e+00 4.000000000000000000e+00
-5.020617120758527063e-01 -1.254660550386642592e+00 0.000000000000000000e+00 1.774730628656684406e-01 5.208777663372021749e-02 0.000000000000000000e+00 4.100000000000000533e+00
-4.842875350779437538e-01 -1.249447266750028041e+00 0.000000000000000000e+00 1.777417699790895256e-01 5.213283636614551853e-02 0.000000000000000000e+00 4.200000000000000178e+00
-4.659333947196394043e-01 -1.244136728546898718e+00 0.000000000000000000e+00 1.835414035830434942e-01 5.310538203129322454e-02 0.000000000000000000e+00 4.299999999999999822e+00
-4.475792543613350549e-01 -1.238826190343769396e+00 0.000000000000000000e+00 1.835414035830434942e-01 5.310538203129322454e-02 0.000000000000000000e+00 4.400000000000000355e+00
-4.292251140030306500e-01 -1.233515652140640073e+00 0.000000000000000000e+00 1.835414035830440493e-01 5.310538203129322454e-02 0.000000000000000000e+00 4.500000000000000000e+00
-4.108709736447263006e-01 -1.228205113937510751e+00 0.000000000000000000e+00 1.835414035830434942e-01 5.310538203129322454e-02 0.000000000000000000e+00 4.600000000000000533e+00
-3.929389203717091328e-01 -1.222992192116163057e+00 0.000000000000000000e+00 1.793205327301716778e-01 5.212921821347693552e-02 0.000000000000000000e+00 4.700000000000000178e+00
-3.753425398298004811e-01 -1.217856901567165417e+00 0.000000000000000000e+00 1.759638054190865164e-01 5.135290548997639704e-02 0.000000000000000000e+00 4.800000000000000711e+00
-3.577461592878918850e-01 -1.212721611018168000e+00 0.000000000000000000e+00 1.759638054190859613e-01 5.135290548997417659e-02 0.000000000000000000e+00 4.900000000000000355e+00
-3.401497787459832889e-01 -1.207586320469170360e+00 0.000000000000000000e+00 1.759638054190859613e-01 5.135290548997639704e-02 0.000000000000000000e+00 5.000000000000000000e+00
-3.224198028163930974e-01 -1.202428914901599422e+00 0.000000000000000000e+00 1.772997592959019153e-01 5.157405567570938487e-02 0.000000000000000000e+00 5.100000000000000533e+00
-3.042998821356104888e-01 -1.197206958936256838e+00 0.000000000000000000e+00 1.811992068078260854e-01 5.221955965342583994e-02 0.000000000000000000e+00 5.200000000000000178e+00
-2.861799614548279358e-01 -1.191985002970914254e+00 0.000000000000000000e+00 1.811992068078255302e-01 5.221955965342583994e-02 0.000000000000000000e+00 5.300000000000000711e+00
-2.680600407740453273e-01 -1.186763047005571670e+00 0.000000000000000000e+00 1.811992068078260854e-01 5.221955965342583994e-02 0.000000000000000000e+00 5.400000000000000355e+00
-2.499401200932627187e-01 -1.181541091040229308e+00 0.000000000000000000e+00 1.811992068078260854e-01 5.221955965342361949e-02 0.000000000000000000e+00 5.500000000000000000e+00
-2.323461668265002222e-01 -1.176436849748903724e+00 0.000000000000000000e+00 1.759395326676249649e-01 5.104241291325584129e-02 0.000000000000000000e+00 5.600000000000000533e+00
-2.148639049309013505e-01 -1.171357605658919443e+00 0.000000000000000000e+00 1.748226189559887178e-01 5.079244089984280563e-02 0.000000000000000000e+00 5.700000000000000178e+00
-1.973816430353024787e-01 -1.166278361568934940e+00 0.000000000000000000e+00 1.748226189559887178e-01 5.079244089984502608e-02 0.000000000000000000e+00 5.800000000000000711e+00
-1.798993811397036069e-01 -1.161199117478950438e+00 0.000000000000000000e+00 1.748226189559887178e-01 5.079244089984502608e-02 0.000000000000000000e+00 5.900000000000000355e+00
-1.621601489050605305e-01 -1.156077268545142367e+00 0.000000000000000000e+00 1.773923223464307641e-01 5.121848933808070825e-02 0.000000000000000000e+00 6.000000000000000000e+00
-1.442122011880438426e-01 -1.150920815265310537e+00 0.000000000000000000e+00 1.794794771701668790e-01 5.156453279831829661e-02 0.000000000000000000e+00 6.100000000000000533e+00
-1.262642534710271824e-01 -1.145764361985478486e+00 0.000000000000000000e+00 1.794794771701666014e-01 5.156453279832051706e-02 0.000000000000000000e+00 6.200000000000000178e+00
-1.083163057540105084e-01 -1.140607908705646656e+00 0.000000000000000000e+00 1.794794771701667402e-01 5.156453279831829661e-02 0.000000000000000000e+00 6.300000000000000711e+00
-9.045850635287047692e-02 -1.135470884193299446e+00 0.000000000000000000e+00 1.785779940114003150e-01 5.137024512347210248e-02 0.000000000000000000e+00 6.400000000000000355e+00
-7.305848390257371761e-02 -1.130432519781824130e+00 0.000000000000000000e+00 1.740002245029675931e-01 5.038364411475315663e-02 0.000000000000000000e+00 6.500000000000000000e+00
-5.565846145227695829e-02 -1.125394155370348592e+00 0.000000000000000000e+00 1.740002245029675931e-01 5.038364411475537707e-02 0.000000000000000000e+00 6.600000000000000533e+00
-3.825843900198019204e-02 -1.120355790958873055e+00 0.000000000000000000e+00 1.740002245029676486e-01 5.038364411475537707e-02 0.000000000000000000e+00 6.700000000000000178e+00
-2.085841655168342579e-02 -1.115317426547397517e+00 0.000000000000000000e+00 1.740002245029676486e-01 5.038364411475537707e-02 0.000000000000000000e+00 6.800000000000000711e+00
-3.083391603138294079e-03 -1.110216992540027814e+00 0.000000000000000000e+00 1.777502494854513171e-01 5.100434007369702982e-02 0.000000000000000000e+00 6.900000000000000355e+00
1.472759235066117833e-02 -1.105110606676509288e+00 0.000000000000000000e+00 1.781098395379947241e-01 5.106385863518525525e-02 0.000000000000000000e+00 7.000000000000000000e+00
3.253857630446064381e-02 -1.100004220812990985e+00 0.000000000000000000e+00 1.781098395379946409e-01 5.106385863518303481e-02 0.000000000000000000e+00 7.100000000000000533e+00
5.034956025826011622e-02 -1.094897834949472681e+00 0.000000000000000000e+00 1.781098395379947241e-01 5.106385863518303481e-02 0.000000000000000000e+00 7.200000000000000178e+00
6.789314962968155676e-02 -1.089846862796339355e+00 0.000000000000000000e+00 1.754358937142143915e-01 5.050972153133326259e-02 0.000000000000000000e+00 7.300000000000000711e+00
8.522519969028252707e-02 -1.084839729145844034e+00 0.000000000000000000e+00 1.733205006060097031e-01 5.007133650495321220e-02 0.000000000000000000e+00 7.400000000000000355e+00
1.025572497508835113e-01 -1.079832595495348713e+00 0.000000000000000000e+00 1.733205006060098419e-01 5.007133650495321220e-02 0.000000000000000000e+00 7.500000000000000000e+00
1.198892998114844816e-01 -1.074825461844853391e+00 0.000000000000000000e+00 1.733205006060097031e-01 5.007133650495321220e-02 0.000000000000000000e+00 7.600000000000000533e+00
1.373651173017717553e-01 -1.069783589145327563e+00 0.000000000000000000e+00 1.747581749028727371e-01 5.041872699525828949e-02 0.000000000000000000e+00 7.700000000000000178e+00
1.551455232894724812e-01 -1.064668117614906873e+00 0.000000000000000000e+00 1.778040598770072589e-01 5.115471530420689916e-02 0.000000000000000000e+00 7.800000000000000711e+00
1.729259292771732071e-01 -1.059552646084485961e+00 0.000000000000000000e+00 1.778040598770072589e-01 5.115471530420911961e-02 0.000000000000000000e+00 7.900000000000000355e+00
1.907063352648739607e-01 -1.054437174554065049e+00 0.000000000000000000e+00 1.778040598770075364e-01 5.115471530420911961e-02 0.000000000000000000e+00 8.000000000000000000e+00
2.084867412525746588e-01 -1.049321703023644359e+00 0.000000000000000000e+00 1.778040598770069813e-01 5.115471530420689916e-02 0.000000000000000000e+00 8.099999999999999645e+00
2.260871799757440403e-01 -1.044215886731304277e+00 0.000000000000000000e+00 1.760043872316938152e-01 5.105816292340081830e-02 0.000000000000000000e+00 8.200000000000001066e+00
2.436828421135129319e-01 -1.039110326702620490e+00 0.000000000000000000e+00 1.759566213776889154e-01 5.105560028683786555e-02 0.000000000000000000e+00 8.300000000000000711e+00
2.612785042512817957e-01 -1.034004766673936926e+00 0.000000000000000000e+00 1.759566213776886379e-01 5.105560028683564511e-02 0.000000000000000000e+00 8.400000000000000355e+00
2.788741663890507150e-01 -1.028899206645253361e+00 0.000000000000000000e+00 1.759566213776891930e-01 5.105560028683564511e-02 0.000000000000000000e+00 8.500000000000000000e+00
2.973473091260651069e-01 -1.024896818517890607e+00 0.000000000000000000e+00 1.847314273701439191e-01 4.002388127362754844e-02 0.000000000000000000e+00 8.599999999999999645e+00
3.162469019910396639e-01 -1.021430565091266507e+00 0.000000000000000000e+00 1.889959286497455704e-01 3.466253426624099632e-02 0.000000000000000000e+00 8.700000000000001066e+00
3.351464948560142765e-01 -1.017964311664642407e+00 0.000000000000000000e+00 1.889959286497461255e-01 3.466253426624099632e-02 0.000000000000000000e+00 8.800000000000000711e+00
3.540460877209888890e-01 -1.014498058238018530e+00 0.000000000000000000e+00 1.889959286497461255e-01 3.466253426623877587e-02 0.000000000000000000e+00 8.900000000000000355e+00
3.731993763612871384e-01 -1.012002548524161050e+00 0.000000000000000000e+00 1.915328864029824940e-01 2.495509713857479994e-02 0.000000000000000000e+00 9.000000000000000000e+00
3.940214123093472298e-01 -1.015892347967065401e+00 0.000000000000000000e+00 2.082203594806009139e-01 -3.889799442904351423e-02 0.000000000000000000e+00 9.099999999999999645e+00
4.148434482574073767e-01 -1.019782147409969530e+00 0.000000000000000000e+00 2.082203594806014690e-01 -3.889799442904129378e-02 0.000000000000000000e+00 9.200000000000001066e+00
4.356654842054674681e-01 -1.023671946852873882e+00 0.000000000000000000e+00 2.082203594806009139e-01 -3.889799442904351423e-02 0.000000000000000000e+00 9.300000000000000711e+00
4.564875201535275595e-01 -1.027561746295778233e+00 0.000000000000000000e+00 2.082203594806009139e-01 -3.889799442904351423e-02 0.000000000000000000e+00 9.400000000000000355e+00
4.772467590603571286e-01 -1.031469939854873896e+00 0.000000000000000000e+00 2.075923890682956907e-01 -3.908193559095662906e-02 0.000000000000000000e+00 9.500000000000000000e+00
4.952340946684521406e-01 -1.036190061975393650e+00 0.000000000000000000e+00 1.798733560809501197e-01 -4.720122120519754105e-02 0.000000000000000000e+00 9.600000000000001421e+00
5.132214302765472080e-01 -1.040910184095913404e+00 0.000000000000000000e+00 1.798733560809506749e-01 -4.720122120519754105e-02 0.000000000000000000e+00 9.700000000000001066e+00
5.312087658846421645e-01 -1.045630306216433381e+00 0.000000000000000000e+00 1.798733560809495646e-01 -4.720122120519976150e-02 0.000000000000000000e+00 9.800000000000000711e+00
5.491961014927372320e-01 -1.050350428336953135e+00 0.000000000000000000e+00 1.798733560809506749e-01 -4.720122120519754105e-02 0.000000000000000000e+00 9.900000000000000355e+00
5.679637666201672319e-01 -1.055296055123140286e+00 0.000000000000000000e+00 1.876766512742999993e-01 -4.945626786187151680e-02 0.000000000000000000e+00 1.000000000000000000e+01
5.870729726286949557e-01 -1.060340382599606723e+00 0.000000000000000000e+00 1.910920600852772377e-01 -5.044327476466436977e-02 0.000000000000000000e+00 1.010000000000000142e+01
6.061821786372225684e-01 -1.065384710076073160e+00 0.000000000000000000e+00 1.910920600852761275e-01 -5.044327476466436977e-02 0.000000000000000000e+00 1.020000000000000107e+01
6.252913846457501812e-01 -1.070429037552539597e+00 0.000000000000000000e+00 1.910920600852761275e-01 -5.044327476466436977e-02 0.000000000000000000e+00 1.030000000000000071e+01
6.443734937908934812e-01 -1.075465698862865249e+00 0.000000000000000000e+00 1.908210914514330003e-01 -5.036661310325651897e-02 0.000000000000000000e+00 1.040000000000000036e+01
6.630517973256393471e-01 -1.080388116658950848e+00 0.000000000000000000e+00 1.867830353474586591e-01 -4.922417796085598596e-02 0.000000000000000000e+00 1.050000000000000000e+01
6.817301008603851020e-01 -1.085310534455036224e+00 0.000000000000000000e+00 1.867830353474575489e-01 -4.922417796085376551e-02 0.000000000000000000e+00 1.060000000000000142e+01
7.004084043951309679e-01 -1.090232952251121823e+00 0.000000000000000000e+00 1.867830353474586591e-01 -4.922417796085598596e-02 0.000000000000000000e+00 1.070000000000000107e+01
7.190867079298768338e-01 -1.095155370047207422e+00 0.000000000000000000e+00 1.867830353474586591e-01 -4.922417796085598596e-02 0.000000000000000000e+00 1.080000000000000071e+01
7.368974486592403395e-01 -1.099838213194120451e+00 0.000000000000000000e+00 1.781074072936350561e-01 -4.682843146913029386e-02 0.000000000000000000e+00 1.090000000000000036e+01
7.539511475197570034e-01 -1.104312001689297995e+00 0.000000000000000000e+00 1.705369886051666395e-01 -4.473788495177544178e-02 0.000000000000000000e+00 1.100000000000000000e+01
7.710048463802736674e-01 -1.108785790184475317e+00 0.000000000000000000e+00 1.705369886051666395e-01 -4.473788495177322133e-02 0.000000000000000000e+00 1.110000000000000142e+01
7.880585452407903313e-01 -1.113259578679652861e+00 0.000000000000000000e+00 1.705369886051666395e-01 -4.473788495177544178e-02 0.000000000000000000e+00 1.120000000000000107e+01
8.058993583413217587e-01 -1.117959545174327385e+00 0.000000000000000000e+00 1.784081310053142744e-01 -4.699966494674523432e-02 0.000000000000000000e+00 1.130000000000000071e+01
8.249221982706325118e-01 -1.122999168163438810e+00 0.000000000000000000e+00 1.902283992931075307e-01 -5.039622989111425255e-02 0.000000000000000000e+00 1.140000000000000036e+01
8.439450381999431539e-01 -1.128038791152550457e+00 0.000000000000000000e+00 1.902283992931064205e-01 -5.039622989111647300e-02 0.000000000000000000e+00 1.150000000000000000e+01
8.629678781292537959e-01 -1.133078414141661883e+00 0.000000000000000000e+00 1.902283992931064205e-01 -5.039622989111425255e-02 0.000000000000000000e+00 1.160000000000000142e+01
8.819907180585644380e-01 -1.138118037130773308e+00 0.000000000000000000e+00 1.902283992931064205e-01 -5.039622989111425255e-02 0.000000000000000000e+00 1.170000000000000107e+01
9.031446040214528015e-01 -1.143781113089539225e+00 0.000000000000000000e+00 2.115388596288836354e-01 -5.663075958765917406e-02 0.000000000000000000e+00 1.180000000000000071e+01
9.247115889459797122e-01 -1.149565044144974513e+00 0.000000000000000000e+00 2.156698492452691074e-01 -5.783931055435287405e-02 0.000000000000000000e+00 1.190000000000000036e+01
9.462785738705065119e-01 -1.155348975200409578e+00 0.000000000000000000e+00 2.156698492452679972e-01 -5.783931055435065360e-02 0.000000000000000000e+00 1.200000000000000000e+01
9.678455587950334227e-01 -1.161132906255844865e+00 0.000000000000000000e+00 2.156698492452691074e-01 -5.783931055435287405e-02 0.000000000000000000e+00 1.210000000000000142e+01
9.894125437195603334e-01 -1.166916837311279931e+00 0.000000000000000000e+00 2.156698492452691074e-01 -5.783931055435065360e-02 0.000000000000000000e+00 1.220000000000000107e+01
1.009764244525250820e+00 -1.172360310062950495e+00 0.000000000000000000e+00 2.035170080569048690e-01 -5.443472751670563881e-02 0.000000000000000000e+00 1.230000000000000071e+01
1.028828722531108131e+00 -1.177443171099050945e+00 0.000000000000000000e+00 1.906447800585731045e-01 -5.082861036100450036e-02 0.000000000000000000e+00 1.240000000000000036e+01
1.047893200536965219e+00 -1.182526032135151395e+00 0.000000000000000000e+00 1.906447800585708841e-01 -5.082861036100450036e-02 0.000000000000000000e+00 1.250000000000000000e+01
1.066957678542822530e+00 -1.187608893171251845e+00 0.000000000000000000e+00 1.906447800585731045e-01 -5.082861036100450036e-02 0.000000000000000000e+00 1.260000000000000142e+01
1.086022156548679618e+00 -1.192691754207352517e+00 0.000000000000000000e+00 1.906447800585708841e-01 -5.082861036100672081e-02 0.000000000000000000e+00 1.270000000000000107e+01
1.105001629470744540e+00 -1.197736311358577499e+00 0.000000000000000000e+00 1.897947292206492165e-01 -5.044557151224982050e-02 0.000000000000000000e+00 1.280000000000000071e+01
1.123973318274267275e+00 -1.202777360931582606e+00 0.000000000000000000e+00 1.897168880352273490e-01 -5.041049573005107476e-02 0.000000000000000000e+00 1.290000000000000036e+01
1.142945007077789787e+00 -1.207818410504587936e+00 0.000000000000000000e+00 1.897168880352251286e-01 -5.041049573005329520e-02 0.000000000000000000e+00 1.300000000000000000e+01
1.161916695881312522e+00 -1.212859460077593043e+00 0.000000000000000000e+00 1.897168880352273490e-01 -5.041049573005107476e-02 0.000000000000000000e+00 1.310000000000000142e+01
1.180832734440135479e+00 -1.217891097793008859e+00 0.000000000000000000e+00 1.891603855882295626e-01 -5.031637715415815393e-02 0.000000000000000000e+00 1.320000000000000107e+01
1.199624464784614597e+00 -1.222901711859438523e+00 0.000000000000000000e+00 1.879173034447911839e-01 -5.010614066429663893e-02 0.000000000000000000e+00 1.330000000000000071e+01
1.218416195129093715e+00 -1.227912325925868187e+00 0.000000000000000000e+00 1.879173034447911839e-01 -5.010614066429663893e-02 0.000000000000000000e+00 1.340000000000000036e+01
1.237207925473572834e+00 -1.232922939992297851e+00 0.000000000000000000e+00 1.879173034447911839e-01 -5.010614066429663893e-02 0.000000000000000000e+00 1.350000000000000000e+01
1.255999655818052174e+00 -1.237933554058727514e+00 0.000000000000000000e+00 1.879173034447934043e-01 -5.010614066429663893e-02 0.000000000000000000e+00 1.360000000000000142e+01
1.274797458462971989e+00 -1.242948560534678837e+00 0.000000000000000000e+00 1.879780264491981434e-01 -5.015006475951322429e-02 0.000000000000000000e+00 1.370000000000000107e+01
1.293597358130641695e+00 -1.247965083895834271e+00 0.000000000000000000e+00 1.879989966766970610e-01 -5.016523361155433847e-02 0.000000000000000000e+00 1.380000000000000071e+01
1.312397257798311401e+00 -1.252981607256989705e+00 0.000000000000000000e+00 1.879989966766970610e-01 -5.016523361155433847e-02 0.000000000000000000e+00 1.390000000000000036e+01
1.331197157465981107e+00 -1.257998130618145138e+00 0.000000000000000000e+00 1.879989966766970610e-01 -5.016523361155433847e-02 0.000000000000000000e+00 1.400000000000000000e+01
1.349962391087242253e+00 -1.263008269829784203e+00 0.000000000000000000e+00 1.876523362126114591e-01 -5.010139211639064172e-02 0.000000000000000000e+00 1.410000000000000142e+01
1.368562494359805815e+00 -1.267987998396281624e+00 0.000000000000000000e+00 1.860010327256356177e-01 -4.979728566497421127e-02 0.000000000000000000e+00 1.420000000000000107e+01
1.387162597632369154e+00 -1.272967726962779045e+00 0.000000000000000000e+00 1.860010327256333973e-01 -4.979728566497421127e-02 0.000000000000000000e+00 1.430000000000000071e+01
1.405762700904932716e+00 -1.277947455529276688e+00 0.000000000000000000e+00 1.860010327256356177e-01 -4.979728566497643172e-02 0.000000000000000000e+00 1.440000000000000036e+01
1.424362804177496056e+00 -1.282927184095774109e+00 0.000000000000000000e+00 1.860010327256333973e-01 -4.979728566497421127e-02 0.000000000000000000e+00 1.450000000000000000e+01
1.442903490635440100e+00 -1.288024229295167800e+00 0.000000000000000000e+00 1.854068645794404446e-01 -5.097045199393690496e-02 0.000000000000000000e+00 1.460000000000000142e+01
1.461411736689310903e+00 -1.293185327052747136e+00 0.000000000000000000e+00 1.850824605387080268e-01 -5.161097757579335976e-02 0.000000000000000000e+00 1.470000000000000107e+01
1.479919982743181928e+00 -1.298346424810326694e+00 0.000000000000000000e+00 1.850824605387102473e-01 -5.161097757579558021e-02 0.000000000000000000e+00 1.480000000000000071e+01
1.498428228797052952e+00 -1.303507522567906030e+00 0.000000000000000000e+00 1.850824605387102473e-01 -5.161097757579335976e-02 0.000000000000000000e+00 1.490000000000000036e+01
1.517182392844017569e+00 -1.309485704256781124e+00 0.000000000000000000e+00 1.875416404696461647e-01 -5.978181688875094935e-02 0.000000000000000000e+00 1.500000000000000000e+01
1.536833202002705789e+00 -1.318443067353439080e+00 0.000000000000000000e+00 1.965080915868822053e-01 -8.957363096657955381e-02 0.000000000000000000e+00 1.510000000000000142e+01
1.556484011161394010e+00 -1.327400430450097035e+00 0.000000000000000000e+00 1.965080915868822053e-01 -8.957363096657955381e-02 0.000000000000000000e+00 1.520000000000000107e+01
1.576134820320082230e+00 -1.336357793546754991e+00 0.000000000000000000e+00 1.965080915868822053e-01 -8.957363096657955381e-02 0.000000000000000000e+00 1.530000000000000071e+01
1.595785629478770451e+00 -1.345315156643412946e+00 0.000000000000000000e+00 1.965080915868822053e-01 -8.957363096657955381e-02 0.000000000000000000e+00 1.540000000000000036e+01
1.615280864193820332e+00 -1.354203038829516315e+00 0.000000000000000000e+00 1.949523471504988059e-01 -8.887882186103368554e-02 0.000000000000000000e+00 1.550000000000000000e+01
1.632781734123940787e+00 -1.362200220216734259e+00 0.000000000000000000e+00 1.750086993012045511e-01 -7.997181387217944248e-02 0.000000000000000000e+00 1.560000000000000142e+01
1.650282604054061020e+00 -1.370197401603952425e+00 0.000000000000000000e+00 1.750086993012023306e-01 -7.997181387218166293e-02 0.000000000000000000e+00 1.570000000000000107e+01
1.667783473984181475e+00 -1.378194582991170369e+00 0.000000000000000000e+00 1.750086993012045511e-01 -7.997181387217944248e-02 0.000000000000000000e+00 1.580000000000000071e+01
1.685284343914301708e+00 -1.386191764378388314e+00 0.000000000000000000e+00 1.750086993012023306e-01 -7.997181387217944248e-02 0.000000000000000000e+00 1.590000000000000036e+01
1.702559577433823135e+00 -1.394040982613374391e+00 0.000000000000000000e+00 1.727523351952142683e-01 -7.849218234986077292e-02 0.000000000000000000e+00 1.600000000000000000e+01
1.719666751774931335e+00 -1.401779994495877313e+00 0.000000000000000000e+00 1.710717434110820001e-01 -7.739011882502921935e-02 0.000000000000000000e+00 1.610000000000000142e+01
1.736773926116039979e+00 -1.409519006378380457e+00 0.000000000000000000e+00 1.710717434110864410e-01 -7.739011882503143980e-02 0.000000000000000000e+00 1.619999999999999929e+01
1.753881100457148401e+00 -1.417258018260883379e+00 0.000000000000000000e+00 1.710717434110842206e-01 -7.739011882502921935e-02 0.000000000000000000e+00 1.630000000000000071e+01
1.771226401193372935e+00 -1.425079579275090991e+00 0.000000000000000000e+00 1.734530073622453372e-01 -7.821561014207611962e-02 0.000000000000000000e+00 1.640000000000000213e+01
1.789656270037919272e+00 -1.433277117742669748e+00 0.000000000000000000e+00 1.842986884454633767e-01 -8.197538467578757704e-02 0.000000000000000000e+00 1.650000000000000000e+01
1.808086138882465610e+00 -1.441474656210248506e+00 0.000000000000000000e+00 1.842986884454633767e-01 -8.197538467578757704e-02 0.000000000000000000e+00 1.660000000000000142e+01
1.826516007727011948e+00 -1.449672194677827264e+00 0.000000000000000000e+00 1.842986884454633767e-01 -8.197538467578757704e-02 0.000000000000000000e+00 1.669999999999999929e+01
1.844945876571558285e+00 -1.457869733145406022e+00 0.000000000000000000e+00 1.842986884454633767e-01 -8.197538467578757704e-02 0.000000000000000000e+00 1.680000000000000071e+01
1.862784333287119454e+00 -1.465784548476117610e+00 0.000000000000000000e+00 1.783845671556116841e-01 -7.914815330711588715e-02 0.000000000000000000e+00 1.690000000000000213e+01
1.879922152308274308e+00 -1.473364425652771148e+00 0.000000000000000000e+00 1.713781902115485423e-01 -7.579877176653537774e-02 0.000000000000000000e+00 1.700000000000000000e+01
1.897059971329429162e+00 -1.480944302829424686e+00 0.000000000000000000e+00 1.713781902115485423e-01 -7.579877176653537774e-02 0.000000000000000000e+00 1.710000000000000142e+01
1.914197790350584016e+00 -1.488524180006078446e+00 0.000000000000000000e+00 1.713781902115485423e-01 -7.579877176653759818e-02 0.000000000000000000e+00 1.719999999999999929e+01
1.931426203093582705e+00 -1.496132034319545889e+00 0.000000000000000000e+00 1.722841274299868886e-01 -7.607854313467443674e-02 0.000000000000000000e+00 1.730000000000000071e+01
1.949855207648760747e+00 -1.504110655179561107e+00 0.000000000000000000e+00 1.842900455517804126e-01 -7.978620860015217531e-02 0.000000000000000000e+00 1.740000000000000213e+01
1.968284212203938788e+00 -1.512089276039576546e+00 0.000000000000000000e+00 1.842900455517804126e-01 -7.978620860015439575e-02 0.000000000000000000e+00 1.750000000000000000e+01
1.986713216759116829e+00 -1.520067896899591764e+00 0.000000000000000000e+00 1.842900455517804126e-01 -7.978620860015217531e-02 0.000000000000000000e+00 1.760000000000000142e+01
2.005142221314294648e+00 -1.528046517759607204e+00 0.000000000000000000e+00 1.842900455517781921e-01 -7.978620860015439575e-02 0.000000000000000000e+00 1.769999999999999929e+01
2.023411756194536615e+00 -1.535928909401127251e+00 0.000000000000000000e+00 1.826953488024196659e-01 -7.882391641520047898e-02 0.000000000000000000e+00 1.780000000000000071e+01
2.041402074836496716e+00 -1.543642812830629651e+00 0.000000000000000000e+00 1.799031864196010133e-01 -7.713903429502400044e-02 0.000000000000000000e+00 1.790000000000000213e+01
2.059392393478456817e+00 -1.551356716260132274e+00 0.000000000000000000e+00 1.799031864196010133e-01 -7.713903429502622089e-02 0.000000000000000000e+00 1.800000000000000000e+01
2.077382712120416475e+00 -1.559070619689634674e+00 0.000000000000000000e+00 1.799031864195965724e-01 -7.713903429502400044e-02 0.000000000000000000e+00 1.810000000000000142e+01
2.095373030762376576e+00 -1.566784523119137296e+00 0.000000000000000000e+00 1.799031864196010133e-01 -7.713903429502622089e-02 0.000000000000000000e+00 1.819999999999999929e+01
2.113426765632276716e+00 -1.574442282348362809e+00 0.000000000000000000e+00 1.805373486990013987e-01 -7.657759229225513664e-02 0.000000000000000000e+00 1.830000000000000071e+01
2.131499095866632221e+00 -1.582083578569615012e+00 0.000000000000000000e+00 1.807233023435550479e-01 -7.641296221252202869e-02 0.000000000000000000e+00 1.840000000000000213e+01
2.149571426100987726e+00 -1.589724874790867437e+00 0.000000000000000000e+00 1.807233023435550479e-01 -7.641296221252424914e-02 0.000000000000000000e+00 1.850000000000000000e+01
2.167643756335343674e+00 -1.597366171012119640e+00 0.000000000000000000e+00 1.807233023435594887e-01 -7.641296221252202869e-02 0.000000000000000000e+00 1.860000000000000142e+01
2.185416737712208235e+00 -1.604892203631797631e+00 0.000000000000000000e+00 1.777298137686456059e-01 -7.526032619677991420e-02 0.000000000000000000e+00 1.869999999999999929e+01
2.201683954030923207e+00 -1.611838444816219296e+00 0.000000000000000000e+00 1.626721631871497209e-01 -6.946241184421664272e-02 0.000000000000000000e+00 1.880000000000000071e+01
2.217951170349638623e+00 -1.618784686000641182e+00 0.000000000000000000e+00 1.626721631871541618e-01 -6.946241184421886317e-02 0.000000000000000000e+00 1.890000000000000213e+01
2.234218386668354039e+00 -1.625730927185062846e+00 0.000000000000000000e+00 1.626721631871541618e-01 -6.946241184421664272e-02 0.000000000000000000e+00 1.900000000000000000e+01
2.250494177054767952e+00 -1.632668832521595670e+00 0.000000000000000000e+00 1.627579038641391307e-01 -6.937905336532823597e-02 0.000000000000000000e+00 1.910000000000000142e+01
2.267341368731944140e+00 -1.639051212241723121e+00 0.000000000000000000e+00 1.684719167717618760e-01 -6.382379720127451250e-02 0.000000000000000000e+00 1.920000000000000284e+01
2.284188560409120328e+00 -1.645433591961850794e+00 0.000000000000000000e+00 1.684719167717618760e-01 -6.382379720127673295e-02 0.000000000000000000e+00 1.930000000000000071e+01
2.301035752086296959e+00 -1.651815971681978246e+00 0.000000000000000000e+00 1.684719167717663169e-01 -6.382379720127451250e-02 0.000000000000000000e+00 1.940000000000000213e+01
2.317882943763473147e+00 -1.658198351402105697e+00 0.000000000000000000e+00 1.684719167717618760e-01 -6.382379720127451250e-02 0.000000000000000000e+00 1.950000000000000000e+01
2.335178085009971038e+00 -1.660862239534362628e+00 0.000000000000000000e+00 1.729514124649789153e-01 -2.663888132256930774e-02 0.000000000000000000e+00 1.960000000000000142e+01
2.352630313284259422e+00 -1.662222126432087110e+00 0.000000000000000000e+00 1.745222827428838386e-01 -1.359886897724482679e-02 0.000000000000000000e+00 1.970000000000000284e+01
2.370082541558547806e+00 -1.663582013329811371e+00 0.000000000000000000e+00 1.745222827428838386e-01 -1.359886897724260635e-02 0.000000000000000000e+00 1.980000000000000071e+01
2.387534769832836634e+00 -1.664941900227535854e+00 0.000000000000000000e+00 1.745222827428882795e-01 -1.359886897724482679e-02 0.000000000000000000e+00 1.990000000000000213e+01
2.406415623847075747e+00 -1.665985356628510772e+00 0.000000000000000000e+00 1.888085401423911236e-01 -1.043456400974918097e-02 0.000000000000000000e+00 2.000000000000000000e+01
2.426038705844991927e+00 -1.666864414780869330e+00 0.000000000000000000e+00 1.962308199791618080e-01 -8.790581523585583312e-03 0.000000000000000000e+00 2.010000000000000142e+01
2.445661787842908552e+00 -1.667743472933228110e+00 0.000000000000000000e+00 1.962308199791662489e-01 -8.790581523587803758e-03 0.000000000000000000e+00 2.020000000000000284e+01
2.465284869840824733e+00 -1.668622531085586669e+00 0.000000000000000000e+00 1.962308199791618080e-01 -8.790581523585583312e-03 0.000000000000000000e+00 2.030000000000000071e+01
2.485230906503265391e+00 -1.669544717744109619e+00 0.000000000000000000e+00 1.994603666244065820e-01 -9.221866585229498980e-03 0.000000000000000000e+00 2.040000000000000213e+01
2.507478644477281637e+00 -1.670774281722453569e+00 0.000000000000000000e+00 2.224773797401624620e-01 -1.229563978343950481e-02 0.000000000000000000e+00 2.050000000000000000e+01
2.529726382451297884e+00 -1.672003845700797520e+00 0.000000000000000000e+00 2.224773797401624620e-01 -1.229563978343950481e-02 0.000000000000000000e+00 2.060000000000000142e+01
2.551974120425314130e+00 -1.673233409679141470e+00 0.000000000000000000e+00 2.224773797401624620e-01 -1.229563978343950481e-02 0.000000000000000000e+00 2.070000000000000284e+01
2.574221858399329932e+00 -1.674462973657485421e+00 0.000000000000000000e+00 2.224773797401580211e-01 -1.229563978343950481e-02 0.000000000000000000e+00 2.080000000000000071e+01
2.596469596373346178e+00 -1.675692537635829371e+00 0.000000000000000000e+00 2.224773797401624620e-01 -1.229563978343950481e-02 0.000000000000000000e+00 2.090000000000000213e+01
2.616750585803582219e+00 -1.676912829187644283e+00 0.000000000000000000e+00 2.028098943023604050e-01 -1.220291551814911557e-02 0.000000000000000000e+00 2.100000000000000000e+01
2.636440805884578520e+00 -1.678130335500134018e+00 0.000000000000000000e+00 1.969022008099630128e-01 -1.217506312489735620e-02 0.000000000000000000e+00 2.110000000000000142e+01
2.656131025965574821e+00 -1.679347841812623976e+00 0.000000000000000000e+00 1.969022008099630128e-01 -1.217506312489957665e-02 0.000000000000000000e+00 2.120000000000000284e+01
2.675821246046570678e+00 -1.680565348125113934e+00 0.000000000000000000e+00 1.969022008099585719e-01 -1.217506312489957665e-02 0.000000000000000000e+00 2.130000000000000071e+01
2.695951445256630219e+00 -1.681848194231684523e+00 0.000000000000000000e+00 2.013019921005954060e-01 -1.282846106570589839e-02 0.000000000000000000e+00 2.140000000000000213e+01
2.717598794299232789e+00 -1.683356347065551040e+00 0.000000000000000000e+00 2.164734904260257053e-01 -1.508152833866516218e-02 0.000000000000000000e+00 2.150000000000000000e+01
2.739246143341834916e+00 -1.684864499899417778e+00 0.000000000000000000e+00 2.164734904260212645e-01 -1.508152833866738263e-02 0.000000000000000000e+00 2.160000000000000142e+01
2.760893492384437486e+00 -1.686372652733284516e+00 0.000000000000000000e+00 2.164734904260257053e-01 -1.508152833866738263e-02 0.000000000000000000e+00 2.170000000000000284e+01
2.782540841427039613e+00 -1.687880805567151254e+00 0.000000000000000000e+00 2.164734904260212645e-01 -1.508152833866738263e-02 0.000000000000000000e+00 2.180000000000000071e+01
2.804175845906895947e+00 -1.689407808996031379e+00 0.000000000000000000e+00 2.163500447985633457e-01 -1.527003428880124858e-02 0.000000000000000000e+00 2.190000000000000213e+01
2.825738892638224531e+00 -1.691044694516603997e+00 0.000000000000000000e+00 2.156304673132858341e-01 -1.636885520572617381e-02 0.000000000000000000e+00 2.200000000000000000e+01
2.847301939369553114e+00 -1.692681580037176836e+00 0.000000000000000000e+00 2.156304673132858341e-01 -1.636885520572839425e-02 0.000000000000000000e+00 2.210000000000000142e+01
2.868864986100881698e+00 -1.694318465557749676e+00 0.000000000000000000e+00 2.156304673132858341e-01 -1.636885520572839425e-02 0.000000000000000000e+00 2.220000000000000284e+01
2.890428032832210281e+00 -1.695955351078322293e+00 0.000000000000000000e+00 2.156304673132858341e-01 -1.636885520572617381e-02 0.000000000000000000e+00 2.230000000000000071e+01
2.911839156894843850e+00 -1.697581329548375262e+00 0.000000000000000000e+00 2.141112406263356860e-01 -1.625978470052968916e-02 0.000000000000000000e+00 2.240000000000000213e+01
2.931099517428243040e+00 -1.699052897312830046e+00 0.000000000000000000e+00 1.926036053339919007e-01 -1.471567764454784211e-02 0.000000000000000000e+00 2.250000000000000000e+01
2.950359877961642674e+00 -1.700524465077284830e+00 0.000000000000000000e+00 1.926036053339963416e-01 -1.471567764454784211e-02 0.000000000000000000e+00 2.260000000000000142e+01
2.969620238495041864e+00 -1.701996032841739614e+00 0.000000000000000000e+00 1.926036053339919007e-01 -1.471567764454784211e-02 0.000000000000000000e+00 2.270000000000000284e+01
2.988880599028441054e+00 -1.703467600606194621e+00 0.000000000000000000e+00 1.926036053339919007e-01 -1.471567764455006255e-02 0.000000000000000000e+00 2.280000000000000071e+01
3.008101024058563944e+00 -1.704980605220951073e+00 0.000000000000000000e+00 1.922042503012288961e-01 -1.513004614756452426e-02 0.000000000000000000e+00 2.290000000000000213e+01
3.027290656089840493e+00 -1.706525560475585790e+00 0.000000000000000000e+00 1.918963203127654893e-01 -1.544955254634716724e-02 0.000000000000000000e+00 2.300000000000000000e+01
3.046480288121117042e+00 -1.708070515730220507e+00 0.000000000000000000e+00 1.918963203127654893e-01 -1.544955254634716724e-02 0.000000000000000000e+00 2.310000000000000142e+01
3.065669920152393146e+00 -1.709615470984855445e+00 0.000000000000000000e+00 1.918963203127610484e-01 -1.544955254634938768e-02 0.000000000000000000e+00 2.320000000000000284e+01
3.084870137697925951e+00 -1.711169099063976740e+00 0.000000000000000000e+00 1.920021754553280502e-01 -1.553628079121294192e-02 0.000000000000000000e+00 2.330000000000000071e+01
3.104233212584726509e+00 -1.712856157896007536e+00 0.000000000000000000e+00 1.936307488680055755e-01 -1.687058832030796651e-02 0.000000000000000000e+00 2.340000000000000213e+01
3.123596287471527067e+00 -1.714543216728038333e+00 0.000000000000000000e+00 1.936307488680055755e-01 -1.687058832030796651e-02 0.000000000000000000e+00 2.350000000000000000e+01
3.142959362358327624e+00 -1.716230275560069130e+00 0.000000000000000000e+00 1.936307488680055755e-01 -1.687058832030796651e-02 0.000000000000000000e+00 2.360000000000000142e+01
3.162322437245128182e+00 -1.717917334392100148e+00 0.000000000000000000e+00 1.936307488680055755e-01 -1.687058832031018696e-02 0.000000000000000000e+00 2.370000000000000284e+01
3.181863684686366156e+00 -1.719670705356927121e+00 0.000000000000000000e+00 1.954124744123797441e-01 -1.753370964826972411e-02 0.000000000000000000e+00 2.380000000000000071e+01
3.201576928517341436e+00 -1.721488089814026790e+00 0.000000000000000000e+00 1.971324383097527999e-01 -1.817384457099668893e-02 0.000000000000000000e+00 2.390000000000000213e+01
3.221290172348316716e+00 -1.723305474271126680e+00 0.000000000000000000e+00 1.971324383097527999e-01 -1.817384457099890938e-02 0.000000000000000000e+00 2.400000000000000000e+01
3.241003416179291996e+00 -1.725122858728226349e+00 0.000000000000000000e+00 1.971324383097527999e-01 -1.817384457099668893e-02 0.000000000000000000e+00 2.410000000000000142e+01
3.260716660010266832e+00 -1.726940243185326018e+00 0.000000000000000000e+00 1.971324383097483590e-01 -1.817384457099668893e-02 0.000000000000000000e+00 2.420000000000000284e+01
3.279282821774755163e+00 -1.728576812516038341e+00 0.000000000000000000e+00 1.856616176448833144e-01 -1.636569330712323023e-02 0.000000000000000000e+00 2.430000000000000071e+01
3.297682053816557435e+00 -1.730187068630122615e+00 0.000000000000000000e+00 1.839923204180227145e-01 -1.610256114084274159e-02 0.000000000000000000e+00 2.440000000000000213e+01
3.316081285858359706e+00 -1.731797324744207112e+00 0.000000000000000000e+00 1.839923204180227145e-01 -1.610256114084496204e-02 0.000000000000000000e+00 2.450000000000000000e+01
3.334480517900161534e+00 -1.733407580858291608e+00 0.000000000000000000e+00 1.839923204180182736e-01 -1.610256114084496204e-02 0.000000000000000000e+00 2.460000000000000142e+01
3.354567206918926736e+00 -1.735460032664162933e+00 0.000000000000000000e+00 2.008668901876520252e-01 -2.052451805871324808e-02 0.000000000000000000e+00 2.470000000000000284e+01
3.375951452078828297e+00 -1.737852507204418195e+00 0.000000000000000000e+00 2.138424515990156038e-01 -2.392474540255262738e-02 0.000000000000000000e+00 2.480000000000000071e+01
3.397335697238729413e+00 -1.740244981744673458e+00 0.000000000000000000e+00 2.138424515990111630e-01 -2.392474540255262738e-02 0.000000000000000000e+00 2.490000000000000213e+01
3.418719942398630973e+00 -1.742637456284928943e+00 0.000000000000000000e+00 2.138424515990156038e-01 -2.392474540255484783e-02 0.000000000000000000e+00 2.500000000000000000e+01
3.440104187558532534e+00 -1.745029930825184206e+00 0.000000000000000000e+00 2.138424515990156038e-01 -2.392474540255262738e-02 0.000000000000000000e+00 2.510000000000000142e+01
3.460746038012963766e+00 -1.747278387961622714e+00 0.000000000000000000e+00 2.064185045443123201e-01 -2.248457136438508641e-02 0.000000000000000000e+00 2.520000000000000284e+01
3.480650542700997274e+00 -1.749383807139668123e+00 0.000000000000000000e+00 1.990450468803350859e-01 -2.105419178045409012e-02 0.000000000000000000e+00 2.530000000000000071e+01
3.500555047389030339e+00 -1.751489226317713754e+00 0.000000000000000000e+00 1.990450468803306450e-01 -2.105419178045631057e-02 0.000000000000000000e+00 2.540000000000000213e+01
3.520459552077063847e+00 -1.753594645495759163e+00 0.000000000000000000e+00 1.990450468803350859e-01 -2.105419178045409012e-02 0.000000000000000000e+00 2.550000000000000000e+01
3.540364056765097356e+00 -1.755700064673804572e+00 0.000000000000000000e+00 1.990450468803350859e-01 -2.105419178045409012e-02 0.000000000000000000e+00 2.560000000000000142e+01
3.558976348005538526e+00 -1.759483799994391306e+00 0.000000000000000000e+00 1.861229124044117000e-01 -3.783735320586734119e-02 0.000000000000000000e+00 2.570000000000000284e+01
3.577280782000882731e+00 -1.763667377759744470e+00 0.000000000000000000e+00 1.830443399534420479e-01 -4.183577765353163613e-02 0.000000000000000000e+00 2.580000000000000071e+01
3.595585215996226935e+00 -1.767850955525097634e+00 0.000000000000000000e+00 1.830443399534420479e-01 -4.183577765353163613e-02 0.000000000000000000e+00 2.590000000000000213e+01
3.613889649991571140e+00 -1.772034533290450797e+00 0.000000000000000000e+00 1.830443399534420479e-01 -4.183577765353163613e-02 0.000000000000000000e+00 2.600000000000000000e+01
3.631969912414100499e+00 -1.776814182979958190e+00 0.000000000000000000e+00 1.808026242252935845e-01 -4.779649689507392551e-02 0.000000000000000000e+00 2.610000000000000142e+01
3.646940126226742240e+00 -1.789863447928125240e+00 0.000000000000000000e+00 1.497021381264174167e-01 -1.304926494816704974e-01 0.000000000000000000e+00 2.620000000000000284e+01
3.661910340039384426e+00 -1.802912712876292289e+00 0.000000000000000000e+00 1.497021381264218576e-01 -1.304926494816704974e-01 0.000000000000000000e+00 2.630000000000000071e+01
3.676880553852026612e+00 -1.815961977824459339e+00 0.000000000000000000e+00 1.497021381264218576e-01 -1.304926494816704974e-01 0.000000000000000000e+00 2.640000000000000213e+01
3.691850767664668798e+00 -1.829011242772626389e+00 0.000000000000000000e+00 1.497021381264218576e-01 -1.304926494816704974e-01 0.000000000000000000e+00 2.650000000000000000e+01
3.706584734662237590e+00 -1.843531009659416187e+00 0.000000000000000000e+00 1.473396699756879258e-01 -1.451976688678979777e-01 0.000000000000000000e+00 2.660000000000000142e+01
3.721031191179660969e+00 -1.859840365617686730e+00 0.000000000000000000e+00 1.444645651742337833e-01 -1.630935595827054385e-01 0.000000000000000000e+00 2.670000000000000284e+01
3.735477647697084347e+00 -1.876149721575957052e+00 0.000000000000000000e+00 1.444645651742337833e-01 -1.630935595827032181e-01 0.000000000000000000e+00 2.680000000000000071e+01
3.749924104214507725e+00 -1.892459077534227374e+00 0.000000000000000000e+00 1.444645651742337833e-01 -1.630935595827032181e-01 0.000000000000000000e+00 2.690000000000000213e+01
3.764370560731931104e+00 -1.908768433492497696e+00 0.000000000000000000e+00 1.444645651742337833e-01 -1.630935595827032181e-01 0.000000000000000000e+00 2.700000000000000000e+01
3.778684730234604494e+00 -1.924931197775142433e+00 0.000000000000000000e+00 1.431416950267339061e-01 -1.616276428264473708e-01 0.000000000000000000e+00 2.710000000000000142e+01
3.792685867965680302e+00 -1.940747081058097123e+00 0.000000000000000000e+00 1.400113773107580784e-01 -1.581588328295469026e-01 0.000000000000000000e+00 2.720000000000000284e+01
3.806687005696756110e+00 -1.956562964341051813e+00 0.000000000000000000e+00 1.400113773107580784e-01 -1.581588328295469026e-01 0.000000000000000000e+00 2.730000000000000071e+01
3.820688143427831918e+00 -1.972378847624006504e+00 0.000000000000000000e+00 1.400113773107580784e-01 -1.581588328295469026e-01 0.000000000000000000e+00 2.740000000000000213e+01
3.834689281158907725e+00 -1.988194730906961194e+00 0.000000000000000000e+00 1.400113773107580784e-01 -1.581588328295469026e-01 0.000000000000000000e+00 2.750000000000000000e+01
3.848260664364073325e+00 -2.003528631031796348e+00 0.000000000000000000e+00 1.357138320516559915e-01 -1.533390012483515363e-01 0.000000000000000000e+00 2.760000000000000142e+01
3.860694022945233783e+00 -2.017586200904765370e+00 0.000000000000000000e+00 1.243335858116045856e-01 -1.405756987296902238e-01 0.000000000000000000e+00 2.770000000000000284e+01
3.873127381526394686e+00 -2.031643770777734392e+00 0.000000000000000000e+00 1.243335858116090265e-01 -1.405756987296902238e-01 0.000000000000000000e+00 2.780000000000000071e+01
3.885560740107555144e+00 -2.045701340650703415e+00 0.000000000000000000e+00 1.243335858116045856e-01 -1.405756987296902238e-01 0.000000000000000000e+00 2.790000000000000213e+01
3.897994098688715603e+00 -2.059758910523672437e+00 0.000000000000000000e+00 1.243335858116045856e-01 -1.405756987296902238e-01 0.000000000000000000e+00 2.800000000000000000e+01
3.910604353963397006e+00 -2.074169961316876254e+00 0.000000000000000000e+00 1.261025527468140339e-01 -1.441105079320381677e-01 0.000000000000000000e+00 2.810000000000000142e+01
3.923234537950828216e+00 -2.088620834333896781e+00 0.000000000000000000e+00 1.263018398743120940e-01 -1.445087301702052685e-01 0.000000000000000000e+00 2.820000000000000284e+01
3.935864721938259425e+00 -2.103071707350917752e+00 0.000000000000000000e+00 1.263018398743120940e-01 -1.445087301702097093e-01 0.000000000000000000e+00 2.830000000000000071e+01
3.948494905925690635e+00 -2.117522580367938279e+00 0.000000000000000000e+00 1.263018398743120940e-01 -1.445087301702052685e-01 0.000000000000000000e+00 2.840000000000000213e+01
3.960894128449039542e+00 -2.131743903219920799e+00 0.000000000000000000e+00 1.239922252334890729e-01 -1.422132285198252077e-01 0.000000000000000000e+00 2.850000000000000000e+01
3.972931013102480868e+00 -2.145605102281696652e+00 0.000000000000000000e+00 1.203688465344132652e-01 -1.386119906177585293e-01 0.000000000000000000e+00 2.860000000000000142e+01
3.984967897755922639e+00 -2.159466301343472061e+00 0.000000000000000000e+00 1.203688465344177061e-01 -1.386119906177540884e-01 0.000000000000000000e+00 2.870000000000000284e+01
3.997004782409363965e+00 -2.173327500405247914e+00 0.000000000000000000e+00 1.203688465344132652e-01 -1.386119906177585293e-01 0.000000000000000000e+00 2.880000000000000071e+01
4.009051247379967542e+00 -2.187210606369669463e+00 0.000000000000000000e+00 1.204646497060357646e-01 -1.388310596442154932e-01 0.000000000000000000e+00 2.890000000000000213e+01
4.021204739630559466e+00 -2.201338447050438241e+00 0.000000000000000000e+00 1.215349225059192406e-01 -1.412784068076877730e-01 0.000000000000000000e+00 2.900000000000000000e+01
4.033358231881150502e+00 -2.215466287731207018e+00 0.000000000000000000e+00 1.215349225059103588e-01 -1.412784068076877730e-01 0.000000000000000000e+00 2.910000000000000142e+01
4.045511724131742426e+00 -2.229594128411975795e+00 0.000000000000000000e+00 1.215349225059192406e-01 -1.412784068076877730e-01 0.000000000000000000e+00 2.920000000000000284e+01
4.057665216382334350e+00 -2.243721969092745017e+00 0.000000000000000000e+00 1.215349225059192406e-01 -1.412784068076922139e-01 0.000000000000000000e+00 2.930000000000000071e+01
4.069689642566945764e+00 -2.257735562941985741e+00 0.000000000000000000e+00 1.202442618461141421e-01 -1.401359384924072415e-01 0.000000000000000000e+00 2.940000000000000213e+01
4.081662853237336464e+00 -2.271703821790269640e+00 0.000000000000000000e+00 1.197321067039069931e-01 -1.396825884828389874e-01 0.000000000000000000e+00 2.950000000000000000e+01
4.093636063907727163e+00 -2.285672080638553982e+00 0.000000000000000000e+00 1.197321067039069931e-01 -1.396825884828434283e-01 0.000000000000000000e+00 2.960000000000000142e+01
4.105609274578117862e+00 -2.299640339486837881e+00 0.000000000000000000e+00 1.197321067039069931e-01 -1.396825884828389874e-01 0.000000000000000000e+00 2.970000000000000284e+01
4.117560761389766455e+00 -2.313614511256020911e+00 0.000000000000000000e+00 1.195148681164859283e-01 -1.397417176918303028e-01 0.000000000000000000e+00 2.980000000000000071e+01
4.129481762183325522e+00 -2.327596980879448996e+00 0.000000000000000000e+00 1.192100079355906672e-01 -1.398246962342808430e-01 0.000000000000000000e+00 2.990000000000000213e+01
4.141402762976884588e+00 -2.341579450502877080e+00 0.000000000000000000e+00 1.192100079355906672e-01 -1.398246962342808430e-01 0.000000000000000000e+00 3.000000000000000000e+01
4.153323763770443655e+00 -2.355561920126305164e+00 0.000000000000000000e+00 1.192100079355906672e-01 -1.398246962342808430e-01 0.000000000000000000e+00 3.010000000000000142e+01
4.165224553178838995e+00 -2.369528324994761181e+00 0.000000000000000000e+00 1.190078940839534027e-01 -1.396640486845601714e-01 0.000000000000000000e+00 3.020000000000000284e+01
4.176991252317202807e+00 -2.383388149967046399e+00 0.000000000000000000e+00 1.176669913836381198e-01 -1.385982497228521737e-01 0.000000000000000000e+00 3.030000000000000071e+01
4.188757951455566619e+00 -2.397247974939332060e+00 0.000000000000000000e+00 1.176669913836381198e-01 -1.385982497228566146e-01 0.000000000000000000e+00 3.040000000000000213e+01
4.200524650593930431e+00 -2.411107799911617722e+00 0.000000000000000000e+00 1.176669913836381198e-01 -1.385982497228566146e-01 0.000000000000000000e+00 3.050000000000000000e+01
4.212291349732294243e+00 -2.424967624883902939e+00 0.000000000000000000e+00 1.176669913836381198e-01 -1.385982497228521737e-01 0.000000000000000000e+00 3.060000000000000142e+01
4.225504191880931515e+00 -2.440968812507918972e+00 0.000000000000000000e+00 1.321284214863727158e-01 -1.600118762401603334e-01 0.000000000000000000e+00 3.070000000000000284e+01
4.238875921337947439e+00 -2.457205271018409576e+00 0.000000000000000000e+00 1.337172945701592397e-01 -1.623645851049060340e-01 0.000000000000000000e+00 3.080000000000000071e+01
4.252247650794964251e+00 -2.473441729528900179e+00 0.000000000000000000e+00 1.337172945701681215e-01 -1.623645851049060340e-01 0.000000000000000000e+00 3.090000000000000213e+01
4.265619380251980175e+00 -2.489678188039390783e+00 0.000000000000000000e+00 1.337172945701592397e-01 -1.623645851049060340e-01 0.000000000000000000e+00 3.100000000000000000e+01
4.278991109708996099e+00 -2.505914646549881386e+00 0.000000000000000000e+00 1.337172945701592397e-01 -1.623645851049060340e-01 0.000000000000000000e+00 3.110000000000000142e+01
4.291027745149674111e+00 -2.520581628621821224e+00 0.000000000000000000e+00 1.203663544067801183e-01 -1.466698207193983805e-01 0.000000000000000000e+00 3.120000000000000284e+01
4.302921018848807400e+00 -2.535080081082520032e+00 0.000000000000000000e+00 1.189327369913328880e-01 -1.449845246069880744e-01 0.000000000000000000e+00 3.130000000000000071e+01
4.314814292547939800e+00 -2.549578533543218839e+00 0.000000000000000000e+00 1.189327369913240062e-01 -1.449845246069880744e-01 0.000000000000000000e+00 3.140000000000000213e+01
4.326707566247073089e+00 -2.564076986003917646e+00 0.000000000000000000e+00 1.189327369913328880e-01 -1.449845246069880744e-01 0.000000000000000000e+00 3.150000000000000000e+01
4.338554171726296538e+00 -2.578387039851173235e+00 0.000000000000000000e+00 1.184660547922344875e-01 -1.431005384725558827e-01 0.000000000000000000e+00 3.160000000000000142e+01
4.350370270626390479e+00 -2.592573939285856444e+00 0.000000000000000000e+00 1.181609890009394093e-01 -1.418689943468320891e-01 0.000000000000000000e+00 3.170000000000000284e+01
4.362186369526484420e+00 -2.606760838720539653e+00 0.000000000000000000e+00 1.181609890009394093e-01 -1.418689943468320891e-01 0.000000000000000000e+00 3.180000000000000071e+01
4.374002468426578361e+00 -2.620947738155222417e+00 0.000000000000000000e+00 1.181609890009394093e-01 -1.418689943468276482e-01 0.000000000000000000e+00 3.190000000000000213e+01
4.386013048445524198e+00 -2.636054604020133141e+00 0.000000000000000000e+00 1.201058001894583782e-01 -1.510686586491072347e-01 0.000000000000000000e+00 3.200000000000000000e+01
4.398447719185892169e+00 -2.653167573250686750e+00 0.000000000000000000e+00 1.243467074036797015e-01 -1.711296923055360963e-01 0.000000000000000000e+00 3.210000000000000142e+01
4.410882389926261027e+00 -2.670280542481240360e+00 0.000000000000000000e+00 1.243467074036885833e-01 -1.711296923055360963e-01 0.000000000000000000e+00 3.220000000000000284e+01
4.423317060666629885e+00 -2.687393511711793970e+00 0.000000000000000000e+00 1.243467074036885833e-01 -1.711296923055360963e-01 0.000000000000000000e+00 3.230000000000000426e+01
4.435751731406998744e+00 -2.704506480942347579e+00 0.000000000000000000e+00 1.243467074036885833e-01 -1.711296923055360963e-01 0.000000000000000000e+00 3.239999999999999858e+01
4.447698928978397248e+00 -2.721506653141784859e+00 0.000000000000000000e+00 1.194719757139850458e-01 -1.700017219943728009e-01 0.000000000000000000e+00 3.250000000000000000e+01
4.456251321891204320e+00 -2.737721297211506144e+00 0.000000000000000000e+00 8.552392912807071923e-02 -1.621464406972128458e-01 0.000000000000000000e+00 3.260000000000000142e+01
4.464803714804010504e+00 -2.753935941281226985e+00 0.000000000000000000e+00 8.552392912806183745e-02 -1.621464406972084049e-01 0.000000000000000000e+00 3.270000000000000284e+01
4.473356107716816688e+00 -2.770150585350947825e+00 0.000000000000000000e+00 8.552392912806183745e-02 -1.621464406972084049e-01 0.000000000000000000e+00 3.280000000000000426e+01
4.481908500629622871e+00 -2.786365229420669110e+00 0.000000000000000000e+00 8.552392912806183745e-02 -1.621464406972128458e-01 0.000000000000000000e+00 3.289999999999999858e+01
4.487136984760254244e+00 -2.803335908214894534e+00 0.000000000000000000e+00 5.228484130631372295e-02 -1.697067879422542447e-01 0.000000000000000000e+00 3.300000000000000000e+01
4.485108536439206262e+00 -2.821957201778176216e+00 0.000000000000000000e+00 -2.028448321047982006e-02 -1.862129356328168228e-01 0.000000000000000000e+00 3.310000000000000142e+01
4.483080088118158280e+00 -2.840578495341457455e+00 0.000000000000000000e+00 -2.028448321047982006e-02 -1.862129356328123819e-01 0.000000000000000000e+00 3.320000000000000284e+01
4.481051639797110298e+00 -2.859199788904739137e+00 0.000000000000000000e+00 -2.028448321047982006e-02 -1.862129356328168228e-01 0.000000000000000000e+00 3.330000000000000426e+01
4.479023191476063204e+00 -2.877821082468020375e+00 0.000000000000000000e+00 -2.028448321047093827e-02 -1.862129356328123819e-01 0.000000000000000000e+00 3.339999999999999858e+01
4.474150379154337998e+00 -2.896036728334910215e+00 0.000000000000000000e+00 -4.872812321725206175e-02 -1.821564586688984022e-01 0.000000000000000000e+00 3.350000000000000000e+01
4.468333202203710997e+00 -2.914117694063752317e+00 0.000000000000000000e+00 -5.817176950627001020e-02 -1.808096572884210218e-01 0.000000000000000000e+00 3.360000000000000142e+01
4.462516025253083107e+00 -2.932198659792594864e+00 0.000000000000000000e+00 -5.817176950627889198e-02 -1.808096572884254627e-01 0.000000000000000000e+00 3.370000000000000284e+01
4.456698848302456106e+00 -2.950279625521436966e+00 0.000000000000000000e+00 -5.817176950627001020e-02 -1.808096572884210218e-01 0.000000000000000000e+00 3.380000000000000426e+01
4.450672240217970810e+00 -2.968711717953994356e+00 0.000000000000000000e+00 -6.026608084485296501e-02 -1.843209243255738983e-01 0.000000000000000000e+00 3.389999999999999858e+01
4.443919759150945836e+00 -2.988360789844090259e+00 0.000000000000000000e+00 -6.752481067024973527e-02 -1.964907189009590383e-01 0.000000000000000000e+00 3.400000000000000000e+01
4.437167278083920863e+00 -3.008009861734186163e+00 0.000000000000000000e+00 -6.752481067024973527e-02 -1.964907189009590383e-01 0.000000000000000000e+00 3.410000000000000142e+01
4.430414797016895001e+00 -3.027658933624282067e+00 0.000000000000000000e+00 -6.752481067025861705e-02 -1.964907189009590383e-01 0.000000000000000000e+00 3.420000000000000284e+01
4.423662315949870028e+00 -3.047308005514377971e+00 0.000000000000000000e+00 -6.752481067024973527e-02 -1.964907189009590383e-01 0.000000000000000000e+00 3.430000000000000426e+01
4.416994264931014769e+00 -3.066687289629228541e+00 0.000000000000000000e+00 -6.668051018855258860e-02 -1.937928411485057012e-01 0.000000000000000000e+00 3.439999999999999858e+01
4.411028365492495773e+00 -3.083822918589888662e+00 0.000000000000000000e+00 -5.965899438518995623e-02 -1.713562896066012087e-01 0.000000000000000000e+00 3.450000000000000000e+01
4.405062466053975889e+00 -3.100958547550548339e+00 0.000000000000000000e+00 -5.965899438519883802e-02 -1.713562896065967678e-01 0.000000000000000000e+00 3.460000000000000142e+01
4.399096566615456005e+00 -3.118094176511208460e+00 0.000000000000000000e+00 -5.965899438519883802e-02 -1.713562896066012087e-01 0.000000000000000000e+00 3.470000000000000284e+01
4.393130667176937010e+00 -3.135229805471868580e+00 0.000000000000000000e+00 -5.965899438518995623e-02 -1.713562896066012087e-01 0.000000000000000000e+00 3.480000000000000426e+01
4.387231447641199544e+00 -3.152171879754856132e+00 0.000000000000000000e+00 -5.899219535737465492e-02 -1.694207428298755147e-01 0.000000000000000000e+00 3.489999999999999858e+01
4.381335021123589080e+00 -3.169105846621655953e+00 0.000000000000000000e+00 -5.896426517610464657e-02 -1.693396686679982110e-01 0.000000000000000000e+00 3.500000000000000000e+01
4.375438594605978615e+00 -3.186039813488455774e+00 0.000000000000000000e+00 -5.896426517610464657e-02 -1.693396686679982110e-01 0.000000000000000000e+00 3.510000000000000142e+01
4.369542168088368150e+00 -3.202973780355255595e+00 0.000000000000000000e+00 -5.896426517610464657e-02 -1.693396686679982110e-01 0.000000000000000000e+00 3.520000000000000284e+01
4.363500427222676947e+00 -3.220456529722281136e+00 0.000000000000000000e+00 -6.041740865691203055e-02 -1.748274936702554072e-01 0.000000000000000000e+00 3.530000000000000426e+01
4.357398064990681164e+00 -3.238168216874235839e+00 0.000000000000000000e+00 -6.102362231995783759e-02 -1.771168715195470256e-01 0.000000000000000000e+00 3.539999999999999858e+01
4.351295702758684492e+00 -3.255879904026190097e+00 0.000000000000000000e+00 -6.102362231996671937e-02 -1.771168715195425847e-01 0.000000000000000000e+00 3.550000000000000000e+01
4.345193340526688708e+00 -3.273591591178144800e+00 0.000000000000000000e+00 -6.102362231995783759e-02 -1.771168715195470256e-01 0.000000000000000000e+00 3.560000000000000142e+01
4.339152536044625919e+00 -3.291158488109578339e+00 0.000000000000000000e+00 -6.040804482062789305e-02 -1.756689693143353992e-01 0.000000000000000000e+00 3.570000000000000284e+01
4.333279678263949997e+00 -3.308330356958340435e+00 0.000000000000000000e+00 -5.872857780675921902e-02 -1.717186884876209518e-01 0.000000000000000000e+00 3.580000000000000426e+01
4.327406820483274963e+00 -3.325502225807102530e+00 0.000000000000000000e+00 -5.872857780675033723e-02 -1.717186884876209518e-01 0.000000000000000000e+00 3.589999999999999858e+01
4.321533962702599041e+00 -3.342674094655864625e+00 0.000000000000000000e+00 -5.872857780675921902e-02 -1.717186884876209518e-01 0.000000000000000000e+00 3.600000000000000000e+01
4.315640129060826169e+00 -3.359916262641865270e+00 0.000000000000000000e+00 -5.893833641772872056e-02 -1.724216798600064493e-01 0.000000000000000000e+00 3.610000000000000142e+01
4.309073115182965985e+00 -3.379414547293696280e+00 0.000000000000000000e+00 -6.567013877860183868e-02 -1.949828465183101045e-01 0.000000000000000000e+00 3.620000000000000284e+01
4.302506101305106689e+00 -3.398912831945527291e+00 0.000000000000000000e+00 -6.567013877859295690e-02 -1.949828465183101045e-01 0.000000000000000000e+00 3.630000000000000426e+01
4.295939087427247394e+00 -3.418411116597358301e+00 0.000000000000000000e+00 -6.567013877859295690e-02 -1.949828465183101045e-01 0.000000000000000000e+00 3.639999999999999858e+01
4.289372073549388098e+00 -3.437909401249188868e+00 0.000000000000000000e+00 -6.567013877859295690e-02 -1.949828465183056636e-01 0.000000000000000000e+00 3.650000000000000000e+01
4.282861130987114073e+00 -3.457246710021203207e+00 0.000000000000000000e+00 -6.510942562274024681e-02 -1.933730877201433884e-01 0.000000000000000000e+00 3.660000000000000142e+01
4.277070107098746909e+00 -3.474517194772444029e+00 0.000000000000000000e+00 -5.791023888367163863e-02 -1.727048475124082216e-01 0.000000000000000000e+00 3.670000000000000284e+01
4.271279083210379746e+00 -3.491787679523685295e+00 0.000000000000000000e+00 -5.791023888367163863e-02 -1.727048475124126625e-01 0.000000000000000000e+00 3.680000000000000426e+01
4.265488059322012582e+00 -3.509058164274926561e+00 0.000000000000000000e+00 -5.791023888367163863e-02 -1.727048475124126625e-01 0.000000000000000000e+00 3.689999999999999858e+01
4.259697035433645418e+00 -3.526328649026167383e+00 0.000000000000000000e+00 -5.791023888367163863e-02 -1.727048475124082216e-01 0.000000000000000000e+00 3.700000000000000000e+01
4.253469613092047297e+00 -3.545072733989894864e+00 0.000000000000000000e+00 -6.227422341598121136e-02 -1.874408496372748090e-01 0.000000000000000000e+00 3.710000000000000142e+01
4.247148740975998926e+00 -3.564132373709754553e+00 0.000000000000000000e+00 -6.320872116048370515e-02 -1.905963971985968897e-01 0.000000000000000000e+00 3.720000000000000284e+01
4.240827868859950556e+00 -3.583192013429614242e+00 0.000000000000000000e+00 -6.320872116048370515e-02 -1.905963971985968897e-01 0.000000000000000000e+00 3.730000000000000426e+01
4.234506996743902185e+00 -3.602251653149473931e+00 0.000000000000000000e+00 -6.320872116048370515e-02 -1.905963971985968897e-01 0.000000000000000000e+00 3.739999999999999858e+01
4.228211748660331892e+00 -3.621248012566883556e+00 0.000000000000000000e+00 -6.295248083570292863e-02 -1.899635941740962508e-01 0.000000000000000000e+00 3.750000000000000000e+01
4.222165403981692933e+00 -3.639629687985642903e+00 0.000000000000000000e+00 -6.046344678638959635e-02 -1.838167541875934674e-01 0.000000000000000000e+00 3.760000000000000142e+01
4.216119059303053973e+00 -3.658011363404402694e+00 0.000000000000000000e+00 -6.046344678638959635e-02 -1.838167541875979083e-01 0.000000000000000000e+00 3.770000000000000284e+01
4.210072714624415902e+00 -3.676393038823162041e+00 0.000000000000000000e+00 -6.046344678638071457e-02 -1.838167541875934674e-01 0.000000000000000000e+00 3.780000000000000426e+01
4.204026369945776942e+00 -3.694774714241921831e+00 0.000000000000000000e+00 -6.046344678638959635e-02 -1.838167541875979083e-01 0.000000000000000000e+00 3.789999999999999858e+01
4.197473054270202120e+00 -3.714785782859146401e+00 0.000000000000000000e+00 -6.553315675574822308e-02 -2.001106861722456998e-01 0.000000000000000000e+00 3.800000000000000000e+01
4.190632507552260577e+00 -3.735720005482514594e+00 0.000000000000000000e+00 -6.840546717941542454e-02 -2.093422262336819273e-01 0.000000000000000000e+00 3.810000000000000142e+01
4.183791960834319035e+00 -3.756654228105882343e+00 0.000000000000000000e+00 -6.840546717941542454e-02 -2.093422262336774864e-01 0.000000000000000000e+00 3.820000000000000284e+01
4.176951414116377492e+00 -3.777588450729250091e+00 0.000000000000000000e+00 -6.840546717941542454e-02 -2.093422262336774864e-01 0.000000000000000000e+00 3.830000000000000426e+01
4.170110867398435950e+00 -3.798522673352617840e+00 0.000000000000000000e+00 -6.840546717941542454e-02 -2.093422262336774864e-01 0.000000000000000000e+00 3.840000000000000568e+01
4.163514859457321471e+00 -3.818657681993232078e+00 0.000000000000000000e+00 -6.596007941114478967e-02 -2.013500864061423812e-01 0.000000000000000000e+00 3.850000000000000000e+01
4.157340496305207189e+00 -3.837414649835996006e+00 0.000000000000000000e+00 -6.174363152114281661e-02 -1.875696784276392748e-01 0.000000000000000000e+00 3.860000000000000142e+01
4.151166133153093796e+00 -3.856171617678759933e+00 0.000000000000000000e+00 -6.174363152113393483e-02 -1.875696784276392748e-01 0.000000000000000000e+00 3.870000000000000284e+01
4.144991770000979514e+00 -3.874928585521523416e+00 0.000000000000000000e+00 -6.174363152114281661e-02 -1.875696784276348339e-01 0.000000000000000000e+00 3.880000000000000426e+01
4.138817406848865232e+00 -3.893685553364287344e+00 0.000000000000000000e+00 -6.174363152114281661e-02 -1.875696784276392748e-01 0.000000000000000000e+00 3.890000000000000568e+01
4.132986139222063038e+00 -3.911323652398460471e+00 0.000000000000000000e+00 -5.831267626802194570e-02 -1.763809903417312697e-01 0.000000000000000000e+00 3.900000000000000000e+01
4.127278067793363370e+00 -3.928559996314236802e+00 0.000000000000000000e+00 -5.708071428699668104e-02 -1.723634391577633096e-01 0.000000000000000000e+00 3.910000000000000142e+01
4.121569996364662813e+00 -3.945796340230013133e+00 0.000000000000000000e+00 -5.708071428700556282e-02 -1.723634391577633096e-01 0.000000000000000000e+00 3.920000000000000284e+01
4.115861924935962257e+00 -3.963032684145789020e+00 0.000000000000000000e+00 -5.708071428700556282e-02 -1.723634391577588687e-01 0.000000000000000000e+00 3.930000000000000426e+01
4.109993016645669961e+00 -3.980918793182564919e+00 0.000000000000000000e+00 -5.868908290292296215e-02 -1.788610903677589903e-01 0.000000000000000000e+00 3.940000000000000568e+01
4.103951679712907641e+00 -3.999501496996362260e+00 0.000000000000000000e+00 -6.041336932762320089e-02 -1.858270381379734104e-01 0.000000000000000000e+00 3.950000000000000000e+01
4.097910342780146209e+00 -4.018084200810159601e+00 0.000000000000000000e+00 -6.041336932761431910e-02 -1.858270381379734104e-01 0.000000000000000000e+00 3.960000000000000142e+01
4.091869005847384777e+00 -4.036666904623956498e+00 0.000000000000000000e+00 -6.041336932761431910e-02 -1.858270381379689695e-01 0.000000000000000000e+00 3.970000000000000284e+01
4.085827668914623345e+00 -4.055249608437753395e+00 0.000000000000000000e+00 -6.041336932761431910e-02 -1.858270381379689695e-01 0.000000000000000000e+00 3.980000000000000426e+01
4.079733620578084086e+00 -4.074039066932132691e+00 0.000000000000000000e+00 -6.094048336539259481e-02 -1.878945849437929638e-01 0.000000000000000000e+00 3.990000000000000568e+01
4.073634045911275869e+00 -4.092850201848833080e+00 0.000000000000000000e+00 -6.099574666808216250e-02 -1.881113491670038940e-01 0.000000000000000000e+00 4.000000000000000000e+01
4.067534471244467653e+00 -4.111661336765534358e+00 0.000000000000000000e+00 -6.099574666808216250e-02 -1.881113491670127758e-01 0.000000000000000000e+00 4.010000000000000142e+01
4.061434896577659437e+00 -4.130472471682234747e+00 0.000000000000000000e+00 -6.099574666808216250e-02 -1.881113491670038940e-01 0.000000000000000000e+00 4.020000000000000284e+01
4.055417784023188865e+00 -4.148987365438675745e+00 0.000000000000000000e+00 -6.017112554470571695e-02 -1.851489375644099766e-01 0.000000000000000000e+00 4.030000000000000426e+01
4.049616158092628204e+00 -4.166728133894677555e+00 0.000000000000000000e+00 -5.801625930560661004e-02 -1.774076845600180974e-01 0.000000000000000000e+00 4.040000000000000568e+01
4.043814532162067543e+00 -4.184468902350679365e+00 0.000000000000000000e+00 -5.801625930560661004e-02 -1.774076845600180974e-01 0.000000000000000000e+00 4.050000000000000000e+01
4.038012906231506882e+00 -4.202209670806681174e+00 0.000000000000000000e+00 -5.801625930560661004e-02 -1.774076845600180974e-01 0.000000000000000000e+00 4.060000000000000142e+01
4.032211280300946221e+00 -4.219950439262682984e+00 0.000000000000000000e+00 -5.801625930560661004e-02 -1.774076845600180974e-01 0.000000000000000000e+00 4.070000000000000284e+01
4.026601285678444775e+00 -4.237176726281067118e+00 0.000000000000000000e+00 -5.609994622501446315e-02 -1.722628701838413434e-01 0.000000000000000000e+00 4.080000000000000426e+01
4.021009210537534351e+00 -4.254354904038266660e+00 0.000000000000000000e+00 -5.592075140910424125e-02 -1.717817775719954199e-01 0.000000000000000000e+00 4.090000000000000568e+01
4.015417135396623927e+00 -4.271533081795465314e+00 0.000000000000000000e+00 -5.592075140910424125e-02 -1.717817775719865381e-01 0.000000000000000000e+00 4.100000000000000000e+01
4.009825060255714391e+00 -4.288711259552663968e+00 0.000000000000000000e+00 -5.592075140909535946e-02 -1.717817775719865381e-01 0.000000000000000000e+00 4.110000000000000142e+01
4.003668715429638425e+00 -4.307652854294233613e+00 0.000000000000000000e+00 -6.156344826075965670e-02 -1.894159474156964507e-01 0.000000000000000000e+00 4.120000000000000284e+01
3.997336754647413670e+00 -4.327143271997486274e+00 0.000000000000000000e+00 -6.331960782224754780e-02 -1.949041770325266043e-01 0.000000000000000000e+00 4.130000000000000426e+01
3.991004793865188915e+00 -4.346633689700739822e+00 0.000000000000000000e+00 -6.331960782224754780e-02 -1.949041770325354861e-01 0.000000000000000000e+00 4.140000000000000568e+01
3.984672833082963717e+00 -4.366124107403992483e+00 0.000000000000000000e+00 -6.331960782225198869e-02 -1.949041770325266043e-01 0.000000000000000000e+00 4.150000000000000000e+01
3.978340872300738518e+00 -4.385614525107246031e+00 0.000000000000000000e+00 -6.331960782225198869e-02 -1.949041770325354861e-01 0.000000000000000000e+00 4.160000000000000142e+01
3.972448066971613567e+00 -4.403684167231221913e+00 0.000000000000000000e+00 -5.892805329124950475e-02 -1.806964212397588199e-01 0.000000000000000000e+00 4.170000000000000284e+01
3.966593505470973113e+00 -4.421630081192002848e+00 0.000000000000000000e+00 -5.854561500640453886e-02 -1.794591396078093481e-01 0.000000000000000000e+00 4.180000000000000426e+01
3.960738943970332659e+00 -4.439575995152783783e+00 0.000000000000000000e+00 -5.854561500640453886e-02 -1.794591396078093481e-01 0.000000000000000000e+00 4.190000000000000568e+01
3.954884382469692206e+00 -4.457521909113564718e+00 0.000000000000000000e+00 -5.854561500640453886e-02 -1.794591396078093481e-01 0.000000000000000000e+00 4.200000000000000000e+01
3.948907967721546175e+00 -4.475959279639688759e+00 0.000000000000000000e+00 -5.976414748146030576e-02 -1.843737052612404170e-01 0.000000000000000000e+00 4.210000000000000142e+01
3.942821799715805042e+00 -4.494839305245730721e+00 0.000000000000000000e+00 -6.086168005741132703e-02 -1.888002560604196134e-01 0.000000000000000000e+00 4.220000000000000284e+01
3.936735631710064354e+00 -4.513719330851771794e+00 0.000000000000000000e+00 -6.086168005740688614e-02 -1.888002560604107316e-01 0.000000000000000000e+00 4.230000000000000426e+01
3.930649463704323221e+00 -4.532599356457813755e+00 0.000000000000000000e+00 -6.086168005741132703e-02 -1.888002560604196134e-01 0.000000000000000000e+00 4.240000000000000568e+01
3.924563295698582088e+00 -4.551479382063855716e+00 0.000000000000000000e+00 -6.086168005741132703e-02 -1.888002560604196134e-01 0.000000000000000000e+00 4.250000000000000000e+01
3.918648077196481783e+00 -4.569882202042667707e+00 0.000000000000000000e+00 -5.915218502100305642e-02 -1.840281997881199061e-01 0.000000000000000000e+00 4.260000000000000142e+01
3.912749657439783757e+00 -4.588238128315061282e+00 0.000000000000000000e+00 -5.898419756698025651e-02 -1.835592627239357455e-01 0.000000000000000000e+00 4.270000000000000284e+01
3.906851237683085287e+00 -4.606594054587454856e+00 0.000000000000000000e+00 -5.898419756698469740e-02 -1.835592627239357455e-01 0.000000000000000000e+00 4.280000000000000426e+01
3.900952817926386818e+00 -4.624949980859848431e+00 0.000000000000000000e+00 -5.898419756698469740e-02 -1.835592627239357455e-01 0.000000000000000000e+00 4.290000000000000568e+01
3.894579774653518900e+00 -4.644747278478344121e+00 0.000000000000000000e+00 -6.373043272867917608e-02 -1.979729761849569059e-01 0.000000000000000000e+00 4.300000000000000000e+01
3.887781402273403408e+00 -4.665836246582947489e+00 0.000000000000000000e+00 -6.798372380115491609e-02 -2.108896810460336724e-01 0.000000000000000000e+00 4.310000000000000142e+01
3.880983029893287917e+00 -4.686925214687551744e+00 0.000000000000000000e+00 -6.798372380115491609e-02 -2.108896810460425542e-01 0.000000000000000000e+00 4.320000000000000284e+01
3.874184657513171981e+00 -4.708014182792155111e+00 0.000000000000000000e+00 -6.798372380115935698e-02 -2.108896810460336724e-01 0.000000000000000000e+00 4.330000000000000426e+01
3.867386285133056489e+00 -4.729103150896758478e+00 0.000000000000000000e+00 -6.798372380115491609e-02 -2.108896810460336724e-01 0.000000000000000000e+00 4.340000000000000568e+01
3.860768733064051439e+00 -4.749473169658403826e+00 0.000000000000000000e+00 -6.617552069005050441e-02 -2.037001876164534764e-01 0.000000000000000000e+00 4.350000000000000000e+01
3.854570067412171674e+00 -4.768177677988633789e+00 0.000000000000000000e+00 -6.198665651879764482e-02 -1.870450833022996306e-01 0.000000000000000000e+00 4.360000000000000142e+01
3.848371401760291910e+00 -4.786882186318863752e+00 0.000000000000000000e+00 -6.198665651879764482e-02 -1.870450833022996306e-01 0.000000000000000000e+00 4.370000000000000284e+01
3.842172736108412145e+00 -4.805586694649092827e+00 0.000000000000000000e+00 -6.198665651879764482e-02 -1.870450833022907489e-01 0.000000000000000000e+00 4.380000000000000426e+01
3.835974070456532381e+00 -4.824291202979322790e+00 0.000000000000000000e+00 -6.198665651879764482e-02 -1.870450833022996306e-01 0.000000000000000000e+00 4.390000000000000568e+01
3.831133968868964068e+00 -4.843475566248740982e+00 0.000000000000000000e+00 -4.840101587568312880e-02 -1.918436326941819203e-01 0.000000000000000000e+00 4.400000000000000000e+01
3.826723836469569484e+00 -4.862811797835646210e+00 0.000000000000000000e+00 -4.410132399394584013e-02 -1.933623158690522814e-01 0.000000000000000000e+00 4.410000000000000142e+01
3.822313704070175344e+00 -4.882148029422550550e+00 0.000000000000000000e+00 -4.410132399394139924e-02 -1.933623158690433996e-01 0.000000000000000000e+00 4.420000000000000284e+01
3.817903571670781204e+00 -4.901484261009454890e+00 0.000000000000000000e+00 -4.410132399394139924e-02 -1.933623158690433996e-01 0.000000000000000000e+00 4.430000000000000426e+01
3.813760203963701301e+00 -4.920941191789519387e+00 0.000000000000000000e+00 -4.143367707079903539e-02 -1.945693078006449639e-01 0.000000000000000000e+00 4.440000000000000568e+01
3.813057558650176926e+00 -4.941954896868262281e+00 0.000000000000000000e+00 -7.026453135243748704e-03 -2.101370507874289473e-01 0.000000000000000000e+00 4.450000000000000000e+01
3.812354913336652107e+00 -4.962968601947005176e+00 0.000000000000000000e+00 -7.026453135248189596e-03 -2.101370507874289473e-01 0.000000000000000000e+00 4.460000000000000142e+01
3.811652268023127732e+00 -4.983982307025748071e+00 0.000000000000000000e+00 -7.026453135243748704e-03 -2.101370507874289473e-01 0.000000000000000000e+00 4.470000000000000284e+01
3.810949622709603357e+00 -5.004996012104490966e+00 0.000000000000000000e+00 -7.026453135243748704e-03 -2.101370507874289473e-01 0.000000000000000000e+00 4.480000000000000426e+01
3.810302218124847151e+00 -5.025987791588121034e+00 0.000000000000000000e+00 -6.474045847562059919e-03 -2.099177948363006863e-01 0.000000000000000000e+00 4.490000000000000568e+01
3.811544262560317087e+00 -5.046229629948093987e+00 0.000000000000000000e+00 1.242044435469935593e-02 -2.024183835997295233e-01 0.000000000000000000e+00 4.500000000000000000e+01
3.812786306995787022e+00 -5.066471468308066939e+00 0.000000000000000000e+00 1.242044435469935593e-02 -2.024183835997295233e-01 0.000000000000000000e+00 4.510000000000000142e+01
3.814028351431257402e+00 -5.086713306668039003e+00 0.000000000000000000e+00 1.242044435470379682e-02 -2.024183835997206415e-01 0.000000000000000000e+00 4.520000000000000284e+01
3.815270395866727338e+00 -5.106955145028011955e+00 0.000000000000000000e+00 1.242044435469935593e-02 -2.024183835997295233e-01 0.000000000000000000e+00 4.530000000000000426e+01
3.816506330535982094e+00 -5.127084850526950177e+00 0.000000000000000000e+00 1.235934669254756813e-02 -2.012970549893822181e-01 0.000000000000000000e+00 4.540000000000000568e+01
3.817714426517130555e+00 -5.146703631117349964e+00 0.000000000000000000e+00 1.208095981148460396e-02 -1.961878059039978694e-01 0.000000000000000000e+00 4.550000000000000000e+01
3.818922522498279015e+00 -5.166322411707749751e+00 0.000000000000000000e+00 1.208095981148460396e-02 -1.961878059039978694e-01 0.000000000000000000e+00 4.560000000000000142e+01
3.820130618479427476e+00 -5.185941192298149538e+00 0.000000000000000000e+00 1.208095981148460396e-02 -1.961878059039978694e-01 0.000000000000000000e+00 4.570000000000000284e+01
3.821338714460575936e+00 -5.205559972888548437e+00 0.000000000000000000e+00 1.208095981148460396e-02 -1.961878059039889877e-01 0.000000000000000000e+00 4.580000000000000426e+01
3.822527184561555380e+00 -5.225081516007183957e+00 0.000000000000000000e+00 1.188470100979444055e-02 -1.952154311863552039e-01 0.000000000000000000e+00 4.590000000000000568e+01
3.823695347456221860e+00 -5.244502445987280659e+00 0.000000000000000000e+00 1.168162894666480156e-02 -1.942092998009670168e-01 0.000000000000000000e+00 4.600000000000000000e+01
3.824863510350888784e+00 -5.263923375967376472e+00 0.000000000000000000e+00 1.168162894666924245e-02 -1.942092998009581351e-01 0.000000000000000000e+00 4.610000000000000142e+01
3.826031673245555709e+00 -5.283344305947473174e+00 0.000000000000000000e+00 1.168162894666924245e-02 -1.942092998009670168e-01 0.000000000000000000e+00 4.620000000000000284e+01
3.827199836140222633e+00 -5.302765235927568988e+00 0.000000000000000000e+00 1.168162894666924245e-02 -1.942092998009581351e-01 0.000000000000000000e+00 4.630000000000000426e+01
3.828363141801160552e+00 -5.322166558911316514e+00 0.000000000000000000e+00 1.163305660937918873e-02 -1.940132298374752651e-01 0.000000000000000000e+00 4.640000000000000568e+01
3.829525674726195206e+00 -5.341564762623709051e+00 0.000000000000000000e+00 1.162532925034653886e-02 -1.939820371239253660e-01 0.000000000000000000e+00 4.650000000000000000e+01
3.830688207651229860e+00 -5.360962966336101587e+00 0.000000000000000000e+00 1.162532925034653886e-02 -1.939820371239253660e-01 0.000000000000000000e+00 4.660000000000000142e+01
3.831850740576264513e+00 -5.380361170048493236e+00 0.000000000000000000e+00 1.162532925034653886e-02 -1.939820371239164842e-01 0.000000000000000000e+00 4.670000000000000284e+01
3.833012239434382629e+00 -5.399726493056795640e+00 0.000000000000000000e+00 1.161498858118115152e-02 -1.936532300830240416e-01 0.000000000000000000e+00 4.680000000000000426e+01
3.834170624207627665e+00 -5.418992796067903406e+00 0.000000000000000000e+00 1.158384773245035859e-02 -1.926630301110776600e-01 0.000000000000000000e+00 4.690000000000000568e+01
3.835329008980872700e+00 -5.438259099079011172e+00 0.000000000000000000e+00 1.158384773245035859e-02 -1.926630301110776600e-01 0.000000000000000000e+00 4.700000000000000000e+01
3.836487393754118180e+00 -5.457525402090119826e+00 0.000000000000000000e+00 1.158384773245479948e-02 -1.926630301110865418e-01 0.000000000000000000e+00 4.710000000000000142e+01
3.837645778527363216e+00 -5.476791705101227592e+00 0.000000000000000000e+00 1.158384773245035859e-02 -1.926630301110776600e-01 0.000000000000000000e+00 4.720000000000000284e+01
3.838817886601073148e+00 -5.496125330955726085e+00 0.000000000000000000e+00 1.172108073709932086e-02 -1.933362585449849291e-01 0.000000000000000000e+00 4.730000000000000426e+01
3.839996615001735503e+00 -5.515491434364424350e+00 0.000000000000000000e+00 1.178728400662354403e-02 -1.936610340869826530e-01 0.000000000000000000e+00 4.740000000000000568e+01
3.841175343402398301e+00 -5.534857537773121727e+00 0.000000000000000000e+00 1.178728400662798492e-02 -1.936610340869737712e-01 0.000000000000000000e+00 4.750000000000000000e+01
3.842354071803060656e+00 -5.554223641181819993e+00 0.000000000000000000e+00 1.178728400662354403e-02 -1.936610340869826530e-01 0.000000000000000000e+00 4.760000000000000142e+01
3.843550315976564491e+00 -5.573703866047584832e+00 0.000000000000000000e+00 1.196244173503835384e-02 -1.948022486576483914e-01 0.000000000000000000e+00 4.770000000000000284e+01
3.844943153322259111e+00 -5.594464964984003252e+00 0.000000000000000000e+00 1.392837345694619700e-02 -2.076109893641842064e-01 0.000000000000000000e+00 4.780000000000000426e+01
3.846335990667953730e+00 -5.615226063920420785e+00 0.000000000000000000e+00 1.392837345694619700e-02 -2.076109893641753246e-01 0.000000000000000000e+00 4.790000000000000568e+01
3.847728828013648350e+00 -5.635987162856838317e+00 0.000000000000000000e+00 1.392837345694619700e-02 -2.076109893641753246e-01 0.000000000000000000e+00 4.800000000000000000e+01
3.849121665359342970e+00 -5.656748261793255850e+00 0.000000000000000000e+00 1.392837345694619700e-02 -2.076109893641753246e-01 0.000000000000000000e+00 4.810000000000000142e+01
3.850501552882498402e+00 -5.677330449277620872e+00 0.000000000000000000e+00 1.379887523155431950e-02 -2.058218748436502210e-01 0.000000000000000000e+00 4.820000000000000284e+01
3.851808493066541494e+00 -5.696904814892282509e+00 0.000000000000000000e+00 1.306940184043092756e-02 -1.957436561466163738e-01 0.000000000000000000e+00 4.830000000000000426e+01
3.853115433250585031e+00 -5.716479180506943258e+00 0.000000000000000000e+00 1.306940184043536846e-02 -1.957436561466074920e-01 0.000000000000000000e+00 4.840000000000000568e+01
3.854422373434628124e+00 -5.736053546121604896e+00 0.000000000000000000e+00 1.306940184043092756e-02 -1.957436561466163738e-01 0.000000000000000000e+00 4.850000000000000000e+01
3.855729313618671217e+00 -5.755627911736265645e+00 0.000000000000000000e+00 1.306940184043092756e-02 -1.957436561466074920e-01 0.000000000000000000e+00 4.860000000000000142e+01
3.856949254759463042e+00 -5.774149158195996279e+00 0.000000000000000000e+00 1.219941140791824807e-02 -1.852124645973063366e-01 0.000000000000000000e+00 4.870000000000000284e+01
3.858073682131115678e+00 -5.791514215161225110e+00 0.000000000000000000e+00 1.124427371652636509e-02 -1.736505696522883113e-01 0.000000000000000000e+00 4.880000000000000426e+01
3.859198109502768759e+00 -5.808879272126453941e+00 0.000000000000000000e+00 1.124427371653080598e-02 -1.736505696522883113e-01 0.000000000000000000e+00 4.890000000000000568e+01
3.860322536874421839e+00 -5.826244329091681884e+00 0.000000000000000000e+00 1.124427371653080598e-02 -1.736505696522794295e-01 0.000000000000000000e+00 4.900000000000000000e+01
3.861516787299282605e+00 -5.844494872420675335e+00 0.000000000000000000e+00 1.194250424860765492e-02 -1.825054332899345155e-01 0.000000000000000000e+00 4.910000000000000142e+01
3.862820260844931575e+00 -5.864130568355037987e+00 0.000000000000000000e+00 1.303473545648969889e-02 -1.963569593436265137e-01 0.000000000000000000e+00 4.920000000000000284e+01
3.864123734390580545e+00 -5.883766264289400638e+00 0.000000000000000000e+00 1.303473545648969889e-02 -1.963569593436265137e-01 0.000000000000000000e+00 4.930000000000000426e+01
3.865427207936229514e+00 -5.903401960223762401e+00 0.000000000000000000e+00 1.303473545648969889e-02 -1.963569593436176319e-01 0.000000000000000000e+00 4.940000000000000568e+01
3.866730681481878928e+00 -5.923037656158125053e+00 0.000000000000000000e+00 1.303473545649413978e-02 -1.963569593436265137e-01 0.000000000000000000e+00 4.950000000000000000e+01
3.868287169177071050e+00 -5.942855805776583011e+00 0.000000000000000000e+00 1.556487695192121379e-02 -1.981814961845795864e-01 0.000000000000000000e+00 4.960000000000000142e+01
3.869951769447827594e+00 -5.962751917587055139e+00 0.000000000000000000e+00 1.664600270756544376e-02 -1.989611181047212796e-01 0.000000000000000000e+00 4.970000000000000284e+01
3.871616369718584139e+00 -5.982648029397527267e+00 0.000000000000000000e+00 1.664600270756544376e-02 -1.989611181047212796e-01 0.000000000000000000e+00 4.980000000000000426e+01
3.873280969989340683e+00 -6.002544141207999395e+00 0.000000000000000000e+00 1.664600270756544376e-02 -1.989611181047212796e-01 0.000000000000000000e+00 4.990000000000000568e+01
3.874945570260097227e+00 -6.022440253018470635e+00 0.000000000000000000e+00 1.664600270756544376e-02 -1.989611181047123978e-01 0.000000000000000000e+00 5.000000000000000000e+01
3.879472792157374172e+00 -6.041121779667264491e+00 0.000000000000000000e+00 4.527221897276945128e-02 -1.868152664879385583e-01 0.000000000000000000e+00 5.010000000000000142e+01
3.884169379560389768e+00 -6.059731446022589729e+00 0.000000000000000000e+00 4.696587403015595186e-02 -1.860966635532523838e-01 0.000000000000000000e+00 5.020000000000000284e+01
3.888865966963405363e+00 -6.078341112377914079e+00 0.000000000000000000e+00 4.696587403015595186e-02 -1.860966635532435021e-01 0.000000000000000000e+00 5.030000000000000426e+01
3.893562554366420958e+00 -6.096950778733239318e+00 0.000000000000000000e+00 4.696587403015595186e-02 -1.860966635532523838e-01 0.000000000000000000e+00 5.040000000000000568e+01
3.898391356359553139e+00 -6.115690577307155706e+00 0.000000000000000000e+00 4.828801993132181281e-02 -1.873979857391638859e-01 0.000000000000000000e+00 5.050000000000000000e+01
3.903368888758624422e+00 -6.134576763792418674e+00 0.000000000000000000e+00 4.977532399071282754e-02 -1.888618648526296795e-01 0.000000000000000000e+00 5.060000000000000142e+01
3.908346421157696149e+00 -6.153462950277682530e+00 0.000000000000000000e+00 4.977532399071726843e-02 -1.888618648526385613e-01 0.000000000000000000e+00 5.070000000000000284e+01
3.913323953556767432e+00 -6.172349136762945498e+00 0.000000000000000000e+00 4.977532399071282754e-02 -1.888618648526296795e-01 0.000000000000000000e+00 5.080000000000000426e+01
3.918301485955838714e+00 -6.191235323248208466e+00 0.000000000000000000e+00 4.977532399071282754e-02 -1.888618648526296795e-01 0.000000000000000000e+00 5.090000000000000568e+01
3.923252633278883295e+00 -6.210515321948148149e+00 0.000000000000000000e+00 4.951147323044580162e-02 -1.927999869993968218e-01 0.000000000000000000e+00 5.100000000000000000e+01
3.928201354580491245e+00 -6.229831530393088457e+00 0.000000000000000000e+00 4.948721301607950096e-02 -1.931620844494030820e-01 0.000000000000000000e+00 5.110000000000000142e+01
3.933150075882099195e+00 -6.249147738838028765e+00 0.000000000000000000e+00 4.948721301607950096e-02 -1.931620844494030820e-01 0.000000000000000000e+00 5.120000000000000284e+01
3.938098797183707589e+00 -6.268463947282969073e+00 0.000000000000000000e+00 4.948721301608394185e-02 -1.931620844494030820e-01 0.000000000000000000e+00 5.130000000000000426e+01
3.942994311512160621e+00 -6.287663101306560698e+00 0.000000000000000000e+00 4.895514328453032249e-02 -1.919915402359162471e-01 0.000000000000000000e+00 5.140000000000000568e+01
3.947738622660466934e+00 -6.306529610947114506e+00 0.000000000000000000e+00 4.744311148306312731e-02 -1.886650964055380797e-01 0.000000000000000000e+00 5.150000000000000000e+01
3.952482933808772803e+00 -6.325396120587668314e+00 0.000000000000000000e+00 4.744311148305868642e-02 -1.886650964055380797e-01 0.000000000000000000e+00 5.160000000000000142e+01
3.957227244957079115e+00 -6.344262630228222122e+00 0.000000000000000000e+00 4.744311148306312731e-02 -1.886650964055380797e-01 0.000000000000000000e+00 5.170000000000000284e+01
3.961971556105384984e+00 -6.363129139868775930e+00 0.000000000000000000e+00 4.744311148305868642e-02 -1.886650964055380797e-01 0.000000000000000000e+00 5.180000000000000426e+01
3.966500002976907524e+00 -6.381266525895527231e+00 0.000000000000000000e+00 4.528446871522540107e-02 -1.813738602675130096e-01 0.000000000000000000e+00 5.190000000000000568e+01
3.970942057929455427e+00 -6.399112106399361011e+00 0.000000000000000000e+00 4.442054952547902502e-02 -1.784558050383378003e-01 0.000000000000000000e+00 5.200000000000000000e+01
3.975384112882003329e+00 -6.416957686903194791e+00 0.000000000000000000e+00 4.442054952547902502e-02 -1.784558050383378003e-01 0.000000000000000000e+00 5.210000000000000142e+01
3.979826167834550787e+00 -6.434803267407027683e+00 0.000000000000000000e+00 4.442054952547458413e-02 -1.784558050383289185e-01 0.000000000000000000e+00 5.220000000000000284e+01
3.984306053295307848e+00 -6.453057042680295119e+00 0.000000000000000000e+00 4.479885460757060400e-02 -1.825377527326743632e-01 0.000000000000000000e+00 5.230000000000000426e+01
3.988839336141517755e+00 -6.471886980804012701e+00 0.000000000000000000e+00 4.533282846209907291e-02 -1.882993812371758224e-01 0.000000000000000000e+00 5.240000000000000568e+01
3.993372618987728107e+00 -6.490716918927729395e+00 0.000000000000000000e+00 4.533282846210351380e-02 -1.882993812371669407e-01 0.000000000000000000e+00 5.250000000000000000e+01
3.997905901833938458e+00 -6.509546857051446089e+00 0.000000000000000000e+00 4.533282846210351380e-02 -1.882993812371669407e-01 0.000000000000000000e+00 5.260000000000000142e+01
4.002439184680148365e+00 -6.528376795175162783e+00 0.000000000000000000e+00 4.533282846209907291e-02 -1.882993812371669407e-01 0.000000000000000000e+00 5.270000000000000284e+01
4.006664833090261446e+00 -6.545970489922642521e+00 0.000000000000000000e+00 4.225648410113080899e-02 -1.759369474747973783e-01 0.000000000000000000e+00 5.280000000000000426e+01
4.010848235789300276e+00 -6.563394418303412969e+00 0.000000000000000000e+00 4.183402699038829553e-02 -1.742392838077044814e-01 0.000000000000000000e+00 5.290000000000000568e+01
4.015031638488338217e+00 -6.580818346684183417e+00 0.000000000000000000e+00 4.183402699037941375e-02 -1.742392838077044814e-01 0.000000000000000000e+00 5.300000000000000000e+01
4.019215041187376158e+00 -6.598242275064954754e+00 0.000000000000000000e+00 4.183402699037941375e-02 -1.742392838077133632e-01 0.000000000000000000e+00 5.310000000000000142e+01
4.023650399480524165e+00 -6.617404187857014897e+00 0.000000000000000000e+00 4.435358293148006226e-02 -1.916191279206014286e-01 0.000000000000000000e+00 5.320000000000000284e+01
4.028203786480469617e+00 -6.637380260196617421e+00 0.000000000000000000e+00 4.553386999945452374e-02 -1.997607233960252415e-01 0.000000000000000000e+00 5.330000000000000426e+01
4.032757173480415958e+00 -6.657356332536219945e+00 0.000000000000000000e+00 4.553386999946340552e-02 -1.997607233960252415e-01 0.000000000000000000e+00 5.340000000000000568e+01
4.037310560480361410e+00 -6.677332404875822469e+00 0.000000000000000000e+00 4.553386999945452374e-02 -1.997607233960252415e-01 0.000000000000000000e+00 5.350000000000000000e+01
4.041863947480307750e+00 -6.697308477215424993e+00 0.000000000000000000e+00 4.553386999946340552e-02 -1.997607233960252415e-01 0.000000000000000000e+00 5.360000000000000142e+01
4.044709809507555320e+00 -6.715360355501198697e+00 0.000000000000000000e+00 2.845862027247569870e-02 -1.805187828577370368e-01 0.000000000000000000e+00 5.370000000000000284e+01
4.047069344010092884e+00 -6.732864195810238428e+00 0.000000000000000000e+00 2.359534502537563583e-02 -1.750384030903973098e-01 0.000000000000000000e+00 5.380000000000000426e+01
4.049428878512630448e+00 -6.750368036119277271e+00 0.000000000000000000e+00 2.359534502537563583e-02 -1.750384030903884280e-01 0.000000000000000000e+00 5.390000000000000568e+01
4.051788413015168011e+00 -6.767871876428317002e+00 0.000000000000000000e+00 2.359534502537563583e-02 -1.750384030903973098e-01 0.000000000000000000e+00 5.400000000000000000e+01
4.050661512901664985e+00 -6.786224115914380128e+00 0.000000000000000000e+00 -1.126900113503026546e-02 -1.835223948606312661e-01 0.000000000000000000e+00 5.410000000000000142e+01
4.047062888390377644e+00 -6.805177832030826934e+00 0.000000000000000000e+00 -3.598624511287340511e-02 -1.895371611644680598e-01 0.000000000000000000e+00 5.420000000000000284e+01
4.043464263879090304e+00 -6.824131548147274628e+00 0.000000000000000000e+00 -3.598624511287340511e-02 -1.895371611644769416e-01 0.000000000000000000e+00 5.430000000000000426e+01
4.039865639367803851e+00 -6.843085264263721434e+00 0.000000000000000000e+00 -3.598624511286452332e-02 -1.895371611644680598e-01 0.000000000000000000e+00 5.440000000000000568e+01
4.036188396405758105e+00 -6.861968516757531944e+00 0.000000000000000000e+00 -3.677242962045745855e-02 -1.888325249381050952e-01 0.000000000000000000e+00 5.450000000000000000e+01
4.031345929663173067e+00 -6.879807410224087150e+00 0.000000000000000000e+00 -4.842466742585038730e-02 -1.783889346655520569e-01 0.000000000000000000e+00 5.460000000000000142e+01
4.026503462920588916e+00 -6.897646303690642355e+00 0.000000000000000000e+00 -4.842466742584150552e-02 -1.783889346655520569e-01 0.000000000000000000e+00 5.470000000000000284e+01
4.021660996178003877e+00 -6.915485197157197561e+00 0.000000000000000000e+00 -4.842466742585038730e-02 -1.783889346655520569e-01 0.000000000000000000e+00 5.480000000000000426e+01
4.016818529435419727e+00 -6.933324090623752767e+00 0.000000000000000000e+00 -4.842466742584150552e-02 -1.783889346655520569e-01 0.000000000000000000e+00 5.490000000000000568e+01
4.011532550168655398e+00 -6.953129785946532415e+00 0.000000000000000000e+00 -5.285979266764329054e-02 -1.980569532277964839e-01 0.000000000000000000e+00 5.500000000000000000e+01
4.006141736662046426e+00 -6.973400379476870192e+00 0.000000000000000000e+00 -5.390813506608971295e-02 -2.027059353033777711e-01 0.000000000000000000e+00 5.510000000000000142e+01
4.000750923155437455e+00 -6.993670973007208858e+00 0.000000000000000000e+00 -5.390813506608971295e-02 -2.027059353033866529e-01 0.000000000000000000e+00 5.520000000000000284e+01
3.995360109648828484e+00 -7.013941566537547523e+00 0.000000000000000000e+00 -5.390813506608971295e-02 -2.027059353033866529e-01 0.000000000000000000e+00 5.530000000000000426e+01
3.989969296142219513e+00 -7.034212160067885300e+00 0.000000000000000000e+00 -5.390813506608971295e-02 -2.027059353033777711e-01 0.000000000000000000e+00 5.540000000000000568e+01
3.985107944108202016e+00 -7.052735952324696633e+00 0.000000000000000000e+00 -4.861352034017496493e-02 -1.852379225681133335e-01 0.000000000000000000e+00 5.550000000000000000e+01
3.980374280211276261e+00 -7.070838475401346912e+00 0.000000000000000000e+00 -4.733663896925754955e-02 -1.810252307665027871e-01 0.000000000000000000e+00 5.560000000000000142e+01
3.975640616314350506e+00 -7.088940998477996303e+00 0.000000000000000000e+00 -4.733663896925754955e-02 -1.810252307664939053e-01 0.000000000000000000e+00 5.570000000000000284e+01
3.970906952417424751e+00 -7.107043521554646581e+00 0.000000000000000000e+00 -4.733663896925754955e-02 -1.810252307665027871e-01 0.000000000000000000e+00 5.580000000000000426e+01
3.966139319677341124e+00 -7.125411308136834876e+00 0.000000000000000000e+00 -4.767632740083627141e-02 -1.836778658218829463e-01 0.000000000000000000e+00 5.590000000000000568e+01
3.961324416742893373e+00 -7.144148228793041788e+00 0.000000000000000000e+00 -4.814902934447751193e-02 -1.873692065620691238e-01 0.000000000000000000e+00 5.600000000000000000e+01
3.956509513808445178e+00 -7.162885149449247812e+00 0.000000000000000000e+00 -4.814902934448195282e-02 -1.873692065620602420e-01 0.000000000000000000e+00 5.610000000000000142e+01
3.951694610873997426e+00 -7.181622070105454725e+00 0.000000000000000000e+00 -4.814902934447751193e-02 -1.873692065620691238e-01 0.000000000000000000e+00 5.620000000000000284e+01
3.946879707939549231e+00 -7.200358990761660749e+00 0.000000000000000000e+00 -4.814902934448195282e-02 -1.873692065620602420e-01 0.000000000000000000e+00 5.630000000000000426e+01
3.942382229702348084e+00 -7.217875181320263067e+00 0.000000000000000000e+00 -4.497478237201146811e-02 -1.751619055860231811e-01 0.000000000000000000e+00 5.640000000000000568e+01
3.937927435990484781e+00 -7.235227218663208504e+00 0.000000000000000000e+00 -4.454793711863302974e-02 -1.735203734294543665e-01 0.000000000000000000e+00 5.650000000000000000e+01
3.933472642278621478e+00 -7.252579256006153940e+00 0.000000000000000000e+00 -4.454793711863302974e-02 -1.735203734294543665e-01 0.000000000000000000e+00 5.660000000000000142e+01
3.929017848566758175e+00 -7.269931293349099377e+00 0.000000000000000000e+00 -4.454793711863302974e-02 -1.735203734294543665e-01 0.000000000000000000e+00 5.670000000000000284e+01
3.924269349773240823e+00 -7.288727567913597660e+00 0.000000000000000000e+00 -4.748498793517352823e-02 -1.879627456449828315e-01 0.000000000000000000e+00 5.680000000000000426e+01
3.919383920611389183e+00 -7.308197170748737648e+00 0.000000000000000000e+00 -4.885429161851639890e-02 -1.946960283513998746e-01 0.000000000000000000e+00 5.690000000000000568e+01
3.914498491449537543e+00 -7.327666773583878523e+00 0.000000000000000000e+00 -4.885429161851639890e-02 -1.946960283514087564e-01 0.000000000000000000e+00 5.700000000000000000e+01
3.909613062287685903e+00 -7.347136376419019399e+00 0.000000000000000000e+00 -4.885429161851639890e-02 -1.946960283514087564e-01 0.000000000000000000e+00 5.710000000000000142e+01
3.904727633125834263e+00 -7.366605979254160275e+00 0.000000000000000000e+00 -4.885429161851639890e-02 -1.946960283514087564e-01 0.000000000000000000e+00 5.720000000000000284e+01
3.900367668352666684e+00 -7.384006233320912216e+00 0.000000000000000000e+00 -4.359964773167579466e-02 -1.740025406675194120e-01 0.000000000000000000e+00 5.730000000000000426e+01
3.896020586721018919e+00 -7.401355751859981957e+00 0.000000000000000000e+00 -4.347081631647764510e-02 -1.734951853906974151e-01 0.000000000000000000e+00 5.740000000000000568e+01
3.891673505089371599e+00 -7.418705270399051699e+00 0.000000000000000000e+00 -4.347081631647320421e-02 -1.734951853906974151e-01 0.000000000000000000e+00 5.750000000000000000e+01
3.887326423457724278e+00 -7.436054788938121440e+00 0.000000000000000000e+00 -4.347081631647320421e-02 -1.734951853906974151e-01 0.000000000000000000e+00 5.760000000000000142e+01
3.883106519880636931e+00 -7.453008929600747123e+00 0.000000000000000000e+00 -4.219903577087347202e-02 -1.695414066262568298e-01 0.000000000000000000e+00 5.770000000000000284e+01
3.878921764494438040e+00 -7.469853799704686992e+00 0.000000000000000000e+00 -4.184755386198890648e-02 -1.684487010393986850e-01 0.000000000000000000e+00 5.780000000000000426e+01
3.874737009108239594e+00 -7.486698669808627749e+00 0.000000000000000000e+00 -4.184755386198446558e-02 -1.684487010394075668e-01 0.000000000000000000e+00 5.790000000000000568e+01
3.870552253722040703e+00 -7.503543539912567617e+00 0.000000000000000000e+00 -4.184755386198890648e-02 -1.684487010393986850e-01 0.000000000000000000e+00 5.800000000000000000e+01
3.866299756474029792e+00 -7.520758232008370570e+00 0.000000000000000000e+00 -4.252497248010911335e-02 -1.721469209580295257e-01 0.000000000000000000e+00 5.810000000000000142e+01
3.862020231075282695e+00 -7.538120478426922233e+00 0.000000000000000000e+00 -4.279525398747097142e-02 -1.736224641855166340e-01 0.000000000000000000e+00 5.820000000000000284e+01
3.857740705676536042e+00 -7.555482724845473896e+00 0.000000000000000000e+00 -4.279525398746653053e-02 -1.736224641855166340e-01 0.000000000000000000e+00 5.830000000000000426e+01
3.853461180277788944e+00 -7.572844971264025560e+00 0.000000000000000000e+00 -4.279525398747097142e-02 -1.736224641855166340e-01 0.000000000000000000e+00 5.840000000000000568e+01
3.849140855222303870e+00 -7.590507084887154754e+00 0.000000000000000000e+00 -4.320325055485074728e-02 -1.766211362312919420e-01 0.000000000000000000e+00 5.850000000000000000e+01
3.844783591334300699e+00 -7.608440689628908515e+00 0.000000000000000000e+00 -4.357263888003171104e-02 -1.793360474175376140e-01 0.000000000000000000e+00 5.860000000000000142e+01
3.840426327446297528e+00 -7.626374294370661389e+00 0.000000000000000000e+00 -4.357263888003171104e-02 -1.793360474175287322e-01 0.000000000000000000e+00 5.870000000000000284e+01
3.836069063558294800e+00 -7.644307899112415150e+00 0.000000000000000000e+00 -4.357263888002727015e-02 -1.793360474175376140e-01 0.000000000000000000e+00 5.880000000000000426e+01
3.831743807174906813e+00 -7.662135599454618529e+00 0.000000000000000000e+00 -4.325256383387987569e-02 -1.782770034220337863e-01 0.000000000000000000e+00 5.890000000000000568e+01
3.827546561354397969e+00 -7.679539746572012326e+00 0.000000000000000000e+00 -4.197245820508843650e-02 -1.740414711739379783e-01 0.000000000000000000e+00 5.900000000000000000e+01
3.823349315533889570e+00 -7.696943893689406124e+00 0.000000000000000000e+00 -4.197245820508399561e-02 -1.740414711739379783e-01 0.000000000000000000e+00 5.910000000000000142e+01
3.819152069713380726e+00 -7.714348040806799922e+00 0.000000000000000000e+00 -4.197245820508843650e-02 -1.740414711739379783e-01 0.000000000000000000e+00 5.920000000000000284e+01
3.814954522116922320e+00 -7.731753902561534275e+00 0.000000000000000000e+00 -4.197547596458406360e-02 -1.740586175473435304e-01 0.000000000000000000e+00 5.930000000000000426e+01
3.810676855395794593e+00 -7.749614986950920326e+00 0.000000000000000000e+00 -4.277666721127726390e-02 -1.786108438938605047e-01 0.000000000000000000e+00 5.940000000000000568e+01
3.806399188674666867e+00 -7.767476071340306376e+00 0.000000000000000000e+00 -4.277666721127726390e-02 -1.786108438938605047e-01 0.000000000000000000e+00 5.950000000000000000e+01
3.802121521953538696e+00 -7.785337155729692427e+00 0.000000000000000000e+00 -4.277666721128170479e-02 -1.786108438938605047e-01 0.000000000000000000e+00 5.960000000000000142e+01
3.797843855232410970e+00 -7.803198240119078477e+00 0.000000000000000000e+00 -4.277666721127726390e-02 -1.786108438938605047e-01 0.000000000000000000e+00 5.970000000000000284e+01
3.793507080622800842e+00 -7.821629557222179230e+00 0.000000000000000000e+00 -4.336774609610127840e-02 -1.843131710310075277e-01 0.000000000000000000e+00 5.980000000000000426e+01
3.789145133380031893e+00 -7.840303722772180350e+00 0.000000000000000000e+00 -4.361947242768948740e-02 -1.867416555000112055e-01 0.000000000000000000e+00 5.990000000000000568e+01
3.784783186137262945e+00 -7.858977888322182359e+00 0.000000000000000000e+00 -4.361947242768948740e-02 -1.867416555000200873e-01 0.000000000000000000e+00 6.000000000000000000e+01
3.780421238894494440e+00 -7.877652053872183480e+00 0.000000000000000000e+00 -4.361947242768504651e-02 -1.867416555000112055e-01 0.000000000000000000e+00 6.010000000000000142e+01
3.775931208063358469e+00 -7.897046269498054549e+00 0.000000000000000000e+00 -4.490030831135971567e-02 -1.939421562587106962e-01 0.000000000000000000e+00 6.020000000000000284e+01
3.771065579640048959e+00 -7.918551989635852273e+00 0.000000000000000000e+00 -4.865628423309509287e-02 -2.150572013779772362e-01 0.000000000000000000e+00 6.030000000000000426e+01
3.766199951216739894e+00 -7.940057709773649108e+00 0.000000000000000000e+00 -4.865628423309065198e-02 -2.150572013779683544e-01 0.000000000000000000e+00 6.040000000000000568e+01
3.761334322793430829e+00 -7.961563429911445944e+00 0.000000000000000000e+00 -4.865628423309065198e-02 -2.150572013779683544e-01 0.000000000000000000e+00 6.050000000000000000e+01
3.756468694370121764e+00 -7.983069150049242779e+00 0.000000000000000000e+00 -4.865628423309065198e-02 -2.150572013779683544e-01 0.000000000000000000e+00 6.060000000000000142e+01
3.751610736612538854e+00 -8.004537284544793962e+00 0.000000000000000000e+00 -4.857957757582909153e-02 -2.146813449555118325e-01 0.000000000000000000e+00 6.070000000000000284e+01
3.747282580400218777e+00 -8.023409434278029551e+00 0.000000000000000000e+00 -4.328156212320077856e-02 -1.887214973323558809e-01 0.000000000000000000e+00 6.080000000000000426e+01
3.742954424187898699e+00 -8.042281584011265139e+00 0.000000000000000000e+00 -4.328156212320077856e-02 -1.887214973323558809e-01 0.000000000000000000e+00 6.090000000000000568e+01
3.738626267975578621e+00 -8.061153733744500727e+00 0.000000000000000000e+00 -4.328156212320077856e-02 -1.887214973323558809e-01 0.000000000000000000e+00 6.100000000000000000e+01
3.734298111763258543e+00 -8.080025883477736315e+00 0.000000000000000000e+00 -4.328156212320077856e-02 -1.887214973323558809e-01 0.000000000000000000e+00 6.110000000000000142e+01
3.730099505531770721e+00 -8.098292002881914087e+00 0.000000000000000000e+00 -4.198606231487822527e-02 -1.826611940417777191e-01 0.000000000000000000e+00 6.120000000000000284e+01
3.726030123177334730e+00 -8.115953617459240377e+00 0.000000000000000000e+00 -4.069382354435990834e-02 -1.766161457732629003e-01 0.000000000000000000e+00 6.130000000000000426e+01
3.721960740822899183e+00 -8.133615232036566667e+00 0.000000000000000000e+00 -4.069382354435546745e-02 -1.766161457732629003e-01 0.000000000000000000e+00 6.140000000000000568e+01
3.717891358468463192e+00 -8.151276846613892957e+00 0.000000000000000000e+00 -4.069382354435990834e-02 -1.766161457732629003e-01 0.000000000000000000e+00 6.150000000000000000e+01
3.713782842205767487e+00 -8.169257911855165588e+00 0.000000000000000000e+00 -4.108516262695705024e-02 -1.798106524127263128e-01 0.000000000000000000e+00 6.160000000000000142e+01
3.709560279539020566e+00 -8.188169939556219745e+00 0.000000000000000000e+00 -4.222562666746920712e-02 -1.891202770105415709e-01 0.000000000000000000e+00 6.170000000000000284e+01
3.705337716872273202e+00 -8.207081967257272126e+00 0.000000000000000000e+00 -4.222562666747364801e-02 -1.891202770105238073e-01 0.000000000000000000e+00 6.180000000000000426e+01
3.701115154205526281e+00 -8.225993994958326283e+00 0.000000000000000000e+00 -4.222562666746920712e-02 -1.891202770105415709e-01 0.000000000000000000e+00 6.190000000000000568e+01
3.696892591538779360e+00 -8.244906022659380440e+00 0.000000000000000000e+00 -4.222562666746920712e-02 -1.891202770105415709e-01 0.000000000000000000e+00 6.200000000000000000e+01
3.692813650922359248e+00 -8.263167944502233908e+00 0.000000000000000000e+00 -4.078940616420112519e-02 -1.826192184285346798e-01 0.000000000000000000e+00 6.210000000000000142e+01
3.688792422107816993e+00 -8.281168633613742003e+00 0.000000000000000000e+00 -4.021228814542254781e-02 -1.800068911150809470e-01 0.000000000000000000e+00 6.220000000000000284e+01
3.684771193293275182e+00 -8.299169322725250098e+00 0.000000000000000000e+00 -4.021228814541810692e-02 -1.800068911150809470e-01 0.000000000000000000e+00 6.230000000000000426e+01
3.680749964478732927e+00 -8.317170011836758192e+00 0.000000000000000000e+00 -4.021228814542254781e-02 -1.800068911150809470e-01 0.000000000000000000e+00 6.240000000000000568e+01
3.676582504865880452e+00 -8.336349181344960613e+00 0.000000000000000000e+00 -4.167459612852475459e-02 -1.917916950820242050e-01 0.000000000000000000e+00 6.250000000000000000e+01
3.672222297955217041e+00 -8.357081709752996801e+00 0.000000000000000000e+00 -4.360206910663411151e-02 -2.073252840803618824e-01 0.000000000000000000e+00 6.260000000000000142e+01
3.667862091044554074e+00 -8.377814238161032989e+00 0.000000000000000000e+00 -4.360206910662967061e-02 -2.073252840803618824e-01 0.000000000000000000e+00 6.270000000000000284e+01
3.663501884133890663e+00 -8.398546766569067401e+00 0.000000000000000000e+00 -4.360206910663411151e-02 -2.073252840803441188e-01 0.000000000000000000e+00 6.280000000000000426e+01
3.659141677223227695e+00 -8.419279294977103589e+00 0.000000000000000000e+00 -4.360206910662967061e-02 -2.073252840803618824e-01 0.000000000000000000e+00 6.290000000000000568e+01
3.654857668126686665e+00 -8.439502351727451668e+00 0.000000000000000000e+00 -4.284009096541030459e-02 -2.022305675034807848e-01 0.000000000000000000e+00 6.300000000000000000e+01
3.650681419343768663e+00 -8.459004904533605540e+00 0.000000000000000000e+00 -4.176248782918001723e-02 -1.950255280615387221e-01 0.000000000000000000e+00 6.310000000000000142e+01
3.646505170560850662e+00 -8.478507457339759412e+00 0.000000000000000000e+00 -4.176248782918001723e-02 -1.950255280615387221e-01 0.000000000000000000e+00 6.320000000000000284e+01
3.642328921777932660e+00 -8.498010010145913284e+00 0.000000000000000000e+00 -4.176248782918001723e-02 -1.950255280615387221e-01 0.000000000000000000e+00 6.330000000000000426e+01
3.638152672995014658e+00 -8.517512562952068933e+00 0.000000000000000000e+00 -4.176248782918001723e-02 -1.950255280615564857e-01 0.000000000000000000e+00 6.340000000000000568e+01
3.633942000237556869e+00 -8.537172636496443090e+00 0.000000000000000000e+00 -4.210672757457789572e-02 -1.966007354437415700e-01 0.000000000000000000e+00 6.350000000000000000e+01
3.629719145633003574e+00 -8.556888452980819793e+00 0.000000000000000000e+00 -4.222854604553294422e-02 -1.971581648437670253e-01 0.000000000000000000e+00 6.360000000000000142e+01
3.625496291028450724e+00 -8.576604269465194719e+00 0.000000000000000000e+00 -4.222854604552850333e-02 -1.971581648437492618e-01 0.000000000000000000e+00 6.370000000000000284e+01
3.621273436423897873e+00 -8.596320085949569645e+00 0.000000000000000000e+00 -4.222854604552850333e-02 -1.971581648437492618e-01 0.000000000000000000e+00 6.380000000000000426e+01
3.617050930807668152e+00 -8.616035843954451323e+00 0.000000000000000000e+00 -4.222505616229721426e-02 -1.971575800488167829e-01 0.000000000000000000e+00 6.390000000000000568e+01
3.614796903224351432e+00 -8.635421746801545950e+00 0.000000000000000000e+00 -2.254027583316720040e-02 -1.938590284709462708e-01 0.000000000000000000e+00 6.400000000000000000e+01
3.612542875641035156e+00 -8.654807649648638801e+00 0.000000000000000000e+00 -2.254027583316275951e-02 -1.938590284709285072e-01 0.000000000000000000e+00 6.410000000000000853e+01
3.610288848057718436e+00 -8.674193552495731652e+00 0.000000000000000000e+00 -2.254027583316720040e-02 -1.938590284709285072e-01 0.000000000000000000e+00 6.420000000000000284e+01
3.608034820474402160e+00 -8.693579455342824502e+00 0.000000000000000000e+00 -2.254027583316275951e-02 -1.938590284709285072e-01 0.000000000000000000e+00 6.429999999999999716e+01
3.607218641428826089e+00 -8.713018597390529862e+00 0.000000000000000000e+00 -8.161790455760709051e-03 -1.943914204770536003e-01 0.000000000000000000e+00 6.440000000000000568e+01
3.613084430905605160e+00 -8.732705152606804688e+00 0.000000000000000000e+00 5.865789476779070810e-02 -1.968655521627482585e-01 0.000000000000000000e+00 6.450000000000000000e+01
3.618950220382384675e+00 -8.752391707823079514e+00 0.000000000000000000e+00 5.865789476779514899e-02 -1.968655521627482585e-01 0.000000000000000000e+00 6.460000000000000853e+01
3.624816009859163746e+00 -8.772078263039354340e+00 0.000000000000000000e+00 5.865789476779070810e-02 -1.968655521627482585e-01 0.000000000000000000e+00 6.470000000000000284e+01
3.630681799335943261e+00 -8.791764818255629166e+00 0.000000000000000000e+00 5.865789476779514899e-02 -1.968655521627482585e-01 0.000000000000000000e+00 6.479999999999999716e+01
3.636628822016123141e+00 -8.811029467730049802e+00 0.000000000000000000e+00 5.947022680179880894e-02 -1.926464947442063647e-01 0.000000000000000000e+00 6.490000000000000568e+01
3.643118554383928398e+00 -8.827475413475152521e+00 0.000000000000000000e+00 6.489732367805256530e-02 -1.644594574510271912e-01 0.000000000000000000e+00 6.500000000000000000e+01
3.649608286751734099e+00 -8.843921359220255241e+00 0.000000000000000000e+00 6.489732367805700619e-02 -1.644594574510271912e-01 0.000000000000000000e+00 6.510000000000000853e+01
3.656098019119539355e+00 -8.860367304965357960e+00 0.000000000000000000e+00 6.489732367805256530e-02 -1.644594574510271912e-01 0.000000000000000000e+00 6.520000000000000284e+01
3.662666053918496534e+00 -8.877057587264532756e+00 0.000000000000000000e+00 6.568034798957178566e-02 -1.669028229917479678e-01 0.000000000000000000e+00 6.529999999999999716e+01
3.669638558951580087e+00 -8.895009986994518059e+00 0.000000000000000000e+00 6.972505033083553627e-02 -1.795239972998530220e-01 0.000000000000000000e+00 6.540000000000000568e+01
3.676611063984663641e+00 -8.912962386724503361e+00 0.000000000000000000e+00 6.972505033083553627e-02 -1.795239972998530220e-01 0.000000000000000000e+00 6.550000000000000000e+01
3.683583569017746751e+00 -8.930914786454488663e+00 0.000000000000000000e+00 6.972505033083109538e-02 -1.795239972998530220e-01 0.000000000000000000e+00 6.560000000000000853e+01
3.690556074050830304e+00 -8.948867186184473965e+00 0.000000000000000000e+00 6.972505033083553627e-02 -1.795239972998530220e-01 0.000000000000000000e+00 6.570000000000000284e+01
3.697587035984652104e+00 -8.967045803964497352e+00 0.000000000000000000e+00 7.030961933821799903e-02 -1.817861778002338724e-01 0.000000000000000000e+00 6.579999999999999716e+01
3.704653754610052196e+00 -8.985362793928855396e+00 0.000000000000000000e+00 7.066718625400092435e-02 -1.831698996435804361e-01 0.000000000000000000e+00 6.590000000000000568e+01
3.711720473235452733e+00 -9.003679783893215216e+00 0.000000000000000000e+00 7.066718625400536524e-02 -1.831698996435981996e-01 0.000000000000000000e+00 6.600000000000000000e+01
3.718787191860852825e+00 -9.021996773857575036e+00 0.000000000000000000e+00 7.066718625400092435e-02 -1.831698996435981996e-01 0.000000000000000000e+00 6.610000000000000853e+01
3.725853910486252918e+00 -9.040313763821934856e+00 0.000000000000000000e+00 7.066718625400092435e-02 -1.831698996435981996e-01 0.000000000000000000e+00 6.620000000000000284e+01
3.732149413371092628e+00 -9.056703261805607141e+00 0.000000000000000000e+00 6.295502884839709878e-02 -1.638949798367228539e-01 0.000000000000000000e+00 6.629999999999999716e+01
3.738431308218828519e+00 -9.073058749354828478e+00 0.000000000000000000e+00 6.281894847735891574e-02 -1.635548754922133696e-01 0.000000000000000000e+00 6.640000000000000568e+01
3.744713203066564855e+00 -9.089414236904051592e+00 0.000000000000000000e+00 6.281894847736335663e-02 -1.635548754922311332e-01 0.000000000000000000e+00 6.650000000000000000e+01
3.750995097914300747e+00 -9.105769724453274705e+00 0.000000000000000000e+00 6.281894847735891574e-02 -1.635548754922311332e-01 0.000000000000000000e+00 6.660000000000000853e+01
3.757716178971889587e+00 -9.123411243325522335e+00 0.000000000000000000e+00 6.721081057588840224e-02 -1.764151887224763016e-01 0.000000000000000000e+00 6.670000000000000284e+01
3.764518697950773873e+00 -9.141291229880309288e+00 0.000000000000000000e+00 6.802518978884286582e-02 -1.787998655478695298e-01 0.000000000000000000e+00 6.679999999999999716e+01
3.771321216929658160e+00 -9.159171216435098017e+00 0.000000000000000000e+00 6.802518978884286582e-02 -1.787998655478872934e-01 0.000000000000000000e+00 6.690000000000000568e+01
3.778123735908542002e+00 -9.177051202989884970e+00 0.000000000000000000e+00 6.802518978883842493e-02 -1.787998655478695298e-01 0.000000000000000000e+00 6.700000000000000000e+01
3.784770916977721278e+00 -9.194546673219857524e+00 0.000000000000000000e+00 6.647181069179275426e-02 -1.749547022997255397e-01 0.000000000000000000e+00 6.710000000000000853e+01
3.791100080703590613e+00 -9.211254937929233222e+00 0.000000000000000000e+00 6.329163725869335622e-02 -1.670826470937569752e-01 0.000000000000000000e+00 6.720000000000000284e+01
3.797429244429459505e+00 -9.227963202638610696e+00 0.000000000000000000e+00 6.329163725868891532e-02 -1.670826470937747388e-01 0.000000000000000000e+00 6.729999999999999716e+01
3.803758408155328397e+00 -9.244671467347988170e+00 0.000000000000000000e+00 6.329163725868891532e-02 -1.670826470937747388e-01 0.000000000000000000e+00 6.740000000000000568e+01
3.810135140634836493e+00 -9.261525393858340394e+00 0.000000000000000000e+00 6.376732479508095963e-02 -1.685392651035222400e-01 0.000000000000000000e+00 6.750000000000000000e+01
3.816873434742133142e+00 -9.279486469785863889e+00 0.000000000000000000e+00 6.738294107296649571e-02 -1.796107592752349547e-01 0.000000000000000000e+00 6.760000000000000853e+01
3.823611728849429792e+00 -9.297447545713387385e+00 0.000000000000000000e+00 6.738294107296649571e-02 -1.796107592752349547e-01 0.000000000000000000e+00 6.770000000000000284e+01
3.830350022956726441e+00 -9.315408621640912656e+00 0.000000000000000000e+00 6.738294107296649571e-02 -1.796107592752527182e-01 0.000000000000000000e+00 6.779999999999999716e+01
3.837088317064023091e+00 -9.333369697568436152e+00 0.000000000000000000e+00 6.738294107296649571e-02 -1.796107592752349547e-01 0.000000000000000000e+00 6.790000000000000568e+01
3.843554398617610168e+00 -9.350632776413464242e+00 0.000000000000000000e+00 6.466081553587077480e-02 -1.726307884502809031e-01 0.000000000000000000e+00 6.800000000000000000e+01
3.849838259449672950e+00 -9.367428611811188688e+00 0.000000000000000000e+00 6.283860832062782009e-02 -1.679583539772444567e-01 0.000000000000000000e+00 6.810000000000000853e+01
3.856122120281735732e+00 -9.384224447208911357e+00 0.000000000000000000e+00 6.283860832062782009e-02 -1.679583539772266931e-01 0.000000000000000000e+00 6.820000000000000284e+01
3.862405981113798070e+00 -9.401020282606635803e+00 0.000000000000000000e+00 6.283860832062337920e-02 -1.679583539772444567e-01 0.000000000000000000e+00 6.829999999999999716e+01
3.868838858365671651e+00 -9.418281943432203818e+00 0.000000000000000000e+00 6.432877251873581059e-02 -1.726166082556801484e-01 0.000000000000000000e+00 6.840000000000000568e+01
3.875514133124804417e+00 -9.436301339027338031e+00 0.000000000000000000e+00 6.675274759132765467e-02 -1.801939559513421329e-01 0.000000000000000000e+00 6.850000000000000000e+01
3.882189407883937626e+00 -9.454320734622474021e+00 0.000000000000000000e+00 6.675274759133209557e-02 -1.801939559513598965e-01 0.000000000000000000e+00 6.860000000000000853e+01
3.888864682643070392e+00 -9.472340130217610010e+00 0.000000000000000000e+00 6.675274759132765467e-02 -1.801939559513598965e-01 0.000000000000000000e+00 6.870000000000000284e+01
3.895539957402203601e+00 -9.490359525812744224e+00 0.000000000000000000e+00 6.675274759133209557e-02 -1.801939559513421329e-01 0.000000000000000000e+00 6.879999999999999716e+01
3.901840056376018495e+00 -9.507380657149770542e+00 0.000000000000000000e+00 6.300098973814893810e-02 -1.702113133702631842e-01 0.000000000000000000e+00 6.890000000000000568e+01
3.908081001110183639e+00 -9.524244391433287049e+00 0.000000000000000000e+00 6.240944734165143615e-02 -1.686373428351650716e-01 0.000000000000000000e+00 6.900000000000000000e+01
3.914321945844348782e+00 -9.541108125716801780e+00 0.000000000000000000e+00 6.240944734165143615e-02 -1.686373428351473081e-01 0.000000000000000000e+00 6.910000000000000853e+01
3.920562890578513926e+00 -9.557971860000316511e+00 0.000000000000000000e+00 6.240944734165143615e-02 -1.686373428351473081e-01 0.000000000000000000e+00 6.920000000000000284e+01
3.927045463973534822e+00 -9.575605456282705319e+00 0.000000000000000000e+00 6.482573395020896356e-02 -1.763359628238880816e-01 0.000000000000000000e+00 6.929999999999999716e+01
3.933663784604682689e+00 -9.593671561846802476e+00 0.000000000000000000e+00 6.618320631147867061e-02 -1.806610556409715684e-01 0.000000000000000000e+00 6.940000000000000568e+01
3.940282105235831001e+00 -9.611737667410901409e+00 0.000000000000000000e+00 6.618320631148311151e-02 -1.806610556409893320e-01 0.000000000000000000e+00 6.950000000000000000e+01
3.946900425866978868e+00 -9.629803772974998566e+00 0.000000000000000000e+00 6.618320631147867061e-02 -1.806610556409715684e-01 0.000000000000000000e+00 6.960000000000000853e+01
3.953467592571203948e+00 -9.647728672801200389e+00 0.000000000000000000e+00 6.567166704225080309e-02 -1.792489982620182332e-01 0.000000000000000000e+00 6.970000000000000284e+01
3.959669106058653743e+00 -9.664644220356825244e+00 0.000000000000000000e+00 6.201513487449794582e-02 -1.691554755562485468e-01 0.000000000000000000e+00 6.979999999999999716e+01
3.965870619546103981e+00 -9.681559767912451875e+00 0.000000000000000000e+00 6.201513487450238671e-02 -1.691554755562663104e-01 0.000000000000000000e+00 6.990000000000000568e+01
3.972072133033553776e+00 -9.698475315468078506e+00 0.000000000000000000e+00 6.201513487449794582e-02 -1.691554755562663104e-01 0.000000000000000000e+00 7.000000000000000000e+01
3.978273646521003570e+00 -9.715390863023705137e+00 0.000000000000000000e+00 6.201513487449794582e-02 -1.691554755562663104e-01 0.000000000000000000e+00 7.010000000000000853e+01
3.984801877736469766e+00 -9.733367846736145523e+00 0.000000000000000000e+00 6.528231215466195891e-02 -1.797698371244038640e-01 0.000000000000000000e+00 7.020000000000000284e+01
3.991368490775764055e+00 -9.751469524801178679e+00 0.000000000000000000e+00 6.566613039294288967e-02 -1.810167806503315546e-01 0.000000000000000000e+00 7.029999999999999716e+01
3.997935103815057900e+00 -9.769571202866211834e+00 0.000000000000000000e+00 6.566613039293844878e-02 -1.810167806503315546e-01 0.000000000000000000e+00 7.040000000000000568e+01
4.004501716854352189e+00 -9.787672880931244990e+00 0.000000000000000000e+00 6.566613039294288967e-02 -1.810167806503315546e-01 0.000000000000000000e+00 7.050000000000000000e+01
4.010917402840017409e+00 -9.805342937432573791e+00 0.000000000000000000e+00 6.415685985665220414e-02 -1.767005650132880135e-01 0.000000000000000000e+00 7.060000000000000853e+01
4.017083133112716808e+00 -9.822298169963692871e+00 0.000000000000000000e+00 6.165730272699398995e-02 -1.695523253111907991e-01 0.000000000000000000e+00 7.070000000000000284e+01
4.023248863385417096e+00 -9.839253402494811951e+00 0.000000000000000000e+00 6.165730272700287173e-02 -1.695523253111907991e-01 0.000000000000000000e+00 7.079999999999999716e+01
4.029414593658116495e+00 -9.856208635025931031e+00 0.000000000000000000e+00 6.165730272699398995e-02 -1.695523253111907991e-01 0.000000000000000000e+00 7.090000000000000568e+01
4.035631770176738797e+00 -9.873334633619899492e+00 0.000000000000000000e+00 6.217176518622302694e-02 -1.712599859396846114e-01 0.000000000000000000e+00 7.100000000000000000e+01
4.042152268346552724e+00 -9.891467450947139639e+00 0.000000000000000000e+00 6.520498169813926381e-02 -1.813281732724014716e-01 0.000000000000000000e+00 7.110000000000000853e+01
4.048672766516366650e+00 -9.909600268274379786e+00 0.000000000000000000e+00 6.520498169813926381e-02 -1.813281732724014716e-01 0.000000000000000000e+00 7.120000000000000284e+01
4.055193264686180576e+00 -9.927733085601619933e+00 0.000000000000000000e+00 6.520498169813926381e-02 -1.813281732724014716e-01 0.000000000000000000e+00 7.129999999999999716e+01
4.061713762855994503e+00 -9.945865902928860081e+00 0.000000000000000000e+00 6.520498169813926381e-02 -1.813281732724014716e-01 0.000000000000000000e+00 7.140000000000000568e+01
4.068001961447762049e+00 -9.963295638488123274e+00 0.000000000000000000e+00 6.288198591767546475e-02 -1.742973555926319307e-01 0.000000000000000000e+00 7.150000000000000000e+01
4.074150590317283438e+00 -9.980302950003839157e+00 0.000000000000000000e+00 6.148628869521388651e-02 -1.700731151571588384e-01 0.000000000000000000e+00 7.160000000000000853e+01
4.080299219186804827e+00 -9.997310261519555041e+00 0.000000000000000000e+00 6.148628869521388651e-02 -1.700731151571588384e-01 0.000000000000000000e+00 7.170000000000000284e+01
4.086447848056326215e+00 -1.001431757303527093e+01 0.000000000000000000e+00 6.148628869521388651e-02 -1.700731151571588384e-01 0.000000000000000000e+00 7.179999999999999716e+01
4.092719516345746378e+00 -1.003175227843755124e+01 0.000000000000000000e+00 6.271668289420162523e-02 -1.743470540228031496e-01 0.000000000000000000e+00 7.190000000000000568e+01
4.099188074465897280e+00 -1.004987090700893226e+01 0.000000000000000000e+00 6.468558120150902369e-02 -1.811862857138102356e-01 0.000000000000000000e+00 7.200000000000000000e+01
4.105656632586048183e+00 -1.006798953558031329e+01 0.000000000000000000e+00 6.468558120150902369e-02 -1.811862857138102356e-01 0.000000000000000000e+00 7.210000000000000853e+01
4.112125190706199973e+00 -1.008610816415169431e+01 0.000000000000000000e+00 6.468558120151790547e-02 -1.811862857138102356e-01 0.000000000000000000e+00 7.220000000000000284e+01
4.118593748826350875e+00 -1.010422679272307533e+01 0.000000000000000000e+00 6.468558120150902369e-02 -1.811862857138102356e-01 0.000000000000000000e+00 7.229999999999999716e+01
4.124737093382035091e+00 -1.012139983787793085e+01 0.000000000000000000e+00 6.143344555684215891e-02 -1.717304515485551519e-01 0.000000000000000000e+00 7.240000000000000568e+01
4.130832403354528282e+00 -1.013843321879289228e+01 0.000000000000000000e+00 6.095309972493190287e-02 -1.703338091496142681e-01 0.000000000000000000e+00 7.250000000000000000e+01
4.136927713327021472e+00 -1.015546659970785370e+01 0.000000000000000000e+00 6.095309972493190287e-02 -1.703338091496142681e-01 0.000000000000000000e+00 7.260000000000000853e+01
4.143023023299514662e+00 -1.017249998062281513e+01 0.000000000000000000e+00 6.095309972493190287e-02 -1.703338091496142681e-01 0.000000000000000000e+00 7.270000000000000284e+01
4.149420824867616986e+00 -1.019042339516973783e+01 0.000000000000000000e+00 6.397801568102323699e-02 -1.792341454692270020e-01 0.000000000000000000e+00 7.279999999999999716e+01
4.155999226696707183e+00 -1.020887819739339086e+01 0.000000000000000000e+00 6.578401829090196884e-02 -1.845480222365303291e-01 0.000000000000000000e+00 7.290000000000000568e+01
4.162577628525798268e+00 -1.022733299961704390e+01 0.000000000000000000e+00 6.578401829091085062e-02 -1.845480222365303291e-01 0.000000000000000000e+00 7.300000000000000000e+01
4.169156030354888465e+00 -1.024578780184069693e+01 0.000000000000000000e+00 6.578401829090196884e-02 -1.845480222365303291e-01 0.000000000000000000e+00 7.310000000000000853e+01
4.175715045642351519e+00 -1.026420536784081072e+01 0.000000000000000000e+00 6.559015287463054733e-02 -1.841756600011379419e-01 0.000000000000000000e+00 7.320000000000000284e+01
4.181600877538994787e+00 -1.028132993338190815e+01 0.000000000000000000e+00 5.885831896643267669e-02 -1.712456554109742513e-01 0.000000000000000000e+00 7.329999999999999716e+01
4.187486709435638055e+00 -1.029845449892300557e+01 0.000000000000000000e+00 5.885831896643267669e-02 -1.712456554109742513e-01 0.000000000000000000e+00 7.340000000000000568e+01
4.193372541332281322e+00 -1.031557906446410300e+01 0.000000000000000000e+00 5.885831896643267669e-02 -1.712456554109742513e-01 0.000000000000000000e+00 7.350000000000000000e+01
4.199258373228924590e+00 -1.033270363000520042e+01 0.000000000000000000e+00 5.885831896643267669e-02 -1.712456554109742513e-01 0.000000000000000000e+00 7.360000000000000853e+01
4.201521037397282221e+00 -1.035226578861907143e+01 0.000000000000000000e+00 2.262664168357630956e-02 -1.956215861387100574e-01 0.000000000000000000e+00 7.370000000000000284e+01
4.202852227737322366e+00 -1.037245462375516247e+01 0.000000000000000000e+00 1.331190340040144804e-02 -2.018883513609104341e-01 0.000000000000000000e+00 7.379999999999999716e+01
4.204183418077361623e+00 -1.039264345889125529e+01 0.000000000000000000e+00 1.331190340039256625e-02 -2.018883513609281977e-01 0.000000000000000000e+00 7.390000000000000568e+01
4.205514608417400879e+00 -1.041283229402734634e+01 0.000000000000000000e+00 1.331190340039256625e-02 -2.018883513609104341e-01 0.000000000000000000e+00 7.400000000000000000e+01
4.206828799155737819e+00 -1.043301952909268948e+01 0.000000000000000000e+00 1.314190738336940001e-02 -2.018723506534314538e-01 0.000000000000000000e+00 7.410000000000000853e+01
4.207821696113597021e+00 -1.045317652269776687e+01 0.000000000000000000e+00 9.928969578592017342e-03 -2.015699360507738902e-01 0.000000000000000000e+00 7.420000000000000284e+01
4.208814593071457111e+00 -1.047333351630284248e+01 0.000000000000000000e+00 9.928969578600899126e-03 -2.015699360507561266e-01 0.000000000000000000e+00 7.429999999999999716e+01
4.209807490029316313e+00 -1.049349050990791810e+01 0.000000000000000000e+00 9.928969578592017342e-03 -2.015699360507561266e-01 0.000000000000000000e+00 7.440000000000000568e+01
4.210800386987176402e+00 -1.051364750351299371e+01 0.000000000000000000e+00 9.928969578600899126e-03 -2.015699360507561266e-01 0.000000000000000000e+00 7.450000000000000000e+01
4.211730177791968011e+00 -1.053325179581544901e+01 0.000000000000000000e+00 9.297908047916081387e-03 -1.960429230245530619e-01 0.000000000000000000e+00 7.460000000000000853e+01
4.212539882247591017e+00 -1.055180433835365328e+01 0.000000000000000000e+00 8.097044556230059698e-03 -1.855254253820426413e-01 0.000000000000000000e+00 7.470000000000000284e+01
4.213349586703214911e+00 -1.057035688089185932e+01 0.000000000000000000e+00 8.097044556238941482e-03 -1.855254253820604049e-01 0.000000000000000000e+00 7.479999999999999716e+01
4.214159291158837917e+00 -1.058890942343006536e+01 0.000000000000000000e+00 8.097044556230059698e-03 -1.855254253820604049e-01 0.000000000000000000e+00 7.490000000000000568e+01
4.214968014098543492e+00 -1.060745895175066167e+01 0.000000000000000000e+00 8.087229397055750724e-03 -1.854952832059630907e-01 0.000000000000000000e+00 7.500000000000000000e+01
4.215698159548920465e+00 -1.062576717002473536e+01 0.000000000000000000e+00 7.301454503769733151e-03 -1.830821827407369540e-01 0.000000000000000000e+00 7.510000000000000853e+01
4.216428304999297438e+00 -1.064407538829880728e+01 0.000000000000000000e+00 7.301454503769733151e-03 -1.830821827407191904e-01 0.000000000000000000e+00 7.520000000000000284e+01
4.217158450449675300e+00 -1.066238360657288098e+01 0.000000000000000000e+00 7.301454503778614935e-03 -1.830821827407369540e-01 0.000000000000000000e+00 7.529999999999999716e+01
4.217888595900052273e+00 -1.068069182484695290e+01 0.000000000000000000e+00 7.301454503769733151e-03 -1.830821827407191904e-01 0.000000000000000000e+00 7.540000000000000568e+01
4.218487371766404870e+00 -1.070061777867169184e+01 0.000000000000000000e+00 5.987758663525966085e-03 -1.992595382473894006e-01 0.000000000000000000e+00 7.550000000000000000e+01
4.219039971915155007e+00 -1.072111235803100548e+01 0.000000000000000000e+00 5.526001487501375209e-03 -2.049457935931364716e-01 0.000000000000000000e+00 7.560000000000000853e+01
4.219592572063906033e+00 -1.074160693739032091e+01 0.000000000000000000e+00 5.526001487510256993e-03 -2.049457935931542352e-01 0.000000000000000000e+00 7.570000000000000284e+01
4.220145172212656171e+00 -1.076210151674963633e+01 0.000000000000000000e+00 5.526001487501375209e-03 -2.049457935931542352e-01 0.000000000000000000e+00 7.579999999999999716e+01
4.220697772361406308e+00 -1.078259609610894998e+01 0.000000000000000000e+00 5.526001487501375209e-03 -2.049457935931364716e-01 0.000000000000000000e+00 7.590000000000000568e+01
4.221165919851650905e+00 -1.080129179332723766e+01 0.000000000000000000e+00 4.681474902445970088e-03 -1.869569721828767683e-01 0.000000000000000000e+00 7.600000000000000000e+01
4.221628277345217839e+00 -1.081986416083864100e+01 0.000000000000000000e+00 4.623574935669338970e-03 -1.857236751140334263e-01 0.000000000000000000e+00 7.610000000000000853e+01
4.222090634838784773e+00 -1.083843652835004434e+01 0.000000000000000000e+00 4.623574935669338970e-03 -1.857236751140334263e-01 0.000000000000000000e+00 7.620000000000000284e+01
4.222552992332351707e+00 -1.085700889586144591e+01 0.000000000000000000e+00 4.623574935669338970e-03 -1.857236751140156628e-01 0.000000000000000000e+00 7.629999999999999716e+01
4.223009474025321452e+00 -1.087481040667352161e+01 0.000000000000000000e+00 4.564816929697457226e-03 -1.780151081207570485e-01 0.000000000000000000e+00 7.640000000000000568e+01
4.223462111923885764e+00 -1.089210764328190884e+01 0.000000000000000000e+00 4.526378985643120245e-03 -1.729723660838722310e-01 0.000000000000000000e+00 7.650000000000000000e+01
4.223914749822450965e+00 -1.090940487989029783e+01 0.000000000000000000e+00 4.526378985652002029e-03 -1.729723660838899946e-01 0.000000000000000000e+00 7.660000000000000853e+01
4.224367387721015277e+00 -1.092670211649868506e+01 0.000000000000000000e+00 4.526378985643120245e-03 -1.729723660838722310e-01 0.000000000000000000e+00 7.670000000000000284e+01
4.224786054313699246e+00 -1.094459766661566746e+01 0.000000000000000000e+00 4.186665926839694407e-03 -1.789555011698240605e-01 0.000000000000000000e+00 7.680000000000001137e+01
4.225177981502776348e+00 -1.096296415966447668e+01 0.000000000000000000e+00 3.919271890771014455e-03 -1.836649304880921818e-01 0.000000000000000000e+00 7.690000000000000568e+01
4.225569908691853449e+00 -1.098133065271328412e+01 0.000000000000000000e+00 3.919271890771014455e-03 -1.836649304880744182e-01 0.000000000000000000e+00 7.700000000000000000e+01
4.225961835880930551e+00 -1.099969714576209157e+01 0.000000000000000000e+00 3.919271890771014455e-03 -1.836649304880744182e-01 0.000000000000000000e+00 7.710000000000000853e+01
4.226321051234435799e+00 -1.101843796329752578e+01 0.000000000000000000e+00 3.592153535052489133e-03 -1.874081753543421769e-01 0.000000000000000000e+00 7.720000000000000284e+01
4.226591307607051817e+00 -1.103819674647964888e+01 0.000000000000000000e+00 2.702563726160178703e-03 -1.975878318212309637e-01 0.000000000000000000e+00 7.730000000000001137e+01
4.226861563979667835e+00 -1.105795552966177198e+01 0.000000000000000000e+00 2.702563726160178703e-03 -1.975878318212309637e-01 0.000000000000000000e+00 7.740000000000000568e+01
4.227131820352283853e+00 -1.107771431284389507e+01 0.000000000000000000e+00 2.702563726160178703e-03 -1.975878318212309637e-01 0.000000000000000000e+00 7.750000000000000000e+01
4.227402076724899871e+00 -1.109747309602601817e+01 0.000000000000000000e+00 2.702563726160178703e-03 -1.975878318212309637e-01 0.000000000000000000e+00 7.760000000000000853e+01
4.225644659343732457e+00 -1.111773630183912864e+01 0.000000000000000000e+00 -1.757417381167414305e-02 -2.026320581311047420e-01 0.000000000000000000e+00 7.770000000000000284e+01
4.222787190416608105e+00 -1.113827316651575217e+01 0.000000000000000000e+00 -2.857468927124351410e-02 -2.053686467662352300e-01 0.000000000000000000e+00 7.780000000000001137e+01
4.219929721489482866e+00 -1.115881003119237391e+01 0.000000000000000000e+00 -2.857468927125239588e-02 -2.053686467662174664e-01 0.000000000000000000e+00 7.790000000000000568e+01
4.217072252562358514e+00 -1.117934689586899566e+01 0.000000000000000000e+00 -2.857468927124351410e-02 -2.053686467662174664e-01 0.000000000000000000e+00 7.800000000000000000e+01
4.214214783635234163e+00 -1.119988376054561741e+01 0.000000000000000000e+00 -2.857468927124351410e-02 -2.053686467662174664e-01 0.000000000000000000e+00 7.810000000000000853e+01
4.207504155902982212e+00 -1.121853970239051357e+01 0.000000000000000000e+00 -6.710627732251950306e-02 -1.865594184489616225e-01 0.000000000000000000e+00 7.820000000000000284e+01
4.193947473218885058e+00 -1.123385373653904296e+01 0.000000000000000000e+00 -1.355668268409715438e-01 -1.531403414852938738e-01 0.000000000000000000e+00 7.830000000000001137e+01
4.180390790534787904e+00 -1.124916777068757234e+01 0.000000000000000000e+00 -1.355668268409715438e-01 -1.531403414852938738e-01 0.000000000000000000e+00 7.840000000000000568e+01
4.166834107850690749e+00 -1.126448180483610173e+01 0.000000000000000000e+00 -1.355668268409715438e-01 -1.531403414852938738e-01 0.000000000000000000e+00 7.850000000000000000e+01
4.153277425166593595e+00 -1.127979583898463112e+01 0.000000000000000000e+00 -1.355668268409715438e-01 -1.531403414852938738e-01 0.000000000000000000e+00 7.860000000000000853e+01
4.139016339277882039e+00 -1.129301846059179404e+01 0.000000000000000000e+00 -1.426108588871155547e-01 -1.322262160716292101e-01 0.000000000000000000e+00 7.870000000000000284e+01
4.124390521710807889e+00 -1.130515817343113305e+01 0.000000000000000000e+00 -1.462581756707415082e-01 -1.213971283933901191e-01 0.000000000000000000e+00 7.880000000000001137e+01
4.109764704143733738e+00 -1.131729788627047206e+01 0.000000000000000000e+00 -1.462581756707415082e-01 -1.213971283933901191e-01 0.000000000000000000e+00 7.890000000000000568e+01
4.095138886576659587e+00 -1.132943759910981107e+01 0.000000000000000000e+00 -1.462581756707415082e-01 -1.213971283933901191e-01 0.000000000000000000e+00 7.900000000000000000e+01
4.080302058633642481e+00 -1.134169730608715021e+01 0.000000000000000000e+00 -1.483682794301710572e-01 -1.225970697733913539e-01 0.000000000000000000e+00 7.910000000000000853e+01
4.064798452400446571e+00 -1.135433618629618202e+01 0.000000000000000000e+00 -1.550360623319591014e-01 -1.263888020903181086e-01 0.000000000000000000e+00 7.920000000000000284e+01
4.049294846167249773e+00 -1.136697506650521383e+01 0.000000000000000000e+00 -1.550360623319679831e-01 -1.263888020903181086e-01 0.000000000000000000e+00 7.930000000000001137e+01
4.033791239934053863e+00 -1.137961394671424564e+01 0.000000000000000000e+00 -1.550360623319591014e-01 -1.263888020903181086e-01 0.000000000000000000e+00 7.940000000000000568e+01
4.018287633700857953e+00 -1.139225282692327745e+01 0.000000000000000000e+00 -1.550360623319591014e-01 -1.263888020903181086e-01 0.000000000000000000e+00 7.950000000000000000e+01
4.002346154542109069e+00 -1.140515827736303756e+01 0.000000000000000000e+00 -1.594147915874888355e-01 -1.290545043976010220e-01 0.000000000000000000e+00 7.960000000000000853e+01
3.986091538348448537e+00 -1.141825436076221401e+01 0.000000000000000000e+00 -1.625461619366053156e-01 -1.309608339917645026e-01 0.000000000000000000e+00 7.970000000000000284e+01
3.969836922154788006e+00 -1.143135044416139046e+01 0.000000000000000000e+00 -1.625461619366053156e-01 -1.309608339917645026e-01 0.000000000000000000e+00 7.980000000000001137e+01
3.953582305961127918e+00 -1.144444652756056691e+01 0.000000000000000000e+00 -1.625461619366008748e-01 -1.309608339917645026e-01 0.000000000000000000e+00 7.990000000000000568e+01
3.937327689767467387e+00 -1.145754261095974158e+01 0.000000000000000000e+00 -1.625461619366053156e-01 -1.309608339917467390e-01 0.000000000000000000e+00 8.000000000000000000e+01
3.921989922337273615e+00 -1.146993845238739773e+01 0.000000000000000000e+00 -1.533776743019377165e-01 -1.239584142765615127e-01 0.000000000000000000e+00 8.010000000000000853e+01
3.907007193357793895e+00 -1.148206313369072085e+01 0.000000000000000000e+00 -1.498272897947972027e-01 -1.212468130332311489e-01 0.000000000000000000e+00 8.020000000000000284e+01
3.892024464378314175e+00 -1.149418781499404574e+01 0.000000000000000000e+00 -1.498272897947972027e-01 -1.212468130332489125e-01 0.000000000000000000e+00 8.030000000000001137e+01
3.877041735398834454e+00 -1.150631249629736885e+01 0.000000000000000000e+00 -1.498272897947972027e-01 -1.212468130332311489e-01 0.000000000000000000e+00 8.040000000000000568e+01
3.862264694706863732e+00 -1.151829737763051220e+01 0.000000000000000000e+00 -1.477704069197072201e-01 -1.198488133314334902e-01 0.000000000000000000e+00 8.050000000000000000e+01
3.848151588224648201e+00 -1.152983100340676614e+01 0.000000000000000000e+00 -1.411310648221553166e-01 -1.153362577625394181e-01 0.000000000000000000e+00 8.060000000000000853e+01
3.834038481742432669e+00 -1.154136462918302186e+01 0.000000000000000000e+00 -1.411310648221553166e-01 -1.153362577625571816e-01 0.000000000000000000e+00 8.070000000000000284e+01
3.819925375260216693e+00 -1.155289825495927580e+01 0.000000000000000000e+00 -1.411310648221597575e-01 -1.153362577625394181e-01 0.000000000000000000e+00 8.080000000000001137e+01
3.805796746018693444e+00 -1.156444134417083092e+01 0.000000000000000000e+00 -1.412862924152324950e-01 -1.154308921155511314e-01 0.000000000000000000e+00 8.090000000000000568e+01
3.789484381407369984e+00 -1.157731574555285015e+01 0.000000000000000000e+00 -1.631236461132345994e-01 -1.287440138201922935e-01 0.000000000000000000e+00 8.100000000000000000e+01
3.773172016796046524e+00 -1.159019014693486938e+01 0.000000000000000000e+00 -1.631236461132345994e-01 -1.287440138201922935e-01 0.000000000000000000e+00 8.110000000000000853e+01
3.756859652184723064e+00 -1.160306454831688860e+01 0.000000000000000000e+00 -1.631236461132345994e-01 -1.287440138201922935e-01 0.000000000000000000e+00 8.120000000000000284e+01
3.740547287573399604e+00 -1.161593894969890783e+01 0.000000000000000000e+00 -1.631236461132345994e-01 -1.287440138201922935e-01 0.000000000000000000e+00 8.130000000000001137e+01
3.724289031569503194e+00 -1.162876757104650771e+01 0.000000000000000000e+00 -1.625825600389640968e-01 -1.282862134759987782e-01 0.000000000000000000e+00 8.140000000000000568e+01
3.709437348685770797e+00 -1.164040612358779114e+01 0.000000000000000000e+00 -1.485168288373239776e-01 -1.163855254128343120e-01 0.000000000000000000e+00 8.150000000000000000e+01
3.694585665802038399e+00 -1.165204467612907457e+01 0.000000000000000000e+00 -1.485168288373239776e-01 -1.163855254128343120e-01 0.000000000000000000e+00 8.160000000000000853e+01
3.679733982918306001e+00 -1.166368322867035623e+01 0.000000000000000000e+00 -1.485168288373239776e-01 -1.163855254128165484e-01 0.000000000000000000e+00 8.170000000000000284e+01
3.664882300034573603e+00 -1.167532178121163966e+01 0.000000000000000000e+00 -1.485168288373239776e-01 -1.163855254128343120e-01 0.000000000000000000e+00 8.180000000000001137e+01
3.650387855697427852e+00 -1.168685751441716647e+01 0.000000000000000000e+00 -1.449444433714575098e-01 -1.153573320552681025e-01 0.000000000000000000e+00 8.190000000000000568e+01
3.636054427876534767e+00 -1.169834690432798219e+01 0.000000000000000000e+00 -1.433342782089308542e-01 -1.148938991081571714e-01 0.000000000000000000e+00 8.200000000000000000e+01
3.621721000055641237e+00 -1.170983629423879790e+01 0.000000000000000000e+00 -1.433342782089352951e-01 -1.148938991081571714e-01 0.000000000000000000e+00 8.210000000000000853e+01
3.607387572234748152e+00 -1.172132568414961362e+01 0.000000000000000000e+00 -1.433342782089308542e-01 -1.148938991081571714e-01 0.000000000000000000e+00 8.220000000000000284e+01
3.593157952958865309e+00 -1.173278913769538434e+01 0.000000000000000000e+00 -1.422961927588284325e-01 -1.146345354577071873e-01 0.000000000000000000e+00 8.230000000000001137e+01
3.579100047015575381e+00 -1.174420968899571172e+01 0.000000000000000000e+00 -1.405790594328992782e-01 -1.142055130032737509e-01 0.000000000000000000e+00 8.240000000000000568e+01
3.565042141072285453e+00 -1.175563024029603731e+01 0.000000000000000000e+00 -1.405790594328992782e-01 -1.142055130032559873e-01 0.000000000000000000e+00 8.250000000000000000e+01
3.550984235128995525e+00 -1.176705079159636469e+01 0.000000000000000000e+00 -1.405790594328992782e-01 -1.142055130032737509e-01 0.000000000000000000e+00 8.260000000000000853e+01
3.536794364196778506e+00 -1.177843772598101069e+01 0.000000000000000000e+00 -1.418987093221701912e-01 -1.138693438464599694e-01 0.000000000000000000e+00 8.270000000000000284e+01
3.521519740107318608e+00 -1.178954832907721872e+01 0.000000000000000000e+00 -1.527462408945989836e-01 -1.111060309620803821e-01 0.000000000000000000e+00 8.280000000000001137e+01
3.506245116017858265e+00 -1.180065893217342499e+01 0.000000000000000000e+00 -1.527462408946034245e-01 -1.111060309620626185e-01 0.000000000000000000e+00 8.290000000000000568e+01
3.490970491928398367e+00 -1.181176953526963302e+01 0.000000000000000000e+00 -1.527462408945989836e-01 -1.111060309620803821e-01 0.000000000000000000e+00 8.300000000000000000e+01
3.475695867838938469e+00 -1.182288013836583929e+01 0.000000000000000000e+00 -1.527462408945989836e-01 -1.111060309620626185e-01 0.000000000000000000e+00 8.310000000000000853e+01
3.460114022544315215e+00 -1.183261378504731987e+01 0.000000000000000000e+00 -1.558184529462325330e-01 -9.733646681480578877e-02 0.000000000000000000e+00 8.320000000000000284e+01
3.443809169503761591e+00 -1.183910693225504573e+01 0.000000000000000000e+00 -1.630485304055362406e-01 -6.493147207725868952e-02 0.000000000000000000e+00 8.330000000000001137e+01
3.427504316463207967e+00 -1.184560007946277338e+01 0.000000000000000000e+00 -1.630485304055362406e-01 -6.493147207727645309e-02 0.000000000000000000e+00 8.340000000000000568e+01
3.411199463422653899e+00 -1.185209322667050102e+01 0.000000000000000000e+00 -1.630485304055406814e-01 -6.493147207727645309e-02 0.000000000000000000e+00 8.350000000000000000e+01
3.394894610382100275e+00 -1.185858637387822867e+01 0.000000000000000000e+00 -1.630485304055362406e-01 -6.493147207727645309e-02 0.000000000000000000e+00 8.360000000000000853e+01
3.377921121878189492e+00 -1.185789227982551886e+01 0.000000000000000000e+00 -1.697348850391078301e-01 6.940940527098149460e-03 0.000000000000000000e+00 8.370000000000000284e+01
3.360524921913026652e+00 -1.185265441054390223e+01 0.000000000000000000e+00 -1.739619996516283962e-01 5.237869281616625017e-02 0.000000000000000000e+00 8.380000000000001137e+01
3.343128721947863813e+00 -1.184741654126228738e+01 0.000000000000000000e+00 -1.739619996516283962e-01 5.237869281614848660e-02 0.000000000000000000e+00 8.390000000000000568e+01
3.325732521982700973e+00 -1.184217867198067253e+01 0.000000000000000000e+00 -1.739619996516283962e-01 5.237869281614848660e-02 0.000000000000000000e+00 8.400000000000000000e+01
3.308340675483519178e+00 -1.183674284892137152e+01 0.000000000000000000e+00 -1.739184649918179559e-01 5.435823059301014837e-02 0.000000000000000000e+00 8.410000000000000853e+01
3.291065824117249683e+00 -1.182598721203281933e+01 0.000000000000000000e+00 -1.727485136626949469e-01 1.075563688855218913e-01 0.000000000000000000e+00 8.420000000000000284e+01
3.273790972750980188e+00 -1.181523157514426892e+01 0.000000000000000000e+00 -1.727485136626949469e-01 1.075563688855041278e-01 0.000000000000000000e+00 8.430000000000001137e+01
3.256516121384710694e+00 -1.180447593825571673e+01 0.000000000000000000e+00 -1.727485136626949469e-01 1.075563688855218913e-01 0.000000000000000000e+00 8.440000000000000568e+01
3.239241270018441643e+00 -1.179372030136716631e+01 0.000000000000000000e+00 -1.727485136626905060e-01 1.075563688855041278e-01 0.000000000000000000e+00 8.450000000000000000e+01
3.221996491398898321e+00 -1.178298833500256571e+01 0.000000000000000000e+00 -1.724477861954332170e-01 1.073196636460060915e-01 0.000000000000000000e+00 8.460000000000000853e+01
3.205543687422376387e+00 -1.177287973885842653e+01 0.000000000000000000e+00 -1.645280397652193471e-01 1.010859614413917029e-01 0.000000000000000000e+00 8.470000000000000284e+01
3.189090883445854008e+00 -1.176277114271428736e+01 0.000000000000000000e+00 -1.645280397652237880e-01 1.010859614413917029e-01 0.000000000000000000e+00 8.480000000000001137e+01
3.172638079469332073e+00 -1.175266254657014819e+01 0.000000000000000000e+00 -1.645280397652193471e-01 1.010859614413917029e-01 0.000000000000000000e+00 8.490000000000000568e+01
3.156185275492810138e+00 -1.174255395042601080e+01 0.000000000000000000e+00 -1.645280397652193471e-01 1.010859614413739394e-01 0.000000000000000000e+00 8.500000000000000000e+01
3.140028409772123386e+00 -1.173233835739817543e+01 0.000000000000000000e+00 -1.615686572068675275e-01 1.021559302783536793e-01 0.000000000000000000e+00 8.510000000000000853e+01
3.124175477789806088e+00 -1.172201287670893244e+01 0.000000000000000000e+00 -1.585293198231729761e-01 1.032548068924299400e-01 0.000000000000000000e+00 8.520000000000000284e+01
3.108322545807488790e+00 -1.171168739601968944e+01 0.000000000000000000e+00 -1.585293198231729761e-01 1.032548068924299400e-01 0.000000000000000000e+00 8.530000000000001137e+01
3.092469613825171049e+00 -1.170136191533044645e+01 0.000000000000000000e+00 -1.585293198231774170e-01 1.032548068924299400e-01 0.000000000000000000e+00 8.540000000000000568e+01
3.076612151132176010e+00 -1.169103447994721279e+01 0.000000000000000000e+00 -1.585746269299503908e-01 1.032743538323366295e-01 0.000000000000000000e+00 8.550000000000000000e+01
3.060643871832057439e+00 -1.168065923472325984e+01 0.000000000000000000e+00 -1.596827930011857077e-01 1.037524522395294468e-01 0.000000000000000000e+00 8.560000000000000853e+01
3.044675592531938868e+00 -1.167028398949930690e+01 0.000000000000000000e+00 -1.596827930011857077e-01 1.037524522395294468e-01 0.000000000000000000e+00 8.570000000000000284e+01
3.028707313231820297e+00 -1.165990874427535395e+01 0.000000000000000000e+00 -1.596827930011857077e-01 1.037524522395294468e-01 0.000000000000000000e+00 8.580000000000001137e+01
3.012739033931701726e+00 -1.164953349905140101e+01 0.000000000000000000e+00 -1.596827930011857077e-01 1.037524522395294468e-01 0.000000000000000000e+00 8.590000000000000568e+01
2.996536713036560773e+00 -1.163904244041160219e+01 0.000000000000000000e+00 -1.620232089514095364e-01 1.049105863979882258e-01 0.000000000000000000e+00 8.600000000000000000e+01
2.980147631669375130e+00 -1.162845896500199672e+01 0.000000000000000000e+00 -1.638908136718564279e-01 1.058347540960546951e-01 0.000000000000000000e+00 8.610000000000000853e+01
2.963758550302189043e+00 -1.161787548959239125e+01 0.000000000000000000e+00 -1.638908136718608688e-01 1.058347540960546951e-01 0.000000000000000000e+00 8.620000000000000284e+01
2.947369468935002956e+00 -1.160729201418278400e+01 0.000000000000000000e+00 -1.638908136718608688e-01 1.058347540960724587e-01 0.000000000000000000e+00 8.630000000000001137e+01
2.930893441393222609e+00 -1.159665577675354875e+01 0.000000000000000000e+00 -1.647602754178034701e-01 1.063623742923525128e-01 0.000000000000000000e+00 8.640000000000000568e+01
2.912248708524562080e+00 -1.158470349208520744e+01 0.000000000000000000e+00 -1.864473286866052959e-01 1.195228466834130643e-01 0.000000000000000000e+00 8.650000000000000000e+01
2.893603975655901550e+00 -1.157275120741686614e+01 0.000000000000000000e+00 -1.864473286866052959e-01 1.195228466834130643e-01 0.000000000000000000e+00 8.660000000000000853e+01
2.874959242787241021e+00 -1.156079892274852483e+01 0.000000000000000000e+00 -1.864473286866052959e-01 1.195228466834130643e-01 0.000000000000000000e+00 8.670000000000000284e+01
2.856314509918580491e+00 -1.154884663808018352e+01 0.000000000000000000e+00 -1.864473286866052959e-01 1.195228466834130643e-01 0.000000000000000000e+00 8.680000000000001137e+01
2.837669777049919961e+00 -1.153689435341184222e+01 0.000000000000000000e+00 -1.864473286866052959e-01 1.195228466834130643e-01 0.000000000000000000e+00 8.690000000000000568e+01
2.820573293236646517e+00 -1.152593231452695299e+01 0.000000000000000000e+00 -1.709648381327344424e-01 1.096203888488922473e-01 0.000000000000000000e+00 8.700000000000000000e+01
2.803969288998038323e+00 -1.151528526102542571e+01 0.000000000000000000e+00 -1.660400423860819430e-01 1.064705350152728158e-01 0.000000000000000000e+00 8.710000000000000853e+01
2.787365284759429684e+00 -1.150463820752389843e+01 0.000000000000000000e+00 -1.660400423860863839e-01 1.064705350152728158e-01 0.000000000000000000e+00 8.720000000000000284e+01
2.770761280520821046e+00 -1.149399115402237115e+01 0.000000000000000000e+00 -1.660400423860863839e-01 1.064705350152728158e-01 0.000000000000000000e+00 8.730000000000001137e+01
2.754275754709457846e+00 -1.148342340129238792e+01 0.000000000000000000e+00 -1.648552581136319972e-01 1.056775272998322635e-01 0.000000000000000000e+00 8.740000000000000568e+01
2.738618541505222659e+00 -1.147341006028402965e+01 0.000000000000000000e+00 -1.565721320423518748e-01 1.001334100835826746e-01 0.000000000000000000e+00 8.750000000000000000e+01
2.722961328300987471e+00 -1.146339671927567139e+01 0.000000000000000000e+00 -1.565721320423518748e-01 1.001334100835826746e-01 0.000000000000000000e+00 8.760000000000000853e+01
2.707304115096752284e+00 -1.145338337826731312e+01 0.000000000000000000e+00 -1.565721320423518748e-01 1.001334100835826746e-01 0.000000000000000000e+00 8.770000000000000284e+01
2.691646901892517540e+00 -1.144337003725895663e+01 0.000000000000000000e+00 -1.565721320423474339e-01 1.001334100835649110e-01 0.000000000000000000e+00 8.780000000000001137e+01
2.675334577223751342e+00 -1.143299169661510994e+01 0.000000000000000000e+00 -1.631232466876619824e-01 1.037834064384668409e-01 0.000000000000000000e+00 8.790000000000000568e+01
2.658816022062568507e+00 -1.142249845330410807e+01 0.000000000000000000e+00 -1.651855516118283518e-01 1.049324331100187635e-01 0.000000000000000000e+00 8.800000000000000000e+01
2.642297466901386116e+00 -1.141200520999310619e+01 0.000000000000000000e+00 -1.651855516118239109e-01 1.049324331100187635e-01 0.000000000000000000e+00 8.810000000000000853e+01
2.625778911740203725e+00 -1.140151196668210432e+01 0.000000000000000000e+00 -1.651855516118239109e-01 1.049324331100187635e-01 0.000000000000000000e+00 8.820000000000000284e+01
2.609532385442034030e+00 -1.139117874152087850e+01 0.000000000000000000e+00 -1.624652629816969451e-01 1.033322516122581192e-01 0.000000000000000000e+00 8.830000000000001137e+01
2.594658524845431469e+00 -1.138165297268392528e+01 0.000000000000000000e+00 -1.487386059660256166e-01 9.525768836953218965e-02 0.000000000000000000e+00 8.840000000000000568e+01
2.579784664248828463e+00 -1.137212720384697207e+01 0.000000000000000000e+00 -1.487386059660300575e-01 9.525768836953218965e-02 0.000000000000000000e+00 8.850000000000000000e+01
2.564910803652225457e+00 -1.136260143501001885e+01 0.000000000000000000e+00 -1.487386059660300575e-01 9.525768836953218965e-02 0.000000000000000000e+00 8.860000000000000853e+01
2.550026430112562359e+00 -1.135306948505148128e+01 0.000000000000000000e+00 -1.488437353966309828e-01 9.531949958537566658e-02 0.000000000000000000e+00 8.870000000000000284e+01
2.534684243067301779e+00 -1.134326836204355970e+01 0.000000000000000000e+00 -1.534218704526058019e-01 9.801123007921574981e-02 0.000000000000000000e+00 8.880000000000001137e+01
2.519342056022041199e+00 -1.133346723903563991e+01 0.000000000000000000e+00 -1.534218704526058019e-01 9.801123007919798624e-02 0.000000000000000000e+00 8.890000000000000568e+01
2.503999868976780618e+00 -1.132366611602772011e+01 0.000000000000000000e+00 -1.534218704526058019e-01 9.801123007919798624e-02 0.000000000000000000e+00 8.900000000000000000e+01
2.488657681931520038e+00 -1.131386499301980031e+01 0.000000000000000000e+00 -1.534218704526058019e-01 9.801123007919798624e-02 0.000000000000000000e+00 8.910000000000000853e+01
2.472869307287381524e+00 -1.130383853711904329e+01 0.000000000000000000e+00 -1.578837464413851421e-01 1.002645590075701421e-01 0.000000000000000000e+00 8.920000000000000284e+01
2.456935348390548057e+00 -1.129373855850969122e+01 0.000000000000000000e+00 -1.593395889683346667e-01 1.009997860935207825e-01 0.000000000000000000e+00 8.930000000000001137e+01
2.441001389493714591e+00 -1.128363857990033914e+01 0.000000000000000000e+00 -1.593395889683346667e-01 1.009997860935207825e-01 0.000000000000000000e+00 8.940000000000000568e+01
2.425067430596881124e+00 -1.127353860129098706e+01 0.000000000000000000e+00 -1.593395889683346667e-01 1.009997860935207825e-01 0.000000000000000000e+00 8.950000000000000000e+01
2.408303663955893903e+00 -1.126295741180773824e+01 0.000000000000000000e+00 -1.676376664098722102e-01 1.058118948324882069e-01 0.000000000000000000e+00 8.960000000000000853e+01
2.390139269323651394e+00 -1.125156398910007560e+01 0.000000000000000000e+00 -1.816439463224250872e-01 1.139342270766263709e-01 0.000000000000000000e+00 8.970000000000000284e+01
2.371974874691408441e+00 -1.124017056639241297e+01 0.000000000000000000e+00 -1.816439463224295281e-01 1.139342270766263709e-01 0.000000000000000000e+00 8.980000000000001137e+01
2.353810480059165489e+00 -1.122877714368475033e+01 0.000000000000000000e+00 -1.816439463224295281e-01 1.139342270766263709e-01 0.000000000000000000e+00 8.990000000000000568e+01
2.335646085426922980e+00 -1.121738372097708591e+01 0.000000000000000000e+00 -1.816439463224250872e-01 1.139342270766441345e-01 0.000000000000000000e+00 9.000000000000000000e+01
2.317958766373245716e+00 -1.120629545129778926e+01 0.000000000000000000e+00 -1.768731905367726398e-01 1.108826967929665841e-01 0.000000000000000000e+00 9.010000000000000853e+01
2.301886520396634328e+00 -1.119624023479211949e+01 0.000000000000000000e+00 -1.607224597661138787e-01 1.005521650566976177e-01 0.000000000000000000e+00 9.020000000000000284e+01
2.285814274420022940e+00 -1.118618501828644973e+01 0.000000000000000000e+00 -1.607224597661138787e-01 1.005521650566976177e-01 0.000000000000000000e+00 9.030000000000001137e+01
2.269742028443411552e+00 -1.117612980178077997e+01 0.000000000000000000e+00 -1.607224597661138787e-01 1.005521650566976177e-01 0.000000000000000000e+00 9.040000000000000568e+01
2.253669782466800164e+00 -1.116607458527511021e+01 0.000000000000000000e+00 -1.607224597661138787e-01 1.005521650566976177e-01 0.000000000000000000e+00 9.050000000000000000e+01
2.236293136740707954e+00 -1.115523760108997742e+01 0.000000000000000000e+00 -1.737664572609221025e-01 1.083698418513279194e-01 0.000000000000000000e+00 9.060000000000000853e+01
2.218691029649636715e+00 -1.114426549083771789e+01 0.000000000000000000e+00 -1.760210709107123961e-01 1.097211025225952596e-01 0.000000000000000000e+00 9.070000000000000284e+01
2.201088922558565475e+00 -1.113329338058546014e+01 0.000000000000000000e+00 -1.760210709107123961e-01 1.097211025225774961e-01 0.000000000000000000e+00 9.080000000000001137e+01
2.183486815467494679e+00 -1.112232127033320062e+01 0.000000000000000000e+00 -1.760210709107079552e-01 1.097211025225952596e-01 0.000000000000000000e+00 9.090000000000000568e+01
2.165884708376423440e+00 -1.111134916008094287e+01 0.000000000000000000e+00 -1.760210709107123961e-01 1.097211025225774961e-01 0.000000000000000000e+00 9.100000000000000000e+01
2.149863691447793990e+00 -1.110133698823804949e+01 0.000000000000000000e+00 -1.602101692862945015e-01 1.001217184289338036e-01 0.000000000000000000e+00 9.110000000000000853e+01
2.133862408853287818e+00 -1.109133679784046400e+01 0.000000000000000000e+00 -1.600128259450617207e-01 1.000019039758548445e-01 0.000000000000000000e+00 9.120000000000000284e+01
2.117861126258781201e+00 -1.108133660744287852e+01 0.000000000000000000e+00 -1.600128259450661616e-01 1.000019039758548445e-01 0.000000000000000000e+00 9.130000000000001137e+01
2.101859843664274585e+00 -1.107133641704529303e+01 0.000000000000000000e+00 -1.600128259450661616e-01 1.000019039758548445e-01 0.000000000000000000e+00 9.140000000000000568e+01
2.084189612281045267e+00 -1.106038557973565162e+01 0.000000000000000000e+00 -1.767023138322931786e-01 1.095083730964141466e-01 0.000000000000000000e+00 9.150000000000000000e+01
2.065663106615597933e+00 -1.104894700157514542e+01 0.000000000000000000e+00 -1.852650566544733479e-01 1.143857816050619647e-01 0.000000000000000000e+00 9.160000000000000853e+01
2.047136600950150598e+00 -1.103750842341463922e+01 0.000000000000000000e+00 -1.852650566544733479e-01 1.143857816050619647e-01 0.000000000000000000e+00 9.170000000000000284e+01
2.028610095284703707e+00 -1.102606984525413303e+01 0.000000000000000000e+00 -1.852650566544689070e-01 1.143857816050619647e-01 0.000000000000000000e+00 9.180000000000001137e+01
2.010083589619256372e+00 -1.101463126709362506e+01 0.000000000000000000e+00 -1.852650566544733479e-01 1.143857816050797283e-01 0.000000000000000000e+00 9.190000000000000568e+01
1.991999312189881577e+00 -1.100345099012594119e+01 0.000000000000000000e+00 -1.808427742937479543e-01 1.118027696768386647e-01 0.000000000000000000e+00 9.200000000000000000e+01
1.974426934571978487e+00 -1.099256970883768858e+01 0.000000000000000000e+00 -1.757237761790308994e-01 1.088128128825260887e-01 0.000000000000000000e+00 9.210000000000000853e+01
1.956854556954075397e+00 -1.098168842754943597e+01 0.000000000000000000e+00 -1.757237761790308994e-01 1.088128128825260887e-01 0.000000000000000000e+00 9.220000000000000284e+01
1.939282179336172085e+00 -1.097080714626118336e+01 0.000000000000000000e+00 -1.757237761790331199e-01 1.088128128825260887e-01 0.000000000000000000e+00 9.230000000000001137e+01
1.921709801718268995e+00 -1.095992586497293075e+01 0.000000000000000000e+00 -1.757237761790308994e-01 1.088128128825260887e-01 0.000000000000000000e+00 9.240000000000000568e+01
1.904227449791479732e+00 -1.094970271460771905e+01 0.000000000000000000e+00 -1.748235192678926353e-01 1.022315036521170839e-01 0.000000000000000000e+00 9.250000000000000000e+01
1.886795900237824952e+00 -1.093985095392371854e+01 0.000000000000000000e+00 -1.743154955365477932e-01 9.851760684000510082e-02 0.000000000000000000e+00 9.260000000000000853e+01
1.869364350684170173e+00 -1.092999919323971802e+01 0.000000000000000000e+00 -1.743154955365477932e-01 9.851760684000510082e-02 0.000000000000000000e+00 9.270000000000000284e+01
1.851932801130515394e+00 -1.092014743255571751e+01 0.000000000000000000e+00 -1.743154955365477932e-01 9.851760684000510082e-02 0.000000000000000000e+00 9.280000000000001137e+01
1.834501251576860614e+00 -1.091029567187171700e+01 0.000000000000000000e+00 -1.743154955365477932e-01 9.851760684000510082e-02 0.000000000000000000e+00 9.290000000000000568e+01
1.815114526555563490e+00 -1.090468710164298294e+01 0.000000000000000000e+00 -1.938672502129712427e-01 5.608570228734066632e-02 0.000000000000000000e+00 9.300000000000000000e+01
1.795516228600309905e+00 -1.089953769442483988e+01 0.000000000000000000e+00 -1.959829795525358520e-01 5.149407218143053910e-02 0.000000000000000000e+00 9.310000000000000853e+01
1.775917930645056542e+00 -1.089438828720669505e+01 0.000000000000000000e+00 -1.959829795525336316e-01 5.149407218144830267e-02 0.000000000000000000e+00 9.320000000000000284e+01
1.756319632689802956e+00 -1.088923887998855200e+01 0.000000000000000000e+00 -1.959829795525358520e-01 5.149407218143053910e-02 0.000000000000000000e+00 9.330000000000001137e+01
1.736785093098428545e+00 -1.088419908892805310e+01 0.000000000000000000e+00 -1.953453959137441132e-01 5.039791060498899355e-02 0.000000000000000000e+00 9.340000000000000568e+01
1.717717544232335136e+00 -1.087996216867298749e+01 0.000000000000000000e+00 -1.906754886609340893e-01 4.236920255065612650e-02 0.000000000000000000e+00 9.350000000000000000e+01
1.698649995366241727e+00 -1.087572524841792365e+01 0.000000000000000000e+00 -1.906754886609340893e-01 4.236920255063836294e-02 0.000000000000000000e+00 9.360000000000000853e+01
1.679582446500148096e+00 -1.087148832816285804e+01 0.000000000000000000e+00 -1.906754886609363098e-01 4.236920255065612650e-02 0.000000000000000000e+00 9.370000000000000284e+01
1.660514897634054687e+00 -1.086725140790779243e+01 0.000000000000000000e+00 -1.906754886609340893e-01 4.236920255065612650e-02 0.000000000000000000e+00 9.380000000000001137e+01
1.641172892757438717e+00 -1.086299118599386482e+01 0.000000000000000000e+00 -1.934200487661597023e-01 4.260221913927608739e-02 0.000000000000000000e+00 9.390000000000000568e+01
1.621551191500989919e+00 -1.085870721750715795e+01 0.000000000000000000e+00 -1.962170125644879803e-01 4.283968486706868362e-02 0.000000000000000000e+00 9.400000000000000000e+01
1.601929490244541343e+00 -1.085442324902045286e+01 0.000000000000000000e+00 -1.962170125644857599e-01 4.283968486705092005e-02 0.000000000000000000e+00 9.410000000000000853e+01
1.582307788988092545e+00 -1.085013928053374599e+01 0.000000000000000000e+00 -1.962170125644879803e-01 4.283968486706868362e-02 0.000000000000000000e+00 9.420000000000000284e+01
1.562686087731643969e+00 -1.084585531204704090e+01 0.000000000000000000e+00 -1.962170125644857599e-01 4.283968486705092005e-02 0.000000000000000000e+00 9.430000000000001137e+01
1.543101088245837804e+00 -1.084160005776965008e+01 0.000000000000000000e+00 -1.958499948580616490e-01 4.255254277390818629e-02 0.000000000000000000e+00 9.440000000000000568e+01
1.523528564356068760e+00 -1.083735456397165109e+01 0.000000000000000000e+00 -1.957252388976904456e-01 4.245493797998989294e-02 0.000000000000000000e+00 9.450000000000000000e+01
1.503956040466299493e+00 -1.083310907017365032e+01 0.000000000000000000e+00 -1.957252388976926660e-01 4.245493798000765651e-02 0.000000000000000000e+00 9.460000000000000853e+01
1.484383516576530226e+00 -1.082886357637565133e+01 0.000000000000000000e+00 -1.957252388976926660e-01 4.245493797998989294e-02 0.000000000000000000e+00 9.470000000000000284e+01
1.464796648963426984e+00 -1.082461633972761561e+01 0.000000000000000000e+00 -1.958686761310324265e-01 4.247236648035723761e-02 0.000000000000000000e+00 9.480000000000001137e+01
1.444417240332374730e+00 -1.082027280450296836e+01 0.000000000000000000e+00 -2.037940863105225375e-01 4.343535224647254722e-02 0.000000000000000000e+00 9.490000000000000568e+01
1.424037831701322698e+00 -1.081592926927832110e+01 0.000000000000000000e+00 -2.037940863105203171e-01 4.343535224647254722e-02 0.000000000000000000e+00 9.500000000000000000e+01
1.403658423070270445e+00 -1.081158573405367207e+01 0.000000000000000000e+00 -2.037940863105225375e-01 4.343535224649031079e-02 0.000000000000000000e+00 9.510000000000000853e+01
1.383279014439218191e+00 -1.080724219882902482e+01 0.000000000000000000e+00 -2.037940863105225375e-01 4.343535224647254722e-02 0.000000000000000000e+00 9.520000000000000284e+01
1.363113609382253566e+00 -1.080294138059636566e+01 0.000000000000000000e+00 -2.016540505696462482e-01 4.300818232659153750e-02 0.000000000000000000e+00 9.530000000000001137e+01
1.345006968305924033e+00 -1.079905150972682293e+01 0.000000000000000000e+00 -1.810664107632953268e-01 3.889870869542733089e-02 0.000000000000000000e+00 9.540000000000000568e+01
1.326900327229594723e+00 -1.079516163885728020e+01 0.000000000000000000e+00 -1.810664107632931064e-01 3.889870869542733089e-02 0.000000000000000000e+00 9.550000000000000000e+01
1.308793686153265190e+00 -1.079127176798773569e+01 0.000000000000000000e+00 -1.810664107632953268e-01 3.889870869544509446e-02 0.000000000000000000e+00 9.560000000000000853e+01
1.290687045076935879e+00 -1.078738189711819295e+01 0.000000000000000000e+00 -1.810664107632931064e-01 3.889870869542733089e-02 0.000000000000000000e+00 9.570000000000000284e+01
1.272579692337623802e+00 -1.078351622139330424e+01 0.000000000000000000e+00 -1.810735273931207701e-01 3.865675724888717468e-02 0.000000000000000000e+00 9.580000000000001137e+01
1.254472080997286687e+00 -1.077965933759572259e+01 0.000000000000000000e+00 -1.810761134033711528e-01 3.856883797581645013e-02 0.000000000000000000e+00 9.590000000000000568e+01
1.236364469656949350e+00 -1.077580245379813917e+01 0.000000000000000000e+00 -1.810761134033733732e-01 3.856883797583421369e-02 0.000000000000000000e+00 9.600000000000000000e+01
1.218256858316612234e+00 -1.077194557000055575e+01 0.000000000000000000e+00 -1.810761134033711528e-01 3.856883797583421369e-02 0.000000000000000000e+00 9.610000000000000853e+01
1.200361015864174430e+00 -1.076813636852513234e+01 0.000000000000000000e+00 -1.789584245243780458e-01 3.809201475423407146e-02 0.000000000000000000e+00 9.620000000000000284e+01
1.182823813799285251e+00 -1.076440791926344431e+01 0.000000000000000000e+00 -1.753720206488917910e-01 3.728449261688027150e-02 0.000000000000000000e+00 9.630000000000001137e+01
1.165286611734396072e+00 -1.076067947000175629e+01 0.000000000000000000e+00 -1.753720206488917910e-01 3.728449261688027150e-02 0.000000000000000000e+00 9.640000000000000568e+01
1.147749409669507115e+00 -1.075695102074006826e+01 0.000000000000000000e+00 -1.753720206488895705e-01 3.728449261688027150e-02 0.000000000000000000e+00 9.650000000000000000e+01
1.130271816162381260e+00 -1.075323602138807644e+01 0.000000000000000000e+00 -1.747759350712585480e-01 3.714999351991821186e-02 0.000000000000000000e+00 9.660000000000000853e+01
1.113133421996628458e+00 -1.074959755803497430e+01 0.000000000000000000e+00 -1.713839416575280161e-01 3.638463353102139308e-02 0.000000000000000000e+00 9.670000000000000284e+01
1.095995027830875657e+00 -1.074595909468187038e+01 0.000000000000000000e+00 -1.713839416575280161e-01 3.638463353103915665e-02 0.000000000000000000e+00 9.680000000000001137e+01
1.078856633665123077e+00 -1.074232063132876647e+01 0.000000000000000000e+00 -1.713839416575257957e-01 3.638463353103915665e-02 0.000000000000000000e+00 9.690000000000000568e+01
1.061715702732945354e+00 -1.073868209971971410e+01 0.000000000000000000e+00 -1.714093093217772257e-01 3.638531609052364502e-02 0.000000000000000000e+00 9.700000000000000000e+01
1.044480161981764965e+00 -1.073504102247498970e+01 0.000000000000000000e+00 -1.723554075118038931e-01 3.641077244724399975e-02 0.000000000000000000e+00 9.710000000000000853e+01
1.027244621230584576e+00 -1.073139994523026708e+01 0.000000000000000000e+00 -1.723554075118038931e-01 3.641077244722623618e-02 0.000000000000000000e+00 9.720000000000000284e+01
1.010009080479404187e+00 -1.072775886798554446e+01 0.000000000000000000e+00 -1.723554075118038931e-01 3.641077244722623618e-02 0.000000000000000000e+00 9.730000000000001137e+01
9.927735397282239083e-01 -1.072411779074082006e+01 0.000000000000000000e+00 -1.723554075118027828e-01 3.641077244724399975e-02 0.000000000000000000e+00 9.740000000000000568e+01
9.750979630815757027e-01 -1.072042066254921799e+01 0.000000000000000000e+00 -1.767557664664820560e-01 3.697128191602061520e-02 0.000000000000000000e+00 9.750000000000000000e+01
9.573634762664565701e-01 -1.071671603049086663e+01 0.000000000000000000e+00 -1.773448681511913261e-01 3.704632058351364776e-02 0.000000000000000000e+00 9.760000000000000853e+01
9.396289894513375485e-01 -1.071301139843251526e+01 0.000000000000000000e+00 -1.773448681511902159e-01 3.704632058351364776e-02 0.000000000000000000e+00 9.770000000000000284e+01
9.218945026362184159e-01 -1.070930676637416390e+01 0.000000000000000000e+00 -1.773448681511913261e-01 3.704632058351364776e-02 0.000000000000000000e+00 9.780000000000001137e+01
9.042991258720788350e-01 -1.070563382983082334e+01 0.000000000000000000e+00 -1.759537676413958085e-01 3.672936543340554749e-02 0.000000000000000000e+00 9.790000000000000568e+01
8.867889877160809453e-01 -1.070198031446923537e+01 0.000000000000000000e+00 -1.751013815599788970e-01 3.653515361587977850e-02 0.000000000000000000e+00 9.800000000000000000e+01
8.692788495600831666e-01 -1.069832679910764739e+01 0.000000000000000000e+00 -1.751013815599777868e-01 3.653515361587977850e-02 0.000000000000000000e+00 9.810000000000000853e+01
8.517687114040853880e-01 -1.069467328374605941e+01 0.000000000000000000e+00 -1.751013815599777868e-01 3.653515361587977850e-02 0.000000000000000000e+00 9.820000000000000284e+01
8.338333544642793083e-01 -1.069095953403092381e+01 0.000000000000000000e+00 -1.793535693980607970e-01 3.713749715135605811e-02 0.000000000000000000e+00 9.830000000000001137e+01
8.152957134941781758e-01 -1.068716046779027273e+01 0.000000000000000000e+00 -1.853764097010113243e-01 3.799066240651072235e-02 0.000000000000000000e+00 9.840000000000000568e+01
7.967580725240769324e-01 -1.068336140154962344e+01 0.000000000000000000e+00 -1.853764097010124345e-01 3.799066240649295878e-02 0.000000000000000000e+00 9.850000000000000000e+01
7.782204315539756889e-01 -1.067956233530897414e+01 0.000000000000000000e+00 -1.853764097010124345e-01 3.799066240649295878e-02 0.000000000000000000e+00 9.860000000000000853e+01
7.596827905838745565e-01 -1.067576326906832485e+01 0.000000000000000000e+00 -1.853764097010113243e-01 3.799066240649295878e-02 0.000000000000000000e+00 9.870000000000000284e+01
7.419131478463361073e-01 -1.067209714046257574e+01 0.000000000000000000e+00 -1.776964273753844914e-01 3.666128605749108260e-02 0.000000000000000000e+00 9.880000000000001137e+01
7.241737569517890938e-01 -1.066843624833822268e+01 0.000000000000000000e+00 -1.773939089454701357e-01 3.660892124353054555e-02 0.000000000000000000e+00 9.890000000000000568e+01
7.064343660572420802e-01 -1.066477535621387140e+01 0.000000000000000000e+00 -1.773939089454701357e-01 3.660892124351278198e-02 0.000000000000000000e+00 9.900000000000000000e+01
6.886949751626950667e-01 -1.066111446408952013e+01 0.000000000000000000e+00 -1.773939089454701357e-01 3.660892124351278198e-02 0.000000000000000000e+00 9.910000000000000853e+01
6.703100023513069994e-01 -1.065735977192387907e+01 0.000000000000000000e+00 -1.838497281138806727e-01 3.754692165641060342e-02 0.000000000000000000e+00 9.920000000000000284e+01
6.516508141117315356e-01 -1.065356523753556317e+01 0.000000000000000000e+00 -1.865918823957546380e-01 3.794534388315895512e-02 0.000000000000000000e+00 9.930000000000001137e+01
6.329916258721559608e-01 -1.064977070314724905e+01 0.000000000000000000e+00 -1.865918823957557482e-01 3.794534388314119155e-02 0.000000000000000000e+00 9.940000000000000568e+01
6.143324376325803859e-01 -1.064597616875893316e+01 0.000000000000000000e+00 -1.865918823957557482e-01 3.794534388315895512e-02 0.000000000000000000e+00 9.950000000000000000e+01
5.956470867634185984e-01 -1.064219994812453685e+01 0.000000000000000000e+00 -1.868535086916178756e-01 3.776220634396310061e-02 0.000000000000000000e+00 9.960000000000000853e+01
5.768690672131077113e-01 -1.063848859525953117e+01 0.000000000000000000e+00 -1.877801955031088710e-01 3.711352865005679291e-02 0.000000000000000000e+00 9.970000000000000284e+01
5.580910476627969352e-01 -1.063477724239452371e+01 0.000000000000000000e+00 -1.877801955031077608e-01 3.711352865007455648e-02 0.000000000000000000e+00 9.980000000000001137e+01
5.393130281124860481e-01 -1.063106588952951803e+01 0.000000000000000000e+00 -1.877801955031088710e-01 3.711352865005679291e-02 0.000000000000000000e+00 9.990000000000000568e+01
5.205350085621751610e-01 -1.062735453666451058e+01 0.000000000000000000e+00 -1.877801955031088710e-01 3.711352865007455648e-02 0.000000000000000000e+00 1.000000000000000000e+02
4.995215112305138594e-01 -1.062323793897301094e+01 0.000000000000000000e+00 -2.101349733166130163e-01 4.116597691499634948e-02 0.000000000000000000e+00 1.001000000000000085e+02
4.778516493030799950e-01 -1.061900235626678501e+01 0.000000000000000000e+00 -2.166986192743386441e-01 4.235582706225926586e-02 0.000000000000000000e+00 1.002000000000000028e+02
4.561817873756460751e-01 -1.061476677356055909e+01 0.000000000000000000e+00 -2.166986192743391992e-01 4.235582706225926586e-02 0.000000000000000000e+00 1.003000000000000114e+02
4.345119254482122106e-01 -1.061053119085433316e+01 0.000000000000000000e+00 -2.166986192743386441e-01 4.235582706225926586e-02 0.000000000000000000e+00 1.004000000000000057e+02
4.128420635207782907e-01 -1.060629560814810723e+01 0.000000000000000000e+00 -2.166986192743391992e-01 4.235582706225926586e-02 0.000000000000000000e+00 1.005000000000000000e+02
3.924071102673224454e-01 -1.060239541117140227e+01 0.000000000000000000e+00 -2.043495325345584535e-01 3.900196976704961571e-02 0.000000000000000000e+00 1.006000000000000085e+02
3.738070366395549460e-01 -1.059899354452050169e+01 0.000000000000000000e+00 -1.860007362776749940e-01 3.401866650900586819e-02 0.000000000000000000e+00 1.007000000000000028e+02
3.552069630117874466e-01 -1.059559167786960288e+01 0.000000000000000000e+00 -1.860007362776749940e-01 3.401866650898810462e-02 0.000000000000000000e+00 1.008000000000000114e+02
3.366068893840199472e-01 -1.059218981121870229e+01 0.000000000000000000e+00 -1.860007362776749940e-01 3.401866650900586819e-02 0.000000000000000000e+00 1.009000000000000057e+02
3.179985939268736295e-01 -1.058889393635209686e+01 0.000000000000000000e+00 -1.860829545714631772e-01 3.295874866605430498e-02 0.000000000000000000e+00 1.010000000000000000e+02
2.990899908335872825e-01 -1.058946947996481924e+01 0.000000000000000000e+00 -1.890860309328634692e-01 -5.755436127223845233e-03 0.000000000000000000e+00 1.011000000000000085e+02
2.801813877403008801e-01 -1.059004502357754163e+01 0.000000000000000000e+00 -1.890860309328640243e-01 -5.755436127223845233e-03 0.000000000000000000e+00 1.012000000000000028e+02
2.612727846470145332e-01 -1.059062056719026579e+01 0.000000000000000000e+00 -1.890860309328634692e-01 -5.755436127241608801e-03 0.000000000000000000e+00 1.013000000000000114e+02
2.423641815537281863e-01 -1.059119611080298817e+01 0.000000000000000000e+00 -1.890860309328634692e-01 -5.755436127223845233e-03 0.000000000000000000e+00 1.014000000000000057e+02
2.231513622781468587e-01 -1.059188170922266714e+01 0.000000000000000000e+00 -1.921281927558132763e-01 -6.855984196789677299e-03 0.000000000000000000e+00 1.015000000000000000e+02
2.037362887889708485e-01 -1.059264047616436777e+01 0.000000000000000000e+00 -1.941507348917601017e-01 -7.587669417006281947e-03 0.000000000000000000e+00 1.016000000000000085e+02
1.843212152997948383e-01 -1.059339924310606662e+01 0.000000000000000000e+00 -1.941507348917601017e-01 -7.587669416988518378e-03 0.000000000000000000e+00 1.017000000000000028e+02
1.649061418106188281e-01 -1.059415801004776547e+01 0.000000000000000000e+00 -1.941507348917601017e-01 -7.587669416988518378e-03 0.000000000000000000e+00 1.018000000000000114e+02
1.455122530118944657e-01 -1.059490909755782617e+01 0.000000000000000000e+00 -1.939388879872436244e-01 -7.510875100606995147e-03 0.000000000000000000e+00 1.019000000000000057e+02
1.266112259717330768e-01 -1.059548152311428737e+01 0.000000000000000000e+00 -1.890102704016138890e-01 -5.724255564611979707e-03 0.000000000000000000e+00 1.020000000000000000e+02
1.077101989315716879e-01 -1.059605394867074857e+01 0.000000000000000000e+00 -1.890102704016138890e-01 -5.724255564611979707e-03 0.000000000000000000e+00 1.021000000000000085e+02
8.880917189141028512e-02 -1.059662637422720799e+01 0.000000000000000000e+00 -1.890102704016140278e-01 -5.724255564594216139e-03 0.000000000000000000e+00 1.022000000000000028e+02
6.990814485124889621e-02 -1.059719879978366919e+01 0.000000000000000000e+00 -1.890102704016138890e-01 -5.724255564611979707e-03 0.000000000000000000e+00 1.023000000000000114e+02
4.972080744133515473e-02 -1.059740014587423751e+01 0.000000000000000000e+00 -2.018733740991374148e-01 -2.013460905683217561e-03 0.000000000000000000e+00 1.024000000000000057e+02
2.861187677443421951e-02 -1.059733562741017465e+01 0.000000000000000000e+00 -2.110893066690093522e-01 6.451846406285710600e-04 0.000000000000000000e+00 1.025000000000000000e+02
7.502946107533284281e-03 -1.059727110894611180e+01 0.000000000000000000e+00 -2.110893066690093522e-01 6.451846406285710600e-04 0.000000000000000000e+00 1.026000000000000085e+02
-1.360598455936763707e-02 -1.059720659048204716e+01 0.000000000000000000e+00 -2.110893066690092135e-01 6.451846406463346284e-04 0.000000000000000000e+00 1.027000000000000028e+02
-3.471491522626858617e-02 -1.059714207201798430e+01 0.000000000000000000e+00 -2.110893066690094910e-01 6.451846406285710600e-04 0.000000000000000000e+00 1.028000000000000114e+02
-5.750111021196722960e-02 -1.059461766844842145e+01 0.000000000000000000e+00 -2.278619498569864343e-01 2.524403569562849725e-02 0.000000000000000000e+00 1.029000000000000057e+02
-8.102867814228376098e-02 -1.059100596322720733e+01 0.000000000000000000e+00 -2.352756793031653137e-01 3.611705221214123185e-02 0.000000000000000000e+00 1.030000000000000000e+02
-1.045562460726003062e-01 -1.058739425800599321e+01 0.000000000000000000e+00 -2.352756793031654525e-01 3.611705221214123185e-02 0.000000000000000000e+00 1.031000000000000085e+02
-1.280838140029168515e-01 -1.058378255278477909e+01 0.000000000000000000e+00 -2.352756793031654525e-01 3.611705221214123185e-02 0.000000000000000000e+00 1.032000000000000028e+02
-1.516113819332333690e-01 -1.058017084756356496e+01 0.000000000000000000e+00 -2.352756793031651750e-01 3.611705221214123185e-02 0.000000000000000000e+00 1.033000000000000114e+02
-1.748381079544455707e-01 -1.057661361062771377e+01 0.000000000000000000e+00 -2.322672602121220176e-01 3.557236935851193493e-02 0.000000000000000000e+00 1.034000000000000057e+02
-1.957156152517628422e-01 -1.057348170643959762e+01 0.000000000000000000e+00 -2.087750729731727151e-01 3.131904188116152454e-02 0.000000000000000000e+00 1.035000000000000000e+02
-2.165931225490801415e-01 -1.057034980225148146e+01 0.000000000000000000e+00 -2.087750729731729926e-01 3.131904188116152454e-02 0.000000000000000000e+00 1.036000000000000085e+02
-2.374706298463974130e-01 -1.056721789806336353e+01 0.000000000000000000e+00 -2.087750729731727151e-01 3.131904188117928811e-02 0.000000000000000000e+00 1.037000000000000028e+02
-2.583481371437147400e-01 -1.056408599387524738e+01 0.000000000000000000e+00 -2.087750729731732702e-01 3.131904188116152454e-02 0.000000000000000000e+00 1.038000000000000114e+02
-2.784782892646802122e-01 -1.056254445075336612e+01 0.000000000000000000e+00 -2.013015212096547213e-01 1.541543121881261413e-02 0.000000000000000000e+00 1.039000000000000057e+02
-2.975654561942974174e-01 -1.056322236511765311e+01 0.000000000000000000e+00 -1.908716692961720529e-01 -6.779143642869911446e-03 0.000000000000000000e+00 1.040000000000000000e+02
-3.166526231239146782e-01 -1.056390027948193833e+01 0.000000000000000000e+00 -1.908716692961726080e-01 -6.779143642852147877e-03 0.000000000000000000e+00 1.041000000000000085e+02
-3.357397900535318835e-01 -1.056457819384622532e+01 0.000000000000000000e+00 -1.908716692961720529e-01 -6.779143642869911446e-03 0.000000000000000000e+00 1.042000000000000028e+02
-3.548269569831491443e-01 -1.056525610821051231e+01 0.000000000000000000e+00 -1.908716692961726080e-01 -6.779143642869911446e-03 0.000000000000000000e+00 1.043000000000000114e+02
-3.710511762479722364e-01 -1.057413561166701221e+01 0.000000000000000000e+00 -1.622421926482309207e-01 -8.879503456499904246e-02 0.000000000000000000e+00 1.044000000000000057e+02
-3.871709902355814359e-01 -1.058331420867429529e+01 0.000000000000000000e+00 -1.611981398760919948e-01 -9.178597007283073594e-02 0.000000000000000000e+00 1.045000000000000000e+02
-4.032908042231905799e-01 -1.059249280568157836e+01 0.000000000000000000e+00 -1.611981398760914397e-01 -9.178597007283073594e-02 0.000000000000000000e+00 1.046000000000000085e+02
-4.194106182107997793e-01 -1.060167140268886143e+01 0.000000000000000000e+00 -1.611981398760919948e-01 -9.178597007283073594e-02 0.000000000000000000e+00 1.047000000000000028e+02
-4.348496222968314395e-01 -1.061164300856217935e+01 0.000000000000000000e+00 -1.543900408603166019e-01 -9.971605873317912483e-02 0.000000000000000000e+00 1.048000000000000114e+02
-4.487188746213960355e-01 -1.062344306472893685e+01 0.000000000000000000e+00 -1.386925232456459600e-01 -1.180005616675749991e-01 0.000000000000000000e+00 1.049000000000000057e+02
-4.625881269459606315e-01 -1.063524312089569435e+01 0.000000000000000000e+00 -1.386925232456459600e-01 -1.180005616675749991e-01 0.000000000000000000e+00 1.050000000000000000e+02
-4.764573792705252275e-01 -1.064704317706245362e+01 0.000000000000000000e+00 -1.386925232456459600e-01 -1.180005616675927627e-01 0.000000000000000000e+00 1.051000000000000085e+02
-4.903266315950898790e-01 -1.065884323322921112e+01 0.000000000000000000e+00 -1.386925232456465151e-01 -1.180005616675749991e-01 0.000000000000000000e+00 1.052000000000000028e+02
-5.044269614069043506e-01 -1.067085111005858167e+01 0.000000000000000000e+00 -1.410032981181447154e-01 -1.200787682937054512e-01 0.000000000000000000e+00 1.053000000000000114e+02
-5.185366577295515977e-01 -1.068286741070504853e+01 0.000000000000000000e+00 -1.410969632264724716e-01 -1.201630064646685980e-01 0.000000000000000000e+00 1.054000000000000057e+02
-5.326463540521987339e-01 -1.069488371135151361e+01 0.000000000000000000e+00 -1.410969632264713614e-01 -1.201630064646508345e-01 0.000000000000000000e+00 1.055000000000000000e+02
-5.467560503748459810e-01 -1.070690001199798047e+01 0.000000000000000000e+00 -1.410969632264724716e-01 -1.201630064646685980e-01 0.000000000000000000e+00 1.056000000000000085e+02
-5.611689862011421948e-01 -1.071900412271130065e+01 0.000000000000000000e+00 -1.441293582629621373e-01 -1.210411071332018196e-01 0.000000000000000000e+00 1.057000000000000028e+02
-5.758357704278737055e-01 -1.073118174114621937e+01 0.000000000000000000e+00 -1.466678422673151072e-01 -1.217761843491871332e-01 0.000000000000000000e+00 1.058000000000000114e+02
-5.905025546546052162e-01 -1.074335935958113986e+01 0.000000000000000000e+00 -1.466678422673151072e-01 -1.217761843492048968e-01 0.000000000000000000e+00 1.059000000000000057e+02
-6.051693388813366159e-01 -1.075553697801606035e+01 0.000000000000000000e+00 -1.466678422673139970e-01 -1.217761843492048968e-01 0.000000000000000000e+00 1.060000000000000000e+02
-6.198343893663335047e-01 -1.076771183004527188e+01 0.000000000000000000e+00 -1.466505048499688879e-01 -1.217485202921153586e-01 0.000000000000000000e+00 1.061000000000000085e+02
-6.341231810880887387e-01 -1.077928631330592957e+01 0.000000000000000000e+00 -1.428879172175523404e-01 -1.157448326065768640e-01 0.000000000000000000e+00 1.062000000000000028e+02
-6.484119728098439728e-01 -1.079086079656658548e+01 0.000000000000000000e+00 -1.428879172175523404e-01 -1.157448326065591004e-01 0.000000000000000000e+00 1.063000000000000114e+02
-6.627007645315993178e-01 -1.080243527982724139e+01 0.000000000000000000e+00 -1.428879172175534507e-01 -1.157448326065591004e-01 0.000000000000000000e+00 1.064000000000000057e+02
-6.769895562533545519e-01 -1.081400976308789730e+01 0.000000000000000000e+00 -1.428879172175523404e-01 -1.157448326065591004e-01 0.000000000000000000e+00 1.065000000000000000e+02
-6.925499128855622244e-01 -1.082621559452998028e+01 0.000000000000000000e+00 -1.556035663220767251e-01 -1.220583144208298165e-01 0.000000000000000000e+00 1.066000000000000085e+02
-7.088756579870620911e-01 -1.083880145110031101e+01 0.000000000000000000e+00 -1.632574510149986668e-01 -1.258585657033073346e-01 0.000000000000000000e+00 1.067000000000000028e+02
-7.252014030885619578e-01 -1.085138730767064175e+01 0.000000000000000000e+00 -1.632574510149986668e-01 -1.258585657033073346e-01 0.000000000000000000e+00 1.068000000000000114e+02
-7.415271481900618245e-01 -1.086397316424097248e+01 0.000000000000000000e+00 -1.632574510149986668e-01 -1.258585657033073346e-01 0.000000000000000000e+00 1.069000000000000057e+02
-7.578528932915616911e-01 -1.087655902081130321e+01 0.000000000000000000e+00 -1.632574510149986668e-01 -1.258585657033073346e-01 0.000000000000000000e+00 1.070000000000000000e+02
-7.748259947850886231e-01 -1.088579554425324858e+01 0.000000000000000000e+00 -1.697310149352693198e-01 -9.236523441945365676e-02 0.000000000000000000e+00 1.071000000000000085e+02
-7.920704963736135973e-01 -1.089362788085094458e+01 0.000000000000000000e+00 -1.724450158852497417e-01 -7.832336597695999103e-02 0.000000000000000000e+00 1.072000000000000028e+02
-8.093149979621386825e-01 -1.090146021744864058e+01 0.000000000000000000e+00 -1.724450158852508519e-01 -7.832336597695999103e-02 0.000000000000000000e+00 1.073000000000000114e+02
-8.265594995506637677e-01 -1.090929255404633658e+01 0.000000000000000000e+00 -1.724450158852508519e-01 -7.832336597695999103e-02 0.000000000000000000e+00 1.074000000000000057e+02
-8.439300804390527100e-01 -1.091715418006147686e+01 0.000000000000000000e+00 -1.737058088838894232e-01 -7.861626015140288359e-02 0.000000000000000000e+00 1.075000000000000000e+02
-8.617591568015201542e-01 -1.092512231892488650e+01 0.000000000000000000e+00 -1.782907636246744421e-01 -7.968138863409635064e-02 0.000000000000000000e+00 1.076000000000000085e+02
-8.795882331639874874e-01 -1.093309045778829613e+01 0.000000000000000000e+00 -1.782907636246733318e-01 -7.968138863409635064e-02 0.000000000000000000e+00 1.077000000000000028e+02
-8.974173095264549316e-01 -1.094105859665170577e+01 0.000000000000000000e+00 -1.782907636246744421e-01 -7.968138863409635064e-02 0.000000000000000000e+00 1.078000000000000114e+02
-9.152463858889223758e-01 -1.094902673551511540e+01 0.000000000000000000e+00 -1.782907636246744421e-01 -7.968138863409635064e-02 0.000000000000000000e+00 1.079000000000000057e+02
-9.329861799990060156e-01 -1.095696151381313221e+01 0.000000000000000000e+00 -1.773979411008363982e-01 -7.934778298016809117e-02 0.000000000000000000e+00 1.080000000000000000e+02
-9.506622766516292788e-01 -1.096487249137653208e+01 0.000000000000000000e+00 -1.767609665262326324e-01 -7.910977563399868018e-02 0.000000000000000000e+00 1.081000000000000085e+02
-9.683383733042526531e-01 -1.097278346893993017e+01 0.000000000000000000e+00 -1.767609665262337426e-01 -7.910977563398091661e-02 0.000000000000000000e+00 1.082000000000000028e+02
-9.860144699568760274e-01 -1.098069444650333004e+01 0.000000000000000000e+00 -1.767609665262337426e-01 -7.910977563399868018e-02 0.000000000000000000e+00 1.083000000000000114e+02
-1.003690566609499291e+00 -1.098860542406672813e+01 0.000000000000000000e+00 -1.767609665262326324e-01 -7.910977563398091661e-02 0.000000000000000000e+00 1.084000000000000057e+02
-1.021853827616669985e+00 -1.099678471764845078e+01 0.000000000000000000e+00 -1.816326100717069458e-01 -8.179293581722646422e-02 0.000000000000000000e+00 1.085000000000000000e+02
-1.040028277344573704e+00 -1.100497017365352903e+01 0.000000000000000000e+00 -1.817444972790371871e-01 -8.185456005078250996e-02 0.000000000000000000e+00 1.086000000000000085e+02
-1.058202727072477423e+00 -1.101315562965860728e+01 0.000000000000000000e+00 -1.817444972790371871e-01 -8.185456005078250996e-02 0.000000000000000000e+00 1.087000000000000028e+02
-1.076377176800381141e+00 -1.102134108566368731e+01 0.000000000000000000e+00 -1.817444972790371871e-01 -8.185456005080027353e-02 0.000000000000000000e+00 1.088000000000000114e+02
-1.094792760142344612e+00 -1.102964317886366885e+01 0.000000000000000000e+00 -1.841558334196347069e-01 -8.302093199981541716e-02 0.000000000000000000e+00 1.089000000000000057e+02
-1.114095395607973549e+00 -1.103837434236080028e+01 0.000000000000000000e+00 -1.930263546562893673e-01 -8.731163497131433360e-02 0.000000000000000000e+00 1.090000000000000000e+02
-1.133398031073602263e+00 -1.104710550585793172e+01 0.000000000000000000e+00 -1.930263546562871468e-01 -8.731163497131433360e-02 0.000000000000000000e+00 1.091000000000000085e+02
-1.152700666539231200e+00 -1.105583666935506315e+01 0.000000000000000000e+00 -1.930263546562893673e-01 -8.731163497131433360e-02 0.000000000000000000e+00 1.092000000000000028e+02
-1.172003302004859915e+00 -1.106456783285219458e+01 0.000000000000000000e+00 -1.930263546562871468e-01 -8.731163497131433360e-02 0.000000000000000000e+00 1.093000000000000114e+02
-1.191305937470488852e+00 -1.107329899634932602e+01 0.000000000000000000e+00 -1.930263546562893673e-01 -8.731163497131433360e-02 0.000000000000000000e+00 1.094000000000000057e+02
-1.208138102470543762e+00 -1.108093751967200902e+01 0.000000000000000000e+00 -1.683216500005491056e-01 -7.638523322682999606e-02 0.000000000000000000e+00 1.095000000000000000e+02
-1.224816487215269589e+00 -1.108850802903243427e+01 0.000000000000000000e+00 -1.667838474472582710e-01 -7.570509360425248246e-02 0.000000000000000000e+00 1.096000000000000085e+02
-1.241494871959995416e+00 -1.109607853839285774e+01 0.000000000000000000e+00 -1.667838474472582710e-01 -7.570509360423471890e-02 0.000000000000000000e+00 1.097000000000000028e+02
-1.258173256704721243e+00 -1.110364904775328299e+01 0.000000000000000000e+00 -1.667838474472582710e-01 -7.570509360425248246e-02 0.000000000000000000e+00 1.098000000000000114e+02
-1.276128514183656248e+00 -1.111182166362789658e+01 0.000000000000000000e+00 -1.795525747893500501e-01 -8.172615874613597953e-02 0.000000000000000000e+00 1.099000000000000057e+02
-1.294255302866811341e+00 -1.112007516466254309e+01 0.000000000000000000e+00 -1.812678868315509284e-01 -8.253501034646504309e-02 0.000000000000000000e+00 1.100000000000000000e+02
-1.312382091549966656e+00 -1.112832866569718959e+01 0.000000000000000000e+00 -1.812678868315531489e-01 -8.253501034646504309e-02 0.000000000000000000e+00 1.101000000000000085e+02
-1.330508880233121749e+00 -1.113658216673183610e+01 0.000000000000000000e+00 -1.812678868315509284e-01 -8.253501034646504309e-02 0.000000000000000000e+00 1.102000000000000028e+02
-1.349293664777991841e+00 -1.114514500582547463e+01 0.000000000000000000e+00 -1.878478454487009230e-01 -8.562839093638530130e-02 0.000000000000000000e+00 1.103000000000000114e+02
-1.369828465705023479e+00 -1.115453056539861443e+01 0.000000000000000000e+00 -2.053480092703163784e-01 -9.385559573139801159e-02 0.000000000000000000e+00 1.104000000000000057e+02
-1.390363266632055339e+00 -1.116391612497175423e+01 0.000000000000000000e+00 -2.053480092703185989e-01 -9.385559573139801159e-02 0.000000000000000000e+00 1.105000000000000000e+02
-1.410898067559086977e+00 -1.117330168454489225e+01 0.000000000000000000e+00 -2.053480092703163784e-01 -9.385559573138024803e-02 0.000000000000000000e+00 1.106000000000000085e+02
-1.431432868486118615e+00 -1.118268724411803205e+01 0.000000000000000000e+00 -2.053480092703163784e-01 -9.385559573139801159e-02 0.000000000000000000e+00 1.107000000000000028e+02
-1.451967669413150253e+00 -1.119207280369117186e+01 0.000000000000000000e+00 -2.053480092703163784e-01 -9.385559573139801159e-02 0.000000000000000000e+00 1.108000000000000114e+02
-1.470433763589426013e+00 -1.120051891380846065e+01 0.000000000000000000e+00 -1.846609417627576022e-01 -8.446110117288796459e-02 0.000000000000000000e+00 1.109000000000000057e+02
-1.488630209768425861e+00 -1.120884257028933106e+01 0.000000000000000000e+00 -1.819644617899984773e-01 -8.323656480870411656e-02 0.000000000000000000e+00 1.110000000000000000e+02
-1.506826655947425708e+00 -1.121716622677020148e+01 0.000000000000000000e+00 -1.819644617899984773e-01 -8.323656480870411656e-02 0.000000000000000000e+00 1.111000000000000085e+02
-1.525023102126425556e+00 -1.122548988325107189e+01 0.000000000000000000e+00 -1.819644617899984773e-01 -8.323656480870411656e-02 0.000000000000000000e+00 1.112000000000000028e+02
-1.542982734650198973e+00 -1.123370590555728299e+01 0.000000000000000000e+00 -1.795963252377341668e-01 -8.216022306211101522e-02 0.000000000000000000e+00 1.113000000000000114e+02
-1.559875879623775718e+00 -1.124143719860605195e+01 0.000000000000000000e+00 -1.689314497357674583e-01 -7.731293048768961285e-02 0.000000000000000000e+00 1.114000000000000057e+02
-1.576769024597352686e+00 -1.124916849165482091e+01 0.000000000000000000e+00 -1.689314497357696787e-01 -7.731293048768961285e-02 0.000000000000000000e+00 1.115000000000000000e+02
-1.593662169570929432e+00 -1.125689978470358987e+01 0.000000000000000000e+00 -1.689314497357674583e-01 -7.731293048768961285e-02 0.000000000000000000e+00 1.116000000000000085e+02
-1.610555314544506400e+00 -1.126463107775235883e+01 0.000000000000000000e+00 -1.689314497357696787e-01 -7.731293048768961285e-02 0.000000000000000000e+00 1.117000000000000028e+02
-1.629010241175985918e+00 -1.127313372009752257e+01 0.000000000000000000e+00 -1.845492663147951795e-01 -8.502642345163735627e-02 0.000000000000000000e+00 1.118000000000000114e+02
-1.647912546258510469e+00 -1.128185731845897344e+01 0.000000000000000000e+00 -1.890230508252455088e-01 -8.723598361450868310e-02 0.000000000000000000e+00 1.119000000000000057e+02
-1.666814851341035242e+00 -1.129058091682042253e+01 0.000000000000000000e+00 -1.890230508252477293e-01 -8.723598361449091954e-02 0.000000000000000000e+00 1.120000000000000000e+02
-1.685717156423560015e+00 -1.129930451518187162e+01 0.000000000000000000e+00 -1.890230508252477293e-01 -8.723598361449091954e-02 0.000000000000000000e+00 1.121000000000000085e+02
-1.704619461506084788e+00 -1.130802811354332071e+01 0.000000000000000000e+00 -1.890230508252477293e-01 -8.723598361449091954e-02 0.000000000000000000e+00 1.122000000000000028e+02
-1.725996095899143823e+00 -1.131780739226557664e+01 0.000000000000000000e+00 -2.137663439305903523e-01 -9.779278722255924094e-02 0.000000000000000000e+00 1.123000000000000114e+02
-1.747566227918084358e+00 -1.132766922735680026e+01 0.000000000000000000e+00 -2.157013201894053545e-01 -9.861835091223625227e-02 0.000000000000000000e+00 1.124000000000000057e+02
-1.769136359937025116e+00 -1.133753106244802211e+01 0.000000000000000000e+00 -2.157013201894075749e-01 -9.861835091221848870e-02 0.000000000000000000e+00 1.125000000000000000e+02
-1.790706491955965651e+00 -1.134739289753924396e+01 0.000000000000000000e+00 -2.157013201894053545e-01 -9.861835091221848870e-02 0.000000000000000000e+00 1.126000000000000085e+02
-1.812276623974906409e+00 -1.135725473263046581e+01 0.000000000000000000e+00 -2.157013201894075749e-01 -9.861835091221848870e-02 0.000000000000000000e+00 1.127000000000000028e+02
-1.833057106848425821e+00 -1.136667137422876372e+01 0.000000000000000000e+00 -2.078048287351941248e-01 -9.416641598297914584e-02 0.000000000000000000e+00 1.128000000000000114e+02
-1.852308018332321726e+00 -1.137522566419460013e+01 0.000000000000000000e+00 -1.925091148389590501e-01 -8.554289965836403553e-02 0.000000000000000000e+00 1.129000000000000057e+02
-1.871558929816217631e+00 -1.138377995416043831e+01 0.000000000000000000e+00 -1.925091148389590501e-01 -8.554289965838179910e-02 0.000000000000000000e+00 1.130000000000000000e+02
-1.890809841300113536e+00 -1.139233424412627471e+01 0.000000000000000000e+00 -1.925091148389590501e-01 -8.554289965836403553e-02 0.000000000000000000e+00 1.131000000000000085e+02
-1.910060752784009441e+00 -1.140088853409211112e+01 0.000000000000000000e+00 -1.925091148389590501e-01 -8.554289965836403553e-02 0.000000000000000000e+00 1.132000000000000028e+02
-1.928814452556388392e+00 -1.140910650206564547e+01 0.000000000000000000e+00 -1.875369977237895114e-01 -8.217967973534356929e-02 0.000000000000000000e+00 1.133000000000000114e+02
-1.947002904775104071e+00 -1.141694212750985038e+01 0.000000000000000000e+00 -1.818845221871567830e-01 -7.835625444204907808e-02 0.000000000000000000e+00 1.134000000000000057e+02
-1.965191356993819971e+00 -1.142477775295405706e+01 0.000000000000000000e+00 -1.818845221871590034e-01 -7.835625444206684165e-02 0.000000000000000000e+00 1.135000000000000000e+02
-1.983379809212535649e+00 -1.143261337839826197e+01 0.000000000000000000e+00 -1.818845221871567830e-01 -7.835625444204907808e-02 0.000000000000000000e+00 1.136000000000000085e+02
-2.001568261431251550e+00 -1.144044900384246866e+01 0.000000000000000000e+00 -1.818845221871590034e-01 -7.835625444206684165e-02 0.000000000000000000e+00 1.137000000000000028e+02
-2.022282728770990357e+00 -1.144929840519480102e+01 0.000000000000000000e+00 -2.071446733973880683e-01 -8.849401352332364468e-02 0.000000000000000000e+00 1.138000000000000114e+02
-2.043163929570269488e+00 -1.145821472236365146e+01 0.000000000000000000e+00 -2.088120079927913153e-01 -8.916317168850440567e-02 0.000000000000000000e+00 1.139000000000000057e+02
-2.064045130369548620e+00 -1.146713103953250190e+01 0.000000000000000000e+00 -2.088120079927913153e-01 -8.916317168850440567e-02 0.000000000000000000e+00 1.140000000000000000e+02
-2.084926331168827751e+00 -1.147604735670135234e+01 0.000000000000000000e+00 -2.088120079927913153e-01 -8.916317168850440567e-02 0.000000000000000000e+00 1.141000000000000085e+02
-2.105807531968106883e+00 -1.148496367387020278e+01 0.000000000000000000e+00 -2.088120079927913153e-01 -8.916317168850440567e-02 0.000000000000000000e+00 1.142000000000000028e+02
-2.128704978946302173e+00 -1.149471321067800922e+01 0.000000000000000000e+00 -2.289744697819529051e-01 -9.749536807806435945e-02 0.000000000000000000e+00 1.143000000000000114e+02
-2.152329297457794777e+00 -1.150476312927593270e+01 0.000000000000000000e+00 -2.362431851149260353e-01 -1.004991859792347952e-01 0.000000000000000000e+00 1.144000000000000057e+02
-2.175953615969287824e+00 -1.151481304787385618e+01 0.000000000000000000e+00 -2.362431851149304762e-01 -1.004991859792347952e-01 0.000000000000000000e+00 1.145000000000000000e+02
-2.199577934480780428e+00 -1.152486296647177966e+01 0.000000000000000000e+00 -2.362431851149260353e-01 -1.004991859792347952e-01 0.000000000000000000e+00 1.146000000000000085e+02
-2.223202252992273031e+00 -1.153491288506970314e+01 0.000000000000000000e+00 -2.362431851149260353e-01 -1.004991859792347952e-01 0.000000000000000000e+00 1.147000000000000028e+02
-2.246826571503766079e+00 -1.154496280366762662e+01 0.000000000000000000e+00 -2.362431851149304762e-01 -1.004991859792347952e-01 0.000000000000000000e+00 1.148000000000000114e+02
-2.271925116410494550e+00 -1.155708710677997075e+01 0.000000000000000000e+00 -2.509854490672847049e-01 -1.212430311234413693e-01 0.000000000000000000e+00 1.149000000000000057e+02
-2.297855223216668019e+00 -1.157038150095333684e+01 0.000000000000000000e+00 -2.593010680617346964e-01 -1.329439417336608642e-01 0.000000000000000000e+00 1.150000000000000000e+02
-2.323785330022841489e+00 -1.158367589512670293e+01 0.000000000000000000e+00 -2.593010680617346964e-01 -1.329439417336608642e-01 0.000000000000000000e+00 1.151000000000000085e+02
-2.349715436829015403e+00 -1.159697028930006901e+01 0.000000000000000000e+00 -2.593010680617391372e-01 -1.329439417336608642e-01 0.000000000000000000e+00 1.152000000000000028e+02
-2.375645543635188872e+00 -1.161026468347343688e+01 0.000000000000000000e+00 -2.593010680617346964e-01 -1.329439417336786278e-01 0.000000000000000000e+00 1.153000000000000114e+02
-2.401575650441362342e+00 -1.162355907764680296e+01 0.000000000000000000e+00 -2.593010680617346964e-01 -1.329439417336608642e-01 0.000000000000000000e+00 1.154000000000000057e+02
-2.427505757247535811e+00 -1.163685347182016905e+01 0.000000000000000000e+00 -2.593010680617346964e-01 -1.329439417336608642e-01 0.000000000000000000e+00 1.155000000000000000e+02
-2.451436649120505074e+00 -1.164797948843254183e+01 0.000000000000000000e+00 -2.393089187296926212e-01 -1.112601661237277995e-01 0.000000000000000000e+00 1.156000000000000085e+02
-2.474714755452039228e+00 -1.165839748436305534e+01 0.000000000000000000e+00 -2.327810633153415409e-01 -1.041799593051351280e-01 0.000000000000000000e+00 1.157000000000000028e+02
-2.497992861783572938e+00 -1.166881548029356885e+01 0.000000000000000000e+00 -2.327810633153371001e-01 -1.041799593051351280e-01 0.000000000000000000e+00 1.158000000000000114e+02
-2.521270968115106648e+00 -1.167923347622408237e+01 0.000000000000000000e+00 -2.327810633153371001e-01 -1.041799593051351280e-01 0.000000000000000000e+00 1.159000000000000057e+02
-2.544549074446640358e+00 -1.168965147215459588e+01 0.000000000000000000e+00 -2.327810633153371001e-01 -1.041799593051351280e-01 0.000000000000000000e+00 1.160000000000000000e+02
-2.567827180778174068e+00 -1.170006946808510762e+01 0.000000000000000000e+00 -2.327810633153371001e-01 -1.041799593051173645e-01 0.000000000000000000e+00 1.161000000000000085e+02
-2.589950137175639711e+00 -1.171008514768885078e+01 0.000000000000000000e+00 -2.212295639746564291e-01 -1.001567960374316613e-01 0.000000000000000000e+00 1.162000000000000028e+02
-2.611979172343055655e+00 -1.172006811634904722e+01 0.000000000000000000e+00 -2.202903516741594458e-01 -9.982968660196434030e-02 0.000000000000000000e+00 1.163000000000000114e+02
-2.634008207510471600e+00 -1.173005108500924365e+01 0.000000000000000000e+00 -2.202903516741594458e-01 -9.982968660196434030e-02 0.000000000000000000e+00 1.164000000000000057e+02
-2.656037242677887544e+00 -1.174003405366944186e+01 0.000000000000000000e+00 -2.202903516741594458e-01 -9.982968660198210387e-02 0.000000000000000000e+00 1.165000000000000000e+02
-2.678066277845303489e+00 -1.175001702232963829e+01 0.000000000000000000e+00 -2.202903516741594458e-01 -9.982968660196434030e-02 0.000000000000000000e+00 1.166000000000000085e+02
-2.700252918157392656e+00 -1.176009960073164784e+01 0.000000000000000000e+00 -2.218664031208916754e-01 -1.008257840200954547e-01 0.000000000000000000e+00 1.167000000000000028e+02
-2.722751939200889204e+00 -1.177037961027759572e+01 0.000000000000000000e+00 -2.249902104349654763e-01 -1.028000954594787686e-01 0.000000000000000000e+00 1.168000000000000114e+02
-2.745250960244385752e+00 -1.178065961982354182e+01 0.000000000000000000e+00 -2.249902104349654763e-01 -1.028000954594610050e-01 0.000000000000000000e+00 1.169000000000000057e+02
-2.767749981287882299e+00 -1.179093962936948792e+01 0.000000000000000000e+00 -2.249902104349654763e-01 -1.028000954594610050e-01 0.000000000000000000e+00 1.170000000000000000e+02
-2.790249002331378847e+00 -1.180121963891543402e+01 0.000000000000000000e+00 -2.249902104349654763e-01 -1.028000954594610050e-01 0.000000000000000000e+00 1.171000000000000085e+02
-2.812748023374874951e+00 -1.181149964846138012e+01 0.000000000000000000e+00 -2.249902104349610354e-01 -1.028000954594610050e-01 0.000000000000000000e+00 1.172000000000000028e+02
-2.837485545417689270e+00 -1.182141589239307855e+01 0.000000000000000000e+00 -2.473752204281431943e-01 -9.916243931698431879e-02 0.000000000000000000e+00 1.173000000000000114e+02
-2.863581919764842443e+00 -1.183111131723945419e+01 0.000000000000000000e+00 -2.609637434715317283e-01 -9.695424846375644279e-02 0.000000000000000000e+00 1.174000000000000057e+02
-2.889678294111995616e+00 -1.184080674208583162e+01 0.000000000000000000e+00 -2.609637434715317283e-01 -9.695424846377420636e-02 0.000000000000000000e+00 1.175000000000000000e+02
-2.915774668459148788e+00 -1.185050216693220726e+01 0.000000000000000000e+00 -2.609637434715317283e-01 -9.695424846375644279e-02 0.000000000000000000e+00 1.176000000000000085e+02
-2.941871042806301961e+00 -1.186019759177858290e+01 0.000000000000000000e+00 -2.609637434715317283e-01 -9.695424846375644279e-02 0.000000000000000000e+00 1.177000000000000028e+02
-2.967967417153455134e+00 -1.186989301662496032e+01 0.000000000000000000e+00 -2.609637434715317283e-01 -9.695424846377420636e-02 0.000000000000000000e+00 1.178000000000000114e+02
-2.993955756954348235e+00 -1.187863414987953981e+01 0.000000000000000000e+00 -2.598833980089310103e-01 -8.741133254579480649e-02 0.000000000000000000e+00 1.179000000000000057e+02
-3.018350319097661050e+00 -1.187329711396993304e+01 0.000000000000000000e+00 -2.439456214331281458e-01 5.337035909606768769e-02 0.000000000000000000e+00 1.180000000000000000e+02
-3.042744881240973864e+00 -1.186796007806032804e+01 0.000000000000000000e+00 -2.439456214331281458e-01 5.337035909604992412e-02 0.000000000000000000e+00 1.181000000000000085e+02
-3.067139443384286235e+00 -1.186262304215072128e+01 0.000000000000000000e+00 -2.439456214331237049e-01 5.337035909606768769e-02 0.000000000000000000e+00 1.182000000000000028e+02
-3.091534005527599049e+00 -1.185728600624111628e+01 0.000000000000000000e+00 -2.439456214331281458e-01 5.337035909604992412e-02 0.000000000000000000e+00 1.183000000000000114e+02
-3.115928567670911864e+00 -1.185194897033150951e+01 0.000000000000000000e+00 -2.439456214331281458e-01 5.337035909606768769e-02 0.000000000000000000e+00 1.184000000000000057e+02
-3.140097576041534833e+00 -1.184641199334019213e+01 0.000000000000000000e+00 -2.416900837062296858e-01 5.536976991317388297e-02 0.000000000000000000e+00 1.185000000000000000e+02
-3.163586935488988505e+00 -1.184027254475523883e+01 0.000000000000000000e+00 -2.348935944745367266e-01 6.139448584953299815e-02 0.000000000000000000e+00 1.186000000000000085e+02
-3.187076294936442178e+00 -1.183413309617028553e+01 0.000000000000000000e+00 -2.348935944745367266e-01 6.139448584953299815e-02 0.000000000000000000e+00 1.187000000000000028e+02
-3.210565654383895851e+00 -1.182799364758533223e+01 0.000000000000000000e+00 -2.348935944745367266e-01 6.139448584953299815e-02 0.000000000000000000e+00 1.188000000000000114e+02
-3.234055013831349523e+00 -1.182185419900037715e+01 0.000000000000000000e+00 -2.348935944745367266e-01 6.139448584955076171e-02 0.000000000000000000e+00 1.189000000000000057e+02
-3.257544373278803196e+00 -1.181571475041542385e+01 0.000000000000000000e+00 -2.348935944745367266e-01 6.139448584953299815e-02 0.000000000000000000e+00 1.190000000000000000e+02
-3.281384113144165227e+00 -1.180936895051031144e+01 0.000000000000000000e+00 -2.383973986536203071e-01 6.345799905112414763e-02 0.000000000000000000e+00 1.191000000000000085e+02
-3.305458193554959401e+00 -1.180288513923685301e+01 0.000000000000000000e+00 -2.407408041079417416e-01 6.483811273458428559e-02 0.000000000000000000e+00 1.192000000000000028e+02
-3.329532273965753575e+00 -1.179640132796339458e+01 0.000000000000000000e+00 -2.407408041079417416e-01 6.483811273458428559e-02 0.000000000000000000e+00 1.193000000000000114e+02
-3.353606354376547749e+00 -1.178991751668993793e+01 0.000000000000000000e+00 -2.407408041079417416e-01 6.483811273456652202e-02 0.000000000000000000e+00 1.194000000000000057e+02
-3.377680434787341923e+00 -1.178343370541647950e+01 0.000000000000000000e+00 -2.407408041079417416e-01 6.483811273458428559e-02 0.000000000000000000e+00 1.195000000000000000e+02
-3.401754515198136097e+00 -1.177694989414302107e+01 0.000000000000000000e+00 -2.407408041079417416e-01 6.483811273458428559e-02 0.000000000000000000e+00 1.196000000000000085e+02
-3.426990271263645305e+00 -1.177003011959950207e+01 0.000000000000000000e+00 -2.523575606550920725e-01 6.919774543518997234e-02 0.000000000000000000e+00 1.197000000000000028e+02
-3.452507899060056840e+00 -1.176300456189607857e+01 0.000000000000000000e+00 -2.551762779641153500e-01 7.025557703423501721e-02 0.000000000000000000e+00 1.198000000000000114e+02
-3.478025526856468819e+00 -1.175597900419265507e+01 0.000000000000000000e+00 -2.551762779641197909e-01 7.025557703423501721e-02 0.000000000000000000e+00 1.199000000000000057e+02
-3.503543154652880354e+00 -1.174895344648922979e+01 0.000000000000000000e+00 -2.551762779641153500e-01 7.025557703425278078e-02 0.000000000000000000e+00 1.200000000000000000e+02
-3.529060782449292333e+00 -1.174192788878580629e+01 0.000000000000000000e+00 -2.551762779641197909e-01 7.025557703423501721e-02 0.000000000000000000e+00 1.201000000000000085e+02
-3.554578410245703868e+00 -1.173490233108238101e+01 0.000000000000000000e+00 -2.551762779641153500e-01 7.025557703425278078e-02 0.000000000000000000e+00 1.202000000000000028e+02
-3.579043969020132998e+00 -1.172804626413625151e+01 0.000000000000000000e+00 -2.446555877442913030e-01 6.856066946129502071e-02 0.000000000000000000e+00 1.203000000000000114e+02
-3.602927361155146890e+00 -1.172128398558472462e+01 0.000000000000000000e+00 -2.388339213501389224e-01 6.762278551526890169e-02 0.000000000000000000e+00 1.204000000000000057e+02
-3.626810753290160783e+00 -1.171452170703319950e+01 0.000000000000000000e+00 -2.388339213501389224e-01 6.762278551525113812e-02 0.000000000000000000e+00 1.205000000000000000e+02
-3.650694145425174675e+00 -1.170775942848167439e+01 0.000000000000000000e+00 -2.388339213501389224e-01 6.762278551525113812e-02 0.000000000000000000e+00 1.206000000000000085e+02
-3.674577537560188567e+00 -1.170099714993014928e+01 0.000000000000000000e+00 -2.388339213501389224e-01 6.762278551525113812e-02 0.000000000000000000e+00 1.207000000000000028e+02
-3.698460929695202459e+00 -1.169423487137862416e+01 0.000000000000000000e+00 -2.388339213501389224e-01 6.762278551525113812e-02 0.000000000000000000e+00 1.208000000000000114e+02
-3.722599903111997399e+00 -1.168725711689338809e+01 0.000000000000000000e+00 -2.413897341679493991e-01 6.977754485236076221e-02 0.000000000000000000e+00 1.209000000000000057e+02
-3.746772814259264006e+00 -1.168025075012438130e+01 0.000000000000000000e+00 -2.417291114726660695e-01 7.006366769006788786e-02 0.000000000000000000e+00 1.210000000000000000e+02
-3.770945725406531057e+00 -1.167324438335537273e+01 0.000000000000000000e+00 -2.417291114726705104e-01 7.006366769008565143e-02 0.000000000000000000e+00 1.211000000000000085e+02
-3.795118636553797664e+00 -1.166623801658636417e+01 0.000000000000000000e+00 -2.417291114726660695e-01 7.006366769008565143e-02 0.000000000000000000e+00 1.212000000000000028e+02
-3.819291547701064271e+00 -1.165923164981735738e+01 0.000000000000000000e+00 -2.417291114726660695e-01 7.006366769006788786e-02 0.000000000000000000e+00 1.213000000000000114e+02
-3.843633006238676764e+00 -1.165217131323453081e+01 0.000000000000000000e+00 -2.434145853761249256e-01 7.060336582826565177e-02 0.000000000000000000e+00 1.214000000000000057e+02
-3.870821856400608052e+00 -1.164419922598314194e+01 0.000000000000000000e+00 -2.718885016193128834e-01 7.972087251388870754e-02 0.000000000000000000e+00 1.215000000000000000e+02
-3.898010706562539340e+00 -1.163622713873175307e+01 0.000000000000000000e+00 -2.718885016193128834e-01 7.972087251388870754e-02 0.000000000000000000e+00 1.216000000000000085e+02
-3.925199556724470629e+00 -1.162825505148036598e+01 0.000000000000000000e+00 -2.718885016193128834e-01 7.972087251387094398e-02 0.000000000000000000e+00 1.217000000000000028e+02
-3.952388406886401917e+00 -1.162028296422897711e+01 0.000000000000000000e+00 -2.718885016193128834e-01 7.972087251388870754e-02 0.000000000000000000e+00 1.218000000000000114e+02
-3.979577257048333205e+00 -1.161231087697758824e+01 0.000000000000000000e+00 -2.718885016193128834e-01 7.972087251388870754e-02 0.000000000000000000e+00 1.219000000000000057e+02
-4.006766107210264494e+00 -1.160433878972619937e+01 0.000000000000000000e+00 -2.718885016193128834e-01 7.972087251388870754e-02 0.000000000000000000e+00 1.220000000000000000e+02
-4.033658056342893872e+00 -1.159650206991391030e+01 0.000000000000000000e+00 -2.689194913262937803e-01 7.836719812289061338e-02 0.000000000000000000e+00 1.221000000000000085e+02
-4.060212652308782033e+00 -1.158881916106806287e+01 0.000000000000000000e+00 -2.655459596588816140e-01 7.682908845847435941e-02 0.000000000000000000e+00 1.222000000000000028e+02
-4.086767248274671083e+00 -1.158113625222221366e+01 0.000000000000000000e+00 -2.655459596588904958e-01 7.682908845849212298e-02 0.000000000000000000e+00 1.223000000000000114e+02
-4.113321844240559244e+00 -1.157345334337636622e+01 0.000000000000000000e+00 -2.655459596588816140e-01 7.682908845847435941e-02 0.000000000000000000e+00 1.224000000000000057e+02
-4.139876440206448294e+00 -1.156577043453051701e+01 0.000000000000000000e+00 -2.655459596588904958e-01 7.682908845849212298e-02 0.000000000000000000e+00 1.225000000000000000e+02
-4.166431036172336455e+00 -1.155808752568466957e+01 0.000000000000000000e+00 -2.655459596588816140e-01 7.682908845847435941e-02 0.000000000000000000e+00 1.226000000000000085e+02
-4.193008909946255969e+00 -1.155039793008554838e+01 0.000000000000000000e+00 -2.657787377391951367e-01 7.689595599121190617e-02 0.000000000000000000e+00 1.227000000000000028e+02
-4.219874874679577559e+00 -1.154262557784701926e+01 0.000000000000000000e+00 -2.686596473332159007e-01 7.772352238529123269e-02 0.000000000000000000e+00 1.228000000000000114e+02
-4.246740839412899149e+00 -1.153485322560848836e+01 0.000000000000000000e+00 -2.686596473332159007e-01 7.772352238530899626e-02 0.000000000000000000e+00 1.229000000000000057e+02
-4.273606804146220739e+00 -1.152708087336995746e+01 0.000000000000000000e+00 -2.686596473332159007e-01 7.772352238530899626e-02 0.000000000000000000e+00 1.230000000000000000e+02
-4.300472768879542329e+00 -1.151930852113142656e+01 0.000000000000000000e+00 -2.686596473332159007e-01 7.772352238530899626e-02 0.000000000000000000e+00 1.231000000000000085e+02
-4.327338733612864807e+00 -1.151153616889289744e+01 0.000000000000000000e+00 -2.686596473332247825e-01 7.772352238529123269e-02 0.000000000000000000e+00 1.232000000000000028e+02
-4.354204698346186397e+00 -1.150376381665436654e+01 0.000000000000000000e+00 -2.686596473332159007e-01 7.772352238530899626e-02 0.000000000000000000e+00 1.233000000000000114e+02
-4.381351835657867788e+00 -1.149592045307373311e+01 0.000000000000000000e+00 -2.714713731168139077e-01 7.843363580633422316e-02 0.000000000000000000e+00 1.234000000000000057e+02
-4.408697469006712666e+00 -1.148802695846651645e+01 0.000000000000000000e+00 -2.734563334884487773e-01 7.893494607216666736e-02 0.000000000000000000e+00 1.235000000000000000e+02
-4.436043102355558432e+00 -1.148013346385929800e+01 0.000000000000000000e+00 -2.734563334884576591e-01 7.893494607218443093e-02 0.000000000000000000e+00 1.236000000000000085e+02
-4.463388735704403310e+00 -1.147223996925207956e+01 0.000000000000000000e+00 -2.734563334884487773e-01 7.893494607218443093e-02 0.000000000000000000e+00 1.237000000000000028e+02
-4.490734369053249075e+00 -1.146434647464486112e+01 0.000000000000000000e+00 -2.734563334884576591e-01 7.893494607218443093e-02 0.000000000000000000e+00 1.238000000000000114e+02
-4.518080002402093953e+00 -1.145645298003764267e+01 0.000000000000000000e+00 -2.734563334884487773e-01 7.893494607218443093e-02 0.000000000000000000e+00 1.239000000000000057e+02
-4.545425635750939719e+00 -1.144855948543042601e+01 0.000000000000000000e+00 -2.734563334884576591e-01 7.893494607216666736e-02 0.000000000000000000e+00 1.240000000000000000e+02
-4.569706015020771339e+00 -1.144146980761960464e+01 0.000000000000000000e+00 -2.428037926983162009e-01 7.089677810821370940e-02 0.000000000000000000e+00 1.241000000000000085e+02
-4.593716263553921486e+00 -1.143445096753308832e+01 0.000000000000000000e+00 -2.401024853315014695e-01 7.018840086516320298e-02 0.000000000000000000e+00 1.242000000000000028e+02
-4.617726512087071633e+00 -1.142743212744657022e+01 0.000000000000000000e+00 -2.401024853315014695e-01 7.018840086518096655e-02 0.000000000000000000e+00 1.243000000000000114e+02
-4.641736760620221780e+00 -1.142041328736005390e+01 0.000000000000000000e+00 -2.401024853315014695e-01 7.018840086516320298e-02 0.000000000000000000e+00 1.244000000000000057e+02
-4.665747009153371927e+00 -1.141339444727353580e+01 0.000000000000000000e+00 -2.401024853315014695e-01 7.018840086518096655e-02 0.000000000000000000e+00 1.245000000000000000e+02
-4.689288986903892287e+00 -1.140644805921389171e+01 0.000000000000000000e+00 -2.354197775052035979e-01 6.946388059644093005e-02 0.000000000000000000e+00 1.246000000000000085e+02
-4.711442792766764143e+00 -1.139971645258122912e+01 0.000000000000000000e+00 -2.215380586287185594e-01 6.731606632662590073e-02 0.000000000000000000e+00 1.247000000000000028e+02
-4.733596598629636887e+00 -1.139298484594856831e+01 0.000000000000000000e+00 -2.215380586287274411e-01 6.731606632660813716e-02 0.000000000000000000e+00 1.248000000000000114e+02
-4.755750404492508743e+00 -1.138625323931590572e+01 0.000000000000000000e+00 -2.215380586287185594e-01 6.731606632662590073e-02 0.000000000000000000e+00 1.249000000000000057e+02
-4.777904210355380599e+00 -1.137952163268324313e+01 0.000000000000000000e+00 -2.215380586287185594e-01 6.731606632662590073e-02 0.000000000000000000e+00 1.250000000000000000e+02
-4.800058016218252455e+00 -1.137279002605058054e+01 0.000000000000000000e+00 -2.215380586287185594e-01 6.731606632662590073e-02 0.000000000000000000e+00 1.251000000000000085e+02
-4.822260894081287219e+00 -1.136333851698958597e+01 0.000000000000000000e+00 -2.220287786303476452e-01 9.451509060994567335e-02 0.000000000000000000e+00 1.252000000000000028e+02
-4.844467494624617565e+00 -1.135368067178691831e+01 0.000000000000000000e+00 -2.220660054333034594e-01 9.657845202667658668e-02 0.000000000000000000e+00 1.253000000000000114e+02
-4.866674095167947911e+00 -1.134402282658425065e+01 0.000000000000000000e+00 -2.220660054333034594e-01 9.657845202667658668e-02 0.000000000000000000e+00 1.254000000000000057e+02
-4.888880695711278257e+00 -1.133436498138158299e+01 0.000000000000000000e+00 -2.220660054333034594e-01 9.657845202667658668e-02 0.000000000000000000e+00 1.255000000000000000e+02
-4.911087296254608603e+00 -1.132470713617891533e+01 0.000000000000000000e+00 -2.220660054333034594e-01 9.657845202667658668e-02 0.000000000000000000e+00 1.256000000000000085e+02
-4.932968190762498928e+00 -1.131457738218808906e+01 0.000000000000000000e+00 -2.188089450789032497e-01 1.012975399082627348e-01 0.000000000000000000e+00 1.257000000000000028e+02
-4.953713937185979965e+00 -1.130280293544181802e+01 0.000000000000000000e+00 -2.074574642348103737e-01 1.177444674627103893e-01 0.000000000000000000e+00 1.258000000000000114e+02
-4.974459683609460114e+00 -1.129102848869554698e+01 0.000000000000000000e+00 -2.074574642348014919e-01 1.177444674627103893e-01 0.000000000000000000e+00 1.259000000000000057e+02
-4.995205430032941152e+00 -1.127925404194927772e+01 0.000000000000000000e+00 -2.074574642348103737e-01 1.177444674626926258e-01 0.000000000000000000e+00 1.260000000000000000e+02
-5.015951176456422189e+00 -1.126747959520300668e+01 0.000000000000000000e+00 -2.074574642348103737e-01 1.177444674627103893e-01 0.000000000000000000e+00 1.261000000000000085e+02
-5.036696922879902338e+00 -1.125570514845673564e+01 0.000000000000000000e+00 -2.074574642348014919e-01 1.177444674627103893e-01 0.000000000000000000e+00 1.262000000000000028e+02
-5.056647250488869538e+00 -1.124475511482829049e+01 0.000000000000000000e+00 -1.995032760896719992e-01 1.095003362844515493e-01 0.000000000000000000e+00 1.263000000000000114e+02
-5.075843222842820524e+00 -1.123458693392496066e+01 0.000000000000000000e+00 -1.919597235395098522e-01 1.016818090332982649e-01 0.000000000000000000e+00 1.264000000000000057e+02
-5.095039195196770621e+00 -1.122441875302163261e+01 0.000000000000000000e+00 -1.919597235395009704e-01 1.016818090332805014e-01 0.000000000000000000e+00 1.265000000000000000e+02
-5.114235167550721606e+00 -1.121425057211830456e+01 0.000000000000000000e+00 -1.919597235395098522e-01 1.016818090332805014e-01 0.000000000000000000e+00 1.266000000000000085e+02
-5.133431139904671703e+00 -1.120408239121497473e+01 0.000000000000000000e+00 -1.919597235395009704e-01 1.016818090332982649e-01 0.000000000000000000e+00 1.267000000000000028e+02
-5.153137037800826548e+00 -1.119629948711288669e+01 0.000000000000000000e+00 -1.970589789615484477e-01 7.782904102088039622e-02 0.000000000000000000e+00 1.268000000000000114e+02
-5.173712495939168932e+00 -1.119258412170283634e+01 0.000000000000000000e+00 -2.057545813834238402e-01 3.715365410050353034e-02 0.000000000000000000e+00 1.269000000000000057e+02
-5.194287954077512204e+00 -1.118886875629278599e+01 0.000000000000000000e+00 -2.057545813834327220e-01 3.715365410050353034e-02 0.000000000000000000e+00 1.270000000000000000e+02
-5.214863412215854588e+00 -1.118515339088273564e+01 0.000000000000000000e+00 -2.057545813834238402e-01 3.715365410050353034e-02 0.000000000000000000e+00 1.271000000000000085e+02
-5.235438870354196972e+00 -1.118143802547268706e+01 0.000000000000000000e+00 -2.057545813834238402e-01 3.715365410048576678e-02 0.000000000000000000e+00 1.272000000000000028e+02
-5.256006437389213026e+00 -1.118338547653208792e+01 0.000000000000000000e+00 -2.056756703501605443e-01 -1.947451059400862050e-02 0.000000000000000000e+00 1.273000000000000114e+02
-5.276553128385850222e+00 -1.120031399792279281e+01 0.000000000000000000e+00 -2.054669099663719578e-01 -1.692852139070488704e-01 0.000000000000000000e+00 1.274000000000000057e+02
-5.297099819382488306e+00 -1.121724251931349770e+01 0.000000000000000000e+00 -2.054669099663808396e-01 -1.692852139070488704e-01 0.000000000000000000e+00 1.275000000000000000e+02
-5.317646510379126390e+00 -1.123417104070420436e+01 0.000000000000000000e+00 -2.054669099663808396e-01 -1.692852139070666340e-01 0.000000000000000000e+00 1.276000000000000085e+02
-5.338193201375764474e+00 -1.125109956209490925e+01 0.000000000000000000e+00 -2.054669099663808396e-01 -1.692852139070488704e-01 0.000000000000000000e+00 1.277000000000000028e+02
-5.358739892372402558e+00 -1.126802808348561591e+01 0.000000000000000000e+00 -2.054669099663808396e-01 -1.692852139070666340e-01 0.000000000000000000e+00 1.278000000000000114e+02
-5.379286583369040642e+00 -1.128495660487632080e+01 0.000000000000000000e+00 -2.054669099663808396e-01 -1.692852139070488704e-01 0.000000000000000000e+00 1.279000000000000057e+02
-5.399612933613831878e+00 -1.130410803246808982e+01 0.000000000000000000e+00 -2.032635024479123587e-01 -1.915142759176902132e-01 0.000000000000000000e+00 1.280000000000000000e+02
-5.419476000313579789e+00 -1.132793329300499252e+01 0.000000000000000000e+00 -1.986306669974791106e-01 -2.382526053690270373e-01 0.000000000000000000e+00 1.280999999999999943e+02
-5.439339067013325035e+00 -1.135175855354189167e+01 0.000000000000000000e+00 -1.986306669974524652e-01 -2.382526053689915102e-01 0.000000000000000000e+00 1.282000000000000171e+02
-5.459202133713070282e+00 -1.137558381407879260e+01 0.000000000000000000e+00 -1.986306669974524652e-01 -2.382526053690092738e-01 0.000000000000000000e+00 1.283000000000000114e+02
-5.479065200412815528e+00 -1.139940907461569175e+01 0.000000000000000000e+00 -1.986306669974524652e-01 -2.382526053689915102e-01 0.000000000000000000e+00 1.284000000000000057e+02
-5.498928267112560775e+00 -1.142323433515259090e+01 0.000000000000000000e+00 -1.986306669974524652e-01 -2.382526053689915102e-01 0.000000000000000000e+00 1.285000000000000000e+02
-5.518791333812306021e+00 -1.144705959568949005e+01 0.000000000000000000e+00 -1.986306669974524652e-01 -2.382526053689915102e-01 0.000000000000000000e+00 1.285999999999999943e+02
-5.538658549567438527e+00 -1.147084970431397899e+01 0.000000000000000000e+00 -1.986721575513250571e-01 -2.379010862448893704e-01 0.000000000000000000e+00 1.287000000000000171e+02
-5.558549630581395284e+00 -1.149443762005124015e+01 0.000000000000000000e+00 -1.989108101395675732e-01 -2.358791573726115587e-01 0.000000000000000000e+00 1.288000000000000114e+02
-5.578440711595352042e+00 -1.151802553578850130e+01 0.000000000000000000e+00 -1.989108101395675732e-01 -2.358791573726115587e-01 0.000000000000000000e+00 1.289000000000000057e+02
-5.598331792609308799e+00 -1.154161345152576423e+01 0.000000000000000000e+00 -1.989108101395675732e-01 -2.358791573726293223e-01 0.000000000000000000e+00 1.290000000000000000e+02
-5.618222873623265556e+00 -1.156520136726302539e+01 0.000000000000000000e+00 -1.989108101395675732e-01 -2.358791573726115587e-01 0.000000000000000000e+00 1.290999999999999943e+02
-5.638113954637223202e+00 -1.158878928300028655e+01 0.000000000000000000e+00 -1.989108101395764550e-01 -2.358791573726115587e-01 0.000000000000000000e+00 1.292000000000000171e+02
-5.658005035651179959e+00 -1.161237719873754770e+01 0.000000000000000000e+00 -1.989108101395675732e-01 -2.358791573726115587e-01 0.000000000000000000e+00 1.293000000000000114e+02
-5.677749544771065082e+00 -1.163583299166240081e+01 0.000000000000000000e+00 -1.974450911988512303e-01 -2.345579292485311385e-01 0.000000000000000000e+00 1.294000000000000057e+02
-5.694668069793426213e+00 -1.165674138647143998e+01 0.000000000000000000e+00 -1.691852502236113054e-01 -2.090839480903916581e-01 0.000000000000000000e+00 1.295000000000000000e+02
-5.711586594815788231e+00 -1.167764978128047915e+01 0.000000000000000000e+00 -1.691852502236201872e-01 -2.090839480903916581e-01 0.000000000000000000e+00 1.295999999999999943e+02
-5.728505119838149362e+00 -1.169855817608952009e+01 0.000000000000000000e+00 -1.691852502236113054e-01 -2.090839480904094216e-01 0.000000000000000000e+00 1.297000000000000171e+02
-5.745423644860511381e+00 -1.171946657089855925e+01 0.000000000000000000e+00 -1.691852502236201872e-01 -2.090839480903916581e-01 0.000000000000000000e+00 1.298000000000000114e+02
-5.762342169882872511e+00 -1.174037496570759842e+01 0.000000000000000000e+00 -1.691852502236113054e-01 -2.090839480903916581e-01 0.000000000000000000e+00 1.299000000000000057e+02
-5.779260694905234530e+00 -1.176128336051663936e+01 0.000000000000000000e+00 -1.691852502236201872e-01 -2.090839480904094216e-01 0.000000000000000000e+00 1.300000000000000000e+02
-5.796296133847863352e+00 -1.178246268299245791e+01 0.000000000000000000e+00 -1.703543894262882219e-01 -2.117932247581855165e-01 0.000000000000000000e+00 1.300999999999999943e+02
-5.813337582499140233e+00 -1.180365593192235885e+01 0.000000000000000000e+00 -1.704144865127688035e-01 -2.119324892990093190e-01 0.000000000000000000e+00 1.302000000000000171e+02
-5.830379031150418001e+00 -1.182484918085226155e+01 0.000000000000000000e+00 -1.704144865127776853e-01 -2.119324892990270826e-01 0.000000000000000000e+00 1.303000000000000114e+02
-5.847420479801695770e+00 -1.184604242978216249e+01 0.000000000000000000e+00 -1.704144865127776853e-01 -2.119324892990093190e-01 0.000000000000000000e+00 1.304000000000000057e+02
-5.864461928452972650e+00 -1.186723567871206519e+01 0.000000000000000000e+00 -1.704144865127688035e-01 -2.119324892990270826e-01 0.000000000000000000e+00 1.305000000000000000e+02
-5.881503377104250418e+00 -1.188842892764196613e+01 0.000000000000000000e+00 -1.704144865127776853e-01 -2.119324892990093190e-01 0.000000000000000000e+00 1.305999999999999943e+02
-5.900535377789863922e+00 -1.191219748003756962e+01 0.000000000000000000e+00 -1.903200068561350378e-01 -2.376855239560349276e-01 0.000000000000000000e+00 1.307000000000000171e+02
-5.920002099134261009e+00 -1.193652845813210384e+01 0.000000000000000000e+00 -1.946672134439708657e-01 -2.433097809453421689e-01 0.000000000000000000e+00 1.308000000000000114e+02
-5.939468820478657207e+00 -1.196085943622663983e+01 0.000000000000000000e+00 -1.946672134439619839e-01 -2.433097809453599325e-01 0.000000000000000000e+00 1.309000000000000057e+02
-5.958935541823053406e+00 -1.198519041432117405e+01 0.000000000000000000e+00 -1.946672134439619839e-01 -2.433097809453421689e-01 0.000000000000000000e+00 1.310000000000000000e+02
-5.978402263167449604e+00 -1.200952139241571004e+01 0.000000000000000000e+00 -1.946672134439619839e-01 -2.433097809453599325e-01 0.000000000000000000e+00 1.310999999999999943e+02
-5.997868984511845802e+00 -1.203385237051024426e+01 0.000000000000000000e+00 -1.946672134439619839e-01 -2.433097809453421689e-01 0.000000000000000000e+00 1.312000000000000171e+02
-6.017335705856242001e+00 -1.205818334860478025e+01 0.000000000000000000e+00 -1.946672134439619839e-01 -2.433097809453599325e-01 0.000000000000000000e+00 1.313000000000000114e+02
-6.036897649808547150e+00 -1.208254413761427060e+01 0.000000000000000000e+00 -1.956194395230514971e-01 -2.436078900949034676e-01 0.000000000000000000e+00 1.314000000000000057e+02
-6.056552085833603272e+00 -1.210693388270231452e+01 0.000000000000000000e+00 -1.965443602505612120e-01 -2.438974508804392372e-01 0.000000000000000000e+00 1.315000000000000000e+02
-6.076206521858658505e+00 -1.213132362779036022e+01 0.000000000000000000e+00 -1.965443602505523302e-01 -2.438974508804570007e-01 0.000000000000000000e+00 1.315999999999999943e+02
-6.095860957883714626e+00 -1.215571337287840592e+01 0.000000000000000000e+00 -1.965443602505612120e-01 -2.438974508804570007e-01 0.000000000000000000e+00 1.317000000000000171e+02
-6.115515393908770747e+00 -1.218010311796644984e+01 0.000000000000000000e+00 -1.965443602505612120e-01 -2.438974508804392372e-01 0.000000000000000000e+00 1.318000000000000114e+02
-6.135169829933826868e+00 -1.220449286305449554e+01 0.000000000000000000e+00 -1.965443602505612120e-01 -2.438974508804570007e-01 0.000000000000000000e+00 1.319000000000000057e+02
-6.154824265958882989e+00 -1.222888260814253947e+01 0.000000000000000000e+00 -1.965443602505612120e-01 -2.438974508804392372e-01 0.000000000000000000e+00 1.320000000000000000e+02
-6.174412565723747193e+00 -1.225313088683603624e+01 0.000000000000000000e+00 -1.958829976486420321e-01 -2.424827869349677201e-01 0.000000000000000000e+00 1.320999999999999943e+02
-6.193846769068239055e+00 -1.227704955111014939e+01 0.000000000000000000e+00 -1.943420334449186271e-01 -2.391866427411315499e-01 0.000000000000000000e+00 1.322000000000000171e+02
-6.213280972412730918e+00 -1.230096821538426255e+01 0.000000000000000000e+00 -1.943420334449186271e-01 -2.391866427411315499e-01 0.000000000000000000e+00 1.323000000000000114e+02
-6.232715175757222781e+00 -1.232488687965837748e+01 0.000000000000000000e+00 -1.943420334449186271e-01 -2.391866427411493135e-01 0.000000000000000000e+00 1.324000000000000057e+02
-6.252149379101714644e+00 -1.234880554393249064e+01 0.000000000000000000e+00 -1.943420334449186271e-01 -2.391866427411315499e-01 0.000000000000000000e+00 1.325000000000000000e+02
-6.271583582446207394e+00 -1.237272420820660379e+01 0.000000000000000000e+00 -1.943420334449275089e-01 -2.391866427411315499e-01 0.000000000000000000e+00 1.325999999999999943e+02
-6.291017785790699257e+00 -1.239664287248071695e+01 0.000000000000000000e+00 -1.943420334449186271e-01 -2.391866427411315499e-01 0.000000000000000000e+00 1.327000000000000171e+02
-6.310401023019870159e+00 -1.242049290098153058e+01 0.000000000000000000e+00 -1.938323722917090208e-01 -2.385002850081363590e-01 0.000000000000000000e+00 1.328000000000000114e+02
-6.327472716395604380e+00 -1.244122998671828029e+01 0.000000000000000000e+00 -1.707169337573422041e-01 -2.073708573674970523e-01 0.000000000000000000e+00 1.329000000000000057e+02
-6.344544409771338600e+00 -1.246196707245502999e+01 0.000000000000000000e+00 -1.707169337573422041e-01 -2.073708573674970523e-01 0.000000000000000000e+00 1.330000000000000000e+02
-6.361616103147072820e+00 -1.248270415819177970e+01 0.000000000000000000e+00 -1.707169337573422041e-01 -2.073708573674970523e-01 0.000000000000000000e+00 1.330999999999999943e+02
-6.378687796522807041e+00 -1.250344124392852940e+01 0.000000000000000000e+00 -1.707169337573422041e-01 -2.073708573674970523e-01 0.000000000000000000e+00 1.332000000000000171e+02
-6.395759489898541261e+00 -1.252417832966527911e+01 0.000000000000000000e+00 -1.707169337573422041e-01 -2.073708573674970523e-01 0.000000000000000000e+00 1.333000000000000114e+02
-6.412831183274274593e+00 -1.254491541540203059e+01 0.000000000000000000e+00 -1.707169337573333223e-01 -2.073708573675148159e-01 0.000000000000000000e+00 1.334000000000000057e+02
-6.428412027841724274e+00 -1.256367020970570181e+01 0.000000000000000000e+00 -1.558084456744968094e-01 -1.875479430367121836e-01 0.000000000000000000e+00 1.335000000000000000e+02
-6.443863765703010671e+00 -1.258225333863582307e+01 0.000000000000000000e+00 -1.545173786128639648e-01 -1.858312893012126210e-01 0.000000000000000000e+00 1.335999999999999943e+02
-6.459315503564297067e+00 -1.260083646756594611e+01 0.000000000000000000e+00 -1.545173786128639648e-01 -1.858312893012303846e-01 0.000000000000000000e+00 1.337000000000000171e+02
-6.474767241425583464e+00 -1.261941959649606737e+01 0.000000000000000000e+00 -1.545173786128639648e-01 -1.858312893012126210e-01 0.000000000000000000e+00 1.338000000000000114e+02
-6.490218979286869860e+00 -1.263800272542619041e+01 0.000000000000000000e+00 -1.545173786128639648e-01 -1.858312893012303846e-01 0.000000000000000000e+00 1.339000000000000057e+02
-6.505895419384023270e+00 -1.265688366831953715e+01 0.000000000000000000e+00 -1.567644009715341014e-01 -1.888094289334674158e-01 0.000000000000000000e+00 1.340000000000000000e+02
-6.522145438522314542e+00 -1.267652481658780772e+01 0.000000000000000000e+00 -1.625001913829127176e-01 -1.964114826827056959e-01 0.000000000000000000e+00 1.340999999999999943e+02
-6.538395457660606702e+00 -1.269616596485607829e+01 0.000000000000000000e+00 -1.625001913829215994e-01 -1.964114826827056959e-01 0.000000000000000000e+00 1.342000000000000171e+02
-6.554645476798897974e+00 -1.271580711312434886e+01 0.000000000000000000e+00 -1.625001913829127176e-01 -1.964114826827056959e-01 0.000000000000000000e+00 1.343000000000000114e+02
-6.570895495937189246e+00 -1.273544826139261943e+01 0.000000000000000000e+00 -1.625001913829127176e-01 -1.964114826827056959e-01 0.000000000000000000e+00 1.344000000000000057e+02
-6.587145515075480517e+00 -1.275508940966089000e+01 0.000000000000000000e+00 -1.625001913829127176e-01 -1.964114826827056959e-01 0.000000000000000000e+00 1.345000000000000000e+02
-6.603286565577909606e+00 -1.277451114963055545e+01 0.000000000000000000e+00 -1.614105050242908845e-01 -1.942173996966545246e-01 0.000000000000000000e+00 1.345999999999999943e+02
-6.619199982139390315e+00 -1.279347454876394607e+01 0.000000000000000000e+00 -1.591341656148070882e-01 -1.896339913339062377e-01 0.000000000000000000e+00 1.347000000000000171e+02
-6.635113398700870135e+00 -1.281243794789733670e+01 0.000000000000000000e+00 -1.591341656147982064e-01 -1.896339913339062377e-01 0.000000000000000000e+00 1.348000000000000114e+02
-6.651026815262350844e+00 -1.283140134703072555e+01 0.000000000000000000e+00 -1.591341656148070882e-01 -1.896339913338884742e-01 0.000000000000000000e+00 1.349000000000000057e+02
-6.666940231823831553e+00 -1.285036474616411617e+01 0.000000000000000000e+00 -1.591341656148070882e-01 -1.896339913339062377e-01 0.000000000000000000e+00 1.350000000000000000e+02
-6.682853648385311374e+00 -1.286932814529750679e+01 0.000000000000000000e+00 -1.591341656147982064e-01 -1.896339913339062377e-01 0.000000000000000000e+00 1.350999999999999943e+02
-6.698485251888916636e+00 -1.288819231687551259e+01 0.000000000000000000e+00 -1.563160350360526252e-01 -1.886417157800579503e-01 0.000000000000000000e+00 1.352000000000000171e+02
-6.713862894683264138e+00 -1.290696706782647674e+01 0.000000000000000000e+00 -1.537764279434750136e-01 -1.877475095096414748e-01 0.000000000000000000e+00 1.353000000000000114e+02
-6.729240537477611639e+00 -1.292574181877744088e+01 0.000000000000000000e+00 -1.537764279434750136e-01 -1.877475095096414748e-01 0.000000000000000000e+00 1.354000000000000057e+02
-6.744618180271959140e+00 -1.294451656972840503e+01 0.000000000000000000e+00 -1.537764279434750136e-01 -1.877475095096414748e-01 0.000000000000000000e+00 1.355000000000000000e+02
-6.759995823066306642e+00 -1.296329132067937095e+01 0.000000000000000000e+00 -1.537764279434750136e-01 -1.877475095096592383e-01 0.000000000000000000e+00 1.355999999999999943e+02
-6.775373465860654143e+00 -1.298206607163033510e+01 0.000000000000000000e+00 -1.537764279434750136e-01 -1.877475095096414748e-01 0.000000000000000000e+00 1.357000000000000171e+02
-6.788620841768708836e+00 -1.300293300282090847e+01 0.000000000000000000e+00 -1.324737590805469267e-01 -2.086693119057336787e-01 0.000000000000000000e+00 1.358000000000000114e+02
-6.801332705094698561e+00 -1.302432587226338079e+01 0.000000000000000000e+00 -1.271186332598972513e-01 -2.139286944247231759e-01 0.000000000000000000e+00 1.359000000000000057e+02
-6.814044568420688286e+00 -1.304571874170585311e+01 0.000000000000000000e+00 -1.271186332598972513e-01 -2.139286944247231759e-01 0.000000000000000000e+00 1.360000000000000000e+02
-6.826756431746678011e+00 -1.306711161114832542e+01 0.000000000000000000e+00 -1.271186332598972513e-01 -2.139286944247231759e-01 0.000000000000000000e+00 1.360999999999999943e+02
-6.839468295072667736e+00 -1.308850448059079774e+01 0.000000000000000000e+00 -1.271186332598972513e-01 -2.139286944247231759e-01 0.000000000000000000e+00 1.362000000000000171e+02
-6.847925235932045496e+00 -1.311431310676738349e+01 0.000000000000000000e+00 -8.456940859377759523e-02 -2.580862617658574720e-01 0.000000000000000000e+00 1.363000000000000114e+02
-6.850608758228463380e+00 -1.314611338428387199e+01 0.000000000000000000e+00 -2.683522296417883979e-02 -3.180027751648850654e-01 0.000000000000000000e+00 1.364000000000000057e+02
-6.853292280524880375e+00 -1.317791366180036228e+01 0.000000000000000000e+00 -2.683522296416995800e-02 -3.180027751649028289e-01 0.000000000000000000e+00 1.365000000000000000e+02
-6.855975802821297371e+00 -1.320971393931685078e+01 0.000000000000000000e+00 -2.683522296416995800e-02 -3.180027751648850654e-01 0.000000000000000000e+00 1.365999999999999943e+02
-6.858659325117715255e+00 -1.324151421683333929e+01 0.000000000000000000e+00 -2.683522296417883979e-02 -3.180027751648850654e-01 0.000000000000000000e+00 1.367000000000000171e+02
-6.861342847414132251e+00 -1.327331449434982780e+01 0.000000000000000000e+00 -2.683522296416995800e-02 -3.180027751648850654e-01 0.000000000000000000e+00 1.368000000000000114e+02
-6.864026369710549247e+00 -1.330511477186631808e+01 0.000000000000000000e+00 -2.683522296416995800e-02 -3.180027751649028289e-01 0.000000000000000000e+00 1.369000000000000057e+02
-6.866709892006967131e+00 -1.333691504938280659e+01 0.000000000000000000e+00 -2.683522296417883979e-02 -3.180027751648850654e-01 0.000000000000000000e+00 1.370000000000000000e+02
-6.868046212341265999e+00 -1.337002046166078983e+01 0.000000000000000000e+00 -1.336320334298868318e-02 -3.310541227798324826e-01 0.000000000000000000e+00 1.370999999999999943e+02
-6.866060510809830042e+00 -1.340634416365132608e+01 0.000000000000000000e+00 1.985701531435957179e-02 -3.632370199053625015e-01 0.000000000000000000e+00 1.372000000000000171e+02
-6.864074809278393197e+00 -1.344266786564186233e+01 0.000000000000000000e+00 1.985701531436845357e-02 -3.632370199053625015e-01 0.000000000000000000e+00 1.373000000000000114e+02
-6.862089107746957239e+00 -1.347899156763239858e+01 0.000000000000000000e+00 1.985701531435957179e-02 -3.632370199053625015e-01 0.000000000000000000e+00 1.374000000000000057e+02
-6.860103406215520394e+00 -1.351531526962293484e+01 0.000000000000000000e+00 1.985701531436845357e-02 -3.632370199053625015e-01 0.000000000000000000e+00 1.375000000000000000e+02
-6.858117704684084437e+00 -1.355163897161347286e+01 0.000000000000000000e+00 1.985701531435957179e-02 -3.632370199053802651e-01 0.000000000000000000e+00 1.375999999999999943e+02
-6.856132003152648480e+00 -1.358796267360400911e+01 0.000000000000000000e+00 1.985701531435957179e-02 -3.632370199053625015e-01 0.000000000000000000e+00 1.377000000000000171e+02
-6.854146301621211634e+00 -1.362428637559454536e+01 0.000000000000000000e+00 1.985701531436845357e-02 -3.632370199053625015e-01 0.000000000000000000e+00 1.378000000000000114e+02
-6.852160600089775677e+00 -1.366061007758508161e+01 0.000000000000000000e+00 1.985701531435957179e-02 -3.632370199053625015e-01 0.000000000000000000e+00 1.379000000000000057e+02
-6.850253744284203528e+00 -1.369489643261121969e+01 0.000000000000000000e+00 1.906855805572149620e-02 -3.428635502613808228e-01 0.000000000000000000e+00 1.380000000000000000e+02
-6.848543378405822502e+00 -1.372410555418795930e+01 0.000000000000000000e+00 1.710365878381026050e-02 -2.920912157673960508e-01 0.000000000000000000e+00 1.380999999999999943e+02
-6.846833012527441475e+00 -1.375331467576470068e+01 0.000000000000000000e+00 1.710365878381026050e-02 -2.920912157674138143e-01 0.000000000000000000e+00 1.382000000000000171e+02
-6.845122646649060449e+00 -1.378252379734144029e+01 0.000000000000000000e+00 1.710365878381026050e-02 -2.920912157673960508e-01 0.000000000000000000e+00 1.383000000000000114e+02
-6.843412280770680312e+00 -1.381173291891818167e+01 0.000000000000000000e+00 1.710365878380137872e-02 -2.920912157674138143e-01 0.000000000000000000e+00 1.384000000000000057e+02
-6.841701914892299285e+00 -1.384094204049492305e+01 0.000000000000000000e+00 1.710365878381026050e-02 -2.920912157674138143e-01 0.000000000000000000e+00 1.385000000000000000e+02
-6.839991549013918259e+00 -1.387015116207166265e+01 0.000000000000000000e+00 1.710365878381026050e-02 -2.920912157673960508e-01 0.000000000000000000e+00 1.385999999999999943e+02
-6.837196667149036067e+00 -1.389616107727607286e+01 0.000000000000000000e+00 2.794881864882192701e-02 -2.600991520441020555e-01 0.000000000000000000e+00 1.387000000000000171e+02
-6.834140300607091767e+00 -1.392139964060044655e+01 0.000000000000000000e+00 3.056366541944299797e-02 -2.523856332437368621e-01 0.000000000000000000e+00 1.388000000000000114e+02
-6.831083934065148355e+00 -1.394663820392481846e+01 0.000000000000000000e+00 3.056366541943411619e-02 -2.523856332437190986e-01 0.000000000000000000e+00 1.389000000000000057e+02
-6.828027567523204944e+00 -1.397187676724919214e+01 0.000000000000000000e+00 3.056366541943411619e-02 -2.523856332437368621e-01 0.000000000000000000e+00 1.390000000000000000e+02
-6.824971200981261532e+00 -1.399711533057356583e+01 0.000000000000000000e+00 3.056366541943411619e-02 -2.523856332437368621e-01 0.000000000000000000e+00 1.390999999999999943e+02
-6.821172893532503778e+00 -1.402230722099900007e+01 0.000000000000000000e+00 3.798307448757753946e-02 -2.519189042543423795e-01 0.000000000000000000e+00 1.392000000000000171e+02
-6.805846184851448655e+00 -1.404677390015668514e+01 0.000000000000000000e+00 1.532670868105512341e-01 -2.446667915768507839e-01 0.000000000000000000e+00 1.393000000000000114e+02
-6.790519476170393531e+00 -1.407124057931437022e+01 0.000000000000000000e+00 1.532670868105512341e-01 -2.446667915768507839e-01 0.000000000000000000e+00 1.394000000000000057e+02
-6.775192767489338408e+00 -1.409570725847205708e+01 0.000000000000000000e+00 1.532670868105512341e-01 -2.446667915768685475e-01 0.000000000000000000e+00 1.395000000000000000e+02
-6.759866058808282396e+00 -1.412017393762974216e+01 0.000000000000000000e+00 1.532670868105601159e-01 -2.446667915768507839e-01 0.000000000000000000e+00 1.395999999999999943e+02
-6.744539350127227273e+00 -1.414464061678742723e+01 0.000000000000000000e+00 1.532670868105512341e-01 -2.446667915768507839e-01 0.000000000000000000e+00 1.397000000000000171e+02
-6.729212641446172150e+00 -1.416910729594511231e+01 0.000000000000000000e+00 1.532670868105512341e-01 -2.446667915768507839e-01 0.000000000000000000e+00 1.398000000000000114e+02
-6.712270834133126307e+00 -1.419508710185223599e+01 0.000000000000000000e+00 1.694180731304584242e-01 -2.597980590712367643e-01 0.000000000000000000e+00 1.399000000000000057e+02
-6.693296253174742638e+00 -1.422297133892993237e+01 0.000000000000000000e+00 1.897458095838366887e-01 -2.788423707769638327e-01 0.000000000000000000e+00 1.400000000000000000e+02
-6.674321672216358969e+00 -1.425085557600762876e+01 0.000000000000000000e+00 1.897458095838366887e-01 -2.788423707769638327e-01 0.000000000000000000e+00 1.400999999999999943e+02
-6.655347091257976189e+00 -1.427873981308532514e+01 0.000000000000000000e+00 1.897458095838278069e-01 -2.788423707769638327e-01 0.000000000000000000e+00 1.402000000000000171e+02
-6.636372510299592520e+00 -1.430662405016302152e+01 0.000000000000000000e+00 1.897458095838366887e-01 -2.788423707769638327e-01 0.000000000000000000e+00 1.403000000000000114e+02
-6.617397929341208851e+00 -1.433450828724071791e+01 0.000000000000000000e+00 1.897458095838366887e-01 -2.788423707769638327e-01 0.000000000000000000e+00 1.404000000000000057e+02
-6.598423348382825182e+00 -1.436239252431841429e+01 0.000000000000000000e+00 1.897458095838366887e-01 -2.788423707769638327e-01 0.000000000000000000e+00 1.405000000000000000e+02
-6.579448767424441513e+00 -1.439027676139611067e+01 0.000000000000000000e+00 1.897458095838366887e-01 -2.788423707769638327e-01 0.000000000000000000e+00 1.405999999999999943e+02
-6.560217181719957935e+00 -1.441855828251496519e+01 0.000000000000000000e+00 1.923158570448357807e-01 -2.828152111885451347e-01 0.000000000000000000e+00 1.407000000000000171e+02
-6.540359581311963488e+00 -1.444780751203223801e+01 0.000000000000000000e+00 1.985760040799444681e-01 -2.924922951727282339e-01 0.000000000000000000e+00 1.408000000000000114e+02
-6.520501980903969041e+00 -1.447705674154951261e+01 0.000000000000000000e+00 1.985760040799444681e-01 -2.924922951727459974e-01 0.000000000000000000e+00 1.409000000000000057e+02
-6.500644380495975483e+00 -1.450630597106678543e+01 0.000000000000000000e+00 1.985760040799355863e-01 -2.924922951727282339e-01 0.000000000000000000e+00 1.410000000000000000e+02
-6.480786780087981036e+00 -1.453555520058406003e+01 0.000000000000000000e+00 1.985760040799444681e-01 -2.924922951727459974e-01 0.000000000000000000e+00 1.410999999999999943e+02
-6.460929179679986589e+00 -1.456480443010133285e+01 0.000000000000000000e+00 1.985760040799444681e-01 -2.924922951727282339e-01 0.000000000000000000e+00 1.412000000000000171e+02
-6.441071579271993031e+00 -1.459405365961860568e+01 0.000000000000000000e+00 1.985760040799355863e-01 -2.924922951727282339e-01 0.000000000000000000e+00 1.413000000000000114e+02
-6.421213978863998584e+00 -1.462330288913588028e+01 0.000000000000000000e+00 1.985760040799444681e-01 -2.924922951727459974e-01 0.000000000000000000e+00 1.414000000000000057e+02
-6.400903856539353676e+00 -1.465320736729721673e+01 0.000000000000000000e+00 2.031012232464490808e-01 -2.990447816133645631e-01 0.000000000000000000e+00 1.415000000000000000e+02
-6.377840700065736002e+00 -1.468709822009985544e+01 0.000000000000000000e+00 2.306315647361767418e-01 -3.389085280263870459e-01 0.000000000000000000e+00 1.415999999999999943e+02
-6.354777543592119216e+00 -1.472098907290249592e+01 0.000000000000000000e+00 2.306315647361678600e-01 -3.389085280264048095e-01 0.000000000000000000e+00 1.417000000000000171e+02
-6.331714387118501541e+00 -1.475487992570513640e+01 0.000000000000000000e+00 2.306315647361767418e-01 -3.389085280264048095e-01 0.000000000000000000e+00 1.418000000000000114e+02
-6.308651230644883867e+00 -1.478877077850777688e+01 0.000000000000000000e+00 2.306315647361767418e-01 -3.389085280264048095e-01 0.000000000000000000e+00 1.419000000000000057e+02
-6.285588074171267081e+00 -1.482266163131041736e+01 0.000000000000000000e+00 2.306315647361678600e-01 -3.389085280264048095e-01 0.000000000000000000e+00 1.420000000000000000e+02
-6.262524917697649407e+00 -1.485655248411305784e+01 0.000000000000000000e+00 2.306315647361767418e-01 -3.389085280264048095e-01 0.000000000000000000e+00 1.420999999999999943e+02
-6.239461761224032621e+00 -1.489044333691569832e+01 0.000000000000000000e+00 2.306315647361678600e-01 -3.389085280264048095e-01 0.000000000000000000e+00 1.422000000000000171e+02
-6.216398604750414947e+00 -1.492433418971833881e+01 0.000000000000000000e+00 2.306315647361767418e-01 -3.389085280264048095e-01 0.000000000000000000e+00 1.423000000000000114e+02
-6.193335448276797273e+00 -1.495822504252097929e+01 0.000000000000000000e+00 2.306315647361767418e-01 -3.389085280264048095e-01 0.000000000000000000e+00 1.424000000000000057e+02
-6.170272291803180487e+00 -1.499211589532361977e+01 0.000000000000000000e+00 2.306315647361678600e-01 -3.389085280264048095e-01 0.000000000000000000e+00 1.425000000000000000e+02
-6.151330365471296524e+00 -1.501978711275547695e+01 0.000000000000000000e+00 1.894192633188396258e-01 -2.767121743185718685e-01 0.000000000000000000e+00 1.425999999999999943e+02
-6.133093804003904026e+00 -1.504639381495532113e+01 0.000000000000000000e+00 1.823656146739249806e-01 -2.660670219984417884e-01 0.000000000000000000e+00 1.427000000000000171e+02
-6.114857242536511528e+00 -1.507300051715516709e+01 0.000000000000000000e+00 1.823656146739249806e-01 -2.660670219984595519e-01 0.000000000000000000e+00 1.428000000000000114e+02
-6.096620681069119918e+00 -1.509960721935501304e+01 0.000000000000000000e+00 1.823656146739160988e-01 -2.660670219984595519e-01 0.000000000000000000e+00 1.429000000000000057e+02
-6.078384119601727420e+00 -1.512621392155485900e+01 0.000000000000000000e+00 1.823656146739249806e-01 -2.660670219984595519e-01 0.000000000000000000e+00 1.430000000000000000e+02
-6.060147558134334922e+00 -1.515282062375470495e+01 0.000000000000000000e+00 1.823656146739249806e-01 -2.660670219984595519e-01 0.000000000000000000e+00 1.430999999999999943e+02
-6.041910996666942424e+00 -1.517942732595454913e+01 0.000000000000000000e+00 1.823656146739249806e-01 -2.660670219984417884e-01 0.000000000000000000e+00 1.432000000000000171e+02
-6.024545230456257450e+00 -1.520468471340054784e+01 0.000000000000000000e+00 1.736576621068497417e-01 -2.525738744599870245e-01 0.000000000000000000e+00 1.433000000000000114e+02
-6.007352886146874127e+00 -1.522967338012457894e+01 0.000000000000000000e+00 1.719234430938332281e-01 -2.498866672403110556e-01 0.000000000000000000e+00 1.434000000000000057e+02
-5.990160541837490804e+00 -1.525466204684861182e+01 0.000000000000000000e+00 1.719234430938332281e-01 -2.498866672403288192e-01 0.000000000000000000e+00 1.435000000000000000e+02
-5.972968197528107481e+00 -1.527965071357264293e+01 0.000000000000000000e+00 1.719234430938332281e-01 -2.498866672403110556e-01 0.000000000000000000e+00 1.435999999999999943e+02
-5.955775853218724158e+00 -1.530463938029667403e+01 0.000000000000000000e+00 1.719234430938332281e-01 -2.498866672403110556e-01 0.000000000000000000e+00 1.437000000000000171e+02
-5.938583508909340836e+00 -1.532962804702070514e+01 0.000000000000000000e+00 1.719234430938332281e-01 -2.498866672403110556e-01 0.000000000000000000e+00 1.438000000000000114e+02
-5.921391164599957513e+00 -1.535461671374473624e+01 0.000000000000000000e+00 1.719234430938332281e-01 -2.498866672403110556e-01 0.000000000000000000e+00 1.439000000000000057e+02
-5.901580299489277870e+00 -1.538370755731583905e+01 0.000000000000000000e+00 1.981086511067964295e-01 -2.909084357110280905e-01 0.000000000000000000e+00 1.440000000000000000e+02
-5.881526878671486713e+00 -1.541317838885776226e+01 0.000000000000000000e+00 2.005342081779115659e-01 -2.947083154192320364e-01 0.000000000000000000e+00 1.440999999999999943e+02
-5.861473457853694669e+00 -1.544264922039968546e+01 0.000000000000000000e+00 2.005342081779204477e-01 -2.947083154192320364e-01 0.000000000000000000e+00 1.442000000000000171e+02
-5.841420037035902624e+00 -1.547212005194160866e+01 0.000000000000000000e+00 2.005342081779204477e-01 -2.947083154192320364e-01 0.000000000000000000e+00 1.443000000000000114e+02
-5.821366616218110579e+00 -1.550159088348353187e+01 0.000000000000000000e+00 2.005342081779204477e-01 -2.947083154192320364e-01 0.000000000000000000e+00 1.444000000000000057e+02
-5.801313195400319422e+00 -1.553106171502545685e+01 0.000000000000000000e+00 2.005342081779115659e-01 -2.947083154192498000e-01 0.000000000000000000e+00 1.445000000000000000e+02
-5.781259774582527378e+00 -1.556053254656738005e+01 0.000000000000000000e+00 2.005342081779204477e-01 -2.947083154192320364e-01 0.000000000000000000e+00 1.445999999999999943e+02
-5.761206353764735333e+00 -1.559000337810930326e+01 0.000000000000000000e+00 2.005342081779204477e-01 -2.947083154192320364e-01 0.000000000000000000e+00 1.447000000000000171e+02
-5.741152932946944176e+00 -1.561947420965122646e+01 0.000000000000000000e+00 2.005342081779115659e-01 -2.947083154192320364e-01 0.000000000000000000e+00 1.448000000000000114e+02
-5.724569614728833855e+00 -1.564410893983786366e+01 0.000000000000000000e+00 1.658331821811032114e-01 -2.463473018663719927e-01 0.000000000000000000e+00 1.449000000000000057e+02
-5.708167314141327608e+00 -1.566849139517568901e+01 0.000000000000000000e+00 1.640230058750624664e-01 -2.438245533782534835e-01 0.000000000000000000e+00 1.450000000000000000e+02
-5.691765013553821362e+00 -1.569287385051351436e+01 0.000000000000000000e+00 1.640230058750624664e-01 -2.438245533782534835e-01 0.000000000000000000e+00 1.450999999999999943e+02
-5.675362712966315115e+00 -1.571725630585133970e+01 0.000000000000000000e+00 1.640230058750624664e-01 -2.438245533782534835e-01 0.000000000000000000e+00 1.452000000000000171e+02
-5.658960412378808869e+00 -1.574163876118916505e+01 0.000000000000000000e+00 1.640230058750624664e-01 -2.438245533782534835e-01 0.000000000000000000e+00 1.453000000000000114e+02
-5.642558111791302622e+00 -1.576602121652699040e+01 0.000000000000000000e+00 1.640230058750624664e-01 -2.438245533782534835e-01 0.000000000000000000e+00 1.454000000000000057e+02
-5.626878565878632443e+00 -1.578932760178026840e+01 0.000000000000000000e+00 1.567954591267017861e-01 -2.330638525327799471e-01 0.000000000000000000e+00 1.455000000000000000e+02
-5.612090377291814036e+00 -1.581130689364157682e+01 0.000000000000000000e+00 1.478818858681840709e-01 -2.197929186130842538e-01 0.000000000000000000e+00 1.455999999999999943e+02
-5.597302188704994741e+00 -1.583328618550288525e+01 0.000000000000000000e+00 1.478818858681929527e-01 -2.197929186130842538e-01 0.000000000000000000e+00 1.457000000000000171e+02
-5.582514000118176334e+00 -1.585526547736419367e+01 0.000000000000000000e+00 1.478818858681840709e-01 -2.197929186130842538e-01 0.000000000000000000e+00 1.458000000000000114e+02
-5.567725811531357927e+00 -1.587724476922550210e+01 0.000000000000000000e+00 1.478818858681840709e-01 -2.197929186130842538e-01 0.000000000000000000e+00 1.459000000000000057e+02
-5.552937622944539520e+00 -1.589922406108681052e+01 0.000000000000000000e+00 1.478818858681840709e-01 -2.197929186130842538e-01 0.000000000000000000e+00 1.460000000000000000e+02
-5.537655239398263873e+00 -1.592245553556742088e+01 0.000000000000000000e+00 1.528238354627564632e-01 -2.323147448061035902e-01 0.000000000000000000e+00 1.460999999999999943e+02
-5.521417701512236320e+00 -1.594810716355243585e+01 0.000000000000000000e+00 1.623753788602755321e-01 -2.565162798501496866e-01 0.000000000000000000e+00 1.462000000000000171e+02
-5.505180163626208767e+00 -1.597375879153745082e+01 0.000000000000000000e+00 1.623753788602755321e-01 -2.565162798501496866e-01 0.000000000000000000e+00 1.463000000000000114e+02
-5.488942625740181214e+00 -1.599941041952246401e+01 0.000000000000000000e+00 1.623753788602755321e-01 -2.565162798501319230e-01 0.000000000000000000e+00 1.464000000000000057e+02
-5.472705087854153660e+00 -1.602506204750747898e+01 0.000000000000000000e+00 1.623753788602755321e-01 -2.565162798501496866e-01 0.000000000000000000e+00 1.465000000000000000e+02
-5.456467549968126107e+00 -1.605071367549249572e+01 0.000000000000000000e+00 1.623753788602755321e-01 -2.565162798501674501e-01 0.000000000000000000e+00 1.465999999999999943e+02
-5.440230012082097666e+00 -1.607636530347750892e+01 0.000000000000000000e+00 1.623753788602844139e-01 -2.565162798501319230e-01 0.000000000000000000e+00 1.467000000000000171e+02
-5.424506992217582813e+00 -1.610236896034832554e+01 0.000000000000000000e+00 1.572301986451485334e-01 -2.600365687081662713e-01 0.000000000000000000e+00 1.468000000000000114e+02
-5.415348955987473900e+00 -1.613286432358799871e+01 0.000000000000000000e+00 9.158036230108912434e-02 -3.049536323967316775e-01 0.000000000000000000e+00 1.469000000000000057e+02
-5.406190919757364988e+00 -1.616335968682767188e+01 0.000000000000000000e+00 9.158036230108912434e-02 -3.049536323967316775e-01 0.000000000000000000e+00 1.470000000000000000e+02
-5.397032883527256963e+00 -1.619385505006734505e+01 0.000000000000000000e+00 9.158036230108024256e-02 -3.049536323967316775e-01 0.000000000000000000e+00 1.470999999999999943e+02
-5.387874847297148051e+00 -1.622435041330702177e+01 0.000000000000000000e+00 9.158036230108912434e-02 -3.049536323967672047e-01 0.000000000000000000e+00 1.472000000000000171e+02
-5.378716811067039139e+00 -1.625484577654669494e+01 0.000000000000000000e+00 9.158036230108912434e-02 -3.049536323967316775e-01 0.000000000000000000e+00 1.473000000000000114e+02
-5.369558774836931114e+00 -1.628534113978636810e+01 0.000000000000000000e+00 9.158036230108024256e-02 -3.049536323967316775e-01 0.000000000000000000e+00 1.474000000000000057e+02
-5.360400738606822202e+00 -1.631583650302604127e+01 0.000000000000000000e+00 9.158036230108912434e-02 -3.049536323967316775e-01 0.000000000000000000e+00 1.475000000000000000e+02
-5.347565901627533869e+00 -1.635354752446477278e+01 0.000000000000000000e+00 1.283483697928833323e-01 -3.771102143873150681e-01 0.000000000000000000e+00 1.475999999999999943e+02
-5.334662692670932849e+00 -1.639139272473241959e+01 0.000000000000000000e+00 1.290320895660101996e-01 -3.784520026764681688e-01 0.000000000000000000e+00 1.477000000000000171e+02
-5.321759483714330941e+00 -1.642923792500006641e+01 0.000000000000000000e+00 1.290320895660190814e-01 -3.784520026764681688e-01 0.000000000000000000e+00 1.478000000000000114e+02
-5.308856274757729921e+00 -1.646708312526771323e+01 0.000000000000000000e+00 1.290320895660101996e-01 -3.784520026764681688e-01 0.000000000000000000e+00 1.479000000000000057e+02
-5.295953065801128901e+00 -1.650492832553536005e+01 0.000000000000000000e+00 1.290320895660101996e-01 -3.784520026764681688e-01 0.000000000000000000e+00 1.480000000000000000e+02
-5.283049856844527881e+00 -1.654277352580300686e+01 0.000000000000000000e+00 1.290320895660101996e-01 -3.784520026764681688e-01 0.000000000000000000e+00 1.480999999999999943e+02
-5.270146647887925972e+00 -1.658061872607065368e+01 0.000000000000000000e+00 1.290320895660190814e-01 -3.784520026764681688e-01 0.000000000000000000e+00 1.482000000000000171e+02
-5.257243438931324953e+00 -1.661846392633830050e+01 0.000000000000000000e+00 1.290320895660101996e-01 -3.784520026764681688e-01 0.000000000000000000e+00 1.483000000000000114e+02
-5.244340229974723933e+00 -1.665630912660594376e+01 0.000000000000000000e+00 1.290320895660101996e-01 -3.784520026764326417e-01 0.000000000000000000e+00 1.484000000000000057e+02
-5.231437021018122913e+00 -1.669415432687359058e+01 0.000000000000000000e+00 1.290320895660101996e-01 -3.784520026764681688e-01 0.000000000000000000e+00 1.485000000000000000e+02
-5.223447848540215155e+00 -1.672721896803528097e+01 0.000000000000000000e+00 7.989172477907757752e-02 -3.306464116169038903e-01 0.000000000000000000e+00 1.485999999999999943e+02
-5.217410095176125751e+00 -1.675838519544799965e+01 0.000000000000000000e+00 6.037753364089404329e-02 -3.116622741271868335e-01 0.000000000000000000e+00 1.487000000000000171e+02
-5.211372341812036346e+00 -1.678955142286071833e+01 0.000000000000000000e+00 6.037753364089404329e-02 -3.116622741271868335e-01 0.000000000000000000e+00 1.488000000000000114e+02
-5.205334588447946942e+00 -1.682071765027343702e+01 0.000000000000000000e+00 6.037753364089404329e-02 -3.116622741271868335e-01 0.000000000000000000e+00 1.489000000000000057e+02
-5.199296835083858426e+00 -1.685188387768615570e+01 0.000000000000000000e+00 6.037753364088516150e-02 -3.116622741271868335e-01 0.000000000000000000e+00 1.490000000000000000e+02
-5.193259081719769021e+00 -1.688305010509887438e+01 0.000000000000000000e+00 6.037753364089404329e-02 -3.116622741271868335e-01 0.000000000000000000e+00 1.490999999999999943e+02
-5.187221328355679617e+00 -1.691421633251158951e+01 0.000000000000000000e+00 6.037753364089404329e-02 -3.116622741271513064e-01 0.000000000000000000e+00 1.492000000000000171e+02
-5.180749207454506511e+00 -1.694292649614321178e+01 0.000000000000000000e+00 6.472120901173106233e-02 -2.871016363162226526e-01 0.000000000000000000e+00 1.493000000000000114e+02
-5.174073439595474611e+00 -1.697048516967801746e+01 0.000000000000000000e+00 6.675767859031900286e-02 -2.755867353480567772e-01 0.000000000000000000e+00 1.494000000000000057e+02
-5.167397671736441822e+00 -1.699804384321282313e+01 0.000000000000000000e+00 6.675767859032788465e-02 -2.755867353480567772e-01 0.000000000000000000e+00 1.495000000000000000e+02
-5.160721903877409034e+00 -1.702560251674762526e+01 0.000000000000000000e+00 6.675767859032788465e-02 -2.755867353480212500e-01 0.000000000000000000e+00 1.495999999999999943e+02
-5.154046136018376245e+00 -1.705316119028243094e+01 0.000000000000000000e+00 6.675767859032788465e-02 -2.755867353480567772e-01 0.000000000000000000e+00 1.497000000000000171e+02
-5.147370368159344345e+00 -1.708071986381723661e+01 0.000000000000000000e+00 6.675767859031900286e-02 -2.755867353480567772e-01 0.000000000000000000e+00 1.498000000000000114e+02
-5.140694600300311556e+00 -1.710827853735204229e+01 0.000000000000000000e+00 6.675767859032788465e-02 -2.755867353480567772e-01 0.000000000000000000e+00 1.499000000000000057e+02
-5.134910044196537626e+00 -1.713277918340989103e+01 0.000000000000000000e+00 5.784556103773930147e-02 -2.450064605784874061e-01 0.000000000000000000e+00 1.500000000000000000e+02
-5.129307787873369051e+00 -1.715665430165704564e+01 0.000000000000000000e+00 5.602256323168575136e-02 -2.387511824715460307e-01 0.000000000000000000e+00 1.500999999999999943e+02
-5.123705531550200476e+00 -1.718052941990420024e+01 0.000000000000000000e+00 5.602256323168575136e-02 -2.387511824715460307e-01 0.000000000000000000e+00 1.502000000000000171e+02
-5.118103275227031901e+00 -1.720440453815135839e+01 0.000000000000000000e+00 5.602256323168575136e-02 -2.387511824715815578e-01 0.000000000000000000e+00 1.503000000000000114e+02
-5.112501018903863326e+00 -1.722827965639851300e+01 0.000000000000000000e+00 5.602256323168575136e-02 -2.387511824715460307e-01 0.000000000000000000e+00 1.504000000000000057e+02
-5.107645115444067407e+00 -1.725237094549465056e+01 0.000000000000000000e+00 4.855903459795918309e-02 -2.409128909613755809e-01 0.000000000000000000e+00 1.505000000000000000e+02
-5.105432023624278060e+00 -1.727722768865944758e+01 0.000000000000000000e+00 2.213091819789347880e-02 -2.485674316479702384e-01 0.000000000000000000e+00 1.505999999999999943e+02
-5.103218931804488712e+00 -1.730208443182424460e+01 0.000000000000000000e+00 2.213091819789347880e-02 -2.485674316479702384e-01 0.000000000000000000e+00 1.507000000000000171e+02
-5.101005839984699364e+00 -1.732694117498904163e+01 0.000000000000000000e+00 2.213091819789347880e-02 -2.485674316479702384e-01 0.000000000000000000e+00 1.508000000000000114e+02
-5.098792748164910904e+00 -1.735179791815383865e+01 0.000000000000000000e+00 2.213091819788459702e-02 -2.485674316479702384e-01 0.000000000000000000e+00 1.509000000000000057e+02
-5.096579656345121556e+00 -1.737665466131863923e+01 0.000000000000000000e+00 2.213091819789347880e-02 -2.485674316480057655e-01 0.000000000000000000e+00 1.510000000000000000e+02
-5.102256435605021068e+00 -1.740233747282431054e+01 0.000000000000000000e+00 -5.676779259899511487e-02 -2.568281150567131021e-01 0.000000000000000000e+00 1.510999999999999943e+02
-5.116320157083400488e+00 -1.742889839594592871e+01 0.000000000000000000e+00 -1.406372147837942066e-01 -2.656092312161817404e-01 0.000000000000000000e+00 1.512000000000000171e+02
-5.130383878561780797e+00 -1.745545931906755044e+01 0.000000000000000000e+00 -1.406372147838030884e-01 -2.656092312162172675e-01 0.000000000000000000e+00 1.513000000000000114e+02
-5.144447600040160218e+00 -1.748202024218917217e+01 0.000000000000000000e+00 -1.406372147837942066e-01 -2.656092312162172675e-01 0.000000000000000000e+00 1.514000000000000057e+02
-5.158511321518539638e+00 -1.750858116531079389e+01 0.000000000000000000e+00 -1.406372147837942066e-01 -2.656092312162172675e-01 0.000000000000000000e+00 1.515000000000000000e+02
-5.172575042996919059e+00 -1.753514208843241562e+01 0.000000000000000000e+00 -1.406372147837942066e-01 -2.656092312162172675e-01 0.000000000000000000e+00 1.515999999999999943e+02
-5.186638764475298480e+00 -1.756170301155403735e+01 0.000000000000000000e+00 -1.406372147837942066e-01 -2.656092312162172675e-01 0.000000000000000000e+00 1.517000000000000171e+02
-5.200702485953678789e+00 -1.758826393467565907e+01 0.000000000000000000e+00 -1.406372147838030884e-01 -2.656092312162172675e-01 0.000000000000000000e+00 1.518000000000000114e+02
-5.214424024400649671e+00 -1.761138096420418009e+01 0.000000000000000000e+00 -1.372153844697088232e-01 -2.311702952852101589e-01 0.000000000000000000e+00 1.519000000000000057e+02
-5.228065227871564247e+00 -1.763368946413319449e+01 0.000000000000000000e+00 -1.364120347091457575e-01 -2.230849992901440260e-01 0.000000000000000000e+00 1.520000000000000000e+02
-5.241706431342477934e+00 -1.765599796406220889e+01 0.000000000000000000e+00 -1.364120347091368757e-01 -2.230849992901440260e-01 0.000000000000000000e+00 1.520999999999999943e+02
-5.255347634813392510e+00 -1.767830646399122330e+01 0.000000000000000000e+00 -1.364120347091457575e-01 -2.230849992901440260e-01 0.000000000000000000e+00 1.522000000000000171e+02
-5.268988838284307086e+00 -1.770061496392023770e+01 0.000000000000000000e+00 -1.364120347091457575e-01 -2.230849992901440260e-01 0.000000000000000000e+00 1.523000000000000114e+02
-5.282630041755221662e+00 -1.772292346384925210e+01 0.000000000000000000e+00 -1.364120347091457575e-01 -2.230849992901440260e-01 0.000000000000000000e+00 1.524000000000000057e+02
-5.297124950743797633e+00 -1.774697198248036401e+01 0.000000000000000000e+00 -1.449490898857597188e-01 -2.404851863111190369e-01 0.000000000000000000e+00 1.525000000000000000e+02
-5.311784351235221635e+00 -1.777135576694421459e+01 0.000000000000000000e+00 -1.465940049142400170e-01 -2.438378446385058851e-01 0.000000000000000000e+00 1.525999999999999943e+02
-5.326443751726644749e+00 -1.779573955140806163e+01 0.000000000000000000e+00 -1.465940049142311352e-01 -2.438378446384703579e-01 0.000000000000000000e+00 1.527000000000000171e+02
-5.341103152218068750e+00 -1.782012333587191222e+01 0.000000000000000000e+00 -1.465940049142400170e-01 -2.438378446385058851e-01 0.000000000000000000e+00 1.528000000000000114e+02
-5.355762552709491864e+00 -1.784450712033576281e+01 0.000000000000000000e+00 -1.465940049142311352e-01 -2.438378446385058851e-01 0.000000000000000000e+00 1.529000000000000057e+02
-5.370421953200915866e+00 -1.786889090479961339e+01 0.000000000000000000e+00 -1.465940049142400170e-01 -2.438378446385058851e-01 0.000000000000000000e+00 1.530000000000000000e+02
-5.386716704500942754e+00 -1.789567183508821557e+01 0.000000000000000000e+00 -1.629475130002688843e-01 -2.678093028860217828e-01 0.000000000000000000e+00 1.530999999999999943e+02
-5.404612490864122876e+00 -1.792479961016188028e+01 0.000000000000000000e+00 -1.789578636318012173e-01 -2.912777507366470786e-01 0.000000000000000000e+00 1.532000000000000171e+02
-5.422508277227302109e+00 -1.795392738523554499e+01 0.000000000000000000e+00 -1.789578636317923355e-01 -2.912777507366470786e-01 0.000000000000000000e+00 1.533000000000000114e+02
-5.440404063590482231e+00 -1.798305516030920970e+01 0.000000000000000000e+00 -1.789578636318012173e-01 -2.912777507366470786e-01 0.000000000000000000e+00 1.534000000000000057e+02
-5.458299849953662353e+00 -1.801218293538287440e+01 0.000000000000000000e+00 -1.789578636318012173e-01 -2.912777507366470786e-01 0.000000000000000000e+00 1.535000000000000000e+02
-5.476195636316841586e+00 -1.804131071045653911e+01 0.000000000000000000e+00 -1.789578636317923355e-01 -2.912777507366470786e-01 0.000000000000000000e+00 1.536000000000000227e+02
-5.494091422680021708e+00 -1.807043848553020382e+01 0.000000000000000000e+00 -1.789578636318012173e-01 -2.912777507366470786e-01 0.000000000000000000e+00 1.537000000000000171e+02
-5.511987209043200941e+00 -1.809956626060386853e+01 0.000000000000000000e+00 -1.789578636317923355e-01 -2.912777507366470786e-01 0.000000000000000000e+00 1.538000000000000114e+02
-5.529882995406381063e+00 -1.812869403567753679e+01 0.000000000000000000e+00 -1.789578636318012173e-01 -2.912777507366826057e-01 0.000000000000000000e+00 1.539000000000000057e+02
-5.545417431825178767e+00 -1.815371448271111632e+01 0.000000000000000000e+00 -1.553443641879770354e-01 -2.502044703357952926e-01 0.000000000000000000e+00 1.540000000000000000e+02
-5.560450079917942823e+00 -1.817786211999169410e+01 0.000000000000000000e+00 -1.503264809276405600e-01 -2.414763728057778280e-01 0.000000000000000000e+00 1.541000000000000227e+02
-5.575482728010706879e+00 -1.820200975727227188e+01 0.000000000000000000e+00 -1.503264809276405600e-01 -2.414763728057778280e-01 0.000000000000000000e+00 1.542000000000000171e+02
-5.590515376103470935e+00 -1.822615739455285322e+01 0.000000000000000000e+00 -1.503264809276405600e-01 -2.414763728058133552e-01 0.000000000000000000e+00 1.543000000000000114e+02
-5.605548024196234991e+00 -1.825030503183343100e+01 0.000000000000000000e+00 -1.503264809276405600e-01 -2.414763728057778280e-01 0.000000000000000000e+00 1.544000000000000057e+02
-5.620580672288999047e+00 -1.827445266911400878e+01 0.000000000000000000e+00 -1.503264809276405600e-01 -2.414763728057778280e-01 0.000000000000000000e+00 1.545000000000000000e+02
-5.635200848900802306e+00 -1.829800142401230545e+01 0.000000000000000000e+00 -1.462017661180325945e-01 -2.354875489829666435e-01 0.000000000000000000e+00 1.546000000000000227e+02
-5.649296326306298077e+00 -1.832078834900196540e+01 0.000000000000000000e+00 -1.409547740549577100e-01 -2.278692498965995128e-01 0.000000000000000000e+00 1.547000000000000171e+02
-5.663391803711793848e+00 -1.834357527399162535e+01 0.000000000000000000e+00 -1.409547740549577100e-01 -2.278692498965995128e-01 0.000000000000000000e+00 1.548000000000000114e+02
-5.677487281117289619e+00 -1.836636219898128530e+01 0.000000000000000000e+00 -1.409547740549577100e-01 -2.278692498965995128e-01 0.000000000000000000e+00 1.549000000000000057e+02
-5.691582758522785390e+00 -1.838914912397094525e+01 0.000000000000000000e+00 -1.409547740549577100e-01 -2.278692498965995128e-01 0.000000000000000000e+00 1.550000000000000000e+02
-5.705678235928281161e+00 -1.841193604896060521e+01 0.000000000000000000e+00 -1.409547740549577100e-01 -2.278692498965995128e-01 0.000000000000000000e+00 1.551000000000000227e+02
-5.719644475753792534e+00 -1.843453671318869524e+01 0.000000000000000000e+00 -1.396623982551137289e-01 -2.260066422809003939e-01 0.000000000000000000e+00 1.552000000000000171e+02
-5.732229253838877270e+00 -1.845514637668865987e+01 0.000000000000000000e+00 -1.258477808508473572e-01 -2.060966349996462554e-01 0.000000000000000000e+00 1.553000000000000114e+02
-5.744814031923962006e+00 -1.847575604018862094e+01 0.000000000000000000e+00 -1.258477808508473572e-01 -2.060966349996107283e-01 0.000000000000000000e+00 1.554000000000000057e+02
-5.757398810009046741e+00 -1.849636570368858557e+01 0.000000000000000000e+00 -1.258477808508473572e-01 -2.060966349996462554e-01 0.000000000000000000e+00 1.555000000000000000e+02
-5.769983588094131477e+00 -1.851697536718855019e+01 0.000000000000000000e+00 -1.258477808508473572e-01 -2.060966349996462554e-01 0.000000000000000000e+00 1.556000000000000227e+02
-5.782568366179216213e+00 -1.853758503068851127e+01 0.000000000000000000e+00 -1.258477808508473572e-01 -2.060966349996107283e-01 0.000000000000000000e+00 1.557000000000000171e+02
-5.795478962910906695e+00 -1.855965236477630143e+01 0.000000000000000000e+00 -1.291059673169048239e-01 -2.206733408779015804e-01 0.000000000000000000e+00 1.558000000000000114e+02
-5.808821405050619724e+00 -1.858365171950293515e+01 0.000000000000000000e+00 -1.334244213971302884e-01 -2.399935472663372593e-01 0.000000000000000000e+00 1.559000000000000057e+02
-5.822163847190333641e+00 -1.860765107422956888e+01 0.000000000000000000e+00 -1.334244213971391702e-01 -2.399935472663372593e-01 0.000000000000000000e+00 1.560000000000000000e+02
-5.835506289330046670e+00 -1.863165042895620260e+01 0.000000000000000000e+00 -1.334244213971302884e-01 -2.399935472663372593e-01 0.000000000000000000e+00 1.561000000000000227e+02
-5.848848731469759699e+00 -1.865564978368283633e+01 0.000000000000000000e+00 -1.334244213971302884e-01 -2.399935472663372593e-01 0.000000000000000000e+00 1.562000000000000171e+02
-5.862191173609472727e+00 -1.867964913840947005e+01 0.000000000000000000e+00 -1.334244213971302884e-01 -2.399935472663372593e-01 0.000000000000000000e+00 1.563000000000000114e+02
-5.878704217062455051e+00 -1.870871498634396346e+01 0.000000000000000000e+00 -1.651304345298232334e-01 -2.906584793449340509e-01 0.000000000000000000e+00 1.564000000000000057e+02
-5.897331547989817402e+00 -1.874115938051307495e+01 0.000000000000000000e+00 -1.862733092736235108e-01 -3.244439416911149010e-01 0.000000000000000000e+00 1.565000000000000000e+02
-5.915958878917179753e+00 -1.877360377468218644e+01 0.000000000000000000e+00 -1.862733092736235108e-01 -3.244439416911149010e-01 0.000000000000000000e+00 1.566000000000000227e+02
-5.934586209844542104e+00 -1.880604816885129793e+01 0.000000000000000000e+00 -1.862733092736235108e-01 -3.244439416911149010e-01 0.000000000000000000e+00 1.567000000000000171e+02
-5.953213540771904455e+00 -1.883849256302040942e+01 0.000000000000000000e+00 -1.862733092736235108e-01 -3.244439416911149010e-01 0.000000000000000000e+00 1.568000000000000114e+02
-5.971840871699266806e+00 -1.887093695718952091e+01 0.000000000000000000e+00 -1.862733092736235108e-01 -3.244439416911149010e-01 0.000000000000000000e+00 1.569000000000000057e+02
-5.990468202626629157e+00 -1.890338135135863240e+01 0.000000000000000000e+00 -1.862733092736235108e-01 -3.244439416911149010e-01 0.000000000000000000e+00 1.570000000000000000e+02
-6.009095533553991508e+00 -1.893582574552774389e+01 0.000000000000000000e+00 -1.862733092736235108e-01 -3.244439416911149010e-01 0.000000000000000000e+00 1.571000000000000227e+02
-6.027722864481353859e+00 -1.896827013969685538e+01 0.000000000000000000e+00 -1.862733092736235108e-01 -3.244439416911149010e-01 0.000000000000000000e+00 1.572000000000000171e+02
-6.046350195408715322e+00 -1.900071453386596687e+01 0.000000000000000000e+00 -1.862733092736146290e-01 -3.244439416911149010e-01 0.000000000000000000e+00 1.573000000000000114e+02
-6.061021917234068468e+00 -1.902997945661509505e+01 0.000000000000000000e+00 -1.467172182535314562e-01 -2.926492274912817493e-01 0.000000000000000000e+00 1.574000000000000057e+02
-6.073325485259760903e+00 -1.905734088558362771e+01 0.000000000000000000e+00 -1.230356802569243513e-01 -2.736142896853266393e-01 0.000000000000000000e+00 1.575000000000000000e+02
-6.085629053285453338e+00 -1.908470231455216037e+01 0.000000000000000000e+00 -1.230356802569243513e-01 -2.736142896853266393e-01 0.000000000000000000e+00 1.576000000000000227e+02
-6.097932621311144885e+00 -1.911206374352068948e+01 0.000000000000000000e+00 -1.230356802569154695e-01 -2.736142896852911122e-01 0.000000000000000000e+00 1.577000000000000171e+02
-6.110236189336837320e+00 -1.913942517248922215e+01 0.000000000000000000e+00 -1.230356802569243513e-01 -2.736142896853266393e-01 0.000000000000000000e+00 1.578000000000000114e+02
-6.122539757362529755e+00 -1.916678660145775481e+01 0.000000000000000000e+00 -1.230356802569243513e-01 -2.736142896853266393e-01 0.000000000000000000e+00 1.579000000000000057e+02
-6.134775131766275535e+00 -1.919405972998245602e+01 0.000000000000000000e+00 -1.223537440374578011e-01 -2.727312852470120674e-01 0.000000000000000000e+00 1.580000000000000000e+02
-6.146028899214095453e+00 -1.922006182571258037e+01 0.000000000000000000e+00 -1.125376744781991789e-01 -2.600209573012435271e-01 0.000000000000000000e+00 1.581000000000000227e+02
-6.157282666661915371e+00 -1.924606392144270472e+01 0.000000000000000000e+00 -1.125376744781991789e-01 -2.600209573012435271e-01 0.000000000000000000e+00 1.582000000000000171e+02
-6.168536434109735289e+00 -1.927206601717282552e+01 0.000000000000000000e+00 -1.125376744781991789e-01 -2.600209573012080000e-01 0.000000000000000000e+00 1.583000000000000114e+02
-6.179790201557555207e+00 -1.929806811290294988e+01 0.000000000000000000e+00 -1.125376744781991789e-01 -2.600209573012435271e-01 0.000000000000000000e+00 1.584000000000000057e+02
-6.191043969005375125e+00 -1.932407020863307423e+01 0.000000000000000000e+00 -1.125376744781991789e-01 -2.600209573012435271e-01 0.000000000000000000e+00 1.585000000000000000e+02
-6.202297736453195043e+00 -1.935007230436319858e+01 0.000000000000000000e+00 -1.125376744781991789e-01 -2.600209573012435271e-01 0.000000000000000000e+00 1.586000000000000227e+02
-6.207248710564083893e+00 -1.938129886254969492e+01 0.000000000000000000e+00 -4.950974110888850532e-02 -3.122655818649633375e-01 0.000000000000000000e+00 1.587000000000000171e+02
-6.209102405874629582e+00 -1.941509279300183266e+01 0.000000000000000000e+00 -1.853695310545688812e-02 -3.379393045213774371e-01 0.000000000000000000e+00 1.588000000000000114e+02
-6.210956101185175271e+00 -1.944888672345397040e+01 0.000000000000000000e+00 -1.853695310545688812e-02 -3.379393045213774371e-01 0.000000000000000000e+00 1.589000000000000057e+02
-6.212809796495720072e+00 -1.948268065390610815e+01 0.000000000000000000e+00 -1.853695310544800634e-02 -3.379393045213774371e-01 0.000000000000000000e+00 1.590000000000000000e+02
-6.214663491806265760e+00 -1.951647458435824589e+01 0.000000000000000000e+00 -1.853695310545688812e-02 -3.379393045213774371e-01 0.000000000000000000e+00 1.591000000000000227e+02
-6.216517187116811449e+00 -1.955026851481038364e+01 0.000000000000000000e+00 -1.853695310545688812e-02 -3.379393045213774371e-01 0.000000000000000000e+00 1.592000000000000171e+02
-6.218370882427357138e+00 -1.958406244526252138e+01 0.000000000000000000e+00 -1.853695310545688812e-02 -3.379393045213774371e-01 0.000000000000000000e+00 1.593000000000000114e+02
-6.220224577737901939e+00 -1.961785637571465912e+01 0.000000000000000000e+00 -1.853695310544800634e-02 -3.379393045213774371e-01 0.000000000000000000e+00 1.594000000000000057e+02
-6.221806931982147404e+00 -1.965071994145035106e+01 0.000000000000000000e+00 -1.582354244245465225e-02 -3.286356573569193529e-01 0.000000000000000000e+00 1.595000000000000000e+02
-6.222032207439283980e+00 -1.967893040311236419e+01 0.000000000000000000e+00 -2.252754571365755965e-03 -2.821046166201313099e-01 0.000000000000000000e+00 1.596000000000000227e+02
-6.222257482896420555e+00 -1.970714086477437377e+01 0.000000000000000000e+00 -2.252754571365755965e-03 -2.821046166200957828e-01 0.000000000000000000e+00 1.597000000000000171e+02
-6.222482758353558019e+00 -1.973535132643638690e+01 0.000000000000000000e+00 -2.252754571374637749e-03 -2.821046166201313099e-01 0.000000000000000000e+00 1.598000000000000114e+02
-6.222708033810694594e+00 -1.976356178809839648e+01 0.000000000000000000e+00 -2.252754571365755965e-03 -2.821046166200957828e-01 0.000000000000000000e+00 1.599000000000000057e+02
-6.222933309267831170e+00 -1.979177224976040605e+01 0.000000000000000000e+00 -2.252754571365755965e-03 -2.821046166200957828e-01 0.000000000000000000e+00 1.600000000000000000e+02
-6.223158584724967746e+00 -1.981998271142241919e+01 0.000000000000000000e+00 -2.252754571365755965e-03 -2.821046166201313099e-01 0.000000000000000000e+00 1.601000000000000227e+02
-6.223495229845694254e+00 -1.984764378827927445e+01 0.000000000000000000e+00 -3.366451207265086509e-03 -2.766107685685526008e-01 0.000000000000000000e+00 1.602000000000000171e+02
-6.223851188733703133e+00 -1.987520959062480941e+01 0.000000000000000000e+00 -3.559588880088782048e-03 -2.756580234553496211e-01 0.000000000000000000e+00 1.603000000000000114e+02
-6.224207147621711123e+00 -1.990277539297034437e+01 0.000000000000000000e+00 -3.559588880079900264e-03 -2.756580234553496211e-01 0.000000000000000000e+00 1.604000000000000057e+02
-6.224563106509719113e+00 -1.993034119531587933e+01 0.000000000000000000e+00 -3.559588880079900264e-03 -2.756580234553496211e-01 0.000000000000000000e+00 1.605000000000000000e+02
-6.224919065397727991e+00 -1.995790699766141429e+01 0.000000000000000000e+00 -3.559588880088782048e-03 -2.756580234553496211e-01 0.000000000000000000e+00 1.606000000000000227e+02
-6.225275024285735981e+00 -1.998547280000694570e+01 0.000000000000000000e+00 -3.559588880079900264e-03 -2.756580234553140940e-01 0.000000000000000000e+00 1.607000000000000171e+02
-6.225794051260193029e+00 -2.001538857658019310e+01 0.000000000000000000e+00 -5.190269744570485955e-03 -2.991577657324739903e-01 0.000000000000000000e+00 1.608000000000000114e+02
-6.226450722388465309e+00 -2.004728794308267581e+01 0.000000000000000000e+00 -6.566711282722792475e-03 -3.189936650248270666e-01 0.000000000000000000e+00 1.609000000000000057e+02
-6.227107393516737588e+00 -2.007918730958516207e+01 0.000000000000000000e+00 -6.566711282722792475e-03 -3.189936650248625938e-01 0.000000000000000000e+00 1.610000000000000000e+02
-6.227764064645009867e+00 -2.011108667608764833e+01 0.000000000000000000e+00 -6.566711282722792475e-03 -3.189936650248625938e-01 0.000000000000000000e+00 1.611000000000000227e+02
-6.228420735773282146e+00 -2.014298604259013459e+01 0.000000000000000000e+00 -6.566711282722792475e-03 -3.189936650248625938e-01 0.000000000000000000e+00 1.612000000000000171e+02
-6.229077406901554426e+00 -2.017488540909262085e+01 0.000000000000000000e+00 -6.566711282722792475e-03 -3.189936650248625938e-01 0.000000000000000000e+00 1.613000000000000114e+02
-6.229734078029826705e+00 -2.020678477559510355e+01 0.000000000000000000e+00 -6.566711282722792475e-03 -3.189936650248270666e-01 0.000000000000000000e+00 1.614000000000000057e+02
-6.230390749158098984e+00 -2.023868414209758981e+01 0.000000000000000000e+00 -6.566711282722792475e-03 -3.189936650248625938e-01 0.000000000000000000e+00 1.615000000000000000e+02
-6.230848637612836249e+00 -2.026750262623783527e+01 0.000000000000000000e+00 -4.578884547372652492e-03 -2.881848414024545946e-01 0.000000000000000000e+00 1.616000000000000227e+02
-6.231204193600607510e+00 -2.029473508536415594e+01 0.000000000000000000e+00 -3.555559877712610728e-03 -2.723245912632066279e-01 0.000000000000000000e+00 1.617000000000000171e+02
-6.231559749588378772e+00 -2.032196754449047305e+01 0.000000000000000000e+00 -3.555559877712610728e-03 -2.723245912631711008e-01 0.000000000000000000e+00 1.618000000000000114e+02
-6.231915305576150033e+00 -2.034920000361679371e+01 0.000000000000000000e+00 -3.555559877712610728e-03 -2.723245912632066279e-01 0.000000000000000000e+00 1.619000000000000057e+02
-6.232270861563920406e+00 -2.037643246274311437e+01 0.000000000000000000e+00 -3.555559877703728944e-03 -2.723245912632066279e-01 0.000000000000000000e+00 1.620000000000000000e+02
-6.232626417551691667e+00 -2.040366492186943503e+01 0.000000000000000000e+00 -3.555559877712610728e-03 -2.723245912632066279e-01 0.000000000000000000e+00 1.621000000000000227e+02
-6.232527871230653105e+00 -2.043017135997978073e+01 0.000000000000000000e+00 9.854632103856175718e-04 -2.650643811034569808e-01 0.000000000000000000e+00 1.622000000000000171e+02
-6.231926263734732352e+00 -2.045587350139706828e+01 0.000000000000000000e+00 6.016074959207529105e-03 -2.570214141728754953e-01 0.000000000000000000e+00 1.623000000000000114e+02
-6.231324656238811599e+00 -2.048157564281435938e+01 0.000000000000000000e+00 6.016074959207529105e-03 -2.570214141729110224e-01 0.000000000000000000e+00 1.624000000000000057e+02
-6.230723048742890846e+00 -2.050727778423165049e+01 0.000000000000000000e+00 6.016074959207529105e-03 -2.570214141729110224e-01 0.000000000000000000e+00 1.625000000000000000e+02
-6.230121441246970093e+00 -2.053297992564893804e+01 0.000000000000000000e+00 6.016074959207529105e-03 -2.570214141728754953e-01 0.000000000000000000e+00 1.626000000000000227e+02
-6.229519833751049340e+00 -2.055868206706622914e+01 0.000000000000000000e+00 6.016074959207529105e-03 -2.570214141729110224e-01 0.000000000000000000e+00 1.627000000000000171e+02
-6.220922441867001496e+00 -2.058675838032889871e+01 0.000000000000000000e+00 8.597391884047844712e-02 -2.807631326266957217e-01 0.000000000000000000e+00 1.628000000000000114e+02
-6.209658364737720149e+00 -2.061562650696751575e+01 0.000000000000000000e+00 1.126407712928134686e-01 -2.886812663861704209e-01 0.000000000000000000e+00 1.629000000000000057e+02
-6.198394287608437914e+00 -2.064449463360613635e+01 0.000000000000000000e+00 1.126407712928223503e-01 -2.886812663862059480e-01 0.000000000000000000e+00 1.630000000000000000e+02
-6.187130210479156567e+00 -2.067336276024475694e+01 0.000000000000000000e+00 1.126407712928134686e-01 -2.886812663862059480e-01 0.000000000000000000e+00 1.631000000000000227e+02
-6.175866133349875220e+00 -2.070223088688337398e+01 0.000000000000000000e+00 1.126407712928134686e-01 -2.886812663861704209e-01 0.000000000000000000e+00 1.632000000000000171e+02
-6.164602056220592985e+00 -2.073109901352199458e+01 0.000000000000000000e+00 1.126407712928223503e-01 -2.886812663862059480e-01 0.000000000000000000e+00 1.633000000000000114e+02
-6.153337979091311638e+00 -2.075996714016061162e+01 0.000000000000000000e+00 1.126407712928134686e-01 -2.886812663861704209e-01 0.000000000000000000e+00 1.634000000000000057e+02
-6.142073901962029403e+00 -2.078883526679923222e+01 0.000000000000000000e+00 1.126407712928223503e-01 -2.886812663862059480e-01 0.000000000000000000e+00 1.635000000000000000e+02
-6.132809751152826117e+00 -2.081409582239455958e+01 0.000000000000000000e+00 9.264150809203286485e-02 -2.526055559532736083e-01 0.000000000000000000e+00 1.636000000000000227e+02
-6.124174766662190628e+00 -2.083822145508323231e+01 0.000000000000000000e+00 8.634984490635488896e-02 -2.412563268867273791e-01 0.000000000000000000e+00 1.637000000000000171e+02
-6.115539782171555139e+00 -2.086234708777190505e+01 0.000000000000000000e+00 8.634984490635488896e-02 -2.412563268867273791e-01 0.000000000000000000e+00 1.638000000000000114e+02
-6.106904797680920538e+00 -2.088647272046057779e+01 0.000000000000000000e+00 8.634984490634600718e-02 -2.412563268867273791e-01 0.000000000000000000e+00 1.639000000000000057e+02
-6.098269813190285049e+00 -2.091059835314925053e+01 0.000000000000000000e+00 8.634984490635488896e-02 -2.412563268867273791e-01 0.000000000000000000e+00 1.640000000000000000e+02
-6.089725081153961384e+00 -2.093446003741425798e+01 0.000000000000000000e+00 8.544732036323665625e-02 -2.386168426500745454e-01 0.000000000000000000e+00 1.641000000000000227e+02
-6.082019421436538842e+00 -2.095586780707265717e+01 0.000000000000000000e+00 7.705659717422541632e-02 -2.140776965839918944e-01 0.000000000000000000e+00 1.642000000000000171e+02
-6.074313761719116300e+00 -2.097727557673105991e+01 0.000000000000000000e+00 7.705659717422541632e-02 -2.140776965840274215e-01 0.000000000000000000e+00 1.643000000000000114e+02
-6.066608102001694647e+00 -2.099868334638946266e+01 0.000000000000000000e+00 7.705659717421653454e-02 -2.140776965840274215e-01 0.000000000000000000e+00 1.644000000000000057e+02
-6.058902442284272105e+00 -2.102009111604786185e+01 0.000000000000000000e+00 7.705659717422541632e-02 -2.140776965839918944e-01 0.000000000000000000e+00 1.645000000000000000e+02
-6.051196782566849564e+00 -2.104149888570626459e+01 0.000000000000000000e+00 7.705659717422541632e-02 -2.140776965840274215e-01 0.000000000000000000e+00 1.646000000000000227e+02
-6.043673247972551898e+00 -2.106486638019303470e+01 0.000000000000000000e+00 7.523534594297665024e-02 -2.336749448677011287e-01 0.000000000000000000e+00 1.647000000000000171e+02
-6.036151791116987297e+00 -2.108825623181600761e+01 0.000000000000000000e+00 7.521456855564601085e-02 -2.338985162297291254e-01 0.000000000000000000e+00 1.648000000000000114e+02
-6.028630334261423585e+00 -2.111164608343898053e+01 0.000000000000000000e+00 7.521456855563712907e-02 -2.338985162297291254e-01 0.000000000000000000e+00 1.649000000000000057e+02
-6.021108877405858983e+00 -2.113503593506194989e+01 0.000000000000000000e+00 7.521456855564601085e-02 -2.338985162296935982e-01 0.000000000000000000e+00 1.650000000000000000e+02
-6.013587420550294382e+00 -2.115842578668492280e+01 0.000000000000000000e+00 7.521456855564601085e-02 -2.338985162297291254e-01 0.000000000000000000e+00 1.651000000000000227e+02
-6.007417300538191007e+00 -2.118224086155738561e+01 0.000000000000000000e+00 6.170120012103375018e-02 -2.381507487246281585e-01 0.000000000000000000e+00 1.652000000000000171e+02
-6.009825138490803020e+00 -2.120875515030640912e+01 0.000000000000000000e+00 -2.407837952612013055e-02 -2.651428874902350685e-01 0.000000000000000000e+00 1.653000000000000114e+02
-6.012232976443415033e+00 -2.123526943905542907e+01 0.000000000000000000e+00 -2.407837952612013055e-02 -2.651428874901995414e-01 0.000000000000000000e+00 1.654000000000000057e+02
-6.014640814396027046e+00 -2.126178372780444903e+01 0.000000000000000000e+00 -2.407837952612013055e-02 -2.651428874901995414e-01 0.000000000000000000e+00 1.655000000000000000e+02
-6.017048652348639948e+00 -2.128829801655346898e+01 0.000000000000000000e+00 -2.407837952612901233e-02 -2.651428874901995414e-01 0.000000000000000000e+00 1.656000000000000227e+02
-6.019456490301251961e+00 -2.131481230530248894e+01 0.000000000000000000e+00 -2.407837952612013055e-02 -2.651428874901995414e-01 0.000000000000000000e+00 1.657000000000000171e+02
-6.021864328253863974e+00 -2.134132659405150889e+01 0.000000000000000000e+00 -2.407837952612013055e-02 -2.651428874901995414e-01 0.000000000000000000e+00 1.658000000000000114e+02
-6.024366578754645651e+00 -2.136984682085818932e+01 0.000000000000000000e+00 -2.502250500781677545e-02 -2.852022680668042653e-01 0.000000000000000000e+00 1.659000000000000057e+02
-6.026882500681273847e+00 -2.139865751788245163e+01 0.000000000000000000e+00 -2.515921926628195138e-02 -2.881069702426231061e-01 0.000000000000000000e+00 1.660000000000000000e+02
-6.029398422607902042e+00 -2.142746821490671039e+01 0.000000000000000000e+00 -2.515921926628195138e-02 -2.881069702425875789e-01 0.000000000000000000e+00 1.661000000000000227e+02
-6.031914344534530237e+00 -2.145627891193096914e+01 0.000000000000000000e+00 -2.515921926628195138e-02 -2.881069702425875789e-01 0.000000000000000000e+00 1.662000000000000171e+02
-6.034430266461159320e+00 -2.148508960895523145e+01 0.000000000000000000e+00 -2.515921926629083316e-02 -2.881069702426231061e-01 0.000000000000000000e+00 1.663000000000000114e+02
-6.036946188387787515e+00 -2.151390030597949021e+01 0.000000000000000000e+00 -2.515921926628195138e-02 -2.881069702425875789e-01 0.000000000000000000e+00 1.664000000000000057e+02
-6.039453309587123009e+00 -2.154361761933540365e+01 0.000000000000000000e+00 -2.507121199335493600e-02 -2.971731335591343282e-01 0.000000000000000000e+00 1.665000000000000000e+02
-6.041927331700897241e+00 -2.157674467037941568e+01 0.000000000000000000e+00 -2.474022113774232423e-02 -3.312705104401203471e-01 0.000000000000000000e+00 1.666000000000000227e+02
-6.044401353814672362e+00 -2.160987172142342416e+01 0.000000000000000000e+00 -2.474022113775120602e-02 -3.312705104400848199e-01 0.000000000000000000e+00 1.667000000000000171e+02
-6.046875375928446594e+00 -2.164299877246743620e+01 0.000000000000000000e+00 -2.474022113774232423e-02 -3.312705104401203471e-01 0.000000000000000000e+00 1.668000000000000114e+02
-6.049349398042220827e+00 -2.167612582351144468e+01 0.000000000000000000e+00 -2.474022113774232423e-02 -3.312705104400848199e-01 0.000000000000000000e+00 1.669000000000000057e+02
-6.051823420155995947e+00 -2.170925287455545316e+01 0.000000000000000000e+00 -2.474022113775120602e-02 -3.312705104400848199e-01 0.000000000000000000e+00 1.670000000000000000e+02
-6.054297442269770180e+00 -2.174237992559946520e+01 0.000000000000000000e+00 -2.474022113774232423e-02 -3.312705104401203471e-01 0.000000000000000000e+00 1.671000000000000227e+02
-6.056771464383545300e+00 -2.177550697664347368e+01 0.000000000000000000e+00 -2.474022113775120602e-02 -3.312705104400848199e-01 0.000000000000000000e+00 1.672000000000000171e+02
-6.059188677198098283e+00 -2.180921287079777215e+01 0.000000000000000000e+00 -2.417212814552982536e-02 -3.370589415429847691e-01 0.000000000000000000e+00 1.673000000000000114e+02
-6.061467139455015030e+00 -2.184433252652697277e+01 0.000000000000000000e+00 -2.278462256916746753e-02 -3.511965572920061618e-01 0.000000000000000000e+00 1.674000000000000057e+02
-6.063745601711931776e+00 -2.187945218225617339e+01 0.000000000000000000e+00 -2.278462256916746753e-02 -3.511965572920061618e-01 0.000000000000000000e+00 1.675000000000000000e+02
-6.066024063968848523e+00 -2.191457183798537400e+01 0.000000000000000000e+00 -2.278462256916746753e-02 -3.511965572920061618e-01 0.000000000000000000e+00 1.676000000000000227e+02
-6.068302526225765270e+00 -2.194969149371457462e+01 0.000000000000000000e+00 -2.278462256916746753e-02 -3.511965572920061618e-01 0.000000000000000000e+00 1.677000000000000171e+02
-6.070580988482682017e+00 -2.198481114944377524e+01 0.000000000000000000e+00 -2.278462256916746753e-02 -3.511965572920061618e-01 0.000000000000000000e+00 1.678000000000000114e+02
-6.072859450739598763e+00 -2.201993080517297585e+01 0.000000000000000000e+00 -2.278462256916746753e-02 -3.511965572920061618e-01 0.000000000000000000e+00 1.679000000000000057e+02
-6.075137912996515510e+00 -2.205505046090217647e+01 0.000000000000000000e+00 -2.278462256916746753e-02 -3.511965572920061618e-01 0.000000000000000000e+00 1.680000000000000000e+02
-6.077417769523196789e+00 -2.209023916696875389e+01 0.000000000000000000e+00 -2.279856526681278694e-02 -3.518870606657742428e-01 0.000000000000000000e+00 1.681000000000000227e+02
-6.079729849911058359e+00 -2.212702373959158209e+01 0.000000000000000000e+00 -2.312080387861570330e-02 -3.678457262282819329e-01 0.000000000000000000e+00 1.682000000000000171e+02
-6.082041930298920818e+00 -2.216380831221441383e+01 0.000000000000000000e+00 -2.312080387862458508e-02 -3.678457262283174600e-01 0.000000000000000000e+00 1.683000000000000114e+02
-6.084354010686782388e+00 -2.220059288483724558e+01 0.000000000000000000e+00 -2.312080387861570330e-02 -3.678457262283174600e-01 0.000000000000000000e+00 1.684000000000000057e+02
-6.086666091074644847e+00 -2.223737745746007732e+01 0.000000000000000000e+00 -2.312080387862458508e-02 -3.678457262283174600e-01 0.000000000000000000e+00 1.685000000000000000e+02
-6.088978171462506417e+00 -2.227416203008290907e+01 0.000000000000000000e+00 -2.312080387861570330e-02 -3.678457262283174600e-01 0.000000000000000000e+00 1.686000000000000227e+02
-6.091290251850368875e+00 -2.231094660270573726e+01 0.000000000000000000e+00 -2.312080387862458508e-02 -3.678457262282819329e-01 0.000000000000000000e+00 1.687000000000000171e+02
-6.093602332238231334e+00 -2.234773117532856901e+01 0.000000000000000000e+00 -2.312080387862458508e-02 -3.678457262283174600e-01 0.000000000000000000e+00 1.688000000000000114e+02
-6.095914412626092904e+00 -2.238451574795140075e+01 0.000000000000000000e+00 -2.312080387861570330e-02 -3.678457262283174600e-01 0.000000000000000000e+00 1.689000000000000057e+02
-6.098349402780129935e+00 -2.242010780676058701e+01 0.000000000000000000e+00 -2.434990154037031118e-02 -3.559205880918625553e-01 0.000000000000000000e+00 1.690000000000000000e+02
-6.100964433459260761e+00 -2.245395304902403311e+01 0.000000000000000000e+00 -2.615030679130825320e-02 -3.384524226344609588e-01 0.000000000000000000e+00 1.691000000000000227e+02
-6.103579464138390698e+00 -2.248779829128747920e+01 0.000000000000000000e+00 -2.615030679129937141e-02 -3.384524226344609588e-01 0.000000000000000000e+00 1.692000000000000171e+02
-6.106194494817520635e+00 -2.252164353355092175e+01 0.000000000000000000e+00 -2.615030679129937141e-02 -3.384524226344254316e-01 0.000000000000000000e+00 1.693000000000000114e+02
-6.108809525496651460e+00 -2.255548877581436784e+01 0.000000000000000000e+00 -2.615030679130825320e-02 -3.384524226344609588e-01 0.000000000000000000e+00 1.694000000000000057e+02
-6.111424556175781397e+00 -2.258933401807781394e+01 0.000000000000000000e+00 -2.615030679129937141e-02 -3.384524226344609588e-01 0.000000000000000000e+00 1.695000000000000000e+02
-6.114039586854911335e+00 -2.262317926034125648e+01 0.000000000000000000e+00 -2.615030679129937141e-02 -3.384524226344254316e-01 0.000000000000000000e+00 1.696000000000000227e+02
-6.116654617534041272e+00 -2.265702450260470258e+01 0.000000000000000000e+00 -2.615030679129937141e-02 -3.384524226344609588e-01 0.000000000000000000e+00 1.697000000000000171e+02
-6.118691845881219393e+00 -2.269201239752707266e+01 0.000000000000000000e+00 -2.037228347178121624e-02 -3.498789492237008858e-01 0.000000000000000000e+00 1.698000000000000114e+02
-6.120063290651295063e+00 -2.272831693541291287e+01 0.000000000000000000e+00 -1.371444770075669339e-02 -3.630453788584020458e-01 0.000000000000000000e+00 1.699000000000000057e+02
-6.121434735421370732e+00 -2.276462147329875307e+01 0.000000000000000000e+00 -1.371444770075669339e-02 -3.630453788584020458e-01 0.000000000000000000e+00 1.700000000000000000e+02
-6.122806180191446401e+00 -2.280092601118459683e+01 0.000000000000000000e+00 -1.371444770075669339e-02 -3.630453788584375729e-01 0.000000000000000000e+00 1.701000000000000227e+02
-6.124177624961522071e+00 -2.283723054907043704e+01 0.000000000000000000e+00 -1.371444770075669339e-02 -3.630453788584020458e-01 0.000000000000000000e+00 1.702000000000000171e+02
-6.125549069731597740e+00 -2.287353508695628079e+01 0.000000000000000000e+00 -1.371444770075669339e-02 -3.630453788584375729e-01 0.000000000000000000e+00 1.703000000000000114e+02
-6.126920514501673409e+00 -2.290983962484212100e+01 0.000000000000000000e+00 -1.371444770075669339e-02 -3.630453788584020458e-01 0.000000000000000000e+00 1.704000000000000057e+02
-6.128291959271749079e+00 -2.294614416272796120e+01 0.000000000000000000e+00 -1.371444770075669339e-02 -3.630453788584020458e-01 0.000000000000000000e+00 1.705000000000000000e+02
-6.129663404041823860e+00 -2.298244870061380496e+01 0.000000000000000000e+00 -1.371444770074781161e-02 -3.630453788584375729e-01 0.000000000000000000e+00 1.706000000000000227e+02
-6.118783527847116765e+00 -2.302251326011025867e+01 0.000000000000000000e+00 1.087987619470709433e-01 -4.006455949645371106e-01 0.000000000000000000e+00 1.707000000000000171e+02
-6.107124668981428250e+00 -2.306281689518767664e+01 0.000000000000000000e+00 1.165885886568851504e-01 -4.030363507741796525e-01 0.000000000000000000e+00 1.708000000000000114e+02
-6.095465810115740624e+00 -2.310312053026509105e+01 0.000000000000000000e+00 1.165885886568762686e-01 -4.030363507741441254e-01 0.000000000000000000e+00 1.709000000000000057e+02
-6.083806951250052109e+00 -2.314342416534250546e+01 0.000000000000000000e+00 1.165885886568851504e-01 -4.030363507741441254e-01 0.000000000000000000e+00 1.710000000000000000e+02
-6.072148092384363594e+00 -2.318372780041992343e+01 0.000000000000000000e+00 1.165885886568851504e-01 -4.030363507741796525e-01 0.000000000000000000e+00 1.711000000000000227e+02
-6.060489233518675078e+00 -2.322403143549733784e+01 0.000000000000000000e+00 1.165885886568851504e-01 -4.030363507741441254e-01 0.000000000000000000e+00 1.712000000000000171e+02
-6.048830374652987452e+00 -2.326433507057475580e+01 0.000000000000000000e+00 1.165885886568762686e-01 -4.030363507741796525e-01 0.000000000000000000e+00 1.713000000000000114e+02
-6.037171515787298937e+00 -2.330463870565217022e+01 0.000000000000000000e+00 1.165885886568851504e-01 -4.030363507741441254e-01 0.000000000000000000e+00 1.714000000000000057e+02
-6.025512656921610422e+00 -2.334494234072958463e+01 0.000000000000000000e+00 1.165885886568851504e-01 -4.030363507741441254e-01 0.000000000000000000e+00 1.715000000000000000e+02
-6.013853798055922795e+00 -2.338524597580700259e+01 0.000000000000000000e+00 1.165885886568762686e-01 -4.030363507741796525e-01 0.000000000000000000e+00 1.716000000000000227e+02
-6.004287928636302674e+00 -2.342167463402593697e+01 0.000000000000000000e+00 9.565869419620121050e-02 -3.642865821893437328e-01 0.000000000000000000e+00 1.717000000000000171e+02
-5.997354291664702686e+00 -2.345322995671928012e+01 0.000000000000000000e+00 6.933636971599987930e-02 -3.155532269334315743e-01 0.000000000000000000e+00 1.718000000000000114e+02
-5.990420654693102698e+00 -2.348478527941262328e+01 0.000000000000000000e+00 6.933636971599987930e-02 -3.155532269334315743e-01 0.000000000000000000e+00 1.719000000000000057e+02
-5.983487017721502710e+00 -2.351634060210596644e+01 0.000000000000000000e+00 6.933636971599987930e-02 -3.155532269334315743e-01 0.000000000000000000e+00 1.720000000000000000e+02
-5.976553380749902722e+00 -2.354789592479930960e+01 0.000000000000000000e+00 6.933636971599987930e-02 -3.155532269334315743e-01 0.000000000000000000e+00 1.721000000000000227e+02
-5.969619743778303622e+00 -2.357945124749265275e+01 0.000000000000000000e+00 6.933636971599099752e-02 -3.155532269334315743e-01 0.000000000000000000e+00 1.722000000000000171e+02
-5.962686106806703634e+00 -2.361100657018599591e+01 0.000000000000000000e+00 6.933636971599987930e-02 -3.155532269334315743e-01 0.000000000000000000e+00 1.723000000000000114e+02
-5.955990126149205643e+00 -2.364117666642532356e+01 0.000000000000000000e+00 6.695980657497990762e-02 -3.017009623932764839e-01 0.000000000000000000e+00 1.724000000000000057e+02
-5.949692978347664862e+00 -2.366902208711421451e+01 0.000000000000000000e+00 6.297147801540781131e-02 -2.784542068889095390e-01 0.000000000000000000e+00 1.725000000000000000e+02
-5.943395830546124081e+00 -2.369686750780310547e+01 0.000000000000000000e+00 6.297147801540781131e-02 -2.784542068889095390e-01 0.000000000000000000e+00 1.726000000000000227e+02
-5.937098682744583300e+00 -2.372471292849199642e+01 0.000000000000000000e+00 6.297147801540781131e-02 -2.784542068889095390e-01 0.000000000000000000e+00 1.727000000000000171e+02
-5.930801534943043407e+00 -2.375255834918088738e+01 0.000000000000000000e+00 6.297147801539892953e-02 -2.784542068889095390e-01 0.000000000000000000e+00 1.728000000000000114e+02
-5.924504387141502626e+00 -2.378040376986977833e+01 0.000000000000000000e+00 6.297147801540781131e-02 -2.784542068889095390e-01 0.000000000000000000e+00 1.729000000000000057e+02
-5.918207239339961845e+00 -2.380824919055866928e+01 0.000000000000000000e+00 6.297147801540781131e-02 -2.784542068889095390e-01 0.000000000000000000e+00 1.730000000000000000e+02
-5.912446456727486144e+00 -2.383389653637402006e+01 0.000000000000000000e+00 5.760782612475701114e-02 -2.564734581535077496e-01 0.000000000000000000e+00 1.731000000000000227e+02
-5.907038255230837365e+00 -2.385809897169297500e+01 0.000000000000000000e+00 5.408201496648779028e-02 -2.420243531895494016e-01 0.000000000000000000e+00 1.732000000000000171e+02
-5.901630053734188586e+00 -2.388230140701192994e+01 0.000000000000000000e+00 5.408201496648779028e-02 -2.420243531895494016e-01 0.000000000000000000e+00 1.733000000000000114e+02
-5.896221852237538918e+00 -2.390650384233088843e+01 0.000000000000000000e+00 5.408201496649667206e-02 -2.420243531895849287e-01 0.000000000000000000e+00 1.734000000000000057e+02
-5.890813650740890139e+00 -2.393070627764984337e+01 0.000000000000000000e+00 5.408201496648779028e-02 -2.420243531895494016e-01 0.000000000000000000e+00 1.735000000000000000e+02
-5.885405449244241360e+00 -2.395490871296879831e+01 0.000000000000000000e+00 5.408201496648779028e-02 -2.420243531895494016e-01 0.000000000000000000e+00 1.736000000000000227e+02
-5.880213409434810856e+00 -2.397886502069485815e+01 0.000000000000000000e+00 5.192039809430504249e-02 -2.395630772605983339e-01 0.000000000000000000e+00 1.737000000000000171e+02
-5.875043782543557747e+00 -2.400279580846097005e+01 0.000000000000000000e+00 5.169626891253109591e-02 -2.393078776611190506e-01 0.000000000000000000e+00 1.738000000000000114e+02
-5.869874155652304637e+00 -2.402672659622707840e+01 0.000000000000000000e+00 5.169626891253109591e-02 -2.393078776610835234e-01 0.000000000000000000e+00 1.739000000000000057e+02
-5.864704528761051527e+00 -2.405065738399319031e+01 0.000000000000000000e+00 5.169626891253109591e-02 -2.393078776611190506e-01 0.000000000000000000e+00 1.740000000000000000e+02
-5.859534901869799306e+00 -2.407458817175929866e+01 0.000000000000000000e+00 5.169626891252221412e-02 -2.393078776610835234e-01 0.000000000000000000e+00 1.741000000000000227e+02
-5.854445543673108432e+00 -2.409940124085576230e+01 0.000000000000000000e+00 5.089358196690874081e-02 -2.481306909646363579e-01 0.000000000000000000e+00 1.742000000000000171e+02
-5.849580863988768087e+00 -2.412668388614078907e+01 0.000000000000000000e+00 4.864679684340345034e-02 -2.728264528502677422e-01 0.000000000000000000e+00 1.743000000000000114e+02
-5.844716184304428630e+00 -2.415396653142581229e+01 0.000000000000000000e+00 4.864679684339456855e-02 -2.728264528502322150e-01 0.000000000000000000e+00 1.744000000000000057e+02
-5.839851504620088285e+00 -2.418124917671083907e+01 0.000000000000000000e+00 4.864679684340345034e-02 -2.728264528502677422e-01 0.000000000000000000e+00 1.745000000000000000e+02
-5.834986824935748828e+00 -2.420853182199586584e+01 0.000000000000000000e+00 4.864679684339456855e-02 -2.728264528502677422e-01 0.000000000000000000e+00 1.746000000000000227e+02
-5.830122145251408483e+00 -2.423581446728089261e+01 0.000000000000000000e+00 4.864679684340345034e-02 -2.728264528502677422e-01 0.000000000000000000e+00 1.747000000000000171e+02
-5.825257465567069026e+00 -2.426309711256591584e+01 0.000000000000000000e+00 4.864679684339456855e-02 -2.728264528502322150e-01 0.000000000000000000e+00 1.748000000000000114e+02
-5.826453154824091207e+00 -2.429014937860535994e+01 0.000000000000000000e+00 -1.195689257022181096e-02 -2.705226603944410613e-01 0.000000000000000000e+00 1.749000000000000057e+02
-5.833313759654435771e+00 -2.431698629818838953e+01 0.000000000000000000e+00 -6.860604830344563254e-02 -2.683691958302958369e-01 0.000000000000000000e+00 1.750000000000000000e+02
-5.840174364484779446e+00 -2.434382321777141911e+01 0.000000000000000000e+00 -6.860604830343675076e-02 -2.683691958302958369e-01 0.000000000000000000e+00 1.751000000000000227e+02
-5.847034969315124009e+00 -2.437066013735444869e+01 0.000000000000000000e+00 -6.860604830344563254e-02 -2.683691958302958369e-01 0.000000000000000000e+00 1.752000000000000171e+02
-5.853895574145468572e+00 -2.439749705693747828e+01 0.000000000000000000e+00 -6.860604830344563254e-02 -2.683691958302958369e-01 0.000000000000000000e+00 1.753000000000000114e+02
-5.860756178975812247e+00 -2.442433397652050786e+01 0.000000000000000000e+00 -6.860604830343675076e-02 -2.683691958302958369e-01 0.000000000000000000e+00 1.754000000000000057e+02
-5.867766924848123011e+00 -2.445210495451894062e+01 0.000000000000000000e+00 -7.010745872310764071e-02 -2.777097799843275538e-01 0.000000000000000000e+00 1.755000000000000000e+02
-5.875306968828432730e+00 -2.448316880530925488e+01 0.000000000000000000e+00 -7.540043980309718563e-02 -3.106385079031426244e-01 0.000000000000000000e+00 1.756000000000000227e+02
-5.882847012808742448e+00 -2.451423265609956914e+01 0.000000000000000000e+00 -7.540043980309718563e-02 -3.106385079031426244e-01 0.000000000000000000e+00 1.757000000000000171e+02
-5.890387056789052167e+00 -2.454529650688988340e+01 0.000000000000000000e+00 -7.540043980309718563e-02 -3.106385079031426244e-01 0.000000000000000000e+00 1.758000000000000114e+02
-5.897927100769361886e+00 -2.457636035768019411e+01 0.000000000000000000e+00 -7.540043980309718563e-02 -3.106385079031070973e-01 0.000000000000000000e+00 1.759000000000000057e+02
-5.905467144749672492e+00 -2.460742420847050838e+01 0.000000000000000000e+00 -7.540043980310606742e-02 -3.106385079031426244e-01 0.000000000000000000e+00 1.760000000000000000e+02
-5.913007188729982211e+00 -2.463848805926082264e+01 0.000000000000000000e+00 -7.540043980309718563e-02 -3.106385079031426244e-01 0.000000000000000000e+00 1.761000000000000227e+02
-5.920827695687890468e+00 -2.467252003390798976e+01 0.000000000000000000e+00 -7.820506957908257561e-02 -3.403197464716711806e-01 0.000000000000000000e+00 1.762000000000000171e+02
-5.929397493620051307e+00 -2.471448171263033800e+01 0.000000000000000000e+00 -8.569797932160838627e-02 -4.196167872234823903e-01 0.000000000000000000e+00 1.763000000000000114e+02
-5.937967291552211258e+00 -2.475644339135268623e+01 0.000000000000000000e+00 -8.569797932159950449e-02 -4.196167872234823903e-01 0.000000000000000000e+00 1.764000000000000057e+02
-5.946537089484371208e+00 -2.479840507007503447e+01 0.000000000000000000e+00 -8.569797932159950449e-02 -4.196167872234823903e-01 0.000000000000000000e+00 1.765000000000000000e+02
-5.955106887416532047e+00 -2.484036674879738271e+01 0.000000000000000000e+00 -8.569797932160838627e-02 -4.196167872234823903e-01 0.000000000000000000e+00 1.766000000000000227e+02
-5.963676685348691997e+00 -2.488232842751973095e+01 0.000000000000000000e+00 -8.569797932159950449e-02 -4.196167872234823903e-01 0.000000000000000000e+00 1.767000000000000171e+02
-5.972246483280852836e+00 -2.492429010624207919e+01 0.000000000000000000e+00 -8.569797932160838627e-02 -4.196167872234823903e-01 0.000000000000000000e+00 1.768000000000000114e+02
-5.980816281213012786e+00 -2.496625178496442743e+01 0.000000000000000000e+00 -8.569797932159950449e-02 -4.196167872234823903e-01 0.000000000000000000e+00 1.769000000000000057e+02
-5.989386079145173625e+00 -2.500821346368677567e+01 0.000000000000000000e+00 -8.569797932160838627e-02 -4.196167872234823903e-01 0.000000000000000000e+00 1.770000000000000000e+02
-5.997955877077333575e+00 -2.505017514240912391e+01 0.000000000000000000e+00 -8.569797932159950449e-02 -4.196167872234823903e-01 0.000000000000000000e+00 1.771000000000000227e+02
-6.006525675009494414e+00 -2.509213682113147215e+01 0.000000000000000000e+00 -8.569797932160838627e-02 -4.196167872234823903e-01 0.000000000000000000e+00 1.772000000000000171e+02
-6.015095472941654364e+00 -2.513409849985382039e+01 0.000000000000000000e+00 -8.569797932159950449e-02 -4.196167872234823903e-01 0.000000000000000000e+00 1.773000000000000114e+02
-6.021967194063120310e+00 -2.516633256398347029e+01 0.000000000000000000e+00 -6.871721121465945714e-02 -3.223406412964990864e-01 0.000000000000000000e+00 1.774000000000000057e+02
-6.028615155134102288e+00 -2.519728479473630856e+01 0.000000000000000000e+00 -6.647961070981978082e-02 -3.095223075283826120e-01 0.000000000000000000e+00 1.775000000000000000e+02
-6.035263116205085154e+00 -2.522823702548914682e+01 0.000000000000000000e+00 -6.647961070982866261e-02 -3.095223075283826120e-01 0.000000000000000000e+00 1.776000000000000227e+02
-6.041911077276068021e+00 -2.525918925624198508e+01 0.000000000000000000e+00 -6.647961070982866261e-02 -3.095223075283826120e-01 0.000000000000000000e+00 1.777000000000000171e+02
-6.048559038347050887e+00 -2.529014148699482334e+01 0.000000000000000000e+00 -6.647961070982866261e-02 -3.095223075283826120e-01 0.000000000000000000e+00 1.778000000000000114e+02
-6.055206999418033753e+00 -2.532109371774765805e+01 0.000000000000000000e+00 -6.647961070982866261e-02 -3.095223075283470848e-01 0.000000000000000000e+00 1.779000000000000057e+02
-6.061854960489016619e+00 -2.535204594850049631e+01 0.000000000000000000e+00 -6.647961070982866261e-02 -3.095223075283826120e-01 0.000000000000000000e+00 1.780000000000000000e+02
-6.066630213797457927e+00 -2.537945655870952422e+01 0.000000000000000000e+00 -4.775253308441307354e-02 -2.741061020902790801e-01 0.000000000000000000e+00 1.781000000000000227e+02
-6.071150277848904153e+00 -2.540638456104282739e+01 0.000000000000000000e+00 -4.520064051446226472e-02 -2.692800233330316928e-01 0.000000000000000000e+00 1.782000000000000171e+02
-6.075670341900351268e+00 -2.543331256337612700e+01 0.000000000000000000e+00 -4.520064051447114650e-02 -2.692800233329961657e-01 0.000000000000000000e+00 1.783000000000000114e+02
-6.080190405951797494e+00 -2.546024056570942662e+01 0.000000000000000000e+00 -4.520064051446226472e-02 -2.692800233329961657e-01 0.000000000000000000e+00 1.784000000000000057e+02
-6.084710470003243721e+00 -2.548716856804272979e+01 0.000000000000000000e+00 -4.520064051446226472e-02 -2.692800233330316928e-01 0.000000000000000000e+00 1.785000000000000000e+02
-6.089230534054690835e+00 -2.551409657037602940e+01 0.000000000000000000e+00 -4.520064051447114650e-02 -2.692800233329961657e-01 0.000000000000000000e+00 1.786000000000000227e+02
-6.092864709893906827e+00 -2.553986080031262418e+01 0.000000000000000000e+00 -3.634175839215991743e-02 -2.576422993659477356e-01 0.000000000000000000e+00 1.787000000000000171e+02
-6.094769274164074879e+00 -2.556335287652452237e+01 0.000000000000000000e+00 -1.904564270168052076e-02 -2.349207621189819406e-01 0.000000000000000000e+00 1.788000000000000114e+02
-6.096673838434242931e+00 -2.558684495273641701e+01 0.000000000000000000e+00 -1.904564270168052076e-02 -2.349207621189464135e-01 0.000000000000000000e+00 1.789000000000000057e+02
-6.098578402704410983e+00 -2.561033702894831521e+01 0.000000000000000000e+00 -1.904564270168052076e-02 -2.349207621189819406e-01 0.000000000000000000e+00 1.790000000000000000e+02
-6.100482966974579035e+00 -2.563382910516020985e+01 0.000000000000000000e+00 -1.904564270168052076e-02 -2.349207621189464135e-01 0.000000000000000000e+00 1.791000000000000227e+02
-6.102387531244747088e+00 -2.565732118137210804e+01 0.000000000000000000e+00 -1.904564270168052076e-02 -2.349207621189819406e-01 0.000000000000000000e+00 1.792000000000000171e+02
-6.100279079368577051e+00 -2.567772862729443517e+01 0.000000000000000000e+00 2.108451876170036599e-02 -2.040744592232712762e-01 0.000000000000000000e+00 1.793000000000000114e+02
-6.096432804321651133e+00 -2.569680028442475361e+01 0.000000000000000000e+00 3.846275046925917707e-02 -1.907165713031844234e-01 0.000000000000000000e+00 1.794000000000000057e+02
-6.092586529274725216e+00 -2.571587194155507206e+01 0.000000000000000000e+00 3.846275046925917707e-02 -1.907165713031844234e-01 0.000000000000000000e+00 1.795000000000000000e+02
-6.088740254227799298e+00 -2.573494359868539050e+01 0.000000000000000000e+00 3.846275046925917707e-02 -1.907165713031844234e-01 0.000000000000000000e+00 1.796000000000000227e+02
-6.084893979180872492e+00 -2.575401525581570894e+01 0.000000000000000000e+00 3.846275046926805885e-02 -1.907165713031844234e-01 0.000000000000000000e+00 1.797000000000000171e+02
-6.078772203610074421e+00 -2.577243275187800009e+01 0.000000000000000000e+00 6.121775570798071442e-02 -1.841749606229114988e-01 0.000000000000000000e+00 1.798000000000000114e+02
-6.053666359300172495e+00 -2.578539270637893921e+01 0.000000000000000000e+00 2.510584430990192573e-01 -1.295995450093911927e-01 0.000000000000000000e+00 1.799000000000000057e+02
-6.028560514990271457e+00 -2.579835266087988188e+01 0.000000000000000000e+00 2.510584430990103755e-01 -1.295995450094267198e-01 0.000000000000000000e+00 1.800000000000000000e+02
-6.003454670680369532e+00 -2.581131261538082100e+01 0.000000000000000000e+00 2.510584430990192573e-01 -1.295995450093911927e-01 0.000000000000000000e+00 1.801000000000000227e+02
-5.978348826370467606e+00 -2.582427256988176367e+01 0.000000000000000000e+00 2.510584430990192573e-01 -1.295995450094267198e-01 0.000000000000000000e+00 1.802000000000000171e+02
-5.953242982060566568e+00 -2.583723252438270279e+01 0.000000000000000000e+00 2.510584430990103755e-01 -1.295995450093911927e-01 0.000000000000000000e+00 1.803000000000000114e+02
-5.928137137750664643e+00 -2.585019247888364546e+01 0.000000000000000000e+00 2.510584430990192573e-01 -1.295995450094267198e-01 0.000000000000000000e+00 1.804000000000000057e+02
-5.903031293440762717e+00 -2.586315243338458458e+01 0.000000000000000000e+00 2.510584430990192573e-01 -1.295995450093911927e-01 0.000000000000000000e+00 1.805000000000000000e+02
-5.877925449130861679e+00 -2.587611238788552726e+01 0.000000000000000000e+00 2.510584430990103755e-01 -1.295995450094267198e-01 0.000000000000000000e+00 1.806000000000000227e+02
-5.852857064037159773e+00 -2.588822965631901241e+01 0.000000000000000000e+00 2.506838509370190593e-01 -1.211726843348515104e-01 0.000000000000000000e+00 1.807000000000000171e+02
-5.827833014514303578e+00 -2.589934954756114038e+01 0.000000000000000000e+00 2.502404952285619544e-01 -1.111989124212797719e-01 0.000000000000000000e+00 1.808000000000000114e+02
-5.802808964991446494e+00 -2.591046943880326836e+01 0.000000000000000000e+00 2.502404952285708362e-01 -1.111989124212797719e-01 0.000000000000000000e+00 1.809000000000000057e+02
-5.777784915468590299e+00 -2.592158933004539634e+01 0.000000000000000000e+00 2.502404952285619544e-01 -1.111989124212797719e-01 0.000000000000000000e+00 1.810000000000000000e+02
-5.752760865945734103e+00 -2.593270922128752431e+01 0.000000000000000000e+00 2.502404952285619544e-01 -1.111989124212797719e-01 0.000000000000000000e+00 1.811000000000000227e+02
-5.727736816422877908e+00 -2.594382911252965229e+01 0.000000000000000000e+00 2.502404952285619544e-01 -1.111989124212797719e-01 0.000000000000000000e+00 1.812000000000000171e+02
-5.702712766900020824e+00 -2.595494900377178027e+01 0.000000000000000000e+00 2.502404952285708362e-01 -1.111989124212797719e-01 0.000000000000000000e+00 1.813000000000000114e+02
-5.680631163530384775e+00 -2.596741288350163757e+01 0.000000000000000000e+00 2.208160336963604919e-01 -1.246387972985729675e-01 0.000000000000000000e+00 1.814000000000000057e+02
-5.658820324078822850e+00 -2.598000043706266382e+01 0.000000000000000000e+00 2.181083945156192527e-01 -1.258755356102625456e-01 0.000000000000000000e+00 1.815000000000000000e+02
-5.637009484627260036e+00 -2.599258799062369008e+01 0.000000000000000000e+00 2.181083945156281345e-01 -1.258755356102625456e-01 0.000000000000000000e+00 1.816000000000000227e+02
-5.615198645175698111e+00 -2.600517554418471633e+01 0.000000000000000000e+00 2.181083945156192527e-01 -1.258755356102625456e-01 0.000000000000000000e+00 1.817000000000000171e+02
-5.593387805724135298e+00 -2.601776309774574258e+01 0.000000000000000000e+00 2.181083945156281345e-01 -1.258755356102625456e-01 0.000000000000000000e+00 1.818000000000000114e+02
-5.571576966272572484e+00 -2.603035065130676884e+01 0.000000000000000000e+00 2.181083945156281345e-01 -1.258755356102625456e-01 0.000000000000000000e+00 1.819000000000000057e+02
-5.549766126821010559e+00 -2.604293820486779509e+01 0.000000000000000000e+00 2.181083945156192527e-01 -1.258755356102625456e-01 0.000000000000000000e+00 1.820000000000000000e+02
-5.539948187188622697e+00 -2.605762284548253049e+01 0.000000000000000000e+00 9.817939632387862048e-02 -1.468464061473540028e-01 0.000000000000000000e+00 1.821000000000000227e+02
-5.554843737773371259e+00 -2.607662890470057704e+01 0.000000000000000000e+00 -1.489555058474856253e-01 -1.900605921804654486e-01 0.000000000000000000e+00 1.822000000000000171e+02
-5.569739288358119822e+00 -2.609563496391862714e+01 0.000000000000000000e+00 -1.489555058474856253e-01 -1.900605921805009757e-01 0.000000000000000000e+00 1.823000000000000114e+02
-5.584634838942868384e+00 -2.611464102313667723e+01 0.000000000000000000e+00 -1.489555058474856253e-01 -1.900605921805009757e-01 0.000000000000000000e+00 1.824000000000000057e+02
-5.599530389527616947e+00 -2.613364708235472378e+01 0.000000000000000000e+00 -1.489555058474856253e-01 -1.900605921804654486e-01 0.000000000000000000e+00 1.825000000000000000e+02
-5.614425940112366398e+00 -2.615265314157277388e+01 0.000000000000000000e+00 -1.489555058474945071e-01 -1.900605921805009757e-01 0.000000000000000000e+00 1.826000000000000227e+02
-5.629321490697114960e+00 -2.617165920079082397e+01 0.000000000000000000e+00 -1.489555058474856253e-01 -1.900605921805009757e-01 0.000000000000000000e+00 1.827000000000000171e+02
-5.646750318018384007e+00 -2.618966094720886062e+01 0.000000000000000000e+00 -1.742882732126904699e-01 -1.800174641803664599e-01 0.000000000000000000e+00 1.828000000000000114e+02
-5.670597539443091861e+00 -2.620511813335020435e+01 0.000000000000000000e+00 -2.384722142470785400e-01 -1.545718614134372615e-01 0.000000000000000000e+00 1.829000000000000057e+02
-5.694444760867800603e+00 -2.622057531949154807e+01 0.000000000000000000e+00 -2.384722142470874218e-01 -1.545718614134372615e-01 0.000000000000000000e+00 1.830000000000000000e+02
-5.718291982292509346e+00 -2.623603250563289535e+01 0.000000000000000000e+00 -2.384722142470874218e-01 -1.545718614134727886e-01 0.000000000000000000e+00 1.831000000000000227e+02
-5.742139203717218088e+00 -2.625148969177423908e+01 0.000000000000000000e+00 -2.384722142470874218e-01 -1.545718614134372615e-01 0.000000000000000000e+00 1.832000000000000171e+02
-5.765986425141926830e+00 -2.626694687791558280e+01 0.000000000000000000e+00 -2.384722142470874218e-01 -1.545718614134372615e-01 0.000000000000000000e+00 1.833000000000000114e+02
-5.789833646566634684e+00 -2.628240406405693008e+01 0.000000000000000000e+00 -2.384722142470785400e-01 -1.545718614134727886e-01 0.000000000000000000e+00 1.834000000000000057e+02
-5.814726248291159472e+00 -2.629985072371520261e+01 0.000000000000000000e+00 -2.489260172452478770e-01 -1.744665965827252307e-01 0.000000000000000000e+00 1.835000000000000000e+02
-5.840337699365265145e+00 -2.631866543263163294e+01 0.000000000000000000e+00 -2.561145107410567334e-01 -1.881470891643033383e-01 0.000000000000000000e+00 1.836000000000000227e+02
-5.865949150439371707e+00 -2.633748014154806327e+01 0.000000000000000000e+00 -2.561145107410656152e-01 -1.881470891643033383e-01 0.000000000000000000e+00 1.837000000000000171e+02
-5.891560601513478268e+00 -2.635629485046449005e+01 0.000000000000000000e+00 -2.561145107410656152e-01 -1.881470891642678112e-01 0.000000000000000000e+00 1.838000000000000114e+02
-5.917172052587583941e+00 -2.637510955938092039e+01 0.000000000000000000e+00 -2.561145107410567334e-01 -1.881470891643033383e-01 0.000000000000000000e+00 1.839000000000000057e+02
-5.942783503661690503e+00 -2.639392426829735072e+01 0.000000000000000000e+00 -2.561145107410656152e-01 -1.881470891643033383e-01 0.000000000000000000e+00 1.840000000000000000e+02
-5.968394954735797064e+00 -2.641273897721378106e+01 0.000000000000000000e+00 -2.561145107410656152e-01 -1.881470891643033383e-01 0.000000000000000000e+00 1.841000000000000227e+02
-5.994739978279508996e+00 -2.643222134347112373e+01 0.000000000000000000e+00 -2.634502354371193178e-01 -1.948236625734267591e-01 0.000000000000000000e+00 1.842000000000000171e+02
-6.023523976515074096e+00 -2.645392353043437339e+01 0.000000000000000000e+00 -2.878399823556510029e-01 -2.170218696324965890e-01 0.000000000000000000e+00 1.843000000000000114e+02
-6.052307974750638309e+00 -2.647562571739762305e+01 0.000000000000000000e+00 -2.878399823556421211e-01 -2.170218696324965890e-01 0.000000000000000000e+00 1.844000000000000057e+02
-6.081091972986203409e+00 -2.649732790436087271e+01 0.000000000000000000e+00 -2.878399823556510029e-01 -2.170218696324965890e-01 0.000000000000000000e+00 1.845000000000000000e+02
-6.109875971221768509e+00 -2.651903009132412237e+01 0.000000000000000000e+00 -2.878399823556510029e-01 -2.170218696324965890e-01 0.000000000000000000e+00 1.846000000000000227e+02
-6.138659969457332721e+00 -2.654073227828737203e+01 0.000000000000000000e+00 -2.878399823556421211e-01 -2.170218696324965890e-01 0.000000000000000000e+00 1.847000000000000171e+02
-6.167443967692897822e+00 -2.656243446525062168e+01 0.000000000000000000e+00 -2.878399823556510029e-01 -2.170218696324965890e-01 0.000000000000000000e+00 1.848000000000000114e+02
-6.196227965928462922e+00 -2.658413665221387134e+01 0.000000000000000000e+00 -2.878399823556510029e-01 -2.170218696324965890e-01 0.000000000000000000e+00 1.849000000000000057e+02
-6.225011964164027134e+00 -2.660583883917712100e+01 0.000000000000000000e+00 -2.878399823556421211e-01 -2.170218696324965890e-01 0.000000000000000000e+00 1.850000000000000000e+02
-6.254636501125014902e+00 -2.662813743773739716e+01 0.000000000000000000e+00 -2.962453696098776845e-01 -2.229859856027616161e-01 0.000000000000000000e+00 1.851000000000000227e+02
-6.284517520429790949e+00 -2.665061802558578208e+01 0.000000000000000000e+00 -2.988101930477604640e-01 -2.248058784838491420e-01 0.000000000000000000e+00 1.852000000000000171e+02
-6.314398539734566995e+00 -2.667309861343416699e+01 0.000000000000000000e+00 -2.988101930477604640e-01 -2.248058784838491420e-01 0.000000000000000000e+00 1.853000000000000114e+02
-6.344279559039343930e+00 -2.669557920128255191e+01 0.000000000000000000e+00 -2.988101930477693458e-01 -2.248058784838491420e-01 0.000000000000000000e+00 1.854000000000000057e+02
-6.374160578344119976e+00 -2.671805978913093682e+01 0.000000000000000000e+00 -2.988101930477604640e-01 -2.248058784838491420e-01 0.000000000000000000e+00 1.855000000000000000e+02
-6.404041597648896023e+00 -2.674054037697932174e+01 0.000000000000000000e+00 -2.988101930477604640e-01 -2.248058784838491420e-01 0.000000000000000000e+00 1.856000000000000227e+02
-6.433922616953672069e+00 -2.676302096482770665e+01 0.000000000000000000e+00 -2.988101930477604640e-01 -2.248058784838491420e-01 0.000000000000000000e+00 1.857000000000000171e+02
-6.463803636258448115e+00 -2.678550155267609156e+01 0.000000000000000000e+00 -2.988101930477604640e-01 -2.248058784838491420e-01 0.000000000000000000e+00 1.858000000000000114e+02
-6.494129957687661658e+00 -2.680836206523319731e+01 0.000000000000000000e+00 -3.032632142921354301e-01 -2.286051255710574992e-01 0.000000000000000000e+00 1.859000000000000057e+02
-6.528359456856353660e+00 -2.683455270712132545e+01 0.000000000000000000e+00 -3.422949916869200138e-01 -2.619064188812814109e-01 0.000000000000000000e+00 1.860000000000000000e+02
-6.562588956025044773e+00 -2.686074334900945715e+01 0.000000000000000000e+00 -3.422949916869111320e-01 -2.619064188813169380e-01 0.000000000000000000e+00 1.861000000000000227e+02
-6.596818455193736774e+00 -2.688693399089758529e+01 0.000000000000000000e+00 -3.422949916869200138e-01 -2.619064188812814109e-01 0.000000000000000000e+00 1.862000000000000171e+02
-6.631047954362428776e+00 -2.691312463278571698e+01 0.000000000000000000e+00 -3.422949916869200138e-01 -2.619064188813169380e-01 0.000000000000000000e+00 1.863000000000000114e+02
-6.665277453531120777e+00 -2.693931527467384512e+01 0.000000000000000000e+00 -3.422949916869200138e-01 -2.619064188812814109e-01 0.000000000000000000e+00 1.864000000000000057e+02
-6.699506952699812778e+00 -2.696550591656197682e+01 0.000000000000000000e+00 -3.422949916869200138e-01 -2.619064188813169380e-01 0.000000000000000000e+00 1.865000000000000000e+02
-6.733736451868504780e+00 -2.699169655845010496e+01 0.000000000000000000e+00 -3.422949916869200138e-01 -2.619064188812814109e-01 0.000000000000000000e+00 1.866000000000000227e+02
-6.767965951037196781e+00 -2.701788720033823665e+01 0.000000000000000000e+00 -3.422949916869200138e-01 -2.619064188813169380e-01 0.000000000000000000e+00 1.867000000000000171e+02
-6.802195450205887894e+00 -2.704407784222636479e+01 0.000000000000000000e+00 -3.422949916869111320e-01 -2.619064188812814109e-01 0.000000000000000000e+00 1.868000000000000114e+02
-6.836424949374579896e+00 -2.707026848411449649e+01 0.000000000000000000e+00 -3.422949916869200138e-01 -2.619064188813169380e-01 0.000000000000000000e+00 1.869000000000000057e+02
-6.867570014414621227e+00 -2.709591126085695834e+01 0.000000000000000000e+00 -3.114506504004133092e-01 -2.564277674246184802e-01 0.000000000000000000e+00 1.870000000000000000e+02
-6.898161833159837109e+00 -2.712145576856553575e+01 0.000000000000000000e+00 -3.059181874521588185e-01 -2.554450770857741304e-01 0.000000000000000000e+00 1.871000000000000227e+02
-6.928753651905052990e+00 -2.714700027627411316e+01 0.000000000000000000e+00 -3.059181874521588185e-01 -2.554450770857741304e-01 0.000000000000000000e+00 1.872000000000000171e+02
-6.959345470650268872e+00 -2.717254478398269057e+01 0.000000000000000000e+00 -3.059181874521588185e-01 -2.554450770857741304e-01 0.000000000000000000e+00 1.873000000000000114e+02
-6.989937289395484754e+00 -2.719808929169126799e+01 0.000000000000000000e+00 -3.059181874521588185e-01 -2.554450770857741304e-01 0.000000000000000000e+00 1.874000000000000057e+02
-7.020529108140700636e+00 -2.722363379939984540e+01 0.000000000000000000e+00 -3.059181874521588185e-01 -2.554450770857741304e-01 0.000000000000000000e+00 1.875000000000000000e+02
-7.051120926885916518e+00 -2.724917830710842281e+01 0.000000000000000000e+00 -3.059181874521588185e-01 -2.554450770857741304e-01 0.000000000000000000e+00 1.876000000000000227e+02
-7.081712745631132400e+00 -2.727472281481700023e+01 0.000000000000000000e+00 -3.059181874521588185e-01 -2.554450770857741304e-01 0.000000000000000000e+00 1.877000000000000171e+02
-7.112304564376348281e+00 -2.730026732252557409e+01 0.000000000000000000e+00 -3.059181874521588185e-01 -2.554450770857386033e-01 0.000000000000000000e+00 1.878000000000000114e+02
-7.146152958099004415e+00 -2.733632077482000611e+01 0.000000000000000000e+00 -3.384839372265613378e-01 -3.605345229443202015e-01 0.000000000000000000e+00 1.879000000000000057e+02
-7.180589726460735456e+00 -2.737427290794340706e+01 0.000000000000000000e+00 -3.443676836173104050e-01 -3.795213312340095513e-01 0.000000000000000000e+00 1.880000000000000000e+02
-7.215026494822467384e+00 -2.741222504106680447e+01 0.000000000000000000e+00 -3.443676836173192868e-01 -3.795213312339740241e-01 0.000000000000000000e+00 1.881000000000000227e+02
-7.249463263184198425e+00 -2.745017717419020542e+01 0.000000000000000000e+00 -3.443676836173104050e-01 -3.795213312340095513e-01 0.000000000000000000e+00 1.882000000000000171e+02
-7.283900031545929465e+00 -2.748812930731360282e+01 0.000000000000000000e+00 -3.443676836173104050e-01 -3.795213312339740241e-01 0.000000000000000000e+00 1.883000000000000114e+02
-7.318336799907661394e+00 -2.752608144043700378e+01 0.000000000000000000e+00 -3.443676836173192868e-01 -3.795213312340095513e-01 0.000000000000000000e+00 1.884000000000000057e+02
-7.352773568269392435e+00 -2.756403357356040473e+01 0.000000000000000000e+00 -3.443676836173104050e-01 -3.795213312340095513e-01 0.000000000000000000e+00 1.885000000000000000e+02
-7.387210336631123475e+00 -2.760198570668380214e+01 0.000000000000000000e+00 -3.443676836173104050e-01 -3.795213312339740241e-01 0.000000000000000000e+00 1.886000000000000227e+02
-7.421647104992855404e+00 -2.763993783980720309e+01 0.000000000000000000e+00 -3.443676836173192868e-01 -3.795213312340095513e-01 0.000000000000000000e+00 1.887000000000000171e+02
-7.456083873354586444e+00 -2.767788997293060405e+01 0.000000000000000000e+00 -3.443676836173104050e-01 -3.795213312340095513e-01 0.000000000000000000e+00 1.888000000000000114e+02
-7.490520641716317485e+00 -2.771584210605400145e+01 0.000000000000000000e+00 -3.443676836173104050e-01 -3.795213312339740241e-01 0.000000000000000000e+00 1.889000000000000057e+02
-7.524957410078048525e+00 -2.775379423917740240e+01 0.000000000000000000e+00 -3.443676836173104050e-01 -3.795213312340095513e-01 0.000000000000000000e+00 1.890000000000000000e+02
-7.559340697456231162e+00 -2.778983977637222580e+01 0.000000000000000000e+00 -3.438328737818263647e-01 -3.604553719482339602e-01 0.000000000000000000e+00 1.891000000000000227e+02
-7.593067466432569468e+00 -2.780248044647365901e+01 0.000000000000000000e+00 -3.372676897633830606e-01 -1.264067010143321568e-01 0.000000000000000000e+00 1.892000000000000171e+02
-7.626794235408906886e+00 -2.781512111657509578e+01 0.000000000000000000e+00 -3.372676897633741788e-01 -1.264067010143676839e-01 0.000000000000000000e+00 1.893000000000000114e+02
-7.660521004385245192e+00 -2.782776178667652900e+01 0.000000000000000000e+00 -3.372676897633830606e-01 -1.264067010143321568e-01 0.000000000000000000e+00 1.894000000000000057e+02
-7.694247773361583498e+00 -2.784040245677796577e+01 0.000000000000000000e+00 -3.372676897633830606e-01 -1.264067010143676839e-01 0.000000000000000000e+00 1.895000000000000000e+02
-7.727974542337920916e+00 -2.785304312687939898e+01 0.000000000000000000e+00 -3.372676897633741788e-01 -1.264067010143321568e-01 0.000000000000000000e+00 1.896000000000000227e+02
-7.761701311314259222e+00 -2.786568379698083575e+01 0.000000000000000000e+00 -3.372676897633830606e-01 -1.264067010143676839e-01 0.000000000000000000e+00 1.897000000000000171e+02
-7.795428080290597528e+00 -2.787832446708226897e+01 0.000000000000000000e+00 -3.372676897633830606e-01 -1.264067010143321568e-01 0.000000000000000000e+00 1.898000000000000114e+02
-7.829154849266934946e+00 -2.789096513718370574e+01 0.000000000000000000e+00 -3.372676897633741788e-01 -1.264067010143676839e-01 0.000000000000000000e+00 1.899000000000000057e+02
-7.858732978720834872e+00 -2.789922720531850686e+01 0.000000000000000000e+00 -2.957812945389992620e-01 -8.262068134801126007e-02 0.000000000000000000e+00 1.900000000000000000e+02
-7.886838768710783043e+00 -2.790593532102203156e+01 0.000000000000000000e+00 -2.810578998994817113e-01 -6.708115703524697437e-02 0.000000000000000000e+00 1.901000000000000227e+02
-7.914944558700731214e+00 -2.791264343672555270e+01 0.000000000000000000e+00 -2.810578998994817113e-01 -6.708115703521144724e-02 0.000000000000000000e+00 1.902000000000000171e+02
-7.943050348690680273e+00 -2.791935155242907385e+01 0.000000000000000000e+00 -2.810578998994905930e-01 -6.708115703521144724e-02 0.000000000000000000e+00 1.903000000000000114e+02
-7.971156138680628445e+00 -2.792605966813259855e+01 0.000000000000000000e+00 -2.810578998994817113e-01 -6.708115703524697437e-02 0.000000000000000000e+00 1.904000000000000057e+02
-7.999261928670576616e+00 -2.793276778383611969e+01 0.000000000000000000e+00 -2.810578998994817113e-01 -6.708115703521144724e-02 0.000000000000000000e+00 1.905000000000000000e+02
-8.027043909584683945e+00 -2.793852136878820147e+01 0.000000000000000000e+00 -2.778198091410732928e-01 -5.753584952081780557e-02 0.000000000000000000e+00 1.906000000000000227e+02
-8.052059980818068397e+00 -2.793612155087750537e+01 0.000000000000000000e+00 -2.501607123338445149e-01 2.399817910696100398e-02 0.000000000000000000e+00 1.907000000000000171e+02
-8.077076052051452848e+00 -2.793372173296680572e+01 0.000000000000000000e+00 -2.501607123338445149e-01 2.399817910699653112e-02 0.000000000000000000e+00 1.908000000000000114e+02
-8.102092123284839076e+00 -2.793132191505610962e+01 0.000000000000000000e+00 -2.501607123338622785e-01 2.399817910696100398e-02 0.000000000000000000e+00 1.909000000000000057e+02
-8.127108194518223527e+00 -2.792892209714541352e+01 0.000000000000000000e+00 -2.501607123338445149e-01 2.399817910696100398e-02 0.000000000000000000e+00 1.910000000000000000e+02
-8.152124265751607979e+00 -2.792652227923471386e+01 0.000000000000000000e+00 -2.501607123338445149e-01 2.399817910699653112e-02 0.000000000000000000e+00 1.911000000000000227e+02
-8.178330236926218078e+00 -2.792768714133813290e+01 0.000000000000000000e+00 -2.620597117461009873e-01 -1.164862103419039840e-02 0.000000000000000000e+00 1.912000000000000171e+02
-8.205599566335360251e+00 -2.793203759217481164e+01 0.000000000000000000e+00 -2.726932940914217340e-01 -4.350450836678732003e-02 0.000000000000000000e+00 1.913000000000000114e+02
-8.232868895744502424e+00 -2.793638804301149392e+01 0.000000000000000000e+00 -2.726932940914217340e-01 -4.350450836682284717e-02 0.000000000000000000e+00 1.914000000000000057e+02
-8.260138225153644598e+00 -2.794073849384817265e+01 0.000000000000000000e+00 -2.726932940914217340e-01 -4.350450836678732003e-02 0.000000000000000000e+00 1.915000000000000000e+02
-8.287407554562786771e+00 -2.794508894468485494e+01 0.000000000000000000e+00 -2.726932940914217340e-01 -4.350450836682284717e-02 0.000000000000000000e+00 1.916000000000000227e+02
-8.314676883971928945e+00 -2.794943939552153722e+01 0.000000000000000000e+00 -2.726932940914217340e-01 -4.350450836682284717e-02 0.000000000000000000e+00 1.917000000000000171e+02
-8.341946213381071118e+00 -2.795378984635821595e+01 0.000000000000000000e+00 -2.726932940914217340e-01 -4.350450836678732003e-02 0.000000000000000000e+00 1.918000000000000114e+02
-8.369215542790213291e+00 -2.795814029719489824e+01 0.000000000000000000e+00 -2.726932940914217340e-01 -4.350450836682284717e-02 0.000000000000000000e+00 1.919000000000000057e+02
-8.378510049822800454e+00 -2.797674548110817483e+01 0.000000000000000000e+00 -9.294507032587162598e-02 -1.860518391327659060e-01 0.000000000000000000e+00 1.920000000000000000e+02
-8.378799421372040257e+00 -2.800249208761492525e+01 0.000000000000000000e+00 -2.893715492398030165e-03 -2.574660650675042461e-01 0.000000000000000000e+00 1.921000000000000227e+02
-8.379088792921281836e+00 -2.802823869412167923e+01 0.000000000000000000e+00 -2.893715492415793733e-03 -2.574660650675397733e-01 0.000000000000000000e+00 1.922000000000000171e+02
-8.379378164470521639e+00 -2.805398530062842966e+01 0.000000000000000000e+00 -2.893715492398030165e-03 -2.574660650675042461e-01 0.000000000000000000e+00 1.923000000000000114e+02
-8.379667536019763219e+00 -2.807973190713518363e+01 0.000000000000000000e+00 -2.893715492415793733e-03 -2.574660650675397733e-01 0.000000000000000000e+00 1.924000000000000057e+02
-8.379956907569003022e+00 -2.810547851364193761e+01 0.000000000000000000e+00 -2.893715492398030165e-03 -2.574660650675397733e-01 0.000000000000000000e+00 1.925000000000000000e+02
-8.380094216759149006e+00 -2.813137981923811992e+01 0.000000000000000000e+00 -1.373091901459844166e-03 -2.590130559618231132e-01 0.000000000000000000e+00 1.926000000000000227e+02
-8.375099060020128050e+00 -2.816250258667734130e+01 0.000000000000000000e+00 4.995156739020956138e-02 -3.112276743922137712e-01 0.000000000000000000e+00 1.927000000000000171e+02
-8.370103903281107094e+00 -2.819362535411655912e+01 0.000000000000000000e+00 4.995156739020956138e-02 -3.112276743921782440e-01 0.000000000000000000e+00 1.928000000000000114e+02
-8.365108746542084361e+00 -2.822474812155578050e+01 0.000000000000000000e+00 4.995156739022732495e-02 -3.112276743922137712e-01 0.000000000000000000e+00 1.929000000000000057e+02
-8.360113589803063405e+00 -2.825587088899499832e+01 0.000000000000000000e+00 4.995156739020956138e-02 -3.112276743921782440e-01 0.000000000000000000e+00 1.930000000000000000e+02
-8.355118433064042449e+00 -2.828699365643421970e+01 0.000000000000000000e+00 4.995156739020956138e-02 -3.112276743922137712e-01 0.000000000000000000e+00 1.931000000000000227e+02
-8.350123276325019717e+00 -2.831811642387343753e+01 0.000000000000000000e+00 4.995156739022732495e-02 -3.112276743921782440e-01 0.000000000000000000e+00 1.932000000000000171e+02
-8.345128119585998760e+00 -2.834923919131265890e+01 0.000000000000000000e+00 4.995156739020956138e-02 -3.112276743922137712e-01 0.000000000000000000e+00 1.933000000000000114e+02
-8.357232951466972537e+00 -2.838893379641101689e+01 0.000000000000000000e+00 -1.210483188097377649e-01 -3.969460509835798234e-01 0.000000000000000000e+00 1.934000000000000057e+02
-8.373709088992006500e+00 -2.843081963819216540e+01 0.000000000000000000e+00 -1.647613752503396256e-01 -4.188584178114851397e-01 0.000000000000000000e+00 1.935000000000000000e+02
-8.390185226517038686e+00 -2.847270547997331036e+01 0.000000000000000000e+00 -1.647613752503218620e-01 -4.188584178114496126e-01 0.000000000000000000e+00 1.936000000000000227e+02
-8.406661364042072648e+00 -2.851459132175445532e+01 0.000000000000000000e+00 -1.647613752503396256e-01 -4.188584178114496126e-01 0.000000000000000000e+00 1.937000000000000171e+02
-8.423137501567106611e+00 -2.855647716353560028e+01 0.000000000000000000e+00 -1.647613752503396256e-01 -4.188584178114496126e-01 0.000000000000000000e+00 1.938000000000000114e+02
-8.439613639092138797e+00 -2.859836300531674880e+01 0.000000000000000000e+00 -1.647613752503218620e-01 -4.188584178114851397e-01 0.000000000000000000e+00 1.939000000000000057e+02
-8.456089776617172760e+00 -2.864024884709789376e+01 0.000000000000000000e+00 -1.647613752503396256e-01 -4.188584178114496126e-01 0.000000000000000000e+00 1.940000000000000000e+02
-8.472565914142206722e+00 -2.868213468887903872e+01 0.000000000000000000e+00 -1.647613752503396256e-01 -4.188584178114496126e-01 0.000000000000000000e+00 1.941000000000000227e+02
-8.489042051667238908e+00 -2.872402053066018368e+01 0.000000000000000000e+00 -1.647613752503218620e-01 -4.188584178114496126e-01 0.000000000000000000e+00 1.942000000000000171e+02
-8.505518189192272871e+00 -2.876590637244133219e+01 0.000000000000000000e+00 -1.647613752503396256e-01 -4.188584178114851397e-01 0.000000000000000000e+00 1.943000000000000114e+02
-8.521994326717306834e+00 -2.880779221422247716e+01 0.000000000000000000e+00 -1.647613752503396256e-01 -4.188584178114496126e-01 0.000000000000000000e+00 1.944000000000000057e+02
-8.541309667646274306e+00 -2.885390227373883221e+01 0.000000000000000000e+00 -1.931534092896747268e-01 -4.611005951635505085e-01 0.000000000000000000e+00 1.945000000000000000e+02
-8.563781185931892637e+00 -2.890470815052103504e+01 0.000000000000000000e+00 -2.247151828561833042e-01 -5.080587678220283010e-01 0.000000000000000000e+00 1.946000000000000227e+02
-8.586252704217512743e+00 -2.895551402730323431e+01 0.000000000000000000e+00 -2.247151828562010678e-01 -5.080587678219927739e-01 0.000000000000000000e+00 1.947000000000000171e+02
-8.608724222503131074e+00 -2.900631990408543714e+01 0.000000000000000000e+00 -2.247151828561833042e-01 -5.080587678220283010e-01 0.000000000000000000e+00 1.948000000000000114e+02
-8.631195740788749404e+00 -2.905712578086763642e+01 0.000000000000000000e+00 -2.247151828561833042e-01 -5.080587678219927739e-01 0.000000000000000000e+00 1.949000000000000057e+02
-8.653667259074369511e+00 -2.910793165764983925e+01 0.000000000000000000e+00 -2.247151828562010678e-01 -5.080587678220283010e-01 0.000000000000000000e+00 1.950000000000000000e+02
-8.676138777359987841e+00 -2.915873753443204208e+01 0.000000000000000000e+00 -2.247151828561833042e-01 -5.080587678220283010e-01 0.000000000000000000e+00 1.951000000000000227e+02
-8.698610295645606172e+00 -2.920954341121424136e+01 0.000000000000000000e+00 -2.247151828561833042e-01 -5.080587678219927739e-01 0.000000000000000000e+00 1.952000000000000171e+02
-8.721081813931226279e+00 -2.926034928799644419e+01 0.000000000000000000e+00 -2.247151828562010678e-01 -5.080587678220283010e-01 0.000000000000000000e+00 1.953000000000000114e+02
-8.743553332216844609e+00 -2.931115516477864347e+01 0.000000000000000000e+00 -2.247151828561833042e-01 -5.080587678219927739e-01 0.000000000000000000e+00 1.954000000000000057e+02
-8.766024850502462940e+00 -2.936196104156084630e+01 0.000000000000000000e+00 -2.247151828561833042e-01 -5.080587678220283010e-01 0.000000000000000000e+00 1.955000000000000000e+02
-8.788496368788083046e+00 -2.941276691834304557e+01 0.000000000000000000e+00 -2.247151828562010678e-01 -5.080587678219927739e-01 0.000000000000000000e+00 1.956000000000000227e+02
-8.810967887073701377e+00 -2.946357279512524840e+01 0.000000000000000000e+00 -2.247151828561833042e-01 -5.080587678220283010e-01 0.000000000000000000e+00 1.957000000000000171e+02
-8.832879913570007346e+00 -2.951302419627303308e+01 0.000000000000000000e+00 -2.191202649630596966e-01 -4.945140114778467932e-01 0.000000000000000000e+00 1.958000000000000114e+02
-8.852311604448226845e+00 -2.955647094422654320e+01 0.000000000000000000e+00 -1.943169087821949859e-01 -4.344674795351011198e-01 0.000000000000000000e+00 1.959000000000000057e+02
-8.871743295326446344e+00 -2.959991769218005686e+01 0.000000000000000000e+00 -1.943169087821949859e-01 -4.344674795351366470e-01 0.000000000000000000e+00 1.960000000000000000e+02
-8.891174986204665842e+00 -2.964336444013357053e+01 0.000000000000000000e+00 -1.943169087821949859e-01 -4.344674795351366470e-01 0.000000000000000000e+00 1.961000000000000227e+02
-8.910606677082885341e+00 -2.968681118808708419e+01 0.000000000000000000e+00 -1.943169087821949859e-01 -4.344674795351366470e-01 0.000000000000000000e+00 1.962000000000000171e+02
-8.930038367961104839e+00 -2.973025793604059785e+01 0.000000000000000000e+00 -1.943169087821949859e-01 -4.344674795351366470e-01 0.000000000000000000e+00 1.963000000000000114e+02
-8.949470058839324338e+00 -2.977370468399411152e+01 0.000000000000000000e+00 -1.943169087821949859e-01 -4.344674795351366470e-01 0.000000000000000000e+00 1.964000000000000057e+02
-8.968901749717543836e+00 -2.981715143194762163e+01 0.000000000000000000e+00 -1.943169087821949859e-01 -4.344674795351011198e-01 0.000000000000000000e+00 1.965000000000000000e+02
-8.988333440595763335e+00 -2.986059817990113530e+01 0.000000000000000000e+00 -1.943169087821949859e-01 -4.344674795351366470e-01 0.000000000000000000e+00 1.966000000000000227e+02
-9.007765131473982834e+00 -2.990404492785464896e+01 0.000000000000000000e+00 -1.943169087821949859e-01 -4.344674795351366470e-01 0.000000000000000000e+00 1.967000000000000171e+02
-9.027196822352202332e+00 -2.994749167580816263e+01 0.000000000000000000e+00 -1.943169087821949859e-01 -4.344674795351366470e-01 0.000000000000000000e+00 1.968000000000000114e+02
-9.046628513230421831e+00 -2.999093842376167629e+01 0.000000000000000000e+00 -1.943169087821949859e-01 -4.344674795351366470e-01 0.000000000000000000e+00 1.969000000000000057e+02
-9.062721727206142219e+00 -3.002813348004575289e+01 0.000000000000000000e+00 -1.609321397572038848e-01 -3.719505628407659970e-01 0.000000000000000000e+00 1.970000000000000000e+02
-9.077608372870887621e+00 -3.006306909489032364e+01 0.000000000000000000e+00 -1.488664566474540152e-01 -3.493561484457075039e-01 0.000000000000000000e+00 1.971000000000000227e+02
-9.092495018535633022e+00 -3.009800470973489439e+01 0.000000000000000000e+00 -1.488664566474540152e-01 -3.493561484457075039e-01 0.000000000000000000e+00 1.972000000000000171e+02
-9.107381664200378424e+00 -3.013294032457946869e+01 0.000000000000000000e+00 -1.488664566474540152e-01 -3.493561484457430311e-01 0.000000000000000000e+00 1.973000000000000114e+02
-9.122268309865123825e+00 -3.016787593942403944e+01 0.000000000000000000e+00 -1.488664566474540152e-01 -3.493561484457075039e-01 0.000000000000000000e+00 1.974000000000000057e+02
-9.137154955529871003e+00 -3.020281155426861019e+01 0.000000000000000000e+00 -1.488664566474717788e-01 -3.493561484457075039e-01 0.000000000000000000e+00 1.975000000000000000e+02
-9.152041601194616405e+00 -3.023774716911318450e+01 0.000000000000000000e+00 -1.488664566474540152e-01 -3.493561484457430311e-01 0.000000000000000000e+00 1.976000000000000227e+02
-9.166928246859361806e+00 -3.027268278395775525e+01 0.000000000000000000e+00 -1.488664566474540152e-01 -3.493561484457075039e-01 0.000000000000000000e+00 1.977000000000000171e+02
-9.180952961791865263e+00 -3.030771575345560365e+01 0.000000000000000000e+00 -1.402471493250345702e-01 -3.503296949784839853e-01 0.000000000000000000e+00 1.978000000000000114e+02
-9.192037752146564600e+00 -3.034308078599195824e+01 0.000000000000000000e+00 -1.108479035469933649e-01 -3.536503253635459032e-01 0.000000000000000000e+00 1.979000000000000057e+02
-9.203122542501263936e+00 -3.037844581852831283e+01 0.000000000000000000e+00 -1.108479035469933649e-01 -3.536503253635459032e-01 0.000000000000000000e+00 1.980000000000000000e+02
-9.214207332855963273e+00 -3.041381085106466742e+01 0.000000000000000000e+00 -1.108479035469933649e-01 -3.536503253635459032e-01 0.000000000000000000e+00 1.981000000000000227e+02
-9.225292123210662609e+00 -3.044917588360102201e+01 0.000000000000000000e+00 -1.108479035469933649e-01 -3.536503253635459032e-01 0.000000000000000000e+00 1.982000000000000171e+02
-9.236376913565363722e+00 -3.048454091613737660e+01 0.000000000000000000e+00 -1.108479035470111285e-01 -3.536503253635459032e-01 0.000000000000000000e+00 1.983000000000000114e+02
-9.247461703920063059e+00 -3.051990594867373119e+01 0.000000000000000000e+00 -1.108479035469933649e-01 -3.536503253635459032e-01 0.000000000000000000e+00 1.984000000000000057e+02
-9.258546494274762395e+00 -3.055527098121008578e+01 0.000000000000000000e+00 -1.108479035469933649e-01 -3.536503253635459032e-01 0.000000000000000000e+00 1.985000000000000000e+02
-9.269631284629461732e+00 -3.059063601374644037e+01 0.000000000000000000e+00 -1.108479035469933649e-01 -3.536503253635459032e-01 0.000000000000000000e+00 1.986000000000000227e+02
-9.283263018433729030e+00 -3.063592187427112989e+01 0.000000000000000000e+00 -1.363173380426729864e-01 -4.528586052468952516e-01 0.000000000000000000e+00 1.987000000000000171e+02
-9.296958035741669235e+00 -3.068145423604991961e+01 0.000000000000000000e+00 -1.369501730794020489e-01 -4.553236177878972057e-01 0.000000000000000000e+00 1.988000000000000114e+02
-9.310653053049609440e+00 -3.072698659782870934e+01 0.000000000000000000e+00 -1.369501730794020489e-01 -4.553236177878972057e-01 0.000000000000000000e+00 1.989000000000000057e+02
-9.324348070357549645e+00 -3.077251895960749906e+01 0.000000000000000000e+00 -1.369501730794020489e-01 -4.553236177878972057e-01 0.000000000000000000e+00 1.990000000000000000e+02
-9.338043087665489850e+00 -3.081805132138628522e+01 0.000000000000000000e+00 -1.369501730794020489e-01 -4.553236177878616786e-01 0.000000000000000000e+00 1.991000000000000227e+02
-9.351738104973430055e+00 -3.086358368316507494e+01 0.000000000000000000e+00 -1.369501730794020489e-01 -4.553236177878972057e-01 0.000000000000000000e+00 1.992000000000000171e+02
-9.365433122281370260e+00 -3.090911604494386467e+01 0.000000000000000000e+00 -1.369501730794020489e-01 -4.553236177878972057e-01 0.000000000000000000e+00 1.993000000000000114e+02
-9.379128139589312241e+00 -3.095464840672265439e+01 0.000000000000000000e+00 -1.369501730794198124e-01 -4.553236177878972057e-01 0.000000000000000000e+00 1.994000000000000057e+02
-9.392823156897252446e+00 -3.100018076850144055e+01 0.000000000000000000e+00 -1.369501730794020489e-01 -4.553236177878616786e-01 0.000000000000000000e+00 1.995000000000000000e+02
-9.406518174205192651e+00 -3.104571313028023027e+01 0.000000000000000000e+00 -1.369501730794020489e-01 -4.553236177878972057e-01 0.000000000000000000e+00 1.996000000000000227e+02
-9.420213191513132855e+00 -3.109124549205901999e+01 0.000000000000000000e+00 -1.369501730794020489e-01 -4.553236177878972057e-01 0.000000000000000000e+00 1.997000000000000171e+02
-9.433908208821073060e+00 -3.113677785383780972e+01 0.000000000000000000e+00 -1.369501730794020489e-01 -4.553236177878972057e-01 0.000000000000000000e+00 1.998000000000000114e+02
-9.444252924883892675e+00 -3.117391110575704616e+01 0.000000000000000000e+00 -1.034471606281961442e-01 -3.713325191923644297e-01 0.000000000000000000e+00 1.999000000000000057e+02
-9.454459156208367077e+00 -3.121069718037903939e+01 0.000000000000000000e+00 -1.020623132447440184e-01 -3.678607462199323663e-01 0.000000000000000000e+00 2.000000000000000000e+02
-9.464665387532843255e+00 -3.124748325500103263e+01 0.000000000000000000e+00 -1.020623132447617820e-01 -3.678607462199323663e-01 0.000000000000000000e+00 2.001000000000000227e+02
-9.474871618857317657e+00 -3.128426932962302587e+01 0.000000000000000000e+00 -1.020623132447440184e-01 -3.678607462199323663e-01 0.000000000000000000e+00 2.002000000000000171e+02
-9.485077850181792058e+00 -3.132105540424501910e+01 0.000000000000000000e+00 -1.020623132447440184e-01 -3.678607462199323663e-01 0.000000000000000000e+00 2.003000000000000114e+02
-9.495284081506268237e+00 -3.135784147886701234e+01 0.000000000000000000e+00 -1.020623132447617820e-01 -3.678607462199323663e-01 0.000000000000000000e+00 2.004000000000000057e+02
-9.505490312830742639e+00 -3.139462755348900558e+01 0.000000000000000000e+00 -1.020623132447440184e-01 -3.678607462199323663e-01 0.000000000000000000e+00 2.005000000000000000e+02
-9.515696544155217040e+00 -3.143141362811099881e+01 0.000000000000000000e+00 -1.020623132447440184e-01 -3.678607462199323663e-01 0.000000000000000000e+00 2.006000000000000227e+02
-9.525532756156426473e+00 -3.146791439920080080e+01 0.000000000000000000e+00 -9.836212001209432287e-02 -3.650077108980198659e-01 0.000000000000000000e+00 2.007000000000000171e+02
-9.534627901448470055e+00 -3.150384377053814688e+01 0.000000000000000000e+00 -9.095145292043582685e-02 -3.592937133734608324e-01 0.000000000000000000e+00 2.008000000000000114e+02
-9.543723046740513638e+00 -3.153977314187549652e+01 0.000000000000000000e+00 -9.095145292043582685e-02 -3.592937133734963595e-01 0.000000000000000000e+00 2.009000000000000057e+02
-9.552818192032557221e+00 -3.157570251321284616e+01 0.000000000000000000e+00 -9.095145292043582685e-02 -3.592937133734963595e-01 0.000000000000000000e+00 2.010000000000000000e+02
-9.561913337324600803e+00 -3.161163188455019224e+01 0.000000000000000000e+00 -9.095145292043582685e-02 -3.592937133734608324e-01 0.000000000000000000e+00 2.011000000000000227e+02
-9.571008482616646162e+00 -3.164756125588754188e+01 0.000000000000000000e+00 -9.095145292045359042e-02 -3.592937133734963595e-01 0.000000000000000000e+00 2.012000000000000171e+02
-9.580103627908689745e+00 -3.168349062722488796e+01 0.000000000000000000e+00 -9.095145292043582685e-02 -3.592937133734608324e-01 0.000000000000000000e+00 2.013000000000000114e+02
-9.589198773200733328e+00 -3.171941999856223759e+01 0.000000000000000000e+00 -9.095145292043582685e-02 -3.592937133734963595e-01 0.000000000000000000e+00 2.014000000000000057e+02
-9.598293918492776911e+00 -3.175534936989958723e+01 0.000000000000000000e+00 -9.095145292043582685e-02 -3.592937133734963595e-01 0.000000000000000000e+00 2.015000000000000000e+02
-9.594386907896492289e+00 -3.179821654649494533e+01 0.000000000000000000e+00 3.907010596284621329e-02 -4.286717659535810299e-01 0.000000000000000000e+00 2.016000000000000227e+02
-9.587488281987281979e+00 -3.184268001563026829e+01 0.000000000000000000e+00 6.898625909210309715e-02 -4.446346913532295275e-01 0.000000000000000000e+00 2.017000000000000171e+02
-9.580589656078071670e+00 -3.188714348476558769e+01 0.000000000000000000e+00 6.898625909210309715e-02 -4.446346913531940004e-01 0.000000000000000000e+00 2.018000000000000114e+02
-9.573691030168861360e+00 -3.193160695390091064e+01 0.000000000000000000e+00 6.898625909210309715e-02 -4.446346913532295275e-01 0.000000000000000000e+00 2.019000000000000057e+02
-9.566792404259651050e+00 -3.197607042303623004e+01 0.000000000000000000e+00 6.898625909210309715e-02 -4.446346913531940004e-01 0.000000000000000000e+00 2.020000000000000000e+02
-9.559893778350440741e+00 -3.202053389217154944e+01 0.000000000000000000e+00 6.898625909210309715e-02 -4.446346913531940004e-01 0.000000000000000000e+00 2.021000000000000227e+02
-9.552995152441230431e+00 -3.206499736130687239e+01 0.000000000000000000e+00 6.898625909210309715e-02 -4.446346913532295275e-01 0.000000000000000000e+00 2.022000000000000171e+02
-9.546096526532020121e+00 -3.210946083044219534e+01 0.000000000000000000e+00 6.898625909210309715e-02 -4.446346913532295275e-01 0.000000000000000000e+00 2.023000000000000114e+02
-9.539197900622809811e+00 -3.215392429957751830e+01 0.000000000000000000e+00 6.898625909210309715e-02 -4.446346913532295275e-01 0.000000000000000000e+00 2.024000000000000057e+02
-9.532299274713599502e+00 -3.219838776871283414e+01 0.000000000000000000e+00 6.898625909210309715e-02 -4.446346913531584732e-01 0.000000000000000000e+00 2.025000000000000000e+02
-9.525324782630638865e+00 -3.224290824898733376e+01 0.000000000000000000e+00 6.974492082960637163e-02 -4.452048027449961864e-01 0.000000000000000000e+00 2.026000000000000227e+02
-9.515928657752372288e+00 -3.228924851319850120e+01 0.000000000000000000e+00 9.396124878266576275e-02 -4.634026421116743677e-01 0.000000000000000000e+00 2.027000000000000171e+02
-9.506532532874107488e+00 -3.233558877740966864e+01 0.000000000000000000e+00 9.396124878264799918e-02 -4.634026421116743677e-01 0.000000000000000000e+00 2.028000000000000114e+02
-9.497136407995840912e+00 -3.238192904162083607e+01 0.000000000000000000e+00 9.396124878266576275e-02 -4.634026421116743677e-01 0.000000000000000000e+00 2.029000000000000057e+02
-9.487740283117574336e+00 -3.242826930583200351e+01 0.000000000000000000e+00 9.396124878266576275e-02 -4.634026421116743677e-01 0.000000000000000000e+00 2.030000000000000000e+02
-9.478344158239307760e+00 -3.247460957004317095e+01 0.000000000000000000e+00 9.396124878266576275e-02 -4.634026421116743677e-01 0.000000000000000000e+00 2.031000000000000227e+02
-9.468948033361042960e+00 -3.252094983425433838e+01 0.000000000000000000e+00 9.396124878264799918e-02 -4.634026421116743677e-01 0.000000000000000000e+00 2.032000000000000171e+02
-9.459551908482776383e+00 -3.256729009846550582e+01 0.000000000000000000e+00 9.396124878266576275e-02 -4.634026421116743677e-01 0.000000000000000000e+00 2.033000000000000114e+02
-9.450155783604509807e+00 -3.261363036267668036e+01 0.000000000000000000e+00 9.396124878266576275e-02 -4.634026421117454220e-01 0.000000000000000000e+00 2.034000000000000057e+02
-9.440759658726243231e+00 -3.265997062688784780e+01 0.000000000000000000e+00 9.396124878266576275e-02 -4.634026421116743677e-01 0.000000000000000000e+00 2.035000000000000000e+02
-9.431363533847978431e+00 -3.270631089109901524e+01 0.000000000000000000e+00 9.396124878264799918e-02 -4.634026421116743677e-01 0.000000000000000000e+00 2.036000000000000227e+02
-9.421967408969711855e+00 -3.275265115531018267e+01 0.000000000000000000e+00 9.396124878266576275e-02 -4.634026421116743677e-01 0.000000000000000000e+00 2.037000000000000171e+02
-9.413672896167041060e+00 -3.279634038920770678e+01 0.000000000000000000e+00 8.294512802670794827e-02 -4.368923389752410458e-01 0.000000000000000000e+00 2.038000000000000114e+02
-9.405394083674890382e+00 -3.283999184029580931e+01 0.000000000000000000e+00 8.278812492150677826e-02 -4.365145108810253305e-01 0.000000000000000000e+00 2.039000000000000057e+02
-9.397115271182737928e+00 -3.288364329138391184e+01 0.000000000000000000e+00 8.278812492152454183e-02 -4.365145108810253305e-01 0.000000000000000000e+00 2.040000000000000000e+02
-9.388836458690585474e+00 -3.292729474247201438e+01 0.000000000000000000e+00 8.278812492152454183e-02 -4.365145108810253305e-01 0.000000000000000000e+00 2.041000000000000227e+02
-9.380557646198433019e+00 -3.297094619356011691e+01 0.000000000000000000e+00 8.278812492152454183e-02 -4.365145108810253305e-01 0.000000000000000000e+00 2.042000000000000171e+02
-9.372278833706280565e+00 -3.301459764464821234e+01 0.000000000000000000e+00 8.278812492152454183e-02 -4.365145108809542762e-01 0.000000000000000000e+00 2.043000000000000114e+02
-9.364000021214128111e+00 -3.305824909573631487e+01 0.000000000000000000e+00 8.278812492152454183e-02 -4.365145108810253305e-01 0.000000000000000000e+00 2.044000000000000057e+02
-9.355721208721977433e+00 -3.310190054682441740e+01 0.000000000000000000e+00 8.278812492150677826e-02 -4.365145108810253305e-01 0.000000000000000000e+00 2.045000000000000000e+02
-9.347442396229824979e+00 -3.314555199791251994e+01 0.000000000000000000e+00 8.278812492152454183e-02 -4.365145108810253305e-01 0.000000000000000000e+00 2.046000000000000227e+02
-9.339163583737672525e+00 -3.318920344900061536e+01 0.000000000000000000e+00 8.278812492152454183e-02 -4.365145108809542762e-01 0.000000000000000000e+00 2.047000000000000171e+02
-9.330476218618466433e+00 -3.322983232024389366e+01 0.000000000000000000e+00 8.687365119206091890e-02 -4.062887124327829724e-01 0.000000000000000000e+00 2.048000000000000114e+02
-9.321462390364432693e+00 -3.326804593130753318e+01 0.000000000000000000e+00 9.013828254033739995e-02 -3.821361106363951876e-01 0.000000000000000000e+00 2.049000000000000057e+02
-9.312448562110398953e+00 -3.330625954237117270e+01 0.000000000000000000e+00 9.013828254033739995e-02 -3.821361106363951876e-01 0.000000000000000000e+00 2.050000000000000000e+02
-9.303434733856365213e+00 -3.334447315343480511e+01 0.000000000000000000e+00 9.013828254033739995e-02 -3.821361106363241333e-01 0.000000000000000000e+00 2.051000000000000227e+02
-9.294420905602331473e+00 -3.338268676449844463e+01 0.000000000000000000e+00 9.013828254033739995e-02 -3.821361106363951876e-01 0.000000000000000000e+00 2.052000000000000171e+02
-9.285407077348297733e+00 -3.342090037556207704e+01 0.000000000000000000e+00 9.013828254033739995e-02 -3.821361106363241333e-01 0.000000000000000000e+00 2.053000000000000114e+02
-9.276393249094263993e+00 -3.345911398662571656e+01 0.000000000000000000e+00 9.013828254033739995e-02 -3.821361106363951876e-01 0.000000000000000000e+00 2.054000000000000057e+02
-9.267379420840232029e+00 -3.349732759768934898e+01 0.000000000000000000e+00 9.013828254031963638e-02 -3.821361106363241333e-01 0.000000000000000000e+00 2.055000000000000000e+02
-9.258365592586198289e+00 -3.353554120875298850e+01 0.000000000000000000e+00 9.013828254033739995e-02 -3.821361106363951876e-01 0.000000000000000000e+00 2.056000000000000227e+02
-9.240159663455830952e+00 -3.357356180251571232e+01 0.000000000000000000e+00 1.820592913036733762e-01 -3.802059376272381996e-01 0.000000000000000000e+00 2.057000000000000171e+02
-9.212917284025502695e+00 -3.361139264735484744e+01 0.000000000000000000e+00 2.724237943032825626e-01 -3.783084483913512486e-01 0.000000000000000000e+00 2.058000000000000114e+02
-9.185674904595174439e+00 -3.364922349219398967e+01 0.000000000000000000e+00 2.724237943032825626e-01 -3.783084483914223028e-01 0.000000000000000000e+00 2.059000000000000057e+02
-9.158432525164847959e+00 -3.368705433703313190e+01 0.000000000000000000e+00 2.724237943032647991e-01 -3.783084483914223028e-01 0.000000000000000000e+00 2.060000000000000000e+02
-9.131190145734519703e+00 -3.372488518187226703e+01 0.000000000000000000e+00 2.724237943032825626e-01 -3.783084483913512486e-01 0.000000000000000000e+00 2.061000000000000227e+02
-9.103947766304191447e+00 -3.376271602671140926e+01 0.000000000000000000e+00 2.724237943032825626e-01 -3.783084483914223028e-01 0.000000000000000000e+00 2.062000000000000171e+02
-9.076705386873863191e+00 -3.380054687155055149e+01 0.000000000000000000e+00 2.724237943032825626e-01 -3.783084483914223028e-01 0.000000000000000000e+00 2.063000000000000114e+02
-9.049463007443536711e+00 -3.383837771638968661e+01 0.000000000000000000e+00 2.724237943032647991e-01 -3.783084483913512486e-01 0.000000000000000000e+00 2.064000000000000057e+02
-9.022220628013208454e+00 -3.387620856122882884e+01 0.000000000000000000e+00 2.724237943032825626e-01 -3.783084483914223028e-01 0.000000000000000000e+00 2.065000000000000000e+02
-8.994978248582880198e+00 -3.391403940606797107e+01 0.000000000000000000e+00 2.724237943032825626e-01 -3.783084483914223028e-01 0.000000000000000000e+00 2.066000000000000227e+02
-8.967735869152553718e+00 -3.395187025090710620e+01 0.000000000000000000e+00 2.724237943032647991e-01 -3.783084483913512486e-01 0.000000000000000000e+00 2.067000000000000171e+02
-8.940945472694791007e+00 -3.398871681942738832e+01 0.000000000000000000e+00 2.679039645776271072e-01 -3.684656852028211915e-01 0.000000000000000000e+00 2.068000000000000114e+02
-8.917671506090041333e+00 -3.401790571312066902e+01 0.000000000000000000e+00 2.327396660474967405e-01 -2.918889369328070416e-01 0.000000000000000000e+00 2.069000000000000057e+02
-8.894397539485293436e+00 -3.404709460681394972e+01 0.000000000000000000e+00 2.327396660474789769e-01 -2.918889369328070416e-01 0.000000000000000000e+00 2.070000000000000000e+02
-8.871123572880543762e+00 -3.407628350050723043e+01 0.000000000000000000e+00 2.327396660474967405e-01 -2.918889369328070416e-01 0.000000000000000000e+00 2.071000000000000227e+02
-8.847849606275794088e+00 -3.410547239420051113e+01 0.000000000000000000e+00 2.327396660474967405e-01 -2.918889369328070416e-01 0.000000000000000000e+00 2.072000000000000171e+02
-8.824575639671044414e+00 -3.413466128789379184e+01 0.000000000000000000e+00 2.327396660474967405e-01 -2.918889369328070416e-01 0.000000000000000000e+00 2.073000000000000114e+02
-8.801301673066296516e+00 -3.416385018158707254e+01 0.000000000000000000e+00 2.327396660474789769e-01 -2.918889369328070416e-01 0.000000000000000000e+00 2.074000000000000057e+02
-8.778027706461546842e+00 -3.419303907528035325e+01 0.000000000000000000e+00 2.327396660474967405e-01 -2.918889369328070416e-01 0.000000000000000000e+00 2.075000000000000000e+02
-8.754753739856797168e+00 -3.422222796897363395e+01 0.000000000000000000e+00 2.327396660474967405e-01 -2.918889369328070416e-01 0.000000000000000000e+00 2.076000000000000227e+02
-8.733814577196168827e+00 -3.424957971578670168e+01 0.000000000000000000e+00 2.093916266062834097e-01 -2.735174681306773437e-01 0.000000000000000000e+00 2.077000000000000171e+02
-8.714835303284093726e+00 -3.427538931876835449e+01 0.000000000000000000e+00 1.897927391207510084e-01 -2.580960298165280165e-01 0.000000000000000000e+00 2.078000000000000114e+02
-8.695856029372020402e+00 -3.430119892175000729e+01 0.000000000000000000e+00 1.897927391207332448e-01 -2.580960298165280165e-01 0.000000000000000000e+00 2.079000000000000057e+02
-8.676876755459947077e+00 -3.432700852473166009e+01 0.000000000000000000e+00 1.897927391207332448e-01 -2.580960298165280165e-01 0.000000000000000000e+00 2.080000000000000000e+02
-8.657897481547871976e+00 -3.435281812771331289e+01 0.000000000000000000e+00 1.897927391207510084e-01 -2.580960298165280165e-01 0.000000000000000000e+00 2.081000000000000227e+02
-8.638918207635798652e+00 -3.437862773069496569e+01 0.000000000000000000e+00 1.897927391207332448e-01 -2.580960298165280165e-01 0.000000000000000000e+00 2.082000000000000171e+02
-8.619938933723723551e+00 -3.440443733367661849e+01 0.000000000000000000e+00 1.897927391207510084e-01 -2.580960298165280165e-01 0.000000000000000000e+00 2.083000000000000114e+02
-8.601730789834412860e+00 -3.443160182214382559e+01 0.000000000000000000e+00 1.820814388931069061e-01 -2.716448846720709298e-01 0.000000000000000000e+00 2.084000000000000057e+02
-8.586548316911310152e+00 -3.446408245387504365e+01 0.000000000000000000e+00 1.518247292310270780e-01 -3.248063173121806813e-01 0.000000000000000000e+00 2.085000000000000000e+02
-8.571365843988207445e+00 -3.449656308560626172e+01 0.000000000000000000e+00 1.518247292310270780e-01 -3.248063173121806813e-01 0.000000000000000000e+00 2.086000000000000227e+02
-8.556183371065104737e+00 -3.452904371733747979e+01 0.000000000000000000e+00 1.518247292310270780e-01 -3.248063173121806813e-01 0.000000000000000000e+00 2.087000000000000171e+02
-8.541000898142002029e+00 -3.456152434906869075e+01 0.000000000000000000e+00 1.518247292310270780e-01 -3.248063173121096270e-01 0.000000000000000000e+00 2.088000000000000114e+02
-8.525818425218899321e+00 -3.459400498079990882e+01 0.000000000000000000e+00 1.518247292310270780e-01 -3.248063173121806813e-01 0.000000000000000000e+00 2.089000000000000057e+02
-8.510635952295794837e+00 -3.462648561253112689e+01 0.000000000000000000e+00 1.518247292310448415e-01 -3.248063173121806813e-01 0.000000000000000000e+00 2.090000000000000000e+02
-8.495453479372692129e+00 -3.465896624426234496e+01 0.000000000000000000e+00 1.518247292310270780e-01 -3.248063173121806813e-01 0.000000000000000000e+00 2.091000000000000227e+02
-8.480271006449589422e+00 -3.469144687599356303e+01 0.000000000000000000e+00 1.518247292310270780e-01 -3.248063173121806813e-01 0.000000000000000000e+00 2.092000000000000171e+02
-8.470407990920799435e+00 -3.472460787043330299e+01 0.000000000000000000e+00 9.863015528789986774e-02 -3.316099443973996586e-01 0.000000000000000000e+00 2.093000000000000114e+02
-8.461943508001187553e+00 -3.475794773827373518e+01 0.000000000000000000e+00 8.464482919611882039e-02 -3.333986784043219131e-01 0.000000000000000000e+00 2.094000000000000057e+02
-8.453479025081577447e+00 -3.479128760611416737e+01 0.000000000000000000e+00 8.464482919610105682e-02 -3.333986784043219131e-01 0.000000000000000000e+00 2.095000000000000000e+02
-8.445014542161965565e+00 -3.482462747395459957e+01 0.000000000000000000e+00 8.464482919611882039e-02 -3.333986784043219131e-01 0.000000000000000000e+00 2.096000000000000227e+02
-8.436550059242355459e+00 -3.485796734179503886e+01 0.000000000000000000e+00 8.464482919610105682e-02 -3.333986784043929674e-01 0.000000000000000000e+00 2.097000000000000171e+02
-8.428085576322743577e+00 -3.489130720963547105e+01 0.000000000000000000e+00 8.464482919611882039e-02 -3.333986784043219131e-01 0.000000000000000000e+00 2.098000000000000114e+02
-8.419621093403133472e+00 -3.492464707747590325e+01 0.000000000000000000e+00 8.464482919610105682e-02 -3.333986784043219131e-01 0.000000000000000000e+00 2.099000000000000057e+02
-8.411156610483521590e+00 -3.495798694531633544e+01 0.000000000000000000e+00 8.464482919611882039e-02 -3.333986784043219131e-01 0.000000000000000000e+00 2.100000000000000000e+02
-8.403104340169559094e+00 -3.499094598237662268e+01 0.000000000000000000e+00 8.052270313962495152e-02 -3.295903706028724400e-01 0.000000000000000000e+00 2.101000000000000227e+02
-8.395231549356957146e+00 -3.502373920374476057e+01 0.000000000000000000e+00 7.872790812601948574e-02 -3.279322136813789257e-01 0.000000000000000000e+00 2.102000000000000171e+02
-8.387358758544353421e+00 -3.505653242511289136e+01 0.000000000000000000e+00 7.872790812603724930e-02 -3.279322136813078714e-01 0.000000000000000000e+00 2.103000000000000114e+02
-8.379485967731751472e+00 -3.508932564648102215e+01 0.000000000000000000e+00 7.872790812601948574e-02 -3.279322136813078714e-01 0.000000000000000000e+00 2.104000000000000057e+02
-8.371613176919147747e+00 -3.512211886784915293e+01 0.000000000000000000e+00 7.872790812603724930e-02 -3.279322136813078714e-01 0.000000000000000000e+00 2.105000000000000000e+02
-8.363740386106545799e+00 -3.515491208921729083e+01 0.000000000000000000e+00 7.872790812601948574e-02 -3.279322136813789257e-01 0.000000000000000000e+00 2.106000000000000227e+02
-8.355867595293943850e+00 -3.518770531058542161e+01 0.000000000000000000e+00 7.872790812601948574e-02 -3.279322136813078714e-01 0.000000000000000000e+00 2.107000000000000171e+02
-8.347994804481340125e+00 -3.522049853195355240e+01 0.000000000000000000e+00 7.872790812603724930e-02 -3.279322136813078714e-01 0.000000000000000000e+00 2.108000000000000114e+02
-8.337265366836875913e+00 -3.525735754147310530e+01 0.000000000000000000e+00 1.072943764446421255e-01 -3.685900951955289884e-01 0.000000000000000000e+00 2.109000000000000057e+02
-8.326108406144888008e+00 -3.529482503297989382e+01 0.000000000000000000e+00 1.115696069198790497e-01 -3.746749150678851947e-01 0.000000000000000000e+00 2.110000000000000000e+02
-8.314951445452900103e+00 -3.533229252448667523e+01 0.000000000000000000e+00 1.115696069198790497e-01 -3.746749150678141405e-01 0.000000000000000000e+00 2.111000000000000227e+02
-8.303794484760912198e+00 -3.536976001599346375e+01 0.000000000000000000e+00 1.115696069198790497e-01 -3.746749150678851947e-01 0.000000000000000000e+00 2.112000000000000171e+02
-8.292637524068924293e+00 -3.540722750750024517e+01 0.000000000000000000e+00 1.115696069198790497e-01 -3.746749150678141405e-01 0.000000000000000000e+00 2.113000000000000114e+02
-8.281480563376938164e+00 -3.544469499900703369e+01 0.000000000000000000e+00 1.115696069198612861e-01 -3.746749150678851947e-01 0.000000000000000000e+00 2.114000000000000057e+02
-8.270323602684950259e+00 -3.548216249051382221e+01 0.000000000000000000e+00 1.115696069198790497e-01 -3.746749150678851947e-01 0.000000000000000000e+00 2.115000000000000000e+02
-8.259166641992962354e+00 -3.551962998202060362e+01 0.000000000000000000e+00 1.115696069198790497e-01 -3.746749150678141405e-01 0.000000000000000000e+00 2.116000000000000227e+02
-8.248009681300974449e+00 -3.555709747352739214e+01 0.000000000000000000e+00 1.115696069198790497e-01 -3.746749150678851947e-01 0.000000000000000000e+00 2.117000000000000171e+02
-8.235335548092143299e+00 -3.559451373373203609e+01 0.000000000000000000e+00 1.267413320883115091e-01 -3.741626020464394742e-01 0.000000000000000000e+00 2.118000000000000114e+02
-8.221962108864614649e+00 -3.563190638003811728e+01 0.000000000000000000e+00 1.337343922752864955e-01 -3.739264630608118978e-01 0.000000000000000000e+00 2.119000000000000057e+02
-8.208588669637087776e+00 -3.566929902634419136e+01 0.000000000000000000e+00 1.337343922752687320e-01 -3.739264630607408435e-01 0.000000000000000000e+00 2.120000000000000000e+02
-8.195215230409560903e+00 -3.570669167265026545e+01 0.000000000000000000e+00 1.337343922752687320e-01 -3.739264630607408435e-01 0.000000000000000000e+00 2.121000000000000227e+02
-8.181841791182034029e+00 -3.574408431895633953e+01 0.000000000000000000e+00 1.337343922752687320e-01 -3.739264630607408435e-01 0.000000000000000000e+00 2.122000000000000171e+02
-8.168468351954507156e+00 -3.578147696526241361e+01 0.000000000000000000e+00 1.337343922752687320e-01 -3.739264630607408435e-01 0.000000000000000000e+00 2.123000000000000114e+02
-8.155094912726978507e+00 -3.581886961156849480e+01 0.000000000000000000e+00 1.337343922752864955e-01 -3.739264630608118978e-01 0.000000000000000000e+00 2.124000000000000057e+02
-8.141721473499451633e+00 -3.585626225787456889e+01 0.000000000000000000e+00 1.337343922752687320e-01 -3.739264630607408435e-01 0.000000000000000000e+00 2.125000000000000000e+02
-8.128348034271924760e+00 -3.589365490418064297e+01 0.000000000000000000e+00 1.337343922752687320e-01 -3.739264630607408435e-01 0.000000000000000000e+00 2.126000000000000227e+02
-8.114302460652286442e+00 -3.592915682462435001e+01 0.000000000000000000e+00 1.404557361963831852e-01 -3.550192044370703570e-01 0.000000000000000000e+00 2.127000000000000171e+02
-8.098076772438359328e+00 -3.595852604438390898e+01 0.000000000000000000e+00 1.622568821392711413e-01 -2.936921975955897324e-01 0.000000000000000000e+00 2.128000000000000114e+02
-8.081851084224433990e+00 -3.598789526414346795e+01 0.000000000000000000e+00 1.622568821392533778e-01 -2.936921975955897324e-01 0.000000000000000000e+00 2.129000000000000057e+02
-8.065625396010508652e+00 -3.601726448390301982e+01 0.000000000000000000e+00 1.622568821392533778e-01 -2.936921975955186781e-01 0.000000000000000000e+00 2.130000000000000000e+02
-8.049399707796581538e+00 -3.604663370366257880e+01 0.000000000000000000e+00 1.622568821392711413e-01 -2.936921975955897324e-01 0.000000000000000000e+00 2.131000000000000227e+02
-8.033174019582656200e+00 -3.607600292342213777e+01 0.000000000000000000e+00 1.622568821392533778e-01 -2.936921975955897324e-01 0.000000000000000000e+00 2.132000000000000171e+02
-8.016948331368729086e+00 -3.610537214318168964e+01 0.000000000000000000e+00 1.622568821392711413e-01 -2.936921975955186781e-01 0.000000000000000000e+00 2.133000000000000114e+02
-8.000722643154803748e+00 -3.613474136294124861e+01 0.000000000000000000e+00 1.622568821392533778e-01 -2.936921975955897324e-01 0.000000000000000000e+00 2.134000000000000057e+02
-7.976562202525659728e+00 -3.615503557777807941e+01 0.000000000000000000e+00 2.416044062914401991e-01 -2.029421483683080396e-01 0.000000000000000000e+00 2.135000000000000000e+02
-7.935734195034909177e+00 -3.615626703634933392e+01 0.000000000000000000e+00 4.082800749075055080e-01 -1.231458571254506751e-02 0.000000000000000000e+00 2.136000000000000227e+02
-7.894906187544157739e+00 -3.615749849492058843e+01 0.000000000000000000e+00 4.082800749075143898e-01 -1.231458571254506751e-02 0.000000000000000000e+00 2.137000000000000171e+02
-7.854078180053407188e+00 -3.615872995349184293e+01 0.000000000000000000e+00 4.082800749075055080e-01 -1.231458571254506751e-02 0.000000000000000000e+00 2.138000000000000114e+02
-7.813250172562656637e+00 -3.615996141206310455e+01 0.000000000000000000e+00 4.082800749075055080e-01 -1.231458571261612178e-02 0.000000000000000000e+00 2.139000000000000057e+02
-7.772422165071905198e+00 -3.616119287063435905e+01 0.000000000000000000e+00 4.082800749075143898e-01 -1.231458571254506751e-02 0.000000000000000000e+00 2.140000000000000000e+02
-7.731594157581154647e+00 -3.616242432920561356e+01 0.000000000000000000e+00 4.082800749075055080e-01 -1.231458571254506751e-02 0.000000000000000000e+00 2.141000000000000227e+02
-7.690766150090403208e+00 -3.616365578777686807e+01 0.000000000000000000e+00 4.082800749075143898e-01 -1.231458571254506751e-02 0.000000000000000000e+00 2.142000000000000171e+02
-7.649938142599652657e+00 -3.616488724634812257e+01 0.000000000000000000e+00 4.082800749075055080e-01 -1.231458571254506751e-02 0.000000000000000000e+00 2.143000000000000114e+02
-7.609110135108902107e+00 -3.616611870491937708e+01 0.000000000000000000e+00 4.082800749075055080e-01 -1.231458571254506751e-02 0.000000000000000000e+00 2.144000000000000057e+02
-7.558775457655015906e+00 -3.616522634926864299e+01 0.000000000000000000e+00 5.033467745388620074e-01 8.923556507340890676e-03 0.000000000000000000e+00 2.145000000000000000e+02
-7.507268261823813127e+00 -3.616407205003356040e+01 0.000000000000000000e+00 5.150719583120277889e-01 1.154299235082589803e-02 0.000000000000000000e+00 2.146000000000000227e+02
-7.455761065992611236e+00 -3.616291775079847781e+01 0.000000000000000000e+00 5.150719583120189071e-01 1.154299235082589803e-02 0.000000000000000000e+00 2.147000000000000171e+02
-7.404253870161409345e+00 -3.616176345156339522e+01 0.000000000000000000e+00 5.150719583120189071e-01 1.154299235082589803e-02 0.000000000000000000e+00 2.148000000000000114e+02
-7.352746674330206567e+00 -3.616060915232831263e+01 0.000000000000000000e+00 5.150719583120277889e-01 1.154299235082589803e-02 0.000000000000000000e+00 2.149000000000000057e+02
-7.301239478499004676e+00 -3.615945485309323004e+01 0.000000000000000000e+00 5.150719583120189071e-01 1.154299235082589803e-02 0.000000000000000000e+00 2.150000000000000000e+02
-7.249732282667802785e+00 -3.615830055385815456e+01 0.000000000000000000e+00 5.150719583120189071e-01 1.154299235075484376e-02 0.000000000000000000e+00 2.151000000000000227e+02
-7.198225086836600894e+00 -3.615714625462307197e+01 0.000000000000000000e+00 5.150719583120189071e-01 1.154299235082589803e-02 0.000000000000000000e+00 2.152000000000000171e+02
-7.146717891005398116e+00 -3.615599195538798938e+01 0.000000000000000000e+00 5.150719583120277889e-01 1.154299235082589803e-02 0.000000000000000000e+00 2.153000000000000114e+02
-7.095210695174196225e+00 -3.615483765615290679e+01 0.000000000000000000e+00 5.150719583120189071e-01 1.154299235082589803e-02 0.000000000000000000e+00 2.154000000000000057e+02
-7.043703499342994334e+00 -3.615368335691782420e+01 0.000000000000000000e+00 5.150719583120189071e-01 1.154299235082589803e-02 0.000000000000000000e+00 2.155000000000000000e+02
-6.992196303511792443e+00 -3.615252905768274161e+01 0.000000000000000000e+00 5.150719583120189071e-01 1.154299235082589803e-02 0.000000000000000000e+00 2.156000000000000227e+02
-6.942710074716982760e+00 -3.615374645735865755e+01 0.000000000000000000e+00 4.948622879480968351e-01 -1.217399675915942225e-02 0.000000000000000000e+00 2.157000000000000171e+02
-6.904369861011987020e+00 -3.616804422468746338e+01 0.000000000000000000e+00 3.834021370499574033e-01 -1.429776732880583268e-01 0.000000000000000000e+00 2.158000000000000114e+02
-6.866029647306992167e+00 -3.618234199201626922e+01 0.000000000000000000e+00 3.834021370499485215e-01 -1.429776732880583268e-01 0.000000000000000000e+00 2.159000000000000057e+02
-6.827689433601996427e+00 -3.619663975934507505e+01 0.000000000000000000e+00 3.834021370499574033e-01 -1.429776732880583268e-01 0.000000000000000000e+00 2.160000000000000000e+02
-6.789349219897000687e+00 -3.621093752667388088e+01 0.000000000000000000e+00 3.834021370499574033e-01 -1.429776732880583268e-01 0.000000000000000000e+00 2.161000000000000227e+02
-6.751009006192004946e+00 -3.622523529400269382e+01 0.000000000000000000e+00 3.834021370499574033e-01 -1.429776732881293810e-01 0.000000000000000000e+00 2.162000000000000171e+02
-6.712668792487009206e+00 -3.623953306133149965e+01 0.000000000000000000e+00 3.834021370499574033e-01 -1.429776732880583268e-01 0.000000000000000000e+00 2.163000000000000114e+02
-6.674328578782013466e+00 -3.625383082866030549e+01 0.000000000000000000e+00 3.834021370499574033e-01 -1.429776732880583268e-01 0.000000000000000000e+00 2.164000000000000057e+02
-6.635988365077017725e+00 -3.626812859598911132e+01 0.000000000000000000e+00 3.834021370499574033e-01 -1.429776732880583268e-01 0.000000000000000000e+00 2.165000000000000000e+02
-6.597648151372021985e+00 -3.628242636331791715e+01 0.000000000000000000e+00 3.834021370499574033e-01 -1.429776732880583268e-01 0.000000000000000000e+00 2.166000000000000227e+02
-6.563671420836477033e+00 -3.629621477054745071e+01 0.000000000000000000e+00 3.397673053554495226e-01 -1.378840722953356135e-01 0.000000000000000000e+00 2.167000000000000171e+02
-6.532376519803308135e+00 -3.630969012123739503e+01 0.000000000000000000e+00 3.129490103316889815e-01 -1.347535068994432095e-01 0.000000000000000000e+00 2.168000000000000114e+02
-6.501081618770138348e+00 -3.632316547192734646e+01 0.000000000000000000e+00 3.129490103316978633e-01 -1.347535068995142638e-01 0.000000000000000000e+00 2.169000000000000057e+02
-6.469786717736968562e+00 -3.633664082261729078e+01 0.000000000000000000e+00 3.129490103316978633e-01 -1.347535068994432095e-01 0.000000000000000000e+00 2.170000000000000000e+02
-6.438491816703799664e+00 -3.635011617330723510e+01 0.000000000000000000e+00 3.129490103316889815e-01 -1.347535068994432095e-01 0.000000000000000000e+00 2.171000000000000227e+02
-6.407196915670629878e+00 -3.636359152399717942e+01 0.000000000000000000e+00 3.129490103316978633e-01 -1.347535068994432095e-01 0.000000000000000000e+00 2.172000000000000171e+02
-6.375902014637460091e+00 -3.637706687468712374e+01 0.000000000000000000e+00 3.129490103316978633e-01 -1.347535068994432095e-01 0.000000000000000000e+00 2.173000000000000114e+02
-6.344607113604291193e+00 -3.639054222537707517e+01 0.000000000000000000e+00 3.129490103316889815e-01 -1.347535068995142638e-01 0.000000000000000000e+00 2.174000000000000057e+02
-6.315427126716834039e+00 -3.640159651518278849e+01 0.000000000000000000e+00 2.917998688745715441e-01 -1.105428980571332431e-01 0.000000000000000000e+00 2.175000000000000000e+02
-6.287939191250213611e+00 -3.641071381879103797e+01 0.000000000000000000e+00 2.748793546662042786e-01 -9.117303608249471836e-02 0.000000000000000000e+00 2.176000000000000227e+02
-6.260451255783593183e+00 -3.641983112239928033e+01 0.000000000000000000e+00 2.748793546662042786e-01 -9.117303608242366408e-02 0.000000000000000000e+00 2.177000000000000171e+02
-6.232963320316973643e+00 -3.642894842600752270e+01 0.000000000000000000e+00 2.748793546661953968e-01 -9.117303608242366408e-02 0.000000000000000000e+00 2.178000000000000114e+02
-6.205475384850353215e+00 -3.643806572961577217e+01 0.000000000000000000e+00 2.748793546662042786e-01 -9.117303608249471836e-02 0.000000000000000000e+00 2.179000000000000057e+02
-6.177987449383732788e+00 -3.644718303322401454e+01 0.000000000000000000e+00 2.748793546662042786e-01 -9.117303608242366408e-02 0.000000000000000000e+00 2.180000000000000000e+02
-6.150499513917112360e+00 -3.645630033683225690e+01 0.000000000000000000e+00 2.748793546662042786e-01 -9.117303608242366408e-02 0.000000000000000000e+00 2.181000000000000227e+02
-6.118102039957766358e+00 -3.645124468753069635e+01 0.000000000000000000e+00 3.239747395934600149e-01 5.055649301560549702e-02 0.000000000000000000e+00 2.182000000000000171e+02
-6.085563361687873929e+00 -3.644578140683017864e+01 0.000000000000000000e+00 3.253867826989242928e-01 5.463280700517714195e-02 0.000000000000000000e+00 2.183000000000000114e+02
-6.053024683417981500e+00 -3.644031812612965382e+01 0.000000000000000000e+00 3.253867826989242928e-01 5.463280700524819622e-02 0.000000000000000000e+00 2.184000000000000057e+02
-6.020486005148089070e+00 -3.643485484542913611e+01 0.000000000000000000e+00 3.253867826989242928e-01 5.463280700517714195e-02 0.000000000000000000e+00 2.185000000000000000e+02
-5.987947326878196641e+00 -3.642939156472861129e+01 0.000000000000000000e+00 3.253867826989242928e-01 5.463280700524819622e-02 0.000000000000000000e+00 2.186000000000000227e+02
-5.955408648608304212e+00 -3.642392828402808647e+01 0.000000000000000000e+00 3.253867826989242928e-01 5.463280700524819622e-02 0.000000000000000000e+00 2.187000000000000171e+02
-5.922869970338411783e+00 -3.641846500332756875e+01 0.000000000000000000e+00 3.253867826989242928e-01 5.463280700517714195e-02 0.000000000000000000e+00 2.188000000000000114e+02
-5.887265390088930239e+00 -3.641201067756151843e+01 0.000000000000000000e+00 3.560458024948154332e-01 6.454325766050317270e-02 0.000000000000000000e+00 2.189000000000000057e+02
-5.848142775607474420e+00 -3.640441915612216661e+01 0.000000000000000000e+00 3.912261448145581966e-01 7.591521439351822664e-02 0.000000000000000000e+00 2.190000000000000000e+02
-5.809020161126018600e+00 -3.639682763468281479e+01 0.000000000000000000e+00 3.912261448145581966e-01 7.591521439351822664e-02 0.000000000000000000e+00 2.191000000000000227e+02
-5.769897546644562780e+00 -3.638923611324346297e+01 0.000000000000000000e+00 3.912261448145581966e-01 7.591521439351822664e-02 0.000000000000000000e+00 2.192000000000000171e+02
-5.730774932163106961e+00 -3.638164459180411114e+01 0.000000000000000000e+00 3.912261448145581966e-01 7.591521439351822664e-02 0.000000000000000000e+00 2.193000000000000114e+02
-5.691652317681651141e+00 -3.637405307036476643e+01 0.000000000000000000e+00 3.912261448145581966e-01 7.591521439344717237e-02 0.000000000000000000e+00 2.194000000000000057e+02
-5.652529703200196209e+00 -3.636646154892541460e+01 0.000000000000000000e+00 3.912261448145493148e-01 7.591521439351822664e-02 0.000000000000000000e+00 2.195000000000000000e+02
-5.613407088718740390e+00 -3.635887002748606278e+01 0.000000000000000000e+00 3.912261448145581966e-01 7.591521439351822664e-02 0.000000000000000000e+00 2.196000000000000227e+02
-5.574284474237284570e+00 -3.635127850604671096e+01 0.000000000000000000e+00 3.912261448145581966e-01 7.591521439351822664e-02 0.000000000000000000e+00 2.197000000000000171e+02
-5.535161859755828750e+00 -3.634368698460735914e+01 0.000000000000000000e+00 3.912261448145581966e-01 7.591521439351822664e-02 0.000000000000000000e+00 2.198000000000000114e+02
-5.499609825716707867e+00 -3.633736058588264939e+01 0.000000000000000000e+00 3.555203403912088334e-01 6.326398724709747512e-02 0.000000000000000000e+00 2.199000000000000057e+02
-5.465695032198627068e+00 -3.633161429176724511e+01 0.000000000000000000e+00 3.391479351808079912e-01 5.746294115404282365e-02 0.000000000000000000e+00 2.200000000000000000e+02
-5.431780238680546269e+00 -3.632586799765184793e+01 0.000000000000000000e+00 3.391479351808079912e-01 5.746294115397176938e-02 0.000000000000000000e+00 2.201000000000000227e+02
-5.397865445162465470e+00 -3.632012170353644365e+01 0.000000000000000000e+00 3.391479351808079912e-01 5.746294115404282365e-02 0.000000000000000000e+00 2.202000000000000171e+02
-5.363950651644384671e+00 -3.631437540942103936e+01 0.000000000000000000e+00 3.391479351808079912e-01 5.746294115404282365e-02 0.000000000000000000e+00 2.203000000000000114e+02
-5.330035858126303872e+00 -3.630862911530563508e+01 0.000000000000000000e+00 3.391479351808079912e-01 5.746294115404282365e-02 0.000000000000000000e+00 2.204000000000000057e+02
-5.296121064608222184e+00 -3.630288282119023080e+01 0.000000000000000000e+00 3.391479351808168730e-01 5.746294115404282365e-02 0.000000000000000000e+00 2.205000000000000000e+02
-5.262206271090141385e+00 -3.629713652707483362e+01 0.000000000000000000e+00 3.391479351808079912e-01 5.746294115397176938e-02 0.000000000000000000e+00 2.206000000000000227e+02
-5.228990153898755544e+00 -3.629107888397791015e+01 0.000000000000000000e+00 3.321611719138584107e-01 6.057643096923470694e-02 0.000000000000000000e+00 2.207000000000000171e+02
-5.196000657483335061e+00 -3.628492025256194609e+01 0.000000000000000000e+00 3.298949641542048283e-01 6.158631415964066491e-02 0.000000000000000000e+00 2.208000000000000114e+02
-5.163011161067914578e+00 -3.627876162114598202e+01 0.000000000000000000e+00 3.298949641542048283e-01 6.158631415964066491e-02 0.000000000000000000e+00 2.209000000000000057e+02
-5.130021664652493207e+00 -3.627260298973001795e+01 0.000000000000000000e+00 3.298949641542137101e-01 6.158631415964066491e-02 0.000000000000000000e+00 2.210000000000000000e+02
-5.097032168237072725e+00 -3.626644435831405389e+01 0.000000000000000000e+00 3.298949641542048283e-01 6.158631415964066491e-02 0.000000000000000000e+00 2.211000000000000227e+02
-5.064042671821652242e+00 -3.626028572689808982e+01 0.000000000000000000e+00 3.298949641542048283e-01 6.158631415964066491e-02 0.000000000000000000e+00 2.212000000000000171e+02
-5.031053175406231759e+00 -3.625412709548212575e+01 0.000000000000000000e+00 3.298949641542048283e-01 6.158631415964066491e-02 0.000000000000000000e+00 2.213000000000000114e+02
-4.998063678990810388e+00 -3.624796846406616169e+01 0.000000000000000000e+00 3.298949641542137101e-01 6.158631415964066491e-02 0.000000000000000000e+00 2.214000000000000057e+02
-4.963769178895807599e+00 -3.623161530515432815e+01 0.000000000000000000e+00 3.429450009500278895e-01 1.635315891183353187e-01 0.000000000000000000e+00 2.215000000000000000e+02
-4.929365875280797837e+00 -3.621441218658819849e+01 0.000000000000000000e+00 3.440330361500976153e-01 1.720311856612966039e-01 0.000000000000000000e+00 2.216000000000000227e+02
-4.894962571665788964e+00 -3.619720906802206173e+01 0.000000000000000000e+00 3.440330361500887335e-01 1.720311856613676582e-01 0.000000000000000000e+00 2.217000000000000171e+02
-4.860559268050779202e+00 -3.618000594945593207e+01 0.000000000000000000e+00 3.440330361500976153e-01 1.720311856612966039e-01 0.000000000000000000e+00 2.218000000000000114e+02
-4.826155964435769441e+00 -3.616280283088980241e+01 0.000000000000000000e+00 3.440330361500976153e-01 1.720311856612966039e-01 0.000000000000000000e+00 2.219000000000000057e+02
-4.791752660820759679e+00 -3.614559971232366564e+01 0.000000000000000000e+00 3.440330361500976153e-01 1.720311856613676582e-01 0.000000000000000000e+00 2.220000000000000000e+02
-4.757349357205750806e+00 -3.612839659375753598e+01 0.000000000000000000e+00 3.440330361500887335e-01 1.720311856612966039e-01 0.000000000000000000e+00 2.221000000000000227e+02
-4.722946053590741045e+00 -3.611119347519140632e+01 0.000000000000000000e+00 3.440330361500976153e-01 1.720311856612966039e-01 0.000000000000000000e+00 2.222000000000000171e+02
-4.688542749975731283e+00 -3.609399035662527666e+01 0.000000000000000000e+00 3.440330361500976153e-01 1.720311856612966039e-01 0.000000000000000000e+00 2.223000000000000114e+02
-4.650206466253729687e+00 -3.607286455486838861e+01 0.000000000000000000e+00 3.833628372200159617e-01 2.112580175688805184e-01 0.000000000000000000e+00 2.224000000000000057e+02
-4.611836823216552084e+00 -3.605170548113419926e+01 0.000000000000000000e+00 3.836964303717760316e-01 2.115907373418934867e-01 0.000000000000000000e+00 2.225000000000000000e+02
-4.573467180179374481e+00 -3.603054640740000281e+01 0.000000000000000000e+00 3.836964303717760316e-01 2.115907373419645410e-01 0.000000000000000000e+00 2.226000000000000227e+02
-4.535097537142196877e+00 -3.600938733366580635e+01 0.000000000000000000e+00 3.836964303717760316e-01 2.115907373419645410e-01 0.000000000000000000e+00 2.227000000000000171e+02
-4.496727894105019274e+00 -3.598822825993160990e+01 0.000000000000000000e+00 3.836964303717760316e-01 2.115907373419645410e-01 0.000000000000000000e+00 2.228000000000000114e+02
-4.458358251067841671e+00 -3.596706918619741344e+01 0.000000000000000000e+00 3.836964303717760316e-01 2.115907373419645410e-01 0.000000000000000000e+00 2.229000000000000057e+02
-4.419988608030664068e+00 -3.594591011246321699e+01 0.000000000000000000e+00 3.836964303717760316e-01 2.115907373419645410e-01 0.000000000000000000e+00 2.230000000000000000e+02
-4.381618964993487353e+00 -3.592475103872902764e+01 0.000000000000000000e+00 3.836964303717671498e-01 2.115907373418934867e-01 0.000000000000000000e+00 2.231000000000000227e+02
-4.343249321956309750e+00 -3.590359196499483119e+01 0.000000000000000000e+00 3.836964303717760316e-01 2.115907373419645410e-01 0.000000000000000000e+00 2.232000000000000171e+02
-4.304879678919132147e+00 -3.588243289126063473e+01 0.000000000000000000e+00 3.836964303717760316e-01 2.115907373419645410e-01 0.000000000000000000e+00 2.233000000000000114e+02
-4.264164034035233364e+00 -3.586051489231093825e+01 0.000000000000000000e+00 4.071564488389878278e-01 2.191799894969648221e-01 0.000000000000000000e+00 2.234000000000000057e+02
-4.222322238277819828e+00 -3.583823258661716693e+01 0.000000000000000000e+00 4.184179575741353574e-01 2.228230569377132042e-01 0.000000000000000000e+00 2.235000000000000000e+02
-4.180480442520405404e+00 -3.581595028092338850e+01 0.000000000000000000e+00 4.184179575741442392e-01 2.228230569377842585e-01 0.000000000000000000e+00 2.236000000000000227e+02
-4.138638646762991868e+00 -3.579366797522961718e+01 0.000000000000000000e+00 4.184179575741353574e-01 2.228230569377132042e-01 0.000000000000000000e+00 2.237000000000000171e+02
-4.096796851005578333e+00 -3.577138566953584586e+01 0.000000000000000000e+00 4.184179575741353574e-01 2.228230569377132042e-01 0.000000000000000000e+00 2.238000000000000114e+02
-4.054955055248163909e+00 -3.574910336384207454e+01 0.000000000000000000e+00 4.184179575741442392e-01 2.228230569377132042e-01 0.000000000000000000e+00 2.239000000000000057e+02
-4.013113259490750373e+00 -3.572682105814830322e+01 0.000000000000000000e+00 4.184179575741353574e-01 2.228230569377132042e-01 0.000000000000000000e+00 2.240000000000000000e+02
-3.971271463733336837e+00 -3.570453875245452480e+01 0.000000000000000000e+00 4.184179575741353574e-01 2.228230569377842585e-01 0.000000000000000000e+00 2.241000000000000227e+02
-3.929429667975922857e+00 -3.568225644676075348e+01 0.000000000000000000e+00 4.184179575741397983e-01 2.228230569377132042e-01 0.000000000000000000e+00 2.242000000000000171e+02
-3.887587872218509322e+00 -3.565997414106698216e+01 0.000000000000000000e+00 4.184179575741353574e-01 2.228230569377132042e-01 0.000000000000000000e+00 2.243000000000000114e+02
-3.845746076461095342e+00 -3.563769183537321084e+01 0.000000000000000000e+00 4.184179575741397983e-01 2.228230569377132042e-01 0.000000000000000000e+00 2.244000000000000057e+02
-3.807494622738391676e+00 -3.561556478306822271e+01 0.000000000000000000e+00 3.825145372270366551e-01 2.212705230498812625e-01 0.000000000000000000e+00 2.245000000000000000e+02
-3.773501693075783869e+00 -3.559362187764538277e+01 0.000000000000000000e+00 3.399292966260780702e-01 2.194290542283994228e-01 0.000000000000000000e+00 2.246000000000000227e+02
-3.739508763413176062e+00 -3.557167897222254282e+01 0.000000000000000000e+00 3.399292966260780702e-01 2.194290542283994228e-01 0.000000000000000000e+00 2.247000000000000171e+02
-3.705515833750567811e+00 -3.554973606679970288e+01 0.000000000000000000e+00 3.399292966260825111e-01 2.194290542283994228e-01 0.000000000000000000e+00 2.248000000000000114e+02
-3.671522904087960004e+00 -3.552779316137686294e+01 0.000000000000000000e+00 3.399292966260780702e-01 2.194290542283994228e-01 0.000000000000000000e+00 2.249000000000000057e+02
-3.637529974425352197e+00 -3.550585025595402300e+01 0.000000000000000000e+00 3.399292966260780702e-01 2.194290542283994228e-01 0.000000000000000000e+00 2.250000000000000000e+02
-3.603537044762743946e+00 -3.548390735053119016e+01 0.000000000000000000e+00 3.399292966260825111e-01 2.194290542283283685e-01 0.000000000000000000e+00 2.251000000000000227e+02
-3.569544115100136139e+00 -3.546196444510835022e+01 0.000000000000000000e+00 3.399292966260780702e-01 2.194290542283994228e-01 0.000000000000000000e+00 2.252000000000000171e+02
-3.535551185437528332e+00 -3.544002153968551028e+01 0.000000000000000000e+00 3.399292966260780702e-01 2.194290542283994228e-01 0.000000000000000000e+00 2.253000000000000114e+02
-3.501558255774920525e+00 -3.541807863426267033e+01 0.000000000000000000e+00 3.399292966260780702e-01 2.194290542283994228e-01 0.000000000000000000e+00 2.254000000000000057e+02
-3.488175022565453531e+00 -3.538754696054274262e+01 0.000000000000000000e+00 1.338323320946699369e-01 3.053167371992770995e-01 0.000000000000000000e+00 2.255000000000000000e+02
-3.482729220838040263e+00 -3.535370748653433282e+01 0.000000000000000000e+00 5.445801727413268623e-02 3.383947400840980890e-01 0.000000000000000000e+00 2.256000000000000227e+02
-3.477283419110627438e+00 -3.531986801252591590e+01 0.000000000000000000e+00 5.445801727412824533e-02 3.383947400841691433e-01 0.000000000000000000e+00 2.257000000000000171e+02
-3.471837617383214170e+00 -3.528602853851749899e+01 0.000000000000000000e+00 5.445801727413268623e-02 3.383947400841691433e-01 0.000000000000000000e+00 2.258000000000000114e+02
-3.466391815655801345e+00 -3.525218906450908207e+01 0.000000000000000000e+00 5.445801727412824533e-02 3.383947400841691433e-01 0.000000000000000000e+00 2.259000000000000057e+02
-3.460946013928388076e+00 -3.521834959050066516e+01 0.000000000000000000e+00 5.445801727413268623e-02 3.383947400841691433e-01 0.000000000000000000e+00 2.260000000000000000e+02
-3.455500212200974808e+00 -3.518451011649224824e+01 0.000000000000000000e+00 5.445801727413268623e-02 3.383947400841691433e-01 0.000000000000000000e+00 2.261000000000000227e+02
-3.450054410473561983e+00 -3.515067064248383844e+01 0.000000000000000000e+00 5.445801727412824533e-02 3.383947400840980890e-01 0.000000000000000000e+00 2.262000000000000171e+02
-3.448678608436677173e+00 -3.511262321575955525e+01 0.000000000000000000e+00 1.375802036884810065e-02 3.804742672428318429e-01 0.000000000000000000e+00 2.263000000000000114e+02
-3.447436959804326406e+00 -3.507443708848837360e+01 0.000000000000000000e+00 1.241648632350766945e-02 3.818612727118164685e-01 0.000000000000000000e+00 2.264000000000000057e+02
-3.446195311171975639e+00 -3.503625096121719906e+01 0.000000000000000000e+00 1.241648632350766945e-02 3.818612727117454142e-01 0.000000000000000000e+00 2.265000000000000000e+02
-3.444953662539624872e+00 -3.499806483394601742e+01 0.000000000000000000e+00 1.241648632350766945e-02 3.818612727118164685e-01 0.000000000000000000e+00 2.266000000000000227e+02
-3.443712013907274105e+00 -3.495987870667484287e+01 0.000000000000000000e+00 1.241648632350766945e-02 3.818612727117454142e-01 0.000000000000000000e+00 2.267000000000000171e+02
-3.442470365274923783e+00 -3.492169257940366123e+01 0.000000000000000000e+00 1.241648632350322856e-02 3.818612727118164685e-01 0.000000000000000000e+00 2.268000000000000114e+02
-3.441228716642573016e+00 -3.488350645213248669e+01 0.000000000000000000e+00 1.241648632350766945e-02 3.818612727117454142e-01 0.000000000000000000e+00 2.269000000000000057e+02
-3.439987068010222249e+00 -3.484532032486130504e+01 0.000000000000000000e+00 1.241648632350766945e-02 3.818612727118164685e-01 0.000000000000000000e+00 2.270000000000000000e+02
-3.438745419377871482e+00 -3.480713419759012339e+01 0.000000000000000000e+00 1.241648632350766945e-02 3.818612727118164685e-01 0.000000000000000000e+00 2.271000000000000227e+02
-3.436077469531343187e+00 -3.477106848932601935e+01 0.000000000000000000e+00 2.667949846528294700e-02 3.606570826410404607e-01 0.000000000000000000e+00 2.272000000000000171e+02
-3.433214177229643838e+00 -3.473529318806060218e+01 0.000000000000000000e+00 2.863292301699349451e-02 3.577530126541716982e-01 0.000000000000000000e+00 2.273000000000000114e+02
-3.430350884927944488e+00 -3.469951788679518501e+01 0.000000000000000000e+00 2.863292301699349451e-02 3.577530126541716982e-01 0.000000000000000000e+00 2.274000000000000057e+02
-3.427487592626244695e+00 -3.466374258552976784e+01 0.000000000000000000e+00 2.863292301699793541e-02 3.577530126541716982e-01 0.000000000000000000e+00 2.275000000000000000e+02
-3.424624300324545345e+00 -3.462796728426435067e+01 0.000000000000000000e+00 2.863292301699349451e-02 3.577530126541716982e-01 0.000000000000000000e+00 2.276000000000000227e+02
-3.421761008022845996e+00 -3.459219198299893350e+01 0.000000000000000000e+00 2.863292301699349451e-02 3.577530126541716982e-01 0.000000000000000000e+00 2.277000000000000171e+02
-3.418897715721146646e+00 -3.455641668173351633e+01 0.000000000000000000e+00 2.863292301699349451e-02 3.577530126541716982e-01 0.000000000000000000e+00 2.278000000000000114e+02
-3.416034423419447297e+00 -3.452064138046809916e+01 0.000000000000000000e+00 2.863292301699349451e-02 3.577530126541716982e-01 0.000000000000000000e+00 2.279000000000000057e+02
-3.413084944252386954e+00 -3.448634778159436109e+01 0.000000000000000000e+00 2.949479167060342633e-02 3.429359887373806259e-01 0.000000000000000000e+00 2.280000000000000000e+02
-3.409941331771160655e+00 -3.445539167265830116e+01 0.000000000000000000e+00 3.143612481226298883e-02 3.095610893605993397e-01 0.000000000000000000e+00 2.281000000000000227e+02
-3.406797719289934800e+00 -3.442443556372224123e+01 0.000000000000000000e+00 3.143612481225854793e-02 3.095610893605993397e-01 0.000000000000000000e+00 2.282000000000000171e+02
-3.403654106808708946e+00 -3.439347945478618840e+01 0.000000000000000000e+00 3.143612481225854793e-02 3.095610893605282854e-01 0.000000000000000000e+00 2.283000000000000114e+02
-3.400510494327483091e+00 -3.436252334585012846e+01 0.000000000000000000e+00 3.143612481225854793e-02 3.095610893605993397e-01 0.000000000000000000e+00 2.284000000000000057e+02
-3.397366881846256792e+00 -3.433156723691407564e+01 0.000000000000000000e+00 3.143612481226298883e-02 3.095610893605282854e-01 0.000000000000000000e+00 2.285000000000000000e+02
-3.394223269365030937e+00 -3.430061112797801570e+01 0.000000000000000000e+00 3.143612481225854793e-02 3.095610893605993397e-01 0.000000000000000000e+00 2.286000000000000227e+02
-3.391118728439569630e+00 -3.427016130665851534e+01 0.000000000000000000e+00 3.104540925461307666e-02 3.044982131950035864e-01 0.000000000000000000e+00 2.287000000000000171e+02
-3.388223677332912853e+00 -3.424242604581601768e+01 0.000000000000000000e+00 2.895051106656776341e-02 2.773526084249766654e-01 0.000000000000000000e+00 2.288000000000000114e+02
-3.385328626226256077e+00 -3.421469078497352712e+01 0.000000000000000000e+00 2.895051106656776341e-02 2.773526084249056112e-01 0.000000000000000000e+00 2.289000000000000057e+02
-3.382433575119599301e+00 -3.418695552413103655e+01 0.000000000000000000e+00 2.895051106656776341e-02 2.773526084249056112e-01 0.000000000000000000e+00 2.290000000000000000e+02
-3.379538524012942524e+00 -3.415922026328853889e+01 0.000000000000000000e+00 2.895051106656776341e-02 2.773526084249766654e-01 0.000000000000000000e+00 2.291000000000000227e+02
-3.376643472906285748e+00 -3.413148500244604833e+01 0.000000000000000000e+00 2.895051106656776341e-02 2.773526084249056112e-01 0.000000000000000000e+00 2.292000000000000171e+02
-3.373748421799628971e+00 -3.410374974160355066e+01 0.000000000000000000e+00 2.895051106656776341e-02 2.773526084249766654e-01 0.000000000000000000e+00 2.293000000000000114e+02
-3.371088819513770041e+00 -3.407512471767564222e+01 0.000000000000000000e+00 2.659602285858930770e-02 2.862502392790844397e-01 0.000000000000000000e+00 2.294000000000000057e+02
-3.368569715997599801e+00 -3.404596874770862058e+01 0.000000000000000000e+00 2.519103516170240198e-02 2.915596996702163324e-01 0.000000000000000000e+00 2.295000000000000000e+02
-3.366050612481429116e+00 -3.401681277774160606e+01 0.000000000000000000e+00 2.519103516170684287e-02 2.915596996701452781e-01 0.000000000000000000e+00 2.296000000000000227e+02
-3.363531508965258876e+00 -3.398765680777458442e+01 0.000000000000000000e+00 2.519103516170240198e-02 2.915596996702163324e-01 0.000000000000000000e+00 2.297000000000000171e+02
-3.361012405449088636e+00 -3.395850083780756279e+01 0.000000000000000000e+00 2.519103516170240198e-02 2.915596996702163324e-01 0.000000000000000000e+00 2.298000000000000114e+02
-3.358493301932918396e+00 -3.392934486784054116e+01 0.000000000000000000e+00 2.519103516170240198e-02 2.915596996702163324e-01 0.000000000000000000e+00 2.299000000000000057e+02
-3.355974198416748155e+00 -3.390018889787352663e+01 0.000000000000000000e+00 2.519103516170240198e-02 2.915596996701452781e-01 0.000000000000000000e+00 2.300000000000000000e+02
-3.352639640854014669e+00 -3.386762316123343197e+01 0.000000000000000000e+00 3.334557562733486691e-02 3.256573664009465574e-01 0.000000000000000000e+00 2.301000000000000227e+02
-3.348976401965637617e+00 -3.383368306556604921e+01 0.000000000000000000e+00 3.663238888377051694e-02 3.394009566738276362e-01 0.000000000000000000e+00 2.302000000000000171e+02
-3.345313163077261009e+00 -3.379974296989865934e+01 0.000000000000000000e+00 3.663238888376607605e-02 3.394009566738986905e-01 0.000000000000000000e+00 2.303000000000000114e+02
-3.341649924188883958e+00 -3.376580287423127658e+01 0.000000000000000000e+00 3.663238888377051694e-02 3.394009566738276362e-01 0.000000000000000000e+00 2.304000000000000057e+02
-3.337986685300506906e+00 -3.373186277856388671e+01 0.000000000000000000e+00 3.663238888377051694e-02 3.394009566738986905e-01 0.000000000000000000e+00 2.305000000000000000e+02
-3.334323446412129854e+00 -3.369792268289650394e+01 0.000000000000000000e+00 3.663238888377051694e-02 3.394009566738276362e-01 0.000000000000000000e+00 2.306000000000000227e+02
-3.330660207523753247e+00 -3.366398258722911407e+01 0.000000000000000000e+00 3.663238888376607605e-02 3.394009566738986905e-01 0.000000000000000000e+00 2.307000000000000171e+02
-3.324035153705874546e+00 -3.362627469348687015e+01 0.000000000000000000e+00 6.625053817878701068e-02 3.770789374224392532e-01 0.000000000000000000e+00 2.308000000000000114e+02
-3.307529391192603363e+00 -3.357599730567194030e+01 0.000000000000000000e+00 1.650576251327118271e-01 5.027738781492985254e-01 0.000000000000000000e+00 2.309000000000000057e+02
-3.291023628679332180e+00 -3.352571991785701044e+01 0.000000000000000000e+00 1.650576251327118271e-01 5.027738781492985254e-01 0.000000000000000000e+00 2.310000000000000000e+02
-3.274517866166060998e+00 -3.347544253004208059e+01 0.000000000000000000e+00 1.650576251327118271e-01 5.027738781492985254e-01 0.000000000000000000e+00 2.311000000000000227e+02
-3.258012103652789815e+00 -3.342516514222715074e+01 0.000000000000000000e+00 1.650576251327118271e-01 5.027738781492985254e-01 0.000000000000000000e+00 2.312000000000000171e+02
-3.241506341139518632e+00 -3.337488775441222089e+01 0.000000000000000000e+00 1.650576251327118271e-01 5.027738781492985254e-01 0.000000000000000000e+00 2.313000000000000114e+02
-3.225000578626247449e+00 -3.332461036659729103e+01 0.000000000000000000e+00 1.650576251327118271e-01 5.027738781492985254e-01 0.000000000000000000e+00 2.314000000000000057e+02
-3.208494816112976267e+00 -3.327433297878236118e+01 0.000000000000000000e+00 1.650576251327118271e-01 5.027738781492985254e-01 0.000000000000000000e+00 2.315000000000000000e+02
-3.191989053599705084e+00 -3.322405559096743133e+01 0.000000000000000000e+00 1.650576251327118271e-01 5.027738781492985254e-01 0.000000000000000000e+00 2.316000000000000227e+02
-3.175483291086433901e+00 -3.317377820315250148e+01 0.000000000000000000e+00 1.650576251327118271e-01 5.027738781492985254e-01 0.000000000000000000e+00 2.317000000000000171e+02
-3.158977528573162274e+00 -3.312350081533757162e+01 0.000000000000000000e+00 1.650576251327162680e-01 5.027738781492985254e-01 0.000000000000000000e+00 2.318000000000000114e+02
-3.142471766059891092e+00 -3.307322342752264177e+01 0.000000000000000000e+00 1.650576251327118271e-01 5.027738781492985254e-01 0.000000000000000000e+00 2.319000000000000057e+02
-3.125966003546619909e+00 -3.302294603970771192e+01 0.000000000000000000e+00 1.650576251327118271e-01 5.027738781492985254e-01 0.000000000000000000e+00 2.320000000000000000e+02
-3.109460241033348726e+00 -3.297266865189278207e+01 0.000000000000000000e+00 1.650576251327118271e-01 5.027738781492985254e-01 0.000000000000000000e+00 2.321000000000000227e+02
-3.095975768372253523e+00 -3.292835755764735239e+01 0.000000000000000000e+00 1.348447266109520370e-01 4.431109424542967190e-01 0.000000000000000000e+00 2.322000000000000171e+02
-3.084401721599884905e+00 -3.288781907783238267e+01 0.000000000000000000e+00 1.157404677236861801e-01 4.053847981496971897e-01 0.000000000000000000e+00 2.323000000000000114e+02
-3.072827674827516287e+00 -3.284728059801740585e+01 0.000000000000000000e+00 1.157404677236861801e-01 4.053847981497682440e-01 0.000000000000000000e+00 2.324000000000000057e+02
-3.061253628055147669e+00 -3.280674211820243613e+01 0.000000000000000000e+00 1.157404677236861801e-01 4.053847981496971897e-01 0.000000000000000000e+00 2.325000000000000000e+02
-3.049679581282779051e+00 -3.276620363838746641e+01 0.000000000000000000e+00 1.157404677236861801e-01 4.053847981496971897e-01 0.000000000000000000e+00 2.326000000000000227e+02
-3.038105534510410433e+00 -3.272566515857248959e+01 0.000000000000000000e+00 1.157404677236861801e-01 4.053847981497682440e-01 0.000000000000000000e+00 2.327000000000000171e+02
-3.026531487738041371e+00 -3.268512667875751987e+01 0.000000000000000000e+00 1.157404677236906210e-01 4.053847981496971897e-01 0.000000000000000000e+00 2.328000000000000114e+02
-3.014957440965672752e+00 -3.264458819894255015e+01 0.000000000000000000e+00 1.157404677236861801e-01 4.053847981496971897e-01 0.000000000000000000e+00 2.329000000000000057e+02
-3.003383394193304134e+00 -3.260404971912758043e+01 0.000000000000000000e+00 1.157404677236861801e-01 4.053847981496971897e-01 0.000000000000000000e+00 2.330000000000000000e+02
-2.992210244078305159e+00 -3.256400238169599959e+01 0.000000000000000000e+00 1.117315011499897537e-01 4.004733743158084280e-01 0.000000000000000000e+00 2.331000000000000227e+02
-2.983395990403804543e+00 -3.252684495117350849e+01 0.000000000000000000e+00 8.814253674500616142e-02 3.715743052249109724e-01 0.000000000000000000e+00 2.332000000000000171e+02
-2.974581736729303483e+00 -3.248968752065101029e+01 0.000000000000000000e+00 8.814253674501060232e-02 3.715743052249820266e-01 0.000000000000000000e+00 2.333000000000000114e+02
-2.965767483054802867e+00 -3.245253009012851919e+01 0.000000000000000000e+00 8.814253674500616142e-02 3.715743052249109724e-01 0.000000000000000000e+00 2.334000000000000057e+02
-2.956953229380302250e+00 -3.241537265960602809e+01 0.000000000000000000e+00 8.814253674500616142e-02 3.715743052249109724e-01 0.000000000000000000e+00 2.335000000000000000e+02
-2.948138975705801634e+00 -3.237821522908353700e+01 0.000000000000000000e+00 8.814253674500616142e-02 3.715743052249109724e-01 0.000000000000000000e+00 2.336000000000000227e+02
-2.939324722031300574e+00 -3.234105779856103879e+01 0.000000000000000000e+00 8.814253674501060232e-02 3.715743052249820266e-01 0.000000000000000000e+00 2.337000000000000171e+02
-2.930510468356799958e+00 -3.230390036803854770e+01 0.000000000000000000e+00 8.814253674500616142e-02 3.715743052249109724e-01 0.000000000000000000e+00 2.338000000000000114e+02
-2.921696214682299342e+00 -3.226674293751605660e+01 0.000000000000000000e+00 8.814253674500616142e-02 3.715743052249109724e-01 0.000000000000000000e+00 2.339000000000000057e+02
-2.917689467972814477e+00 -3.222778889904915900e+01 0.000000000000000000e+00 4.006746709484865221e-02 3.895403846689760030e-01 0.000000000000000000e+00 2.340000000000000000e+02
-2.926422434747582457e+00 -3.218407391678709928e+01 0.000000000000000000e+00 -8.732966774767980667e-02 4.371498226205972060e-01 0.000000000000000000e+00 2.341000000000000227e+02
-2.935155401522349994e+00 -3.214035893452503956e+01 0.000000000000000000e+00 -8.732966774767536577e-02 4.371498226205972060e-01 0.000000000000000000e+00 2.342000000000000171e+02
-2.943888368297117974e+00 -3.209664395226298694e+01 0.000000000000000000e+00 -8.732966774767980667e-02 4.371498226205261517e-01 0.000000000000000000e+00 2.343000000000000114e+02
-2.952621335071885955e+00 -3.205292897000092722e+01 0.000000000000000000e+00 -8.732966774767980667e-02 4.371498226205972060e-01 0.000000000000000000e+00 2.344000000000000057e+02
-2.961354301846653936e+00 -3.200921398773886750e+01 0.000000000000000000e+00 -8.732966774767980667e-02 4.371498226205972060e-01 0.000000000000000000e+00 2.345000000000000000e+02
-2.970087268621421472e+00 -3.196549900547681133e+01 0.000000000000000000e+00 -8.732966774767536577e-02 4.371498226205616788e-01 0.000000000000000000e+00 2.346000000000000227e+02
-2.978820235396189453e+00 -3.192178402321475161e+01 0.000000000000000000e+00 -8.732966774767980667e-02 4.371498226205972060e-01 0.000000000000000000e+00 2.347000000000000171e+02
-2.987553202170957434e+00 -3.187806904095269545e+01 0.000000000000000000e+00 -8.732966774767980667e-02 4.371498226205616788e-01 0.000000000000000000e+00 2.348000000000000114e+02
-2.996286168945725414e+00 -3.183435405869063928e+01 0.000000000000000000e+00 -8.732966774767980667e-02 4.371498226205616788e-01 0.000000000000000000e+00 2.349000000000000057e+02
-3.005019135720493395e+00 -3.179063907642857956e+01 0.000000000000000000e+00 -8.732966774767980667e-02 4.371498226205972060e-01 0.000000000000000000e+00 2.350000000000000000e+02
-3.012877741768098971e+00 -3.175064053195735525e+01 0.000000000000000000e+00 -7.858606047605576350e-02 3.999854447122430656e-01 0.000000000000000000e+00 2.351000000000000227e+02
-3.020097135970690072e+00 -3.171335893368849312e+01 0.000000000000000000e+00 -7.219394202591100651e-02 3.728159826886212613e-01 0.000000000000000000e+00 2.352000000000000171e+02
-3.027316530173281173e+00 -3.167607733541963100e+01 0.000000000000000000e+00 -7.219394202591100651e-02 3.728159826886212613e-01 0.000000000000000000e+00 2.353000000000000114e+02
-3.034535924375872273e+00 -3.163879573715076887e+01 0.000000000000000000e+00 -7.219394202591100651e-02 3.728159826886212613e-01 0.000000000000000000e+00 2.354000000000000057e+02
-3.041755318578463818e+00 -3.160151413888191030e+01 0.000000000000000000e+00 -7.219394202591544740e-02 3.728159826885857342e-01 0.000000000000000000e+00 2.355000000000000000e+02
-3.048974712781054919e+00 -3.156423254061304817e+01 0.000000000000000000e+00 -7.219394202591100651e-02 3.728159826886212613e-01 0.000000000000000000e+00 2.356000000000000227e+02
-3.056194106983646019e+00 -3.152695094234418605e+01 0.000000000000000000e+00 -7.219394202591100651e-02 3.728159826886212613e-01 0.000000000000000000e+00 2.357000000000000171e+02
-3.063413501186237120e+00 -3.148966934407532392e+01 0.000000000000000000e+00 -7.219394202591100651e-02 3.728159826886212613e-01 0.000000000000000000e+00 2.358000000000000114e+02
-3.070632895388828221e+00 -3.145238774580646179e+01 0.000000000000000000e+00 -7.219394202591100651e-02 3.728159826886212613e-01 0.000000000000000000e+00 2.359000000000000057e+02
-3.072060343731339849e+00 -3.141745063716234299e+01 0.000000000000000000e+00 -1.427448342511627999e-02 3.493710864411880834e-01 0.000000000000000000e+00 2.360000000000000000e+02
-3.072771480130239041e+00 -3.138280348045500645e+01 0.000000000000000000e+00 -7.111363988991925567e-03 3.464715670733653496e-01 0.000000000000000000e+00 2.361000000000000227e+02
-3.073482616529138234e+00 -3.134815632374766992e+01 0.000000000000000000e+00 -7.111363988991925567e-03 3.464715670733653496e-01 0.000000000000000000e+00 2.362000000000000171e+02
-3.074193752928037426e+00 -3.131350916704033338e+01 0.000000000000000000e+00 -7.111363988991925567e-03 3.464715670733653496e-01 0.000000000000000000e+00 2.363000000000000114e+02
-3.074904889326936175e+00 -3.127886201033299329e+01 0.000000000000000000e+00 -7.111363988987484674e-03 3.464715670734008768e-01 0.000000000000000000e+00 2.364000000000000057e+02
-3.075616025725835367e+00 -3.124421485362565676e+01 0.000000000000000000e+00 -7.111363988991925567e-03 3.464715670733653496e-01 0.000000000000000000e+00 2.365000000000000000e+02
-3.076327162124734560e+00 -3.120956769691832022e+01 0.000000000000000000e+00 -7.111363988991925567e-03 3.464715670733653496e-01 0.000000000000000000e+00 2.366000000000000227e+02
-3.077038298523633753e+00 -3.117492054021098369e+01 0.000000000000000000e+00 -7.111363988991925567e-03 3.464715670733653496e-01 0.000000000000000000e+00 2.367000000000000171e+02
-3.060123618520430355e+00 -3.114698414647967084e+01 0.000000000000000000e+00 1.691468000320339726e-01 2.793639373131284742e-01 0.000000000000000000e+00 2.368000000000000114e+02
-3.027875400950900797e+00 -3.112488576523209360e+01 0.000000000000000000e+00 3.224821756952955809e-01 2.209838124757723676e-01 0.000000000000000000e+00 2.369000000000000057e+02
-2.995627183381371683e+00 -3.110278738398451637e+01 0.000000000000000000e+00 3.224821756952911400e-01 2.209838124757723676e-01 0.000000000000000000e+00 2.370000000000000000e+02
-2.963378965811842125e+00 -3.108068900273693913e+01 0.000000000000000000e+00 3.224821756952955809e-01 2.209838124757723676e-01 0.000000000000000000e+00 2.371000000000000227e+02
-2.931130748242313011e+00 -3.105859062148936189e+01 0.000000000000000000e+00 3.224821756952911400e-01 2.209838124757723676e-01 0.000000000000000000e+00 2.372000000000000171e+02
-2.898882530672783453e+00 -3.103649224024178466e+01 0.000000000000000000e+00 3.224821756952955809e-01 2.209838124757723676e-01 0.000000000000000000e+00 2.373000000000000114e+02
-2.866634313103254339e+00 -3.101439385899421097e+01 0.000000000000000000e+00 3.224821756952911400e-01 2.209838124757368405e-01 0.000000000000000000e+00 2.374000000000000057e+02
-2.834386095533724781e+00 -3.099229547774663374e+01 0.000000000000000000e+00 3.224821756952955809e-01 2.209838124757723676e-01 0.000000000000000000e+00 2.375000000000000000e+02
-2.802137877964195667e+00 -3.097019709649905650e+01 0.000000000000000000e+00 3.224821756952911400e-01 2.209838124757723676e-01 0.000000000000000000e+00 2.376000000000000227e+02
-2.764116634274842887e+00 -3.094853757364379732e+01 0.000000000000000000e+00 3.802124368935277943e-01 2.165952285525918342e-01 0.000000000000000000e+00 2.377000000000000171e+02
-2.718376998856823601e+00 -3.092746479349765565e+01 0.000000000000000000e+00 4.573963541801928656e-01 2.107278014614166750e-01 0.000000000000000000e+00 2.378000000000000114e+02
-2.672637363438803870e+00 -3.090639201335151043e+01 0.000000000000000000e+00 4.573963541801973065e-01 2.107278014614522021e-01 0.000000000000000000e+00 2.379000000000000057e+02
-2.626897728020784140e+00 -3.088531923320536521e+01 0.000000000000000000e+00 4.573963541801973065e-01 2.107278014614522021e-01 0.000000000000000000e+00 2.380000000000000000e+02
-2.581158092602764853e+00 -3.086424645305922354e+01 0.000000000000000000e+00 4.573963541801928656e-01 2.107278014614166750e-01 0.000000000000000000e+00 2.381000000000000227e+02
-2.535418457184745122e+00 -3.084317367291307832e+01 0.000000000000000000e+00 4.573963541801973065e-01 2.107278014614522021e-01 0.000000000000000000e+00 2.382000000000000171e+02
-2.489678821766725392e+00 -3.082210089276693665e+01 0.000000000000000000e+00 4.573963541801973065e-01 2.107278014614166750e-01 0.000000000000000000e+00 2.383000000000000114e+02
-2.443939186348705661e+00 -3.080102811262079143e+01 0.000000000000000000e+00 4.573963541801973065e-01 2.107278014614522021e-01 0.000000000000000000e+00 2.384000000000000057e+02
-2.398199550930686375e+00 -3.077995533247464621e+01 0.000000000000000000e+00 4.573963541801928656e-01 2.107278014614522021e-01 0.000000000000000000e+00 2.385000000000000000e+02
-2.352459915512666644e+00 -3.075888255232850454e+01 0.000000000000000000e+00 4.573963541801973065e-01 2.107278014614166750e-01 0.000000000000000000e+00 2.386000000000000227e+02
-2.306720280094646913e+00 -3.073780977218235932e+01 0.000000000000000000e+00 4.573963541801973065e-01 2.107278014614522021e-01 0.000000000000000000e+00 2.387000000000000171e+02
-2.260980644676627627e+00 -3.071673699203621410e+01 0.000000000000000000e+00 4.573963541801928656e-01 2.107278014614522021e-01 0.000000000000000000e+00 2.388000000000000114e+02
-2.214853043992421000e+00 -3.069570761529260139e+01 0.000000000000000000e+00 4.612760068420662662e-01 2.102937674361271547e-01 0.000000000000000000e+00 2.389000000000000057e+02
-2.165818831147388490e+00 -3.067500341419900067e+01 0.000000000000000000e+00 4.903421284503250988e-01 2.070420109360071592e-01 0.000000000000000000e+00 2.390000000000000000e+02
-2.116784618302355980e+00 -3.065429921310539996e+01 0.000000000000000000e+00 4.903421284503250988e-01 2.070420109360071592e-01 0.000000000000000000e+00 2.391000000000000227e+02
-2.067750405457323470e+00 -3.063359501201179924e+01 0.000000000000000000e+00 4.903421284503250988e-01 2.070420109360071592e-01 0.000000000000000000e+00 2.392000000000000171e+02
-2.018716192612290961e+00 -3.061289081091819853e+01 0.000000000000000000e+00 4.903421284503250988e-01 2.070420109360071592e-01 0.000000000000000000e+00 2.393000000000000114e+02
-1.969681979767258451e+00 -3.059218660982459781e+01 0.000000000000000000e+00 4.903421284503250988e-01 2.070420109360071592e-01 0.000000000000000000e+00 2.394000000000000057e+02
-1.920647766922225941e+00 -3.057148240873099709e+01 0.000000000000000000e+00 4.903421284503250988e-01 2.070420109360071592e-01 0.000000000000000000e+00 2.395000000000000000e+02
-1.871613554077193209e+00 -3.055077820763739638e+01 0.000000000000000000e+00 4.903421284503273192e-01 2.070420109360071592e-01 0.000000000000000000e+00 2.396000000000000227e+02
-1.822579341232160699e+00 -3.053007400654379566e+01 0.000000000000000000e+00 4.903421284503250988e-01 2.070420109360071592e-01 0.000000000000000000e+00 2.397000000000000171e+02
-1.773545128387128189e+00 -3.050936980545019495e+01 0.000000000000000000e+00 4.903421284503250988e-01 2.070420109360071592e-01 0.000000000000000000e+00 2.398000000000000114e+02
-1.724510915542095679e+00 -3.048866560435659423e+01 0.000000000000000000e+00 4.903421284503250988e-01 2.070420109360071592e-01 0.000000000000000000e+00 2.399000000000000057e+02
-1.675476702697062947e+00 -3.046796140326299351e+01 0.000000000000000000e+00 4.903421284503273192e-01 2.070420109360071592e-01 0.000000000000000000e+00 2.400000000000000000e+02
-1.626442489852030437e+00 -3.044725720216938925e+01 0.000000000000000000e+00 4.903421284503250988e-01 2.070420109360426864e-01 0.000000000000000000e+00 2.401000000000000227e+02
-1.579093482158004269e+00 -3.042733899563015854e+01 0.000000000000000000e+00 4.734900769402616838e-01 1.991820653923070950e-01 0.000000000000000000e+00 2.402000000000000171e+02
-1.542209686621438092e+00 -3.041230185639668449e+01 0.000000000000000000e+00 3.688379553656617738e-01 1.503713923347405057e-01 0.000000000000000000e+00 2.403000000000000114e+02
-1.505325891084871914e+00 -3.039726471716321043e+01 0.000000000000000000e+00 3.688379553656617738e-01 1.503713923347405057e-01 0.000000000000000000e+00 2.404000000000000057e+02
-1.468442095548305737e+00 -3.038222757792973638e+01 0.000000000000000000e+00 3.688379553656617738e-01 1.503713923347405057e-01 0.000000000000000000e+00 2.405000000000000000e+02
-1.431558300011739782e+00 -3.036719043869626233e+01 0.000000000000000000e+00 3.688379553656595533e-01 1.503713923347405057e-01 0.000000000000000000e+00 2.406000000000000227e+02
-1.394674504475173604e+00 -3.035215329946278828e+01 0.000000000000000000e+00 3.688379553656617738e-01 1.503713923347405057e-01 0.000000000000000000e+00 2.407000000000000171e+02
-1.357790708938607427e+00 -3.033711616022931423e+01 0.000000000000000000e+00 3.688379553656617738e-01 1.503713923347405057e-01 0.000000000000000000e+00 2.408000000000000114e+02
-1.320906913402041249e+00 -3.032207902099584018e+01 0.000000000000000000e+00 3.688379553656617738e-01 1.503713923347405057e-01 0.000000000000000000e+00 2.409000000000000057e+02
-1.284023117865475072e+00 -3.030704188176236613e+01 0.000000000000000000e+00 3.688379553656617738e-01 1.503713923347405057e-01 0.000000000000000000e+00 2.410000000000000000e+02
-1.247517212636710671e+00 -3.029249946203889010e+01 0.000000000000000000e+00 3.650590522876440147e-01 1.454241972347602996e-01 0.000000000000000000e+00 2.411000000000000227e+02
-1.214792739688875356e+00 -3.028290754855092359e+01 0.000000000000000000e+00 3.272447294783531468e-01 9.591913487966508001e-02 0.000000000000000000e+00 2.412000000000000171e+02
-1.182068266741040041e+00 -3.027331563506295709e+01 0.000000000000000000e+00 3.272447294783531468e-01 9.591913487966508001e-02 0.000000000000000000e+00 2.413000000000000114e+02
-1.149343793793204949e+00 -3.026372372157499058e+01 0.000000000000000000e+00 3.272447294783509264e-01 9.591913487966508001e-02 0.000000000000000000e+00 2.414000000000000057e+02
-1.116619320845369634e+00 -3.025413180808702407e+01 0.000000000000000000e+00 3.272447294783531468e-01 9.591913487966508001e-02 0.000000000000000000e+00 2.415000000000000000e+02
-1.083894847897534319e+00 -3.024453989459905756e+01 0.000000000000000000e+00 3.272447294783531468e-01 9.591913487966508001e-02 0.000000000000000000e+00 2.416000000000000227e+02
-1.051170374949699227e+00 -3.023494798111109105e+01 0.000000000000000000e+00 3.272447294783509264e-01 9.591913487966508001e-02 0.000000000000000000e+00 2.417000000000000171e+02
-1.018445902001863912e+00 -3.022535606762312455e+01 0.000000000000000000e+00 3.272447294783531468e-01 9.591913487966508001e-02 0.000000000000000000e+00 2.418000000000000114e+02
-9.798211994648391432e-01 -3.024115376639478114e+01 0.000000000000000000e+00 3.862470253702476874e-01 -1.579769877165659864e-01 0.000000000000000000e+00 2.419000000000000057e+02
-9.387895837632097562e-01 -3.026730878958375470e+01 0.000000000000000000e+00 4.103161570162938698e-01 -2.615502318897355849e-01 0.000000000000000000e+00 2.420000000000000000e+02
-8.977579680615803692e-01 -3.029346381277273181e+01 0.000000000000000000e+00 4.103161570162938698e-01 -2.615502318897711120e-01 0.000000000000000000e+00 2.421000000000000227e+02
-8.567263523599509822e-01 -3.031961883596170537e+01 0.000000000000000000e+00 4.103161570162938698e-01 -2.615502318897355849e-01 0.000000000000000000e+00 2.422000000000000171e+02
-8.156947366583215953e-01 -3.034577385915068248e+01 0.000000000000000000e+00 4.103161570162938698e-01 -2.615502318897711120e-01 0.000000000000000000e+00 2.423000000000000114e+02
-7.746631209566923193e-01 -3.037192888233965604e+01 0.000000000000000000e+00 4.103161570162927596e-01 -2.615502318897355849e-01 0.000000000000000000e+00 2.424000000000000057e+02
-7.336315052550628213e-01 -3.039808390552862960e+01 0.000000000000000000e+00 4.103161570162949801e-01 -2.615502318897355849e-01 0.000000000000000000e+00 2.425000000000000000e+02
-6.925998895534335453e-01 -3.042423892871760671e+01 0.000000000000000000e+00 4.103161570162927596e-01 -2.615502318897711120e-01 0.000000000000000000e+00 2.426000000000000227e+02
-6.515682738518041583e-01 -3.045039395190658027e+01 0.000000000000000000e+00 4.103161570162938698e-01 -2.615502318897355849e-01 0.000000000000000000e+00 2.427000000000000171e+02
-6.105366581501747714e-01 -3.047654897509555383e+01 0.000000000000000000e+00 4.103161570162938698e-01 -2.615502318897355849e-01 0.000000000000000000e+00 2.428000000000000114e+02
-5.695050424485454954e-01 -3.050270399828453094e+01 0.000000000000000000e+00 4.103161570162927596e-01 -2.615502318897711120e-01 0.000000000000000000e+00 2.429000000000000057e+02
-5.284734267469161084e-01 -3.052885902147350450e+01 0.000000000000000000e+00 4.103161570162938698e-01 -2.615502318897355849e-01 0.000000000000000000e+00 2.430000000000000000e+02
-4.904887409193116055e-01 -3.055164822017428250e+01 0.000000000000000000e+00 3.798468582760450296e-01 -2.278919870077800169e-01 0.000000000000000000e+00 2.431000000000000227e+02
-4.566106605180605404e-01 -3.056990101217098399e+01 0.000000000000000000e+00 3.387808040125106501e-01 -1.825279199670148955e-01 0.000000000000000000e+00 2.432000000000000171e+02
-4.227325801168095309e-01 -3.058815380416768193e+01 0.000000000000000000e+00 3.387808040125100950e-01 -1.825279199669793684e-01 0.000000000000000000e+00 2.433000000000000114e+02
-3.888544997155584659e-01 -3.060640659616438342e+01 0.000000000000000000e+00 3.387808040125106501e-01 -1.825279199670148955e-01 0.000000000000000000e+00 2.434000000000000057e+02
-3.549764193143074564e-01 -3.062465938816108135e+01 0.000000000000000000e+00 3.387808040125100950e-01 -1.825279199669793684e-01 0.000000000000000000e+00 2.435000000000000000e+02
-3.210983389130563914e-01 -3.064291218015778284e+01 0.000000000000000000e+00 3.387808040125106501e-01 -1.825279199670148955e-01 0.000000000000000000e+00 2.436000000000000227e+02
-2.872202585118053264e-01 -3.066116497215448433e+01 0.000000000000000000e+00 3.387808040125106501e-01 -1.825279199670148955e-01 0.000000000000000000e+00 2.437000000000000171e+02
-2.533421781105543169e-01 -3.067941776415118227e+01 0.000000000000000000e+00 3.387808040125100950e-01 -1.825279199669793684e-01 0.000000000000000000e+00 2.438000000000000114e+02
-2.194640977093032519e-01 -3.069767055614788376e+01 0.000000000000000000e+00 3.387808040125106501e-01 -1.825279199670148955e-01 0.000000000000000000e+00 2.439000000000000057e+02
-1.790695218031881086e-01 -3.069105673034312431e+01 0.000000000000000000e+00 4.039457590611514326e-01 6.613825804759443372e-02 0.000000000000000000e+00 2.440000000000000000e+02
-1.371212663128831832e-01 -3.067851414169687629e+01 0.000000000000000000e+00 4.194825549030492540e-01 1.254258864624802072e-01 0.000000000000000000e+00 2.441000000000000227e+02
-9.517301082257821621e-02 -3.066597155305062827e+01 0.000000000000000000e+00 4.194825549030496425e-01 1.254258864624802072e-01 0.000000000000000000e+00 2.442000000000000171e+02
-5.322475533227327693e-02 -3.065342896440438025e+01 0.000000000000000000e+00 4.194825549030493650e-01 1.254258864624802072e-01 0.000000000000000000e+00 2.443000000000000114e+02
-1.127649984196832378e-02 -3.064088637575812868e+01 0.000000000000000000e+00 4.194825549030495315e-01 1.254258864625157344e-01 0.000000000000000000e+00 2.444000000000000057e+02
3.067175564833660162e-02 -3.062834378711188066e+01 0.000000000000000000e+00 4.194825549030492540e-01 1.254258864624802072e-01 0.000000000000000000e+00 2.445000000000000000e+02
7.262001113864155477e-02 -3.061580119846563264e+01 0.000000000000000000e+00 4.194825549030495315e-01 1.254258864624802072e-01 0.000000000000000000e+00 2.446000000000000227e+02
1.145682666289465079e-01 -3.060325860981938462e+01 0.000000000000000000e+00 4.194825549030495315e-01 1.254258864624802072e-01 0.000000000000000000e+00 2.447000000000000171e+02
1.565165221192514611e-01 -3.059071602117313660e+01 0.000000000000000000e+00 4.194825549030495315e-01 1.254258864624802072e-01 0.000000000000000000e+00 2.448000000000000114e+02
1.984647776095564142e-01 -3.057817343252688502e+01 0.000000000000000000e+00 4.194825549030495315e-01 1.254258864625157344e-01 0.000000000000000000e+00 2.449000000000000057e+02
2.421825955618133741e-01 -3.056509014297531479e+01 0.000000000000000000e+00 4.371781795225695988e-01 1.308328955157023188e-01 0.000000000000000000e+00 2.450000000000000000e+02
2.879160569237989020e-01 -3.055139096094191586e+01 0.000000000000000000e+00 4.573346136198552792e-01 1.369918203339892671e-01 0.000000000000000000e+00 2.451000000000000227e+02
3.336495182857844299e-01 -3.053769177890851694e+01 0.000000000000000000e+00 4.573346136198552792e-01 1.369918203339892671e-01 0.000000000000000000e+00 2.452000000000000171e+02
3.793829796477699579e-01 -3.052399259687511446e+01 0.000000000000000000e+00 4.573346136198552792e-01 1.369918203340247942e-01 0.000000000000000000e+00 2.453000000000000114e+02
4.251164410097554858e-01 -3.051029341484171553e+01 0.000000000000000000e+00 4.573346136198552792e-01 1.369918203339892671e-01 0.000000000000000000e+00 2.454000000000000057e+02
4.708499023717410137e-01 -3.049659423280831660e+01 0.000000000000000000e+00 4.573346136198552792e-01 1.369918203339892671e-01 0.000000000000000000e+00 2.455000000000000000e+02
5.165833637337264861e-01 -3.048289505077491768e+01 0.000000000000000000e+00 4.573346136198547240e-01 1.369918203339892671e-01 0.000000000000000000e+00 2.456000000000000227e+02
5.623168250957120140e-01 -3.046919586874151520e+01 0.000000000000000000e+00 4.573346136198552792e-01 1.369918203340247942e-01 0.000000000000000000e+00 2.457000000000000171e+02
6.080502864576976529e-01 -3.045549668670811627e+01 0.000000000000000000e+00 4.573346136198563894e-01 1.369918203339892671e-01 0.000000000000000000e+00 2.458000000000000114e+02
6.537837478196831809e-01 -3.044179750467471735e+01 0.000000000000000000e+00 4.573346136198552792e-01 1.369918203339892671e-01 0.000000000000000000e+00 2.459000000000000057e+02
6.995172091816687088e-01 -3.042809832264131487e+01 0.000000000000000000e+00 4.573346136198552792e-01 1.369918203340247942e-01 0.000000000000000000e+00 2.460000000000000000e+02
7.440094418538312215e-01 -3.041482364889877488e+01 0.000000000000000000e+00 4.449223267216251276e-01 1.327467374253998855e-01 0.000000000000000000e+00 2.461000000000000227e+02
7.836501492780220124e-01 -3.040320822836876857e+01 0.000000000000000000e+00 3.964070742419079085e-01 1.161542053000630403e-01 0.000000000000000000e+00 2.462000000000000171e+02
8.232908567022128032e-01 -3.039159280783876227e+01 0.000000000000000000e+00 3.964070742419079085e-01 1.161542053000630403e-01 0.000000000000000000e+00 2.463000000000000114e+02
8.629315641264034831e-01 -3.037997738730875597e+01 0.000000000000000000e+00 3.964070742419067983e-01 1.161542053000630403e-01 0.000000000000000000e+00 2.464000000000000057e+02
9.025722715505943849e-01 -3.036836196677874611e+01 0.000000000000000000e+00 3.964070742419090188e-01 1.161542053000985675e-01 0.000000000000000000e+00 2.465000000000000000e+02
9.422129789747850648e-01 -3.035674654624873980e+01 0.000000000000000000e+00 3.964070742419067983e-01 1.161542053000630403e-01 0.000000000000000000e+00 2.466000000000000227e+02
9.818536863989758556e-01 -3.034513112571873350e+01 0.000000000000000000e+00 3.964070742419079085e-01 1.161542053000630403e-01 0.000000000000000000e+00 2.467000000000000171e+02
1.021494393823166646e+00 -3.033351570518872720e+01 0.000000000000000000e+00 3.964070742419079085e-01 1.161542053000630403e-01 0.000000000000000000e+00 2.468000000000000114e+02
1.061135101247357326e+00 -3.032190028465872089e+01 0.000000000000000000e+00 3.964070742419067983e-01 1.161542053000630403e-01 0.000000000000000000e+00 2.469000000000000057e+02
1.100775808671548228e+00 -3.031028486412871459e+01 0.000000000000000000e+00 3.964070742419090188e-01 1.161542053000630403e-01 0.000000000000000000e+00 2.470000000000000000e+02
1.138894216196806974e+00 -3.029911662908874703e+01 0.000000000000000000e+00 3.811840752525874620e-01 1.116823503996755562e-01 0.000000000000000000e+00 2.471000000000000227e+02
1.171359331412558102e+00 -3.028960908541028374e+01 0.000000000000000000e+00 3.246511521575112802e-01 9.507543678463292736e-02 0.000000000000000000e+00 2.472000000000000171e+02
1.203824446628309008e+00 -3.028010154173182045e+01 0.000000000000000000e+00 3.246511521575090597e-01 9.507543678463292736e-02 0.000000000000000000e+00 2.473000000000000114e+02
1.236289561844059914e+00 -3.027059399805335715e+01 0.000000000000000000e+00 3.246511521575090597e-01 9.507543678463292736e-02 0.000000000000000000e+00 2.474000000000000057e+02
1.268754677059810820e+00 -3.026108645437489031e+01 0.000000000000000000e+00 3.246511521575090597e-01 9.507543678466845449e-02 0.000000000000000000e+00 2.475000000000000000e+02
1.301219792275561948e+00 -3.025157891069642702e+01 0.000000000000000000e+00 3.246511521575112802e-01 9.507543678463292736e-02 0.000000000000000000e+00 2.476000000000000227e+02
1.333684907491312854e+00 -3.024207136701796372e+01 0.000000000000000000e+00 3.246511521575090597e-01 9.507543678463292736e-02 0.000000000000000000e+00 2.477000000000000171e+02
1.366150022707063982e+00 -3.023256382333950043e+01 0.000000000000000000e+00 3.246511521575112802e-01 9.507543678463292736e-02 0.000000000000000000e+00 2.478000000000000114e+02
1.399406921379423796e+00 -3.022387819120296015e+01 0.000000000000000000e+00 3.325689867235981367e-01 8.685632136540277770e-02 0.000000000000000000e+00 2.479000000000000057e+02
1.433232950967504804e+00 -3.021578334593446158e+01 0.000000000000000000e+00 3.382602958808100801e-01 8.094845268498573887e-02 0.000000000000000000e+00 2.480000000000000000e+02
1.467058980555585590e+00 -3.020768850066595945e+01 0.000000000000000000e+00 3.382602958808078597e-01 8.094845268502126601e-02 0.000000000000000000e+00 2.481000000000000227e+02
1.500885010143666376e+00 -3.019959365539746088e+01 0.000000000000000000e+00 3.382602958808078597e-01 8.094845268498573887e-02 0.000000000000000000e+00 2.482000000000000171e+02
1.534711039731747162e+00 -3.019149881012895875e+01 0.000000000000000000e+00 3.382602958808078597e-01 8.094845268502126601e-02 0.000000000000000000e+00 2.483000000000000114e+02
1.568537069319827948e+00 -3.018340396486046018e+01 0.000000000000000000e+00 3.382602958808078597e-01 8.094845268498573887e-02 0.000000000000000000e+00 2.484000000000000057e+02
1.602363098907908956e+00 -3.017530911959196160e+01 0.000000000000000000e+00 3.382602958808100801e-01 8.094845268498573887e-02 0.000000000000000000e+00 2.485000000000000000e+02
1.636189128495989742e+00 -3.016721427432345948e+01 0.000000000000000000e+00 3.382602958808078597e-01 8.094845268502126601e-02 0.000000000000000000e+00 2.486000000000000227e+02
1.679129030311564019e+00 -3.017185374690625110e+01 0.000000000000000000e+00 4.293990181557427732e-01 -4.639472582791626110e-02 0.000000000000000000e+00 2.487000000000000171e+02
1.723921675526751462e+00 -3.017908195704851337e+01 0.000000000000000000e+00 4.479264521518744324e-01 -7.228210142262270210e-02 0.000000000000000000e+00 2.488000000000000114e+02
1.768714320741939128e+00 -3.018631016719077920e+01 0.000000000000000000e+00 4.479264521518766529e-01 -7.228210142265822924e-02 0.000000000000000000e+00 2.489000000000000057e+02
1.813506965957126571e+00 -3.019353837733304147e+01 0.000000000000000000e+00 4.479264521518744324e-01 -7.228210142262270210e-02 0.000000000000000000e+00 2.490000000000000000e+02
1.858299611172314236e+00 -3.020076658747530374e+01 0.000000000000000000e+00 4.479264521518766529e-01 -7.228210142262270210e-02 0.000000000000000000e+00 2.491000000000000227e+02
1.903092256387501680e+00 -3.020799479761756956e+01 0.000000000000000000e+00 4.479264521518744324e-01 -7.228210142265822924e-02 0.000000000000000000e+00 2.492000000000000171e+02
1.947884901602689123e+00 -3.021522300775983183e+01 0.000000000000000000e+00 4.479264521518744324e-01 -7.228210142262270210e-02 0.000000000000000000e+00 2.493000000000000114e+02
1.992677546817876788e+00 -3.022245121790209410e+01 0.000000000000000000e+00 4.479264521518766529e-01 -7.228210142262270210e-02 0.000000000000000000e+00 2.494000000000000057e+02
2.037470192033064453e+00 -3.022967942804435992e+01 0.000000000000000000e+00 4.479264521518766529e-01 -7.228210142265822924e-02 0.000000000000000000e+00 2.495000000000000000e+02
2.082262837248251675e+00 -3.023690763818662219e+01 0.000000000000000000e+00 4.479264521518722120e-01 -7.228210142262270210e-02 0.000000000000000000e+00 2.496000000000000227e+02
2.127055482463439340e+00 -3.024413584832888446e+01 0.000000000000000000e+00 4.479264521518766529e-01 -7.228210142262270210e-02 0.000000000000000000e+00 2.497000000000000171e+02
2.169049488480201848e+00 -3.025202707548175596e+01 0.000000000000000000e+00 4.199400601676250844e-01 -7.891227152871493900e-02 0.000000000000000000e+00 2.498000000000000114e+02
2.209931892780484297e+00 -3.026018164878066230e+01 0.000000000000000000e+00 4.088240430028244887e-01 -8.154573298906342416e-02 0.000000000000000000e+00 2.499000000000000057e+02
2.250814297080767190e+00 -3.026833622207956509e+01 0.000000000000000000e+00 4.088240430028289296e-01 -8.154573298902789702e-02 0.000000000000000000e+00 2.500000000000000000e+02
2.291696701381049639e+00 -3.027649079537847143e+01 0.000000000000000000e+00 4.088240430028244887e-01 -8.154573298906342416e-02 0.000000000000000000e+00 2.501000000000000227e+02
2.332579105681332532e+00 -3.028464536867737422e+01 0.000000000000000000e+00 4.088240430028289296e-01 -8.154573298902789702e-02 0.000000000000000000e+00 2.502000000000000171e+02
2.373461509981614981e+00 -3.029279994197627701e+01 0.000000000000000000e+00 4.088240430028244887e-01 -8.154573298902789702e-02 0.000000000000000000e+00 2.503000000000000114e+02
2.414343914281897430e+00 -3.030095451527518335e+01 0.000000000000000000e+00 4.088240430028244887e-01 -8.154573298906342416e-02 0.000000000000000000e+00 2.504000000000000057e+02
2.455226318582180323e+00 -3.030910908857408614e+01 0.000000000000000000e+00 4.088240430028289296e-01 -8.154573298902789702e-02 0.000000000000000000e+00 2.505000000000000000e+02
2.496108722882462772e+00 -3.031726366187299249e+01 0.000000000000000000e+00 4.088240430028244887e-01 -8.154573298906342416e-02 0.000000000000000000e+00 2.506000000000000227e+02
2.537063459231417184e+00 -3.032515812025759061e+01 0.000000000000000000e+00 4.095473634895441251e-01 -7.894458384598124212e-02 0.000000000000000000e+00 2.507000000000000171e+02
2.581244525031771708e+00 -3.032145030241496286e+01 0.000000000000000000e+00 4.418106580035452424e-01 3.707817842627747495e-02 0.000000000000000000e+00 2.508000000000000114e+02
2.625425590832126677e+00 -3.031774248457233867e+01 0.000000000000000000e+00 4.418106580035496833e-01 3.707817842624194782e-02 0.000000000000000000e+00 2.509000000000000057e+02
2.669606656632481201e+00 -3.031403466672971092e+01 0.000000000000000000e+00 4.418106580035452424e-01 3.707817842627747495e-02 0.000000000000000000e+00 2.510000000000000000e+02
2.713787722432835725e+00 -3.031032684888708317e+01 0.000000000000000000e+00 4.418106580035452424e-01 3.707817842627747495e-02 0.000000000000000000e+00 2.511000000000000227e+02
2.757968788233190249e+00 -3.030661903104445543e+01 0.000000000000000000e+00 4.418106580035452424e-01 3.707817842627747495e-02 0.000000000000000000e+00 2.512000000000000171e+02
2.802149854033545218e+00 -3.030291121320182768e+01 0.000000000000000000e+00 4.418106580035496833e-01 3.707817842627747495e-02 0.000000000000000000e+00 2.513000000000000114e+02
2.846330919833899742e+00 -3.029920339535919993e+01 0.000000000000000000e+00 4.418106580035452424e-01 3.707817842627747495e-02 0.000000000000000000e+00 2.514000000000000057e+02
2.890511985634254266e+00 -3.029549557751657218e+01 0.000000000000000000e+00 4.418106580035452424e-01 3.707817842627747495e-02 0.000000000000000000e+00 2.515000000000000000e+02
2.934693051434609234e+00 -3.029178775967394799e+01 0.000000000000000000e+00 4.418106580035496833e-01 3.707817842624194782e-02 0.000000000000000000e+00 2.516000000000000227e+02
2.978874117234963759e+00 -3.028807994183132024e+01 0.000000000000000000e+00 4.418106580035452424e-01 3.707817842627747495e-02 0.000000000000000000e+00 2.517000000000000171e+02
3.027242088368845785e+00 -3.028117757819556743e+01 0.000000000000000000e+00 4.836797113388202618e-01 6.902363635752806204e-02 0.000000000000000000e+00 2.518000000000000114e+02
3.077275635273852394e+00 -3.027300440529881698e+01 0.000000000000000000e+00 5.003354690500660951e-01 8.173172896750457994e-02 0.000000000000000000e+00 2.519000000000000057e+02
3.127309182178859004e+00 -3.026483123240206652e+01 0.000000000000000000e+00 5.003354690500660951e-01 8.173172896750457994e-02 0.000000000000000000e+00 2.520000000000000000e+02
3.177342729083865613e+00 -3.025665805950531606e+01 0.000000000000000000e+00 5.003354690500660951e-01 8.173172896750457994e-02 0.000000000000000000e+00 2.521000000000000227e+02
3.227376275988871779e+00 -3.024848488660856560e+01 0.000000000000000000e+00 5.003354690500616542e-01 8.173172896750457994e-02 0.000000000000000000e+00 2.522000000000000171e+02
3.277409822893878388e+00 -3.024031171371181514e+01 0.000000000000000000e+00 5.003354690500660951e-01 8.173172896750457994e-02 0.000000000000000000e+00 2.523000000000000114e+02
3.327443369798884998e+00 -3.023213854081506469e+01 0.000000000000000000e+00 5.003354690500660951e-01 8.173172896750457994e-02 0.000000000000000000e+00 2.524000000000000057e+02
3.377476916703891163e+00 -3.022396536791831423e+01 0.000000000000000000e+00 5.003354690500616542e-01 8.173172896750457994e-02 0.000000000000000000e+00 2.525000000000000000e+02
3.427510463608897773e+00 -3.021579219502156022e+01 0.000000000000000000e+00 5.003354690500660951e-01 8.173172896754010708e-02 0.000000000000000000e+00 2.526000000000000227e+02
3.477544010513904382e+00 -3.020761902212480976e+01 0.000000000000000000e+00 5.003354690500660951e-01 8.173172896750457994e-02 0.000000000000000000e+00 2.527000000000000171e+02
3.527577557418910992e+00 -3.019944584922805930e+01 0.000000000000000000e+00 5.003354690500660951e-01 8.173172896750457994e-02 0.000000000000000000e+00 2.528000000000000114e+02
3.577611104323917601e+00 -3.019127267633130884e+01 0.000000000000000000e+00 5.003354690500660951e-01 8.173172896750457994e-02 0.000000000000000000e+00 2.529000000000000057e+02
3.623425582112364651e+00 -3.018374227656978448e+01 0.000000000000000000e+00 4.581447778844704999e-01 7.530399761524364521e-02 0.000000000000000000e+00 2.530000000000000000e+02
3.663541698515197176e+00 -3.017708001940376761e+01 0.000000000000000000e+00 4.011611640283252456e-01 6.662257166016871679e-02 0.000000000000000000e+00 2.531000000000000227e+02
3.703657814918029700e+00 -3.017041776223775074e+01 0.000000000000000000e+00 4.011611640283252456e-01 6.662257166016871679e-02 0.000000000000000000e+00 2.532000000000000171e+02
3.743773931320862225e+00 -3.016375550507173386e+01 0.000000000000000000e+00 4.011611640283252456e-01 6.662257166016871679e-02 0.000000000000000000e+00 2.533000000000000114e+02
3.783890047723694749e+00 -3.015709324790571699e+01 0.000000000000000000e+00 4.011611640283252456e-01 6.662257166016871679e-02 0.000000000000000000e+00 2.534000000000000057e+02
3.824006164126527718e+00 -3.015043099073970367e+01 0.000000000000000000e+00 4.011611640283296865e-01 6.662257166013318965e-02 0.000000000000000000e+00 2.535000000000000000e+02
3.864122280529360243e+00 -3.014376873357368680e+01 0.000000000000000000e+00 4.011611640283252456e-01 6.662257166016871679e-02 0.000000000000000000e+00 2.536000000000000227e+02
3.904238396932192767e+00 -3.013710647640766993e+01 0.000000000000000000e+00 4.011611640283252456e-01 6.662257166016871679e-02 0.000000000000000000e+00 2.537000000000000171e+02
3.944354513335025292e+00 -3.013044421924165306e+01 0.000000000000000000e+00 4.011611640283252456e-01 6.662257166016871679e-02 0.000000000000000000e+00 2.538000000000000114e+02
3.984470629737858260e+00 -3.012378196207563619e+01 0.000000000000000000e+00 4.011611640283296865e-01 6.662257166016871679e-02 0.000000000000000000e+00 2.539000000000000057e+02
4.019184936978587253e+00 -3.011808291420848249e+01 0.000000000000000000e+00 3.471430724072899210e-01 5.699047867153694824e-02 0.000000000000000000e+00 2.540000000000000000e+02
4.051624542495974701e+00 -3.011278947375660664e+01 0.000000000000000000e+00 3.243960551738744869e-01 5.293440451875852659e-02 0.000000000000000000e+00 2.541000000000000227e+02
4.084064148013363038e+00 -3.010749603330473079e+01 0.000000000000000000e+00 3.243960551738833686e-01 5.293440451875852659e-02 0.000000000000000000e+00 2.542000000000000171e+02
4.116503753530750487e+00 -3.010220259285285493e+01 0.000000000000000000e+00 3.243960551738744869e-01 5.293440451875852659e-02 0.000000000000000000e+00 2.543000000000000114e+02
4.148943359048138824e+00 -3.009690915240098263e+01 0.000000000000000000e+00 3.243960551738833686e-01 5.293440451872299946e-02 0.000000000000000000e+00 2.544000000000000057e+02
4.181382964565526272e+00 -3.009161571194910678e+01 0.000000000000000000e+00 3.243960551738744869e-01 5.293440451875852659e-02 0.000000000000000000e+00 2.545000000000000000e+02
4.213822570082914609e+00 -3.008632227149723093e+01 0.000000000000000000e+00 3.243960551738833686e-01 5.293440451875852659e-02 0.000000000000000000e+00 2.546000000000000227e+02
4.245677000502153575e+00 -3.007930312319995991e+01 0.000000000000000000e+00 3.185443041923896601e-01 7.019148297271016190e-02 0.000000000000000000e+00 2.547000000000000171e+02
4.275782907334047422e+00 -3.006712749971760346e+01 0.000000000000000000e+00 3.010590683189384720e-01 1.217562348235645686e-01 0.000000000000000000e+00 2.548000000000000114e+02
4.305888814165941270e+00 -3.005495187623524345e+01 0.000000000000000000e+00 3.010590683189384720e-01 1.217562348236000958e-01 0.000000000000000000e+00 2.549000000000000057e+02
4.335994720997835117e+00 -3.004277625275288344e+01 0.000000000000000000e+00 3.010590683189384720e-01 1.217562348236000958e-01 0.000000000000000000e+00 2.550000000000000000e+02
4.366100627829728964e+00 -3.003060062927052698e+01 0.000000000000000000e+00 3.010590683189384720e-01 1.217562348235645686e-01 0.000000000000000000e+00 2.551000000000000227e+02
4.396206534661623699e+00 -3.001842500578816697e+01 0.000000000000000000e+00 3.010590683189473538e-01 1.217562348236000958e-01 0.000000000000000000e+00 2.552000000000000171e+02
4.426312441493517547e+00 -3.000624938230580696e+01 0.000000000000000000e+00 3.010590683189384720e-01 1.217562348236000958e-01 0.000000000000000000e+00 2.553000000000000114e+02
4.456418348325411394e+00 -2.999407375882345050e+01 0.000000000000000000e+00 3.010590683189384720e-01 1.217562348235645686e-01 0.000000000000000000e+00 2.554000000000000057e+02
4.464058001205362558e+00 -2.994476106310582963e+01 0.000000000000000000e+00 7.639652879951164266e-02 4.931269571762086912e-01 0.000000000000000000e+00 2.555000000000000000e+02
4.466581873799749580e+00 -2.988699190186391519e+01 0.000000000000000000e+00 2.523872594387022161e-02 5.776916124191444624e-01 0.000000000000000000e+00 2.556000000000000227e+02
4.469105746394136602e+00 -2.982922274062199719e+01 0.000000000000000000e+00 2.523872594387022161e-02 5.776916124191799895e-01 0.000000000000000000e+00 2.557000000000000171e+02
4.471629618988524513e+00 -2.977145357938007919e+01 0.000000000000000000e+00 2.523872594387910340e-02 5.776916124191799895e-01 0.000000000000000000e+00 2.558000000000000114e+02
4.474153491582911535e+00 -2.971368441813816119e+01 0.000000000000000000e+00 2.523872594387022161e-02 5.776916124191799895e-01 0.000000000000000000e+00 2.559000000000000057e+02
4.476677364177298557e+00 -2.965591525689624675e+01 0.000000000000000000e+00 2.523872594387022161e-02 5.776916124191444624e-01 0.000000000000000000e+00 2.560000000000000000e+02
4.479201236771685579e+00 -2.959814609565432875e+01 0.000000000000000000e+00 2.523872594387022161e-02 5.776916124191799895e-01 0.000000000000000000e+00 2.561000000000000227e+02
4.481725109366073490e+00 -2.954037693441239654e+01 0.000000000000000000e+00 2.523872594387910340e-02 5.776916124193220980e-01 0.000000000000000000e+00 2.561999999999999886e+02
4.484248981960461400e+00 -2.948260777317046077e+01 0.000000000000000000e+00 2.523872594387910340e-02 5.776916124193576252e-01 0.000000000000000000e+00 2.563000000000000114e+02
4.486772854554849310e+00 -2.942483861192852856e+01 0.000000000000000000e+00 2.523872594387910340e-02 5.776916124193220980e-01 0.000000000000000000e+00 2.564000000000000341e+02
4.489296727149237221e+00 -2.936706945068659635e+01 0.000000000000000000e+00 2.523872594387910340e-02 5.776916124193220980e-01 0.000000000000000000e+00 2.565000000000000000e+02
4.491820599743625131e+00 -2.930930028944466059e+01 0.000000000000000000e+00 2.523872594387910340e-02 5.776916124193576252e-01 0.000000000000000000e+00 2.566000000000000227e+02
4.494344472338013041e+00 -2.925153112820272838e+01 0.000000000000000000e+00 2.523872594387910340e-02 5.776916124193220980e-01 0.000000000000000000e+00 2.566999999999999886e+02
4.496868344932400952e+00 -2.919376196696079617e+01 0.000000000000000000e+00 2.523872594387910340e-02 5.776916124193220980e-01 0.000000000000000000e+00 2.568000000000000114e+02
4.499392217526788862e+00 -2.913599280571886041e+01 0.000000000000000000e+00 2.523872594387910340e-02 5.776916124193576252e-01 0.000000000000000000e+00 2.569000000000000341e+02
4.496093017231373778e+00 -2.909248611327876333e+01 0.000000000000000000e+00 -3.299200295415083417e-02 4.350669244009708336e-01 0.000000000000000000e+00 2.570000000000000000e+02
4.488137904572594650e+00 -2.906038316008136846e+01 0.000000000000000000e+00 -7.955112658779128765e-02 3.210295319739486786e-01 0.000000000000000000e+00 2.571000000000000227e+02
4.480182791913815521e+00 -2.902828020688397359e+01 0.000000000000000000e+00 -7.955112658779128765e-02 3.210295319739486786e-01 0.000000000000000000e+00 2.571999999999999886e+02
4.472227679255037280e+00 -2.899617725368657517e+01 0.000000000000000000e+00 -7.955112658778240586e-02 3.210295319739842057e-01 0.000000000000000000e+00 2.573000000000000114e+02
4.464272566596258152e+00 -2.896407430048918030e+01 0.000000000000000000e+00 -7.955112658779128765e-02 3.210295319739486786e-01 0.000000000000000000e+00 2.574000000000000341e+02
4.456317453937479023e+00 -2.893197134729178543e+01 0.000000000000000000e+00 -7.955112658779128765e-02 3.210295319739486786e-01 0.000000000000000000e+00 2.575000000000000000e+02
4.448362341278699894e+00 -2.889986839409438701e+01 0.000000000000000000e+00 -7.955112658779128765e-02 3.210295319739842057e-01 0.000000000000000000e+00 2.576000000000000227e+02
4.440407228619920765e+00 -2.886776544089699215e+01 0.000000000000000000e+00 -7.955112658779128765e-02 3.210295319739486786e-01 0.000000000000000000e+00 2.576999999999999886e+02
4.434618556772183418e+00 -2.883940934171400627e+01 0.000000000000000000e+00 -5.788671847737347775e-02 2.835609918298587218e-01 0.000000000000000000e+00 2.578000000000000114e+02
4.430103424089944397e+00 -2.881325582536200969e+01 0.000000000000000000e+00 -4.515132682239020312e-02 2.615351635199658631e-01 0.000000000000000000e+00 2.579000000000000341e+02
4.425588291407705377e+00 -2.878710230901001665e+01 0.000000000000000000e+00 -4.515132682239020312e-02 2.615351635199303360e-01 0.000000000000000000e+00 2.580000000000000000e+02
4.421073158725466357e+00 -2.876094879265802007e+01 0.000000000000000000e+00 -4.515132682239020312e-02 2.615351635199658631e-01 0.000000000000000000e+00 2.581000000000000227e+02
4.416558026043227336e+00 -2.873479527630602348e+01 0.000000000000000000e+00 -4.515132682239020312e-02 2.615351635199658631e-01 0.000000000000000000e+00 2.581999999999999886e+02
4.412042893360988316e+00 -2.870864175995402690e+01 0.000000000000000000e+00 -4.515132682239020312e-02 2.615351635199658631e-01 0.000000000000000000e+00 2.583000000000000114e+02
4.409878392795459234e+00 -2.867902601997283796e+01 0.000000000000000000e+00 -2.164500565529081655e-02 2.961573998118893769e-01 0.000000000000000000e+00 2.584000000000000341e+02
4.408648384429497469e+00 -2.864803387534217904e+01 0.000000000000000000e+00 -1.230008365961765548e-02 3.099214463065891323e-01 0.000000000000000000e+00 2.585000000000000000e+02
4.407418376063535703e+00 -2.861704173071151658e+01 0.000000000000000000e+00 -1.230008365961765548e-02 3.099214463066246594e-01 0.000000000000000000e+00 2.586000000000000227e+02
4.406188367697573938e+00 -2.858604958608085767e+01 0.000000000000000000e+00 -1.230008365961765548e-02 3.099214463065891323e-01 0.000000000000000000e+00 2.586999999999999886e+02
4.404958359331612172e+00 -2.855505744145019875e+01 0.000000000000000000e+00 -1.230008365961765548e-02 3.099214463065891323e-01 0.000000000000000000e+00 2.588000000000000114e+02
4.403728350965650407e+00 -2.852406529681953629e+01 0.000000000000000000e+00 -1.230008365961765548e-02 3.099214463066246594e-01 0.000000000000000000e+00 2.589000000000000341e+02
4.402498342599688641e+00 -2.849307315218887737e+01 0.000000000000000000e+00 -1.230008365961765548e-02 3.099214463065891323e-01 0.000000000000000000e+00 2.590000000000000000e+02
4.400997003115155515e+00 -2.845879006953097345e+01 0.000000000000000000e+00 -1.501339484533126267e-02 3.428308265790391829e-01 0.000000000000000000e+00 2.591000000000000227e+02
4.399262960556000301e+00 -2.842168456310773905e+01 0.000000000000000000e+00 -1.734042559155213326e-02 3.710550642323440229e-01 0.000000000000000000e+00 2.591999999999999886e+02
4.397528917996845088e+00 -2.838457905668450465e+01 0.000000000000000000e+00 -1.734042559155213326e-02 3.710550642323440229e-01 0.000000000000000000e+00 2.593000000000000114e+02
4.395794875437688987e+00 -2.834747355026127025e+01 0.000000000000000000e+00 -1.734042559156101504e-02 3.710550642323440229e-01 0.000000000000000000e+00 2.594000000000000341e+02
4.394060832878533773e+00 -2.831036804383803940e+01 0.000000000000000000e+00 -1.734042559155213326e-02 3.710550642323084958e-01 0.000000000000000000e+00 2.595000000000000000e+02
4.392326790319378560e+00 -2.827326253741480500e+01 0.000000000000000000e+00 -1.734042559155213326e-02 3.710550642323440229e-01 0.000000000000000000e+00 2.596000000000000227e+02
4.390592747760223347e+00 -2.823615703099157059e+01 0.000000000000000000e+00 -1.734042559155213326e-02 3.710550642323440229e-01 0.000000000000000000e+00 2.596999999999999886e+02
4.388858705201067245e+00 -2.819905152456833619e+01 0.000000000000000000e+00 -1.734042559156101504e-02 3.710550642323440229e-01 0.000000000000000000e+00 2.598000000000000114e+02
4.387124662641912032e+00 -2.816194601814510179e+01 0.000000000000000000e+00 -1.734042559155213326e-02 3.710550642323440229e-01 0.000000000000000000e+00 2.599000000000000341e+02
4.382428280456251990e+00 -2.812197767203453935e+01 0.000000000000000000e+00 -4.696382185660041841e-02 3.996834611056243602e-01 0.000000000000000000e+00 2.600000000000000000e+02
4.376299015340750387e+00 -2.808062457108960785e+01 0.000000000000000000e+00 -6.129265115501603134e-02 4.135310094493149791e-01 0.000000000000000000e+00 2.601000000000000227e+02
4.370169750225248784e+00 -2.803927147014467636e+01 0.000000000000000000e+00 -6.129265115501603134e-02 4.135310094493149791e-01 0.000000000000000000e+00 2.601999999999999886e+02
4.364040485109747181e+00 -2.799791836919974131e+01 0.000000000000000000e+00 -6.129265115501603134e-02 4.135310094493505062e-01 0.000000000000000000e+00 2.603000000000000114e+02
4.357911219994245577e+00 -2.795656526825480981e+01 0.000000000000000000e+00 -6.129265115501603134e-02 4.135310094493149791e-01 0.000000000000000000e+00 2.604000000000000341e+02
4.351781954878743974e+00 -2.791521216730987831e+01 0.000000000000000000e+00 -6.129265115501603134e-02 4.135310094493149791e-01 0.000000000000000000e+00 2.605000000000000000e+02
4.345652689763242371e+00 -2.787385906636494681e+01 0.000000000000000000e+00 -6.129265115501603134e-02 4.135310094493149791e-01 0.000000000000000000e+00 2.606000000000000227e+02
4.339523424647740768e+00 -2.783250596542001531e+01 0.000000000000000000e+00 -6.129265115501603134e-02 4.135310094493149791e-01 0.000000000000000000e+00 2.606999999999999886e+02
4.333394159532239165e+00 -2.779115286447508026e+01 0.000000000000000000e+00 -6.129265115501603134e-02 4.135310094493505062e-01 0.000000000000000000e+00 2.608000000000000114e+02
4.327264894416737562e+00 -2.774979976353014877e+01 0.000000000000000000e+00 -6.129265115501603134e-02 4.135310094493149791e-01 0.000000000000000000e+00 2.609000000000000341e+02
4.306563399625353838e+00 -2.770726727346603369e+01 0.000000000000000000e+00 -2.070149479138372328e-01 4.253249006411508049e-01 0.000000000000000000e+00 2.610000000000000000e+02
4.284396343825375375e+00 -2.766461616965882797e+01 0.000000000000000000e+00 -2.216705579997846343e-01 4.265110380720571470e-01 0.000000000000000000e+00 2.611000000000000227e+02
4.262229288025396023e+00 -2.762196506585162226e+01 0.000000000000000000e+00 -2.216705579997935160e-01 4.265110380720571470e-01 0.000000000000000000e+00 2.611999999999999886e+02
4.240062232225417560e+00 -2.757931396204441654e+01 0.000000000000000000e+00 -2.216705579997846343e-01 4.265110380720571470e-01 0.000000000000000000e+00 2.613000000000000114e+02
4.217895176425438208e+00 -2.753666285823721083e+01 0.000000000000000000e+00 -2.216705579997935160e-01 4.265110380720571470e-01 0.000000000000000000e+00 2.614000000000000341e+02
4.195728120625459745e+00 -2.749401175443000511e+01 0.000000000000000000e+00 -2.216705579997846343e-01 4.265110380720571470e-01 0.000000000000000000e+00 2.615000000000000000e+02
4.173561064825480393e+00 -2.745136065062279940e+01 0.000000000000000000e+00 -2.216705579997935160e-01 4.265110380720571470e-01 0.000000000000000000e+00 2.616000000000000227e+02
4.151394009025501930e+00 -2.740870954681559368e+01 0.000000000000000000e+00 -2.216705579997846343e-01 4.265110380720571470e-01 0.000000000000000000e+00 2.616999999999999886e+02
4.129226953225523467e+00 -2.736605844300838797e+01 0.000000000000000000e+00 -2.216705579997846343e-01 4.265110380720571470e-01 0.000000000000000000e+00 2.618000000000000114e+02
4.107059897425544115e+00 -2.732340733920118225e+01 0.000000000000000000e+00 -2.216705579997935160e-01 4.265110380720571470e-01 0.000000000000000000e+00 2.619000000000000341e+02
4.084892841625565651e+00 -2.728075623539397654e+01 0.000000000000000000e+00 -2.216705579997846343e-01 4.265110380720571470e-01 0.000000000000000000e+00 2.620000000000000000e+02
4.062725785825586300e+00 -2.723810513158677082e+01 0.000000000000000000e+00 -2.216705579997935160e-01 4.265110380720571470e-01 0.000000000000000000e+00 2.621000000000000227e+02
4.049032685619961214e+00 -2.720466475961454478e+01 0.000000000000000000e+00 -1.369310020562508612e-01 3.344037197222604618e-01 0.000000000000000000e+00 2.621999999999999886e+02
4.037235689356413637e+00 -2.717328535017006175e+01 0.000000000000000000e+00 -1.179699626354757669e-01 3.137940944448303071e-01 0.000000000000000000e+00 2.623000000000000114e+02
4.025438693092866060e+00 -2.714190594072557516e+01 0.000000000000000000e+00 -1.179699626354757669e-01 3.137940944448658342e-01 0.000000000000000000e+00 2.624000000000000341e+02
4.013641696829318484e+00 -2.711052653128109213e+01 0.000000000000000000e+00 -1.179699626354757669e-01 3.137940944448303071e-01 0.000000000000000000e+00 2.625000000000000000e+02
4.001844700565770907e+00 -2.707914712183660910e+01 0.000000000000000000e+00 -1.179699626354757669e-01 3.137940944448303071e-01 0.000000000000000000e+00 2.626000000000000227e+02
3.990047704302222886e+00 -2.704776771239212607e+01 0.000000000000000000e+00 -1.179699626354802078e-01 3.137940944448303071e-01 0.000000000000000000e+00 2.626999999999999886e+02
3.978250708038675310e+00 -2.701638830294764304e+01 0.000000000000000000e+00 -1.179699626354757669e-01 3.137940944448303071e-01 0.000000000000000000e+00 2.628000000000000114e+02
3.975451615565329000e+00 -2.698558767549822690e+01 0.000000000000000000e+00 -2.799092473346309617e-02 3.080062744941614028e-01 0.000000000000000000e+00 2.629000000000000341e+02
3.997390401245997982e+00 -2.695637828960969529e+01 0.000000000000000000e+00 2.193878568066898183e-01 2.920938588853161377e-01 0.000000000000000000e+00 2.630000000000000000e+02
4.019329186926666964e+00 -2.692716890372116012e+01 0.000000000000000000e+00 2.193878568066898183e-01 2.920938588853516649e-01 0.000000000000000000e+00 2.631000000000000227e+02
4.041267972607336390e+00 -2.689795951783262495e+01 0.000000000000000000e+00 2.193878568066942591e-01 2.920938588853516649e-01 0.000000000000000000e+00 2.631999999999999886e+02
4.063206758288005815e+00 -2.686875013194409334e+01 0.000000000000000000e+00 2.193878568066942591e-01 2.920938588853161377e-01 0.000000000000000000e+00 2.633000000000000114e+02
4.085145543968674353e+00 -2.683954074605555817e+01 0.000000000000000000e+00 2.193878568066853774e-01 2.920938588853516649e-01 0.000000000000000000e+00 2.634000000000000341e+02
4.107084329649343779e+00 -2.681033136016702656e+01 0.000000000000000000e+00 2.193878568066942591e-01 2.920938588853161377e-01 0.000000000000000000e+00 2.635000000000000000e+02
4.129023115330013205e+00 -2.678112197427849139e+01 0.000000000000000000e+00 2.193878568066942591e-01 2.920938588853516649e-01 0.000000000000000000e+00 2.636000000000000227e+02
4.150961901010681743e+00 -2.675191258838995978e+01 0.000000000000000000e+00 2.193878568066853774e-01 2.920938588853161377e-01 0.000000000000000000e+00 2.636999999999999886e+02
4.179460839040288533e+00 -2.672018459506710997e+01 0.000000000000000000e+00 2.849893802960679068e-01 3.172799332284981233e-01 0.000000000000000000e+00 2.638000000000000114e+02
4.208569247774362587e+00 -2.668822261061636780e+01 0.000000000000000000e+00 2.910840873407405383e-01 3.196198445074216465e-01 0.000000000000000000e+00 2.639000000000000341e+02
4.237677656508437529e+00 -2.665626062616562564e+01 0.000000000000000000e+00 2.910840873407494200e-01 3.196198445074216465e-01 0.000000000000000000e+00 2.640000000000000000e+02
4.266786065242511583e+00 -2.662429864171488347e+01 0.000000000000000000e+00 2.910840873407405383e-01 3.196198445074216465e-01 0.000000000000000000e+00 2.641000000000000227e+02
4.295894473976585637e+00 -2.659233665726414131e+01 0.000000000000000000e+00 2.910840873407405383e-01 3.196198445074216465e-01 0.000000000000000000e+00 2.641999999999999886e+02
4.325002882710660579e+00 -2.656037467281339914e+01 0.000000000000000000e+00 2.910840873407494200e-01 3.196198445074216465e-01 0.000000000000000000e+00 2.643000000000000114e+02
4.354111291444734633e+00 -2.652841268836266053e+01 0.000000000000000000e+00 2.910840873407405383e-01 3.196198445073861194e-01 0.000000000000000000e+00 2.644000000000000341e+02
4.383219700178809575e+00 -2.649645070391191837e+01 0.000000000000000000e+00 2.910840873407494200e-01 3.196198445074216465e-01 0.000000000000000000e+00 2.645000000000000000e+02
4.412328108912883629e+00 -2.646448871946117620e+01 0.000000000000000000e+00 2.910840873407405383e-01 3.196198445074216465e-01 0.000000000000000000e+00 2.646000000000000227e+02
4.441436517646957682e+00 -2.643252673501043404e+01 0.000000000000000000e+00 2.910840873407405383e-01 3.196198445074216465e-01 0.000000000000000000e+00 2.646999999999999886e+02
4.471350626956860808e+00 -2.639794186425329059e+01 0.000000000000000000e+00 2.991410930990312522e-01 3.458487075714344883e-01 0.000000000000000000e+00 2.648000000000000114e+02
4.501712664783522833e+00 -2.636189880219270520e+01 0.000000000000000000e+00 3.036203782666202500e-01 3.604306206058538464e-01 0.000000000000000000e+00 2.649000000000000341e+02
4.532074702610185746e+00 -2.632585574013211627e+01 0.000000000000000000e+00 3.036203782666291318e-01 3.604306206058893736e-01 0.000000000000000000e+00 2.650000000000000000e+02
4.562436740436847771e+00 -2.628981267807153088e+01 0.000000000000000000e+00 3.036203782666202500e-01 3.604306206058538464e-01 0.000000000000000000e+00 2.651000000000000227e+02
4.592798778263509796e+00 -2.625376961601094550e+01 0.000000000000000000e+00 3.036203782666202500e-01 3.604306206058538464e-01 0.000000000000000000e+00 2.651999999999999886e+02
4.623160816090171821e+00 -2.621772655395035656e+01 0.000000000000000000e+00 3.036203782666202500e-01 3.604306206058893736e-01 0.000000000000000000e+00 2.653000000000000114e+02
4.653522853916833846e+00 -2.618168349188977118e+01 0.000000000000000000e+00 3.036203782666202500e-01 3.604306206058538464e-01 0.000000000000000000e+00 2.654000000000000341e+02
4.683884891743495871e+00 -2.614564042982918224e+01 0.000000000000000000e+00 3.036203782666202500e-01 3.604306206058893736e-01 0.000000000000000000e+00 2.655000000000000000e+02
4.714246929570157896e+00 -2.610959736776859685e+01 0.000000000000000000e+00 3.036203782666202500e-01 3.604306206058538464e-01 0.000000000000000000e+00 2.656000000000000227e+02
4.744608967396819921e+00 -2.607355430570800792e+01 0.000000000000000000e+00 3.036203782666202500e-01 3.604306206058893736e-01 0.000000000000000000e+00 2.656999999999999886e+02
4.774971005223481946e+00 -2.603751124364742253e+01 0.000000000000000000e+00 3.036203782666202500e-01 3.604306206058538464e-01 0.000000000000000000e+00 2.658000000000000114e+02
4.801889797614236066e+00 -2.600251564371698976e+01 0.000000000000000000e+00 2.691879239075412045e-01 3.499559993043277473e-01 0.000000000000000000e+00 2.659000000000000341e+02
4.821227612454806355e+00 -2.596982623631369336e+01 0.000000000000000000e+00 1.933781484057028877e-01 3.268940740329639993e-01 0.000000000000000000e+00 2.660000000000000000e+02
4.840565427295377532e+00 -2.593713682891039340e+01 0.000000000000000000e+00 1.933781484057117694e-01 3.268940740329995265e-01 0.000000000000000000e+00 2.661000000000000227e+02
4.859903242135947821e+00 -2.590444742150709345e+01 0.000000000000000000e+00 1.933781484057028877e-01 3.268940740329995265e-01 0.000000000000000000e+00 2.661999999999999886e+02
4.879241056976518998e+00 -2.587175801410379705e+01 0.000000000000000000e+00 1.933781484057117694e-01 3.268940740329639993e-01 0.000000000000000000e+00 2.663000000000000114e+02
4.898578871817089286e+00 -2.583906860670049710e+01 0.000000000000000000e+00 1.933781484057028877e-01 3.268940740329995265e-01 0.000000000000000000e+00 2.664000000000000341e+02
4.917916686657660463e+00 -2.580637919929719715e+01 0.000000000000000000e+00 1.933781484057117694e-01 3.268940740329995265e-01 0.000000000000000000e+00 2.665000000000000000e+02
4.937254501498230752e+00 -2.577368979189390075e+01 0.000000000000000000e+00 1.933781484057028877e-01 3.268940740329639993e-01 0.000000000000000000e+00 2.666000000000000227e+02
4.956592316338801041e+00 -2.574100038449060079e+01 0.000000000000000000e+00 1.933781484057028877e-01 3.268940740329995265e-01 0.000000000000000000e+00 2.666999999999999886e+02
4.961537646704205606e+00 -2.570834750843142658e+01 0.000000000000000000e+00 4.945330365404565498e-02 3.265287605917421843e-01 0.000000000000000000e+00 2.668000000000000114e+02
4.939409418628899040e+00 -2.567576335111791508e+01 0.000000000000000000e+00 -2.212822807530656632e-01 3.258415731351149702e-01 0.000000000000000000e+00 2.669000000000000341e+02
4.917281190553592474e+00 -2.564317919380440003e+01 0.000000000000000000e+00 -2.212822807530656632e-01 3.258415731351504974e-01 0.000000000000000000e+00 2.670000000000000000e+02
4.895152962478285907e+00 -2.561059503649088498e+01 0.000000000000000000e+00 -2.212822807530656632e-01 3.258415731351504974e-01 0.000000000000000000e+00 2.671000000000000227e+02
4.873024734402979341e+00 -2.557801087917737348e+01 0.000000000000000000e+00 -2.212822807530656632e-01 3.258415731351149702e-01 0.000000000000000000e+00 2.671999999999999886e+02
4.850896506327672775e+00 -2.554542672186385843e+01 0.000000000000000000e+00 -2.212822807530656632e-01 3.258415731351504974e-01 0.000000000000000000e+00 2.673000000000000114e+02
4.828768278252367097e+00 -2.551284256455034694e+01 0.000000000000000000e+00 -2.212822807530567815e-01 3.258415731351149702e-01 0.000000000000000000e+00 2.674000000000000341e+02
4.806640050177060530e+00 -2.548025840723683189e+01 0.000000000000000000e+00 -2.212822807530656632e-01 3.258415731351504974e-01 0.000000000000000000e+00 2.675000000000000000e+02
4.784511822101753964e+00 -2.544767424992332039e+01 0.000000000000000000e+00 -2.212822807530656632e-01 3.258415731351149702e-01 0.000000000000000000e+00 2.676000000000000227e+02
4.750726528900511170e+00 -2.540854768474127923e+01 0.000000000000000000e+00 -3.378529320124279423e-01 3.912656518204116196e-01 0.000000000000000000e+00 2.676999999999999886e+02
4.711292765098746393e+00 -2.536625097354883351e+01 0.000000000000000000e+00 -3.943376380176477625e-01 4.229671119244571287e-01 0.000000000000000000e+00 2.678000000000000114e+02
4.671859001296982505e+00 -2.532395426235638780e+01 0.000000000000000000e+00 -3.943376380176388807e-01 4.229671119244571287e-01 0.000000000000000000e+00 2.679000000000000341e+02
4.632425237495217729e+00 -2.528165755116394209e+01 0.000000000000000000e+00 -3.943376380176477625e-01 4.229671119244571287e-01 0.000000000000000000e+00 2.680000000000000000e+02
4.592991473693452953e+00 -2.523936083997149638e+01 0.000000000000000000e+00 -3.943376380176477625e-01 4.229671119244571287e-01 0.000000000000000000e+00 2.681000000000000227e+02
4.553557709891688177e+00 -2.519706412877905066e+01 0.000000000000000000e+00 -3.943376380176477625e-01 4.229671119244571287e-01 0.000000000000000000e+00 2.681999999999999886e+02
4.514123946089924289e+00 -2.515476741758660495e+01 0.000000000000000000e+00 -3.943376380176388807e-01 4.229671119244571287e-01 0.000000000000000000e+00 2.683000000000000114e+02
4.474690182288159512e+00 -2.511247070639415924e+01 0.000000000000000000e+00 -3.943376380176477625e-01 4.229671119244571287e-01 0.000000000000000000e+00 2.684000000000000341e+02
4.435256418486394736e+00 -2.507017399520171352e+01 0.000000000000000000e+00 -3.943376380176477625e-01 4.229671119244571287e-01 0.000000000000000000e+00 2.685000000000000000e+02
4.395822654684629960e+00 -2.502787728400926781e+01 0.000000000000000000e+00 -3.943376380176477625e-01 4.229671119244571287e-01 0.000000000000000000e+00 2.686000000000000227e+02
4.356388890882865184e+00 -2.498558057281682565e+01 0.000000000000000000e+00 -3.943376380176477625e-01 4.229671119244216015e-01 0.000000000000000000e+00 2.686999999999999886e+02
4.316955127081101296e+00 -2.494328386162437994e+01 0.000000000000000000e+00 -3.943376380176388807e-01 4.229671119244571287e-01 0.000000000000000000e+00 2.688000000000000114e+02
4.277521363279336519e+00 -2.490098715043193423e+01 0.000000000000000000e+00 -3.943376380176477625e-01 4.229671119244571287e-01 0.000000000000000000e+00 2.689000000000000341e+02
4.238087599477571743e+00 -2.485869043923948851e+01 0.000000000000000000e+00 -3.943376380176477625e-01 4.229671119244571287e-01 0.000000000000000000e+00 2.690000000000000000e+02
4.198653835675806967e+00 -2.481639372804704280e+01 0.000000000000000000e+00 -3.943376380176477625e-01 4.229671119244571287e-01 0.000000000000000000e+00 2.691000000000000227e+02
4.169462348718166567e+00 -2.478182861166860818e+01 0.000000000000000000e+00 -2.919148695764040014e-01 3.456511637843462381e-01 0.000000000000000000e+00 2.691999999999999886e+02
4.142394887103383105e+00 -2.474886685981308077e+01 0.000000000000000000e+00 -2.706746161478346124e-01 3.296175185552741027e-01 0.000000000000000000e+00 2.693000000000000114e+02
4.115327425488600532e+00 -2.471590510795755335e+01 0.000000000000000000e+00 -2.706746161478257306e-01 3.296175185552741027e-01 0.000000000000000000e+00 2.694000000000000341e+02
4.088259963873817071e+00 -2.468294335610202594e+01 0.000000000000000000e+00 -2.706746161478346124e-01 3.296175185552741027e-01 0.000000000000000000e+00 2.695000000000000000e+02
4.061192502259033610e+00 -2.464998160424649853e+01 0.000000000000000000e+00 -2.706746161478346124e-01 3.296175185552741027e-01 0.000000000000000000e+00 2.696000000000000227e+02
4.034125040644250149e+00 -2.461701985239097112e+01 0.000000000000000000e+00 -2.706746161478346124e-01 3.296175185552741027e-01 0.000000000000000000e+00 2.696999999999999886e+02
4.007057579029466687e+00 -2.458405810053544371e+01 0.000000000000000000e+00 -2.706746161478346124e-01 3.296175185552741027e-01 0.000000000000000000e+00 2.698000000000000114e+02
3.979990117414683670e+00 -2.455109634867991630e+01 0.000000000000000000e+00 -2.706746161478301715e-01 3.296175185552741027e-01 0.000000000000000000e+00 2.699000000000000341e+02
3.952922655799900209e+00 -2.451813459682438889e+01 0.000000000000000000e+00 -2.706746161478346124e-01 3.296175185552741027e-01 0.000000000000000000e+00 2.700000000000000000e+02
3.926604079616916376e+00 -2.448511659843749655e+01 0.000000000000000000e+00 -2.631857618298383272e-01 3.301799838689234434e-01 0.000000000000000000e+00 2.701000000000000227e+02
3.917938325913738584e+00 -2.445077274967201930e+01 0.000000000000000000e+00 -8.665753703177792033e-02 3.434384876547724730e-01 0.000000000000000000e+00 2.701999999999999886e+02
3.909272572210560792e+00 -2.441642890090654561e+01 0.000000000000000000e+00 -8.665753703177792033e-02 3.434384876547369458e-01 0.000000000000000000e+00 2.703000000000000114e+02
3.900606818507383444e+00 -2.438208505214107191e+01 0.000000000000000000e+00 -8.665753703177347944e-02 3.434384876547369458e-01 0.000000000000000000e+00 2.704000000000000341e+02
3.891941064804205652e+00 -2.434774120337559467e+01 0.000000000000000000e+00 -8.665753703177792033e-02 3.434384876547724730e-01 0.000000000000000000e+00 2.705000000000000000e+02
3.883275311101028304e+00 -2.431339735461012097e+01 0.000000000000000000e+00 -8.665753703177347944e-02 3.434384876547369458e-01 0.000000000000000000e+00 2.706000000000000227e+02
3.874609557397850512e+00 -2.427905350584464728e+01 0.000000000000000000e+00 -8.665753703177792033e-02 3.434384876547369458e-01 0.000000000000000000e+00 2.706999999999999886e+02
3.865943803694672720e+00 -2.424470965707917003e+01 0.000000000000000000e+00 -8.665753703177792033e-02 3.434384876547724730e-01 0.000000000000000000e+00 2.708000000000000114e+02
3.857278049991495372e+00 -2.421036580831369633e+01 0.000000000000000000e+00 -8.665753703177347944e-02 3.434384876547369458e-01 0.000000000000000000e+00 2.709000000000000341e+02
3.850086894458262243e+00 -2.417941048518332892e+01 0.000000000000000000e+00 -7.191155533233128949e-02 3.095532313036741812e-01 0.000000000000000000e+00 2.710000000000000000e+02
3.843042675470906389e+00 -2.414879281217526952e+01 0.000000000000000000e+00 -7.044218987355854722e-02 3.061767300805939840e-01 0.000000000000000000e+00 2.711000000000000227e+02
3.835998456483550090e+00 -2.411817513916721367e+01 0.000000000000000000e+00 -7.044218987356298811e-02 3.061767300805584568e-01 0.000000000000000000e+00 2.711999999999999886e+02
3.828954237496194235e+00 -2.408755746615915427e+01 0.000000000000000000e+00 -7.044218987355854722e-02 3.061767300805939840e-01 0.000000000000000000e+00 2.713000000000000114e+02
3.821910018508838380e+00 -2.405693979315109488e+01 0.000000000000000000e+00 -7.044218987355854722e-02 3.061767300805939840e-01 0.000000000000000000e+00 2.714000000000000341e+02
3.814865799521482082e+00 -2.402632212014303903e+01 0.000000000000000000e+00 -7.044218987356298811e-02 3.061767300805584568e-01 0.000000000000000000e+00 2.715000000000000000e+02
3.807821580534126227e+00 -2.399570444713497963e+01 0.000000000000000000e+00 -7.044218987355854722e-02 3.061767300805939840e-01 0.000000000000000000e+00 2.716000000000000227e+02
3.800770489702340438e+00 -2.396341434927375502e+01 0.000000000000000000e+00 -7.051090831785788993e-02 3.229009786122460923e-01 0.000000000000000000e+00 2.716999999999999886e+02
3.793713094159008925e+00 -2.392958985167621577e+01 0.000000000000000000e+00 -7.057395543331512755e-02 3.382449759753924923e-01 0.000000000000000000e+00 2.718000000000000114e+02
3.786655698615677856e+00 -2.389576535407868008e+01 0.000000000000000000e+00 -7.057395543331068666e-02 3.382449759753569651e-01 0.000000000000000000e+00 2.719000000000000341e+02
3.779598303072346344e+00 -2.386194085648114438e+01 0.000000000000000000e+00 -7.057395543331512755e-02 3.382449759753569651e-01 0.000000000000000000e+00 2.720000000000000000e+02
3.772540907529014831e+00 -2.382811635888360868e+01 0.000000000000000000e+00 -7.057395543331512755e-02 3.382449759753569651e-01 0.000000000000000000e+00 2.721000000000000227e+02
3.765483511985683762e+00 -2.379429186128607299e+01 0.000000000000000000e+00 -7.057395543331068666e-02 3.382449759753569651e-01 0.000000000000000000e+00 2.721999999999999886e+02
3.758426116442352249e+00 -2.376046736368853729e+01 0.000000000000000000e+00 -7.057395543331512755e-02 3.382449759753569651e-01 0.000000000000000000e+00 2.723000000000000114e+02
3.751368720899020737e+00 -2.372664286609099804e+01 0.000000000000000000e+00 -7.057395543331512755e-02 3.382449759753924923e-01 0.000000000000000000e+00 2.724000000000000341e+02
3.744481847169155664e+00 -2.369332206811730757e+01 0.000000000000000000e+00 -6.886873729865072846e-02 3.332079797369047469e-01 0.000000000000000000e+00 2.725000000000000000e+02
3.737868656481610152e+00 -2.366080969484112018e+01 0.000000000000000000e+00 -6.613190687545511537e-02 3.251237327618738959e-01 0.000000000000000000e+00 2.726000000000000227e+02
3.731255465794064641e+00 -2.362829732156493279e+01 0.000000000000000000e+00 -6.613190687545511537e-02 3.251237327618738959e-01 0.000000000000000000e+00 2.726999999999999886e+02
3.724642275106518685e+00 -2.359578494828874540e+01 0.000000000000000000e+00 -6.613190687545955626e-02 3.251237327618738959e-01 0.000000000000000000e+00 2.728000000000000114e+02
3.718029084418973174e+00 -2.356327257501256156e+01 0.000000000000000000e+00 -6.613190687545511537e-02 3.251237327618383688e-01 0.000000000000000000e+00 2.729000000000000341e+02
3.711415893731427662e+00 -2.353076020173637417e+01 0.000000000000000000e+00 -6.613190687545511537e-02 3.251237327618738959e-01 0.000000000000000000e+00 2.730000000000000000e+02
3.704802703043882151e+00 -2.349824782846018678e+01 0.000000000000000000e+00 -6.613190687545511537e-02 3.251237327618738959e-01 0.000000000000000000e+00 2.731000000000000227e+02
3.698189512356336195e+00 -2.346573545518399939e+01 0.000000000000000000e+00 -6.613190687545955626e-02 3.251237327618738959e-01 0.000000000000000000e+00 2.731999999999999886e+02
3.691787787778407548e+00 -2.343192269038350517e+01 0.000000000000000000e+00 -6.401724577928646909e-02 3.381276480049422162e-01 0.000000000000000000e+00 2.733000000000000114e+02
3.685556996165129107e+00 -2.339705878893110125e+01 0.000000000000000000e+00 -6.230791613278441332e-02 3.486390145240392258e-01 0.000000000000000000e+00 2.734000000000000341e+02
3.679326204551850665e+00 -2.336219488747869377e+01 0.000000000000000000e+00 -6.230791613278441332e-02 3.486390145240747529e-01 0.000000000000000000e+00 2.735000000000000000e+02
3.673095412938572224e+00 -2.332733098602628985e+01 0.000000000000000000e+00 -6.230791613278441332e-02 3.486390145240392258e-01 0.000000000000000000e+00 2.736000000000000227e+02
3.666864621325293783e+00 -2.329246708457388237e+01 0.000000000000000000e+00 -6.230791613278441332e-02 3.486390145240747529e-01 0.000000000000000000e+00 2.736999999999999886e+02
3.660633829712015341e+00 -2.325760318312147845e+01 0.000000000000000000e+00 -6.230791613278441332e-02 3.486390145240392258e-01 0.000000000000000000e+00 2.738000000000000114e+02
3.654403038098736900e+00 -2.322273928166907098e+01 0.000000000000000000e+00 -6.230791613278441332e-02 3.486390145240747529e-01 0.000000000000000000e+00 2.739000000000000341e+02
3.648172246485458459e+00 -2.318787538021666350e+01 0.000000000000000000e+00 -6.230791613278441332e-02 3.486390145240747529e-01 0.000000000000000000e+00 2.740000000000000000e+02
3.646789984625501191e+00 -2.314875202523216302e+01 0.000000000000000000e+00 -1.382261859957267802e-02 3.912335498450048021e-01 0.000000000000000000e+00 2.741000000000000227e+02
3.650176526678607924e+00 -2.310543925619745664e+01 0.000000000000000000e+00 3.386542053106733619e-02 4.331276903470637762e-01 0.000000000000000000e+00 2.741999999999999886e+02
3.653563068731714214e+00 -2.306212648716275382e+01 0.000000000000000000e+00 3.386542053106289529e-02 4.331276903470282491e-01 0.000000000000000000e+00 2.743000000000000114e+02
3.656949610784820948e+00 -2.301881371812805099e+01 0.000000000000000000e+00 3.386542053106733619e-02 4.331276903470282491e-01 0.000000000000000000e+00 2.744000000000000341e+02
3.660336152837927237e+00 -2.297550094909334462e+01 0.000000000000000000e+00 3.386542053106289529e-02 4.331276903470637762e-01 0.000000000000000000e+00 2.745000000000000000e+02
3.663722694891033971e+00 -2.293218818005864179e+01 0.000000000000000000e+00 3.386542053106733619e-02 4.331276903470282491e-01 0.000000000000000000e+00 2.746000000000000227e+02
3.667109236944140260e+00 -2.288887541102393897e+01 0.000000000000000000e+00 3.386542053106289529e-02 4.331276903470282491e-01 0.000000000000000000e+00 2.746999999999999886e+02
3.670495778997246994e+00 -2.284556264198923614e+01 0.000000000000000000e+00 3.386542053106733619e-02 4.331276903470282491e-01 0.000000000000000000e+00 2.748000000000000114e+02
3.673882321050353283e+00 -2.280224987295452976e+01 0.000000000000000000e+00 3.386542053106289529e-02 4.331276903470637762e-01 0.000000000000000000e+00 2.749000000000000341e+02
3.677268863103460017e+00 -2.275893710391982694e+01 0.000000000000000000e+00 3.386542053106733619e-02 4.331276903470282491e-01 0.000000000000000000e+00 2.750000000000000000e+02
3.680755852972367848e+00 -2.271553228302859040e+01 0.000000000000000000e+00 3.486989868907830470e-02 4.340482089123653964e-01 0.000000000000000000e+00 2.751000000000000227e+02
3.686070251897415329e+00 -2.267045279758718124e+01 0.000000000000000000e+00 5.314398925047481015e-02 4.507948544140916169e-01 0.000000000000000000e+00 2.751999999999999886e+02
3.691384650822462810e+00 -2.262537331214577208e+01 0.000000000000000000e+00 5.314398925047481015e-02 4.507948544140916169e-01 0.000000000000000000e+00 2.753000000000000114e+02
3.696699049747510735e+00 -2.258029382670436291e+01 0.000000000000000000e+00 5.314398925047925104e-02 4.507948544140916169e-01 0.000000000000000000e+00 2.754000000000000341e+02
3.702013448672558216e+00 -2.253521434126295375e+01 0.000000000000000000e+00 5.314398925047481015e-02 4.507948544140916169e-01 0.000000000000000000e+00 2.755000000000000000e+02
3.707327847597606141e+00 -2.249013485582154459e+01 0.000000000000000000e+00 5.314398925047925104e-02 4.507948544140916169e-01 0.000000000000000000e+00 2.756000000000000227e+02
3.712642246522653622e+00 -2.244505537038013543e+01 0.000000000000000000e+00 5.314398925047481015e-02 4.507948544140916169e-01 0.000000000000000000e+00 2.756999999999999886e+02
3.717956645447701103e+00 -2.239997588493872627e+01 0.000000000000000000e+00 5.314398925047481015e-02 4.507948544140916169e-01 0.000000000000000000e+00 2.758000000000000114e+02
3.723271044372749028e+00 -2.235489639949731711e+01 0.000000000000000000e+00 5.314398925047925104e-02 4.507948544140916169e-01 0.000000000000000000e+00 2.759000000000000341e+02
3.728585443297796509e+00 -2.230981691405591150e+01 0.000000000000000000e+00 5.314398925047481015e-02 4.507948544140560898e-01 0.000000000000000000e+00 2.760000000000000000e+02
3.733899842222843990e+00 -2.226473742861450233e+01 0.000000000000000000e+00 5.314398925047481015e-02 4.507948544140916169e-01 0.000000000000000000e+00 2.761000000000000227e+02
3.739100150373032783e+00 -2.222045458939811269e+01 0.000000000000000000e+00 5.200308150188792666e-02 4.428283921638964671e-01 0.000000000000000000e+00 2.761999999999999886e+02
3.744178655030536262e+00 -2.217702225095851531e+01 0.000000000000000000e+00 5.078504657503479791e-02 4.343233843959737328e-01 0.000000000000000000e+00 2.763000000000000114e+02
3.749257159688039742e+00 -2.213358991251891439e+01 0.000000000000000000e+00 5.078504657503479791e-02 4.343233843960092599e-01 0.000000000000000000e+00 2.764000000000000341e+02
3.754335664345543222e+00 -2.209015757407931702e+01 0.000000000000000000e+00 5.078504657503479791e-02 4.343233843959737328e-01 0.000000000000000000e+00 2.765000000000000000e+02
3.759414169003046702e+00 -2.204672523563971609e+01 0.000000000000000000e+00 5.078504657503479791e-02 4.343233843960092599e-01 0.000000000000000000e+00 2.766000000000000227e+02
3.764492673660550182e+00 -2.200329289720011872e+01 0.000000000000000000e+00 5.078504657503479791e-02 4.343233843959737328e-01 0.000000000000000000e+00 2.766999999999999886e+02
3.769571178318053661e+00 -2.195986055876051779e+01 0.000000000000000000e+00 5.078504657503479791e-02 4.343233843960092599e-01 0.000000000000000000e+00 2.768000000000000114e+02
3.774649682975557141e+00 -2.191642822032092042e+01 0.000000000000000000e+00 5.078504657503479791e-02 4.343233843959737328e-01 0.000000000000000000e+00 2.769000000000000341e+02
3.779728187633060621e+00 -2.187299588188131949e+01 0.000000000000000000e+00 5.078504657503479791e-02 4.343233843960092599e-01 0.000000000000000000e+00 2.770000000000000000e+02
3.784806692290564101e+00 -2.182956354344172212e+01 0.000000000000000000e+00 5.078504657503479791e-02 4.343233843959737328e-01 0.000000000000000000e+00 2.771000000000000227e+02
3.789759871816391179e+00 -2.178615935830639572e+01 0.000000000000000000e+00 4.953179525827078322e-02 4.340418513532640077e-01 0.000000000000000000e+00 2.771999999999999886e+02
3.794263591495136367e+00 -2.174285614078758044e+01 0.000000000000000000e+00 4.503719678745188304e-02 4.330321751881527348e-01 0.000000000000000000e+00 2.773000000000000114e+02
3.798767311173881112e+00 -2.169955292326876517e+01 0.000000000000000000e+00 4.503719678744744215e-02 4.330321751881527348e-01 0.000000000000000000e+00 2.774000000000000341e+02
3.803271030852626300e+00 -2.165624970574994990e+01 0.000000000000000000e+00 4.503719678745188304e-02 4.330321751881527348e-01 0.000000000000000000e+00 2.775000000000000000e+02
3.807774750531371488e+00 -2.161294648823113462e+01 0.000000000000000000e+00 4.503719678745188304e-02 4.330321751881527348e-01 0.000000000000000000e+00 2.776000000000000227e+02
3.812278470210116232e+00 -2.156964327071231935e+01 0.000000000000000000e+00 4.503719678744744215e-02 4.330321751881527348e-01 0.000000000000000000e+00 2.776999999999999886e+02
3.816782189888861421e+00 -2.152634005319350408e+01 0.000000000000000000e+00 4.503719678745188304e-02 4.330321751881527348e-01 0.000000000000000000e+00 2.778000000000000114e+02
3.821285909567606165e+00 -2.148303683567468880e+01 0.000000000000000000e+00 4.503719678744744215e-02 4.330321751881527348e-01 0.000000000000000000e+00 2.779000000000000341e+02
3.825789629246351353e+00 -2.143973361815587353e+01 0.000000000000000000e+00 4.503719678745188304e-02 4.330321751881527348e-01 0.000000000000000000e+00 2.780000000000000000e+02
3.830293348925096542e+00 -2.139643040063705826e+01 0.000000000000000000e+00 4.503719678745188304e-02 4.330321751881527348e-01 0.000000000000000000e+00 2.781000000000000227e+02
3.834797044073967154e+00 -2.135312951609006404e+01 0.000000000000000000e+00 4.503695148870612286e-02 4.330088454699421163e-01 0.000000000000000000e+00 2.781999999999999886e+02
3.839285622705220558e+00 -2.131126632377892349e+01 0.000000000000000000e+00 4.488578631253403728e-02 4.186319231114055128e-01 0.000000000000000000e+00 2.783000000000000114e+02
3.843774201336473961e+00 -2.126940313146778294e+01 0.000000000000000000e+00 4.488578631253403728e-02 4.186319231114055128e-01 0.000000000000000000e+00 2.784000000000000341e+02
3.848262779967727809e+00 -2.122753993915664594e+01 0.000000000000000000e+00 4.488578631253847817e-02 4.186319231113699857e-01 0.000000000000000000e+00 2.785000000000000000e+02
3.852751358598981213e+00 -2.118567674684550539e+01 0.000000000000000000e+00 4.488578631253403728e-02 4.186319231114055128e-01 0.000000000000000000e+00 2.786000000000000227e+02
3.857239937230234617e+00 -2.114381355453436839e+01 0.000000000000000000e+00 4.488578631253403728e-02 4.186319231113699857e-01 0.000000000000000000e+00 2.786999999999999886e+02
3.861728515861488020e+00 -2.110195036222322784e+01 0.000000000000000000e+00 4.488578631253403728e-02 4.186319231114055128e-01 0.000000000000000000e+00 2.788000000000000114e+02
3.866217094492741424e+00 -2.106008716991209084e+01 0.000000000000000000e+00 4.488578631253403728e-02 4.186319231113699857e-01 0.000000000000000000e+00 2.789000000000000341e+02
3.870705673123994828e+00 -2.101822397760095029e+01 0.000000000000000000e+00 4.488578631253403728e-02 4.186319231114055128e-01 0.000000000000000000e+00 2.790000000000000000e+02
3.875194251755248231e+00 -2.097636078528981329e+01 0.000000000000000000e+00 4.488578631253403728e-02 4.186319231113699857e-01 0.000000000000000000e+00 2.791000000000000227e+02
3.879481847551418561e+00 -2.093503093529145076e+01 0.000000000000000000e+00 4.287595796170329265e-02 4.132984999836253337e-01 0.000000000000000000e+00 2.791999999999999886e+02
3.882255144336590025e+00 -2.089771953660226700e+01 0.000000000000000000e+00 2.773296785171464052e-02 3.731139868918376123e-01 0.000000000000000000e+00 2.793000000000000114e+02
3.885028441121761933e+00 -2.086040813791308679e+01 0.000000000000000000e+00 2.773296785171908141e-02 3.731139868918020852e-01 0.000000000000000000e+00 2.794000000000000341e+02
3.887801737906933397e+00 -2.082309673922390303e+01 0.000000000000000000e+00 2.773296785171464052e-02 3.731139868918376123e-01 0.000000000000000000e+00 2.795000000000000000e+02
3.890575034692104861e+00 -2.078578534053471927e+01 0.000000000000000000e+00 2.773296785171464052e-02 3.731139868918376123e-01 0.000000000000000000e+00 2.796000000000000227e+02
3.893348331477276769e+00 -2.074847394184553906e+01 0.000000000000000000e+00 2.773296785171908141e-02 3.731139868918020852e-01 0.000000000000000000e+00 2.796999999999999886e+02
3.896121628262448233e+00 -2.071116254315635530e+01 0.000000000000000000e+00 2.773296785171464052e-02 3.731139868918376123e-01 0.000000000000000000e+00 2.798000000000000114e+02
3.898894925047620141e+00 -2.067385114446717154e+01 0.000000000000000000e+00 2.773296785171908141e-02 3.731139868918376123e-01 0.000000000000000000e+00 2.799000000000000341e+02
3.901668221832791605e+00 -2.063653974577799133e+01 0.000000000000000000e+00 2.773296785171464052e-02 3.731139868918020852e-01 0.000000000000000000e+00 2.800000000000000000e+02
3.902579587312219989e+00 -2.059879267198567376e+01 0.000000000000000000e+00 9.113654794283831961e-03 3.774707379231756477e-01 0.000000000000000000e+00 2.801000000000000227e+02
3.899814650613598221e+00 -2.056018537669880786e+01 0.000000000000000000e+00 -2.764936698621767164e-02 3.860729528686590584e-01 0.000000000000000000e+00 2.801999999999999886e+02
3.897049713914976454e+00 -2.052157808141194195e+01 0.000000000000000000e+00 -2.764936698621767164e-02 3.860729528686590584e-01 0.000000000000000000e+00 2.803000000000000114e+02
3.894284777216354687e+00 -2.048297078612507605e+01 0.000000000000000000e+00 -2.764936698621767164e-02 3.860729528686590584e-01 0.000000000000000000e+00 2.804000000000000341e+02
3.891519840517732920e+00 -2.044436349083821014e+01 0.000000000000000000e+00 -2.764936698621767164e-02 3.860729528686590584e-01 0.000000000000000000e+00 2.805000000000000000e+02
3.888754903819111153e+00 -2.040575619555134779e+01 0.000000000000000000e+00 -2.764936698621767164e-02 3.860729528686235312e-01 0.000000000000000000e+00 2.806000000000000227e+02
3.885989967120489386e+00 -2.036714890026448188e+01 0.000000000000000000e+00 -2.764936698621767164e-02 3.860729528686590584e-01 0.000000000000000000e+00 2.806999999999999886e+02
3.883225030421868063e+00 -2.032854160497761598e+01 0.000000000000000000e+00 -2.764936698621323075e-02 3.860729528686590584e-01 0.000000000000000000e+00 2.808000000000000114e+02
3.880460093723246295e+00 -2.028993430969075007e+01 0.000000000000000000e+00 -2.764936698621767164e-02 3.860729528686590584e-01 0.000000000000000000e+00 2.809000000000000341e+02
3.877722224605593571e+00 -2.025024772548123053e+01 0.000000000000000000e+00 -2.737869117652724782e-02 3.968658420951953758e-01 0.000000000000000000e+00 2.810000000000000000e+02
3.875048109292398291e+00 -2.020801903102529096e+01 0.000000000000000000e+00 -2.674115313195279953e-02 4.222869445593957494e-01 0.000000000000000000e+00 2.811000000000000227e+02
3.872373993979203011e+00 -2.016579033656935138e+01 0.000000000000000000e+00 -2.674115313195279953e-02 4.222869445593957494e-01 0.000000000000000000e+00 2.811999999999999886e+02
3.869699878666007731e+00 -2.012356164211341181e+01 0.000000000000000000e+00 -2.674115313195279953e-02 4.222869445593957494e-01 0.000000000000000000e+00 2.813000000000000114e+02
3.867025763352812451e+00 -2.008133294765747223e+01 0.000000000000000000e+00 -2.674115313195279953e-02 4.222869445593957494e-01 0.000000000000000000e+00 2.814000000000000341e+02
3.864351648039617171e+00 -2.003910425320153266e+01 0.000000000000000000e+00 -2.674115313195279953e-02 4.222869445593957494e-01 0.000000000000000000e+00 2.815000000000000000e+02
3.861677532726421891e+00 -1.999687555874558953e+01 0.000000000000000000e+00 -2.674115313195279953e-02 4.222869445594312765e-01 0.000000000000000000e+00 2.816000000000000227e+02
3.859003417413227055e+00 -1.995464686428964995e+01 0.000000000000000000e+00 -2.674115313194835863e-02 4.222869445593957494e-01 0.000000000000000000e+00 2.816999999999999886e+02
3.856329302100031775e+00 -1.991241816983371038e+01 0.000000000000000000e+00 -2.674115313195279953e-02 4.222869445593957494e-01 0.000000000000000000e+00 2.818000000000000114e+02
3.853655186786836495e+00 -1.987018947537777080e+01 0.000000000000000000e+00 -2.674115313195279953e-02 4.222869445593957494e-01 0.000000000000000000e+00 2.819000000000000341e+02
3.851663977553423379e+00 -1.982957589744076543e+01 0.000000000000000000e+00 -1.991209233413115953e-02 4.061357793700537400e-01 0.000000000000000000e+00 2.820000000000000000e+02
3.851542901256725049e+00 -1.979338530340757174e+01 0.000000000000000000e+00 -1.210762966983303102e-03 3.619059403319369039e-01 0.000000000000000000e+00 2.821000000000000227e+02
3.851421824960026719e+00 -1.975719470937437805e+01 0.000000000000000000e+00 -1.210762966983303102e-03 3.619059403319369039e-01 0.000000000000000000e+00 2.821999999999999886e+02
3.851300748663328388e+00 -1.972100411534118436e+01 0.000000000000000000e+00 -1.210762966983303102e-03 3.619059403319369039e-01 0.000000000000000000e+00 2.823000000000000114e+02
3.851179672366630058e+00 -1.968481352130799067e+01 0.000000000000000000e+00 -1.210762966983303102e-03 3.619059403319369039e-01 0.000000000000000000e+00 2.824000000000000341e+02
3.851058596069931728e+00 -1.964862292727479698e+01 0.000000000000000000e+00 -1.210762966983303102e-03 3.619059403319369039e-01 0.000000000000000000e+00 2.825000000000000000e+02
3.850937519773233841e+00 -1.961243233324160329e+01 0.000000000000000000e+00 -1.210762966978862210e-03 3.619059403319369039e-01 0.000000000000000000e+00 2.826000000000000227e+02
3.850816443476535511e+00 -1.957624173920840960e+01 0.000000000000000000e+00 -1.210762966983303102e-03 3.619059403319369039e-01 0.000000000000000000e+00 2.826999999999999886e+02
3.850695367179837181e+00 -1.954005114517521591e+01 0.000000000000000000e+00 -1.210762966983303102e-03 3.619059403319369039e-01 0.000000000000000000e+00 2.828000000000000114e+02
3.868147511865323906e+00 -1.950491573268798717e+01 0.000000000000000000e+00 1.745214468548672571e-01 3.513541248722873434e-01 0.000000000000000000e+00 2.829000000000000341e+02
3.888480562273801677e+00 -1.946995330377374955e+01 0.000000000000000000e+00 2.033305040847777079e-01 3.496242891423761989e-01 0.000000000000000000e+00 2.830000000000000000e+02
3.908813612682279448e+00 -1.943499087485951549e+01 0.000000000000000000e+00 2.033305040847777079e-01 3.496242891423406718e-01 0.000000000000000000e+00 2.831000000000000227e+02
3.929146663090757663e+00 -1.940002844594528142e+01 0.000000000000000000e+00 2.033305040847821488e-01 3.496242891423406718e-01 0.000000000000000000e+00 2.831999999999999886e+02
3.949479713499235434e+00 -1.936506601703104380e+01 0.000000000000000000e+00 2.033305040847777079e-01 3.496242891423761989e-01 0.000000000000000000e+00 2.833000000000000114e+02
3.969812763907713205e+00 -1.933010358811680973e+01 0.000000000000000000e+00 2.033305040847777079e-01 3.496242891423406718e-01 0.000000000000000000e+00 2.834000000000000341e+02
3.990145814316190975e+00 -1.929514115920257566e+01 0.000000000000000000e+00 2.033305040847777079e-01 3.496242891423406718e-01 0.000000000000000000e+00 2.835000000000000000e+02
4.010478864724668746e+00 -1.926017873028833804e+01 0.000000000000000000e+00 2.033305040847777079e-01 3.496242891423761989e-01 0.000000000000000000e+00 2.836000000000000227e+02
4.030811915133146073e+00 -1.922521630137410398e+01 0.000000000000000000e+00 2.033305040847732670e-01 3.496242891423406718e-01 0.000000000000000000e+00 2.836999999999999886e+02
4.058985085062018605e+00 -1.917947832723076118e+01 0.000000000000000000e+00 2.817316992887253235e-01 4.573797414334279665e-01 0.000000000000000000e+00 2.838000000000000114e+02
4.087591656412553398e+00 -1.913314468147688885e+01 0.000000000000000000e+00 2.860657135053479294e-01 4.633364575387233231e-01 0.000000000000000000e+00 2.839000000000000341e+02
4.116198227763088191e+00 -1.908681103572301296e+01 0.000000000000000000e+00 2.860657135053479294e-01 4.633364575387588502e-01 0.000000000000000000e+00 2.840000000000000000e+02
4.144804799113622984e+00 -1.904047738996914063e+01 0.000000000000000000e+00 2.860657135053479294e-01 4.633364575387233231e-01 0.000000000000000000e+00 2.841000000000000227e+02
4.173411370464158665e+00 -1.899414374421526475e+01 0.000000000000000000e+00 2.860657135053568112e-01 4.633364575387588502e-01 0.000000000000000000e+00 2.841999999999999886e+02
4.202017941814693458e+00 -1.894781009846139241e+01 0.000000000000000000e+00 2.860657135053479294e-01 4.633364575387233231e-01 0.000000000000000000e+00 2.843000000000000114e+02
4.230624513165228251e+00 -1.890147645270751653e+01 0.000000000000000000e+00 2.860657135053479294e-01 4.633364575387588502e-01 0.000000000000000000e+00 2.844000000000000341e+02
4.259231084515763044e+00 -1.885514280695364420e+01 0.000000000000000000e+00 2.860657135053479294e-01 4.633364575387233231e-01 0.000000000000000000e+00 2.845000000000000000e+02
4.287837655866297837e+00 -1.880880916119976831e+01 0.000000000000000000e+00 2.860657135053479294e-01 4.633364575387588502e-01 0.000000000000000000e+00 2.846000000000000227e+02
4.316444227216832630e+00 -1.876247551544589598e+01 0.000000000000000000e+00 2.860657135053479294e-01 4.633364575387233231e-01 0.000000000000000000e+00 2.846999999999999886e+02
4.345050798567367423e+00 -1.871614186969202009e+01 0.000000000000000000e+00 2.860657135053479294e-01 4.633364575387588502e-01 0.000000000000000000e+00 2.848000000000000114e+02
4.373657369917902216e+00 -1.866980822393814776e+01 0.000000000000000000e+00 2.860657135053479294e-01 4.633364575387233231e-01 0.000000000000000000e+00 2.849000000000000341e+02
4.402263941268437009e+00 -1.862347457818427188e+01 0.000000000000000000e+00 2.860657135053479294e-01 4.633364575387588502e-01 0.000000000000000000e+00 2.850000000000000000e+02
4.430496530636499841e+00 -1.857744798653502016e+01 0.000000000000000000e+00 2.823258936806283259e-01 4.602659164925171353e-01 0.000000000000000000e+00 2.851000000000000227e+02
4.445692327786761489e+00 -1.854212512059762474e+01 0.000000000000000000e+00 1.519579715026164735e-01 3.532286593739542013e-01 0.000000000000000000e+00 2.851999999999999886e+02
4.460888124937023136e+00 -1.850680225466022932e+01 0.000000000000000000e+00 1.519579715026164735e-01 3.532286593739542013e-01 0.000000000000000000e+00 2.853000000000000114e+02
4.476083922087284783e+00 -1.847147938872283746e+01 0.000000000000000000e+00 1.519579715026164735e-01 3.532286593739186742e-01 0.000000000000000000e+00 2.854000000000000341e+02
4.491279719237546431e+00 -1.843615652278544204e+01 0.000000000000000000e+00 1.519579715026164735e-01 3.532286593739542013e-01 0.000000000000000000e+00 2.855000000000000000e+02
4.506475516387808078e+00 -1.840083365684804662e+01 0.000000000000000000e+00 1.519579715026164735e-01 3.532286593739542013e-01 0.000000000000000000e+00 2.856000000000000227e+02
4.521671313538069725e+00 -1.836551079091065120e+01 0.000000000000000000e+00 1.519579715026164735e-01 3.532286593739542013e-01 0.000000000000000000e+00 2.856999999999999886e+02
4.536867110688331373e+00 -1.833018792497325933e+01 0.000000000000000000e+00 1.519579715026164735e-01 3.532286593739186742e-01 0.000000000000000000e+00 2.858000000000000114e+02
4.552062907838593020e+00 -1.829486505903586391e+01 0.000000000000000000e+00 1.519579715026164735e-01 3.532286593739542013e-01 0.000000000000000000e+00 2.859000000000000341e+02
4.551863874520323705e+00 -1.826025806071292124e+01 0.000000000000000000e+00 -1.990333182693149183e-03 3.460699832294267253e-01 0.000000000000000000e+00 2.860000000000000000e+02
4.536948541775132959e+00 -1.822633537795849534e+01 0.000000000000000000e+00 -1.491533274519074581e-01 3.392268275442589243e-01 0.000000000000000000e+00 2.861000000000000227e+02
4.522033209029943102e+00 -1.819241269520406590e+01 0.000000000000000000e+00 -1.491533274518985763e-01 3.392268275442944514e-01 0.000000000000000000e+00 2.861999999999999886e+02
4.507117876284753244e+00 -1.815849001244964001e+01 0.000000000000000000e+00 -1.491533274518985763e-01 3.392268275442589243e-01 0.000000000000000000e+00 2.863000000000000114e+02
4.492202543539562498e+00 -1.812456732969521411e+01 0.000000000000000000e+00 -1.491533274519074581e-01 3.392268275442589243e-01 0.000000000000000000e+00 2.864000000000000341e+02
4.477287210794372641e+00 -1.809064464694078822e+01 0.000000000000000000e+00 -1.491533274518985763e-01 3.392268275442589243e-01 0.000000000000000000e+00 2.865000000000000000e+02
4.462371878049182783e+00 -1.805672196418636233e+01 0.000000000000000000e+00 -1.491533274518985763e-01 3.392268275442589243e-01 0.000000000000000000e+00 2.866000000000000227e+02
4.447456545303992925e+00 -1.802279928143193644e+01 0.000000000000000000e+00 -1.491533274518985763e-01 3.392268275442589243e-01 0.000000000000000000e+00 2.866999999999999886e+02
4.432493416596493319e+00 -1.798881592693803810e+01 0.000000000000000000e+00 -1.496312870749960666e-01 3.398335449389833229e-01 0.000000000000000000e+00 2.868000000000000114e+02
4.412568700248712616e+00 -1.794853438033469573e+01 0.000000000000000000e+00 -1.992471634778070211e-01 4.028154660334237747e-01 0.000000000000000000e+00 2.869000000000000341e+02
4.392643983900932803e+00 -1.790825283373135335e+01 0.000000000000000000e+00 -1.992471634777981393e-01 4.028154660334237747e-01 0.000000000000000000e+00 2.870000000000000000e+02
4.372719267553152989e+00 -1.786797128712801097e+01 0.000000000000000000e+00 -1.992471634777981393e-01 4.028154660334237747e-01 0.000000000000000000e+00 2.871000000000000227e+02
4.352794551205372287e+00 -1.782768974052467215e+01 0.000000000000000000e+00 -1.992471634778070211e-01 4.028154660333882475e-01 0.000000000000000000e+00 2.871999999999999886e+02
4.332869834857592473e+00 -1.778740819392132977e+01 0.000000000000000000e+00 -1.992471634777981393e-01 4.028154660334237747e-01 0.000000000000000000e+00 2.873000000000000114e+02
4.312945118509811770e+00 -1.774712664731798739e+01 0.000000000000000000e+00 -1.992471634778070211e-01 4.028154660334237747e-01 0.000000000000000000e+00 2.874000000000000341e+02
4.293020402162031957e+00 -1.770684510071464857e+01 0.000000000000000000e+00 -1.992471634777981393e-01 4.028154660333882475e-01 0.000000000000000000e+00 2.875000000000000000e+02
4.273095685814252143e+00 -1.766656355411130619e+01 0.000000000000000000e+00 -1.992471634777981393e-01 4.028154660334237747e-01 0.000000000000000000e+00 2.876000000000000227e+02
4.253170969466471441e+00 -1.762628200750796381e+01 0.000000000000000000e+00 -1.992471634778070211e-01 4.028154660334237747e-01 0.000000000000000000e+00 2.876999999999999886e+02
4.233246253118691627e+00 -1.758600046090462499e+01 0.000000000000000000e+00 -1.992471634777981393e-01 4.028154660333882475e-01 0.000000000000000000e+00 2.878000000000000114e+02
4.213340411453080137e+00 -1.754615055265632506e+01 0.000000000000000000e+00 -1.990584166561149004e-01 3.984990824829992562e-01 0.000000000000000000e+00 2.879000000000000341e+02
4.193799323544636692e+00 -1.751464206760799769e+01 0.000000000000000000e+00 -1.954108790844344412e-01 3.150848504832737262e-01 0.000000000000000000e+00 2.880000000000000000e+02
4.174258235636192360e+00 -1.748313358255967387e+01 0.000000000000000000e+00 -1.954108790844433230e-01 3.150848504832381991e-01 0.000000000000000000e+00 2.881000000000000227e+02
4.154717147727748916e+00 -1.745162509751135005e+01 0.000000000000000000e+00 -1.954108790844344412e-01 3.150848504832381991e-01 0.000000000000000000e+00 2.881999999999999886e+02
4.135176059819304584e+00 -1.742011661246302623e+01 0.000000000000000000e+00 -1.954108790844433230e-01 3.150848504832381991e-01 0.000000000000000000e+00 2.883000000000000114e+02
4.115634971910860251e+00 -1.738860812741470241e+01 0.000000000000000000e+00 -1.954108790844433230e-01 3.150848504832381991e-01 0.000000000000000000e+00 2.884000000000000341e+02
4.096093884002416807e+00 -1.735709964236637859e+01 0.000000000000000000e+00 -1.954108790844344412e-01 3.150848504832381991e-01 0.000000000000000000e+00 2.885000000000000000e+02
4.076552796093972475e+00 -1.732559115731805122e+01 0.000000000000000000e+00 -1.954108790844433230e-01 3.150848504832737262e-01 0.000000000000000000e+00 2.886000000000000227e+02
4.057011708185529031e+00 -1.729408267226972740e+01 0.000000000000000000e+00 -1.954108790844344412e-01 3.150848504832381991e-01 0.000000000000000000e+00 2.886999999999999886e+02
4.037985108520298461e+00 -1.726498779173433462e+01 0.000000000000000000e+00 -1.902659966523057022e-01 2.909488053539277530e-01 0.000000000000000000e+00 2.888000000000000114e+02
4.019728362847119207e+00 -1.723950450600995055e+01 0.000000000000000000e+00 -1.825674567317925323e-01 2.548328572438407491e-01 0.000000000000000000e+00 2.889000000000000341e+02
4.001471617173939954e+00 -1.721402122028556292e+01 0.000000000000000000e+00 -1.825674567317925323e-01 2.548328572438762762e-01 0.000000000000000000e+00 2.890000000000000000e+02
3.983214871500761145e+00 -1.718853793456117884e+01 0.000000000000000000e+00 -1.825674567317880914e-01 2.548328572438407491e-01 0.000000000000000000e+00 2.891000000000000227e+02
3.964958125827581892e+00 -1.716305464883679122e+01 0.000000000000000000e+00 -1.825674567317925323e-01 2.548328572438762762e-01 0.000000000000000000e+00 2.891999999999999886e+02
3.946701380154403083e+00 -1.713757136311240359e+01 0.000000000000000000e+00 -1.825674567317880914e-01 2.548328572438762762e-01 0.000000000000000000e+00 2.893000000000000114e+02
3.928444634481223829e+00 -1.711208807738801951e+01 0.000000000000000000e+00 -1.825674567317925323e-01 2.548328572438407491e-01 0.000000000000000000e+00 2.894000000000000341e+02
3.909453836308807162e+00 -1.708547421042113612e+01 0.000000000000000000e+00 -1.899079817241666746e-01 2.661386696688339271e-01 0.000000000000000000e+00 2.895000000000000000e+02
3.888747805451417516e+00 -1.705621855706681345e+01 0.000000000000000000e+00 -2.070603085738964566e-01 2.925565335432267489e-01 0.000000000000000000e+00 2.896000000000000227e+02
3.868041774594027427e+00 -1.702696290371249432e+01 0.000000000000000000e+00 -2.070603085739008975e-01 2.925565335431912217e-01 0.000000000000000000e+00 2.896999999999999886e+02
3.847335743736637781e+00 -1.699770725035817165e+01 0.000000000000000000e+00 -2.070603085738964566e-01 2.925565335432267489e-01 0.000000000000000000e+00 2.898000000000000114e+02
3.826629712879248135e+00 -1.696845159700385253e+01 0.000000000000000000e+00 -2.070603085738964566e-01 2.925565335431912217e-01 0.000000000000000000e+00 2.899000000000000341e+02
3.805923682021858490e+00 -1.693919594364953340e+01 0.000000000000000000e+00 -2.070603085738964566e-01 2.925565335431912217e-01 0.000000000000000000e+00 2.900000000000000000e+02
3.785217651164468844e+00 -1.690994029029521073e+01 0.000000000000000000e+00 -2.070603085738964566e-01 2.925565335432267489e-01 0.000000000000000000e+00 2.901000000000000227e+02
3.764511620307079198e+00 -1.688068463694089161e+01 0.000000000000000000e+00 -2.070603085738964566e-01 2.925565335431912217e-01 0.000000000000000000e+00 2.901999999999999886e+02
3.743805589449689109e+00 -1.685142898358656893e+01 0.000000000000000000e+00 -2.070603085739008975e-01 2.925565335432267489e-01 0.000000000000000000e+00 2.903000000000000114e+02
3.722131984422180295e+00 -1.681778035613107747e+01 0.000000000000000000e+00 -2.167360502750881324e-01 3.364862745549146439e-01 0.000000000000000000e+00 2.904000000000000341e+02
3.700285190349659192e+00 -1.678334541687350878e+01 0.000000000000000000e+00 -2.184679407252110295e-01 3.443493925756868634e-01 0.000000000000000000e+00 2.905000000000000000e+02
3.678438396277138089e+00 -1.674891047761594365e+01 0.000000000000000000e+00 -2.184679407252110295e-01 3.443493925756513363e-01 0.000000000000000000e+00 2.906000000000000227e+02
3.656591602204616986e+00 -1.671447553835837851e+01 0.000000000000000000e+00 -2.184679407252110295e-01 3.443493925756513363e-01 0.000000000000000000e+00 2.906999999999999886e+02
3.634744808132095883e+00 -1.668004059910081338e+01 0.000000000000000000e+00 -2.184679407252110295e-01 3.443493925756513363e-01 0.000000000000000000e+00 2.908000000000000114e+02
3.612898014059574781e+00 -1.664560565984324469e+01 0.000000000000000000e+00 -2.184679407252110295e-01 3.443493925756868634e-01 0.000000000000000000e+00 2.909000000000000341e+02
3.591051219987053678e+00 -1.661117072058567956e+01 0.000000000000000000e+00 -2.184679407252110295e-01 3.443493925756513363e-01 0.000000000000000000e+00 2.910000000000000000e+02
3.569204425914532575e+00 -1.657673578132811443e+01 0.000000000000000000e+00 -2.184679407252110295e-01 3.443493925756513363e-01 0.000000000000000000e+00 2.911000000000000227e+02
3.547357631842011472e+00 -1.654230084207054574e+01 0.000000000000000000e+00 -2.184679407252110295e-01 3.443493925756868634e-01 0.000000000000000000e+00 2.911999999999999886e+02
3.525785819434720469e+00 -1.650824329731712226e+01 0.000000000000000000e+00 -2.157181240729100224e-01 3.405754475342348542e-01 0.000000000000000000e+00 2.913000000000000114e+02
3.505754943312995753e+00 -1.647630058769250283e+01 0.000000000000000000e+00 -2.003087612172471665e-01 3.194270962461942531e-01 0.000000000000000000e+00 2.914000000000000341e+02
3.485724067191271036e+00 -1.644435787806788696e+01 0.000000000000000000e+00 -2.003087612172471665e-01 3.194270962461587260e-01 0.000000000000000000e+00 2.915000000000000000e+02
3.465693191069545875e+00 -1.641241516844326753e+01 0.000000000000000000e+00 -2.003087612172516074e-01 3.194270962461942531e-01 0.000000000000000000e+00 2.916000000000000227e+02
3.445662314947821159e+00 -1.638047245881864811e+01 0.000000000000000000e+00 -2.003087612172471665e-01 3.194270962461942531e-01 0.000000000000000000e+00 2.916999999999999886e+02
3.425631438826096442e+00 -1.634852974919402868e+01 0.000000000000000000e+00 -2.003087612172471665e-01 3.194270962461942531e-01 0.000000000000000000e+00 2.918000000000000114e+02
3.405600562704371725e+00 -1.631658703956940926e+01 0.000000000000000000e+00 -2.003087612172471665e-01 3.194270962461942531e-01 0.000000000000000000e+00 2.919000000000000341e+02
3.385569686582647009e+00 -1.628464432994479338e+01 0.000000000000000000e+00 -2.003087612172471665e-01 3.194270962461587260e-01 0.000000000000000000e+00 2.920000000000000000e+02
3.365538810460922292e+00 -1.625270162032017396e+01 0.000000000000000000e+00 -2.003087612172471665e-01 3.194270962461942531e-01 0.000000000000000000e+00 2.921000000000000227e+02
3.346343580220571656e+00 -1.622077805357437441e+01 0.000000000000000000e+00 -1.919523024035063585e-01 3.192356674579954756e-01 0.000000000000000000e+00 2.921999999999999886e+02
3.330658427831577839e+00 -1.618893489528442231e+01 0.000000000000000000e+00 -1.568515238899381714e-01 3.184315828995210040e-01 0.000000000000000000e+00 2.923000000000000114e+02
3.314973275442584022e+00 -1.615709173699447376e+01 0.000000000000000000e+00 -1.568515238899381714e-01 3.184315828994854769e-01 0.000000000000000000e+00 2.924000000000000341e+02
3.299288123053590205e+00 -1.612524857870452166e+01 0.000000000000000000e+00 -1.568515238899381714e-01 3.184315828995210040e-01 0.000000000000000000e+00 2.925000000000000000e+02
3.283602970664596832e+00 -1.609340542041456956e+01 0.000000000000000000e+00 -1.568515238899337305e-01 3.184315828995210040e-01 0.000000000000000000e+00 2.926000000000000227e+02
3.267917818275603015e+00 -1.606156226212462101e+01 0.000000000000000000e+00 -1.568515238899381714e-01 3.184315828994854769e-01 0.000000000000000000e+00 2.926999999999999886e+02
3.252232665886609198e+00 -1.602971910383466891e+01 0.000000000000000000e+00 -1.568515238899381714e-01 3.184315828995210040e-01 0.000000000000000000e+00 2.928000000000000114e+02
3.236547513497615380e+00 -1.599787594554471859e+01 0.000000000000000000e+00 -1.568515238899381714e-01 3.184315828995032405e-01 0.000000000000000000e+00 2.929000000000000341e+02
3.231455330528855363e+00 -1.596052630230274261e+01 0.000000000000000000e+00 -5.092182968760017303e-02 3.734964324197598273e-01 0.000000000000000000e+00 2.930000000000000000e+02
3.249372737718121407e+00 -1.591121571053622930e+01 0.000000000000000000e+00 1.791740718926604359e-01 4.931059176651331200e-01 0.000000000000000000e+00 2.931000000000000227e+02
3.267290144907387450e+00 -1.586190511876971421e+01 0.000000000000000000e+00 1.791740718926604359e-01 4.931059176651508835e-01 0.000000000000000000e+00 2.931999999999999886e+02
3.285207552096653494e+00 -1.581259452700319912e+01 0.000000000000000000e+00 1.791740718926604359e-01 4.931059176651508835e-01 0.000000000000000000e+00 2.933000000000000114e+02
3.303124959285919537e+00 -1.576328393523668403e+01 0.000000000000000000e+00 1.791740718926604359e-01 4.931059176651508835e-01 0.000000000000000000e+00 2.934000000000000341e+02
3.321042366475185581e+00 -1.571397334347016894e+01 0.000000000000000000e+00 1.791740718926604359e-01 4.931059176651508835e-01 0.000000000000000000e+00 2.935000000000000000e+02
3.338959773664451625e+00 -1.566466275170365563e+01 0.000000000000000000e+00 1.791740718926604359e-01 4.931059176651331200e-01 0.000000000000000000e+00 2.936000000000000227e+02
3.356877180853717668e+00 -1.561535215993714054e+01 0.000000000000000000e+00 1.791740718926604359e-01 4.931059176651508835e-01 0.000000000000000000e+00 2.936999999999999886e+02
3.374794588042983712e+00 -1.556604156817062545e+01 0.000000000000000000e+00 1.791740718926604359e-01 4.931059176651508835e-01 0.000000000000000000e+00 2.938000000000000114e+02
3.392711995232250199e+00 -1.551673097640411036e+01 0.000000000000000000e+00 1.791740718926648768e-01 4.931059176651508835e-01 0.000000000000000000e+00 2.939000000000000341e+02
3.410629402421516243e+00 -1.546742038463759705e+01 0.000000000000000000e+00 1.791740718926604359e-01 4.931059176651331200e-01 0.000000000000000000e+00 2.940000000000000000e+02
3.428546809610782287e+00 -1.541810979287108196e+01 0.000000000000000000e+00 1.791740718926604359e-01 4.931059176651508835e-01 0.000000000000000000e+00 2.941000000000000227e+02
3.446464216800048330e+00 -1.536879920110456688e+01 0.000000000000000000e+00 1.791740718926604359e-01 4.931059176651508835e-01 0.000000000000000000e+00 2.941999999999999886e+02
3.464292041486354279e+00 -1.532033994404924826e+01 0.000000000000000000e+00 1.782782468630594863e-01 4.845925705531861638e-01 0.000000000000000000e+00 2.943000000000000114e+02
3.481251146321093781e+00 -1.528013644386055780e+01 0.000000000000000000e+00 1.695910483473950237e-01 4.020350018869045527e-01 0.000000000000000000e+00 2.944000000000000341e+02
3.498210251155833728e+00 -1.523993294367186735e+01 0.000000000000000000e+00 1.695910483473994645e-01 4.020350018869045527e-01 0.000000000000000000e+00 2.945000000000000000e+02
3.515169355990573674e+00 -1.519972944348317689e+01 0.000000000000000000e+00 1.695910483473994645e-01 4.020350018869045527e-01 0.000000000000000000e+00 2.946000000000000227e+02
3.532128460825313176e+00 -1.515952594329448644e+01 0.000000000000000000e+00 1.695910483473950237e-01 4.020350018869045527e-01 0.000000000000000000e+00 2.946999999999999886e+02
3.549087565660053123e+00 -1.511932244310579598e+01 0.000000000000000000e+00 1.695910483473994645e-01 4.020350018869045527e-01 0.000000000000000000e+00 2.948000000000000114e+02
3.566046670494793069e+00 -1.507911894291710553e+01 0.000000000000000000e+00 1.695910483473994645e-01 4.020350018869045527e-01 0.000000000000000000e+00 2.949000000000000341e+02
3.583005775329532572e+00 -1.503891544272841330e+01 0.000000000000000000e+00 1.695910483473950237e-01 4.020350018869223163e-01 0.000000000000000000e+00 2.950000000000000000e+02
3.599964880164272518e+00 -1.499871194253972284e+01 0.000000000000000000e+00 1.695910483473994645e-01 4.020350018869045527e-01 0.000000000000000000e+00 2.951000000000000227e+02
3.616923984999012465e+00 -1.495850844235103239e+01 0.000000000000000000e+00 1.695910483473994645e-01 4.020350018869045527e-01 0.000000000000000000e+00 2.951999999999999886e+02
3.633488177368806582e+00 -1.491819432048086114e+01 0.000000000000000000e+00 1.656419236979411735e-01 4.031412187017124893e-01 0.000000000000000000e+00 2.953000000000000114e+02
3.648216160608699798e+00 -1.487736584528044759e+01 0.000000000000000000e+00 1.472798323989321645e-01 4.082847520041354983e-01 0.000000000000000000e+00 2.954000000000000341e+02
3.662944143848592571e+00 -1.483653737008003404e+01 0.000000000000000000e+00 1.472798323989277236e-01 4.082847520041354983e-01 0.000000000000000000e+00 2.955000000000000000e+02
3.677672127088485343e+00 -1.479570889487962049e+01 0.000000000000000000e+00 1.472798323989277236e-01 4.082847520041354983e-01 0.000000000000000000e+00 2.956000000000000227e+02
3.692400110328378560e+00 -1.475488041967920516e+01 0.000000000000000000e+00 1.472798323989321645e-01 4.082847520041532619e-01 0.000000000000000000e+00 2.956999999999999886e+02
3.707128093568271332e+00 -1.471405194447879161e+01 0.000000000000000000e+00 1.472798323989277236e-01 4.082847520041354983e-01 0.000000000000000000e+00 2.958000000000000114e+02
3.721856076808164548e+00 -1.467322346927837806e+01 0.000000000000000000e+00 1.472798323989321645e-01 4.082847520041354983e-01 0.000000000000000000e+00 2.959000000000000341e+02
3.736584060048057321e+00 -1.463239499407796274e+01 0.000000000000000000e+00 1.472798323989277236e-01 4.082847520041532619e-01 0.000000000000000000e+00 2.960000000000000000e+02
3.751312043287950537e+00 -1.459156651887754919e+01 0.000000000000000000e+00 1.472798323989321645e-01 4.082847520041354983e-01 0.000000000000000000e+00 2.961000000000000227e+02
3.766040026527843310e+00 -1.455073804367713564e+01 0.000000000000000000e+00 1.472798323989277236e-01 4.082847520041354983e-01 0.000000000000000000e+00 2.961999999999999886e+02
3.780768009767736526e+00 -1.450990956847672031e+01 0.000000000000000000e+00 1.472798323989321645e-01 4.082847520041532619e-01 0.000000000000000000e+00 2.963000000000000114e+02
3.785059203299918629e+00 -1.447270787545771142e+01 0.000000000000000000e+00 4.291193532182102643e-02 3.720169301900888570e-01 0.000000000000000000e+00 2.964000000000000341e+02
3.787510376484562791e+00 -1.443614558911419898e+01 0.000000000000000000e+00 2.451173184644162006e-02 3.656228634351244011e-01 0.000000000000000000e+00 2.965000000000000000e+02
3.789961549669206953e+00 -1.439958330277068654e+01 0.000000000000000000e+00 2.451173184644162006e-02 3.656228634351244011e-01 0.000000000000000000e+00 2.966000000000000227e+02
3.792412722853851115e+00 -1.436302101642717410e+01 0.000000000000000000e+00 2.451173184644162006e-02 3.656228634351244011e-01 0.000000000000000000e+00 2.966999999999999886e+02
3.794863896038495277e+00 -1.432645873008366166e+01 0.000000000000000000e+00 2.451173184644162006e-02 3.656228634351244011e-01 0.000000000000000000e+00 2.968000000000000114e+02
3.797315069223139439e+00 -1.428989644374014922e+01 0.000000000000000000e+00 2.451173184644162006e-02 3.656228634351244011e-01 0.000000000000000000e+00 2.969000000000000341e+02
3.799766242407783601e+00 -1.425333415739663678e+01 0.000000000000000000e+00 2.451173184644162006e-02 3.656228634351244011e-01 0.000000000000000000e+00 2.970000000000000000e+02
3.802217415592427763e+00 -1.421677187105312434e+01 0.000000000000000000e+00 2.451173184644162006e-02 3.656228634351244011e-01 0.000000000000000000e+00 2.971000000000000227e+02
3.804208500731779630e+00 -1.418128091717710149e+01 0.000000000000000000e+00 1.991085139351866928e-02 3.549095387602285712e-01 0.000000000000000000e+00 2.971999999999999886e+02
3.804255204818505653e+00 -1.415031752834469359e+01 0.000000000000000000e+00 4.670408672602377465e-04 3.096338883240790096e-01 0.000000000000000000e+00 2.973000000000000114e+02
3.804301908905231677e+00 -1.411935413951228746e+01 0.000000000000000000e+00 4.670408672602377465e-04 3.096338883240612461e-01 0.000000000000000000e+00 2.974000000000000341e+02
3.804348612991958145e+00 -1.408839075067987956e+01 0.000000000000000000e+00 4.670408672646786385e-04 3.096338883240790096e-01 0.000000000000000000e+00 2.975000000000000000e+02
3.804395317078684169e+00 -1.405742736184747166e+01 0.000000000000000000e+00 4.670408672602377465e-04 3.096338883240790096e-01 0.000000000000000000e+00 2.976000000000000227e+02
3.804442021165410193e+00 -1.402646397301506376e+01 0.000000000000000000e+00 4.670408672602377465e-04 3.096338883240790096e-01 0.000000000000000000e+00 2.976999999999999886e+02
3.804488725252136216e+00 -1.399550058418265586e+01 0.000000000000000000e+00 4.670408672602377465e-04 3.096338883240790096e-01 0.000000000000000000e+00 2.978000000000000114e+02
3.804610293426672563e+00 -1.396451528676475817e+01 0.000000000000000000e+00 1.215681745363461630e-03 3.098529741789768366e-01 0.000000000000000000e+00 2.979000000000000341e+02
3.805695324809265756e+00 -1.393324803685566238e+01 0.000000000000000000e+00 1.085031382593193428e-02 3.126724990909579560e-01 0.000000000000000000e+00 2.980000000000000000e+02
3.806780356191858505e+00 -1.390198078694656481e+01 0.000000000000000000e+00 1.085031382592749338e-02 3.126724990909757196e-01 0.000000000000000000e+00 2.981000000000000227e+02
3.807865387574451255e+00 -1.387071353703746901e+01 0.000000000000000000e+00 1.085031382592749338e-02 3.126724990909579560e-01 0.000000000000000000e+00 2.981999999999999886e+02
3.808950418957044448e+00 -1.383944628712837321e+01 0.000000000000000000e+00 1.085031382593193428e-02 3.126724990909579560e-01 0.000000000000000000e+00 2.983000000000000114e+02
3.810035450339637197e+00 -1.380817903721927564e+01 0.000000000000000000e+00 1.085031382592749338e-02 3.126724990909757196e-01 0.000000000000000000e+00 2.984000000000000341e+02
3.811120481722230391e+00 -1.377691178731017985e+01 0.000000000000000000e+00 1.085031382593193428e-02 3.126724990909579560e-01 0.000000000000000000e+00 2.985000000000000000e+02
3.812234722481410376e+00 -1.374563700695552804e+01 0.000000000000000000e+00 1.114240759179985218e-02 3.127478035465180994e-01 0.000000000000000000e+00 2.986000000000000227e+02
3.827650948636874162e+00 -1.371067504341030130e+01 0.000000000000000000e+00 1.541622615546378583e-01 3.496196354522673744e-01 0.000000000000000000e+00 2.986999999999999886e+02
3.843067174792337948e+00 -1.367571307986507456e+01 0.000000000000000000e+00 1.541622615546378583e-01 3.496196354522673744e-01 0.000000000000000000e+00 2.988000000000000114e+02
3.858483400947801734e+00 -1.364075111631984782e+01 0.000000000000000000e+00 1.541622615546378583e-01 3.496196354522673744e-01 0.000000000000000000e+00 2.989000000000000341e+02
3.873899627103265519e+00 -1.360578915277461931e+01 0.000000000000000000e+00 1.541622615546378583e-01 3.496196354522851379e-01 0.000000000000000000e+00 2.990000000000000000e+02
3.889315853258728861e+00 -1.357082718922939257e+01 0.000000000000000000e+00 1.541622615546334174e-01 3.496196354522673744e-01 0.000000000000000000e+00 2.991000000000000227e+02
3.904732079414192647e+00 -1.353586522568416584e+01 0.000000000000000000e+00 1.541622615546378583e-01 3.496196354522673744e-01 0.000000000000000000e+00 2.991999999999999886e+02
3.920148305569656433e+00 -1.350090326213893910e+01 0.000000000000000000e+00 1.541622615546378583e-01 3.496196354522673744e-01 0.000000000000000000e+00 2.993000000000000114e+02
3.935564531725120219e+00 -1.346594129859371058e+01 0.000000000000000000e+00 1.541622615546378583e-01 3.496196354522851379e-01 0.000000000000000000e+00 2.994000000000000341e+02
3.951206963584437570e+00 -1.343072831328518468e+01 0.000000000000000000e+00 1.564243185931735169e-01 3.521298530852590147e-01 0.000000000000000000e+00 2.995000000000000000e+02
3.972000181514600214e+00 -1.338979947121505454e+01 0.000000000000000000e+00 2.079321793016264408e-01 4.092884207013014475e-01 0.000000000000000000e+00 2.996000000000000227e+02
3.992793399444763303e+00 -1.334887062914492617e+01 0.000000000000000000e+00 2.079321793016308817e-01 4.092884207012836839e-01 0.000000000000000000e+00 2.996999999999999886e+02
4.013586617374926391e+00 -1.330794178707479603e+01 0.000000000000000000e+00 2.079321793016308817e-01 4.092884207013014475e-01 0.000000000000000000e+00 2.998000000000000114e+02
4.034379835305088591e+00 -1.326701294500466766e+01 0.000000000000000000e+00 2.079321793016219999e-01 4.092884207012836839e-01 0.000000000000000000e+00 2.999000000000000341e+02
4.055173053235251679e+00 -1.322608410293453751e+01 0.000000000000000000e+00 2.079321793016308817e-01 4.092884207013014475e-01 0.000000000000000000e+00 3.000000000000000000e+02
4.075966271165414767e+00 -1.318515526086440914e+01 0.000000000000000000e+00 2.079321793016308817e-01 4.092884207012836839e-01 0.000000000000000000e+00 3.001000000000000227e+02
4.096759489095576967e+00 -1.314422641879427900e+01 0.000000000000000000e+00 2.079321793016219999e-01 4.092884207013014475e-01 0.000000000000000000e+00 3.001999999999999886e+02
4.117552707025740055e+00 -1.310329757672415063e+01 0.000000000000000000e+00 2.079321793016308817e-01 4.092884207012836839e-01 0.000000000000000000e+00 3.003000000000000114e+02
4.138345924955903143e+00 -1.306236873465402226e+01 0.000000000000000000e+00 2.079321793016308817e-01 4.092884207012836839e-01 0.000000000000000000e+00 3.004000000000000341e+02
4.159139142886066232e+00 -1.302143989258389212e+01 0.000000000000000000e+00 2.079321793016308817e-01 4.092884207013014475e-01 0.000000000000000000e+00 3.005000000000000000e+02
4.180087440800209109e+00 -1.298007750792610260e+01 0.000000000000000000e+00 2.094829791414287712e-01 4.136238465778951934e-01 0.000000000000000000e+00 3.006000000000000227e+02
4.202443204067258797e+00 -1.293478040419316066e+01 0.000000000000000000e+00 2.235576326704968864e-01 4.529710373294193460e-01 0.000000000000000000e+00 3.006999999999999886e+02
4.224798967334308486e+00 -1.288948330046021873e+01 0.000000000000000000e+00 2.235576326704968864e-01 4.529710373294193460e-01 0.000000000000000000e+00 3.008000000000000114e+02
4.247154730601358175e+00 -1.284418619672727679e+01 0.000000000000000000e+00 2.235576326704968864e-01 4.529710373294193460e-01 0.000000000000000000e+00 3.009000000000000341e+02
4.269510493868407863e+00 -1.279888909299433486e+01 0.000000000000000000e+00 2.235576326704968864e-01 4.529710373294193460e-01 0.000000000000000000e+00 3.010000000000000000e+02
4.291866257135457552e+00 -1.275359198926139470e+01 0.000000000000000000e+00 2.235576326704968864e-01 4.529710373294015824e-01 0.000000000000000000e+00 3.011000000000000227e+02
4.314222020402507241e+00 -1.270829488552845277e+01 0.000000000000000000e+00 2.235576326704968864e-01 4.529710373294193460e-01 0.000000000000000000e+00 3.011999999999999886e+02
4.336577783669556929e+00 -1.266299778179551083e+01 0.000000000000000000e+00 2.235576326704968864e-01 4.529710373294193460e-01 0.000000000000000000e+00 3.013000000000000114e+02
4.358933546936606618e+00 -1.261770067806256890e+01 0.000000000000000000e+00 2.235576326704968864e-01 4.529710373294193460e-01 0.000000000000000000e+00 3.014000000000000341e+02
4.381289310203656306e+00 -1.257240357432962696e+01 0.000000000000000000e+00 2.235576326704968864e-01 4.529710373294193460e-01 0.000000000000000000e+00 3.015000000000000000e+02
4.403645073470705995e+00 -1.252710647059668680e+01 0.000000000000000000e+00 2.235576326704968864e-01 4.529710373294015824e-01 0.000000000000000000e+00 3.016000000000000227e+02
4.426000836737755684e+00 -1.248180936686374487e+01 0.000000000000000000e+00 2.235576326704968864e-01 4.529710373294193460e-01 0.000000000000000000e+00 3.016999999999999886e+02
4.448265511831107411e+00 -1.243801671480067483e+01 0.000000000000000000e+00 2.226467509335172679e-01 4.379265206307003666e-01 0.000000000000000000e+00 3.018000000000000114e+02
4.470064695601924321e+00 -1.240191231873243005e+01 0.000000000000000000e+00 2.179918377081691006e-01 3.610439606824478176e-01 0.000000000000000000e+00 3.019000000000000341e+02
4.491863879372742119e+00 -1.236580792266418705e+01 0.000000000000000000e+00 2.179918377081779823e-01 3.610439606824300540e-01 0.000000000000000000e+00 3.020000000000000000e+02
4.513663063143559029e+00 -1.232970352659594226e+01 0.000000000000000000e+00 2.179918377081691006e-01 3.610439606824478176e-01 0.000000000000000000e+00 3.021000000000000227e+02
4.535462246914376827e+00 -1.229359913052769926e+01 0.000000000000000000e+00 2.179918377081779823e-01 3.610439606824300540e-01 0.000000000000000000e+00 3.021999999999999886e+02
4.557261430685193737e+00 -1.225749473445945448e+01 0.000000000000000000e+00 2.179918377081691006e-01 3.610439606824478176e-01 0.000000000000000000e+00 3.023000000000000114e+02
4.579060614456011535e+00 -1.222139033839120970e+01 0.000000000000000000e+00 2.179918377081779823e-01 3.610439606824478176e-01 0.000000000000000000e+00 3.024000000000000341e+02
4.600859798226829334e+00 -1.218528594232296669e+01 0.000000000000000000e+00 2.179918377081779823e-01 3.610439606824300540e-01 0.000000000000000000e+00 3.025000000000000000e+02
4.622658981997646244e+00 -1.214918154625472191e+01 0.000000000000000000e+00 2.179918377081691006e-01 3.610439606824478176e-01 0.000000000000000000e+00 3.026000000000000227e+02
4.644458165768464042e+00 -1.211307715018647890e+01 0.000000000000000000e+00 2.179918377081779823e-01 3.610439606824300540e-01 0.000000000000000000e+00 3.026999999999999886e+02
4.666537339517824456e+00 -1.207765255654456737e+01 0.000000000000000000e+00 2.207917374936041455e-01 3.542459364191152815e-01 0.000000000000000000e+00 3.028000000000000114e+02
4.701483494235261240e+00 -1.207346838417482182e+01 0.000000000000000000e+00 3.494615471743678370e-01 4.184172369745553510e-02 0.000000000000000000e+00 3.029000000000000341e+02
4.736429648952697136e+00 -1.206928421180507627e+01 0.000000000000000000e+00 3.494615471743589552e-01 4.184172369745553510e-02 0.000000000000000000e+00 3.030000000000000000e+02
4.771375803670133031e+00 -1.206510003943533071e+01 0.000000000000000000e+00 3.494615471743589552e-01 4.184172369745553510e-02 0.000000000000000000e+00 3.031000000000000227e+02
4.806321958387569815e+00 -1.206091586706558338e+01 0.000000000000000000e+00 3.494615471743678370e-01 4.184172369747329867e-02 0.000000000000000000e+00 3.031999999999999886e+02
4.841268113105005710e+00 -1.205673169469583783e+01 0.000000000000000000e+00 3.494615471743589552e-01 4.184172369745553510e-02 0.000000000000000000e+00 3.033000000000000114e+02
4.876214267822441606e+00 -1.205254752232609228e+01 0.000000000000000000e+00 3.494615471743589552e-01 4.184172369745553510e-02 0.000000000000000000e+00 3.034000000000000341e+02
4.911160422539878390e+00 -1.204836334995634672e+01 0.000000000000000000e+00 3.494615471743678370e-01 4.184172369745553510e-02 0.000000000000000000e+00 3.035000000000000000e+02
4.946269316045984965e+00 -1.204440589789094140e+01 0.000000000000000000e+00 3.510889350610657544e-01 3.957452065405320241e-02 0.000000000000000000e+00 3.036000000000000227e+02
4.985380412160383301e+00 -1.204602413310204234e+01 0.000000000000000000e+00 3.911109611439833600e-01 -1.618235211100937931e-02 0.000000000000000000e+00 3.036999999999999886e+02
5.024491508274782525e+00 -1.204764236831314506e+01 0.000000000000000000e+00 3.911109611439922418e-01 -1.618235211102714288e-02 0.000000000000000000e+00 3.038000000000000114e+02
5.063602604389181749e+00 -1.204926060352424599e+01 0.000000000000000000e+00 3.911109611439922418e-01 -1.618235211100937931e-02 0.000000000000000000e+00 3.039000000000000341e+02
5.102713700503580085e+00 -1.205087883873534693e+01 0.000000000000000000e+00 3.911109611439833600e-01 -1.618235211100937931e-02 0.000000000000000000e+00 3.040000000000000000e+02
5.141824796617979310e+00 -1.205249707394644787e+01 0.000000000000000000e+00 3.911109611439922418e-01 -1.618235211100937931e-02 0.000000000000000000e+00 3.041000000000000227e+02
5.180935892732378534e+00 -1.205411530915755058e+01 0.000000000000000000e+00 3.911109611439922418e-01 -1.618235211102714288e-02 0.000000000000000000e+00 3.041999999999999886e+02
5.220046988846776870e+00 -1.205573354436865152e+01 0.000000000000000000e+00 3.911109611439833600e-01 -1.618235211100937931e-02 0.000000000000000000e+00 3.043000000000000114e+02
5.259158084961176094e+00 -1.205735177957975246e+01 0.000000000000000000e+00 3.911109611439922418e-01 -1.618235211100937931e-02 0.000000000000000000e+00 3.044000000000000341e+02
5.298269181075575318e+00 -1.205897001479085517e+01 0.000000000000000000e+00 3.911109611439922418e-01 -1.618235211102714288e-02 0.000000000000000000e+00 3.045000000000000000e+02
5.334037609107492806e+00 -1.206113834148652941e+01 0.000000000000000000e+00 3.576842803191748743e-01 -2.168326695674238636e-02 0.000000000000000000e+00 3.046000000000000227e+02
5.367054333405334887e+00 -1.206375950667972496e+01 0.000000000000000000e+00 3.301672429784208163e-01 -2.621165193195551524e-02 0.000000000000000000e+00 3.046999999999999886e+02
5.400071057703176969e+00 -1.206638067187292052e+01 0.000000000000000000e+00 3.301672429784208163e-01 -2.621165193195551524e-02 0.000000000000000000e+00 3.048000000000000114e+02
5.433087782001019050e+00 -1.206900183706611607e+01 0.000000000000000000e+00 3.301672429784208163e-01 -2.621165193195551524e-02 0.000000000000000000e+00 3.049000000000000341e+02
5.466104506298861132e+00 -1.207162300225931340e+01 0.000000000000000000e+00 3.301672429784208163e-01 -2.621165193197327881e-02 0.000000000000000000e+00 3.050000000000000000e+02
5.499121230596703214e+00 -1.207424416745250895e+01 0.000000000000000000e+00 3.301672429784208163e-01 -2.621165193195551524e-02 0.000000000000000000e+00 3.051000000000000227e+02
5.532137954894545295e+00 -1.207686533264570450e+01 0.000000000000000000e+00 3.301672429784208163e-01 -2.621165193195551524e-02 0.000000000000000000e+00 3.051999999999999886e+02
5.565154679192387377e+00 -1.207948649783890005e+01 0.000000000000000000e+00 3.301672429784208163e-01 -2.621165193195551524e-02 0.000000000000000000e+00 3.053000000000000114e+02
5.600908801092599809e+00 -1.208818697734344561e+01 0.000000000000000000e+00 3.575412190021243219e-01 -8.700479504545555187e-02 0.000000000000000000e+00 3.054000000000000341e+02
5.636674850205611875e+00 -1.209691394524536534e+01 0.000000000000000000e+00 3.576604911301206613e-01 -8.726967901919735482e-02 0.000000000000000000e+00 3.055000000000000000e+02
5.672440899318623053e+00 -1.210564091314728508e+01 0.000000000000000000e+00 3.576604911301117795e-01 -8.726967901919735482e-02 0.000000000000000000e+00 3.056000000000000227e+02
5.708206948431635119e+00 -1.211436788104920481e+01 0.000000000000000000e+00 3.576604911301206613e-01 -8.726967901919735482e-02 0.000000000000000000e+00 3.056999999999999886e+02
5.743972997544647185e+00 -1.212309484895112455e+01 0.000000000000000000e+00 3.576604911301206613e-01 -8.726967901919735482e-02 0.000000000000000000e+00 3.058000000000000114e+02
5.779739046657658363e+00 -1.213182181685304428e+01 0.000000000000000000e+00 3.576604911301117795e-01 -8.726967901919735482e-02 0.000000000000000000e+00 3.059000000000000341e+02
5.815505095770670430e+00 -1.214054878475496402e+01 0.000000000000000000e+00 3.576604911301206613e-01 -8.726967901919735482e-02 0.000000000000000000e+00 3.060000000000000000e+02
5.851271144883682496e+00 -1.214927575265688375e+01 0.000000000000000000e+00 3.576604911301206613e-01 -8.726967901919735482e-02 0.000000000000000000e+00 3.061000000000000227e+02
5.891224174027041016e+00 -1.213164382645875250e+01 0.000000000000000000e+00 3.995302914335852051e-01 1.763192619813125361e-01 0.000000000000000000e+00 3.061999999999999886e+02
5.932911347504415289e+00 -1.210309469346163525e+01 0.000000000000000000e+00 4.168717347737427303e-01 2.854913299711725472e-01 0.000000000000000000e+00 3.063000000000000114e+02
5.974598520981789562e+00 -1.207454556046451621e+01 0.000000000000000000e+00 4.168717347737427303e-01 2.854913299711903107e-01 0.000000000000000000e+00 3.064000000000000341e+02
6.016285694459163835e+00 -1.204599642746739896e+01 0.000000000000000000e+00 4.168717347737427303e-01 2.854913299711725472e-01 0.000000000000000000e+00 3.065000000000000000e+02
6.057972867936538108e+00 -1.201744729447027993e+01 0.000000000000000000e+00 4.168717347737427303e-01 2.854913299711903107e-01 0.000000000000000000e+00 3.066000000000000227e+02
6.099660041413912381e+00 -1.198889816147316267e+01 0.000000000000000000e+00 4.168717347737427303e-01 2.854913299711725472e-01 0.000000000000000000e+00 3.066999999999999886e+02
6.141347214891286654e+00 -1.196034902847604542e+01 0.000000000000000000e+00 4.168717347737427303e-01 2.854913299711725472e-01 0.000000000000000000e+00 3.068000000000000114e+02
6.183034388368660927e+00 -1.193179989547892639e+01 0.000000000000000000e+00 4.168717347737427303e-01 2.854913299711903107e-01 0.000000000000000000e+00 3.069000000000000341e+02
6.224721561846036089e+00 -1.190325076248180913e+01 0.000000000000000000e+00 4.168717347737516121e-01 2.854913299711725472e-01 0.000000000000000000e+00 3.070000000000000000e+02
6.266408735323410362e+00 -1.187470162948469188e+01 0.000000000000000000e+00 4.168717347737427303e-01 2.854913299711725472e-01 0.000000000000000000e+00 3.071000000000000227e+02
6.308095908800784635e+00 -1.184615249648757285e+01 0.000000000000000000e+00 4.168717347737427303e-01 2.854913299711903107e-01 0.000000000000000000e+00 3.072000000000000455e+02
6.349783082278158908e+00 -1.181760336349045559e+01 0.000000000000000000e+00 4.168717347737427303e-01 2.854913299711725472e-01 0.000000000000000000e+00 3.073000000000000114e+02
6.391470255755533181e+00 -1.178905423049333834e+01 0.000000000000000000e+00 4.168717347737427303e-01 2.854913299711725472e-01 0.000000000000000000e+00 3.074000000000000341e+02
6.424669634411273478e+00 -1.176281704534044970e+01 0.000000000000000000e+00 3.319937865574029701e-01 2.623718515288864239e-01 0.000000000000000000e+00 3.075000000000000000e+02
6.456497464950911258e+00 -1.173695344929720896e+01 0.000000000000000000e+00 3.182783053963778030e-01 2.586359604324073302e-01 0.000000000000000000e+00 3.076000000000000227e+02
6.488325295490548150e+00 -1.171108985325396823e+01 0.000000000000000000e+00 3.182783053963689213e-01 2.586359604324073302e-01 0.000000000000000000e+00 3.077000000000000455e+02
6.520153126030185931e+00 -1.168522625721072927e+01 0.000000000000000000e+00 3.182783053963778030e-01 2.586359604323895667e-01 0.000000000000000000e+00 3.078000000000000114e+02
6.551980956569822823e+00 -1.165936266116748854e+01 0.000000000000000000e+00 3.182783053963689213e-01 2.586359604324073302e-01 0.000000000000000000e+00 3.079000000000000341e+02
6.583808787109459715e+00 -1.163349906512424781e+01 0.000000000000000000e+00 3.182783053963689213e-01 2.586359604324073302e-01 0.000000000000000000e+00 3.080000000000000000e+02
6.615636617649097495e+00 -1.160763546908100707e+01 0.000000000000000000e+00 3.182783053963778030e-01 2.586359604324073302e-01 0.000000000000000000e+00 3.081000000000000227e+02
6.647464448188734387e+00 -1.158177187303776634e+01 0.000000000000000000e+00 3.182783053963689213e-01 2.586359604324073302e-01 0.000000000000000000e+00 3.082000000000000455e+02
6.679292278728372168e+00 -1.155590827699452561e+01 0.000000000000000000e+00 3.182783053963778030e-01 2.586359604324073302e-01 0.000000000000000000e+00 3.083000000000000114e+02
6.711238782511141920e+00 -1.152934124882430922e+01 0.000000000000000000e+00 3.194650378276975289e-01 2.656702817021638907e-01 0.000000000000000000e+00 3.084000000000000341e+02
6.743274116926768258e+00 -1.150224767971393192e+01 0.000000000000000000e+00 3.203533441562633755e-01 2.709356911037730242e-01 0.000000000000000000e+00 3.085000000000000000e+02
6.775309451342394595e+00 -1.147515411060355461e+01 0.000000000000000000e+00 3.203533441562633755e-01 2.709356911037730242e-01 0.000000000000000000e+00 3.086000000000000227e+02
6.807344785758020933e+00 -1.144806054149317731e+01 0.000000000000000000e+00 3.203533441562633755e-01 2.709356911037730242e-01 0.000000000000000000e+00 3.087000000000000455e+02
6.839380120173647271e+00 -1.142096697238280001e+01 0.000000000000000000e+00 3.203533441562633755e-01 2.709356911037730242e-01 0.000000000000000000e+00 3.088000000000000114e+02
6.871415454589273608e+00 -1.139387340327242271e+01 0.000000000000000000e+00 3.203533441562633755e-01 2.709356911037730242e-01 0.000000000000000000e+00 3.089000000000000341e+02
6.903450789004899946e+00 -1.136677983416204540e+01 0.000000000000000000e+00 3.203533441562633755e-01 2.709356911037730242e-01 0.000000000000000000e+00 3.090000000000000000e+02
6.935486123420526283e+00 -1.133968626505166810e+01 0.000000000000000000e+00 3.203533441562633755e-01 2.709356911037730242e-01 0.000000000000000000e+00 3.091000000000000227e+02
6.967521457836152621e+00 -1.131259269594129080e+01 0.000000000000000000e+00 3.203533441562633755e-01 2.709356911037730242e-01 0.000000000000000000e+00 3.092000000000000455e+02
6.999556792251779846e+00 -1.128549912683091350e+01 0.000000000000000000e+00 3.203533441562722572e-01 2.709356911037730242e-01 0.000000000000000000e+00 3.093000000000000114e+02
7.024269101432958351e+00 -1.125472488834840412e+01 0.000000000000000000e+00 2.471230918117850450e-01 3.077423848250937510e-01 0.000000000000000000e+00 3.094000000000000341e+02
7.046620402210766798e+00 -1.122276396935621534e+01 0.000000000000000000e+00 2.235130077780844715e-01 3.196091899218878041e-01 0.000000000000000000e+00 3.095000000000000000e+02
7.068971702988575245e+00 -1.119080305036402478e+01 0.000000000000000000e+00 2.235130077780844715e-01 3.196091899219055676e-01 0.000000000000000000e+00 3.096000000000000227e+02
7.091323003766384581e+00 -1.115884213137183423e+01 0.000000000000000000e+00 2.235130077780933533e-01 3.196091899219055676e-01 0.000000000000000000e+00 3.097000000000000455e+02
7.113674304544193028e+00 -1.112688121237964545e+01 0.000000000000000000e+00 2.235130077780844715e-01 3.196091899218878041e-01 0.000000000000000000e+00 3.098000000000000114e+02
7.136025605322001475e+00 -1.109492029338745489e+01 0.000000000000000000e+00 2.235130077780844715e-01 3.196091899219055676e-01 0.000000000000000000e+00 3.099000000000000341e+02
7.158376906099809922e+00 -1.106295937439526433e+01 0.000000000000000000e+00 2.235130077780844715e-01 3.196091899219055676e-01 0.000000000000000000e+00 3.100000000000000000e+02
7.180728206877618369e+00 -1.103099845540307555e+01 0.000000000000000000e+00 2.235130077780844715e-01 3.196091899218878041e-01 0.000000000000000000e+00 3.101000000000000227e+02
7.203079507655426816e+00 -1.099903753641088500e+01 0.000000000000000000e+00 2.235130077780844715e-01 3.196091899219055676e-01 0.000000000000000000e+00 3.102000000000000455e+02
7.225127968705148618e+00 -1.096639132995920463e+01 0.000000000000000000e+00 2.204846104972180143e-01 3.264620645168037072e-01 0.000000000000000000e+00 3.103000000000000114e+02
7.246933067803155382e+00 -1.093319442662676622e+01 0.000000000000000000e+00 2.180509909800676382e-01 3.319690333243840996e-01 0.000000000000000000e+00 3.104000000000000341e+02
7.268738166901162145e+00 -1.089999752329432603e+01 0.000000000000000000e+00 2.180509909800676382e-01 3.319690333244018632e-01 0.000000000000000000e+00 3.105000000000000000e+02
7.290543265999169797e+00 -1.086680061996188584e+01 0.000000000000000000e+00 2.180509909800765200e-01 3.319690333244018632e-01 0.000000000000000000e+00 3.106000000000000227e+02
7.312348365097176561e+00 -1.083360371662944743e+01 0.000000000000000000e+00 2.180509909800676382e-01 3.319690333243840996e-01 0.000000000000000000e+00 3.107000000000000455e+02
7.334153464195183325e+00 -1.080040681329700725e+01 0.000000000000000000e+00 2.180509909800676382e-01 3.319690333244018632e-01 0.000000000000000000e+00 3.108000000000000114e+02
7.355958563293190089e+00 -1.076720990996456706e+01 0.000000000000000000e+00 2.180509909800676382e-01 3.319690333244018632e-01 0.000000000000000000e+00 3.109000000000000341e+02
7.377763662391196853e+00 -1.073401300663212865e+01 0.000000000000000000e+00 2.180509909800676382e-01 3.319690333243840996e-01 0.000000000000000000e+00 3.110000000000000000e+02
7.399568761489204505e+00 -1.070081610329968846e+01 0.000000000000000000e+00 2.180509909800765200e-01 3.319690333244018632e-01 0.000000000000000000e+00 3.111000000000000227e+02
7.421232262846505279e+00 -1.066806291995265710e+01 0.000000000000000000e+00 2.166350135730077398e-01 3.275318334703136713e-01 0.000000000000000000e+00 3.112000000000000455e+02
7.442284882232587329e+00 -1.063722403649491532e+01 0.000000000000000000e+00 2.105261938608204986e-01 3.083888345774177253e-01 0.000000000000000000e+00 3.113000000000000114e+02
7.463337501618668490e+00 -1.060638515303717355e+01 0.000000000000000000e+00 2.105261938608116168e-01 3.083888345774177253e-01 0.000000000000000000e+00 3.114000000000000341e+02
7.484390121004750540e+00 -1.057554626957943356e+01 0.000000000000000000e+00 2.105261938608204986e-01 3.083888345773999617e-01 0.000000000000000000e+00 3.115000000000000000e+02
7.505442740390831702e+00 -1.054470738612169178e+01 0.000000000000000000e+00 2.105261938608116168e-01 3.083888345774177253e-01 0.000000000000000000e+00 3.116000000000000227e+02
7.526495359776913752e+00 -1.051386850266395001e+01 0.000000000000000000e+00 2.105261938608204986e-01 3.083888345774177253e-01 0.000000000000000000e+00 3.117000000000000455e+02
7.547547979162994913e+00 -1.048302961920620824e+01 0.000000000000000000e+00 2.105261938608116168e-01 3.083888345774177253e-01 0.000000000000000000e+00 3.118000000000000114e+02
7.568600598549076963e+00 -1.045219073574846647e+01 0.000000000000000000e+00 2.105261938608204986e-01 3.083888345774177253e-01 0.000000000000000000e+00 3.119000000000000341e+02
7.589653217935158125e+00 -1.042135185229072647e+01 0.000000000000000000e+00 2.105261938608116168e-01 3.083888345773999617e-01 0.000000000000000000e+00 3.120000000000000000e+02
7.611402112501314043e+00 -1.038987419587245320e+01 0.000000000000000000e+00 2.174889456615591854e-01 3.147765641827326988e-01 0.000000000000000000e+00 3.121000000000000227e+02
7.634482467749760914e+00 -1.035717503809064333e+01 0.000000000000000000e+00 2.308035524844687103e-01 3.269915778180987331e-01 0.000000000000000000e+00 3.122000000000000455e+02
7.657562822998207785e+00 -1.032447588030883523e+01 0.000000000000000000e+00 2.308035524844687103e-01 3.269915778180809696e-01 0.000000000000000000e+00 3.123000000000000114e+02
7.680643178246654657e+00 -1.029177672252702536e+01 0.000000000000000000e+00 2.308035524844687103e-01 3.269915778180987331e-01 0.000000000000000000e+00 3.124000000000000341e+02
7.703723533495101528e+00 -1.025907756474521548e+01 0.000000000000000000e+00 2.308035524844687103e-01 3.269915778180987331e-01 0.000000000000000000e+00 3.125000000000000000e+02
7.726803888743547510e+00 -1.022637840696340739e+01 0.000000000000000000e+00 2.308035524844598285e-01 3.269915778180809696e-01 0.000000000000000000e+00 3.126000000000000227e+02
7.749884243991994381e+00 -1.019367924918159751e+01 0.000000000000000000e+00 2.308035524844687103e-01 3.269915778180987331e-01 0.000000000000000000e+00 3.127000000000000455e+02
7.772964599240441252e+00 -1.016098009139978764e+01 0.000000000000000000e+00 2.308035524844687103e-01 3.269915778180987331e-01 0.000000000000000000e+00 3.128000000000000114e+02
7.796044954488888123e+00 -1.012828093361797954e+01 0.000000000000000000e+00 2.308035524844687103e-01 3.269915778180809696e-01 0.000000000000000000e+00 3.129000000000000341e+02
7.819976115831138053e+00 -1.009380098761743838e+01 0.000000000000000000e+00 2.393116134224992919e-01 3.447994600054116177e-01 0.000000000000000000e+00 3.130000000000000000e+02
7.847919450817371967e+00 -1.005092332137399680e+01 0.000000000000000000e+00 2.794333498623391421e-01 4.287766624344158117e-01 0.000000000000000000e+00 3.131000000000000227e+02
7.875862785803606769e+00 -1.000804565513055699e+01 0.000000000000000000e+00 2.794333498623480239e-01 4.287766624343980482e-01 0.000000000000000000e+00 3.132000000000000455e+02
7.903806120789841572e+00 -9.965167988887117190e+00 0.000000000000000000e+00 2.794333498623480239e-01 4.287766624343980482e-01 0.000000000000000000e+00 3.133000000000000114e+02
7.931749455776075486e+00 -9.922290322643675609e+00 0.000000000000000000e+00 2.794333498623391421e-01 4.287766624344158117e-01 0.000000000000000000e+00 3.134000000000000341e+02
7.959692790762310288e+00 -9.879412656400235804e+00 0.000000000000000000e+00 2.794333498623480239e-01 4.287766624343980482e-01 0.000000000000000000e+00 3.135000000000000000e+02
7.987636125748545091e+00 -9.836534990156795999e+00 0.000000000000000000e+00 2.794333498623480239e-01 4.287766624343980482e-01 0.000000000000000000e+00 3.136000000000000227e+02
8.015579460734779005e+00 -9.793657323913354418e+00 0.000000000000000000e+00 2.794333498623391421e-01 4.287766624344158117e-01 0.000000000000000000e+00 3.137000000000000455e+02
8.043522795721013807e+00 -9.750779657669914613e+00 0.000000000000000000e+00 2.794333498623480239e-01 4.287766624343980482e-01 0.000000000000000000e+00 3.138000000000000114e+02
8.071466130707248610e+00 -9.707901991426473032e+00 0.000000000000000000e+00 2.794333498623480239e-01 4.287766624344158117e-01 0.000000000000000000e+00 3.139000000000000341e+02
8.099409465693483412e+00 -9.665024325183033227e+00 0.000000000000000000e+00 2.794333498623480239e-01 4.287766624343980482e-01 0.000000000000000000e+00 3.140000000000000000e+02
8.127352800679716438e+00 -9.622146658939593422e+00 0.000000000000000000e+00 2.794333498623302603e-01 4.287766624343980482e-01 0.000000000000000000e+00 3.141000000000000227e+02
8.155296135665951240e+00 -9.579268992696151841e+00 0.000000000000000000e+00 2.794333498623480239e-01 4.287766624344158117e-01 0.000000000000000000e+00 3.142000000000000455e+02
8.153664606956665395e+00 -9.538414403799469810e+00 0.000000000000000000e+00 -1.631528709285845480e-02 4.085458889668203142e-01 0.000000000000000000e+00 3.143000000000000114e+02
8.146452960915731012e+00 -9.497941524488405562e+00 0.000000000000000000e+00 -7.211646040934382995e-02 4.047287931106424708e-01 0.000000000000000000e+00 3.144000000000000341e+02
8.139241314874796629e+00 -9.457468645177339539e+00 0.000000000000000000e+00 -7.211646040934382995e-02 4.047287931106602343e-01 0.000000000000000000e+00 3.145000000000000000e+02
8.132029668833862246e+00 -9.416995765866275292e+00 0.000000000000000000e+00 -7.211646040934382995e-02 4.047287931106424708e-01 0.000000000000000000e+00 3.146000000000000227e+02
8.124818022792926087e+00 -9.376522886555209269e+00 0.000000000000000000e+00 -7.211646040936159352e-02 4.047287931106602343e-01 0.000000000000000000e+00 3.147000000000000455e+02
8.117606376751991704e+00 -9.336050007244145021e+00 0.000000000000000000e+00 -7.211646040934382995e-02 4.047287931106424708e-01 0.000000000000000000e+00 3.148000000000000114e+02
8.110394730711057321e+00 -9.295577127933078998e+00 0.000000000000000000e+00 -7.211646040934382995e-02 4.047287931106602343e-01 0.000000000000000000e+00 3.149000000000000341e+02
8.103183084670122938e+00 -9.255104248622014751e+00 0.000000000000000000e+00 -7.211646040934382995e-02 4.047287931106424708e-01 0.000000000000000000e+00 3.150000000000000000e+02
8.095971438629186778e+00 -9.214631369310948728e+00 0.000000000000000000e+00 -7.211646040936159352e-02 4.047287931106602343e-01 0.000000000000000000e+00 3.151000000000000227e+02
8.085500343577505689e+00 -9.170272719422827734e+00 0.000000000000000000e+00 -1.047109505168108967e-01 4.435864988812099341e-01 0.000000000000000000e+00 3.152000000000000455e+02
8.072852076996891668e+00 -9.123318542180102853e+00 0.000000000000000000e+00 -1.264826658061402043e-01 4.695417724272488158e-01 0.000000000000000000e+00 3.153000000000000114e+02
8.060203810416277648e+00 -9.076364364937379747e+00 0.000000000000000000e+00 -1.264826658061402043e-01 4.695417724272310522e-01 0.000000000000000000e+00 3.154000000000000341e+02
8.047555543835665404e+00 -9.029410187694654866e+00 0.000000000000000000e+00 -1.264826658061224407e-01 4.695417724272488158e-01 0.000000000000000000e+00 3.155000000000000000e+02
8.034907277255051383e+00 -8.982456010451931760e+00 0.000000000000000000e+00 -1.264826658061402043e-01 4.695417724272310522e-01 0.000000000000000000e+00 3.156000000000000227e+02
8.022259010674439139e+00 -8.935501833209206879e+00 0.000000000000000000e+00 -1.264826658061224407e-01 4.695417724272488158e-01 0.000000000000000000e+00 3.157000000000000455e+02
8.009610744093825119e+00 -8.888547655966483774e+00 0.000000000000000000e+00 -1.264826658061402043e-01 4.695417724272310522e-01 0.000000000000000000e+00 3.158000000000000114e+02
7.996962477513211986e+00 -8.841593478723760668e+00 0.000000000000000000e+00 -1.264826658061313225e-01 4.695417724272310522e-01 0.000000000000000000e+00 3.159000000000000341e+02
7.984314210932598854e+00 -8.794639301481035787e+00 0.000000000000000000e+00 -1.264826658061313225e-01 4.695417724272488158e-01 0.000000000000000000e+00 3.160000000000000000e+02
7.971665944351985722e+00 -8.747685124238312682e+00 0.000000000000000000e+00 -1.264826658061313225e-01 4.695417724272310522e-01 0.000000000000000000e+00 3.161000000000000227e+02
7.959017677771371702e+00 -8.700730946995587800e+00 0.000000000000000000e+00 -1.264826658061402043e-01 4.695417724272488158e-01 0.000000000000000000e+00 3.162000000000000455e+02
7.946369411190758569e+00 -8.653776769752864695e+00 0.000000000000000000e+00 -1.264826658061313225e-01 4.695417724272310522e-01 0.000000000000000000e+00 3.163000000000000114e+02
7.933401691737111960e+00 -8.612703473918088548e+00 0.000000000000000000e+00 -1.296771945364660894e-01 4.107329583477614676e-01 0.000000000000000000e+00 3.164000000000000341e+02
7.920100584481454042e+00 -8.577767590803579978e+00 0.000000000000000000e+00 -1.330110725565791796e-01 3.493588311450857020e-01 0.000000000000000000e+00 3.165000000000000000e+02
7.906799477225796124e+00 -8.542831707689071408e+00 0.000000000000000000e+00 -1.330110725565791796e-01 3.493588311450857020e-01 0.000000000000000000e+00 3.166000000000000227e+02
7.893498369970138206e+00 -8.507895824574562837e+00 0.000000000000000000e+00 -1.330110725565791796e-01 3.493588311450857020e-01 0.000000000000000000e+00 3.167000000000000455e+02
7.880197262714480289e+00 -8.472959941460056044e+00 0.000000000000000000e+00 -1.330110725565791796e-01 3.493588311450679385e-01 0.000000000000000000e+00 3.168000000000000114e+02
7.866896155458822371e+00 -8.438024058345547473e+00 0.000000000000000000e+00 -1.330110725565791796e-01 3.493588311450857020e-01 0.000000000000000000e+00 3.169000000000000341e+02
7.853595048203164453e+00 -8.403088175231038903e+00 0.000000000000000000e+00 -1.330110725565791796e-01 3.493588311450857020e-01 0.000000000000000000e+00 3.170000000000000000e+02
7.840293940947506535e+00 -8.368152292116530333e+00 0.000000000000000000e+00 -1.330110725565791796e-01 3.493588311450857020e-01 0.000000000000000000e+00 3.171000000000000227e+02
7.825723731222214319e+00 -8.333172316648150613e+00 0.000000000000000000e+00 -1.457020972529221581e-01 3.497997546837972038e-01 0.000000000000000000e+00 3.172000000000000455e+02
7.804891694922494239e+00 -8.297974786900423894e+00 0.000000000000000000e+00 -2.083203629972008031e-01 3.519752974772671905e-01 0.000000000000000000e+00 3.173000000000000114e+02
7.784059658622774158e+00 -8.262777257152698951e+00 0.000000000000000000e+00 -2.083203629972008031e-01 3.519752974772494269e-01 0.000000000000000000e+00 3.174000000000000341e+02
7.763227622323053190e+00 -8.227579727404972232e+00 0.000000000000000000e+00 -2.083203629972096849e-01 3.519752974772671905e-01 0.000000000000000000e+00 3.175000000000000000e+02
7.742395586023333109e+00 -8.192382197657245513e+00 0.000000000000000000e+00 -2.083203629972008031e-01 3.519752974772671905e-01 0.000000000000000000e+00 3.176000000000000227e+02
7.721563549723612141e+00 -8.157184667909520570e+00 0.000000000000000000e+00 -2.083203629972096849e-01 3.519752974772494269e-01 0.000000000000000000e+00 3.177000000000000455e+02
7.700731513423892061e+00 -8.121987138161793851e+00 0.000000000000000000e+00 -2.083203629972008031e-01 3.519752974772671905e-01 0.000000000000000000e+00 3.178000000000000114e+02
7.679899477124171980e+00 -8.086789608414067132e+00 0.000000000000000000e+00 -2.083203629972008031e-01 3.519752974772671905e-01 0.000000000000000000e+00 3.179000000000000341e+02
7.659067440824451012e+00 -8.051592078666340413e+00 0.000000000000000000e+00 -2.083203629972096849e-01 3.519752974772671905e-01 0.000000000000000000e+00 3.180000000000000000e+02
7.638235404524730932e+00 -8.016394548918615470e+00 0.000000000000000000e+00 -2.083203629972008031e-01 3.519752974772494269e-01 0.000000000000000000e+00 3.181000000000000227e+02
7.617179516601474631e+00 -7.979993979624738110e+00 0.000000000000000000e+00 -2.105588792325630010e-01 3.640056929387736062e-01 0.000000000000000000e+00 3.182000000000000455e+02
7.596023090673604372e+00 -7.943053091732626747e+00 0.000000000000000000e+00 -2.115642592787025933e-01 3.694088789211136259e-01 0.000000000000000000e+00 3.183000000000000114e+02
7.574866664745733225e+00 -7.906112203840515384e+00 0.000000000000000000e+00 -2.115642592787114751e-01 3.694088789211136259e-01 0.000000000000000000e+00 3.184000000000000341e+02
7.553710238817862965e+00 -7.869171315948403134e+00 0.000000000000000000e+00 -2.115642592787025933e-01 3.694088789211225077e-01 0.000000000000000000e+00 3.185000000000000000e+02
7.532553812889992706e+00 -7.832230428056291771e+00 0.000000000000000000e+00 -2.115642592787025933e-01 3.694088789211136259e-01 0.000000000000000000e+00 3.186000000000000227e+02
7.511397386962122447e+00 -7.795289540164180409e+00 0.000000000000000000e+00 -2.115642592787025933e-01 3.694088789211136259e-01 0.000000000000000000e+00 3.187000000000000455e+02
7.490240961034252187e+00 -7.758348652272068158e+00 0.000000000000000000e+00 -2.115642592787025933e-01 3.694088789211225077e-01 0.000000000000000000e+00 3.188000000000000114e+02
7.469084535106381928e+00 -7.721407764379956795e+00 0.000000000000000000e+00 -2.115642592787025933e-01 3.694088789211136259e-01 0.000000000000000000e+00 3.189000000000000341e+02
7.447928109178511669e+00 -7.684466876487845433e+00 0.000000000000000000e+00 -2.115642592787025933e-01 3.694088789211136259e-01 0.000000000000000000e+00 3.190000000000000000e+02
7.426771683250641409e+00 -7.647525988595733182e+00 0.000000000000000000e+00 -2.115642592787025933e-01 3.694088789211225077e-01 0.000000000000000000e+00 3.191000000000000227e+02
7.408524235398528113e+00 -7.613709937754209456e+00 0.000000000000000000e+00 -1.824744785211329656e-01 3.381605084152372598e-01 0.000000000000000000e+00 3.192000000000000455e+02
7.393570671658736160e+00 -7.583432191721614757e+00 0.000000000000000000e+00 -1.495356373979195297e-01 3.027774603259469899e-01 0.000000000000000000e+00 3.193000000000000114e+02
7.378617107918945095e+00 -7.553154445689019170e+00 0.000000000000000000e+00 -1.495356373979106479e-01 3.027774603259558717e-01 0.000000000000000000e+00 3.194000000000000341e+02
7.363663544179153142e+00 -7.522876699656424471e+00 0.000000000000000000e+00 -1.495356373979195297e-01 3.027774603259469899e-01 0.000000000000000000e+00 3.195000000000000000e+02
7.348709980439361189e+00 -7.492598953623828884e+00 0.000000000000000000e+00 -1.495356373979195297e-01 3.027774603259558717e-01 0.000000000000000000e+00 3.196000000000000227e+02
7.333756416699569236e+00 -7.462321207591234185e+00 0.000000000000000000e+00 -1.495356373979195297e-01 3.027774603259469899e-01 0.000000000000000000e+00 3.197000000000000455e+02
7.318802852959777283e+00 -7.432043461558638597e+00 0.000000000000000000e+00 -1.495356373979195297e-01 3.027774603259558717e-01 0.000000000000000000e+00 3.198000000000000114e+02
7.303849289219985330e+00 -7.401765715526043898e+00 0.000000000000000000e+00 -1.495356373979195297e-01 3.027774603259469899e-01 0.000000000000000000e+00 3.199000000000000341e+02
7.288895725480194265e+00 -7.371487969493449199e+00 0.000000000000000000e+00 -1.495356373979106479e-01 3.027774603259469899e-01 0.000000000000000000e+00 3.200000000000000000e+02
7.279160416398556599e+00 -7.347302342588955426e+00 0.000000000000000000e+00 -9.735309081637666395e-02 2.418562690449377328e-01 0.000000000000000000e+00 3.201000000000000227e+02
7.269971198596405948e+00 -7.323754257036387827e+00 0.000000000000000000e+00 -9.189217802150650982e-02 2.354808555256759917e-01 0.000000000000000000e+00 3.202000000000000455e+02
7.260781980794256185e+00 -7.300206171483819340e+00 0.000000000000000000e+00 -9.189217802149762804e-02 2.354808555256848734e-01 0.000000000000000000e+00 3.203000000000000114e+02
7.251592762992105534e+00 -7.276658085931251740e+00 0.000000000000000000e+00 -9.189217802150650982e-02 2.354808555256759917e-01 0.000000000000000000e+00 3.204000000000000341e+02
7.242403545189954883e+00 -7.253110000378684141e+00 0.000000000000000000e+00 -9.189217802150650982e-02 2.354808555256759917e-01 0.000000000000000000e+00 3.205000000000000000e+02
7.233214327387804232e+00 -7.229561914826115654e+00 0.000000000000000000e+00 -9.189217802150650982e-02 2.354808555256848734e-01 0.000000000000000000e+00 3.206000000000000227e+02
7.224025109585653581e+00 -7.206013829273548055e+00 0.000000000000000000e+00 -9.189217802150650982e-02 2.354808555256759917e-01 0.000000000000000000e+00 3.207000000000000455e+02
7.218143617411582724e+00 -7.185583761306412853e+00 0.000000000000000000e+00 -5.881492174070857004e-02 2.043006796713520146e-01 0.000000000000000000e+00 3.208000000000000114e+02
7.212787875397277837e+00 -7.165649290141437255e+00 0.000000000000000000e+00 -5.355742014304887277e-02 1.993447116497559790e-01 0.000000000000000000e+00 3.209000000000000341e+02
7.207432133382972061e+00 -7.145714818976460769e+00 0.000000000000000000e+00 -5.355742014305775456e-02 1.993447116497648608e-01 0.000000000000000000e+00 3.210000000000000000e+02
7.202076391368667174e+00 -7.125780347811485171e+00 0.000000000000000000e+00 -5.355742014304887277e-02 1.993447116497559790e-01 0.000000000000000000e+00 3.211000000000000227e+02
7.196720649354362287e+00 -7.105845876646509574e+00 0.000000000000000000e+00 -5.355742014304887277e-02 1.993447116497559790e-01 0.000000000000000000e+00 3.212000000000000455e+02
7.191364907340057400e+00 -7.085911405481533087e+00 0.000000000000000000e+00 -5.355742014304887277e-02 1.993447116497648608e-01 0.000000000000000000e+00 3.213000000000000114e+02
7.186009165325752512e+00 -7.065976934316557490e+00 0.000000000000000000e+00 -5.355742014304887277e-02 1.993447116497559790e-01 0.000000000000000000e+00 3.214000000000000341e+02
7.180653423311447625e+00 -7.046042463151581892e+00 0.000000000000000000e+00 -5.355742014304887277e-02 1.993447116497559790e-01 0.000000000000000000e+00 3.215000000000000000e+02
7.175297681297141850e+00 -7.026107991986605406e+00 0.000000000000000000e+00 -5.355742014305775456e-02 1.993447116497648608e-01 0.000000000000000000e+00 3.216000000000000227e+02
7.175000000000002487e+00 -7.024999999999998579e+00 0.000000000000000000e+00 -2.976812971393627549e-03 1.107991986606826629e-02 0.000000000000000000e+00 3.217000000000000455e+02
