-1.224999999999999645e+00 -1.474999999999994316e+00 0.000000000000000000e+00 0.000000000000000000e+00 0.000000000000000000e+00 0.000000000000000000e+00 0.000000000000000000e+00
-1.216504835550778374e+00 -1.469654293688306801e+00 0.000000000000000000e+00 8.495164449221270786e-02 5.345706311687514756e-02 0.000000000000000000e+00 1.000000000000000056e-01
-1.208009671101557103e+00 -1.464308587376619286e+00 0.000000000000000000e+00 8.495164449221270786e-02 5.345706311687514756e-02 0.000000000000000000e+00 2.000000000000000111e-01
-1.199514506652335610e+00 -1.458962881064931771e+00 0.000000000000000000e+00 8.495164449221492831e-02 5.345706311687514756e-02 0.000000000000000000e+00 3.000000000000000444e-01
-1.191019342203114340e+00 -1.453617174753244257e+00 0.000000000000000000e+00 8.495164449221270786e-02 5.345706311687514756e-02 0.000000000000000000e+00 4.000000000000000222e-01
-1.180472270502899157e+00 -1.447279596069011687e+00 0.000000000000000000e+00 1.054707170021518259e-01 6.337578684232569870e-02 0.000000000000000000e+00 5.000000000000000000e-01
-1.167624841337817854e+00 -1.439830046551168863e+00 0.000000000000000000e+00 1.284742916508130328e-01 7.449549517842823931e-02 0.000000000000000000e+00 6.000000000000000888e-01
-1.154777412172736550e+00 -1.432380497033326039e+00 0.000000000000000000e+00 1.284742916508130328e-01 7.449549517842823931e-02 0.000000000000000000e+00 7.000000000000000666e-01
-1.141929983007655247e+00 -1.424930947515483215e+00 0.000000000000000000e+00 1.284742916508130328e-01 7.449549517842823931e-02 0.000000000000000000e+00 8.000000000000000444e-01
-1.127425349258723397e+00 -1.416868705436020281e+00 0.000000000000000000e+00 1.450463374893184998e-01 8.062242079462933475e-02 0.000000000000000000e+00 9.000000000000000222e-01
-1.111228029179235799e+00 -1.408180652678748368e+00 0.000000000000000000e+00 1.619732007948759822e-01 8.688052757271913507e-02 0.000000000000000000e+00 1.000000000000000000e+00
-1.095030709099748201e+00 -1.399492599921476677e+00 0.000000000000000000e+00 1.619732007948759822e-01 8.688052757271691462e-02 0.000000000000000000e+00 1.100000000000000089e+00
-1.078833389020260825e+00 -1.390804547164204763e+00 0.000000000000000000e+00 1.619732007948737618e-01 8.688052757271913507e-02 0.000000000000000000e+00 1.200000000000000178e+00
-1.062583323964069626e+00 -1.382102431755608540e+00 0.000000000000000000e+00 1.625006505619119856e-01 8.702115408596222679e-02 0.000000000000000000e+00 1.300000000000000044e+00
-1.043668230824277288e+00 -1.372689777390471155e+00 0.000000000000000000e+00 1.891509313979233831e-01 9.412654365137385071e-02 0.000000000000000000e+00 1.400000000000000133e+00
-1.024753137684484727e+00 -1.363277123025333770e+00 0.000000000000000000e+00 1.891509313979256035e-01 9.412654365137385071e-02 0.000000000000000000e+00 1.500000000000000000e+00
-1.005838044544692167e+00 -1.353864468660196163e+00 0.000000000000000000e+00 1.891509313979256035e-01 9.412654365137607115e-02 0.000000000000000000e+00 1.600000000000000089e+00
-9.869229514048998286e-01 -1.344451814295058778e+00 0.000000000000000000e+00 1.891509313979233831e-01 9.412654365137385071e-02 0.000000000000000000e+00 1.700000000000000178e+00
-9.681024491889730355e-01 -1.335037709803903017e+00 0.000000000000000000e+00 1.882050221592679318e-01 9.414104491155761423e-02 0.000000000000000000e+00 1.800000000000000044e+00
-9.499981795765416459e-01 -1.325612625109880316e+00 0.000000000000000000e+00 1.810426961243138955e-01 9.425084694022700660e-02 0.000000000000000000e+00 1.900000000000000133e+00
-9.318939099641102564e-01 -1.316187540415857393e+00 0.000000000000000000e+00 1.810426961243138955e-01 9.425084694022922704e-02 0.000000000000000000e+00 2.000000000000000000e+00
-9.137896403516788668e-01 -1.306762455721834471e+00 0.000000000000000000e+00 1.810426961243138955e-01 9.425084694022922704e-02 0.000000000000000000e+00 2.100000000000000089e+00
-8.956853707392473662e-01 -1.297337371027811548e+00 0.000000000000000000e+00 1.810426961243150057e-01 9.425084694022922704e-02 0.000000000000000000e+00 2.200000000000000178e+00
-8.779573608119924932e-01 -1.288123108994424948e+00 0.000000000000000000e+00 1.772800992725487301e-01 9.214262033386599882e-02 0.000000000000000000e+00 2.300000000000000266e+00
-8.611219877126004008e-01 -1.279409001717037642e+00 0.000000000000000000e+00 1.683537309939209248e-01 8.714107277387306283e-02 0.000000000000000000e+00 2.400000000000000355e+00
-8.442866146132081973e-01 -1.270694894439650335e+00 0.000000000000000000e+00 1.683537309939220350e-01 8.714107277387306283e-02 0.000000000000000000e+00 2.500000000000000000e+00
-8.274512415138161048e-01 -1.261980787162263251e+00 0.000000000000000000e+00 1.683537309939209248e-01 8.714107277387084238e-02 0.000000000000000000e+00 2.600000000000000089e+00
-8.106158684144240123e-01 -1.253266679884875945e+00 0.000000000000000000e+00 1.683537309939209248e-01 8.714107277387306283e-02 0.000000000000000000e+00 2.700000000000000178e+00
-7.942338589187546427e-01 -1.244801378947201886e+00 0.000000000000000000e+00 1.638200949566936959e-01 8.465300937674058446e-02 0.000000000000000000e+00 2.800000000000000266e+00
-7.779116356999060677e-01 -1.236368888770203789e+00 0.000000000000000000e+00 1.632222321884857497e-01 8.432490176998097553e-02 0.000000000000000000e+00 2.900000000000000355e+00
-7.615894124810574928e-01 -1.227936398593205469e+00 0.000000000000000000e+00 1.632222321884857497e-01 8.432490176998319598e-02 0.000000000000000000e+00 3.000000000000000000e+00
-7.452671892622089178e-01 -1.219503908416207150e+00 0.000000000000000000e+00 1.632222321884857497e-01 8.432490176998319598e-02 0.000000000000000000e+00 3.100000000000000089e+00
-7.293003683957351990e-01 -1.210838330289536913e+00 0.000000000000000000e+00 1.596682086647371879e-01 8.665578126670236969e-02 0.000000000000000000e+00 3.200000000000000178e+00
-7.135575917517207323e-01 -1.202025814451002983e+00 0.000000000000000000e+00 1.574277664401446675e-01 8.812515838533929724e-02 0.000000000000000000e+00 3.300000000000000266e+00
-6.978148151077062655e-01 -1.193213298612468831e+00 0.000000000000000000e+00 1.574277664401446675e-01 8.812515838534151769e-02 0.000000000000000000e+00 3.400000000000000355e+00
-6.820720384636917988e-01 -1.184400782773934901e+00 0.000000000000000000e+00 1.574277664401446675e-01 8.812515838533929724e-02 0.000000000000000000e+00 3.500000000000000000e+00
-6.663615667587019509e-01 -1.175597484627419087e+00 0.000000000000000000e+00 1.571047170498984791e-01 8.803298146515814437e-02 0.000000000000000000e+00 3.600000000000000089e+00
-6.507159489522905682e-01 -1.166812691492252085e+00 0.000000000000000000e+00 1.564561780641138267e-01 8.784793135167001665e-02 0.000000000000000000e+00 3.700000000000000178e+00
-6.350703311458791855e-01 -1.158027898357085084e+00 0.000000000000000000e+00 1.564561780641138267e-01 8.784793135167001665e-02 0.000000000000000000e+00 3.800000000000000266e+00
-6.194247133394678029e-01 -1.149243105221918304e+00 0.000000000000000000e+00 1.564561780641138267e-01 8.784793135166779621e-02 0.000000000000000000e+00 3.900000000000000355e+00
-6.038445125149147774e-01 -1.140465718487328806e+00 0.000000000000000000e+00 1.558020082455302546e-01 8.777386734589498474e-02 0.000000000000000000e+00 4.000000000000000000e+00
-5.890778055896008780e-01 -1.131780434162756643e+00 0.000000000000000000e+00 1.476670692531389939e-01 8.685284324572162262e-02 0.000000000000000000e+00 4.100000000000000533e+00
-5.743110986642869786e-01 -1.123095149838184259e+00 0.000000000000000000e+00 1.476670692531389939e-01 8.685284324572384307e-02 0.000000000000000000e+00 4.200000000000000178e+00
-5.595443917389730792e-01 -1.114409865513612097e+00 0.000000000000000000e+00 1.476670692531389939e-01 8.685284324572162262e-02 0.000000000000000000e+00 4.299999999999999822e+00
-5.447744328664571034e-01 -1.105725652524800484e+00 0.000000000000000000e+00 1.476995887251597583e-01 8.684212988811612632e-02 0.000000000000000000e+00 4.400000000000000355e+00
-5.298592278659277621e-01 -1.097089290057962740e+00 0.000000000000000000e+00 1.491520500052934128e-01 8.636362466837743668e-02 0.000000000000000000e+00 4.500000000000000000e+00
-5.149440228653983098e-01 -1.088452927591124775e+00 0.000000000000000000e+00 1.491520500052945231e-01 8.636362466837965712e-02 0.000000000000000000e+00 4.600000000000000533e+00
-5.000288178648689685e-01 -1.079816565124287031e+00 0.000000000000000000e+00 1.491520500052934128e-01 8.636362466837743668e-02 0.000000000000000000e+00 4.700000000000000178e+00
-4.851136128643396273e-01 -1.071180202657449065e+00 0.000000000000000000e+00 1.491520500052934128e-01 8.636362466837965712e-02 0.000000000000000000e+00 4.800000000000000711e+00
-4.707157393729192174e-01 -1.062243465527566766e+00 0.000000000000000000e+00 1.439787349142040984e-01 8.936737129882299513e-02 0.000000000000000000e+00 4.900000000000000355e+00
-4.563489973196622751e-01 -1.053288652763233912e+00 0.000000000000000000e+00 1.436674205325694231e-01 8.954812764332853448e-02 0.000000000000000000e+00 5.000000000000000000e+00
-4.419822552664053883e-01 -1.044333839998901059e+00 0.000000000000000000e+00 1.436674205325688680e-01 8.954812764332853448e-02 0.000000000000000000e+00 5.100000000000000533e+00
-4.276155132131484460e-01 -1.035379027234567983e+00 0.000000000000000000e+00 1.436674205325694231e-01 8.954812764333075492e-02 0.000000000000000000e+00 5.200000000000000178e+00
-4.130559649798985489e-01 -1.026489676185944333e+00 0.000000000000000000e+00 1.455954823324989711e-01 8.889351048623650442e-02 0.000000000000000000e+00 5.300000000000000711e+00
-3.984857112639372811e-01 -1.017603959871776986e+00 0.000000000000000000e+00 1.457025371596126773e-01 8.885716314167346752e-02 0.000000000000000000e+00 5.400000000000000355e+00
-3.839154575479760134e-01 -1.008718243557609417e+00 0.000000000000000000e+00 1.457025371596126773e-01 8.885716314167568797e-02 0.000000000000000000e+00 5.500000000000000000e+00
-3.693452038320148012e-01 -9.998325272434419597e-01 0.000000000000000000e+00 1.457025371596121222e-01 8.885716314167457774e-02 0.000000000000000000e+00 5.600000000000000533e+00
-3.548207069629407684e-01 -9.903125026429523414e-01 0.000000000000000000e+00 1.452449686907403281e-01 9.520024600489618294e-02 0.000000000000000000e+00 5.700000000000000178e+00
-3.403006698116944895e-01 -9.807306548145692249e-01 0.000000000000000000e+00 1.452003715124627892e-01 9.581847828383116550e-02 0.000000000000000000e+00 5.800000000000000711e+00
-3.257806326604482661e-01 -9.711488069861859973e-01 0.000000000000000000e+00 1.452003715124622341e-01 9.581847828383227572e-02 0.000000000000000000e+00 5.900000000000000355e+00
-3.112605955092019872e-01 -9.615669591578027697e-01 0.000000000000000000e+00 1.452003715124627892e-01 9.581847828383227572e-02 0.000000000000000000e+00 6.000000000000000000e+00
-2.966649308563660270e-01 -9.520556207163231033e-01 0.000000000000000000e+00 1.459566465283596015e-01 9.511338441479666450e-02 0.000000000000000000e+00 6.100000000000000533e+00
-2.820530095695460981e-01 -9.425594387360676230e-01 0.000000000000000000e+00 1.461192128681992886e-01 9.496181980255480326e-02 0.000000000000000000e+00 6.200000000000000178e+00
-2.674410882827261693e-01 -9.330632567558120316e-01 0.000000000000000000e+00 1.461192128681992886e-01 9.496181980255591348e-02 0.000000000000000000e+00 6.300000000000000711e+00
-2.528291669959062959e-01 -9.235670747755565513e-01 0.000000000000000000e+00 1.461192128681987334e-01 9.496181980255480326e-02 0.000000000000000000e+00 6.400000000000000355e+00
-2.377901417275007645e-01 -9.133720698386709191e-01 0.000000000000000000e+00 1.503902526840553144e-01 1.019500493688563214e-01 0.000000000000000000e+00 6.500000000000000000e+00
-2.225911689794382031e-01 -9.029153605500148672e-01 0.000000000000000000e+00 1.519897274806256138e-01 1.045670928865605198e-01 0.000000000000000000e+00 6.600000000000000533e+00
-2.073921962313756695e-01 -8.924586512613588152e-01 0.000000000000000000e+00 1.519897274806253362e-01 1.045670928865605198e-01 0.000000000000000000e+00 6.700000000000000178e+00
-1.921932234833131359e-01 -8.820019419727027632e-01 0.000000000000000000e+00 1.519897274806253362e-01 1.045670928865605198e-01 0.000000000000000000e+00 6.800000000000000711e+00
-1.769056481895233957e-01 -8.715686361998773446e-01 0.000000000000000000e+00 1.528757529378974023e-01 1.043330577282541860e-01 0.000000000000000000e+00 6.900000000000000355e+00
-1.614993027413277604e-01 -8.611667024284547223e-01 0.000000000000000000e+00 1.540634544819563523e-01 1.040193377142262232e-01 0.000000000000000000e+00 7.000000000000000000e+00
-1.460929572931321252e-01 -8.507647686570321000e-01 0.000000000000000000e+00 1.540634544819563523e-01 1.040193377142262232e-01 0.000000000000000000e+00 7.100000000000000533e+00
-1.306866118449364900e-01 -8.403628348856094776e-01 0.000000000000000000e+00 1.540634544819563523e-01 1.040193377142262232e-01 0.000000000000000000e+00 7.200000000000000178e+00
-1.151547417118584105e-01 -8.298474827951011212e-01 0.000000000000000000e+00 1.553187013307807951e-01 1.051535209050835640e-01 0.000000000000000000e+00 7.300000000000000711e+00
-9.838109126481364708e-02 -8.182101152538813205e-01 0.000000000000000000e+00 1.677365044704476338e-01 1.163736754121980077e-01 0.000000000000000000e+00 7.400000000000000355e+00
-8.160744081776888370e-02 -8.065727477126614087e-01 0.000000000000000000e+00 1.677365044704476338e-01 1.163736754121991179e-01 0.000000000000000000e+00 7.500000000000000000e+00
-6.483379037072410644e-02 -7.949353801714416079e-01 0.000000000000000000e+00 1.677365044704477726e-01 1.163736754121980077e-01 0.000000000000000000e+00 7.600000000000000533e+00
-4.806013992367934307e-02 -7.832980126302216961e-01 0.000000000000000000e+00 1.677365044704476338e-01 1.163736754121991179e-01 0.000000000000000000e+00 7.700000000000000178e+00
-3.132834263226767779e-02 -7.716474452895448755e-01 0.000000000000000000e+00 1.673179729141166527e-01 1.165056734067682065e-01 0.000000000000000000e+00 7.800000000000000711e+00
-1.468245817291935484e-02 -7.599697824494519027e-01 0.000000000000000000e+00 1.664588445934832295e-01 1.167766284009297273e-01 0.000000000000000000e+00 7.900000000000000355e+00
1.963426286428968104e-03 -7.482921196093589300e-01 0.000000000000000000e+00 1.664588445934832295e-01 1.167766284009297273e-01 0.000000000000000000e+00 8.000000000000000000e+00
1.860931074577728411e-02 -7.366144567692658462e-01 0.000000000000000000e+00 1.664588445934831462e-01 1.167766284009308375e-01 0.000000000000000000e+00 8.099999999999999645e+00
3.525519520512561400e-02 -7.249367939291728735e-01 0.000000000000000000e+00 1.664588445934832850e-01 1.167766284009297273e-01 0.000000000000000000e+00 8.200000000000001066e+00
5.146765041117644379e-02 -7.149312356066470642e-01 0.000000000000000000e+00 1.621245520605082979e-01 1.000555832252580934e-01 0.000000000000000000e+00 8.300000000000000711e+00
6.747840647344216514e-02 -7.057038020806056799e-01 0.000000000000000000e+00 1.601075606226572134e-01 9.227433526041384226e-02 0.000000000000000000e+00 8.400000000000000355e+00
8.348916253570790036e-02 -6.964763685545642957e-01 0.000000000000000000e+00 1.601075606226573522e-01 9.227433526041384226e-02 0.000000000000000000e+00 8.500000000000000000e+00
9.949991859797363558e-02 -6.872489350285229115e-01 0.000000000000000000e+00 1.601075606226573522e-01 9.227433526041384226e-02 0.000000000000000000e+00 8.599999999999999645e+00
1.155106746602393569e-01 -6.780215015024815273e-01 0.000000000000000000e+00 1.601075606226572134e-01 9.227433526041384226e-02 0.000000000000000000e+00 8.700000000000001066e+00
1.288418210084073534e-01 -6.722556529355314670e-01 0.000000000000000000e+00 1.333114634816799648e-01 5.765848566950060317e-02 0.000000000000000000e+00 8.800000000000000711e+00
1.419343887434327267e-01 -6.667980060199154568e-01 0.000000000000000000e+00 1.309256773502537330e-01 5.457646915616010119e-02 0.000000000000000000e+00 8.900000000000000355e+00
1.550269564784581000e-01 -6.613403591042994467e-01 0.000000000000000000e+00 1.309256773502537330e-01 5.457646915616010119e-02 0.000000000000000000e+00 9.000000000000000000e+00
1.681195242134834733e-01 -6.558827121886834366e-01 0.000000000000000000e+00 1.309256773502537330e-01 5.457646915616010119e-02 0.000000000000000000e+00 9.099999999999999645e+00
1.775842955420573188e-01 -6.546154994852583231e-01 0.000000000000000000e+00 9.464771328573845510e-02 1.267212703425113496e-02 0.000000000000000000e+00 9.200000000000001066e+00
1.864128703018069488e-01 -6.540831515782530303e-01 0.000000000000000000e+00 8.828574759749630019e-02 5.323479070052927753e-03 0.000000000000000000e+00 9.300000000000000711e+00
1.952414450615565789e-01 -6.535508036712477375e-01 0.000000000000000000e+00 8.828574759749630019e-02 5.323479070052927753e-03 0.000000000000000000e+00 9.400000000000000355e+00
2.040700198213061811e-01 -6.530184557642424448e-01 0.000000000000000000e+00 8.828574759749602263e-02 5.323479070052927753e-03 0.000000000000000000e+00 9.500000000000000000e+00
2.084225683526318151e-01 -6.564281398386950794e-01 0.000000000000000000e+00 4.352548531325634018e-02 -3.409684074452634661e-02 0.000000000000000000e+00 9.600000000000001421e+00
2.073105989490685308e-01 -6.646504195869152865e-01 0.000000000000000000e+00 -1.111969403563284331e-02 -8.222279748220207019e-02 0.000000000000000000e+00 9.700000000000001066e+00
2.061986295455052742e-01 -6.728726993351353824e-01 0.000000000000000000e+00 -1.111969403563256575e-02 -8.222279748220095996e-02 0.000000000000000000e+00 9.800000000000000711e+00
2.050866601419419899e-01 -6.810949790833554784e-01 0.000000000000000000e+00 -1.111969403563284331e-02 -8.222279748220095996e-02 0.000000000000000000e+00 9.900000000000000355e+00
2.027086556282821084e-01 -6.900203363527244171e-01 0.000000000000000000e+00 -2.378004513659881525e-02 -8.925357269368938695e-02 0.000000000000000000e+00 1.000000000000000000e+01
1.955366127291891798e-01 -7.016080057471221210e-01 0.000000000000000000e+00 -7.172042899092928581e-02 -1.158766939439770383e-01 0.000000000000000000e+00 1.010000000000000142e+01
1.883645698300962512e-01 -7.131956751415198248e-01 0.000000000000000000e+00 -7.172042899092928581e-02 -1.158766939439770383e-01 0.000000000000000000e+00 1.020000000000000107e+01
1.811925269310032949e-01 -7.247833445359176396e-01 0.000000000000000000e+00 -7.172042899092956336e-02 -1.158766939439781485e-01 0.000000000000000000e+00 1.030000000000000071e+01
1.740204840319103663e-01 -7.363710139303153435e-01 0.000000000000000000e+00 -7.172042899092928581e-02 -1.158766939439770383e-01 0.000000000000000000e+00 1.040000000000000036e+01
1.644003045071297520e-01 -7.508581919179447839e-01 0.000000000000000000e+00 -9.620179524780614333e-02 -1.448717798762944042e-01 0.000000000000000000e+00 1.050000000000000000e+01
1.545164302480142304e-01 -7.656576830094145025e-01 0.000000000000000000e+00 -9.883874259115521532e-02 -1.479949109146971864e-01 0.000000000000000000e+00 1.060000000000000142e+01
1.446325559888987089e-01 -7.804571741008843322e-01 0.000000000000000000e+00 -9.883874259115521532e-02 -1.479949109146982966e-01 0.000000000000000000e+00 1.070000000000000107e+01
1.347486817297831596e-01 -7.952566651923541619e-01 0.000000000000000000e+00 -9.883874259115549288e-02 -1.479949109146982966e-01 0.000000000000000000e+00 1.080000000000000071e+01
1.242724909878068495e-01 -8.107158700008501029e-01 0.000000000000000000e+00 -1.047619074197631006e-01 -1.545920480849594103e-01 0.000000000000000000e+00 1.090000000000000036e+01
1.123321666813789504e-01 -8.278058060551856112e-01 0.000000000000000000e+00 -1.194032430642789910e-01 -1.708993605433550833e-01 0.000000000000000000e+00 1.100000000000000000e+01
1.003918423749510513e-01 -8.448957421095212306e-01 0.000000000000000000e+00 -1.194032430642789910e-01 -1.708993605433561935e-01 0.000000000000000000e+00 1.110000000000000142e+01
8.845151806852315224e-02 -8.619856781638568499e-01 0.000000000000000000e+00 -1.194032430642789910e-01 -1.708993605433561935e-01 0.000000000000000000e+00 1.120000000000000107e+01
7.651119376209525313e-02 -8.790756142181923583e-01 0.000000000000000000e+00 -1.194032430642789910e-01 -1.708993605433550833e-01 0.000000000000000000e+00 1.130000000000000071e+01
6.418055764109194261e-02 -8.965584937190194115e-01 0.000000000000000000e+00 -1.233063612100331052e-01 -1.748287950082705322e-01 0.000000000000000000e+00 1.140000000000000036e+01
5.086234808401024488e-02 -9.150356052547086172e-01 0.000000000000000000e+00 -1.331820955708169774e-01 -1.847711153568920572e-01 0.000000000000000000e+00 1.150000000000000000e+01
3.754413852692856102e-02 -9.335127167903977119e-01 0.000000000000000000e+00 -1.331820955708168386e-01 -1.847711153568909470e-01 0.000000000000000000e+00 1.160000000000000142e+01
2.422592896984687022e-02 -9.519898283260869176e-01 0.000000000000000000e+00 -1.331820955708168941e-01 -1.847711153568920572e-01 0.000000000000000000e+00 1.170000000000000107e+01
1.090771941276517942e-02 -9.704669398617760123e-01 0.000000000000000000e+00 -1.331820955708168941e-01 -1.847711153568909470e-01 0.000000000000000000e+00 1.180000000000000071e+01
-2.410490144316504435e-03 -9.889440513974652180e-01 0.000000000000000000e+00 -1.331820955708168386e-01 -1.847711153568920572e-01 0.000000000000000000e+00 1.190000000000000036e+01
-1.444275453914352185e-02 -1.005380901719236775e+00 0.000000000000000000e+00 -1.203226439482701637e-01 -1.643685032177155669e-01 0.000000000000000000e+00 1.200000000000000000e+01
-2.631452583180803051e-02 -1.021563116103913149e+00 0.000000000000000000e+00 -1.187177129266450831e-01 -1.618221438467637441e-01 0.000000000000000000e+00 1.210000000000000142e+01
-3.818629712447254437e-02 -1.037745330488589746e+00 0.000000000000000000e+00 -1.187177129266451386e-01 -1.618221438467659645e-01 0.000000000000000000e+00 1.220000000000000107e+01
-5.005806841713705824e-02 -1.053927544873266342e+00 0.000000000000000000e+00 -1.187177129266451386e-01 -1.618221438467659645e-01 0.000000000000000000e+00 1.230000000000000071e+01
-6.156554485282074440e-02 -1.069714251475651245e+00 0.000000000000000000e+00 -1.150747643568368617e-01 -1.578670660238490342e-01 0.000000000000000000e+00 1.240000000000000036e+01
-7.253764374430357598e-02 -1.084919709177213365e+00 0.000000000000000000e+00 -1.097209889148283157e-01 -1.520545770156211951e-01 0.000000000000000000e+00 1.250000000000000000e+01
-8.350974263578640755e-02 -1.100125166878775484e+00 0.000000000000000000e+00 -1.097209889148283157e-01 -1.520545770156211951e-01 0.000000000000000000e+00 1.260000000000000142e+01
-9.448184152726923912e-02 -1.115330624580337604e+00 0.000000000000000000e+00 -1.097209889148283157e-01 -1.520545770156211951e-01 0.000000000000000000e+00 1.270000000000000107e+01
-1.054459786860831444e-01 -1.130518674636751486e+00 0.000000000000000000e+00 -1.096413715881390527e-01 -1.518805005641388206e-01 0.000000000000000000e+00 1.280000000000000071e+01
-1.162900484463966350e-01 -1.145444207631379996e+00 0.000000000000000000e+00 -1.084406976031349057e-01 -1.492553299462850980e-01 0.000000000000000000e+00 1.290000000000000036e+01
-1.271341182067101394e-01 -1.160369740626008506e+00 0.000000000000000000e+00 -1.084406976031350445e-01 -1.492553299462850980e-01 0.000000000000000000e+00 1.300000000000000000e+01
-1.379781879670236577e-01 -1.175295273620637015e+00 0.000000000000000000e+00 -1.084406976031351832e-01 -1.492553299462850980e-01 0.000000000000000000e+00 1.310000000000000142e+01
-1.488222577273371483e-01 -1.190220806615265525e+00 0.000000000000000000e+00 -1.084406976031349057e-01 -1.492553299462850980e-01 0.000000000000000000e+00 1.320000000000000107e+01
-1.610920979888421645e-01 -1.206728815014195044e+00 0.000000000000000000e+00 -1.226984026150501617e-01 -1.650800839892951899e-01 0.000000000000000000e+00 1.330000000000000071e+01
-1.737090351674887567e-01 -1.223622069379306510e+00 0.000000000000000000e+00 -1.261693717864659225e-01 -1.689325436511146528e-01 0.000000000000000000e+00 1.340000000000000036e+01
-1.863259723461353490e-01 -1.240515323744417975e+00 0.000000000000000000e+00 -1.261693717864659225e-01 -1.689325436511146528e-01 0.000000000000000000e+00 1.350000000000000000e+01
-1.989429095247819412e-01 -1.257408578109529440e+00 0.000000000000000000e+00 -1.261693717864659225e-01 -1.689325436511146528e-01 0.000000000000000000e+00 1.360000000000000142e+01
-2.115598467034285335e-01 -1.274301832474640905e+00 0.000000000000000000e+00 -1.261693717864659225e-01 -1.689325436511146528e-01 0.000000000000000000e+00 1.370000000000000107e+01
-2.234991047705532918e-01 -1.290328393678825902e+00 0.000000000000000000e+00 -1.193925806712475834e-01 -1.602656120418499697e-01 0.000000000000000000e+00 1.380000000000000071e+01
-2.353318847316318574e-01 -1.306218778564854022e+00 0.000000000000000000e+00 -1.183277996107856556e-01 -1.589038488602811938e-01 0.000000000000000000e+00 1.390000000000000036e+01
-2.471646646927104229e-01 -1.322109163450882363e+00 0.000000000000000000e+00 -1.183277996107856556e-01 -1.589038488602834143e-01 0.000000000000000000e+00 1.400000000000000000e+01
-2.589974446537889885e-01 -1.337999548336910705e+00 0.000000000000000000e+00 -1.183277996107856556e-01 -1.589038488602834143e-01 0.000000000000000000e+00 1.410000000000000142e+01
-2.708764096325029791e-01 -1.353923207828516384e+00 0.000000000000000000e+00 -1.187896497871399060e-01 -1.592365949160567951e-01 0.000000000000000000e+00 1.420000000000000107e+01
-2.828998559711250471e-01 -1.369950960822958086e+00 0.000000000000000000e+00 -1.202344633862206802e-01 -1.602775299444170187e-01 0.000000000000000000e+00 1.430000000000000071e+01
-2.949233023097471706e-01 -1.385978713817400010e+00 0.000000000000000000e+00 -1.202344633862212353e-01 -1.602775299444192392e-01 0.000000000000000000e+00 1.440000000000000036e+01
-3.069467486483692387e-01 -1.402006466811841712e+00 0.000000000000000000e+00 -1.202344633862206802e-01 -1.602775299444170187e-01 0.000000000000000000e+00 1.450000000000000000e+01
-3.189701949869913622e-01 -1.418034219806283414e+00 0.000000000000000000e+00 -1.202344633862212353e-01 -1.602775299444170187e-01 0.000000000000000000e+00 1.460000000000000142e+01
-3.312105298063060532e-01 -1.434278078757705632e+00 0.000000000000000000e+00 -1.224033481931469103e-01 -1.624385895142221869e-01 0.000000000000000000e+00 1.470000000000000107e+01
-3.436188001679995607e-01 -1.450689267347754940e+00 0.000000000000000000e+00 -1.240827036169350750e-01 -1.641118859004930819e-01 0.000000000000000000e+00 1.480000000000000071e+01
-3.560270705296930682e-01 -1.467100455937804471e+00 0.000000000000000000e+00 -1.240827036169350750e-01 -1.641118859004953023e-01 0.000000000000000000e+00 1.490000000000000036e+01
-3.684353408913865757e-01 -1.483511644527854001e+00 0.000000000000000000e+00 -1.240827036169350750e-01 -1.641118859004953023e-01 0.000000000000000000e+00 1.500000000000000000e+01
-3.808436112530800832e-01 -1.499922833117903531e+00 0.000000000000000000e+00 -1.240827036169350750e-01 -1.641118859004953023e-01 0.000000000000000000e+00 1.510000000000000142e+01
-3.922423634603021125e-01 -1.515191350061978026e+00 0.000000000000000000e+00 -1.139875220722202931e-01 -1.526851694407449500e-01 0.000000000000000000e+00 1.520000000000000107e+01
-4.032842952759227995e-01 -1.530055982695124328e+00 0.000000000000000000e+00 -1.104193181562068693e-01 -1.486463263314630190e-01 0.000000000000000000e+00 1.530000000000000071e+01
-4.143262270915434864e-01 -1.544920615328270408e+00 0.000000000000000000e+00 -1.104193181562068693e-01 -1.486463263314607985e-01 0.000000000000000000e+00 1.540000000000000036e+01
-4.253681589071642288e-01 -1.559785247961416710e+00 0.000000000000000000e+00 -1.104193181562074244e-01 -1.486463263314630190e-01 0.000000000000000000e+00 1.550000000000000000e+01
-4.374258659214635969e-01 -1.575667118640299513e+00 0.000000000000000000e+00 -1.205770701429936809e-01 -1.588187067888280346e-01 0.000000000000000000e+00 1.560000000000000142e+01
-4.507173509225987362e-01 -1.592784544105156908e+00 0.000000000000000000e+00 -1.329148500113513931e-01 -1.711742546485739425e-01 0.000000000000000000e+00 1.570000000000000107e+01
-4.640088359237338200e-01 -1.609901969570014080e+00 0.000000000000000000e+00 -1.329148500113508380e-01 -1.711742546485717220e-01 0.000000000000000000e+00 1.580000000000000071e+01
-4.773003209248689593e-01 -1.627019395034871474e+00 0.000000000000000000e+00 -1.329148500113513931e-01 -1.711742546485739425e-01 0.000000000000000000e+00 1.590000000000000036e+01
-4.905918059260040986e-01 -1.644136820499728646e+00 0.000000000000000000e+00 -1.329148500113513931e-01 -1.711742546485717220e-01 0.000000000000000000e+00 1.600000000000000000e+01
-5.036059401987563744e-01 -1.660977176893088547e+00 0.000000000000000000e+00 -1.301413427275227574e-01 -1.684035639335990098e-01 0.000000000000000000e+00 1.610000000000000142e+01
-5.160955842346511835e-01 -1.677293575683081572e+00 0.000000000000000000e+00 -1.248964403589480909e-01 -1.631639878999302518e-01 0.000000000000000000e+00 1.619999999999999929e+01
-5.285852282705461036e-01 -1.693609974473074598e+00 0.000000000000000000e+00 -1.248964403589492012e-01 -1.631639878999302518e-01 0.000000000000000000e+00 1.630000000000000071e+01
-5.410748723064409127e-01 -1.709926373263067623e+00 0.000000000000000000e+00 -1.248964403589480909e-01 -1.631639878999302518e-01 0.000000000000000000e+00 1.640000000000000213e+01
-5.535645163423357218e-01 -1.726242772053060648e+00 0.000000000000000000e+00 -1.248964403589480909e-01 -1.631639878999302518e-01 0.000000000000000000e+00 1.650000000000000000e+01
-5.658889406115268361e-01 -1.742398875430903216e+00 0.000000000000000000e+00 -1.232442426919111433e-01 -1.615610337784256778e-01 0.000000000000000000e+00 1.660000000000000142e+01
-5.780524159820044083e-01 -1.758398826971897089e+00 0.000000000000000000e+00 -1.216347537047757221e-01 -1.599995154099387307e-01 0.000000000000000000e+00 1.669999999999999929e+01
-5.902158913524819805e-01 -1.774398778512891184e+00 0.000000000000000000e+00 -1.216347537047757221e-01 -1.599995154099409511e-01 0.000000000000000000e+00 1.680000000000000071e+01
-6.023793667229594417e-01 -1.790398730053885057e+00 0.000000000000000000e+00 -1.216347537047746119e-01 -1.599995154099387307e-01 0.000000000000000000e+00 1.690000000000000213e+01
-6.145428420934370140e-01 -1.806398681594878930e+00 0.000000000000000000e+00 -1.216347537047757221e-01 -1.599995154099387307e-01 0.000000000000000000e+00 1.700000000000000000e+01
-6.265478569686958599e-01 -1.822271201567028598e+00 0.000000000000000000e+00 -1.200501487525884592e-01 -1.587251997214966792e-01 0.000000000000000000e+00 1.710000000000000142e+01
-6.385054989061286213e-01 -1.838105624928539683e+00 0.000000000000000000e+00 -1.195764193743276138e-01 -1.583442336151108520e-01 0.000000000000000000e+00 1.719999999999999929e+01
-6.504631408435612716e-01 -1.853940048290050546e+00 0.000000000000000000e+00 -1.195764193743265036e-01 -1.583442336151086316e-01 0.000000000000000000e+00 1.730000000000000071e+01
-6.624207827809940330e-01 -1.869774471651561631e+00 0.000000000000000000e+00 -1.195764193743276138e-01 -1.583442336151108520e-01 0.000000000000000000e+00 1.740000000000000213e+01
-6.743724410415209425e-01 -1.885607690418343640e+00 0.000000000000000000e+00 -1.195165826052690949e-01 -1.583321876678200901e-01 0.000000000000000000e+00 1.750000000000000000e+01
-6.862690407939415760e-01 -1.901429825166103704e+00 0.000000000000000000e+00 -1.189659975242063350e-01 -1.582213474776006379e-01 0.000000000000000000e+00 1.760000000000000142e+01
-6.981656405463622095e-01 -1.917251959913863546e+00 0.000000000000000000e+00 -1.189659975242063350e-01 -1.582213474775984174e-01 0.000000000000000000e+00 1.769999999999999929e+01
-7.100622402987828430e-01 -1.933074094661623610e+00 0.000000000000000000e+00 -1.189659975242063350e-01 -1.582213474776006379e-01 0.000000000000000000e+00 1.780000000000000071e+01
-7.219588400512033655e-01 -1.948896229409383452e+00 0.000000000000000000e+00 -1.189659975242052248e-01 -1.582213474775984174e-01 0.000000000000000000e+00 1.790000000000000213e+01
-7.343304854065342280e-01 -1.965265482684273923e+00 0.000000000000000000e+00 -1.237164535533086251e-01 -1.636925327489047177e-01 0.000000000000000000e+00 1.800000000000000000e+01
-7.473183398831164670e-01 -1.982344435038070118e+00 0.000000000000000000e+00 -1.298785447658223902e-01 -1.707895235379619514e-01 0.000000000000000000e+00 1.810000000000000142e+01
-7.603061943596988170e-01 -1.999423387391866092e+00 0.000000000000000000e+00 -1.298785447658235004e-01 -1.707895235379597310e-01 0.000000000000000000e+00 1.819999999999999929e+01
-7.732940488362810560e-01 -2.016502339745662287e+00 0.000000000000000000e+00 -1.298785447658223902e-01 -1.707895235379619514e-01 0.000000000000000000e+00 1.830000000000000071e+01
-7.862819033128634061e-01 -2.033581292099458260e+00 0.000000000000000000e+00 -1.298785447658235004e-01 -1.707895235379597310e-01 0.000000000000000000e+00 1.840000000000000213e+01
-7.988094918875235928e-01 -2.050199637418648635e+00 0.000000000000000000e+00 -1.252758857466018672e-01 -1.661834531919037516e-01 0.000000000000000000e+00 1.850000000000000000e+01
-8.101088149495769830e-01 -2.065588806878606576e+00 0.000000000000000000e+00 -1.129932306205339021e-01 -1.538916945995794094e-01 0.000000000000000000e+00 1.860000000000000142e+01
-8.214081380116304842e-01 -2.080977976338564073e+00 0.000000000000000000e+00 -1.129932306205350123e-01 -1.538916945995749685e-01 0.000000000000000000e+00 1.869999999999999929e+01
-8.327074610736838745e-01 -2.096367145798522014e+00 0.000000000000000000e+00 -1.129932306205339021e-01 -1.538916945995794094e-01 0.000000000000000000e+00 1.880000000000000071e+01
-8.440067841357372647e-01 -2.111756315258479955e+00 0.000000000000000000e+00 -1.129932306205339021e-01 -1.538916945995794094e-01 0.000000000000000000e+00 1.890000000000000213e+01
-8.549998409213164230e-01 -2.126798696924647736e+00 0.000000000000000000e+00 -1.099305678557915833e-01 -1.504238166616778116e-01 0.000000000000000000e+00 1.900000000000000000e+01
-8.659028874563260425e-01 -2.141739159252608715e+00 0.000000000000000000e+00 -1.090304653500961951e-01 -1.494046232796097939e-01 0.000000000000000000e+00 1.910000000000000142e+01
-8.768059339913355510e-01 -2.156679621580569250e+00 0.000000000000000000e+00 -1.090304653500950849e-01 -1.494046232796053530e-01 0.000000000000000000e+00 1.920000000000000284e+01
-8.877089805263451705e-01 -2.171620083908529786e+00 0.000000000000000000e+00 -1.090304653500961951e-01 -1.494046232796053530e-01 0.000000000000000000e+00 1.930000000000000071e+01
-8.985277211158404498e-01 -2.186613423321718930e+00 0.000000000000000000e+00 -1.081874058949527928e-01 -1.499333941318914398e-01 0.000000000000000000e+00 1.940000000000000213e+01
-9.092339846606000142e-01 -2.201677308865959581e+00 0.000000000000000000e+00 -1.070626354475956443e-01 -1.506388554424065163e-01 0.000000000000000000e+00 1.950000000000000000e+01
-9.199402482053596897e-01 -2.216741194410200233e+00 0.000000000000000000e+00 -1.070626354475967545e-01 -1.506388554424065163e-01 0.000000000000000000e+00 1.960000000000000142e+01
-9.306465117501192541e-01 -2.231805079954440885e+00 0.000000000000000000e+00 -1.070626354475956443e-01 -1.506388554424065163e-01 0.000000000000000000e+00 1.970000000000000284e+01
-9.413453745768802783e-01 -2.246861533051637050e+00 0.000000000000000000e+00 -1.069886282676102418e-01 -1.505645309719616520e-01 0.000000000000000000e+00 1.980000000000000071e+01
-9.519246218692510864e-01 -2.261797857787607224e+00 0.000000000000000000e+00 -1.057924729237080808e-01 -1.493632473597017452e-01 0.000000000000000000e+00 1.990000000000000213e+01
-9.625038691616218944e-01 -2.276734182523577843e+00 0.000000000000000000e+00 -1.057924729237080808e-01 -1.493632473597061860e-01 0.000000000000000000e+00 2.000000000000000000e+01
-9.730831164539927025e-01 -2.291670507259548017e+00 0.000000000000000000e+00 -1.057924729237080808e-01 -1.493632473597017452e-01 0.000000000000000000e+00 2.010000000000000142e+01
-9.836623637463635106e-01 -2.306606831995518192e+00 0.000000000000000000e+00 -1.057924729237080808e-01 -1.493632473597017452e-01 0.000000000000000000e+00 2.020000000000000284e+01
-9.945759307102510771e-01 -2.319924389675286580e+00 0.000000000000000000e+00 -1.091356696388756653e-01 -1.331755767976838811e-01 0.000000000000000000e+00 2.030000000000000071e+01
-1.005636470150413242e+00 -2.332530310490606329e+00 0.000000000000000000e+00 -1.106053944016216484e-01 -1.260592081531974884e-01 0.000000000000000000e+00 2.040000000000000213e+01
-1.016697009590575407e+00 -2.345136231305926078e+00 0.000000000000000000e+00 -1.106053944016216484e-01 -1.260592081531974884e-01 0.000000000000000000e+00 2.050000000000000000e+01
-1.027757549030737350e+00 -2.357742152121245827e+00 0.000000000000000000e+00 -1.106053944016194279e-01 -1.260592081531974884e-01 0.000000000000000000e+00 2.060000000000000142e+01
-1.040349969281086695e+00 -2.367685150783697345e+00 0.000000000000000000e+00 -1.259242025034934542e-01 -9.942998662451518754e-02 0.000000000000000000e+00 2.070000000000000284e+01
-1.053699605121369398e+00 -2.376311855021985942e+00 0.000000000000000000e+00 -1.334963584028270311e-01 -8.626704238288596116e-02 0.000000000000000000e+00 2.080000000000000071e+01
-1.067049240961652101e+00 -2.384938559260274982e+00 0.000000000000000000e+00 -1.334963584028270311e-01 -8.626704238289040205e-02 0.000000000000000000e+00 2.090000000000000213e+01
-1.080398876801935026e+00 -2.393565263498563578e+00 0.000000000000000000e+00 -1.334963584028292516e-01 -8.626704238288596116e-02 0.000000000000000000e+00 2.100000000000000000e+01
-1.094492199520931797e+00 -2.399854513741443096e+00 0.000000000000000000e+00 -1.409332271899677025e-01 -6.289250242879518282e-02 0.000000000000000000e+00 2.110000000000000142e+01
-1.110831574487408657e+00 -2.399084282433634918e+00 0.000000000000000000e+00 -1.633937496647686061e-01 7.702313078081779452e-03 0.000000000000000000e+00 2.120000000000000284e+01
-1.127170949453885518e+00 -2.398314051125826740e+00 0.000000000000000000e+00 -1.633937496647686061e-01 7.702313078081779452e-03 0.000000000000000000e+00 2.130000000000000071e+01
-1.143510324420362601e+00 -2.397543819818018562e+00 0.000000000000000000e+00 -1.633937496647708265e-01 7.702313078081779452e-03 0.000000000000000000e+00 2.140000000000000213e+01
-1.159849699386839461e+00 -2.396773588510210384e+00 0.000000000000000000e+00 -1.633937496647686061e-01 7.702313078081779452e-03 0.000000000000000000e+00 2.150000000000000000e+01
-1.177619158379480169e+00 -2.392322591795585041e+00 0.000000000000000000e+00 -1.776945899264070761e-01 4.450996714625343742e-02 0.000000000000000000e+00 2.160000000000000142e+01
-1.195561001644055432e+00 -2.387427910616824800e+00 0.000000000000000000e+00 -1.794184326457526346e-01 4.894681178760240670e-02 0.000000000000000000e+00 2.170000000000000284e+01
-1.213502844908630918e+00 -2.382533229438064559e+00 0.000000000000000000e+00 -1.794184326457548551e-01 4.894681178760240670e-02 0.000000000000000000e+00 2.180000000000000071e+01
-1.231444688173206181e+00 -2.377638548259304319e+00 0.000000000000000000e+00 -1.794184326457526346e-01 4.894681178760240670e-02 0.000000000000000000e+00 2.190000000000000213e+01
-1.249644115963916891e+00 -2.372305408056758935e+00 0.000000000000000000e+00 -1.819942779071070937e-01 5.333140202545383346e-02 0.000000000000000000e+00 2.200000000000000000e+01
-1.269195798382338980e+00 -2.364670467148749733e+00 0.000000000000000000e+00 -1.955168241842208943e-01 7.634940908009202332e-02 0.000000000000000000e+00 2.210000000000000142e+01
-1.288747480800761069e+00 -2.357035526240740086e+00 0.000000000000000000e+00 -1.955168241842208943e-01 7.634940908009646421e-02 0.000000000000000000e+00 2.220000000000000284e+01
-1.308299163219182937e+00 -2.349400585332730440e+00 0.000000000000000000e+00 -1.955168241842186738e-01 7.634940908009646421e-02 0.000000000000000000e+00 2.230000000000000071e+01
-1.327850845637605026e+00 -2.341765644424720794e+00 0.000000000000000000e+00 -1.955168241842208943e-01 7.634940908009646421e-02 0.000000000000000000e+00 2.240000000000000213e+01
-1.347250281481480627e+00 -2.334186757313957195e+00 0.000000000000000000e+00 -1.939943584387560094e-01 7.578887110763599111e-02 0.000000000000000000e+00 2.250000000000000000e+01
-1.365897495654581073e+00 -2.326884821465597053e+00 0.000000000000000000e+00 -1.864721417310044593e-01 7.301935848360141534e-02 0.000000000000000000e+00 2.260000000000000142e+01
-1.384544709827681519e+00 -2.319582885617236911e+00 0.000000000000000000e+00 -1.864721417310044593e-01 7.301935848360141534e-02 0.000000000000000000e+00 2.270000000000000284e+01
-1.403191924000781965e+00 -2.312280949768876770e+00 0.000000000000000000e+00 -1.864721417310044593e-01 7.301935848360141534e-02 0.000000000000000000e+00 2.280000000000000071e+01
-1.421839138173882411e+00 -2.304979013920517072e+00 0.000000000000000000e+00 -1.864721417310044593e-01 7.301935848359697445e-02 0.000000000000000000e+00 2.290000000000000213e+01
-1.440408259730993512e+00 -2.297667929347540827e+00 0.000000000000000000e+00 -1.856912155711110124e-01 7.311084572976245255e-02 0.000000000000000000e+00 2.300000000000000000e+01
-1.458894953623240953e+00 -2.290347188189277183e+00 0.000000000000000000e+00 -1.848669389224744108e-01 7.320741158263643911e-02 0.000000000000000000e+00 2.310000000000000142e+01
-1.477381647515488394e+00 -2.283026447031013539e+00 0.000000000000000000e+00 -1.848669389224744108e-01 7.320741158263643911e-02 0.000000000000000000e+00 2.320000000000000284e+01
-1.495868341407736057e+00 -2.275705705872749895e+00 0.000000000000000000e+00 -1.848669389224766313e-01 7.320741158263643911e-02 0.000000000000000000e+00 2.330000000000000071e+01
-1.514355035299983498e+00 -2.268384964714486252e+00 0.000000000000000000e+00 -1.848669389224744108e-01 7.320741158263643911e-02 0.000000000000000000e+00 2.340000000000000213e+01
-1.533154642862256667e+00 -2.260848123506448371e+00 0.000000000000000000e+00 -1.879960756227316843e-01 7.536841208037881046e-02 0.000000000000000000e+00 2.350000000000000000e+01
-1.552018654480452842e+00 -2.253266804472658702e+00 0.000000000000000000e+00 -1.886401161819617478e-01 7.581319033789668538e-02 0.000000000000000000e+00 2.360000000000000142e+01
-1.570882666098649016e+00 -2.245685485438869478e+00 0.000000000000000000e+00 -1.886401161819617478e-01 7.581319033789224449e-02 0.000000000000000000e+00 2.370000000000000284e+01
-1.589746677716844969e+00 -2.238104166405080253e+00 0.000000000000000000e+00 -1.886401161819595274e-01 7.581319033789224449e-02 0.000000000000000000e+00 2.380000000000000071e+01
-1.608710350175952764e+00 -2.230472747559578917e+00 0.000000000000000000e+00 -1.896367245910779431e-01 7.631418845501336534e-02 0.000000000000000000e+00 2.390000000000000213e+01
-1.629247965209321691e+00 -2.222050102933775140e+00 0.000000000000000000e+00 -2.053761503336892780e-01 8.422644625803776819e-02 0.000000000000000000e+00 2.400000000000000000e+01
-1.649785580242690397e+00 -2.213627458307971807e+00 0.000000000000000000e+00 -2.053761503336870575e-01 8.422644625803332730e-02 0.000000000000000000e+00 2.410000000000000142e+01
-1.670323195276059325e+00 -2.205204813682168030e+00 0.000000000000000000e+00 -2.053761503336892780e-01 8.422644625803776819e-02 0.000000000000000000e+00 2.420000000000000284e+01
-1.690860810309428253e+00 -2.196782169056364697e+00 0.000000000000000000e+00 -2.053761503336892780e-01 8.422644625803332730e-02 0.000000000000000000e+00 2.430000000000000071e+01
-1.711398425342796958e+00 -2.188359524430560921e+00 0.000000000000000000e+00 -2.053761503336870575e-01 8.422644625803776819e-02 0.000000000000000000e+00 2.440000000000000213e+01
-1.730139557185517596e+00 -2.180707199545307340e+00 0.000000000000000000e+00 -1.874113184272063748e-01 7.652324885253580788e-02 0.000000000000000000e+00 2.450000000000000000e+01
-1.748378191738494181e+00 -2.173270342070980909e+00 0.000000000000000000e+00 -1.823863455297658476e-01 7.436857474326430406e-02 0.000000000000000000e+00 2.460000000000000142e+01
-1.766616826291470765e+00 -2.165833484596654479e+00 0.000000000000000000e+00 -1.823863455297658476e-01 7.436857474326430406e-02 0.000000000000000000e+00 2.470000000000000284e+01
-1.784855460844447350e+00 -2.158396627122327605e+00 0.000000000000000000e+00 -1.823863455297658476e-01 7.436857474326874495e-02 0.000000000000000000e+00 2.480000000000000071e+01
-1.803278262138792609e+00 -2.150875844542518234e+00 0.000000000000000000e+00 -1.842280129434525904e-01 7.520782579809370816e-02 0.000000000000000000e+00 2.490000000000000213e+01
-1.822395109782098510e+00 -2.143038783830112592e+00 0.000000000000000000e+00 -1.911684764330590092e-01 7.837060712405641283e-02 0.000000000000000000e+00 2.500000000000000000e+01
-1.841511957425404633e+00 -2.135201723117706951e+00 0.000000000000000000e+00 -1.911684764330612296e-01 7.837060712405641283e-02 0.000000000000000000e+00 2.510000000000000142e+01
-1.860628805068710756e+00 -2.127364662405301310e+00 0.000000000000000000e+00 -1.911684764330612296e-01 7.837060712405641283e-02 0.000000000000000000e+00 2.520000000000000284e+01
-1.879745652712016879e+00 -2.119527601692895225e+00 0.000000000000000000e+00 -1.911684764330612296e-01 7.837060712406085372e-02 0.000000000000000000e+00 2.530000000000000071e+01
-1.898194936253212450e+00 -2.111948599438909113e+00 0.000000000000000000e+00 -1.844928354119557135e-01 7.579002253986111270e-02 0.000000000000000000e+00 2.540000000000000213e+01
-1.915399417594509268e+00 -2.104850797021354136e+00 0.000000000000000000e+00 -1.720448134129681783e-01 7.097802417554976984e-02 0.000000000000000000e+00 2.550000000000000000e+01
-1.932603898935805864e+00 -2.097752994603798715e+00 0.000000000000000000e+00 -1.720448134129659579e-01 7.097802417555421073e-02 0.000000000000000000e+00 2.560000000000000142e+01
-1.949808380277102682e+00 -2.090655192186243738e+00 0.000000000000000000e+00 -1.720448134129681783e-01 7.097802417554976984e-02 0.000000000000000000e+00 2.570000000000000284e+01
-1.967012861618399278e+00 -2.083557389768688761e+00 0.000000000000000000e+00 -1.720448134129659579e-01 7.097802417554976984e-02 0.000000000000000000e+00 2.580000000000000071e+01
-1.983393865432528935e+00 -2.074270963239913890e+00 0.000000000000000000e+00 -1.638100381412965767e-01 9.286426528774871514e-02 0.000000000000000000e+00 2.590000000000000213e+01
-1.999745746556844450e+00 -2.064907134937553845e+00 0.000000000000000000e+00 -1.635188112431551488e-01 9.363828302360044376e-02 0.000000000000000000e+00 2.600000000000000000e+01
-2.016097627681160187e+00 -2.055543306635194245e+00 0.000000000000000000e+00 -1.635188112431573693e-01 9.363828302359600286e-02 0.000000000000000000e+00 2.610000000000000142e+01
-2.032449508805475702e+00 -2.046179478332834645e+00 0.000000000000000000e+00 -1.635188112431551488e-01 9.363828302359600286e-02 0.000000000000000000e+00 2.620000000000000284e+01
-2.048486406164790274e+00 -2.037509536989900116e+00 0.000000000000000000e+00 -1.603689735931457250e-01 8.669941342934528450e-02 0.000000000000000000e+00 2.630000000000000071e+01
-2.064224718247684720e+00 -2.029497357895708731e+00 0.000000000000000000e+00 -1.573831208289444561e-01 8.012179094191385076e-02 0.000000000000000000e+00 2.640000000000000213e+01
-2.079963030330578722e+00 -2.021485178801516902e+00 0.000000000000000000e+00 -1.573831208289400152e-01 8.012179094191829165e-02 0.000000000000000000e+00 2.650000000000000000e+01
-2.095701342413472723e+00 -2.013472999707325517e+00 0.000000000000000000e+00 -1.573831208289400152e-01 8.012179094191385076e-02 0.000000000000000000e+00 2.660000000000000142e+01
-2.112289179120894644e+00 -2.005478985991491214e+00 0.000000000000000000e+00 -1.658783670742192129e-01 7.994013715834302758e-02 0.000000000000000000e+00 2.670000000000000284e+01
-2.130446173615425209e+00 -1.997518525564264014e+00 0.000000000000000000e+00 -1.815699449453056502e-01 7.960460427227200597e-02 0.000000000000000000e+00 2.680000000000000071e+01
-2.148603168109955330e+00 -1.989558065137036591e+00 0.000000000000000000e+00 -1.815699449453012093e-01 7.960460427227422642e-02 0.000000000000000000e+00 2.690000000000000213e+01
-2.166760162604485451e+00 -1.981597604709809390e+00 0.000000000000000000e+00 -1.815699449453012093e-01 7.960460427227200597e-02 0.000000000000000000e+00 2.700000000000000000e+01
-2.184917157099016016e+00 -1.973637144282581968e+00 0.000000000000000000e+00 -1.815699449453056502e-01 7.960460427227422642e-02 0.000000000000000000e+00 2.710000000000000142e+01
-2.202727785752530920e+00 -1.966854028068359517e+00 0.000000000000000000e+00 -1.781062865351490387e-01 6.783116214222451035e-02 0.000000000000000000e+00 2.720000000000000284e+01
-2.220334221509742356e+00 -1.960764991051134443e+00 0.000000000000000000e+00 -1.760643575721143606e-01 6.089037017225074067e-02 0.000000000000000000e+00 2.730000000000000071e+01
-2.237940657266953792e+00 -1.954675954033909591e+00 0.000000000000000000e+00 -1.760643575721143606e-01 6.089037017224852022e-02 0.000000000000000000e+00 2.740000000000000213e+01
-2.255547093024165228e+00 -1.948586917016684517e+00 0.000000000000000000e+00 -1.760643575721143606e-01 6.089037017225074067e-02 0.000000000000000000e+00 2.750000000000000000e+01
-2.273216105078464722e+00 -1.942895612448245046e+00 0.000000000000000000e+00 -1.766901205429949329e-01 5.691304568439470302e-02 0.000000000000000000e+00 2.760000000000000142e+01
-2.292267414917778190e+00 -1.945990137476166781e+00 0.000000000000000000e+00 -1.905130983931346833e-01 -3.094525027921735116e-02 0.000000000000000000e+00 2.770000000000000284e+01
-2.311318724757091214e+00 -1.949084662504088739e+00 0.000000000000000000e+00 -1.905130983931302424e-01 -3.094525027921957161e-02 0.000000000000000000e+00 2.780000000000000071e+01
-2.330370034596404683e+00 -1.952179187532010474e+00 0.000000000000000000e+00 -1.905130983931346833e-01 -3.094525027921735116e-02 0.000000000000000000e+00 2.790000000000000213e+01
-2.349421344435717707e+00 -1.955273712559932209e+00 0.000000000000000000e+00 -1.905130983931302424e-01 -3.094525027921735116e-02 0.000000000000000000e+00 2.800000000000000000e+01
-2.368229198408037472e+00 -1.959319718370099883e+00 0.000000000000000000e+00 -1.880785397231976575e-01 -4.046005810167674355e-02 0.000000000000000000e+00 2.810000000000000142e+01
-2.386809961654803747e+00 -1.964253246275577514e+00 0.000000000000000000e+00 -1.858076324676627422e-01 -4.933527905477630426e-02 0.000000000000000000e+00 2.820000000000000284e+01
-2.405390724901570465e+00 -1.969186774181055366e+00 0.000000000000000000e+00 -1.858076324676671831e-01 -4.933527905477852471e-02 0.000000000000000000e+00 2.830000000000000071e+01
-2.423971488148337183e+00 -1.974120302086532996e+00 0.000000000000000000e+00 -1.858076324676671831e-01 -4.933527905477630426e-02 0.000000000000000000e+00 2.840000000000000213e+01
-2.442575433753788161e+00 -1.979053892454272656e+00 0.000000000000000000e+00 -1.860394560545097775e-01 -4.933590367739659754e-02 0.000000000000000000e+00 2.850000000000000000e+01
-2.461987617491001590e+00 -1.983989660528882704e+00 0.000000000000000000e+00 -1.941218373721342871e-01 -4.935768074610047407e-02 0.000000000000000000e+00 2.860000000000000142e+01
-2.481399801228215019e+00 -1.988925428603492529e+00 0.000000000000000000e+00 -1.941218373721342871e-01 -4.935768074609825362e-02 0.000000000000000000e+00 2.870000000000000284e+01
-2.500811984965428447e+00 -1.993861196678102576e+00 0.000000000000000000e+00 -1.941218373721342871e-01 -4.935768074610047407e-02 0.000000000000000000e+00 2.880000000000000071e+01
-2.520224168702641876e+00 -1.998796964752712402e+00 0.000000000000000000e+00 -1.941218373721342871e-01 -4.935768074609825362e-02 0.000000000000000000e+00 2.890000000000000213e+01
-2.539151137266767222e+00 -2.003503583914941544e+00 0.000000000000000000e+00 -1.892696856412534601e-01 -4.706619162229142006e-02 0.000000000000000000e+00 2.900000000000000000e+01
-2.557195867704132208e+00 -2.007793555127103780e+00 0.000000000000000000e+00 -1.804473043736498639e-01 -4.289971212162235759e-02 0.000000000000000000e+00 2.910000000000000142e+01
-2.575240598141497195e+00 -2.012083526339266015e+00 0.000000000000000000e+00 -1.804473043736498639e-01 -4.289971212162235759e-02 0.000000000000000000e+00 2.920000000000000284e+01
-2.593285328578862181e+00 -2.016373497551428251e+00 0.000000000000000000e+00 -1.804473043736498639e-01 -4.289971212162235759e-02 0.000000000000000000e+00 2.930000000000000071e+01
-2.611685998113072227e+00 -2.020771424860031029e+00 0.000000000000000000e+00 -1.840066953421004570e-01 -4.397927308602778140e-02 0.000000000000000000e+00 2.940000000000000213e+01
-2.632489439669840170e+00 -2.025898111359433873e+00 0.000000000000000000e+00 -2.080344155676794315e-01 -5.126686499402843822e-02 0.000000000000000000e+00 2.950000000000000000e+01
-2.653292881226608113e+00 -2.031024797858836717e+00 0.000000000000000000e+00 -2.080344155676794315e-01 -5.126686499402843822e-02 0.000000000000000000e+00 2.960000000000000142e+01
-2.674096322783376056e+00 -2.036151484358239561e+00 0.000000000000000000e+00 -2.080344155676794315e-01 -5.126686499402843822e-02 0.000000000000000000e+00 2.970000000000000284e+01
-2.694899764340143999e+00 -2.041278170857642404e+00 0.000000000000000000e+00 -2.080344155676794315e-01 -5.126686499402843822e-02 0.000000000000000000e+00 2.980000000000000071e+01
-2.715698536890168491e+00 -2.046398872445708950e+00 0.000000000000000000e+00 -2.079877255002449132e-01 -5.120701588066545185e-02 0.000000000000000000e+00 2.990000000000000213e+01
-2.735251239764278086e+00 -2.049922314286846348e+00 0.000000000000000000e+00 -1.955270287410959540e-01 -3.523441841137398001e-02 0.000000000000000000e+00 3.000000000000000000e+01
-2.754803942638387682e+00 -2.053445756127983746e+00 0.000000000000000000e+00 -1.955270287410959540e-01 -3.523441841137398001e-02 0.000000000000000000e+00 3.010000000000000142e+01
-2.774356645512497277e+00 -2.056969197969121144e+00 0.000000000000000000e+00 -1.955270287410959540e-01 -3.523441841137398001e-02 0.000000000000000000e+00 3.020000000000000284e+01
-2.793909348386606872e+00 -2.060492639810258542e+00 0.000000000000000000e+00 -1.955270287410959540e-01 -3.523441841137398001e-02 0.000000000000000000e+00 3.030000000000000071e+01
-2.813504884856347754e+00 -2.064137314206346385e+00 0.000000000000000000e+00 -1.959553646974088181e-01 -3.644674396087843604e-02 0.000000000000000000e+00 3.040000000000000213e+01
-2.833214287295698242e+00 -2.068104265128939190e+00 0.000000000000000000e+00 -1.970940243935048741e-01 -3.966950922592804574e-02 0.000000000000000000e+00 3.050000000000000000e+01
-2.852923689735049173e+00 -2.072071216051531994e+00 0.000000000000000000e+00 -1.970940243935093150e-01 -3.966950922592804574e-02 0.000000000000000000e+00 3.060000000000000142e+01
-2.872633092174399660e+00 -2.076038166974124799e+00 0.000000000000000000e+00 -1.970940243935048741e-01 -3.966950922592804574e-02 0.000000000000000000e+00 3.070000000000000284e+01
-2.892342494613750592e+00 -2.080005117896717604e+00 0.000000000000000000e+00 -1.970940243935093150e-01 -3.966950922592804574e-02 0.000000000000000000e+00 3.080000000000000071e+01
-2.911506468448973539e+00 -2.083867439386925646e+00 0.000000000000000000e+00 -1.916397383522294717e-01 -3.862321490208042718e-02 0.000000000000000000e+00 3.090000000000000213e+01
-2.930133948841376235e+00 -2.087626845474503057e+00 0.000000000000000000e+00 -1.862748039240269549e-01 -3.759406087577410460e-02 0.000000000000000000e+00 3.100000000000000000e+01
-2.948761429233778486e+00 -2.091386251562080023e+00 0.000000000000000000e+00 -1.862748039240225140e-01 -3.759406087576966371e-02 0.000000000000000000e+00 3.110000000000000142e+01
-2.967388909626181182e+00 -2.095145657649657434e+00 0.000000000000000000e+00 -1.862748039240269549e-01 -3.759406087577410460e-02 0.000000000000000000e+00 3.120000000000000284e+01
-2.986016390018583877e+00 -2.098905063737234400e+00 0.000000000000000000e+00 -1.862748039240269549e-01 -3.759406087576966371e-02 0.000000000000000000e+00 3.130000000000000071e+01
-3.003698494721675605e+00 -2.101969176454539401e+00 0.000000000000000000e+00 -1.768210470309172777e-01 -3.064112717305000899e-02 0.000000000000000000e+00 3.140000000000000213e+01
-3.021351912029602627e+00 -2.105012190516680981e+00 0.000000000000000000e+00 -1.765341730792702180e-01 -3.043014062141580212e-02 0.000000000000000000e+00 3.150000000000000000e+01
-3.039005329337530092e+00 -2.108055204578823005e+00 0.000000000000000000e+00 -1.765341730792746588e-01 -3.043014062142024301e-02 0.000000000000000000e+00 3.160000000000000142e+01
-3.056658746645457558e+00 -2.111098218640964586e+00 0.000000000000000000e+00 -1.765341730792746588e-01 -3.043014062141580212e-02 0.000000000000000000e+00 3.170000000000000284e+01
-3.074540300560466122e+00 -2.112475186544247485e+00 0.000000000000000000e+00 -1.788155391500856339e-01 -1.376967903282899641e-02 0.000000000000000000e+00 3.180000000000000071e+01
-3.092584900280411553e+00 -2.112661456292993734e+00 0.000000000000000000e+00 -1.804459971994543110e-01 -1.862697487462483537e-03 0.000000000000000000e+00 3.190000000000000213e+01
-3.110629500000357428e+00 -2.112847726041739982e+00 0.000000000000000000e+00 -1.804459971994587519e-01 -1.862697487462483537e-03 0.000000000000000000e+00 3.200000000000000000e+01
-3.128674099720303303e+00 -2.113033995790485786e+00 0.000000000000000000e+00 -1.804459971994587519e-01 -1.862697487458042644e-03 0.000000000000000000e+00 3.210000000000000142e+01
-3.146684973095542404e+00 -2.112228791904698255e+00 0.000000000000000000e+00 -1.801087337523910037e-01 8.052038857875309930e-03 0.000000000000000000e+00 3.220000000000000284e+01
-3.164453991074033024e+00 -2.104313619496287924e+00 0.000000000000000000e+00 -1.776901797849061992e-01 7.915172408410331428e-02 0.000000000000000000e+00 3.230000000000000426e+01
-3.182223009052523643e+00 -2.096398447087877592e+00 0.000000000000000000e+00 -1.776901797849061992e-01 7.915172408410331428e-02 0.000000000000000000e+00 3.239999999999999858e+01
-3.199992027031014263e+00 -2.088483274679467705e+00 0.000000000000000000e+00 -1.776901797849061992e-01 7.915172408409887339e-02 0.000000000000000000e+00 3.250000000000000000e+01
-3.217761045009504883e+00 -2.080568102271057374e+00 0.000000000000000000e+00 -1.776901797849061992e-01 7.915172408410331428e-02 0.000000000000000000e+00 3.260000000000000142e+01
-3.235870391519044986e+00 -2.071353626667514103e+00 0.000000000000000000e+00 -1.810934650954010294e-01 9.214475603543270665e-02 0.000000000000000000e+00 3.270000000000000284e+01
-3.254516123425683638e+00 -2.060091343734610891e+00 0.000000000000000000e+00 -1.864573190663865176e-01 1.126228293290321147e-01 0.000000000000000000e+00 3.280000000000000426e+01
-3.273161855332322290e+00 -2.048829060801708124e+00 0.000000000000000000e+00 -1.864573190663865176e-01 1.126228293290276739e-01 0.000000000000000000e+00 3.289999999999999858e+01
-3.291807587238960942e+00 -2.037566777868804913e+00 0.000000000000000000e+00 -1.864573190663865176e-01 1.126228293290321147e-01 0.000000000000000000e+00 3.300000000000000000e+01
-3.310453319145599593e+00 -2.026304494935902145e+00 0.000000000000000000e+00 -1.864573190663865176e-01 1.126228293290276739e-01 0.000000000000000000e+00 3.310000000000000142e+01
-3.328735457072602433e+00 -2.015175207033060634e+00 0.000000000000000000e+00 -1.828213792700283946e-01 1.112928790284151148e-01 0.000000000000000000e+00 3.320000000000000284e+01
-3.344925862267206895e+00 -2.004811030967067698e+00 0.000000000000000000e+00 -1.619040519460446248e-01 1.036417606599293606e-01 0.000000000000000000e+00 3.330000000000000426e+01
-3.361116267461811358e+00 -1.994446854901074762e+00 0.000000000000000000e+00 -1.619040519460446248e-01 1.036417606599293606e-01 0.000000000000000000e+00 3.339999999999999858e+01
-3.377306672656415820e+00 -1.984082678835081825e+00 0.000000000000000000e+00 -1.619040519460446248e-01 1.036417606599293606e-01 0.000000000000000000e+00 3.350000000000000000e+01
-3.393497077851020283e+00 -1.973718502769089111e+00 0.000000000000000000e+00 -1.619040519460446248e-01 1.036417606599271402e-01 0.000000000000000000e+00 3.360000000000000142e+01
-3.411023663208122780e+00 -1.962508792512143163e+00 0.000000000000000000e+00 -1.752658535710249765e-01 1.120971025694594836e-01 0.000000000000000000e+00 3.370000000000000284e+01
-3.429191266378869951e+00 -1.950893446478182636e+00 0.000000000000000000e+00 -1.816760317074717079e-01 1.161534603396052745e-01 0.000000000000000000e+00 3.380000000000000426e+01
-3.447358869549617122e+00 -1.939278100444221886e+00 0.000000000000000000e+00 -1.816760317074717079e-01 1.161534603396074949e-01 0.000000000000000000e+00 3.389999999999999858e+01
-3.465526472720364737e+00 -1.927662754410261137e+00 0.000000000000000000e+00 -1.816760317074761488e-01 1.161534603396074949e-01 0.000000000000000000e+00 3.400000000000000000e+01
-3.483694075891111908e+00 -1.916047408376300609e+00 0.000000000000000000e+00 -1.816760317074717079e-01 1.161534603396052745e-01 0.000000000000000000e+00 3.410000000000000142e+01
-3.500654871885330977e+00 -1.905209451885693461e+00 0.000000000000000000e+00 -1.696079599421906892e-01 1.083795649060714794e-01 0.000000000000000000e+00 3.420000000000000284e+01
-3.516757283567290671e+00 -1.894924441218999167e+00 0.000000000000000000e+00 -1.610241168195969408e-01 1.028501066669429420e-01 0.000000000000000000e+00 3.430000000000000426e+01
-3.532859695249250365e+00 -1.884639430552305095e+00 0.000000000000000000e+00 -1.610241168195969408e-01 1.028501066669407216e-01 0.000000000000000000e+00 3.439999999999999858e+01
-3.548962106931210059e+00 -1.874354419885610801e+00 0.000000000000000000e+00 -1.610241168195969408e-01 1.028501066669429420e-01 0.000000000000000000e+00 3.450000000000000000e+01
-3.564903510568350420e+00 -1.864173406898877783e+00 0.000000000000000000e+00 -1.594140363714036113e-01 1.018101298673301791e-01 0.000000000000000000e+00 3.460000000000000142e+01
-3.579769978460748625e+00 -1.854686712159944184e+00 0.000000000000000000e+00 -1.486646789239820521e-01 9.486694738933598714e-02 0.000000000000000000e+00 3.470000000000000284e+01
-3.594636446353146830e+00 -1.845200017421010807e+00 0.000000000000000000e+00 -1.486646789239820521e-01 9.486694738933376669e-02 0.000000000000000000e+00 3.480000000000000426e+01
-3.609502914245545035e+00 -1.835713322682077209e+00 0.000000000000000000e+00 -1.486646789239820521e-01 9.486694738933598714e-02 0.000000000000000000e+00 3.489999999999999858e+01
-3.624369382137943241e+00 -1.826226627943143610e+00 0.000000000000000000e+00 -1.486646789239820521e-01 9.486694738933598714e-02 0.000000000000000000e+00 3.500000000000000000e+01
-3.640442682686773956e+00 -1.816029427441831823e+00 0.000000000000000000e+00 -1.607330054883071568e-01 1.019720050131178724e-01 0.000000000000000000e+00 3.510000000000000142e+01
-3.656529248522738751e+00 -1.805824417189186404e+00 0.000000000000000000e+00 -1.608656583596479450e-01 1.020501025264541894e-01 0.000000000000000000e+00 3.520000000000000284e+01
-3.672615814358703545e+00 -1.795619406936540763e+00 0.000000000000000000e+00 -1.608656583596479450e-01 1.020501025264564099e-01 0.000000000000000000e+00 3.530000000000000426e+01
-3.688702380194668340e+00 -1.785414396683895122e+00 0.000000000000000000e+00 -1.608656583596479450e-01 1.020501025264564099e-01 0.000000000000000000e+00 3.539999999999999858e+01
-3.704257308753118316e+00 -1.775556654271345014e+00 0.000000000000000000e+00 -1.555492855844997635e-01 9.857742412550107858e-02 0.000000000000000000e+00 3.550000000000000000e+01
-3.719310309586230545e+00 -1.766026773286941687e+00 0.000000000000000000e+00 -1.505300083311222892e-01 9.529880984403327204e-02 0.000000000000000000e+00 3.560000000000000142e+01
-3.734363310419342774e+00 -1.756496892302538138e+00 0.000000000000000000e+00 -1.505300083311222892e-01 9.529880984403549249e-02 0.000000000000000000e+00 3.570000000000000284e+01
-3.749416311252454559e+00 -1.746967011318134810e+00 0.000000000000000000e+00 -1.505300083311178483e-01 9.529880984403327204e-02 0.000000000000000000e+00 3.580000000000000426e+01
-3.764807466395823532e+00 -1.737250179404759010e+00 0.000000000000000000e+00 -1.539115514336897306e-01 9.716831913375800767e-02 0.000000000000000000e+00 3.589999999999999858e+01
-3.780890030142979530e+00 -1.727151097504153521e+00 0.000000000000000000e+00 -1.608256374715599790e-01 1.009908190060548883e-01 0.000000000000000000e+00 3.600000000000000000e+01
-3.796972593890135528e+00 -1.717052015603548032e+00 0.000000000000000000e+00 -1.608256374715599790e-01 1.009908190060548883e-01 0.000000000000000000e+00 3.610000000000000142e+01
-3.813055157637291526e+00 -1.706952933702942543e+00 0.000000000000000000e+00 -1.608256374715599790e-01 1.009908190060548883e-01 0.000000000000000000e+00 3.620000000000000284e+01
-3.829137721384447524e+00 -1.696853851802337054e+00 0.000000000000000000e+00 -1.608256374715599790e-01 1.009908190060548883e-01 0.000000000000000000e+00 3.630000000000000426e+01
-3.844276071018593477e+00 -1.687346165036083701e+00 0.000000000000000000e+00 -1.513834963414595336e-01 9.507686766253353738e-02 0.000000000000000000e+00 3.639999999999999858e+01
-3.859265933448944086e+00 -1.677931481126521795e+00 0.000000000000000000e+00 -1.498986243035060895e-01 9.414683909561905040e-02 0.000000000000000000e+00 3.650000000000000000e+01
-3.874255795879294695e+00 -1.668516797216959890e+00 0.000000000000000000e+00 -1.498986243035060895e-01 9.414683909561905040e-02 0.000000000000000000e+00 3.660000000000000142e+01
-3.889245658309645748e+00 -1.659102113307397763e+00 0.000000000000000000e+00 -1.498986243035105304e-01 9.414683909562127084e-02 0.000000000000000000e+00 3.670000000000000284e+01
-3.905538447613849939e+00 -1.650258318702785498e+00 0.000000000000000000e+00 -1.629278930420419158e-01 8.843794604612265076e-02 0.000000000000000000e+00 3.680000000000000426e+01
-3.922385719128988146e+00 -1.641657475541081768e+00 0.000000000000000000e+00 -1.684727151513820687e-01 8.600843161703730644e-02 0.000000000000000000e+00 3.689999999999999858e+01
-3.939232990644126353e+00 -1.633056632379378037e+00 0.000000000000000000e+00 -1.684727151513820687e-01 8.600843161703730644e-02 0.000000000000000000e+00 3.700000000000000000e+01
-3.956080262159264560e+00 -1.624455789217674306e+00 0.000000000000000000e+00 -1.684727151513820687e-01 8.600843161703730644e-02 0.000000000000000000e+00 3.710000000000000142e+01
-3.972721881689802448e+00 -1.615931562280036538e+00 0.000000000000000000e+00 -1.664161953053788778e-01 8.524226937637768842e-02 0.000000000000000000e+00 3.720000000000000284e+01
-3.988830442883458449e+00 -1.607605927721939221e+00 0.000000000000000000e+00 -1.610856119365600136e-01 8.325634558097316784e-02 0.000000000000000000e+00 3.730000000000000426e+01
-4.004939004077114006e+00 -1.599280293163841682e+00 0.000000000000000000e+00 -1.610856119365555728e-01 8.325634558097538829e-02 0.000000000000000000e+00 3.739999999999999858e+01
-4.021047565270770008e+00 -1.590954658605744143e+00 0.000000000000000000e+00 -1.610856119365600136e-01 8.325634558097538829e-02 0.000000000000000000e+00 3.750000000000000000e+01
-4.037183041308862741e+00 -1.582611738063282480e+00 0.000000000000000000e+00 -1.613547603809273312e-01 8.342920542461662592e-02 0.000000000000000000e+00 3.760000000000000142e+01
-4.054007681113453998e+00 -1.573826203998747397e+00 0.000000000000000000e+00 -1.682463980459125708e-01 8.785534064535083232e-02 0.000000000000000000e+00 3.770000000000000284e+01
-4.070832320918044367e+00 -1.565040669934212314e+00 0.000000000000000000e+00 -1.682463980459036890e-01 8.785534064535083232e-02 0.000000000000000000e+00 3.780000000000000426e+01
-4.087656960722635624e+00 -1.556255135869677453e+00 0.000000000000000000e+00 -1.682463980459125708e-01 8.785534064534861187e-02 0.000000000000000000e+00 3.789999999999999858e+01
-4.104481600527226881e+00 -1.547469601805142370e+00 0.000000000000000000e+00 -1.682463980459125708e-01 8.785534064535083232e-02 0.000000000000000000e+00 3.800000000000000000e+01
-4.120750382296701098e+00 -1.538938437011421856e+00 0.000000000000000000e+00 -1.626878176947421650e-01 8.531164793720513728e-02 0.000000000000000000e+00 3.810000000000000142e+01
-4.136645542830316380e+00 -1.530578247098555833e+00 0.000000000000000000e+00 -1.589516053361528236e-01 8.360189912866022866e-02 0.000000000000000000e+00 3.820000000000000284e+01
-4.152540703363932550e+00 -1.522218057185689810e+00 0.000000000000000000e+00 -1.589516053361617054e-01 8.360189912866022866e-02 0.000000000000000000e+00 3.830000000000000426e+01
-4.168435863897548721e+00 -1.513857867272823787e+00 0.000000000000000000e+00 -1.589516053361617054e-01 8.360189912866022866e-02 0.000000000000000000e+00 3.840000000000000568e+01
-4.184492318997400595e+00 -1.505372580704544161e+00 0.000000000000000000e+00 -1.605645509985187402e-01 8.485286568279626351e-02 0.000000000000000000e+00 3.850000000000000000e+01
-4.200793583762650663e+00 -1.496697424935651055e+00 0.000000000000000000e+00 -1.630126476525006751e-01 8.675155768893105801e-02 0.000000000000000000e+00 3.860000000000000142e+01
-4.217094848527901618e+00 -1.488022269166757949e+00 0.000000000000000000e+00 -1.630126476525095569e-01 8.675155768893105801e-02 0.000000000000000000e+00 3.870000000000000284e+01
-4.233396113293152574e+00 -1.479347113397864621e+00 0.000000000000000000e+00 -1.630126476525095569e-01 8.675155768893327846e-02 0.000000000000000000e+00 3.880000000000000426e+01
-4.249662631527694856e+00 -1.470685554321821131e+00 0.000000000000000000e+00 -1.626651823454228207e-01 8.661559076043490180e-02 0.000000000000000000e+00 3.890000000000000568e+01
-4.265513528075098648e+00 -1.462186632502114891e+00 0.000000000000000000e+00 -1.585089654740379217e-01 8.498921819706239944e-02 0.000000000000000000e+00 3.900000000000000000e+01
-4.281364424622502440e+00 -1.453687710682408651e+00 0.000000000000000000e+00 -1.585089654740379217e-01 8.498921819706239944e-02 0.000000000000000000e+00 3.910000000000000142e+01
-4.297215321169906233e+00 -1.445188788862702411e+00 0.000000000000000000e+00 -1.585089654740379217e-01 8.498921819706239944e-02 0.000000000000000000e+00 3.920000000000000284e+01
-4.313066217717310025e+00 -1.436689867042996172e+00 0.000000000000000000e+00 -1.585089654740379217e-01 8.498921819706239944e-02 0.000000000000000000e+00 3.930000000000000426e+01
-4.328939429695376262e+00 -1.428106489881163954e+00 0.000000000000000000e+00 -1.587321197806623729e-01 8.583377161832217439e-02 0.000000000000000000e+00 3.940000000000000568e+01
-4.344815991311815395e+00 -1.419510435623424494e+00 0.000000000000000000e+00 -1.587656161643913322e-01 8.596054257739460525e-02 0.000000000000000000e+00 3.950000000000000000e+01
-4.360692552928254528e+00 -1.410914381365685033e+00 0.000000000000000000e+00 -1.587656161643913322e-01 8.596054257739460525e-02 0.000000000000000000e+00 3.960000000000000142e+01
-4.376569114544693662e+00 -1.402318327107945573e+00 0.000000000000000000e+00 -1.587656161643913322e-01 8.596054257739460525e-02 0.000000000000000000e+00 3.970000000000000284e+01
-4.392260216120819294e+00 -1.393784329090667740e+00 0.000000000000000000e+00 -1.569110157612563228e-01 8.533998017277832915e-02 0.000000000000000000e+00 3.980000000000000426e+01
-4.407849338482018098e+00 -1.385284454039571456e+00 0.000000000000000000e+00 -1.558912236119880390e-01 8.499875051096283940e-02 0.000000000000000000e+00 3.990000000000000568e+01
-4.423438460843216014e+00 -1.376784578988475394e+00 0.000000000000000000e+00 -1.558912236119791572e-01 8.499875051096061895e-02 0.000000000000000000e+00 4.000000000000000000e+01
-4.439027583204413929e+00 -1.368284703937379110e+00 0.000000000000000000e+00 -1.558912236119791572e-01 8.499875051096283940e-02 0.000000000000000000e+00 4.010000000000000142e+01
-4.454592283682027087e+00 -1.359759431125860951e+00 0.000000000000000000e+00 -1.556470047761315811e-01 8.525272811518158633e-02 0.000000000000000000e+00 4.020000000000000284e+01
-4.470131664004967753e+00 -1.351207826388715505e+00 0.000000000000000000e+00 -1.553938032294066574e-01 8.551604737145446222e-02 0.000000000000000000e+00 4.030000000000000426e+01
-4.485671044327908419e+00 -1.342656221651569837e+00 0.000000000000000000e+00 -1.553938032294066574e-01 8.551604737145668267e-02 0.000000000000000000e+00 4.040000000000000568e+01
-4.501210424650848196e+00 -1.334104616914424168e+00 0.000000000000000000e+00 -1.553938032293977756e-01 8.551604737145668267e-02 0.000000000000000000e+00 4.050000000000000000e+01
-4.516710306238384653e+00 -1.325549565616165992e+00 0.000000000000000000e+00 -1.549988158753645706e-01 8.555051298258176118e-02 0.000000000000000000e+00 4.060000000000000142e+01
-4.532133539657706045e+00 -1.316987826189966571e+00 0.000000000000000000e+00 -1.542323341932139158e-01 8.561739426199421743e-02 0.000000000000000000e+00 4.070000000000000284e+01
-4.547556773077027437e+00 -1.308426086763766927e+00 0.000000000000000000e+00 -1.542323341932139158e-01 8.561739426199643788e-02 0.000000000000000000e+00 4.080000000000000426e+01
-4.562980006496348828e+00 -1.299864347337567283e+00 0.000000000000000000e+00 -1.542323341932139158e-01 8.561739426199643788e-02 0.000000000000000000e+00 4.090000000000000568e+01
-4.578382176231769130e+00 -1.291300379882012850e+00 0.000000000000000000e+00 -1.540216973542030132e-01 8.563967455554433172e-02 0.000000000000000000e+00 4.100000000000000000e+01
-4.593705216649018652e+00 -1.282728042454495121e+00 0.000000000000000000e+00 -1.532304041724952270e-01 8.572337427517728869e-02 0.000000000000000000e+00 4.110000000000000142e+01
-4.609028257066269063e+00 -1.274155705026977392e+00 0.000000000000000000e+00 -1.532304041725041088e-01 8.572337427517728869e-02 0.000000000000000000e+00 4.120000000000000284e+01
-4.624351297483518586e+00 -1.265583367599459663e+00 0.000000000000000000e+00 -1.532304041724952270e-01 8.572337427517728869e-02 0.000000000000000000e+00 4.130000000000000426e+01
-4.639680078149991616e+00 -1.256997720172192246e+00 0.000000000000000000e+00 -1.532878066647302973e-01 8.585647427267417697e-02 0.000000000000000000e+00 4.140000000000000568e+01
-4.655061440145792595e+00 -1.248290151648294932e+00 0.000000000000000000e+00 -1.538136199580097951e-01 8.707568523897313284e-02 0.000000000000000000e+00 4.150000000000000000e+01
-4.670442802141593575e+00 -1.239582583124397397e+00 0.000000000000000000e+00 -1.538136199580097951e-01 8.707568523897535329e-02 0.000000000000000000e+00 4.160000000000000142e+01
-4.685824164137394554e+00 -1.230875014600500084e+00 0.000000000000000000e+00 -1.538136199580097951e-01 8.707568523897313284e-02 0.000000000000000000e+00 4.170000000000000284e+01
-4.701205526133194645e+00 -1.222167446076602770e+00 0.000000000000000000e+00 -1.538136199580009134e-01 8.707568523897313284e-02 0.000000000000000000e+00 4.180000000000000426e+01
-4.718761029915348182e+00 -1.211814304679064591e+00 0.000000000000000000e+00 -1.755550378215353646e-01 1.035314139753817919e-01 0.000000000000000000e+00 4.190000000000000568e+01
-4.736391691818638172e+00 -1.201404277311093116e+00 0.000000000000000000e+00 -1.763066190328999028e-01 1.041002736797147499e-01 0.000000000000000000e+00 4.200000000000000000e+01
-4.754022353721928162e+00 -1.190994249943121419e+00 0.000000000000000000e+00 -1.763066190328999028e-01 1.041002736797169703e-01 0.000000000000000000e+00 4.210000000000000142e+01
-4.771653015625218153e+00 -1.180584222575149944e+00 0.000000000000000000e+00 -1.763066190328999028e-01 1.041002736797147499e-01 0.000000000000000000e+00 4.220000000000000284e+01
-4.789145881599032428e+00 -1.170242461407809742e+00 0.000000000000000000e+00 -1.749286597381427555e-01 1.034176116734020212e-01 0.000000000000000000e+00 4.230000000000000426e+01
-4.805578171181512204e+00 -1.160426125926056651e+00 0.000000000000000000e+00 -1.643228958247977545e-01 9.816335481753091230e-02 0.000000000000000000e+00 4.240000000000000568e+01
-4.822010460763991979e+00 -1.150609790444303338e+00 0.000000000000000000e+00 -1.643228958247977545e-01 9.816335481753313275e-02 0.000000000000000000e+00 4.250000000000000000e+01
-4.838442750346471755e+00 -1.140793454962550246e+00 0.000000000000000000e+00 -1.643228958247977545e-01 9.816335481753091230e-02 0.000000000000000000e+00 4.260000000000000142e+01
-4.854875039928951530e+00 -1.130977119480797155e+00 0.000000000000000000e+00 -1.643228958247977545e-01 9.816335481753091230e-02 0.000000000000000000e+00 4.270000000000000284e+01
-4.870455889692975049e+00 -1.120536691847139776e+00 0.000000000000000000e+00 -1.558084976402351884e-01 1.044042763365737869e-01 0.000000000000000000e+00 4.280000000000000426e+01
-4.885404291910674601e+00 -1.109632689992972265e+00 0.000000000000000000e+00 -1.494840221769955235e-01 1.090400185416751100e-01 0.000000000000000000e+00 4.290000000000000568e+01
-4.900352694128374154e+00 -1.098728688138804754e+00 0.000000000000000000e+00 -1.494840221769955235e-01 1.090400185416751100e-01 0.000000000000000000e+00 4.300000000000000000e+01
-4.915301096346073706e+00 -1.087824686284637243e+00 0.000000000000000000e+00 -1.494840221769955235e-01 1.090400185416751100e-01 0.000000000000000000e+00 4.310000000000000142e+01
-4.929835714362330812e+00 -1.076322399937457153e+00 0.000000000000000000e+00 -1.453461801625710592e-01 1.150228634718009069e-01 0.000000000000000000e+00 4.320000000000000284e+01
-4.940701978988049525e+00 -1.059516095358557619e+00 0.000000000000000000e+00 -1.086626462571871343e-01 1.680630457889953355e-01 0.000000000000000000e+00 4.330000000000000426e+01
-4.951568243613767351e+00 -1.042709790779657864e+00 0.000000000000000000e+00 -1.086626462571782525e-01 1.680630457889975560e-01 0.000000000000000000e+00 4.340000000000000568e+01
-4.962434508239486064e+00 -1.025903486200758108e+00 0.000000000000000000e+00 -1.086626462571871343e-01 1.680630457889975560e-01 0.000000000000000000e+00 4.350000000000000000e+01
-4.973300772865204777e+00 -1.009097181621858352e+00 0.000000000000000000e+00 -1.086626462571871343e-01 1.680630457889975560e-01 0.000000000000000000e+00 4.360000000000000142e+01
-4.983482379650107319e+00 -9.924717849701831796e-01 0.000000000000000000e+00 -1.018160678490254156e-01 1.662539665167517278e-01 0.000000000000000000e+00 4.370000000000000284e+01
-4.992292109307450154e+00 -9.762088809867546235e-01 0.000000000000000000e+00 -8.809729657342835196e-02 1.626290398342855603e-01 0.000000000000000000e+00 4.380000000000000426e+01
-5.001101838964793878e+00 -9.599459770033259565e-01 0.000000000000000000e+00 -8.809729657343723375e-02 1.626290398342866705e-01 0.000000000000000000e+00 4.390000000000000568e+01
-5.009911568622136713e+00 -9.436830730198974004e-01 0.000000000000000000e+00 -8.809729657342835196e-02 1.626290398342855603e-01 0.000000000000000000e+00 4.400000000000000000e+01
-5.018725532582389626e+00 -9.274104681343420253e-01 0.000000000000000000e+00 -8.813963960252912955e-02 1.627260488555537510e-01 0.000000000000000000e+00 4.410000000000000142e+01
-5.028487645676778861e+00 -9.089656280194845506e-01 0.000000000000000000e+00 -9.762113094389235357e-02 1.844484011485747477e-01 0.000000000000000000e+00 4.420000000000000284e+01
-5.038249758771168096e+00 -8.905207879046270758e-01 0.000000000000000000e+00 -9.762113094389235357e-02 1.844484011485747477e-01 0.000000000000000000e+00 4.430000000000000426e+01
-5.048011871865557332e+00 -8.720759477897697121e-01 0.000000000000000000e+00 -9.762113094389235357e-02 1.844484011485736374e-01 0.000000000000000000e+00 4.440000000000000568e+01
-5.057773984959946567e+00 -8.536311076749122373e-01 0.000000000000000000e+00 -9.762113094389235357e-02 1.844484011485747477e-01 0.000000000000000000e+00 4.450000000000000000e+01
-5.067515482765577062e+00 -8.352240473711037838e-01 0.000000000000000000e+00 -9.741497805630494611e-02 1.840706030380845348e-01 0.000000000000000000e+00 4.460000000000000142e+01
-5.076876933365113587e+00 -8.175134658701589396e-01 0.000000000000000000e+00 -9.361450599536524919e-02 1.771058150094484418e-01 0.000000000000000000e+00 4.470000000000000284e+01
-5.086238383964651000e+00 -7.998028843692140955e-01 0.000000000000000000e+00 -9.361450599537413098e-02 1.771058150094484418e-01 0.000000000000000000e+00 4.480000000000000426e+01
-5.095599834564188413e+00 -7.820923028682691402e-01 0.000000000000000000e+00 -9.361450599537413098e-02 1.771058150094495520e-01 0.000000000000000000e+00 4.490000000000000568e+01
-5.104961285163725826e+00 -7.643817213673242961e-01 0.000000000000000000e+00 -9.361450599537413098e-02 1.771058150094484418e-01 0.000000000000000000e+00 4.500000000000000000e+01
-5.114239557826483207e+00 -7.468283369205954703e-01 0.000000000000000000e+00 -9.278272662757380829e-02 1.755338444672882581e-01 0.000000000000000000e+00 4.510000000000000142e+01
-5.123347888275906037e+00 -7.295961243658086737e-01 0.000000000000000000e+00 -9.108330449422830100e-02 1.723221255478679659e-01 0.000000000000000000e+00 4.520000000000000284e+01
-5.132456218725327979e+00 -7.123639118110217661e-01 0.000000000000000000e+00 -9.108330449421941921e-02 1.723221255478690761e-01 0.000000000000000000e+00 4.530000000000000426e+01
-5.141564549174750809e+00 -6.951316992562349695e-01 0.000000000000000000e+00 -9.108330449422830100e-02 1.723221255478679659e-01 0.000000000000000000e+00 4.540000000000000568e+01
-5.150672879624172751e+00 -6.778994867014481729e-01 0.000000000000000000e+00 -9.108330449421941921e-02 1.723221255478679659e-01 0.000000000000000000e+00 4.550000000000000000e+01
-5.159905262003271709e+00 -6.604348156936954428e-01 0.000000000000000000e+00 -9.232382379098957870e-02 1.746467100775273007e-01 0.000000000000000000e+00 4.560000000000000142e+01
-5.169182833393803023e+00 -6.428854658928290222e-01 0.000000000000000000e+00 -9.277571390531313966e-02 1.754934980086642060e-01 0.000000000000000000e+00 4.570000000000000284e+01
-5.178460404784333448e+00 -6.253361160919627126e-01 0.000000000000000000e+00 -9.277571390530425788e-02 1.754934980086630958e-01 0.000000000000000000e+00 4.580000000000000426e+01
-5.187737976174864762e+00 -6.077867662910964031e-01 0.000000000000000000e+00 -9.277571390531313966e-02 1.754934980086630958e-01 0.000000000000000000e+00 4.590000000000000568e+01
-5.197061325267679166e+00 -5.901515307262817922e-01 0.000000000000000000e+00 -9.323349092814403605e-02 1.763523556481461085e-01 0.000000000000000000e+00 4.600000000000000000e+01
-5.207236744499351033e+00 -5.709176851141828379e-01 0.000000000000000000e+00 -1.017541923167186724e-01 1.923384561209895427e-01 0.000000000000000000e+00 4.610000000000000142e+01
-5.217412163731023789e+00 -5.516838395020838837e-01 0.000000000000000000e+00 -1.017541923167275542e-01 1.923384561209895427e-01 0.000000000000000000e+00 4.620000000000000284e+01
-5.227587582962695656e+00 -5.324499938899849294e-01 0.000000000000000000e+00 -1.017541923167186724e-01 1.923384561209895427e-01 0.000000000000000000e+00 4.630000000000000426e+01
-5.237763002194367523e+00 -5.132161482778859751e-01 0.000000000000000000e+00 -1.017541923167186724e-01 1.923384561209895427e-01 0.000000000000000000e+00 4.640000000000000568e+01
-5.247938421426039390e+00 -4.939823026657869653e-01 0.000000000000000000e+00 -1.017541923167186724e-01 1.923384561209900978e-01 0.000000000000000000e+00 4.650000000000000000e+01
-5.257124714357764184e+00 -4.766195332178773114e-01 0.000000000000000000e+00 -9.186292931724793220e-02 1.736276944790965393e-01 0.000000000000000000e+00 4.660000000000000142e+01
-5.265996709764780626e+00 -4.598513032205676643e-01 0.000000000000000000e+00 -8.871995407016441959e-02 1.676822999730964714e-01 0.000000000000000000e+00 4.670000000000000284e+01
-5.274868705171796179e+00 -4.430830732232579616e-01 0.000000000000000000e+00 -8.871995407015553781e-02 1.676822999730970265e-01 0.000000000000000000e+00 4.680000000000000426e+01
-5.283740700578812621e+00 -4.263148432259482590e-01 0.000000000000000000e+00 -8.871995407016441959e-02 1.676822999730970265e-01 0.000000000000000000e+00 4.690000000000000568e+01
-5.292861212309078134e+00 -4.090910318116017241e-01 0.000000000000000000e+00 -9.120511730265512540e-02 1.722381141434653484e-01 0.000000000000000000e+00 4.700000000000000000e+01
-5.302311459477253131e+00 -3.912627476765669909e-01 0.000000000000000000e+00 -9.450247168174996659e-02 1.782828413503473319e-01 0.000000000000000000e+00 4.710000000000000142e+01
-5.311761706645427239e+00 -3.734344635415322577e-01 0.000000000000000000e+00 -9.450247168174108481e-02 1.782828413503473319e-01 0.000000000000000000e+00 4.720000000000000284e+01
-5.321211953813602236e+00 -3.556061794064975246e-01 0.000000000000000000e+00 -9.450247168174996659e-02 1.782828413503473319e-01 0.000000000000000000e+00 4.730000000000000426e+01
-5.330662200981776344e+00 -3.377778952714627358e-01 0.000000000000000000e+00 -9.450247168174108481e-02 1.782828413503478870e-01 0.000000000000000000e+00 4.740000000000000568e+01
-5.339459800622657681e+00 -3.212040076032142699e-01 0.000000000000000000e+00 -8.797599640881337280e-02 1.657388766824846593e-01 0.000000000000000000e+00 4.750000000000000000e+01
-5.347813008709724869e+00 -3.054842458937138128e-01 0.000000000000000000e+00 -8.353208087067187648e-02 1.571976170950045715e-01 0.000000000000000000e+00 4.760000000000000142e+01
-5.356166216796792057e+00 -2.897644841842134111e-01 0.000000000000000000e+00 -8.353208087067187648e-02 1.571976170950040164e-01 0.000000000000000000e+00 4.770000000000000284e+01
-5.364519424883859244e+00 -2.740447224747129540e-01 0.000000000000000000e+00 -8.353208087067187648e-02 1.571976170950045715e-01 0.000000000000000000e+00 4.780000000000000426e+01
-5.372776025462598248e+00 -2.578725739636575365e-01 0.000000000000000000e+00 -8.256600578739003993e-02 1.617214851105541751e-01 0.000000000000000000e+00 4.790000000000000568e+01
-5.380907261313539358e+00 -2.411133763793125440e-01 0.000000000000000000e+00 -8.131235850941109788e-02 1.675919758434499252e-01 0.000000000000000000e+00 4.800000000000000000e+01
-5.389038497164480468e+00 -2.243541787949675514e-01 0.000000000000000000e+00 -8.131235850941109788e-02 1.675919758434499252e-01 0.000000000000000000e+00 4.810000000000000142e+01
-5.397169733015420690e+00 -2.075949812106225867e-01 0.000000000000000000e+00 -8.131235850940221610e-02 1.675919758434496476e-01 0.000000000000000000e+00 4.820000000000000284e+01
-5.405334947617353336e+00 -1.907469583065831975e-01 0.000000000000000000e+00 -8.165214601932646588e-02 1.684802290403938918e-01 0.000000000000000000e+00 4.830000000000000426e+01
-5.413821356107884064e+00 -1.730592885937045355e-01 0.000000000000000000e+00 -8.486408490530727988e-02 1.768766971287866197e-01 0.000000000000000000e+00 4.840000000000000568e+01
-5.422307764598414792e+00 -1.553716188808259013e-01 0.000000000000000000e+00 -8.486408490530727988e-02 1.768766971287863421e-01 0.000000000000000000e+00 4.850000000000000000e+01
-5.430794173088945520e+00 -1.376839491679472394e-01 0.000000000000000000e+00 -8.486408490530727988e-02 1.768766971287866197e-01 0.000000000000000000e+00 4.860000000000000142e+01
-5.439280581579476248e+00 -1.199962794550685913e-01 0.000000000000000000e+00 -8.486408490530727988e-02 1.768766971287864809e-01 0.000000000000000000e+00 4.870000000000000284e+01
-5.447470516350869651e+00 -1.028599392446875316e-01 0.000000000000000000e+00 -8.189934771393403423e-02 1.713634021038105970e-01 0.000000000000000000e+00 4.880000000000000426e+01
-5.455386486121732048e+00 -8.623307079418032761e-02 0.000000000000000000e+00 -7.915969770862396615e-02 1.662686845050720397e-01 0.000000000000000000e+00 4.890000000000000568e+01
-5.463302455892593557e+00 -6.960620234367312364e-02 0.000000000000000000e+00 -7.915969770861508437e-02 1.662686845050720397e-01 0.000000000000000000e+00 4.900000000000000000e+01
-5.471218425663455065e+00 -5.297933389316591274e-02 0.000000000000000000e+00 -7.915969770861508437e-02 1.662686845050720952e-01 0.000000000000000000e+00 4.910000000000000142e+01
-5.479185538111281062e+00 -3.620119753462535533e-02 0.000000000000000000e+00 -7.967112447825996924e-02 1.677813635854055740e-01 0.000000000000000000e+00 4.920000000000000284e+01
-5.487334049274193326e+00 -1.888652680243986873e-02 0.000000000000000000e+00 -8.148511162912264183e-02 1.731467073218548591e-01 0.000000000000000000e+00 4.930000000000000426e+01
-5.495482560437106478e+00 -1.571856070254375182e-03 0.000000000000000000e+00 -8.148511162913152361e-02 1.731467073218549146e-01 0.000000000000000000e+00 4.940000000000000568e+01
-5.503631071600019631e+00 1.574281466193111489e-02 0.000000000000000000e+00 -8.148511162913152361e-02 1.731467073218548869e-01 0.000000000000000000e+00 4.950000000000000000e+01
-5.511779582762931895e+00 3.305748539411661191e-02 0.000000000000000000e+00 -8.148511162912264183e-02 1.731467073218549702e-01 0.000000000000000000e+00 4.960000000000000142e+01
-5.519624898837104610e+00 4.981300747799419226e-02 0.000000000000000000e+00 -7.845316074172714593e-02 1.675552208387758035e-01 0.000000000000000000e+00 4.970000000000000284e+01
-5.527367757482233301e+00 6.637957883316232544e-02 0.000000000000000000e+00 -7.742858645128691819e-02 1.656657135516813317e-01 0.000000000000000000e+00 4.980000000000000426e+01
-5.535110616127361993e+00 8.294615018833045861e-02 0.000000000000000000e+00 -7.742858645128691819e-02 1.656657135516813317e-01 0.000000000000000000e+00 4.990000000000000568e+01
-5.542853474772490685e+00 9.951272154349857790e-02 0.000000000000000000e+00 -7.742858645128691819e-02 1.656657135516811929e-01 0.000000000000000000e+00 5.000000000000000000e+01
-5.550678635301508734e+00 1.163580197456449694e-01 0.000000000000000000e+00 -7.825160529018049260e-02 1.684529820214639151e-01 0.000000000000000000e+00 5.010000000000000142e+01
-5.558596402310761242e+00 1.335169427523018593e-01 0.000000000000000000e+00 -7.917767009252507648e-02 1.715892300665688985e-01 0.000000000000000000e+00 5.020000000000000284e+01
-5.566514169320013750e+00 1.506758657589587491e-01 0.000000000000000000e+00 -7.917767009252507648e-02 1.715892300665688985e-01 0.000000000000000000e+00 5.030000000000000426e+01
-5.574431936329266257e+00 1.678347887656156390e-01 0.000000000000000000e+00 -7.917767009252507648e-02 1.715892300665688985e-01 0.000000000000000000e+00 5.040000000000000568e+01
-5.582336389030735369e+00 1.849692202484035375e-01 0.000000000000000000e+00 -7.904452701469111275e-02 1.713443148278789852e-01 0.000000000000000000e+00 5.050000000000000000e+01
-5.589971070564421218e+00 2.016074106120726295e-01 0.000000000000000000e+00 -7.634681533685849786e-02 1.663819036366909199e-01 0.000000000000000000e+00 5.060000000000000142e+01
-5.597605752098107956e+00 2.182456009757417215e-01 0.000000000000000000e+00 -7.634681533686737964e-02 1.663819036366909199e-01 0.000000000000000000e+00 5.070000000000000284e+01
-5.605240433631794694e+00 2.348837913394108412e-01 0.000000000000000000e+00 -7.634681533686737964e-02 1.663819036366911974e-01 0.000000000000000000e+00 5.080000000000000426e+01
-5.612875115165480544e+00 2.515219817030799332e-01 0.000000000000000000e+00 -7.634681533685849786e-02 1.663819036366909199e-01 0.000000000000000000e+00 5.090000000000000568e+01
-5.620570484357854113e+00 2.684705437227360436e-01 0.000000000000000000e+00 -7.695369192373568978e-02 1.694856201965611042e-01 0.000000000000000000e+00 5.100000000000000000e+01
-5.628285016216068470e+00 2.855171083422414768e-01 0.000000000000000000e+00 -7.714531858214357385e-02 1.704656461950543322e-01 0.000000000000000000e+00 5.110000000000000142e+01
-5.635999548074282828e+00 3.025636729617469656e-01 0.000000000000000000e+00 -7.714531858214357385e-02 1.704656461950548874e-01 0.000000000000000000e+00 5.120000000000000284e+01
-5.643714079932496297e+00 3.196102375812523988e-01 0.000000000000000000e+00 -7.714531858213469206e-02 1.704656461950543322e-01 0.000000000000000000e+00 5.130000000000000426e+01
-5.651382571614503192e+00 3.365785117128549664e-01 0.000000000000000000e+00 -7.668491682006894905e-02 1.696827413160256759e-01 0.000000000000000000e+00 5.140000000000000568e+01
-5.658973751341513925e+00 3.534153182616649458e-01 0.000000000000000000e+00 -7.591179727010732847e-02 1.683680654880997940e-01 0.000000000000000000e+00 5.150000000000000000e+01
-5.666564931068524658e+00 3.702521248104748697e-01 0.000000000000000000e+00 -7.591179727010732847e-02 1.683680654880992389e-01 0.000000000000000000e+00 5.160000000000000142e+01
-5.674156110795534502e+00 3.870889313592848491e-01 0.000000000000000000e+00 -7.591179727009844669e-02 1.683680654880997940e-01 0.000000000000000000e+00 5.170000000000000284e+01
-5.681714541475814784e+00 4.039053941756851618e-01 0.000000000000000000e+00 -7.558430680280281422e-02 1.681646281640031271e-01 0.000000000000000000e+00 5.180000000000000426e+01
-5.688528902448085844e+00 4.202596403309902806e-01 0.000000000000000000e+00 -6.814360972271060746e-02 1.635424615530511883e-01 0.000000000000000000e+00 5.190000000000000568e+01
-5.695343263420356905e+00 4.366138864862953994e-01 0.000000000000000000e+00 -6.814360972271060746e-02 1.635424615530511883e-01 0.000000000000000000e+00 5.200000000000000000e+01
-5.702157624392627966e+00 4.529681326416005183e-01 0.000000000000000000e+00 -6.814360972271060746e-02 1.635424615530511883e-01 0.000000000000000000e+00 5.210000000000000142e+01
-5.708971985364899027e+00 4.693223787969055816e-01 0.000000000000000000e+00 -6.814360972271060746e-02 1.635424615530506331e-01 0.000000000000000000e+00 5.220000000000000284e+01
-5.711904300260412626e+00 4.869596294080386079e-01 0.000000000000000000e+00 -2.932314895513599140e-02 1.763725061113302628e-01 0.000000000000000000e+00 5.230000000000000426e+01
-5.714193008070193258e+00 5.048095902092285536e-01 0.000000000000000000e+00 -2.288707809780632374e-02 1.784996080118994577e-01 0.000000000000000000e+00 5.240000000000000568e+01
-5.716481715879973891e+00 5.226595510104183884e-01 0.000000000000000000e+00 -2.288707809780632374e-02 1.784996080118983475e-01 0.000000000000000000e+00 5.250000000000000000e+01
-5.718770423689754523e+00 5.405095118116082231e-01 0.000000000000000000e+00 -2.288707809780632374e-02 1.784996080118983475e-01 0.000000000000000000e+00 5.260000000000000142e+01
-5.720740980074772608e+00 5.585969999530074892e-01 0.000000000000000000e+00 -1.970556385018085166e-02 1.808748814139926608e-01 0.000000000000000000e+00 5.270000000000000284e+01
-5.722555614074435582e+00 5.768008975352886258e-01 0.000000000000000000e+00 -1.814633999662973451e-02 1.820389758228113664e-01 0.000000000000000000e+00 5.280000000000000426e+01
-5.724370248074099443e+00 5.950047951175697625e-01 0.000000000000000000e+00 -1.814633999663861630e-02 1.820389758228113664e-01 0.000000000000000000e+00 5.290000000000000568e+01
-5.726184882073762417e+00 6.132086926998508991e-01 0.000000000000000000e+00 -1.814633999662973451e-02 1.820389758228113664e-01 0.000000000000000000e+00 5.300000000000000000e+01
-5.727992995664168419e+00 6.326244556009520403e-01 0.000000000000000000e+00 -1.808113590406001947e-02 1.941576290110114122e-01 0.000000000000000000e+00 5.310000000000000142e+01
-5.729794092977616771e+00 6.533442444265776805e-01 0.000000000000000000e+00 -1.801097313448352111e-02 2.071978882562564017e-01 0.000000000000000000e+00 5.320000000000000284e+01
-5.731595190291066011e+00 6.740640332522034317e-01 0.000000000000000000e+00 -1.801097313449240289e-02 2.071978882562575119e-01 0.000000000000000000e+00 5.330000000000000426e+01
-5.733396287604515251e+00 6.947838220778291829e-01 0.000000000000000000e+00 -1.801097313449240289e-02 2.071978882562575119e-01 0.000000000000000000e+00 5.340000000000000568e+01
-5.735197384917964492e+00 7.155036109034549341e-01 0.000000000000000000e+00 -1.801097313449240289e-02 2.071978882562575119e-01 0.000000000000000000e+00 5.350000000000000000e+01
-5.736875910799525080e+00 7.360146847190799368e-01 0.000000000000000000e+00 -1.678525881560588573e-02 2.051107381562500276e-01 0.000000000000000000e+00 5.360000000000000142e+01
-5.738462420032221623e+00 7.563690723029123930e-01 0.000000000000000000e+00 -1.586509232696542426e-02 2.035438758383245617e-01 0.000000000000000000e+00 5.370000000000000284e+01
-5.740048929264917277e+00 7.767234598867448492e-01 0.000000000000000000e+00 -1.586509232695654248e-02 2.035438758383245617e-01 0.000000000000000000e+00 5.380000000000000426e+01
-5.741635438497613819e+00 7.970778474705773053e-01 0.000000000000000000e+00 -1.586509232696542426e-02 2.035438758383245617e-01 0.000000000000000000e+00 5.390000000000000568e+01
-5.743221947730310362e+00 8.174322350544096505e-01 0.000000000000000000e+00 -1.586509232696542426e-02 2.035438758383234514e-01 0.000000000000000000e+00 5.400000000000000000e+01
-5.744676020981849263e+00 8.375178353022518785e-01 0.000000000000000000e+00 -1.454073251538900990e-02 2.008560024784222797e-01 0.000000000000000000e+00 5.410000000000000142e+01
-5.746100610861646807e+00 8.575435971521222500e-01 0.000000000000000000e+00 -1.424589879797544256e-02 2.002576184987037156e-01 0.000000000000000000e+00 5.420000000000000284e+01
-5.747525200741445239e+00 8.775693590019926216e-01 0.000000000000000000e+00 -1.424589879798432435e-02 2.002576184987037156e-01 0.000000000000000000e+00 5.430000000000000426e+01
-5.748949790621242784e+00 8.975951208518629931e-01 0.000000000000000000e+00 -1.424589879797544256e-02 2.002576184987037156e-01 0.000000000000000000e+00 5.440000000000000568e+01
-5.750366096431092977e+00 9.178043490043691355e-01 0.000000000000000000e+00 -1.416305809850193498e-02 2.020922815250614235e-01 0.000000000000000000e+00 5.450000000000000000e+01
-5.751732440659443668e+00 9.391200703044769726e-01 0.000000000000000000e+00 -1.366344228350691026e-02 2.131572130010783717e-01 0.000000000000000000e+00 5.460000000000000142e+01
-5.753098784887794359e+00 9.604357916045846988e-01 0.000000000000000000e+00 -1.366344228350691026e-02 2.131572130010772614e-01 0.000000000000000000e+00 5.470000000000000284e+01
-5.754465129116144162e+00 9.817515129046925360e-01 0.000000000000000000e+00 -1.366344228349802847e-02 2.131572130010783717e-01 0.000000000000000000e+00 5.480000000000000426e+01
-5.755831473344494853e+00 1.003067234204800373e+00 0.000000000000000000e+00 -1.366344228350691026e-02 2.131572130010783717e-01 0.000000000000000000e+00 5.490000000000000568e+01
-5.757186412792387742e+00 1.024285383769567570e+00 0.000000000000000000e+00 -1.354939447892888893e-02 2.121814956476719694e-01 0.000000000000000000e+00 5.500000000000000000e+01
-5.758266599258908158e+00 1.043152929104757654e+00 0.000000000000000000e+00 -1.080186466520416388e-02 1.886754533519008348e-01 0.000000000000000000e+00 5.510000000000000142e+01
-5.759346785725429463e+00 1.062020474439947959e+00 0.000000000000000000e+00 -1.080186466521304567e-02 1.886754533519030552e-01 0.000000000000000000e+00 5.520000000000000284e+01
-5.760426972191950767e+00 1.080888019775138265e+00 0.000000000000000000e+00 -1.080186466521304567e-02 1.886754533519030552e-01 0.000000000000000000e+00 5.530000000000000426e+01
-5.761507158658472072e+00 1.099755565110328348e+00 0.000000000000000000e+00 -1.080186466521304567e-02 1.886754533519008348e-01 0.000000000000000000e+00 5.540000000000000568e+01
-5.762559786297262399e+00 1.119983888898477220e+00 0.000000000000000000e+00 -1.052627638790326614e-02 2.022832378814887200e-01 0.000000000000000000e+00 5.550000000000000000e+01
-5.763603330371325661e+00 1.140660733911059044e+00 0.000000000000000000e+00 -1.043544074063262883e-02 2.067684501258182372e-01 0.000000000000000000e+00 5.560000000000000142e+01
-5.764646874445388924e+00 1.161337578923640868e+00 0.000000000000000000e+00 -1.043544074063262883e-02 2.067684501258182372e-01 0.000000000000000000e+00 5.570000000000000284e+01
-5.765690418519452187e+00 1.182014423936222469e+00 0.000000000000000000e+00 -1.043544074063262883e-02 2.067684501258160168e-01 0.000000000000000000e+00 5.580000000000000426e+01
-5.766733962593515450e+00 1.202691268948804293e+00 0.000000000000000000e+00 -1.043544074063262883e-02 2.067684501258182372e-01 0.000000000000000000e+00 5.590000000000000568e+01
-5.767767658555579935e+00 1.222179176469930129e+00 0.000000000000000000e+00 -1.033695962064484775e-02 1.948790752112583569e-01 0.000000000000000000e+00 5.600000000000000000e+01
-5.768800213803853438e+00 1.241529368518978771e+00 0.000000000000000000e+00 -1.032555248273503423e-02 1.935019204904864232e-01 0.000000000000000000e+00 5.610000000000000142e+01
-5.769832769052127830e+00 1.260879560568027413e+00 0.000000000000000000e+00 -1.032555248274391602e-02 1.935019204904864232e-01 0.000000000000000000e+00 5.620000000000000284e+01
-5.770865324300401333e+00 1.280229752617075833e+00 0.000000000000000000e+00 -1.032555248273503423e-02 1.935019204904842027e-01 0.000000000000000000e+00 5.630000000000000426e+01
-5.771904372375509240e+00 1.299435865627951436e+00 0.000000000000000000e+00 -1.039048075107906755e-02 1.920611301087560285e-01 0.000000000000000000e+00 5.640000000000000568e+01
-5.772954888452371591e+00 1.318387498008907421e+00 0.000000000000000000e+00 -1.050516076862351156e-02 1.895163238095598501e-01 0.000000000000000000e+00 5.650000000000000000e+01
-5.774005404529234831e+00 1.337339130389863406e+00 0.000000000000000000e+00 -1.050516076863239334e-02 1.895163238095598501e-01 0.000000000000000000e+00 5.660000000000000142e+01
-5.775055920606098070e+00 1.356290762770819613e+00 0.000000000000000000e+00 -1.050516076863239334e-02 1.895163238095620706e-01 0.000000000000000000e+00 5.670000000000000284e+01
-5.776106436682960421e+00 1.375242395151775598e+00 0.000000000000000000e+00 -1.050516076862351156e-02 1.895163238095598501e-01 0.000000000000000000e+00 5.680000000000000426e+01
-5.777187991642459330e+00 1.393902557439360201e+00 0.000000000000000000e+00 -1.081554959498909341e-02 1.866016228758460294e-01 0.000000000000000000e+00 5.690000000000000568e+01
-5.778272677961498793e+00 1.412533314749046420e+00 0.000000000000000000e+00 -1.084686319039462887e-02 1.863075730968621890e-01 0.000000000000000000e+00 5.700000000000000000e+01
-5.779357364280538256e+00 1.431164072058732639e+00 0.000000000000000000e+00 -1.084686319039462887e-02 1.863075730968621890e-01 0.000000000000000000e+00 5.710000000000000142e+01
-5.780442050599577719e+00 1.449794829368418858e+00 0.000000000000000000e+00 -1.084686319039462887e-02 1.863075730968621890e-01 0.000000000000000000e+00 5.720000000000000284e+01
-5.781840351313144666e+00 1.469034930594513400e+00 0.000000000000000000e+00 -1.398300713566946740e-02 1.924010122609454143e-01 0.000000000000000000e+00 5.730000000000000426e+01
-5.783515715900204412e+00 1.488813359106331724e+00 0.000000000000000000e+00 -1.675364587059746668e-02 1.977842851181832451e-01 0.000000000000000000e+00 5.740000000000000568e+01
-5.785191080487265047e+00 1.508591787618149826e+00 0.000000000000000000e+00 -1.675364587060634847e-02 1.977842851181810246e-01 0.000000000000000000e+00 5.750000000000000000e+01
-5.786866445074324794e+00 1.528370216129967929e+00 0.000000000000000000e+00 -1.675364587059746668e-02 1.977842851181810246e-01 0.000000000000000000e+00 5.760000000000000142e+01
-5.788541809661385429e+00 1.548148644641786253e+00 0.000000000000000000e+00 -1.675364587060634847e-02 1.977842851181832451e-01 0.000000000000000000e+00 5.770000000000000284e+01
-5.789440830824298168e+00 1.567924808248089219e+00 0.000000000000000000e+00 -8.990211629127387027e-03 1.977616360630296555e-01 0.000000000000000000e+00 5.780000000000000426e+01
-5.789856807841253783e+00 1.587699562620648264e+00 0.000000000000000000e+00 -4.159770169556153974e-03 1.977475437255904467e-01 0.000000000000000000e+00 5.790000000000000568e+01
-5.790272784858210287e+00 1.607474316993207308e+00 0.000000000000000000e+00 -4.159770169565035758e-03 1.977475437255904467e-01 0.000000000000000000e+00 5.800000000000000000e+01
-5.790688761875165902e+00 1.627249071365766353e+00 0.000000000000000000e+00 -4.159770169556153974e-03 1.977475437255904467e-01 0.000000000000000000e+00 5.810000000000000142e+01
-5.791104738892121517e+00 1.647023825738325398e+00 0.000000000000000000e+00 -4.159770169556153974e-03 1.977475437255904467e-01 0.000000000000000000e+00 5.820000000000000284e+01
-5.790635976015180653e+00 1.664645332612123330e+00 0.000000000000000000e+00 4.687628769408647145e-03 1.762150687379793190e-01 0.000000000000000000e+00 5.830000000000000426e+01
-5.790127644010478747e+00 1.682170537594293691e+00 0.000000000000000000e+00 5.083320047019057597e-03 1.752520498217036149e-01 0.000000000000000000e+00 5.840000000000000568e+01
-5.789619312005775953e+00 1.699695742576464053e+00 0.000000000000000000e+00 5.083320047027939381e-03 1.752520498217036149e-01 0.000000000000000000e+00 5.850000000000000000e+01
-5.789110980001074047e+00 1.717220947558634636e+00 0.000000000000000000e+00 5.083320047019057597e-03 1.752520498217058353e-01 0.000000000000000000e+00 5.860000000000000142e+01
-5.786295885043192477e+00 1.734021229560472221e+00 0.000000000000000000e+00 2.815094957881569826e-02 1.680028200183758536e-01 0.000000000000000000e+00 5.870000000000000284e+01
-5.781446342046098863e+00 1.750182166226074143e+00 0.000000000000000000e+00 4.849542997093614360e-02 1.616093666560192155e-01 0.000000000000000000e+00 5.880000000000000426e+01
-5.776596799049005249e+00 1.766343102891676065e+00 0.000000000000000000e+00 4.849542997093614360e-02 1.616093666560192155e-01 0.000000000000000000e+00 5.890000000000000568e+01
-5.771747256051911634e+00 1.782504039557277986e+00 0.000000000000000000e+00 4.849542997093614360e-02 1.616093666560192155e-01 0.000000000000000000e+00 5.900000000000000000e+01
-5.766549767885135402e+00 1.798479865927602450e+00 0.000000000000000000e+00 5.197488166776231822e-02 1.597582637032446407e-01 0.000000000000000000e+00 5.910000000000000142e+01
-5.752554827501082713e+00 1.809775360109063591e+00 0.000000000000000000e+00 1.399494038405268981e-01 1.129549418146114093e-01 0.000000000000000000e+00 5.920000000000000284e+01
-5.738559887117030023e+00 1.821070854290524732e+00 0.000000000000000000e+00 1.399494038405268981e-01 1.129549418146114093e-01 0.000000000000000000e+00 5.930000000000000426e+01
-5.724564946732977333e+00 1.832366348471985651e+00 0.000000000000000000e+00 1.399494038405268981e-01 1.129549418146091888e-01 0.000000000000000000e+00 5.940000000000000568e+01
-5.710570006348924643e+00 1.843661842653446792e+00 0.000000000000000000e+00 1.399494038405268981e-01 1.129549418146114093e-01 0.000000000000000000e+00 5.950000000000000000e+01
-5.695053916605331779e+00 1.854420408888300953e+00 0.000000000000000000e+00 1.551608974359286464e-01 1.075856623485416108e-01 0.000000000000000000e+00 5.960000000000000142e+01
-5.676554149377567526e+00 1.864125811070022065e+00 0.000000000000000000e+00 1.849976722776425220e-01 9.705402181721112242e-02 0.000000000000000000e+00 5.970000000000000284e+01
-5.658054382149802386e+00 1.873831213251742955e+00 0.000000000000000000e+00 1.849976722776514038e-01 9.705402181720890198e-02 0.000000000000000000e+00 5.980000000000000426e+01
-5.639554614922038134e+00 1.883536615433464068e+00 0.000000000000000000e+00 1.849976722776425220e-01 9.705402181721112242e-02 0.000000000000000000e+00 5.990000000000000568e+01
-5.621054847694272993e+00 1.893242017615185180e+00 0.000000000000000000e+00 1.849976722776514038e-01 9.705402181721112242e-02 0.000000000000000000e+00 6.000000000000000000e+01
-5.602598001560351371e+00 1.902906352678044088e+00 0.000000000000000000e+00 1.845684613392162277e-01 9.664335062858908643e-02 0.000000000000000000e+00 6.010000000000000142e+01
-5.584968582665465142e+00 1.911779001189304328e+00 0.000000000000000000e+00 1.762941889488622849e-01 8.872648511260239346e-02 0.000000000000000000e+00 6.020000000000000284e+01
-5.567339163770579802e+00 1.920651649700564567e+00 0.000000000000000000e+00 1.762941889488534031e-01 8.872648511260239346e-02 0.000000000000000000e+00 6.030000000000000426e+01
-5.549709744875693573e+00 1.929524298211825029e+00 0.000000000000000000e+00 1.762941889488622849e-01 8.872648511260461390e-02 0.000000000000000000e+00 6.040000000000000568e+01
-5.532080325980807345e+00 1.938396946723085268e+00 0.000000000000000000e+00 1.762941889488622849e-01 8.872648511260239346e-02 0.000000000000000000e+00 6.050000000000000000e+01
-5.514077790083777408e+00 1.947108356253947736e+00 0.000000000000000000e+00 1.800253589702993651e-01 8.711409530862468387e-02 0.000000000000000000e+00 6.060000000000000142e+01
-5.495607079234157588e+00 1.955617448410985171e+00 0.000000000000000000e+00 1.847071084961982024e-01 8.509092157037434490e-02 0.000000000000000000e+00 6.070000000000000284e+01
-5.477136368384538656e+00 1.964126540568022383e+00 0.000000000000000000e+00 1.847071084961893206e-01 8.509092157037212445e-02 0.000000000000000000e+00 6.080000000000000426e+01
-5.458665657534918836e+00 1.972635632725059818e+00 0.000000000000000000e+00 1.847071084961982024e-01 8.509092157037434490e-02 0.000000000000000000e+00 6.090000000000000568e+01
-5.440194946685299904e+00 1.981144724882097252e+00 0.000000000000000000e+00 1.847071084961893206e-01 8.509092157037434490e-02 0.000000000000000000e+00 6.100000000000000000e+01
-5.422986242927311906e+00 1.989156653093132165e+00 0.000000000000000000e+00 1.720870375798799756e-01 8.011928211034913261e-02 0.000000000000000000e+00 6.110000000000000142e+01
-5.406595907703223958e+00 1.996846187450522336e+00 0.000000000000000000e+00 1.639033522408794852e-01 7.689534357390170882e-02 0.000000000000000000e+00 6.120000000000000284e+01
-5.390205572479136897e+00 2.004535721807912729e+00 0.000000000000000000e+00 1.639033522408706034e-01 7.689534357390392927e-02 0.000000000000000000e+00 6.130000000000000426e+01
-5.373815237255048949e+00 2.012225256165302678e+00 0.000000000000000000e+00 1.639033522408794852e-01 7.689534357389948838e-02 0.000000000000000000e+00 6.140000000000000568e+01
-5.357431927259962201e+00 2.019915831555357144e+00 0.000000000000000000e+00 1.638330999508674779e-01 7.690575390054465998e-02 0.000000000000000000e+00 6.150000000000000000e+01
-5.341055784341196322e+00 2.027607468997702611e+00 0.000000000000000000e+00 1.637614291876587913e-01 7.691637442345466980e-02 0.000000000000000000e+00 6.160000000000000142e+01
-5.324679641422431331e+00 2.035299106440048078e+00 0.000000000000000000e+00 1.637614291876499095e-01 7.691637442345466980e-02 0.000000000000000000e+00 6.170000000000000284e+01
-5.308303498503665452e+00 2.042990743882393545e+00 0.000000000000000000e+00 1.637614291876587913e-01 7.691637442345466980e-02 0.000000000000000000e+00 6.180000000000000426e+01
-5.291220863394217488e+00 2.051136939936688108e+00 0.000000000000000000e+00 1.708263510944796337e-01 8.146196054294563282e-02 0.000000000000000000e+00 6.190000000000000568e+01
-5.272560136561267541e+00 2.060298483637883482e+00 0.000000000000000000e+00 1.866072683294994761e-01 9.161543701195373757e-02 0.000000000000000000e+00 6.200000000000000000e+01
-5.253899409728317593e+00 2.069460027339079300e+00 0.000000000000000000e+00 1.866072683294994761e-01 9.161543701195817846e-02 0.000000000000000000e+00 6.210000000000000142e+01
-5.235238682895367646e+00 2.078621571040274674e+00 0.000000000000000000e+00 1.866072683294994761e-01 9.161543701195373757e-02 0.000000000000000000e+00 6.220000000000000284e+01
-5.216577956062416810e+00 2.087783114741470492e+00 0.000000000000000000e+00 1.866072683295083579e-01 9.161543701195817846e-02 0.000000000000000000e+00 6.230000000000000426e+01
-5.198379822708106168e+00 2.096739734078422845e+00 0.000000000000000000e+00 1.819813335431064161e-01 8.956619336952353905e-02 0.000000000000000000e+00 6.240000000000000568e+01
-5.180776275323109914e+00 2.105432957675105854e+00 0.000000000000000000e+00 1.760354738499625427e-01 8.693223596683008481e-02 0.000000000000000000e+00 6.250000000000000000e+01
-5.163172727938113660e+00 2.114126181271789306e+00 0.000000000000000000e+00 1.760354738499625427e-01 8.693223596683452570e-02 0.000000000000000000e+00 6.260000000000000142e+01
-5.145569180553117405e+00 2.122819404868472759e+00 0.000000000000000000e+00 1.760354738499625427e-01 8.693223596683452570e-02 0.000000000000000000e+00 6.270000000000000284e+01
-5.127965633168121151e+00 2.131512628465155768e+00 0.000000000000000000e+00 1.760354738499625427e-01 8.693223596683008481e-02 0.000000000000000000e+00 6.280000000000000426e+01
-5.110218200098574748e+00 2.140402368005139166e+00 0.000000000000000000e+00 1.774743306954640332e-01 8.889739539983398942e-02 0.000000000000000000e+00 6.290000000000000568e+01
-5.092447064874350282e+00 2.149324479433261548e+00 0.000000000000000000e+00 1.777113522422446579e-01 8.922111428122381227e-02 0.000000000000000000e+00 6.300000000000000000e+01
-5.074675929650124928e+00 2.158246590861383929e+00 0.000000000000000000e+00 1.777113522422535397e-01 8.922111428122381227e-02 0.000000000000000000e+00 6.310000000000000142e+01
-5.056904794425900462e+00 2.167168702289506310e+00 0.000000000000000000e+00 1.777113522422446579e-01 8.922111428122381227e-02 0.000000000000000000e+00 6.320000000000000284e+01
-5.039082099840777040e+00 2.176153210354512257e+00 0.000000000000000000e+00 1.782269458512342197e-01 8.984508065005947230e-02 0.000000000000000000e+00 6.330000000000000426e+01
-5.021077080073469645e+00 2.185358366580964162e+00 0.000000000000000000e+00 1.800501976730739528e-01 9.205156226451904899e-02 0.000000000000000000e+00 6.340000000000000568e+01
-5.003072060306162250e+00 2.194563522807416067e+00 0.000000000000000000e+00 1.800501976730739528e-01 9.205156226451904899e-02 0.000000000000000000e+00 6.350000000000000000e+01
-4.985067040538853966e+00 2.203768679033868416e+00 0.000000000000000000e+00 1.800501976730828346e-01 9.205156226452348989e-02 0.000000000000000000e+00 6.360000000000000142e+01
-4.967062020771546571e+00 2.212973835260320321e+00 0.000000000000000000e+00 1.800501976730739528e-01 9.205156226451904899e-02 0.000000000000000000e+00 6.370000000000000284e+01
-4.948638537438069918e+00 2.222409582603714906e+00 0.000000000000000000e+00 1.842348333347665346e-01 9.435747343394584874e-02 0.000000000000000000e+00 6.380000000000000426e+01
-4.929793421331639003e+00 2.232077667430979240e+00 0.000000000000000000e+00 1.884511610643091473e-01 9.668084827264333825e-02 0.000000000000000000e+00 6.390000000000000568e+01
-4.910948305225208088e+00 2.241745752258243574e+00 0.000000000000000000e+00 1.884511610643091473e-01 9.668084827264333825e-02 0.000000000000000000e+00 6.400000000000000000e+01
-4.892103189118778950e+00 2.251413837085507019e+00 0.000000000000000000e+00 1.884511610642913837e-01 9.668084827263445646e-02 0.000000000000000000e+00 6.410000000000000853e+01
-4.873258073012349811e+00 2.261081921912770909e+00 0.000000000000000000e+00 1.884511610642913837e-01 9.668084827263889736e-02 0.000000000000000000e+00 6.420000000000000284e+01
-4.854714918795952627e+00 2.270842117254147752e+00 0.000000000000000000e+00 1.854315421639718409e-01 9.760195341376842748e-02 0.000000000000000000e+00 6.429999999999999716e+01
-4.836679048542812609e+00 2.280757054595092814e+00 0.000000000000000000e+00 1.803587025314001835e-01 9.914937340945062516e-02 0.000000000000000000e+00 6.440000000000000568e+01
-4.818643178289672591e+00 2.290671991936038321e+00 0.000000000000000000e+00 1.803587025314001835e-01 9.914937340945506605e-02 0.000000000000000000e+00 6.450000000000000000e+01
-4.800607308036532572e+00 2.300586929276983827e+00 0.000000000000000000e+00 1.803587025314001835e-01 9.914937340945506605e-02 0.000000000000000000e+00 6.460000000000000853e+01
-4.782571437783391666e+00 2.310501866617928890e+00 0.000000000000000000e+00 1.803587025314090653e-01 9.914937340945062516e-02 0.000000000000000000e+00 6.470000000000000284e+01
-4.765406194150087593e+00 2.320057867549263797e+00 0.000000000000000000e+00 1.716524363330407255e-01 9.556000931334907023e-02 0.000000000000000000e+00 6.479999999999999716e+01
-4.748929469432868977e+00 2.329330010277715690e+00 0.000000000000000000e+00 1.647672471721861598e-01 9.272142728451893134e-02 0.000000000000000000e+00 6.490000000000000568e+01
-4.732452744715649473e+00 2.338602153006167583e+00 0.000000000000000000e+00 1.647672471721950416e-01 9.272142728451893134e-02 0.000000000000000000e+00 6.500000000000000000e+01
-4.715976019998430857e+00 2.347874295734619476e+00 0.000000000000000000e+00 1.647672471721861598e-01 9.272142728451893134e-02 0.000000000000000000e+00 6.510000000000000853e+01
-4.699499295281211353e+00 2.357146438463071814e+00 0.000000000000000000e+00 1.647672471721950416e-01 9.272142728452337224e-02 0.000000000000000000e+00 6.520000000000000284e+01
-4.685775068979509683e+00 2.368325592612271269e+00 0.000000000000000000e+00 1.372422630170166968e-01 1.117915414919945505e-01 0.000000000000000000e+00 6.529999999999999716e+01
-4.672355712005050954e+00 2.379715969149687638e+00 0.000000000000000000e+00 1.341935697445872933e-01 1.139037653741636902e-01 0.000000000000000000e+00 6.540000000000000568e+01
-4.658936355030592225e+00 2.391106345687103563e+00 0.000000000000000000e+00 1.341935697445872933e-01 1.139037653741592493e-01 0.000000000000000000e+00 6.550000000000000000e+01
-4.645516998056132607e+00 2.402496722224519932e+00 0.000000000000000000e+00 1.341935697445961750e-01 1.139037653741636902e-01 0.000000000000000000e+00 6.560000000000000853e+01
-4.634312934524992933e+00 2.415506759776449019e+00 0.000000000000000000e+00 1.120406353113967413e-01 1.301003755192908784e-01 0.000000000000000000e+00 6.570000000000000284e+01
-4.628459375218395344e+00 2.432428695829506715e+00 0.000000000000000000e+00 5.853559306597588829e-02 1.692193605305769566e-01 0.000000000000000000e+00 6.579999999999999716e+01
-4.622605815911797755e+00 2.449350631882563967e+00 0.000000000000000000e+00 5.853559306597588829e-02 1.692193605305725157e-01 0.000000000000000000e+00 6.590000000000000568e+01
-4.616752256605200166e+00 2.466272567935621662e+00 0.000000000000000000e+00 5.853559306597588829e-02 1.692193605305769566e-01 0.000000000000000000e+00 6.600000000000000000e+01
-4.610898697298602578e+00 2.483194503988678914e+00 0.000000000000000000e+00 5.853559306597588829e-02 1.692193605305725157e-01 0.000000000000000000e+00 6.610000000000000853e+01
-4.607586375635263742e+00 2.501969800914293884e+00 0.000000000000000000e+00 3.312321663338835265e-02 1.877529692561497043e-01 0.000000000000000000e+00 6.620000000000000284e+01
-4.604825305893479381e+00 2.521147133731767020e+00 0.000000000000000000e+00 2.761069741784361042e-02 1.917733281747313612e-01 0.000000000000000000e+00 6.629999999999999716e+01
-4.602064236151695908e+00 2.540324466549240157e+00 0.000000000000000000e+00 2.761069741783472864e-02 1.917733281747313612e-01 0.000000000000000000e+00 6.640000000000000568e+01
-4.599303166409911547e+00 2.559501799366713293e+00 0.000000000000000000e+00 2.761069741784361042e-02 1.917733281747313612e-01 0.000000000000000000e+00 6.650000000000000000e+01
-4.596580114285833574e+00 2.578941705969628462e+00 0.000000000000000000e+00 2.723052124077973701e-02 1.943990660291516903e-01 0.000000000000000000e+00 6.660000000000000853e+01
-4.593981512789760302e+00 2.599241147558353671e+00 0.000000000000000000e+00 2.598601496073271733e-02 2.029944158872520887e-01 0.000000000000000000e+00 6.670000000000000284e+01
-4.591382911293687030e+00 2.619540589147078435e+00 0.000000000000000000e+00 2.598601496073271733e-02 2.029944158872476478e-01 0.000000000000000000e+00 6.679999999999999716e+01
-4.588784309797613759e+00 2.639840030735803644e+00 0.000000000000000000e+00 2.598601496073271733e-02 2.029944158872520887e-01 0.000000000000000000e+00 6.690000000000000568e+01
-4.586185708301540487e+00 2.660139472324528409e+00 0.000000000000000000e+00 2.598601496073271733e-02 2.029944158872476478e-01 0.000000000000000000e+00 6.700000000000000000e+01
-4.583753336319477789e+00 2.680349707470331300e+00 0.000000000000000000e+00 2.432371982062697668e-02 2.021023514580289060e-01 0.000000000000000000e+00 6.710000000000000853e+01
-4.581574060861697717e+00 2.700424119319159377e+00 0.000000000000000000e+00 2.179275457780072145e-02 2.007441184882807761e-01 0.000000000000000000e+00 6.720000000000000284e+01
-4.579394785403918533e+00 2.720498531167987899e+00 0.000000000000000000e+00 2.179275457779183967e-02 2.007441184882852170e-01 0.000000000000000000e+00 6.729999999999999716e+01
-4.577215509946139349e+00 2.740572943016815977e+00 0.000000000000000000e+00 2.179275457779183967e-02 2.007441184882807761e-01 0.000000000000000000e+00 6.740000000000000568e+01
-4.575036234488360165e+00 2.760647354865644054e+00 0.000000000000000000e+00 2.179275457779183967e-02 2.007441184882807761e-01 0.000000000000000000e+00 6.750000000000000000e+01
-4.572910958007110338e+00 2.780247591155707187e+00 0.000000000000000000e+00 2.125276481249827043e-02 1.960023629006313328e-01 0.000000000000000000e+00 6.760000000000000853e+01
-4.570817576027802254e+00 2.799567755595305130e+00 0.000000000000000000e+00 2.093381979308084340e-02 1.932016443959794216e-01 0.000000000000000000e+00 6.770000000000000284e+01
-4.568724194048494169e+00 2.818887920034903516e+00 0.000000000000000000e+00 2.093381979308084340e-02 1.932016443959838625e-01 0.000000000000000000e+00 6.779999999999999716e+01
-4.566630812069186973e+00 2.838208084474501458e+00 0.000000000000000000e+00 2.093381979307196161e-02 1.932016443959794216e-01 0.000000000000000000e+00 6.790000000000000568e+01
-4.564533952460440247e+00 2.857561411882361124e+00 0.000000000000000000e+00 2.096859608746726167e-02 1.935332740785966621e-01 0.000000000000000000e+00 6.800000000000000000e+01
-4.562367130940870652e+00 2.877581901985216906e+00 0.000000000000000000e+00 2.166821519569595011e-02 2.002049010285578134e-01 0.000000000000000000e+00 6.810000000000000853e+01
-4.560200309421301945e+00 2.897602392088073131e+00 0.000000000000000000e+00 2.166821519568706833e-02 2.002049010285622543e-01 0.000000000000000000e+00 6.820000000000000284e+01
-4.558033487901732350e+00 2.917622882190929356e+00 0.000000000000000000e+00 2.166821519569595011e-02 2.002049010285622543e-01 0.000000000000000000e+00 6.829999999999999716e+01
-4.555866666382162755e+00 2.937643372293785138e+00 0.000000000000000000e+00 2.166821519569595011e-02 2.002049010285578134e-01 0.000000000000000000e+00 6.840000000000000568e+01
-4.553695605852481343e+00 2.957685011484534776e+00 0.000000000000000000e+00 2.171060529681412277e-02 2.004163919074963829e-01 0.000000000000000000e+00 6.850000000000000000e+01
-4.551515016497888588e+00 2.977774191480861976e+00 0.000000000000000000e+00 2.180589354592754603e-02 2.008917999632719997e-01 0.000000000000000000e+00 6.860000000000000853e+01
-4.549334427143295834e+00 2.997863371477189176e+00 0.000000000000000000e+00 2.180589354592754603e-02 2.008917999632719997e-01 0.000000000000000000e+00 6.870000000000000284e+01
-4.547153837788703079e+00 3.017952551473516820e+00 0.000000000000000000e+00 2.180589354592754603e-02 2.008917999632764406e-01 0.000000000000000000e+00 6.879999999999999716e+01
-4.544973248434110324e+00 3.038041731469844020e+00 0.000000000000000000e+00 2.180589354592754603e-02 2.008917999632719997e-01 0.000000000000000000e+00 6.890000000000000568e+01
-4.542740880367169609e+00 3.058552121394062517e+00 0.000000000000000000e+00 2.232368066940715323e-02 2.051038992421849727e-01 0.000000000000000000e+00 6.900000000000000000e+01
-4.540467897650238172e+00 3.079392903732806719e+00 0.000000000000000000e+00 2.272982716931437608e-02 2.084078233874420150e-01 0.000000000000000000e+00 6.910000000000000853e+01
-4.538194914933306734e+00 3.100233686071551364e+00 0.000000000000000000e+00 2.272982716931437608e-02 2.084078233874464559e-01 0.000000000000000000e+00 6.920000000000000284e+01
-4.535921932216375296e+00 3.121074468410295566e+00 0.000000000000000000e+00 2.272982716931437608e-02 2.084078233874420150e-01 0.000000000000000000e+00 6.929999999999999716e+01
-4.533648949499443859e+00 3.141915250749039767e+00 0.000000000000000000e+00 2.272982716931437608e-02 2.084078233874420150e-01 0.000000000000000000e+00 6.940000000000000568e+01
-4.531643875119514497e+00 3.161687445846889766e+00 0.000000000000000000e+00 2.005074379929361328e-02 1.977219509784999829e-01 0.000000000000000000e+00 6.950000000000000000e+01
-4.529786338687906699e+00 3.180871166652045723e+00 0.000000000000000000e+00 1.857536431607798022e-02 1.918372080515595712e-01 0.000000000000000000e+00 6.960000000000000853e+01
-4.527928802256298901e+00 3.200054887457201680e+00 0.000000000000000000e+00 1.857536431607798022e-02 1.918372080515595712e-01 0.000000000000000000e+00 6.970000000000000284e+01
-4.526071265824691103e+00 3.219238608262357637e+00 0.000000000000000000e+00 1.857536431607798022e-02 1.918372080515595712e-01 0.000000000000000000e+00 6.979999999999999716e+01
-4.524198533988944781e+00 3.238521220602066375e+00 0.000000000000000000e+00 1.872731835746321849e-02 1.928261233970873789e-01 0.000000000000000000e+00 6.990000000000000568e+01
-4.522143383154712204e+00 3.258991013916174406e+00 0.000000000000000000e+00 2.055150834232577495e-02 2.046979331410803127e-01 0.000000000000000000e+00 7.000000000000000000e+01
-4.520088232320478738e+00 3.279460807230281993e+00 0.000000000000000000e+00 2.055150834233465673e-02 2.046979331410758718e-01 0.000000000000000000e+00 7.010000000000000853e+01
-4.518033081486246161e+00 3.299930600544389581e+00 0.000000000000000000e+00 2.055150834232577495e-02 2.046979331410758718e-01 0.000000000000000000e+00 7.020000000000000284e+01
-4.515977930652013583e+00 3.320400393858497612e+00 0.000000000000000000e+00 2.055150834232577495e-02 2.046979331410803127e-01 0.000000000000000000e+00 7.029999999999999716e+01
-4.513955684758728992e+00 3.340492554787366952e+00 0.000000000000000000e+00 2.022245893284591034e-02 2.009216092886934035e-01 0.000000000000000000e+00 7.040000000000000568e+01
-4.512108171058024197e+00 3.358579407918691029e+00 0.000000000000000000e+00 1.847513700704794815e-02 1.808685313132407657e-01 0.000000000000000000e+00 7.050000000000000000e+01
-4.510260657357318514e+00 3.376666261050015105e+00 0.000000000000000000e+00 1.847513700705682993e-02 1.808685313132407657e-01 0.000000000000000000e+00 7.060000000000000853e+01
-4.508413143656612831e+00 3.394753114181339182e+00 0.000000000000000000e+00 1.847513700705682993e-02 1.808685313132407657e-01 0.000000000000000000e+00 7.070000000000000284e+01
-4.506565629955908037e+00 3.412839967312663259e+00 0.000000000000000000e+00 1.847513700704794815e-02 1.808685313132407657e-01 0.000000000000000000e+00 7.079999999999999716e+01
-4.504620499376899012e+00 3.431534334734803515e+00 0.000000000000000000e+00 1.945130579009024530e-02 1.869436742214025671e-01 0.000000000000000000e+00 7.090000000000000568e+01
-4.502666259461430620e+00 3.450285393706352011e+00 0.000000000000000000e+00 1.954239915468392041e-02 1.875105897154849544e-01 0.000000000000000000e+00 7.100000000000000000e+01
-4.500712019545961340e+00 3.469036452677900062e+00 0.000000000000000000e+00 1.954239915469280220e-02 1.875105897154805135e-01 0.000000000000000000e+00 7.110000000000000853e+01
-4.498757779630492060e+00 3.487787511649448557e+00 0.000000000000000000e+00 1.954239915469280220e-02 1.875105897154849544e-01 0.000000000000000000e+00 7.120000000000000284e+01
-4.496894241992321462e+00 3.505610156861773685e+00 0.000000000000000000e+00 1.863537638170598143e-02 1.782264521232512777e-01 0.000000000000000000e+00 7.129999999999999716e+01
-4.495145990014020043e+00 3.522252756808933238e+00 0.000000000000000000e+00 1.748251978301418319e-02 1.664259994715955315e-01 0.000000000000000000e+00 7.140000000000000568e+01
-4.493397738035718625e+00 3.538895356756093236e+00 0.000000000000000000e+00 1.748251978301418319e-02 1.664259994715999724e-01 0.000000000000000000e+00 7.150000000000000000e+01
-4.491649486057418095e+00 3.555537956703252789e+00 0.000000000000000000e+00 1.748251978300530141e-02 1.664259994715955315e-01 0.000000000000000000e+00 7.160000000000000853e+01
-4.489872244387187017e+00 3.572277786516349973e+00 0.000000000000000000e+00 1.777241670231077819e-02 1.673982981309718454e-01 0.000000000000000000e+00 7.170000000000000284e+01
-4.488068687210441610e+00 3.589105877121475885e+00 0.000000000000000000e+00 1.803557176745407276e-02 1.682809060512591159e-01 0.000000000000000000e+00 7.179999999999999716e+01
-4.486265130033696202e+00 3.605933967726601352e+00 0.000000000000000000e+00 1.803557176745407276e-02 1.682809060512546750e-01 0.000000000000000000e+00 7.190000000000000568e+01
-4.484461572856951683e+00 3.622762058331726820e+00 0.000000000000000000e+00 1.803557176744519097e-02 1.682809060512546750e-01 0.000000000000000000e+00 7.200000000000000000e+01
-4.482539774047936909e+00 3.640294907660968526e+00 0.000000000000000000e+00 1.921798809014774179e-02 1.753284932924170647e-01 0.000000000000000000e+00 7.210000000000000853e+01
-4.480517565986631645e+00 3.658426228908911337e+00 0.000000000000000000e+00 2.022208061305263982e-02 1.813132124794281097e-01 0.000000000000000000e+00 7.220000000000000284e+01
-4.478495357925325493e+00 3.676557550156854592e+00 0.000000000000000000e+00 2.022208061306152160e-02 1.813132124794325506e-01 0.000000000000000000e+00 7.229999999999999716e+01
-4.476473149864019341e+00 3.694688871404797403e+00 0.000000000000000000e+00 2.022208061306152160e-02 1.813132124794281097e-01 0.000000000000000000e+00 7.240000000000000568e+01
-4.474481428981080811e+00 3.712560727330556087e+00 0.000000000000000000e+00 1.991720882938530224e-02 1.787185592575868398e-01 0.000000000000000000e+00 7.250000000000000000e+01
-4.472581209588160966e+00 3.729653847247956122e+00 0.000000000000000000e+00 1.900219392919844097e-02 1.709311991740003478e-01 0.000000000000000000e+00 7.260000000000000853e+01
-4.470680990195242011e+00 3.746746967165356601e+00 0.000000000000000000e+00 1.900219392918955919e-02 1.709311991740047887e-01 0.000000000000000000e+00 7.270000000000000284e+01
-4.468780770802322166e+00 3.763840087082757080e+00 0.000000000000000000e+00 1.900219392919844097e-02 1.709311991740047887e-01 0.000000000000000000e+00 7.279999999999999716e+01
-4.466877260978558084e+00 3.780915134595307148e+00 0.000000000000000000e+00 1.903509823764082398e-02 1.707504751255006781e-01 0.000000000000000000e+00 7.290000000000000568e+01
-4.464961350335303614e+00 3.797922071686809176e+00 0.000000000000000000e+00 1.915910643254470358e-02 1.700693709150202793e-01 0.000000000000000000e+00 7.300000000000000000e+01
-4.463045439692049143e+00 3.814929008778310759e+00 0.000000000000000000e+00 1.915910643254470358e-02 1.700693709150158384e-01 0.000000000000000000e+00 7.310000000000000853e+01
-4.461129529048794673e+00 3.831935945869812343e+00 0.000000000000000000e+00 1.915910643254470358e-02 1.700693709150158384e-01 0.000000000000000000e+00 7.320000000000000284e+01
-4.459193312776686291e+00 3.849029406950507770e+00 0.000000000000000000e+00 1.936216272108381986e-02 1.709346108069542680e-01 0.000000000000000000e+00 7.329999999999999716e+01
-4.457172143369592554e+00 3.866484860471147034e+00 0.000000000000000000e+00 2.021169407093736936e-02 1.745545352063926359e-01 0.000000000000000000e+00 7.340000000000000568e+01
-4.455150973962499705e+00 3.883940313991785853e+00 0.000000000000000000e+00 2.021169407092848758e-02 1.745545352063881950e-01 0.000000000000000000e+00 7.350000000000000000e+01
-4.453129804555406857e+00 3.901395767512424673e+00 0.000000000000000000e+00 2.021169407092848758e-02 1.745545352063881950e-01 0.000000000000000000e+00 7.360000000000000853e+01
-4.451090768726843727e+00 3.918939835371025193e+00 0.000000000000000000e+00 2.039035828563129371e-02 1.754406785860052054e-01 0.000000000000000000e+00 7.370000000000000284e+01
-4.448818016134524100e+00 3.937643097661813751e+00 0.000000000000000000e+00 2.272752592319626785e-02 1.870326229078855818e-01 0.000000000000000000e+00 7.379999999999999716e+01
-4.446545263542204474e+00 3.956346359952602310e+00 0.000000000000000000e+00 2.272752592319626785e-02 1.870326229078855818e-01 0.000000000000000000e+00 7.390000000000000568e+01
-4.444272510949883959e+00 3.975049622243390424e+00 0.000000000000000000e+00 2.272752592320514964e-02 1.870326229078811409e-01 0.000000000000000000e+00 7.400000000000000000e+01
-4.441999758357564332e+00 3.993752884534178982e+00 0.000000000000000000e+00 2.272752592319626785e-02 1.870326229078855818e-01 0.000000000000000000e+00 7.410000000000000853e+01
-4.439747284328658949e+00 4.012053173815905538e+00 0.000000000000000000e+00 2.252474028905382397e-02 1.830028928172655611e-01 0.000000000000000000e+00 7.420000000000000284e+01
-4.437505659241291589e+00 4.030137874324047687e+00 0.000000000000000000e+00 2.241625087367360436e-02 1.808470050814214858e-01 0.000000000000000000e+00 7.429999999999999716e+01
-4.435264034153924229e+00 4.048222574832190723e+00 0.000000000000000000e+00 2.241625087367360436e-02 1.808470050814303676e-01 0.000000000000000000e+00 7.440000000000000568e+01
-4.433022409066555980e+00 4.066307275340332872e+00 0.000000000000000000e+00 2.241625087368248614e-02 1.808470050814214858e-01 0.000000000000000000e+00 7.450000000000000000e+01
-4.430556400639770409e+00 4.085491579564946463e+00 0.000000000000000000e+00 2.466008426785570862e-02 1.918430422461359086e-01 0.000000000000000000e+00 7.460000000000000853e+01
-4.427793166503983358e+00 4.106132455810885595e+00 0.000000000000000000e+00 2.763234135787051571e-02 2.064087624593913262e-01 0.000000000000000000e+00 7.470000000000000284e+01
-4.425029932368196306e+00 4.126773332056824728e+00 0.000000000000000000e+00 2.763234135787051571e-02 2.064087624593913262e-01 0.000000000000000000e+00 7.479999999999999716e+01
-4.422266698232408366e+00 4.147414208302762972e+00 0.000000000000000000e+00 2.763234135787939749e-02 2.064087624593824444e-01 0.000000000000000000e+00 7.490000000000000568e+01
-4.419503464096621315e+00 4.168055084548702105e+00 0.000000000000000000e+00 2.763234135787051571e-02 2.064087624593913262e-01 0.000000000000000000e+00 7.500000000000000000e+01
-4.416766017376989595e+00 4.188295625811303324e+00 0.000000000000000000e+00 2.737446719631719816e-02 2.024054126260121933e-01 0.000000000000000000e+00 7.510000000000000853e+01
-4.414055710983028291e+00 4.208114828939082841e+00 0.000000000000000000e+00 2.710306393961303684e-02 1.981920312777951665e-01 0.000000000000000000e+00 7.520000000000000284e+01
-4.411345404589066987e+00 4.227934032066861469e+00 0.000000000000000000e+00 2.710306393961303684e-02 1.981920312777862847e-01 0.000000000000000000e+00 7.529999999999999716e+01
-4.408635098195105684e+00 4.247753235194640098e+00 0.000000000000000000e+00 2.710306393961303684e-02 1.981920312777862847e-01 0.000000000000000000e+00 7.540000000000000568e+01
-4.405924791801144380e+00 4.267572438322419615e+00 0.000000000000000000e+00 2.710306393961303684e-02 1.981920312777951665e-01 0.000000000000000000e+00 7.550000000000000000e+01
-4.403172731515647698e+00 4.287420354901870567e+00 0.000000000000000000e+00 2.752060285496682468e-02 1.984791657945095267e-01 0.000000000000000000e+00 7.560000000000000853e+01
-4.400409260470420136e+00 4.307276118469615334e+00 0.000000000000000000e+00 2.763471045227561262e-02 1.985576356774476636e-01 0.000000000000000000e+00 7.570000000000000284e+01
-4.397645789425192575e+00 4.327131882037360988e+00 0.000000000000000000e+00 2.763471045227561262e-02 1.985576356774565454e-01 0.000000000000000000e+00 7.579999999999999716e+01
-4.394882318379965014e+00 4.346987645605105754e+00 0.000000000000000000e+00 2.763471045227561262e-02 1.985576356774476636e-01 0.000000000000000000e+00 7.590000000000000568e+01
-4.392110606186349742e+00 4.366851610655833937e+00 0.000000000000000000e+00 2.771712193615272213e-02 1.986396505072818286e-01 0.000000000000000000e+00 7.600000000000000000e+01
-4.389233396203089832e+00 4.386820565725649601e+00 0.000000000000000000e+00 2.877209983259909620e-02 1.996895506981566371e-01 0.000000000000000000e+00 7.610000000000000853e+01
-4.386356186219830811e+00 4.406789520795465265e+00 0.000000000000000000e+00 2.877209983259021442e-02 1.996895506981566371e-01 0.000000000000000000e+00 7.620000000000000284e+01
-4.383478976236570901e+00 4.426758475865280040e+00 0.000000000000000000e+00 2.877209983259909620e-02 1.996895506981477553e-01 0.000000000000000000e+00 7.629999999999999716e+01
-4.380601766253311879e+00 4.446727430935095704e+00 0.000000000000000000e+00 2.877209983259021442e-02 1.996895506981566371e-01 0.000000000000000000e+00 7.640000000000000568e+01
-4.377376397100476879e+00 4.465708567371702742e+00 0.000000000000000000e+00 3.225369152835000364e-02 1.898113643660703787e-01 0.000000000000000000e+00 7.650000000000000000e+01
-4.373419818344032706e+00 4.482615070897993270e+00 0.000000000000000000e+00 3.956578756444173450e-02 1.690650352629052833e-01 0.000000000000000000e+00 7.660000000000000853e+01
-4.369463239587587644e+00 4.499521574424283799e+00 0.000000000000000000e+00 3.956578756445061629e-02 1.690650352629052833e-01 0.000000000000000000e+00 7.670000000000000284e+01
-4.365506660831142582e+00 4.516428077950574327e+00 0.000000000000000000e+00 3.956578756445061629e-02 1.690650352629052833e-01 0.000000000000000000e+00 7.680000000000001137e+01
-4.360581659235438501e+00 4.533325940495159578e+00 0.000000000000000000e+00 4.925001595704081581e-02 1.689786254458525150e-01 0.000000000000000000e+00 7.690000000000000568e+01
-4.351718895178291469e+00 4.550188667423348043e+00 0.000000000000000000e+00 8.862764057147032304e-02 1.686272692818846508e-01 0.000000000000000000e+00 7.700000000000000000e+01
-4.342856131121143548e+00 4.567051394351535620e+00 0.000000000000000000e+00 8.862764057147920482e-02 1.686272692818757690e-01 0.000000000000000000e+00 7.710000000000000853e+01
-4.333993367063996516e+00 4.583914121279723197e+00 0.000000000000000000e+00 8.862764057147032304e-02 1.686272692818757690e-01 0.000000000000000000e+00 7.720000000000000284e+01
-4.325130603006848595e+00 4.600776848207910774e+00 0.000000000000000000e+00 8.862764057147920482e-02 1.686272692818757690e-01 0.000000000000000000e+00 7.730000000000001137e+01
-4.315505115876792530e+00 4.617071822676188653e+00 0.000000000000000000e+00 9.625487130056065155e-02 1.629497446827787854e-01 0.000000000000000000e+00 7.740000000000000568e+01
-4.305474114734339608e+00 4.633064942400269004e+00 0.000000000000000000e+00 1.003100114245292218e-01 1.599311972408035132e-01 0.000000000000000000e+00 7.750000000000000000e+01
-4.295443113591886686e+00 4.649058062124348467e+00 0.000000000000000000e+00 1.003100114245292218e-01 1.599311972407946314e-01 0.000000000000000000e+00 7.760000000000000853e+01
-4.285412112449433764e+00 4.665051181848428818e+00 0.000000000000000000e+00 1.003100114245292218e-01 1.599311972408035132e-01 0.000000000000000000e+00 7.770000000000000284e+01
-4.275385883696756650e+00 4.680979948182062422e+00 0.000000000000000000e+00 1.002622875267711322e-01 1.592876633363360384e-01 0.000000000000000000e+00 7.780000000000001137e+01
-4.265377777894817868e+00 4.696664335204729923e+00 0.000000000000000000e+00 1.000810580193878252e-01 1.568438702266750084e-01 0.000000000000000000e+00 7.790000000000000568e+01
-4.255369672092879085e+00 4.712348722227398312e+00 0.000000000000000000e+00 1.000810580193878252e-01 1.568438702266838902e-01 0.000000000000000000e+00 7.800000000000000000e+01
-4.245361566290940303e+00 4.728033109250066701e+00 0.000000000000000000e+00 1.000810580193878252e-01 1.568438702266838902e-01 0.000000000000000000e+00 7.810000000000000853e+01
-4.235353460489001520e+00 4.743717496272734202e+00 0.000000000000000000e+00 1.000810580193878252e-01 1.568438702266750084e-01 0.000000000000000000e+00 7.820000000000000284e+01
-4.225242077203179569e+00 4.759584796902807113e+00 0.000000000000000000e+00 1.011138328582195101e-01 1.586730063007291136e-01 0.000000000000000000e+00 7.830000000000001137e+01
-4.215109398119397000e+00 4.775489814284691548e+00 0.000000000000000000e+00 1.013267908378256976e-01 1.590501738188443426e-01 0.000000000000000000e+00 7.840000000000000568e+01
-4.204976719035614430e+00 4.791394831666576870e+00 0.000000000000000000e+00 1.013267908378256976e-01 1.590501738188532244e-01 0.000000000000000000e+00 7.850000000000000000e+01
-4.194844039951831860e+00 4.807299849048462193e+00 0.000000000000000000e+00 1.013267908378256976e-01 1.590501738188532244e-01 0.000000000000000000e+00 7.860000000000000853e+01
-4.184446192858271019e+00 4.823608998393471126e+00 0.000000000000000000e+00 1.039784709356084136e-01 1.630914934500893310e-01 0.000000000000000000e+00 7.870000000000000284e+01
-4.173633394049885759e+00 4.840550559058586444e+00 0.000000000000000000e+00 1.081279880838525997e-01 1.694156066511531833e-01 0.000000000000000000e+00 7.880000000000001137e+01
-4.162820595241500499e+00 4.857492119723702650e+00 0.000000000000000000e+00 1.081279880838525997e-01 1.694156066511620651e-01 0.000000000000000000e+00 7.890000000000000568e+01
-4.152007796433115239e+00 4.874433680388817969e+00 0.000000000000000000e+00 1.081279880838525997e-01 1.694156066511531833e-01 0.000000000000000000e+00 7.900000000000000000e+01
-4.141194997624729979e+00 4.891375241053934175e+00 0.000000000000000000e+00 1.081279880838525997e-01 1.694156066511620651e-01 0.000000000000000000e+00 7.910000000000000853e+01
-4.131162728782924454e+00 4.907089935412860093e+00 0.000000000000000000e+00 1.003226884180552503e-01 1.571469435892591804e-01 0.000000000000000000e+00 7.920000000000000284e+01
-4.121537533892997374e+00 4.922164775650778701e+00 0.000000000000000000e+00 9.625194889927080055e-02 1.507484023791860750e-01 0.000000000000000000e+00 7.930000000000001137e+01
-4.111912339003071182e+00 4.937239615888697308e+00 0.000000000000000000e+00 9.625194889926191877e-02 1.507484023791860750e-01 0.000000000000000000e+00 7.940000000000000568e+01
-4.102287144113144102e+00 4.952314456126615028e+00 0.000000000000000000e+00 9.625194889927080055e-02 1.507484023791771932e-01 0.000000000000000000e+00 7.950000000000000000e+01
-4.091964266618192347e+00 4.968489248057236018e+00 0.000000000000000000e+00 1.032287749495175433e-01 1.617479193062099085e-01 0.000000000000000000e+00 7.960000000000000853e+01
-4.081032201972033313e+00 4.985624471612946529e+00 0.000000000000000000e+00 1.093206464615903428e-01 1.713522355571051037e-01 0.000000000000000000e+00 7.970000000000000284e+01
-4.070100137325875167e+00 5.002759695168657927e+00 0.000000000000000000e+00 1.093206464615814610e-01 1.713522355571139855e-01 0.000000000000000000e+00 7.980000000000001137e+01
-4.059168072679717021e+00 5.019894918724368438e+00 0.000000000000000000e+00 1.093206464615814610e-01 1.713522355571051037e-01 0.000000000000000000e+00 7.990000000000000568e+01
-4.048236008033557987e+00 5.037030142280079836e+00 0.000000000000000000e+00 1.093206464615903428e-01 1.713522355571139855e-01 0.000000000000000000e+00 8.000000000000000000e+01
-4.037669670025369584e+00 5.053598451830864313e+00 0.000000000000000000e+00 1.056633800818840285e-01 1.656830955078447687e-01 0.000000000000000000e+00 8.010000000000000853e+01
-4.027290510986041738e+00 5.069876614676820381e+00 0.000000000000000000e+00 1.037915903932784545e-01 1.627816284595606788e-01 0.000000000000000000e+00 8.020000000000000284e+01
-4.016911351946714781e+00 5.086154777522775561e+00 0.000000000000000000e+00 1.037915903932695727e-01 1.627816284595517971e-01 0.000000000000000000e+00 8.030000000000001137e+01
-4.006532192907386936e+00 5.102432940368731629e+00 0.000000000000000000e+00 1.037915903932784545e-01 1.627816284595606788e-01 0.000000000000000000e+00 8.040000000000000568e+01
-3.996056345057717785e+00 5.118867529150376683e+00 0.000000000000000000e+00 1.047584784966915095e-01 1.643458878164505421e-01 0.000000000000000000e+00 8.050000000000000000e+01
-3.984842261347872672e+00 5.136496457119553050e+00 0.000000000000000000e+00 1.121408370984511293e-01 1.762892796917636673e-01 0.000000000000000000e+00 8.060000000000000853e+01
-3.973628177638027559e+00 5.154125385088730305e+00 0.000000000000000000e+00 1.121408370984511293e-01 1.762892796917725491e-01 0.000000000000000000e+00 8.070000000000000284e+01
-3.962414093928182446e+00 5.171754313057906671e+00 0.000000000000000000e+00 1.121408370984511293e-01 1.762892796917636673e-01 0.000000000000000000e+00 8.080000000000001137e+01
-3.951200010218337333e+00 5.189383241027083926e+00 0.000000000000000000e+00 1.121408370984511293e-01 1.762892796917725491e-01 0.000000000000000000e+00 8.090000000000000568e+01
-3.939985926508492220e+00 5.207012168996260293e+00 0.000000000000000000e+00 1.121408370984511293e-01 1.762892796917636673e-01 0.000000000000000000e+00 8.100000000000000000e+01
-3.930161222467629223e+00 5.222393579320415036e+00 0.000000000000000000e+00 9.824704040862997090e-02 1.538141032415474285e-01 0.000000000000000000e+00 8.110000000000000853e+01
-3.920502774367845777e+00 5.237506047202480808e+00 0.000000000000000000e+00 9.658448099783445429e-02 1.511246788206577207e-01 0.000000000000000000e+00 8.120000000000000284e+01
-3.910844326268062332e+00 5.252618515084545692e+00 0.000000000000000000e+00 9.658448099783445429e-02 1.511246788206488390e-01 0.000000000000000000e+00 8.130000000000001137e+01
-3.901185878168278887e+00 5.267730982966611464e+00 0.000000000000000000e+00 9.658448099783445429e-02 1.511246788206577207e-01 0.000000000000000000e+00 8.140000000000000568e+01
-3.892168008191200457e+00 5.281930395044527771e+00 0.000000000000000000e+00 9.017869977078429855e-02 1.419941207791630688e-01 0.000000000000000000e+00 8.150000000000000000e+01
-3.883180313502376801e+00 5.296086796408986608e+00 0.000000000000000000e+00 8.987694688823655298e-02 1.415640136445883712e-01 0.000000000000000000e+00 8.160000000000000853e+01
-3.874192618813552702e+00 5.310243197773446333e+00 0.000000000000000000e+00 8.987694688824099387e-02 1.415640136445972530e-01 0.000000000000000000e+00 8.170000000000000284e+01
-3.865204924124729047e+00 5.324399599137905170e+00 0.000000000000000000e+00 8.987694688823655298e-02 1.415640136445883712e-01 0.000000000000000000e+00 8.180000000000001137e+01
-3.856223739671002626e+00 5.338558248237746717e+00 0.000000000000000000e+00 8.981184453726420713e-02 1.415864909984154707e-01 0.000000000000000000e+00 8.190000000000000568e+01
-3.847242602692521718e+00 5.352716913728975179e+00 0.000000000000000000e+00 8.981136978480908084e-02 1.415866549122846152e-01 0.000000000000000000e+00 8.200000000000000000e+01
-3.838261465714040810e+00 5.366875579220204528e+00 0.000000000000000000e+00 8.981136978480908084e-02 1.415866549122934970e-01 0.000000000000000000e+00 8.210000000000000853e+01
-3.829269215666351478e+00 5.381051457261503579e+00 0.000000000000000000e+00 8.992250047689331893e-02 1.417587804129905038e-01 0.000000000000000000e+00 8.220000000000000284e+01
-3.819892651381603166e+00 5.395822582927386257e+00 0.000000000000000000e+00 9.376564284748312161e-02 1.477112566588267839e-01 0.000000000000000000e+00 8.230000000000001137e+01
-3.810516087096854854e+00 5.410593708593268047e+00 0.000000000000000000e+00 9.376564284748312161e-02 1.477112566588179021e-01 0.000000000000000000e+00 8.240000000000000568e+01
-3.801139522812106541e+00 5.425364834259150726e+00 0.000000000000000000e+00 9.376564284748312161e-02 1.477112566588267839e-01 0.000000000000000000e+00 8.250000000000000000e+01
-3.791762958527358673e+00 5.440135959925032516e+00 0.000000000000000000e+00 9.376564284747868072e-02 1.477112566588179021e-01 0.000000000000000000e+00 8.260000000000000853e+01
-3.780804482173174108e+00 5.455617439629866006e+00 0.000000000000000000e+00 1.095847635418456534e-01 1.548147970483348956e-01 0.000000000000000000e+00 8.270000000000000284e+01
-3.769643450193869594e+00 5.471189876480293535e+00 0.000000000000000000e+00 1.116103197930451429e-01 1.557243685042752901e-01 0.000000000000000000e+00 8.280000000000001137e+01
-3.758482418214565079e+00 5.486762313330720175e+00 0.000000000000000000e+00 1.116103197930451429e-01 1.557243685042664083e-01 0.000000000000000000e+00 8.290000000000000568e+01
-3.747321386235260565e+00 5.502334750181147704e+00 0.000000000000000000e+00 1.116103197930451429e-01 1.557243685042752901e-01 0.000000000000000000e+00 8.300000000000000000e+01
-3.735868689816679744e+00 5.518416537521364518e+00 0.000000000000000000e+00 1.145269641858082110e-01 1.608178734021681322e-01 0.000000000000000000e+00 8.310000000000000853e+01
-3.724015892272568351e+00 5.535197044612129247e+00 0.000000000000000000e+00 1.185279754411139308e-01 1.678050709076472913e-01 0.000000000000000000e+00 8.320000000000000284e+01
-3.712163094728456958e+00 5.551977551702893088e+00 0.000000000000000000e+00 1.185279754411139308e-01 1.678050709076384095e-01 0.000000000000000000e+00 8.330000000000001137e+01
-3.700310297184345565e+00 5.568758058793657817e+00 0.000000000000000000e+00 1.185279754411139308e-01 1.678050709076472913e-01 0.000000000000000000e+00 8.340000000000000568e+01
-3.688457499640234172e+00 5.585538565884421658e+00 0.000000000000000000e+00 1.185279754411139308e-01 1.678050709076384095e-01 0.000000000000000000e+00 8.350000000000000000e+01
-3.677242192559174061e+00 5.601461065696572206e+00 0.000000000000000000e+00 1.121530708106011076e-01 1.592249981215054788e-01 0.000000000000000000e+00 8.360000000000000853e+01
-3.666405821238435614e+00 5.616873550599750686e+00 0.000000000000000000e+00 1.083637132073844711e-01 1.541248490317848052e-01 0.000000000000000000e+00 8.370000000000000284e+01
-3.655569449917697167e+00 5.632286035502928279e+00 0.000000000000000000e+00 1.083637132073844711e-01 1.541248490317759234e-01 0.000000000000000000e+00 8.380000000000001137e+01
-3.644733078596958720e+00 5.647698520406106759e+00 0.000000000000000000e+00 1.083637132073844711e-01 1.541248490317848052e-01 0.000000000000000000e+00 8.390000000000000568e+01
-3.633771692954478105e+00 5.663335528570732968e+00 0.000000000000000000e+00 1.096138564248061442e-01 1.563700816462620935e-01 0.000000000000000000e+00 8.400000000000000000e+01
-3.622386259376134010e+00 5.679734118482502758e+00 0.000000000000000000e+00 1.138543357834409520e-01 1.639858991176978975e-01 0.000000000000000000e+00 8.410000000000000853e+01
-3.611000825797790359e+00 5.696132708394271660e+00 0.000000000000000000e+00 1.138543357834365111e-01 1.639858991176890157e-01 0.000000000000000000e+00 8.420000000000000284e+01
-3.599615392219446264e+00 5.712531298306041450e+00 0.000000000000000000e+00 1.138543357834409520e-01 1.639858991176978975e-01 0.000000000000000000e+00 8.430000000000001137e+01
-3.588229958641102613e+00 5.728929888217810351e+00 0.000000000000000000e+00 1.138543357834365111e-01 1.639858991176890157e-01 0.000000000000000000e+00 8.440000000000000568e+01
-3.577127628570500484e+00 5.744996796524912241e+00 0.000000000000000000e+00 1.110233007060212884e-01 1.606690830710189033e-01 0.000000000000000000e+00 8.450000000000000000e+01
-3.566244807680303275e+00 5.760806529787533492e+00 0.000000000000000000e+00 1.088282089019720900e-01 1.580973326262125056e-01 0.000000000000000000e+00 8.460000000000000853e+01
-3.555361986790105622e+00 5.776616263050155631e+00 0.000000000000000000e+00 1.088282089019765309e-01 1.580973326262213874e-01 0.000000000000000000e+00 8.470000000000000284e+01
-3.544479165899908413e+00 5.792425996312776881e+00 0.000000000000000000e+00 1.088282089019720900e-01 1.580973326262125056e-01 0.000000000000000000e+00 8.480000000000001137e+01
-3.533644419675854298e+00 5.808180875438069712e+00 0.000000000000000000e+00 1.083474622405411480e-01 1.575487912529283108e-01 0.000000000000000000e+00 8.490000000000000568e+01
-3.523383171216387666e+00 5.823281382361535030e+00 0.000000000000000000e+00 1.026124845946663200e-01 1.510050692346531775e-01 0.000000000000000000e+00 8.500000000000000000e+01
-3.513121922756921034e+00 5.838381889285000348e+00 0.000000000000000000e+00 1.026124845946663200e-01 1.510050692346531775e-01 0.000000000000000000e+00 8.510000000000000853e+01
-3.502860674297453958e+00 5.853482396208465666e+00 0.000000000000000000e+00 1.026124845946707609e-01 1.510050692346531775e-01 0.000000000000000000e+00 8.520000000000000284e+01
-3.492599425837987326e+00 5.868582903131930983e+00 0.000000000000000000e+00 1.026124845946663200e-01 1.510050692346531775e-01 0.000000000000000000e+00 8.530000000000001137e+01
-3.481206984137190208e+00 5.885602241592832407e+00 0.000000000000000000e+00 1.139244170079711793e-01 1.701933846090142310e-01 0.000000000000000000e+00 8.540000000000000568e+01
-3.469639486071288914e+00 5.902918526377241903e+00 0.000000000000000000e+00 1.156749806590129381e-01 1.731628478440949692e-01 0.000000000000000000e+00 8.550000000000000000e+01
-3.458071988005387620e+00 5.920234811161652289e+00 0.000000000000000000e+00 1.156749806590129381e-01 1.731628478441038510e-01 0.000000000000000000e+00 8.560000000000000853e+01
-3.446504489939486326e+00 5.937551095946062674e+00 0.000000000000000000e+00 1.156749806590129381e-01 1.731628478441038510e-01 0.000000000000000000e+00 8.570000000000000284e+01
-3.434936991873585477e+00 5.954867380730472171e+00 0.000000000000000000e+00 1.156749806590084972e-01 1.731628478440949692e-01 0.000000000000000000e+00 8.580000000000001137e+01
-3.423743015209741891e+00 5.971836713724423262e+00 0.000000000000000000e+00 1.119397666384358558e-01 1.696933299395109174e-01 0.000000000000000000e+00 8.590000000000000568e+01
-3.412575231113674334e+00 5.988781717300470930e+00 0.000000000000000000e+00 1.116778409606755673e-01 1.694500357604766805e-01 0.000000000000000000e+00 8.600000000000000000e+01
-3.401407447017606334e+00 6.005726720876518598e+00 0.000000000000000000e+00 1.116778409606800082e-01 1.694500357604766805e-01 0.000000000000000000e+00 8.610000000000000853e+01
-3.390239662921538777e+00 6.022671724452566266e+00 0.000000000000000000e+00 1.116778409606755673e-01 1.694500357604766805e-01 0.000000000000000000e+00 8.620000000000000284e+01
-3.379111587242082937e+00 6.039580097517144530e+00 0.000000000000000000e+00 1.112807567945583997e-01 1.690837306457826372e-01 0.000000000000000000e+00 8.630000000000001137e+01
-3.368161648158682020e+00 6.056324141827727381e+00 0.000000000000000000e+00 1.094993908340091693e-01 1.674404431058285070e-01 0.000000000000000000e+00 8.640000000000000568e+01
-3.357211709075281103e+00 6.073068186138311120e+00 0.000000000000000000e+00 1.094993908340091693e-01 1.674404431058373888e-01 0.000000000000000000e+00 8.650000000000000000e+01
-3.346261769991880186e+00 6.089812230448894859e+00 0.000000000000000000e+00 1.094993908340091693e-01 1.674404431058373888e-01 0.000000000000000000e+00 8.660000000000000853e+01
-3.335311830908479269e+00 6.106556274759478598e+00 0.000000000000000000e+00 1.094993908340091693e-01 1.674404431058373888e-01 0.000000000000000000e+00 8.670000000000000284e+01
-3.324413087077964235e+00 6.123307475041523062e+00 0.000000000000000000e+00 1.089874383051503415e-01 1.675120028204446498e-01 0.000000000000000000e+00 8.680000000000001137e+01
-3.313566039290227749e+00 6.140065901294452289e+00 0.000000000000000000e+00 1.084704778773648570e-01 1.675842625292922605e-01 0.000000000000000000e+00 8.690000000000000568e+01
-3.302718991502491708e+00 6.156824327547381515e+00 0.000000000000000000e+00 1.084704778773604161e-01 1.675842625292922605e-01 0.000000000000000000e+00 8.700000000000000000e+01
-3.291871943714755666e+00 6.173582753800310741e+00 0.000000000000000000e+00 1.084704778773604161e-01 1.675842625292922605e-01 0.000000000000000000e+00 8.710000000000000853e+01
-3.281024895927019625e+00 6.190341180053239967e+00 0.000000000000000000e+00 1.084704778773604161e-01 1.675842625292922605e-01 0.000000000000000000e+00 8.720000000000000284e+01
-3.269941498107094446e+00 6.207591131563936493e+00 0.000000000000000000e+00 1.108339781992517814e-01 1.724995151069652621e-01 0.000000000000000000e+00 8.730000000000001137e+01
-3.258806386380272091e+00 6.224948629882145923e+00 0.000000000000000000e+00 1.113511172682235539e-01 1.735749831820943001e-01 0.000000000000000000e+00 8.740000000000000568e+01
-3.247671274653449736e+00 6.242306128200355353e+00 0.000000000000000000e+00 1.113511172682235539e-01 1.735749831820943001e-01 0.000000000000000000e+00 8.750000000000000000e+01
-3.236536162926627380e+00 6.259663626518564783e+00 0.000000000000000000e+00 1.113511172682235539e-01 1.735749831820943001e-01 0.000000000000000000e+00 8.760000000000000853e+01
-3.225401051199805469e+00 6.277021124836775101e+00 0.000000000000000000e+00 1.113511172682191130e-01 1.735749831821031819e-01 0.000000000000000000e+00 8.770000000000000284e+01
-3.215478865683348619e+00 6.292496221260775791e+00 0.000000000000000000e+00 9.922185516456849541e-02 1.547509642400068941e-01 0.000000000000000000e+00 8.780000000000001137e+01
-3.205660073801672283e+00 6.307810855842748587e+00 0.000000000000000000e+00 9.818791881676336430e-02 1.531463458197279692e-01 0.000000000000000000e+00 8.790000000000000568e+01
-3.195841281919995946e+00 6.323125490424721384e+00 0.000000000000000000e+00 9.818791881676336430e-02 1.531463458197279692e-01 0.000000000000000000e+00 8.800000000000000000e+01
-3.186022490038319610e+00 6.338440125006693293e+00 0.000000000000000000e+00 9.818791881676336430e-02 1.531463458197190874e-01 0.000000000000000000e+00 8.810000000000000853e+01
-3.176310590122034760e+00 6.353504614933316752e+00 0.000000000000000000e+00 9.711899916284849610e-02 1.506448992662345887e-01 0.000000000000000000e+00 8.820000000000000284e+01
-3.166639738465652165e+00 6.368473045228251195e+00 0.000000000000000000e+00 9.670851656382595252e-02 1.496843029493444277e-01 0.000000000000000000e+00 8.830000000000001137e+01
-3.156968886809269570e+00 6.383441475523186526e+00 0.000000000000000000e+00 9.670851656382595252e-02 1.496843029493533095e-01 0.000000000000000000e+00 8.840000000000000568e+01
-3.147298035152886975e+00 6.398409905818121857e+00 0.000000000000000000e+00 9.670851656382595252e-02 1.496843029493533095e-01 0.000000000000000000e+00 8.850000000000000000e+01
-3.137555111925200535e+00 6.413575291285757984e+00 0.000000000000000000e+00 9.742923227686439702e-02 1.516538546763612771e-01 0.000000000000000000e+00 8.860000000000000853e+01
-3.127754752883416423e+00 6.428897635738473504e+00 0.000000000000000000e+00 9.800359041784112435e-02 1.532234445271551948e-01 0.000000000000000000e+00 8.870000000000000284e+01
-3.117954393841631866e+00 6.444219980191189023e+00 0.000000000000000000e+00 9.800359041784556524e-02 1.532234445271551948e-01 0.000000000000000000e+00 8.880000000000001137e+01
-3.108154034799847754e+00 6.459542324643905431e+00 0.000000000000000000e+00 9.800359041784112435e-02 1.532234445271640766e-01 0.000000000000000000e+00 8.890000000000000568e+01
-3.098358497051287852e+00 6.474892527077510174e+00 0.000000000000000000e+00 9.795537748559901559e-02 1.535020243360474268e-01 0.000000000000000000e+00 8.900000000000000000e+01
-3.088574108240195404e+00 6.490307149340491577e+00 0.000000000000000000e+00 9.784388811092448179e-02 1.541462226298140337e-01 0.000000000000000000e+00 8.910000000000000853e+01
-3.078789719429103400e+00 6.505721771603472980e+00 0.000000000000000000e+00 9.784388811092004090e-02 1.541462226298140337e-01 0.000000000000000000e+00 8.920000000000000284e+01
-3.069005330618010952e+00 6.521136393866453496e+00 0.000000000000000000e+00 9.784388811092448179e-02 1.541462226298051519e-01 0.000000000000000000e+00 8.930000000000001137e+01
-3.059232688982773674e+00 6.536529671567773647e+00 0.000000000000000000e+00 9.772641635237278024e-02 1.539327770132015161e-01 0.000000000000000000e+00 8.940000000000000568e+01
-3.049891011092412008e+00 6.551139890230886387e+00 0.000000000000000000e+00 9.341677890361665959e-02 1.461021866311273953e-01 0.000000000000000000e+00 8.950000000000000000e+01
-3.040549333202050342e+00 6.565750108893998238e+00 0.000000000000000000e+00 9.341677890361665959e-02 1.461021866311185136e-01 0.000000000000000000e+00 8.960000000000000853e+01
-3.031207655311688676e+00 6.580360327557110978e+00 0.000000000000000000e+00 9.341677890361665959e-02 1.461021866311273953e-01 0.000000000000000000e+00 8.970000000000000284e+01
-3.021865977421327010e+00 6.594970546220223717e+00 0.000000000000000000e+00 9.341677890361665959e-02 1.461021866311273953e-01 0.000000000000000000e+00 8.980000000000001137e+01
-3.012131585951487445e+00 6.610451184955214110e+00 0.000000000000000000e+00 9.734391469839565048e-02 1.548063873499039289e-01 0.000000000000000000e+00 8.990000000000000568e+01
-3.002387909967587643e+00 6.625952402116360496e+00 0.000000000000000000e+00 9.743675983899802162e-02 1.550121716114638559e-01 0.000000000000000000e+00 9.000000000000000000e+01
-2.992644233983687840e+00 6.641453619277507769e+00 0.000000000000000000e+00 9.743675983899802162e-02 1.550121716114727377e-01 0.000000000000000000e+00 9.010000000000000853e+01
-2.982900557999788038e+00 6.656954836438654155e+00 0.000000000000000000e+00 9.743675983899802162e-02 1.550121716114638559e-01 0.000000000000000000e+00 9.020000000000000284e+01
-2.973397076981140419e+00 6.671980009109837795e+00 0.000000000000000000e+00 9.503481018647619294e-02 1.502517267118363975e-01 0.000000000000000000e+00 9.030000000000001137e+01
-2.964002172823952730e+00 6.686789992355292256e+00 0.000000000000000000e+00 9.394904157187689009e-02 1.480998324545446110e-01 0.000000000000000000e+00 9.040000000000000568e+01
-2.954607268666765041e+00 6.701599975600747605e+00 0.000000000000000000e+00 9.394904157187689009e-02 1.480998324545534928e-01 0.000000000000000000e+00 9.050000000000000000e+01
-2.945212364509577352e+00 6.716409958846202066e+00 0.000000000000000000e+00 9.394904157187689009e-02 1.480998324545446110e-01 0.000000000000000000e+00 9.060000000000000853e+01
-2.935611479574087745e+00 6.731677330330500197e+00 0.000000000000000000e+00 9.600884935489606420e-02 1.526737148429813118e-01 0.000000000000000000e+00 9.070000000000000284e+01
-2.925873023076867696e+00 6.747250184757689340e+00 0.000000000000000000e+00 9.738456497220049357e-02 1.557285442718914226e-01 0.000000000000000000e+00 9.080000000000001137e+01
-2.916134566579647647e+00 6.762823039184878482e+00 0.000000000000000000e+00 9.738456497220049357e-02 1.557285442718914226e-01 0.000000000000000000e+00 9.090000000000000568e+01
-2.906396110082428041e+00 6.778395893612067624e+00 0.000000000000000000e+00 9.738456497219605268e-02 1.557285442718914226e-01 0.000000000000000000e+00 9.100000000000000000e+01
-2.896697438915165623e+00 6.793891650582300379e+00 0.000000000000000000e+00 9.698671167262418180e-02 1.549575697023275467e-01 0.000000000000000000e+00 9.110000000000000853e+01
-2.887089564549207843e+00 6.809211458214228685e+00 0.000000000000000000e+00 9.607874365957780327e-02 1.531980763192830608e-01 0.000000000000000000e+00 9.120000000000000284e+01
-2.877481690183250063e+00 6.824531265846156991e+00 0.000000000000000000e+00 9.607874365957780327e-02 1.531980763192830608e-01 0.000000000000000000e+00 9.130000000000001137e+01
-2.867873815817292282e+00 6.839851073478084409e+00 0.000000000000000000e+00 9.607874365957780327e-02 1.531980763192741790e-01 0.000000000000000000e+00 9.140000000000000568e+01
-2.858268151396623935e+00 6.855165634576527722e+00 0.000000000000000000e+00 9.605664420668347248e-02 1.531456109844331337e-01 0.000000000000000000e+00 9.150000000000000000e+01
-2.848688047903276122e+00 6.870419512606596335e+00 0.000000000000000000e+00 9.580103493347813526e-02 1.525387803006861276e-01 0.000000000000000000e+00 9.160000000000000853e+01
-2.839107944409928752e+00 6.885673390636664948e+00 0.000000000000000000e+00 9.580103493347369437e-02 1.525387803006861276e-01 0.000000000000000000e+00 9.170000000000000284e+01
-2.829527840916580939e+00 6.900927268666733561e+00 0.000000000000000000e+00 9.580103493347813526e-02 1.525387803006861276e-01 0.000000000000000000e+00 9.180000000000001137e+01
-2.819947737423233125e+00 6.916181146696802173e+00 0.000000000000000000e+00 9.580103493347813526e-02 1.525387803006861276e-01 0.000000000000000000e+00 9.190000000000000568e+01
-2.809511946193084420e+00 6.933358807607064911e+00 0.000000000000000000e+00 1.043579123014870547e-01 1.717766091026273756e-01 0.000000000000000000e+00 9.200000000000000000e+01
-2.798961094803649186e+00 6.950795150224577057e+00 0.000000000000000000e+00 1.055085138943523404e-01 1.743634261751214609e-01 0.000000000000000000e+00 9.210000000000000853e+01
-2.788410243414213951e+00 6.968231492842089203e+00 0.000000000000000000e+00 1.055085138943523404e-01 1.743634261751214609e-01 0.000000000000000000e+00 9.220000000000000284e+01
-2.777859392024778273e+00 6.985667835459601349e+00 0.000000000000000000e+00 1.055085138943567813e-01 1.743634261751214609e-01 0.000000000000000000e+00 9.230000000000001137e+01
-2.767326535538122911e+00 7.003054422192007245e+00 0.000000000000000000e+00 1.053285648665536200e-01 1.738658673240589536e-01 0.000000000000000000e+00 9.240000000000000568e+01
-2.757126655862420783e+00 7.019520328432165002e+00 0.000000000000000000e+00 1.019987967570212817e-01 1.646590624015775717e-01 0.000000000000000000e+00 9.250000000000000000e+01
-2.746926776186719099e+00 7.035986234672322759e+00 0.000000000000000000e+00 1.019987967570168408e-01 1.646590624015775717e-01 0.000000000000000000e+00 9.260000000000000853e+01
-2.736726896511017415e+00 7.052452140912479628e+00 0.000000000000000000e+00 1.019987967570168408e-01 1.646590624015686899e-01 0.000000000000000000e+00 9.270000000000000284e+01
-2.726527016835315287e+00 7.068918047152637385e+00 0.000000000000000000e+00 1.019987967570212817e-01 1.646590624015775717e-01 0.000000000000000000e+00 9.280000000000001137e+01
-2.716355427686588886e+00 7.085272122144028017e+00 0.000000000000000000e+00 1.017158914872640096e-01 1.635407499139063248e-01 0.000000000000000000e+00 9.290000000000000568e+01
-2.706214327834729261e+00 7.101505674242872601e+00 0.000000000000000000e+00 1.014109985185962515e-01 1.623355209884458361e-01 0.000000000000000000e+00 9.300000000000000000e+01
-2.696073227982869636e+00 7.117739226341716297e+00 0.000000000000000000e+00 1.014109985185962515e-01 1.623355209884369543e-01 0.000000000000000000e+00 9.310000000000000853e+01
-2.685932128131010455e+00 7.133972778440560880e+00 0.000000000000000000e+00 1.014109985185918106e-01 1.623355209884458361e-01 0.000000000000000000e+00 9.320000000000000284e+01
-2.675791028279150829e+00 7.150206330539404576e+00 0.000000000000000000e+00 1.014109985185962515e-01 1.623355209884369543e-01 0.000000000000000000e+00 9.330000000000001137e+01
-2.665466787521534542e+00 7.166719631401961443e+00 0.000000000000000000e+00 1.032424075761628757e-01 1.651330086255686780e-01 0.000000000000000000e+00 9.340000000000000568e+01
-2.655137509549577945e+00 7.183240626637758197e+00 0.000000000000000000e+00 1.032927797195659636e-01 1.652099523579675378e-01 0.000000000000000000e+00 9.350000000000000000e+01
-2.644808231577620905e+00 7.199761621873554951e+00 0.000000000000000000e+00 1.032927797195704045e-01 1.652099523579675378e-01 0.000000000000000000e+00 9.360000000000000853e+01
-2.634478953605664309e+00 7.216282617109351705e+00 0.000000000000000000e+00 1.032927797195659636e-01 1.652099523579675378e-01 0.000000000000000000e+00 9.370000000000000284e+01
-2.624447357002666514e+00 7.232132287025056172e+00 0.000000000000000000e+00 1.003159660299779432e-01 1.584966991570446737e-01 0.000000000000000000e+00 9.380000000000001137e+01
-2.614929907190940650e+00 7.246822462947464238e+00 0.000000000000000000e+00 9.517449811725864350e-02 1.469017592240806636e-01 0.000000000000000000e+00 9.390000000000000568e+01
-2.605412457379215230e+00 7.261512638869871417e+00 0.000000000000000000e+00 9.517449811725420261e-02 1.469017592240717818e-01 0.000000000000000000e+00 9.400000000000000000e+01
-2.595895007567489365e+00 7.276202814792278595e+00 0.000000000000000000e+00 9.517449811725864350e-02 1.469017592240717818e-01 0.000000000000000000e+00 9.410000000000000853e+01
-2.586080539974258130e+00 7.291329034879450610e+00 0.000000000000000000e+00 9.814467593231235298e-02 1.512622008717201538e-01 0.000000000000000000e+00 9.420000000000000284e+01
-2.575581077223246584e+00 7.307460878737455090e+00 0.000000000000000000e+00 1.049946275101154569e-01 1.613184385800447984e-01 0.000000000000000000e+00 9.430000000000001137e+01
-2.565081614472235483e+00 7.323592722595458682e+00 0.000000000000000000e+00 1.049946275101110160e-01 1.613184385800359166e-01 0.000000000000000000e+00 9.440000000000000568e+01
-2.554582151721223937e+00 7.339724566453463162e+00 0.000000000000000000e+00 1.049946275101154569e-01 1.613184385800447984e-01 0.000000000000000000e+00 9.450000000000000000e+01
-2.544082688970212835e+00 7.355856410311467641e+00 0.000000000000000000e+00 1.049946275101110160e-01 1.613184385800447984e-01 0.000000000000000000e+00 9.460000000000000853e+01
-2.533830649013406155e+00 7.371599317255356887e+00 0.000000000000000000e+00 1.025203995680668001e-01 1.574290694388924550e-01 0.000000000000000000e+00 9.470000000000000284e+01
-2.523671182032841021e+00 7.387196703865012815e+00 0.000000000000000000e+00 1.015946698056513497e-01 1.559738660965592771e-01 0.000000000000000000e+00 9.480000000000001137e+01
-2.513511715052275886e+00 7.402794090474668742e+00 0.000000000000000000e+00 1.015946698056513497e-01 1.559738660965592771e-01 0.000000000000000000e+00 9.490000000000000568e+01
-2.503352248071710751e+00 7.418391477084323782e+00 0.000000000000000000e+00 1.015946698056513497e-01 1.559738660965503954e-01 0.000000000000000000e+00 9.500000000000000000e+01
-2.493139088294527017e+00 7.433925808914336741e+00 0.000000000000000000e+00 1.021315977718373347e-01 1.553433183001295959e-01 0.000000000000000000e+00 9.510000000000000853e+01
-2.482825156731534921e+00 7.449341798189135666e+00 0.000000000000000000e+00 1.031393156299209579e-01 1.541598927479892467e-01 0.000000000000000000e+00 9.520000000000000284e+01
-2.472511225168542826e+00 7.464757787463934591e+00 0.000000000000000000e+00 1.031393156299209579e-01 1.541598927479892467e-01 0.000000000000000000e+00 9.530000000000001137e+01
-2.462197293605550286e+00 7.480173776738733515e+00 0.000000000000000000e+00 1.031393156299253988e-01 1.541598927479892467e-01 0.000000000000000000e+00 9.540000000000000568e+01
-2.451883362042558190e+00 7.495589766013532440e+00 0.000000000000000000e+00 1.031393156299209579e-01 1.541598927479892467e-01 0.000000000000000000e+00 9.550000000000000000e+01
-2.441706382176649370e+00 7.510494232055092034e+00 0.000000000000000000e+00 1.017697986590881953e-01 1.490446604155959420e-01 0.000000000000000000e+00 9.560000000000000853e+01
-2.431532500430706456e+00 7.525387126423021655e+00 0.000000000000000000e+00 1.017388174594291428e-01 1.489289436792962107e-01 0.000000000000000000e+00 9.570000000000000284e+01
-2.421358618684763098e+00 7.540280020790951276e+00 0.000000000000000000e+00 1.017388174594335837e-01 1.489289436792962107e-01 0.000000000000000000e+00 9.580000000000001137e+01
-2.411184736938819739e+00 7.555172915158881786e+00 0.000000000000000000e+00 1.017388174594335837e-01 1.489289436793050925e-01 0.000000000000000000e+00 9.590000000000000568e+01
-2.400351760556818981e+00 7.571029483617010669e+00 0.000000000000000000e+00 1.083297638200075852e-01 1.585656845812888349e-01 0.000000000000000000e+00 9.600000000000000000e+01
-2.389305258004148058e+00 7.587198252519502972e+00 0.000000000000000000e+00 1.104650255267092263e-01 1.616876890249230314e-01 0.000000000000000000e+00 9.610000000000000853e+01
-2.378258755451477580e+00 7.603367021421994387e+00 0.000000000000000000e+00 1.104650255267047854e-01 1.616876890249141496e-01 0.000000000000000000e+00 9.620000000000000284e+01
-2.367212252898806657e+00 7.619535790324485802e+00 0.000000000000000000e+00 1.104650255267092263e-01 1.616876890249141496e-01 0.000000000000000000e+00 9.630000000000001137e+01
-2.356291758063047137e+00 7.635691233025090341e+00 0.000000000000000000e+00 1.092049483575951996e-01 1.615544270060453869e-01 0.000000000000000000e+00 9.640000000000000568e+01
-2.348534485305603603e+00 7.651512142753711387e+00 0.000000000000000000e+00 7.757272757443534061e-02 1.582090972862104650e-01 0.000000000000000000e+00 9.650000000000000000e+01
-2.340777212548160069e+00 7.667333052482332434e+00 0.000000000000000000e+00 7.757272757443534061e-02 1.582090972862104650e-01 0.000000000000000000e+00 9.660000000000000853e+01
-2.333019939790716979e+00 7.683153962210953480e+00 0.000000000000000000e+00 7.757272757443089972e-02 1.582090972862104650e-01 0.000000000000000000e+00 9.670000000000000284e+01
-2.325262667033273445e+00 7.698974871939574527e+00 0.000000000000000000e+00 7.757272757443534061e-02 1.582090972862104650e-01 0.000000000000000000e+00 9.680000000000001137e+01
-2.319878445724240734e+00 7.714563315666414844e+00 0.000000000000000000e+00 5.384221309032710678e-02 1.558844372684031754e-01 0.000000000000000000e+00 9.690000000000000568e+01
-2.316316176611135091e+00 7.729973279511284545e+00 0.000000000000000000e+00 3.562269113105642759e-02 1.540996384486970072e-01 0.000000000000000000e+00 9.700000000000000000e+01
-2.312753907498029893e+00 7.745383243356155134e+00 0.000000000000000000e+00 3.562269113105198670e-02 1.540996384487058890e-01 0.000000000000000000e+00 9.710000000000000853e+01
-2.309191638384924694e+00 7.760793207201024835e+00 0.000000000000000000e+00 3.562269113105198670e-02 1.540996384486970072e-01 0.000000000000000000e+00 9.720000000000000284e+01
-2.305629369271819051e+00 7.776203171045894535e+00 0.000000000000000000e+00 3.562269113105642759e-02 1.540996384486970072e-01 0.000000000000000000e+00 9.730000000000001137e+01
-2.308696394341342550e+00 7.790275764729623909e+00 0.000000000000000000e+00 -3.067025069523499070e-02 1.407259368372937303e-01 0.000000000000000000e+00 9.740000000000000568e+01
-2.316782453165576072e+00 7.803335836447002904e+00 0.000000000000000000e+00 -8.086058824233521847e-02 1.306007171737899597e-01 0.000000000000000000e+00 9.750000000000000000e+01
-2.324868511989809594e+00 7.816395908164381900e+00 0.000000000000000000e+00 -8.086058824233521847e-02 1.306007171737899597e-01 0.000000000000000000e+00 9.760000000000000853e+01
-2.332954570814043116e+00 7.829455979881760896e+00 0.000000000000000000e+00 -8.086058824233521847e-02 1.306007171737899597e-01 0.000000000000000000e+00 9.770000000000000284e+01
-2.342533669359486481e+00 7.842161030740891547e+00 0.000000000000000000e+00 -9.579098545443365254e-02 1.270505085913065102e-01 0.000000000000000000e+00 9.780000000000001137e+01
-2.355232718187066254e+00 7.854124207548636605e+00 0.000000000000000000e+00 -1.269904882757977305e-01 1.196317680774505732e-01 0.000000000000000000e+00 9.790000000000000568e+01
-2.367931767014645583e+00 7.866087384356380774e+00 0.000000000000000000e+00 -1.269904882757932896e-01 1.196317680774416914e-01 0.000000000000000000e+00 9.800000000000000000e+01
-2.380630815842225356e+00 7.878050561164125831e+00 0.000000000000000000e+00 -1.269904882757977305e-01 1.196317680774505732e-01 0.000000000000000000e+00 9.810000000000000853e+01
-2.393329864669804685e+00 7.890013737971870000e+00 0.000000000000000000e+00 -1.269904882757932896e-01 1.196317680774416914e-01 0.000000000000000000e+00 9.820000000000000284e+01
-2.408405300600934940e+00 7.903145959368354845e+00 0.000000000000000000e+00 -1.507543593113025437e-01 1.313222139648484443e-01 0.000000000000000000e+00 9.830000000000001137e+01
-2.423548528581966455e+00 7.916311530520432349e+00 0.000000000000000000e+00 -1.514322798103151513e-01 1.316557115207750428e-01 0.000000000000000000e+00 9.840000000000000568e+01
-2.438691756562997970e+00 7.929477101672509853e+00 0.000000000000000000e+00 -1.514322798103151513e-01 1.316557115207750428e-01 0.000000000000000000e+00 9.850000000000000000e+01
-2.453834984544029041e+00 7.942642672824587358e+00 0.000000000000000000e+00 -1.514322798103107104e-01 1.316557115207750428e-01 0.000000000000000000e+00 9.860000000000000853e+01
-2.468656141341796229e+00 7.955779428164495570e+00 0.000000000000000000e+00 -1.482115679776718764e-01 1.313675533990821265e-01 0.000000000000000000e+00 9.870000000000000284e+01
-2.482450062046163808e+00 7.968824276361327286e+00 0.000000000000000000e+00 -1.379392070436757933e-01 1.304484819683171537e-01 0.000000000000000000e+00 9.880000000000001137e+01
-2.496243982750531387e+00 7.981869124558159001e+00 0.000000000000000000e+00 -1.379392070436757933e-01 1.304484819683171537e-01 0.000000000000000000e+00 9.890000000000000568e+01
-2.510037903454898967e+00 7.994913972754991605e+00 0.000000000000000000e+00 -1.379392070436757933e-01 1.304484819683260355e-01 0.000000000000000000e+00 9.900000000000000000e+01
-2.523831824159266546e+00 8.007958820951824208e+00 0.000000000000000000e+00 -1.379392070436757933e-01 1.304484819683260355e-01 0.000000000000000000e+00 9.910000000000000853e+01
-2.537691728684698056e+00 8.019925318386924573e+00 0.000000000000000000e+00 -1.385990452543151008e-01 1.196649743510036501e-01 0.000000000000000000e+00 9.920000000000000284e+01
-2.551581042715596492e+00 8.031411186447876105e+00 0.000000000000000000e+00 -1.388931403089843641e-01 1.148586806095153179e-01 0.000000000000000000e+00 9.930000000000001137e+01
-2.565470356746495373e+00 8.042897054508825860e+00 0.000000000000000000e+00 -1.388931403089888050e-01 1.148586806094975543e-01 0.000000000000000000e+00 9.940000000000000568e+01
-2.579359670777393809e+00 8.054382922569777392e+00 0.000000000000000000e+00 -1.388931403089843641e-01 1.148586806095153179e-01 0.000000000000000000e+00 9.950000000000000000e+01
-2.593208777146804422e+00 8.065700617484079515e+00 0.000000000000000000e+00 -1.384910636941061313e-01 1.131769491430212327e-01 0.000000000000000000e+00 9.960000000000000853e+01
-2.606989791594720884e+00 8.076733510142410921e+00 0.000000000000000000e+00 -1.378101444791646202e-01 1.103289265833140576e-01 0.000000000000000000e+00 9.970000000000000284e+01
-2.620770806042637791e+00 8.087766402800742327e+00 0.000000000000000000e+00 -1.378101444791690611e-01 1.103289265833140576e-01 0.000000000000000000e+00 9.980000000000001137e+01
-2.634551820490554253e+00 8.098799295459075509e+00 0.000000000000000000e+00 -1.378101444791646202e-01 1.103289265833318211e-01 0.000000000000000000e+00 9.990000000000000568e+01
-2.648332834938471159e+00 8.109832188117406915e+00 0.000000000000000000e+00 -1.378101444791690611e-01 1.103289265833140576e-01 0.000000000000000000e+00 1.000000000000000000e+02
-2.661620994387176253e+00 8.121484787581296771e+00 0.000000000000000000e+00 -1.328815944870509469e-01 1.165259946388985668e-01 0.000000000000000000e+00 1.001000000000000085e+02
-2.674810823089928569e+00 8.133261026315478759e+00 0.000000000000000000e+00 -1.318982870275231534e-01 1.177623873418198741e-01 0.000000000000000000e+00 1.002000000000000028e+02
-2.688000651792681328e+00 8.145037265049660746e+00 0.000000000000000000e+00 -1.318982870275275943e-01 1.177623873418198741e-01 0.000000000000000000e+00 1.003000000000000114e+02
-2.701190480495433643e+00 8.156813503783842734e+00 0.000000000000000000e+00 -1.318982870275231534e-01 1.177623873418198741e-01 0.000000000000000000e+00 1.004000000000000057e+02
-2.714846255554949739e+00 8.168560650116640787e+00 0.000000000000000000e+00 -1.365577505951609538e-01 1.174714633279805298e-01 0.000000000000000000e+00 1.005000000000000000e+02
-2.729214416741691185e+00 8.180263317030611603e+00 0.000000000000000000e+00 -1.436816118674144604e-01 1.170266691397081615e-01 0.000000000000000000e+00 1.006000000000000085e+02
-2.743582577928432631e+00 8.191965983944582419e+00 0.000000000000000000e+00 -1.436816118674144604e-01 1.170266691397081615e-01 0.000000000000000000e+00 1.007000000000000028e+02
-2.757950739115174077e+00 8.203668650858553235e+00 0.000000000000000000e+00 -1.436816118674144604e-01 1.170266691397081615e-01 0.000000000000000000e+00 1.008000000000000114e+02
-2.772318900301915523e+00 8.215371317772524051e+00 0.000000000000000000e+00 -1.436816118674144604e-01 1.170266691397081615e-01 0.000000000000000000e+00 1.009000000000000057e+02
-2.785935891475153969e+00 8.226384555102804086e+00 0.000000000000000000e+00 -1.361699117323844632e-01 1.101323733028003460e-01 0.000000000000000000e+00 1.010000000000000000e+02
-2.799310850649810334e+00 8.237175653613610038e+00 0.000000000000000000e+00 -1.337495917465636452e-01 1.079109851080595206e-01 0.000000000000000000e+00 1.011000000000000085e+02
-2.812685809824466698e+00 8.247966752124417766e+00 0.000000000000000000e+00 -1.337495917465636452e-01 1.079109851080772842e-01 0.000000000000000000e+00 1.012000000000000028e+02
-2.826060768999123063e+00 8.258757850635223718e+00 0.000000000000000000e+00 -1.337495917465636452e-01 1.079109851080595206e-01 0.000000000000000000e+00 1.013000000000000114e+02
-2.839728867253904276e+00 8.269976156650976407e+00 0.000000000000000000e+00 -1.366809825478121354e-01 1.121830601575268815e-01 0.000000000000000000e+00 1.014000000000000057e+02
-2.853531728630593012e+00 8.281390860284693289e+00 0.000000000000000000e+00 -1.380286137668873536e-01 1.141470363371688279e-01 0.000000000000000000e+00 1.015000000000000000e+02
-2.867334590007281303e+00 8.292805563918408396e+00 0.000000000000000000e+00 -1.380286137668829127e-01 1.141470363371510643e-01 0.000000000000000000e+00 1.016000000000000085e+02
-2.881137451383970038e+00 8.304220267552125279e+00 0.000000000000000000e+00 -1.380286137668873536e-01 1.141470363371688279e-01 0.000000000000000000e+00 1.017000000000000028e+02
-2.894354001617054806e+00 8.315390733757297426e+00 0.000000000000000000e+00 -1.321655023308476729e-01 1.117046620517214706e-01 0.000000000000000000e+00 1.018000000000000114e+02
-2.906771635779319407e+00 8.326228398498793482e+00 0.000000000000000000e+00 -1.241763416226460137e-01 1.083766474149605585e-01 0.000000000000000000e+00 1.019000000000000057e+02
-2.919189269941583564e+00 8.337066063240291314e+00 0.000000000000000000e+00 -1.241763416226415728e-01 1.083766474149783221e-01 0.000000000000000000e+00 1.020000000000000000e+02
-2.931606904103847722e+00 8.347903727981789146e+00 0.000000000000000000e+00 -1.241763416226415728e-01 1.083766474149783221e-01 0.000000000000000000e+00 1.021000000000000085e+02
-2.943364602676396657e+00 8.358754177938426011e+00 0.000000000000000000e+00 -1.175769857254893580e-01 1.085044995663686507e-01 0.000000000000000000e+00 1.022000000000000028e+02
-2.953233857073891855e+00 8.369641213533771662e+00 0.000000000000000000e+00 -9.869254397495197395e-02 1.088703559534565102e-01 0.000000000000000000e+00 1.023000000000000114e+02
-2.963103111471386608e+00 8.380528249129117313e+00 0.000000000000000000e+00 -9.869254397494753306e-02 1.088703559534565102e-01 0.000000000000000000e+00 1.024000000000000057e+02
-2.972972365868881361e+00 8.391415284724462964e+00 0.000000000000000000e+00 -9.869254397494753306e-02 1.088703559534565102e-01 0.000000000000000000e+00 1.025000000000000000e+02
-2.981292560140243353e+00 8.402032644067427114e+00 0.000000000000000000e+00 -8.320194271361991412e-02 1.061735934296414996e-01 0.000000000000000000e+00 1.026000000000000085e+02
-2.984569520725011138e+00 8.411772025636931716e+00 0.000000000000000000e+00 -3.276960584767785178e-02 9.739381569504601543e-02 0.000000000000000000e+00 1.027000000000000028e+02
-2.987846481309779367e+00 8.421511407206438093e+00 0.000000000000000000e+00 -3.276960584768229268e-02 9.739381569506377900e-02 0.000000000000000000e+00 1.028000000000000114e+02
-2.991123441894547152e+00 8.431250788775942695e+00 0.000000000000000000e+00 -3.276960584767785178e-02 9.739381569504601543e-02 0.000000000000000000e+00 1.029000000000000057e+02
-2.994400402479315382e+00 8.440990170345449073e+00 0.000000000000000000e+00 -3.276960584768229268e-02 9.739381569506377900e-02 0.000000000000000000e+00 1.030000000000000000e+02
-2.990472906545544873e+00 8.446700775456957189e+00 0.000000000000000000e+00 3.927495933770508429e-02 5.710605111508115783e-02 0.000000000000000000e+00 1.031000000000000085e+02
-2.980773090348447951e+00 8.449183463525026028e+00 0.000000000000000000e+00 9.699816197096922110e-02 2.482688068068839016e-02 0.000000000000000000e+00 1.032000000000000028e+02
-2.971073274151351029e+00 8.451666151593093090e+00 0.000000000000000000e+00 9.699816197096922110e-02 2.482688068067062659e-02 0.000000000000000000e+00 1.033000000000000114e+02
-2.961373457954254107e+00 8.454148839661161929e+00 0.000000000000000000e+00 9.699816197096922110e-02 2.482688068068839016e-02 0.000000000000000000e+00 1.034000000000000057e+02
-2.950558023071446101e+00 8.455288002405943359e+00 0.000000000000000000e+00 1.081543488280800602e-01 1.139162744781430092e-02 0.000000000000000000e+00 1.035000000000000000e+02
-2.935869815267187821e+00 8.451763234223468757e+00 0.000000000000000000e+00 1.468820780425827977e-01 -3.524768182474602440e-02 0.000000000000000000e+00 1.036000000000000085e+02
-2.921181607462929097e+00 8.448238466040994155e+00 0.000000000000000000e+00 1.468820780425872385e-01 -3.524768182474602440e-02 0.000000000000000000e+00 1.037000000000000028e+02
-2.906493399658670373e+00 8.444713697858519552e+00 0.000000000000000000e+00 1.468820780425872385e-01 -3.524768182474602440e-02 0.000000000000000000e+00 1.038000000000000114e+02
-2.891805191854411650e+00 8.441188929676046726e+00 0.000000000000000000e+00 1.468820780425872385e-01 -3.524768182472826084e-02 0.000000000000000000e+00 1.039000000000000057e+02
-2.875308173793785560e+00 8.436566417212487679e+00 0.000000000000000000e+00 1.649701806062608966e-01 -4.622512463559047546e-02 0.000000000000000000e+00 1.040000000000000000e+02
-2.857585694999341897e+00 8.431200187983995065e+00 0.000000000000000000e+00 1.772247879444366347e-01 -5.366229228492613856e-02 0.000000000000000000e+00 1.041000000000000085e+02
-2.839863216204898233e+00 8.425833958755504227e+00 0.000000000000000000e+00 1.772247879444366347e-01 -5.366229228490837500e-02 0.000000000000000000e+00 1.042000000000000028e+02
-2.822140737410454570e+00 8.420467729527011613e+00 0.000000000000000000e+00 1.772247879444366347e-01 -5.366229228492613856e-02 0.000000000000000000e+00 1.043000000000000114e+02
-2.804002448145795690e+00 8.414975283562366570e+00 0.000000000000000000e+00 1.813828926465888003e-01 -5.492445964645042977e-02 0.000000000000000000e+00 1.044000000000000057e+02
-2.783158625469946301e+00 8.408661589406106529e+00 0.000000000000000000e+00 2.084382267584938830e-01 -6.313694156260041268e-02 0.000000000000000000e+00 1.045000000000000000e+02
-2.762314802794096469e+00 8.402347895249848264e+00 0.000000000000000000e+00 2.084382267584983239e-01 -6.313694156258264911e-02 0.000000000000000000e+00 1.046000000000000085e+02
-2.741470980118247081e+00 8.396034201093589999e+00 0.000000000000000000e+00 2.084382267584938830e-01 -6.313694156258264911e-02 0.000000000000000000e+00 1.047000000000000028e+02
-2.720627157442397248e+00 8.389720506937329958e+00 0.000000000000000000e+00 2.084382267584983239e-01 -6.313694156260041268e-02 0.000000000000000000e+00 1.048000000000000114e+02
-2.699783334766547860e+00 8.383406812781071693e+00 0.000000000000000000e+00 2.084382267584938830e-01 -6.313694156258264911e-02 0.000000000000000000e+00 1.049000000000000057e+02
-2.675974416659173016e+00 8.376073169886316450e+00 0.000000000000000000e+00 2.380891810737484349e-01 -7.333642894755243447e-02 0.000000000000000000e+00 1.050000000000000000e+02
-2.652034264099915717e+00 8.368694384291524457e+00 0.000000000000000000e+00 2.394015255925729946e-01 -7.378785594791992253e-02 0.000000000000000000e+00 1.051000000000000085e+02
-2.628094111540658862e+00 8.361315598696730689e+00 0.000000000000000000e+00 2.394015255925685537e-01 -7.378785594793768610e-02 0.000000000000000000e+00 1.052000000000000028e+02
-2.604153958981402006e+00 8.353936813101938696e+00 0.000000000000000000e+00 2.394015255925685537e-01 -7.378785594791992253e-02 0.000000000000000000e+00 1.053000000000000114e+02
-2.580213806422145151e+00 8.346558027507146704e+00 0.000000000000000000e+00 2.394015255925685537e-01 -7.378785594791992253e-02 0.000000000000000000e+00 1.054000000000000057e+02
-2.556245213127340765e+00 8.339162390907150169e+00 0.000000000000000000e+00 2.396859329480438561e-01 -7.395636599996535665e-02 0.000000000000000000e+00 1.055000000000000000e+02
-2.531678732104885476e+00 8.331412508574191023e+00 0.000000000000000000e+00 2.456648102245528875e-01 -7.749882332959145970e-02 0.000000000000000000e+00 1.056000000000000085e+02
-2.507112251082429744e+00 8.323662626241230100e+00 0.000000000000000000e+00 2.456648102245573284e-01 -7.749882332960922326e-02 0.000000000000000000e+00 1.057000000000000028e+02
-2.482545770059974011e+00 8.315912743908269178e+00 0.000000000000000000e+00 2.456648102245573284e-01 -7.749882332960922326e-02 0.000000000000000000e+00 1.058000000000000114e+02
-2.457979289037518722e+00 8.308162861575310032e+00 0.000000000000000000e+00 2.456648102245528875e-01 -7.749882332959145970e-02 0.000000000000000000e+00 1.059000000000000057e+02
-2.433412808015062989e+00 8.300412979242349110e+00 0.000000000000000000e+00 2.456648102245573284e-01 -7.749882332960922326e-02 0.000000000000000000e+00 1.060000000000000000e+02
-2.408666187146972337e+00 8.292622718907585622e+00 0.000000000000000000e+00 2.474662086809065187e-01 -7.790260334763488004e-02 0.000000000000000000e+00 1.061000000000000085e+02
-2.381993626818885712e+00 8.284400762927052853e+00 0.000000000000000000e+00 2.667256032808662525e-01 -8.221955980532769104e-02 0.000000000000000000e+00 1.062000000000000028e+02
-2.355321066490799087e+00 8.276178806946520083e+00 0.000000000000000000e+00 2.667256032808662525e-01 -8.221955980532769104e-02 0.000000000000000000e+00 1.063000000000000114e+02
-2.328648506162712462e+00 8.267956850965989091e+00 0.000000000000000000e+00 2.667256032808662525e-01 -8.221955980530992747e-02 0.000000000000000000e+00 1.064000000000000057e+02
-2.301975945834625836e+00 8.259734894985456322e+00 0.000000000000000000e+00 2.667256032808662525e-01 -8.221955980532769104e-02 0.000000000000000000e+00 1.065000000000000000e+02
-2.275303385506539211e+00 8.251512939004925329e+00 0.000000000000000000e+00 2.667256032808662525e-01 -8.221955980530992747e-02 0.000000000000000000e+00 1.066000000000000085e+02
-2.248630825178452586e+00 8.243290983024392560e+00 0.000000000000000000e+00 2.667256032808662525e-01 -8.221955980532769104e-02 0.000000000000000000e+00 1.067000000000000028e+02
-2.223099353436254866e+00 8.235822808132594375e+00 0.000000000000000000e+00 2.553147174219771998e-01 -7.468174891798184944e-02 0.000000000000000000e+00 1.068000000000000114e+02
-2.198282564807032102e+00 8.228826739106773758e+00 0.000000000000000000e+00 2.481678862922276352e-01 -6.996069025820617071e-02 0.000000000000000000e+00 1.069000000000000057e+02
-2.173465776177809783e+00 8.221830670080953141e+00 0.000000000000000000e+00 2.481678862922231943e-01 -6.996069025820617071e-02 0.000000000000000000e+00 1.070000000000000000e+02
-2.148648987548587463e+00 8.214834601055132524e+00 0.000000000000000000e+00 2.481678862922231943e-01 -6.996069025820617071e-02 0.000000000000000000e+00 1.071000000000000085e+02
-2.123832198919365144e+00 8.207838532029311907e+00 0.000000000000000000e+00 2.481678862922231943e-01 -6.996069025820617071e-02 0.000000000000000000e+00 1.072000000000000028e+02
-2.099015410290142380e+00 8.200842463003493066e+00 0.000000000000000000e+00 2.481678862922276352e-01 -6.996069025818840714e-02 0.000000000000000000e+00 1.073000000000000114e+02
-2.074330606804382970e+00 8.193979291567037748e+00 0.000000000000000000e+00 2.468480348575941008e-01 -6.863171436455317576e-02 0.000000000000000000e+00 1.074000000000000057e+02
-2.049721739663433517e+00 8.187192581442104711e+00 0.000000000000000000e+00 2.460886714094945305e-01 -6.786710124933037491e-02 0.000000000000000000e+00 1.075000000000000000e+02
-2.025112872522484064e+00 8.180405871317173450e+00 0.000000000000000000e+00 2.460886714094945305e-01 -6.786710124931261134e-02 0.000000000000000000e+00 1.076000000000000085e+02
-2.000504005381534167e+00 8.173619161192240412e+00 0.000000000000000000e+00 2.460886714094989713e-01 -6.786710124933037491e-02 0.000000000000000000e+00 1.077000000000000028e+02
-1.975895138240584714e+00 8.166832451067307375e+00 0.000000000000000000e+00 2.460886714094945305e-01 -6.786710124933037491e-02 0.000000000000000000e+00 1.078000000000000114e+02
-1.951286271099635261e+00 8.160045740942374337e+00 0.000000000000000000e+00 2.460886714094945305e-01 -6.786710124933037491e-02 0.000000000000000000e+00 1.079000000000000057e+02
-1.926618665131219821e+00 8.153334468012031877e+00 0.000000000000000000e+00 2.466760596841544029e-01 -6.711272930342460086e-02 0.000000000000000000e+00 1.080000000000000000e+02
-1.901927094382017902e+00 8.146653972608403294e+00 0.000000000000000000e+00 2.469157074920191874e-01 -6.680495403628583517e-02 0.000000000000000000e+00 1.081000000000000085e+02
-1.877235523632816205e+00 8.139973477204774710e+00 0.000000000000000000e+00 2.469157074920169670e-01 -6.680495403628583517e-02 0.000000000000000000e+00 1.082000000000000028e+02
-1.852543952883614509e+00 8.133292981801146126e+00 0.000000000000000000e+00 2.469157074920169670e-01 -6.680495403628583517e-02 0.000000000000000000e+00 1.083000000000000114e+02
-1.827852382134412590e+00 8.126612486397519319e+00 0.000000000000000000e+00 2.469157074920191874e-01 -6.680495403626807160e-02 0.000000000000000000e+00 1.084000000000000057e+02
-1.803160811385210893e+00 8.119931990993890736e+00 0.000000000000000000e+00 2.469157074920169670e-01 -6.680495403628583517e-02 0.000000000000000000e+00 1.085000000000000000e+02
-1.778268948475531408e+00 8.113411824954575025e+00 0.000000000000000000e+00 2.489186290967948523e-01 -6.520166039315711259e-02 0.000000000000000000e+00 1.086000000000000085e+02
-1.753318812482437039e+00 8.106938305206348616e+00 0.000000000000000000e+00 2.495013599309436891e-01 -6.473519748226408410e-02 0.000000000000000000e+00 1.087000000000000028e+02
-1.728368676489342670e+00 8.100464785458123984e+00 0.000000000000000000e+00 2.495013599309436891e-01 -6.473519748224632053e-02 0.000000000000000000e+00 1.088000000000000114e+02
-1.703418540496248301e+00 8.093991265709897576e+00 0.000000000000000000e+00 2.495013599309436891e-01 -6.473519748226408410e-02 0.000000000000000000e+00 1.089000000000000057e+02
-1.678468404503154154e+00 8.087517745961671167e+00 0.000000000000000000e+00 2.495013599309414687e-01 -6.473519748226408410e-02 0.000000000000000000e+00 1.090000000000000000e+02
-1.653518268510059785e+00 8.081044226213444759e+00 0.000000000000000000e+00 2.495013599309436891e-01 -6.473519748226408410e-02 0.000000000000000000e+00 1.091000000000000085e+02
-1.628223314824795098e+00 8.074816688793978514e+00 0.000000000000000000e+00 2.529495368526468724e-01 -6.227537419466244728e-02 0.000000000000000000e+00 1.092000000000000028e+02
-1.602838194833254182e+00 8.068653473242262564e+00 0.000000000000000000e+00 2.538511999154091647e-01 -6.163215551715950369e-02 0.000000000000000000e+00 1.093000000000000114e+02
-1.577453074841713265e+00 8.062490257690546613e+00 0.000000000000000000e+00 2.538511999154091647e-01 -6.163215551715950369e-02 0.000000000000000000e+00 1.094000000000000057e+02
-1.552067954850172349e+00 8.056327042138828887e+00 0.000000000000000000e+00 2.538511999154091647e-01 -6.163215551717726726e-02 0.000000000000000000e+00 1.095000000000000000e+02
-1.526682834858631210e+00 8.050163826587112936e+00 0.000000000000000000e+00 2.538511999154113852e-01 -6.163215551715950369e-02 0.000000000000000000e+00 1.096000000000000085e+02
-1.501297714867090294e+00 8.044000611035396986e+00 0.000000000000000000e+00 2.538511999154091647e-01 -6.163215551715950369e-02 0.000000000000000000e+00 1.097000000000000028e+02
-1.475593728815623784e+00 8.037927126822703272e+00 0.000000000000000000e+00 2.570398605146650972e-01 -6.073484212693713857e-02 0.000000000000000000e+00 1.098000000000000114e+02
-1.449765998289872959e+00 8.031888465248004039e+00 0.000000000000000000e+00 2.582773052575082495e-01 -6.038661574699233370e-02 0.000000000000000000e+00 1.099000000000000057e+02
-1.423938267764122356e+00 8.025849803673306582e+00 0.000000000000000000e+00 2.582773052575060291e-01 -6.038661574697457013e-02 0.000000000000000000e+00 1.100000000000000000e+02
-1.398110537238371531e+00 8.019811142098609125e+00 0.000000000000000000e+00 2.582773052575082495e-01 -6.038661574697457013e-02 0.000000000000000000e+00 1.101000000000000085e+02
-1.372282806712620928e+00 8.013772480523911668e+00 0.000000000000000000e+00 2.582773052575060291e-01 -6.038661574697457013e-02 0.000000000000000000e+00 1.102000000000000028e+02
-1.346455076186870103e+00 8.007733818949212434e+00 0.000000000000000000e+00 2.582773052575082495e-01 -6.038661574699233370e-02 0.000000000000000000e+00 1.103000000000000114e+02
-1.321513862903554992e+00 8.002361846579594484e+00 0.000000000000000000e+00 2.494121328331511123e-01 -5.371972369617949994e-02 0.000000000000000000e+00 1.104000000000000057e+02
-1.297458787753878129e+00 7.997656278313165501e+00 0.000000000000000000e+00 2.405507514967686333e-01 -4.705568266428983293e-02 0.000000000000000000e+00 1.105000000000000000e+02
-1.273403712604201266e+00 7.992950710046736518e+00 0.000000000000000000e+00 2.405507514967686333e-01 -4.705568266428983293e-02 0.000000000000000000e+00 1.106000000000000085e+02
-1.249348637454524624e+00 7.988245141780306646e+00 0.000000000000000000e+00 2.405507514967664129e-01 -4.705568266429871471e-02 0.000000000000000000e+00 1.107000000000000028e+02
-1.225293562304847761e+00 7.983539573513877663e+00 0.000000000000000000e+00 2.405507514967686333e-01 -4.705568266428983293e-02 0.000000000000000000e+00 1.108000000000000114e+02
-1.201238487155170898e+00 7.978834005247447791e+00 0.000000000000000000e+00 2.405507514967686333e-01 -4.705568266429871471e-02 0.000000000000000000e+00 1.109000000000000057e+02
-1.177101565129791583e+00 7.973412281121063927e+00 0.000000000000000000e+00 2.413692202537931486e-01 -5.421724126383864473e-02 0.000000000000000000e+00 1.110000000000000000e+02
-1.152931539757898083e+00 7.967700904452821753e+00 0.000000000000000000e+00 2.417002537189349987e-01 -5.711376668242174048e-02 0.000000000000000000e+00 1.111000000000000085e+02
-1.128761514386004361e+00 7.961989527784580467e+00 0.000000000000000000e+00 2.417002537189372191e-01 -5.711376668241285870e-02 0.000000000000000000e+00 1.112000000000000028e+02
-1.104591489014110861e+00 7.956278151116338293e+00 0.000000000000000000e+00 2.417002537189349987e-01 -5.711376668242174048e-02 0.000000000000000000e+00 1.113000000000000114e+02
-1.080421463642217139e+00 7.950566774448097007e+00 0.000000000000000000e+00 2.417002537189372191e-01 -5.711376668241285870e-02 0.000000000000000000e+00 1.114000000000000057e+02
-1.056251438270323417e+00 7.944855397779855721e+00 0.000000000000000000e+00 2.417002537189372191e-01 -5.711376668241285870e-02 0.000000000000000000e+00 1.115000000000000000e+02
-1.030179390052469834e+00 7.938298748863261700e+00 0.000000000000000000e+00 2.607204821785358284e-01 -6.556648916594021159e-02 0.000000000000000000e+00 1.116000000000000085e+02
-1.003949283500069845e+00 7.931671857717929264e+00 0.000000000000000000e+00 2.623010655239998989e-01 -6.626891145332436395e-02 0.000000000000000000e+00 1.117000000000000028e+02
-9.777191769476697436e-01 7.925044966572595939e+00 0.000000000000000000e+00 2.623010655240010092e-01 -6.626891145333324573e-02 0.000000000000000000e+00 1.118000000000000114e+02
-9.514890703952696427e-01 7.918418075427263503e+00 0.000000000000000000e+00 2.623010655240010092e-01 -6.626891145332436395e-02 0.000000000000000000e+00 1.119000000000000057e+02
-9.252589638428696528e-01 7.911791184281931066e+00 0.000000000000000000e+00 2.623010655239998989e-01 -6.626891145332436395e-02 0.000000000000000000e+00 1.120000000000000000e+02
-8.990288572904695519e-01 7.905164293136597742e+00 0.000000000000000000e+00 2.623010655240010092e-01 -6.626891145333324573e-02 0.000000000000000000e+00 1.121000000000000085e+02
-8.731353789500220230e-01 7.898320739721627071e+00 0.000000000000000000e+00 2.589347834044752883e-01 -6.843553414970671156e-02 0.000000000000000000e+00 1.122000000000000028e+02
-8.474313186310765689e-01 7.891355272168174118e+00 0.000000000000000000e+00 2.570406031894545418e-01 -6.965467553452953098e-02 0.000000000000000000e+00 1.123000000000000114e+02
-8.217272583121312257e-01 7.884389804614721164e+00 0.000000000000000000e+00 2.570406031894534316e-01 -6.965467553452953098e-02 0.000000000000000000e+00 1.124000000000000057e+02
-7.960231979931858826e-01 7.877424337061268211e+00 0.000000000000000000e+00 2.570406031894534316e-01 -6.965467553452953098e-02 0.000000000000000000e+00 1.125000000000000000e+02
-7.703191376742405394e-01 7.870458869507814370e+00 0.000000000000000000e+00 2.570406031894534316e-01 -6.965467553453841276e-02 0.000000000000000000e+00 1.126000000000000085e+02
-7.446150773552951962e-01 7.863493401954361417e+00 0.000000000000000000e+00 2.570406031894534316e-01 -6.965467553452953098e-02 0.000000000000000000e+00 1.127000000000000028e+02
-7.186084848344213016e-01 7.856347736037298191e+00 0.000000000000000000e+00 2.600659252087389461e-01 -7.145665917063226402e-02 0.000000000000000000e+00 1.128000000000000114e+02
-6.922498471394099573e-01 7.848992380163623217e+00 0.000000000000000000e+00 2.635863769501134435e-01 -7.355355873674973566e-02 0.000000000000000000e+00 1.129000000000000057e+02
-6.658912094443986129e-01 7.841637024289947355e+00 0.000000000000000000e+00 2.635863769501134435e-01 -7.355355873675861744e-02 0.000000000000000000e+00 1.130000000000000000e+02
-6.395325717493872686e-01 7.834281668416272382e+00 0.000000000000000000e+00 2.635863769501134435e-01 -7.355355873674973566e-02 0.000000000000000000e+00 1.131000000000000085e+02
-6.131739340543758132e-01 7.826926312542596520e+00 0.000000000000000000e+00 2.635863769501145537e-01 -7.355355873675861744e-02 0.000000000000000000e+00 1.132000000000000028e+02
-5.868152963593644689e-01 7.819570956668921546e+00 0.000000000000000000e+00 2.635863769501134435e-01 -7.355355873674973566e-02 0.000000000000000000e+00 1.133000000000000114e+02
-5.601593408637161042e-01 7.812097966745920274e+00 0.000000000000000000e+00 2.665595549564836464e-01 -7.472989923001271961e-02 0.000000000000000000e+00 1.134000000000000057e+02
-5.311329199919309074e-01 7.803687100111925012e+00 0.000000000000000000e+00 2.902642087178519681e-01 -8.410866633995262021e-02 0.000000000000000000e+00 1.135000000000000000e+02
-5.021064991201455996e-01 7.795276233477930639e+00 0.000000000000000000e+00 2.902642087178530783e-01 -8.410866633994373842e-02 0.000000000000000000e+00 1.136000000000000085e+02
-4.730800782483602918e-01 7.786865366843935377e+00 0.000000000000000000e+00 2.902642087178530783e-01 -8.410866633995262021e-02 0.000000000000000000e+00 1.137000000000000028e+02
-4.440536573765750394e-01 7.778454500209940115e+00 0.000000000000000000e+00 2.902642087178525232e-01 -8.410866633995262021e-02 0.000000000000000000e+00 1.138000000000000114e+02
-4.150272365047897871e-01 7.770043633575944853e+00 0.000000000000000000e+00 2.902642087178525232e-01 -8.410866633995262021e-02 0.000000000000000000e+00 1.139000000000000057e+02
-3.860008156330044793e-01 7.761632766941950479e+00 0.000000000000000000e+00 2.902642087178530783e-01 -8.410866633994373842e-02 0.000000000000000000e+00 1.140000000000000000e+02
-3.569485667654172523e-01 7.753169879220180860e+00 0.000000000000000000e+00 2.905224886758722702e-01 -8.462887721769618565e-02 0.000000000000000000e+00 1.141000000000000085e+02
-3.276571216266849218e-01 7.744225217755219326e+00 0.000000000000000000e+00 2.929144513873233047e-01 -8.944661464961534136e-02 0.000000000000000000e+00 1.142000000000000028e+02
-2.983656764879525913e-01 7.735280556290258680e+00 0.000000000000000000e+00 2.929144513873233047e-01 -8.944661464960645958e-02 0.000000000000000000e+00 1.143000000000000114e+02
-2.690742313492202609e-01 7.726335894825297146e+00 0.000000000000000000e+00 2.929144513873233047e-01 -8.944661464961534136e-02 0.000000000000000000e+00 1.144000000000000057e+02
-2.397827862104879304e-01 7.717391233360336500e+00 0.000000000000000000e+00 2.929144513873233047e-01 -8.944661464960645958e-02 0.000000000000000000e+00 1.145000000000000000e+02
-2.104913410717555999e-01 7.708446571895375854e+00 0.000000000000000000e+00 2.929144513873233047e-01 -8.944661464960645958e-02 0.000000000000000000e+00 1.146000000000000085e+02
-1.811998959330232417e-01 7.699501910430414320e+00 0.000000000000000000e+00 2.929144513873235822e-01 -8.944661464961534136e-02 0.000000000000000000e+00 1.147000000000000028e+02
-1.519084507942908835e-01 7.690557248965453674e+00 0.000000000000000000e+00 2.929144513873235822e-01 -8.944661464960645958e-02 0.000000000000000000e+00 1.148000000000000114e+02
-1.214102440242478959e-01 7.680880815927829453e+00 0.000000000000000000e+00 3.049820677004298486e-01 -9.676433037624221356e-02 0.000000000000000000e+00 1.149000000000000057e+02
-9.089639458324141885e-02 7.671194897287055170e+00 0.000000000000000000e+00 3.051384944100647423e-01 -9.685918640774282551e-02 0.000000000000000000e+00 1.150000000000000000e+02
-6.038254514223494185e-02 7.661508978646279999e+00 0.000000000000000000e+00 3.051384944100647423e-01 -9.685918640775170729e-02 0.000000000000000000e+00 1.151000000000000085e+02
-2.986869570122845097e-02 7.651823060005505717e+00 0.000000000000000000e+00 3.051384944100649088e-01 -9.685918640774282551e-02 0.000000000000000000e+00 1.152000000000000028e+02
6.451537397780260363e-04 7.642137141364731434e+00 0.000000000000000000e+00 3.051384944100647423e-01 -9.685918640774282551e-02 0.000000000000000000e+00 1.153000000000000114e+02
3.115900318078448916e-02 7.632451222723957152e+00 0.000000000000000000e+00 3.051384944100646313e-01 -9.685918640774282551e-02 0.000000000000000000e+00 1.154000000000000057e+02
6.167285262179098004e-02 7.622765304083182869e+00 0.000000000000000000e+00 3.051384944100649088e-01 -9.685918640774282551e-02 0.000000000000000000e+00 1.155000000000000000e+02
9.034833440541034655e-02 7.613627995233893664e+00 0.000000000000000000e+00 2.867548178361936650e-01 -9.137308849289205170e-02 0.000000000000000000e+00 1.156000000000000085e+02
1.174884449147684112e-01 7.604948875317184331e+00 0.000000000000000000e+00 2.714011050935806191e-01 -8.679119916709332472e-02 0.000000000000000000e+00 1.157000000000000028e+02
1.446285554241264759e-01 7.596269755400474999e+00 0.000000000000000000e+00 2.714011050935806191e-01 -8.679119916709332472e-02 0.000000000000000000e+00 1.158000000000000114e+02
1.717686659334845545e-01 7.587590635483765666e+00 0.000000000000000000e+00 2.714011050935807856e-01 -8.679119916709332472e-02 0.000000000000000000e+00 1.159000000000000057e+02
1.989087764428426053e-01 7.578911515567056334e+00 0.000000000000000000e+00 2.714011050935805081e-01 -8.679119916709332472e-02 0.000000000000000000e+00 1.160000000000000000e+02
2.260488869522006838e-01 7.570232395650347001e+00 0.000000000000000000e+00 2.714011050935807856e-01 -8.679119916709332472e-02 0.000000000000000000e+00 1.161000000000000085e+02
2.531889974615587624e-01 7.561553275733637669e+00 0.000000000000000000e+00 2.714011050935807856e-01 -8.679119916709332472e-02 0.000000000000000000e+00 1.162000000000000028e+02
2.803347983955367106e-01 7.552702878993830637e+00 0.000000000000000000e+00 2.714580093397794824e-01 -8.850396739807031565e-02 0.000000000000000000e+00 1.163000000000000114e+02
3.074810266706318740e-01 7.543839619658728068e+00 0.000000000000000000e+00 2.714622827509516334e-01 -8.863259335102569025e-02 0.000000000000000000e+00 1.164000000000000057e+02
3.346272549457270928e-01 7.534976360323626388e+00 0.000000000000000000e+00 2.714622827509521885e-01 -8.863259335101680847e-02 0.000000000000000000e+00 1.165000000000000000e+02
3.617734832208222562e-01 7.526113100988524707e+00 0.000000000000000000e+00 2.714622827509516334e-01 -8.863259335101680847e-02 0.000000000000000000e+00 1.166000000000000085e+02
3.889197114959174750e-01 7.517249841653423026e+00 0.000000000000000000e+00 2.714622827509521885e-01 -8.863259335101680847e-02 0.000000000000000000e+00 1.167000000000000028e+02
4.160659397710126939e-01 7.508386582318321345e+00 0.000000000000000000e+00 2.714622827509521885e-01 -8.863259335101680847e-02 0.000000000000000000e+00 1.168000000000000114e+02
4.449003056964818681e-01 7.498968219161286086e+00 0.000000000000000000e+00 2.883436592546917421e-01 -9.418363157035258837e-02 0.000000000000000000e+00 1.169000000000000057e+02
4.761680808088724071e-01 7.488749687404439470e+00 0.000000000000000000e+00 3.126777511239053897e-01 -1.021853175684661608e-01 0.000000000000000000e+00 1.170000000000000000e+02
5.074358559212629460e-01 7.478531155647593742e+00 0.000000000000000000e+00 3.126777511239053897e-01 -1.021853175684572790e-01 0.000000000000000000e+00 1.171000000000000085e+02
5.387036310336534850e-01 7.468312623890747126e+00 0.000000000000000000e+00 3.126777511239053897e-01 -1.021853175684661608e-01 0.000000000000000000e+00 1.172000000000000028e+02
5.699714061460440240e-01 7.458094092133901398e+00 0.000000000000000000e+00 3.126777511239053897e-01 -1.021853175684572790e-01 0.000000000000000000e+00 1.173000000000000114e+02
6.012391812584345629e-01 7.447875560377055670e+00 0.000000000000000000e+00 3.126777511239053897e-01 -1.021853175684572790e-01 0.000000000000000000e+00 1.174000000000000057e+02
6.325069563708251019e-01 7.437657028620209054e+00 0.000000000000000000e+00 3.126777511239053897e-01 -1.021853175684661608e-01 0.000000000000000000e+00 1.175000000000000000e+02
6.637747314832156409e-01 7.427438496863363326e+00 0.000000000000000000e+00 3.126777511239053897e-01 -1.021853175684572790e-01 0.000000000000000000e+00 1.176000000000000085e+02
6.928213363974561334e-01 7.418109340125225160e+00 0.000000000000000000e+00 2.904660491424049251e-01 -9.329156738138166816e-02 0.000000000000000000e+00 1.177000000000000028e+02
7.202180233501906947e-01 7.409440824259678315e+00 0.000000000000000000e+00 2.739668695273456134e-01 -8.668515865546844168e-02 0.000000000000000000e+00 1.178000000000000114e+02
7.476147103029253671e-01 7.400772308394132359e+00 0.000000000000000000e+00 2.739668695273467236e-01 -8.668515865545955990e-02 0.000000000000000000e+00 1.179000000000000057e+02
7.750113972556599284e-01 7.392103792528586403e+00 0.000000000000000000e+00 2.739668695273456134e-01 -8.668515865545955990e-02 0.000000000000000000e+00 1.180000000000000000e+02
8.024080842083944898e-01 7.383435276663039559e+00 0.000000000000000000e+00 2.739668695273456134e-01 -8.668515865546844168e-02 0.000000000000000000e+00 1.181000000000000085e+02
8.298047711611290511e-01 7.374766760797493603e+00 0.000000000000000000e+00 2.739668695273456134e-01 -8.668515865545955990e-02 0.000000000000000000e+00 1.182000000000000028e+02
8.572014581138636125e-01 7.366098244931946759e+00 0.000000000000000000e+00 2.739668695273456134e-01 -8.668515865546844168e-02 0.000000000000000000e+00 1.183000000000000114e+02
8.836430470028089346e-01 7.357776085535623345e+00 0.000000000000000000e+00 2.644158888894532211e-01 -8.322159396323414171e-02 0.000000000000000000e+00 1.184000000000000057e+02
9.100720367173783520e-01 7.349458495100035904e+00 0.000000000000000000e+00 2.642898971456941748e-01 -8.317590435587440822e-02 0.000000000000000000e+00 1.185000000000000000e+02
9.365010264319476585e-01 7.341140904664447575e+00 0.000000000000000000e+00 2.642898971456930646e-01 -8.317590435588329001e-02 0.000000000000000000e+00 1.186000000000000085e+02
9.629300161465170760e-01 7.332823314228860134e+00 0.000000000000000000e+00 2.642898971456941748e-01 -8.317590435587440822e-02 0.000000000000000000e+00 1.187000000000000028e+02
9.893590058610863824e-01 7.324505723793272693e+00 0.000000000000000000e+00 2.642898971456930646e-01 -8.317590435587440822e-02 0.000000000000000000e+00 1.188000000000000114e+02
1.015787995575655689e+00 7.316188133357684364e+00 0.000000000000000000e+00 2.642898971456930646e-01 -8.317590435588329001e-02 0.000000000000000000e+00 1.189000000000000057e+02
1.042275519197725098e+00 7.307890053403535369e+00 0.000000000000000000e+00 2.648752362206940880e-01 -8.298079954148995796e-02 0.000000000000000000e+00 1.190000000000000000e+02
1.068808054869990976e+00 7.299606976834730254e+00 0.000000000000000000e+00 2.653253567226587784e-01 -8.283076568805114448e-02 0.000000000000000000e+00 1.191000000000000085e+02
1.095340590542257075e+00 7.291323900265925140e+00 0.000000000000000000e+00 2.653253567226609988e-01 -8.283076568805114448e-02 0.000000000000000000e+00 1.192000000000000028e+02
1.121873126214522953e+00 7.283040823697120025e+00 0.000000000000000000e+00 2.653253567226587784e-01 -8.283076568805114448e-02 0.000000000000000000e+00 1.193000000000000114e+02
1.148405661886788831e+00 7.274757747128314911e+00 0.000000000000000000e+00 2.653253567226587784e-01 -8.283076568805114448e-02 0.000000000000000000e+00 1.194000000000000057e+02
1.174938197559054931e+00 7.266474670559509796e+00 0.000000000000000000e+00 2.653253567226609988e-01 -8.283076568805114448e-02 0.000000000000000000e+00 1.195000000000000000e+02
1.201288646644000258e+00 7.258241301274558133e+00 0.000000000000000000e+00 2.635044908494532656e-01 -8.233369284951663758e-02 0.000000000000000000e+00 1.196000000000000085e+02
1.226468201852606965e+00 7.250327570877517225e+00 0.000000000000000000e+00 2.517955520860670759e-01 -7.913730397040907860e-02 0.000000000000000000e+00 1.197000000000000028e+02
1.251647757061213451e+00 7.242413840480476317e+00 0.000000000000000000e+00 2.517955520860648555e-01 -7.913730397040907860e-02 0.000000000000000000e+00 1.198000000000000114e+02
1.276827312269819936e+00 7.234500110083435409e+00 0.000000000000000000e+00 2.517955520860648555e-01 -7.913730397040907860e-02 0.000000000000000000e+00 1.199000000000000057e+02
1.302006867478426422e+00 7.226586379686394501e+00 0.000000000000000000e+00 2.517955520860648555e-01 -7.913730397040907860e-02 0.000000000000000000e+00 1.200000000000000000e+02
1.327186422687033129e+00 7.218672649289353593e+00 0.000000000000000000e+00 2.517955520860670759e-01 -7.913730397040907860e-02 0.000000000000000000e+00 1.201000000000000085e+02
1.352328570612889802e+00 7.210757725266148555e+00 0.000000000000000000e+00 2.514214792585667269e-01 -7.914924023205038850e-02 0.000000000000000000e+00 1.202000000000000028e+02
1.374885239240870805e+00 7.202760301379051100e+00 0.000000000000000000e+00 2.255666862798100247e-01 -7.997423887097454553e-02 0.000000000000000000e+00 1.203000000000000114e+02
1.397441907868851807e+00 7.194762877491954534e+00 0.000000000000000000e+00 2.255666862798100247e-01 -7.997423887096566375e-02 0.000000000000000000e+00 1.204000000000000057e+02
1.419998576496832809e+00 7.186765453604857079e+00 0.000000000000000000e+00 2.255666862798100247e-01 -7.997423887097454553e-02 0.000000000000000000e+00 1.205000000000000000e+02
1.442555245124813590e+00 7.178768029717759624e+00 0.000000000000000000e+00 2.255666862798078043e-01 -7.997423887097454553e-02 0.000000000000000000e+00 1.206000000000000085e+02
1.465111913752794592e+00 7.170770605830662170e+00 0.000000000000000000e+00 2.255666862798100247e-01 -7.997423887097454553e-02 0.000000000000000000e+00 1.207000000000000028e+02
1.487430553947540535e+00 7.162733618031391636e+00 0.000000000000000000e+00 2.231864019474594230e-01 -8.036987799270534083e-02 0.000000000000000000e+00 1.208000000000000114e+02
1.509455277262188755e+00 7.154647776817961713e+00 0.000000000000000000e+00 2.202472331464822020e-01 -8.085841213429922902e-02 0.000000000000000000e+00 1.209000000000000057e+02
1.531480000576837197e+00 7.146561935604530902e+00 0.000000000000000000e+00 2.202472331464844224e-01 -8.085841213430811081e-02 0.000000000000000000e+00 1.210000000000000000e+02
1.553504723891485417e+00 7.138476094391100979e+00 0.000000000000000000e+00 2.202472331464822020e-01 -8.085841213429922902e-02 0.000000000000000000e+00 1.211000000000000085e+02
1.575529447206133860e+00 7.130390253177671056e+00 0.000000000000000000e+00 2.202472331464844224e-01 -8.085841213429922902e-02 0.000000000000000000e+00 1.212000000000000028e+02
1.597554170520782080e+00 7.122304411964241133e+00 0.000000000000000000e+00 2.202472331464822020e-01 -8.085841213429922902e-02 0.000000000000000000e+00 1.213000000000000114e+02
1.618673560005025491e+00 7.110598783926089794e+00 0.000000000000000000e+00 2.111938948424341156e-01 -1.170562803815133890e-01 0.000000000000000000e+00 1.214000000000000057e+02
1.639755909116445975e+00 7.098745057751070675e+00 0.000000000000000000e+00 2.108234911142048418e-01 -1.185372617501911918e-01 0.000000000000000000e+00 1.215000000000000000e+02
1.660838258227866460e+00 7.086891331576050668e+00 0.000000000000000000e+00 2.108234911142048418e-01 -1.185372617502000736e-01 0.000000000000000000e+00 1.216000000000000085e+02
1.681920607339286944e+00 7.075037605401031549e+00 0.000000000000000000e+00 2.108234911142048418e-01 -1.185372617501911918e-01 0.000000000000000000e+00 1.217000000000000028e+02
1.703002956450707428e+00 7.063183879226011541e+00 0.000000000000000000e+00 2.108234911142048418e-01 -1.185372617502000736e-01 0.000000000000000000e+00 1.218000000000000114e+02
1.723328237092418114e+00 7.050505795790410701e+00 0.000000000000000000e+00 2.032528064171068571e-01 -1.267808343560083983e-01 0.000000000000000000e+00 1.219000000000000057e+02
1.734042060852996503e+00 7.027361982263360396e+00 0.000000000000000000e+00 1.071382376057838925e-01 -2.314381352705030537e-01 0.000000000000000000e+00 1.220000000000000000e+02
1.744755884613575114e+00 7.004218168736310091e+00 0.000000000000000000e+00 1.071382376057861130e-01 -2.314381352705030537e-01 0.000000000000000000e+00 1.221000000000000085e+02
1.755469708374153504e+00 6.981074355209259785e+00 0.000000000000000000e+00 1.071382376057838925e-01 -2.314381352705030537e-01 0.000000000000000000e+00 1.222000000000000028e+02
1.766183532134732115e+00 6.957930541682209480e+00 0.000000000000000000e+00 1.071382376057861130e-01 -2.314381352705030537e-01 0.000000000000000000e+00 1.223000000000000114e+02
1.776897355895310504e+00 6.934786728155159174e+00 0.000000000000000000e+00 1.071382376057838925e-01 -2.314381352705030537e-01 0.000000000000000000e+00 1.224000000000000057e+02
1.787611179655889115e+00 6.911642914628108869e+00 0.000000000000000000e+00 1.071382376057861130e-01 -2.314381352705030537e-01 0.000000000000000000e+00 1.225000000000000000e+02
1.794855261375756683e+00 6.886698628730194116e+00 0.000000000000000000e+00 7.244081719867567770e-02 -2.494428589791475304e-01 0.000000000000000000e+00 1.226000000000000085e+02
1.801400483975265754e+00 6.861391700156664442e+00 0.000000000000000000e+00 6.545222599509070704e-02 -2.530692857352967451e-01 0.000000000000000000e+00 1.227000000000000028e+02
1.807945706574774603e+00 6.836084771583135655e+00 0.000000000000000000e+00 6.545222599508848660e-02 -2.530692857352878633e-01 0.000000000000000000e+00 1.228000000000000114e+02
1.814490929174283673e+00 6.810777843009606869e+00 0.000000000000000000e+00 6.545222599509070704e-02 -2.530692857352878633e-01 0.000000000000000000e+00 1.229000000000000057e+02
1.821036151773792744e+00 6.785470914436077194e+00 0.000000000000000000e+00 6.545222599509070704e-02 -2.530692857352967451e-01 0.000000000000000000e+00 1.230000000000000000e+02
1.827581374373301815e+00 6.760163985862548408e+00 0.000000000000000000e+00 6.545222599509070704e-02 -2.530692857352878633e-01 0.000000000000000000e+00 1.231000000000000085e+02
1.833938053446861893e+00 6.734702425225710165e+00 0.000000000000000000e+00 6.356679073560078663e-02 -2.546156063683824300e-01 0.000000000000000000e+00 1.232000000000000028e+02
1.840236117368911462e+00 6.709192791965993941e+00 0.000000000000000000e+00 6.298063922049568220e-02 -2.550963325971622453e-01 0.000000000000000000e+00 1.233000000000000114e+02
1.846534181290960808e+00 6.683683158706276828e+00 0.000000000000000000e+00 6.298063922049346175e-02 -2.550963325971711271e-01 0.000000000000000000e+00 1.234000000000000057e+02
1.852832245213010376e+00 6.658173525446559715e+00 0.000000000000000000e+00 6.298063922049568220e-02 -2.550963325971711271e-01 0.000000000000000000e+00 1.235000000000000000e+02
1.859130309135059944e+00 6.632663892186842602e+00 0.000000000000000000e+00 6.298063922049568220e-02 -2.550963325971711271e-01 0.000000000000000000e+00 1.236000000000000085e+02
1.865428373057109290e+00 6.607154258927125490e+00 0.000000000000000000e+00 6.298063922049346175e-02 -2.550963325971711271e-01 0.000000000000000000e+00 1.237000000000000028e+02
1.872006563751337893e+00 6.579750950086855177e+00 0.000000000000000000e+00 6.578190694228602808e-02 -2.740330884027031288e-01 0.000000000000000000e+00 1.238000000000000114e+02
1.878726768543482528e+00 6.551387616514833923e+00 0.000000000000000000e+00 6.720204792144635064e-02 -2.836333357202125427e-01 0.000000000000000000e+00 1.239000000000000057e+02
1.885446973335627163e+00 6.523024282942812668e+00 0.000000000000000000e+00 6.720204792144635064e-02 -2.836333357202125427e-01 0.000000000000000000e+00 1.240000000000000000e+02
1.892167178127771576e+00 6.494660949370791414e+00 0.000000000000000000e+00 6.720204792144413020e-02 -2.836333357202125427e-01 0.000000000000000000e+00 1.241000000000000085e+02
1.898887382919916211e+00 6.466297615798771048e+00 0.000000000000000000e+00 6.720204792144635064e-02 -2.836333357202036609e-01 0.000000000000000000e+00 1.242000000000000028e+02
1.905607587712060846e+00 6.437934282226749794e+00 0.000000000000000000e+00 6.720204792144635064e-02 -2.836333357202125427e-01 0.000000000000000000e+00 1.243000000000000114e+02
1.912327792504205259e+00 6.409570948654728539e+00 0.000000000000000000e+00 6.720204792144413020e-02 -2.836333357202125427e-01 0.000000000000000000e+00 1.244000000000000057e+02
1.918218147782498217e+00 6.384041036014212800e+00 0.000000000000000000e+00 5.890355278292958019e-02 -2.552991264051573950e-01 0.000000000000000000e+00 1.245000000000000000e+02
1.923882025275976515e+00 6.359284404414783154e+00 0.000000000000000000e+00 5.663877493478297609e-02 -2.475663159942964597e-01 0.000000000000000000e+00 1.246000000000000085e+02
1.929545902769454591e+00 6.334527772815352620e+00 0.000000000000000000e+00 5.663877493478075564e-02 -2.475663159943053415e-01 0.000000000000000000e+00 1.247000000000000028e+02
1.935209780262932666e+00 6.309771141215922086e+00 0.000000000000000000e+00 5.663877493478075564e-02 -2.475663159943053415e-01 0.000000000000000000e+00 1.248000000000000114e+02
1.940873657756410742e+00 6.285014509616492440e+00 0.000000000000000000e+00 5.663877493478075564e-02 -2.475663159942964597e-01 0.000000000000000000e+00 1.249000000000000057e+02
1.946537535249888817e+00 6.260257878017061905e+00 0.000000000000000000e+00 5.663877493478075564e-02 -2.475663159943053415e-01 0.000000000000000000e+00 1.250000000000000000e+02
1.952262646833906601e+00 6.235343260463183768e+00 0.000000000000000000e+00 5.725111584017783528e-02 -2.491461755387813781e-01 0.000000000000000000e+00 1.251000000000000085e+02
1.957989509017588725e+00 6.210424126304968873e+00 0.000000000000000000e+00 5.726862183682124297e-02 -2.491913415821489508e-01 0.000000000000000000e+00 1.252000000000000028e+02
1.963716371201271071e+00 6.185504992146753978e+00 0.000000000000000000e+00 5.726862183682346341e-02 -2.491913415821489508e-01 0.000000000000000000e+00 1.253000000000000114e+02
1.969443233384953418e+00 6.160585857988539082e+00 0.000000000000000000e+00 5.726862183682346341e-02 -2.491913415821489508e-01 0.000000000000000000e+00 1.254000000000000057e+02
1.975170095568635764e+00 6.135666723830325076e+00 0.000000000000000000e+00 5.726862183682346341e-02 -2.491913415821400690e-01 0.000000000000000000e+00 1.255000000000000000e+02
1.981093596755594932e+00 6.109815493683131038e+00 0.000000000000000000e+00 5.923501186959168052e-02 -2.585123014719403756e-01 0.000000000000000000e+00 1.256000000000000085e+02
1.987693727551959944e+00 6.080756945890702703e+00 0.000000000000000000e+00 6.600130796365011321e-02 -2.905854779242833530e-01 0.000000000000000000e+00 1.257000000000000028e+02
1.994293858348324733e+00 6.051698398098274367e+00 0.000000000000000000e+00 6.600130796364789276e-02 -2.905854779242833530e-01 0.000000000000000000e+00 1.258000000000000114e+02
2.000893989144689744e+00 6.022639850305846920e+00 0.000000000000000000e+00 6.600130796365011321e-02 -2.905854779242744712e-01 0.000000000000000000e+00 1.259000000000000057e+02
2.007494119941054311e+00 5.993581302513418585e+00 0.000000000000000000e+00 6.600130796364567232e-02 -2.905854779242833530e-01 0.000000000000000000e+00 1.260000000000000000e+02
2.014094250737419323e+00 5.964522754720990250e+00 0.000000000000000000e+00 6.600130796365011321e-02 -2.905854779242833530e-01 0.000000000000000000e+00 1.261000000000000085e+02
2.020694381533784334e+00 5.935464206928561914e+00 0.000000000000000000e+00 6.600130796365011321e-02 -2.905854779242833530e-01 0.000000000000000000e+00 1.262000000000000028e+02
2.027331193704842160e+00 5.906199819453377131e+00 0.000000000000000000e+00 6.636812171057826504e-02 -2.926438747518478323e-01 0.000000000000000000e+00 1.263000000000000114e+02
2.034603932330880216e+00 5.873366893425732371e+00 0.000000000000000000e+00 7.272738626038055543e-02 -3.283292602764475987e-01 0.000000000000000000e+00 1.264000000000000057e+02
2.041876670956917827e+00 5.840533967398087611e+00 0.000000000000000000e+00 7.272738626037611454e-02 -3.283292602764475987e-01 0.000000000000000000e+00 1.265000000000000000e+02
2.049149409582955439e+00 5.807701041370443740e+00 0.000000000000000000e+00 7.272738626037611454e-02 -3.283292602764387169e-01 0.000000000000000000e+00 1.266000000000000085e+02
2.056422148208993050e+00 5.774868115342798980e+00 0.000000000000000000e+00 7.272738626037611454e-02 -3.283292602764475987e-01 0.000000000000000000e+00 1.267000000000000028e+02
2.063694886835030662e+00 5.742035189315154220e+00 0.000000000000000000e+00 7.272738626037611454e-02 -3.283292602764475987e-01 0.000000000000000000e+00 1.268000000000000114e+02
2.070967625461068273e+00 5.709202263287510348e+00 0.000000000000000000e+00 7.272738626037611454e-02 -3.283292602764387169e-01 0.000000000000000000e+00 1.269000000000000057e+02
2.078240364087106329e+00 5.676369337259865588e+00 0.000000000000000000e+00 7.272738626038055543e-02 -3.283292602764475987e-01 0.000000000000000000e+00 1.270000000000000000e+02
2.085422102142510781e+00 5.643843818585216887e+00 0.000000000000000000e+00 7.181738055404451870e-02 -3.252551867464870128e-01 0.000000000000000000e+00 1.271000000000000085e+02
2.092196766646846395e+00 5.612693427582166272e+00 0.000000000000000000e+00 6.774664504335614623e-02 -3.115039100305061481e-01 0.000000000000000000e+00 1.272000000000000028e+02
2.098971431151182454e+00 5.581543036579116546e+00 0.000000000000000000e+00 6.774664504336058712e-02 -3.115039100304972663e-01 0.000000000000000000e+00 1.273000000000000114e+02
2.105746095655518069e+00 5.550392645576065931e+00 0.000000000000000000e+00 6.774664504335614623e-02 -3.115039100305061481e-01 0.000000000000000000e+00 1.274000000000000057e+02
2.112520760159853683e+00 5.519242254573016204e+00 0.000000000000000000e+00 6.774664504335614623e-02 -3.115039100304972663e-01 0.000000000000000000e+00 1.275000000000000000e+02
2.119295424664189298e+00 5.488091863569965589e+00 0.000000000000000000e+00 6.774664504335614623e-02 -3.115039100305061481e-01 0.000000000000000000e+00 1.276000000000000085e+02
2.126070089168524913e+00 5.456941472566915863e+00 0.000000000000000000e+00 6.774664504335614623e-02 -3.115039100304972663e-01 0.000000000000000000e+00 1.277000000000000028e+02
2.132844753672860971e+00 5.425791081563865248e+00 0.000000000000000000e+00 6.774664504336058712e-02 -3.115039100305061481e-01 0.000000000000000000e+00 1.278000000000000114e+02
2.138830652423609369e+00 5.397050249947160871e+00 0.000000000000000000e+00 5.985898750748397390e-02 -2.874083161670437647e-01 0.000000000000000000e+00 1.279000000000000057e+02
2.144356896074771424e+00 5.369713594734735196e+00 0.000000000000000000e+00 5.526243651162054960e-02 -2.733665521242567564e-01 0.000000000000000000e+00 1.280000000000000000e+02
2.149883139725934367e+00 5.342376939522305968e+00 0.000000000000000000e+00 5.526243651162943138e-02 -2.733665521242922836e-01 0.000000000000000000e+00 1.280999999999999943e+02
2.155409383377096422e+00 5.315040284309880292e+00 0.000000000000000000e+00 5.526243651162054960e-02 -2.733665521242567564e-01 0.000000000000000000e+00 1.282000000000000171e+02
2.160935627028258477e+00 5.287703629097455504e+00 0.000000000000000000e+00 5.526243651162054960e-02 -2.733665521242478746e-01 0.000000000000000000e+00 1.283000000000000114e+02
2.166461870679420088e+00 5.260366973885029829e+00 0.000000000000000000e+00 5.526243651161610870e-02 -2.733665521242567564e-01 0.000000000000000000e+00 1.284000000000000057e+02
2.171963800065939587e+00 5.233112627335310130e+00 0.000000000000000000e+00 5.501929386519499587e-02 -2.725434654971969906e-01 0.000000000000000000e+00 1.285000000000000000e+02
2.176561421913582706e+00 5.208919543188287982e+00 0.000000000000000000e+00 4.597621847643118542e-02 -2.419308414702214804e-01 0.000000000000000000e+00 1.285999999999999943e+02
2.181159043761225824e+00 5.184726459041265834e+00 0.000000000000000000e+00 4.597621847643118542e-02 -2.419308414702214804e-01 0.000000000000000000e+00 1.287000000000000171e+02
2.185756665608868499e+00 5.160533374894243686e+00 0.000000000000000000e+00 4.597621847642674453e-02 -2.419308414702214804e-01 0.000000000000000000e+00 1.288000000000000114e+02
2.190354287456511617e+00 5.136340290747221538e+00 0.000000000000000000e+00 4.597621847643118542e-02 -2.419308414702214804e-01 0.000000000000000000e+00 1.289000000000000057e+02
2.194951909304154292e+00 5.112147206600200278e+00 0.000000000000000000e+00 4.597621847642674453e-02 -2.419308414702125987e-01 0.000000000000000000e+00 1.290000000000000000e+02
2.199525631772891732e+00 5.087192099164900227e+00 0.000000000000000000e+00 4.573722468737440039e-02 -2.495510743530005016e-01 0.000000000000000000e+00 1.290999999999999943e+02
2.204044963284363057e+00 5.060502755192674229e+00 0.000000000000000000e+00 4.519331511471325058e-02 -2.668934397222599841e-01 0.000000000000000000e+00 1.292000000000000171e+02
2.208564294795834826e+00 5.033813411220447342e+00 0.000000000000000000e+00 4.519331511471769147e-02 -2.668934397222688659e-01 0.000000000000000000e+00 1.293000000000000114e+02
2.213083626307306151e+00 5.007124067248221344e+00 0.000000000000000000e+00 4.519331511471325058e-02 -2.668934397222599841e-01 0.000000000000000000e+00 1.294000000000000057e+02
2.217602957818777476e+00 4.980434723275995346e+00 0.000000000000000000e+00 4.519331511471325058e-02 -2.668934397222599841e-01 0.000000000000000000e+00 1.295000000000000000e+02
2.222122289330249245e+00 4.953745379303769347e+00 0.000000000000000000e+00 4.519331511471769147e-02 -2.668934397222599841e-01 0.000000000000000000e+00 1.295999999999999943e+02
2.227169951638765966e+00 4.925067505045782390e+00 0.000000000000000000e+00 5.047662308516720486e-02 -2.867787425798695722e-01 0.000000000000000000e+00 1.297000000000000171e+02
2.233406137807396608e+00 4.891916267310965516e+00 0.000000000000000000e+00 6.236186168630641902e-02 -3.315123773481687408e-01 0.000000000000000000e+00 1.298000000000000114e+02
2.239642323976027249e+00 4.858765029576148642e+00 0.000000000000000000e+00 6.236186168630641902e-02 -3.315123773481687408e-01 0.000000000000000000e+00 1.299000000000000057e+02
2.245878510144658335e+00 4.825613791841331768e+00 0.000000000000000000e+00 6.236186168631085991e-02 -3.315123773481687408e-01 0.000000000000000000e+00 1.300000000000000000e+02
2.252114696313288977e+00 4.792462554106514894e+00 0.000000000000000000e+00 6.236186168630641902e-02 -3.315123773481687408e-01 0.000000000000000000e+00 1.300999999999999943e+02
2.258350882481919619e+00 4.759311316371698020e+00 0.000000000000000000e+00 6.236186168630641902e-02 -3.315123773481687408e-01 0.000000000000000000e+00 1.302000000000000171e+02
2.264587068650550261e+00 4.726160078636881146e+00 0.000000000000000000e+00 6.236186168630641902e-02 -3.315123773481687408e-01 0.000000000000000000e+00 1.303000000000000114e+02
2.270823254819181347e+00 4.693008840902064271e+00 0.000000000000000000e+00 6.236186168631085991e-02 -3.315123773481687408e-01 0.000000000000000000e+00 1.304000000000000057e+02
2.277059440987811989e+00 4.659857603167247397e+00 0.000000000000000000e+00 6.236186168630641902e-02 -3.315123773481687408e-01 0.000000000000000000e+00 1.305000000000000000e+02
2.285361098527381785e+00 4.625165459539487323e+00 0.000000000000000000e+00 8.301657539569795574e-02 -3.469214362776007476e-01 0.000000000000000000e+00 1.305999999999999943e+02
2.293700578233333065e+00 4.590445099399079076e+00 0.000000000000000000e+00 8.339479705951280408e-02 -3.472036014040824625e-01 0.000000000000000000e+00 1.307000000000000171e+02
2.302040057939284345e+00 4.555724739258671718e+00 0.000000000000000000e+00 8.339479705951280408e-02 -3.472036014040735807e-01 0.000000000000000000e+00 1.308000000000000114e+02
2.310379537645235626e+00 4.521004379118263472e+00 0.000000000000000000e+00 8.339479705951280408e-02 -3.472036014040824625e-01 0.000000000000000000e+00 1.309000000000000057e+02
2.318719017351186462e+00 4.486284018977856114e+00 0.000000000000000000e+00 8.339479705950836319e-02 -3.472036014040735807e-01 0.000000000000000000e+00 1.310000000000000000e+02
2.327058497057137743e+00 4.451563658837447868e+00 0.000000000000000000e+00 8.339479705951280408e-02 -3.472036014040824625e-01 0.000000000000000000e+00 1.310999999999999943e+02
2.335397976763089023e+00 4.416843298697040510e+00 0.000000000000000000e+00 8.339479705951280408e-02 -3.472036014040735807e-01 0.000000000000000000e+00 1.312000000000000171e+02
2.343737456469040303e+00 4.382122938556632263e+00 0.000000000000000000e+00 8.339479705951280408e-02 -3.472036014040824625e-01 0.000000000000000000e+00 1.313000000000000114e+02
2.352025578607348955e+00 4.350095112499190009e+00 0.000000000000000000e+00 8.288122138308651188e-02 -3.202782605744225464e-01 0.000000000000000000e+00 1.314000000000000057e+02
2.360271211342360509e+00 4.320294887393193228e+00 0.000000000000000000e+00 8.245632735011554360e-02 -2.980022510599678043e-01 0.000000000000000000e+00 1.315000000000000000e+02
2.368516844077372063e+00 4.290494662287196448e+00 0.000000000000000000e+00 8.245632735011554360e-02 -2.980022510599678043e-01 0.000000000000000000e+00 1.315999999999999943e+02
2.376762476812383618e+00 4.260694437181199667e+00 0.000000000000000000e+00 8.245632735011554360e-02 -2.980022510599678043e-01 0.000000000000000000e+00 1.317000000000000171e+02
2.385008109547394728e+00 4.230894212075202887e+00 0.000000000000000000e+00 8.245632735011110270e-02 -2.980022510599678043e-01 0.000000000000000000e+00 1.318000000000000114e+02
2.393253742282406282e+00 4.201093986969206107e+00 0.000000000000000000e+00 8.245632735011554360e-02 -2.980022510599678043e-01 0.000000000000000000e+00 1.319000000000000057e+02
2.401499375017417837e+00 4.171293761863209326e+00 0.000000000000000000e+00 8.245632735011554360e-02 -2.980022510599678043e-01 0.000000000000000000e+00 1.320000000000000000e+02
2.409052814520745933e+00 4.141983285804444748e+00 0.000000000000000000e+00 7.553439503328096549e-02 -2.931047605876457851e-01 0.000000000000000000e+00 1.320999999999999943e+02
2.415752795470805125e+00 4.113276659211674513e+00 0.000000000000000000e+00 6.699980950059192253e-02 -2.870662659277023465e-01 0.000000000000000000e+00 1.322000000000000171e+02
2.422452776420864318e+00 4.084570032618904278e+00 0.000000000000000000e+00 6.699980950059192253e-02 -2.870662659277023465e-01 0.000000000000000000e+00 1.323000000000000114e+02
2.429152757370923066e+00 4.055863406026134044e+00 0.000000000000000000e+00 6.699980950058748164e-02 -2.870662659277023465e-01 0.000000000000000000e+00 1.324000000000000057e+02
2.435852738320982258e+00 4.027156779433363809e+00 0.000000000000000000e+00 6.699980950059192253e-02 -2.870662659277023465e-01 0.000000000000000000e+00 1.325000000000000000e+02
2.442552719271041450e+00 3.998450152840593574e+00 0.000000000000000000e+00 6.699980950059192253e-02 -2.870662659277023465e-01 0.000000000000000000e+00 1.325999999999999943e+02
2.449252700221100643e+00 3.969743526247823340e+00 0.000000000000000000e+00 6.699980950059192253e-02 -2.870662659277023465e-01 0.000000000000000000e+00 1.327000000000000171e+02
2.456532573998303715e+00 3.938958302884348228e+00 0.000000000000000000e+00 7.279873777203071938e-02 -3.078522336347511157e-01 0.000000000000000000e+00 1.328000000000000114e+02
2.464252263316214719e+00 3.906596582761767245e+00 0.000000000000000000e+00 7.719689317911004878e-02 -3.236172012258098363e-01 0.000000000000000000e+00 1.329000000000000057e+02
2.471971952634125724e+00 3.874234862639185817e+00 0.000000000000000000e+00 7.719689317911004878e-02 -3.236172012258142772e-01 0.000000000000000000e+00 1.330000000000000000e+02
2.479691641952036729e+00 3.841873142516604833e+00 0.000000000000000000e+00 7.719689317911004878e-02 -3.236172012258098363e-01 0.000000000000000000e+00 1.330999999999999943e+02
2.487411331269947290e+00 3.809511422394023850e+00 0.000000000000000000e+00 7.719689317910560789e-02 -3.236172012258098363e-01 0.000000000000000000e+00 1.332000000000000171e+02
2.495131020587858295e+00 3.777149702271442866e+00 0.000000000000000000e+00 7.719689317911004878e-02 -3.236172012258098363e-01 0.000000000000000000e+00 1.333000000000000114e+02
2.502850709905769300e+00 3.744787982148861438e+00 0.000000000000000000e+00 7.719689317911004878e-02 -3.236172012258142772e-01 0.000000000000000000e+00 1.334000000000000057e+02
2.510570399223680305e+00 3.712426262026280455e+00 0.000000000000000000e+00 7.719689317911004878e-02 -3.236172012258098363e-01 0.000000000000000000e+00 1.335000000000000000e+02
2.519898371560809647e+00 3.676061214622640794e+00 0.000000000000000000e+00 9.327972337129342151e-02 -3.636504740363966093e-01 0.000000000000000000e+00 1.335999999999999943e+02
2.529465457791334249e+00 3.639100966522810676e+00 0.000000000000000000e+00 9.567086230524601831e-02 -3.696024809983011750e-01 0.000000000000000000e+00 1.337000000000000171e+02
2.539032544021859295e+00 3.602140718422980559e+00 0.000000000000000000e+00 9.567086230525045920e-02 -3.696024809983011750e-01 0.000000000000000000e+00 1.338000000000000114e+02
2.548599630252383896e+00 3.565180470323150441e+00 0.000000000000000000e+00 9.567086230524601831e-02 -3.696024809983011750e-01 0.000000000000000000e+00 1.339000000000000057e+02
2.558166716482908942e+00 3.528220222223320324e+00 0.000000000000000000e+00 9.567086230525045920e-02 -3.696024809983011750e-01 0.000000000000000000e+00 1.340000000000000000e+02
2.567733802713433544e+00 3.491259974123490206e+00 0.000000000000000000e+00 9.567086230524601831e-02 -3.696024809983011750e-01 0.000000000000000000e+00 1.340999999999999943e+02
2.577300888943958590e+00 3.454299726023660533e+00 0.000000000000000000e+00 9.567086230525045920e-02 -3.696024809982967341e-01 0.000000000000000000e+00 1.342000000000000171e+02
2.586867975174483192e+00 3.417339477923830415e+00 0.000000000000000000e+00 9.567086230524601831e-02 -3.696024809983011750e-01 0.000000000000000000e+00 1.343000000000000114e+02
2.596435061405007794e+00 3.380379229824000298e+00 0.000000000000000000e+00 9.567086230524601831e-02 -3.696024809983011750e-01 0.000000000000000000e+00 1.344000000000000057e+02
2.605148222986395368e+00 3.346980088087025962e+00 0.000000000000000000e+00 8.713161581387574017e-02 -3.339914173697433597e-01 0.000000000000000000e+00 1.345000000000000000e+02
2.613428795989268139e+00 3.315384962595515184e+00 0.000000000000000000e+00 8.280573002872770871e-02 -3.159512549151077820e-01 0.000000000000000000e+00 1.345999999999999943e+02
2.621709368992140909e+00 3.283789837104004405e+00 0.000000000000000000e+00 8.280573002872770871e-02 -3.159512549151077820e-01 0.000000000000000000e+00 1.347000000000000171e+02
2.629989941995014124e+00 3.252194711612493627e+00 0.000000000000000000e+00 8.280573002873214961e-02 -3.159512549151077820e-01 0.000000000000000000e+00 1.348000000000000114e+02
2.638270514997886895e+00 3.220599586120982849e+00 0.000000000000000000e+00 8.280573002872770871e-02 -3.159512549151077820e-01 0.000000000000000000e+00 1.349000000000000057e+02
2.646551088000760110e+00 3.189004460629472515e+00 0.000000000000000000e+00 8.280573002873214961e-02 -3.159512549151033411e-01 0.000000000000000000e+00 1.350000000000000000e+02
2.654831661003632881e+00 3.157409335137961737e+00 0.000000000000000000e+00 8.280573002872770871e-02 -3.159512549151077820e-01 0.000000000000000000e+00 1.350999999999999943e+02
2.663009523697650316e+00 3.126250331085432155e+00 0.000000000000000000e+00 8.177862694017434819e-02 -3.115900405252958194e-01 0.000000000000000000e+00 1.352000000000000171e+02
2.670761107085879882e+00 3.096901364859868444e+00 0.000000000000000000e+00 7.751583388229565941e-02 -2.934896622556371071e-01 0.000000000000000000e+00 1.353000000000000114e+02
2.678512690474109448e+00 3.067552398634305177e+00 0.000000000000000000e+00 7.751583388229565941e-02 -2.934896622556326662e-01 0.000000000000000000e+00 1.354000000000000057e+02
2.686264273862339458e+00 3.038203432408741467e+00 0.000000000000000000e+00 7.751583388230010030e-02 -2.934896622556371071e-01 0.000000000000000000e+00 1.355000000000000000e+02
2.694015857250569024e+00 3.008854466183178200e+00 0.000000000000000000e+00 7.751583388229565941e-02 -2.934896622556326662e-01 0.000000000000000000e+00 1.355999999999999943e+02
2.701767440638798590e+00 2.979505499957614489e+00 0.000000000000000000e+00 7.751583388229565941e-02 -2.934896622556371071e-01 0.000000000000000000e+00 1.357000000000000171e+02
2.709519024027028156e+00 2.950156533732050779e+00 0.000000000000000000e+00 7.751583388229565941e-02 -2.934896622556371071e-01 0.000000000000000000e+00 1.358000000000000114e+02
2.717226269777157199e+00 2.921051273323515218e+00 0.000000000000000000e+00 7.707245750129043671e-02 -2.910526040853556040e-01 0.000000000000000000e+00 1.359000000000000057e+02
2.724472865702714852e+00 2.894478016121947661e+00 0.000000000000000000e+00 7.246595925557652862e-02 -2.657325720156755722e-01 0.000000000000000000e+00 1.360000000000000000e+02
2.731719461628272505e+00 2.867904758920380104e+00 0.000000000000000000e+00 7.246595925557652862e-02 -2.657325720156755722e-01 0.000000000000000000e+00 1.360999999999999943e+02
2.738966057553830602e+00 2.841331501718812103e+00 0.000000000000000000e+00 7.246595925558096951e-02 -2.657325720156800131e-01 0.000000000000000000e+00 1.362000000000000171e+02
2.746212653479388255e+00 2.814758244517244545e+00 0.000000000000000000e+00 7.246595925557652862e-02 -2.657325720156755722e-01 0.000000000000000000e+00 1.363000000000000114e+02
2.753459249404945908e+00 2.788184987315676988e+00 0.000000000000000000e+00 7.246595925557652862e-02 -2.657325720156755722e-01 0.000000000000000000e+00 1.364000000000000057e+02
2.760705845330504005e+00 2.761611730114108987e+00 0.000000000000000000e+00 7.246595925558096951e-02 -2.657325720156800131e-01 0.000000000000000000e+00 1.365000000000000000e+02
2.768274893255628921e+00 2.734843669067923422e+00 0.000000000000000000e+00 7.569047925124916532e-02 -2.676806104618556503e-01 0.000000000000000000e+00 1.365999999999999943e+02
2.776025074353084765e+00 2.707966179522595773e+00 0.000000000000000000e+00 7.750181097455843826e-02 -2.687748954532764856e-01 0.000000000000000000e+00 1.367000000000000171e+02
2.783775255450540609e+00 2.681088689977268125e+00 0.000000000000000000e+00 7.750181097455843826e-02 -2.687748954532764856e-01 0.000000000000000000e+00 1.368000000000000114e+02
2.791525436547996453e+00 2.654211200431940476e+00 0.000000000000000000e+00 7.750181097455843826e-02 -2.687748954532764856e-01 0.000000000000000000e+00 1.369000000000000057e+02
2.799275617645452297e+00 2.627333710886612828e+00 0.000000000000000000e+00 7.750181097455843826e-02 -2.687748954532764856e-01 0.000000000000000000e+00 1.370000000000000000e+02
2.807025798742908140e+00 2.600456221341285179e+00 0.000000000000000000e+00 7.750181097455843826e-02 -2.687748954532764856e-01 0.000000000000000000e+00 1.370999999999999943e+02
2.815031840375325611e+00 2.573253428129737674e+00 0.000000000000000000e+00 8.006041632417471021e-02 -2.720279321154750463e-01 0.000000000000000000e+00 1.372000000000000171e+02
2.825186592290695131e+00 2.543318742980286373e+00 0.000000000000000000e+00 1.015475191536951982e-01 -2.993468514945130110e-01 0.000000000000000000e+00 1.373000000000000114e+02
2.835341344206065095e+00 2.513384057830835516e+00 0.000000000000000000e+00 1.015475191536996391e-01 -2.993468514945085701e-01 0.000000000000000000e+00 1.374000000000000057e+02
2.845496096121435059e+00 2.483449372681384659e+00 0.000000000000000000e+00 1.015475191536996391e-01 -2.993468514945085701e-01 0.000000000000000000e+00 1.375000000000000000e+02
2.855650848036805023e+00 2.453514687531933358e+00 0.000000000000000000e+00 1.015475191536996391e-01 -2.993468514945130110e-01 0.000000000000000000e+00 1.375999999999999943e+02
2.865805599952174987e+00 2.423580002382482057e+00 0.000000000000000000e+00 1.015475191536996391e-01 -2.993468514945130110e-01 0.000000000000000000e+00 1.377000000000000171e+02
2.875960351867544507e+00 2.393645317233031200e+00 0.000000000000000000e+00 1.015475191536951982e-01 -2.993468514945085701e-01 0.000000000000000000e+00 1.378000000000000114e+02
2.886115103782914471e+00 2.363710632083580343e+00 0.000000000000000000e+00 1.015475191536996391e-01 -2.993468514945085701e-01 0.000000000000000000e+00 1.379000000000000057e+02
2.901112298233505360e+00 2.336088438228052233e+00 0.000000000000000000e+00 1.499719445059088940e-01 -2.762219385552810991e-01 0.000000000000000000e+00 1.380000000000000000e+02
2.919129830206279141e+00 2.309908595866415393e+00 0.000000000000000000e+00 1.801753197277378149e-01 -2.617984236163684031e-01 0.000000000000000000e+00 1.380999999999999943e+02
2.937147362179052923e+00 2.283728753504778552e+00 0.000000000000000000e+00 1.801753197277378149e-01 -2.617984236163684031e-01 0.000000000000000000e+00 1.382000000000000171e+02
2.955164894151826704e+00 2.257548911143141712e+00 0.000000000000000000e+00 1.801753197277378149e-01 -2.617984236163684031e-01 0.000000000000000000e+00 1.383000000000000114e+02
2.973182426124600930e+00 2.231369068781504872e+00 0.000000000000000000e+00 1.801753197277422558e-01 -2.617984236163684031e-01 0.000000000000000000e+00 1.384000000000000057e+02
2.991199958097374711e+00 2.205189226419868476e+00 0.000000000000000000e+00 1.801753197277378149e-01 -2.617984236163639622e-01 0.000000000000000000e+00 1.385000000000000000e+02
3.009217490070148493e+00 2.179009384058231635e+00 0.000000000000000000e+00 1.801753197277378149e-01 -2.617984236163684031e-01 0.000000000000000000e+00 1.385999999999999943e+02
3.027422808279940813e+00 2.152764308600167098e+00 0.000000000000000000e+00 1.820531820979232052e-01 -2.624507545806453734e-01 0.000000000000000000e+00 1.387000000000000171e+02
3.046449493040844114e+00 2.126233907208310292e+00 0.000000000000000000e+00 1.902668476090330074e-01 -2.653040139185680601e-01 0.000000000000000000e+00 1.388000000000000114e+02
3.065476177801746971e+00 2.099703505816453042e+00 0.000000000000000000e+00 1.902668476090285665e-01 -2.653040139185725010e-01 0.000000000000000000e+00 1.389000000000000057e+02
3.084502862562650272e+00 2.073173104424596236e+00 0.000000000000000000e+00 1.902668476090330074e-01 -2.653040139185680601e-01 0.000000000000000000e+00 1.390000000000000000e+02
3.103529547323553128e+00 2.046642703032738986e+00 0.000000000000000000e+00 1.902668476090285665e-01 -2.653040139185725010e-01 0.000000000000000000e+00 1.390999999999999943e+02
3.122556232084456429e+00 2.020112301640881736e+00 0.000000000000000000e+00 1.902668476090330074e-01 -2.653040139185725010e-01 0.000000000000000000e+00 1.392000000000000171e+02
3.141582916845359730e+00 1.993581900249024930e+00 0.000000000000000000e+00 1.902668476090330074e-01 -2.653040139185680601e-01 0.000000000000000000e+00 1.393000000000000114e+02
3.160609601606262586e+00 1.967051498857167680e+00 0.000000000000000000e+00 1.902668476090285665e-01 -2.653040139185725010e-01 0.000000000000000000e+00 1.394000000000000057e+02
3.179761120985316936e+00 1.940406113413975175e+00 0.000000000000000000e+00 1.915151937905434920e-01 -2.664538544319250413e-01 0.000000000000000000e+00 1.395000000000000000e+02
3.199007750842848274e+00 1.913673122558904982e+00 0.000000000000000000e+00 1.924662985753133881e-01 -2.673299085507019335e-01 0.000000000000000000e+00 1.395999999999999943e+02
3.218254380700379613e+00 1.886940131703834789e+00 0.000000000000000000e+00 1.924662985753133881e-01 -2.673299085507019335e-01 0.000000000000000000e+00 1.397000000000000171e+02
3.237501010557910952e+00 1.860207140848764373e+00 0.000000000000000000e+00 1.924662985753133881e-01 -2.673299085507041539e-01 0.000000000000000000e+00 1.398000000000000114e+02
3.256747640415441847e+00 1.833474149993694180e+00 0.000000000000000000e+00 1.924662985753089472e-01 -2.673299085507019335e-01 0.000000000000000000e+00 1.399000000000000057e+02
3.275994270272973186e+00 1.806741159138623765e+00 0.000000000000000000e+00 1.924662985753133881e-01 -2.673299085507041539e-01 0.000000000000000000e+00 1.400000000000000000e+02
3.295240900130504524e+00 1.780008168283553571e+00 0.000000000000000000e+00 1.924662985753133881e-01 -2.673299085507019335e-01 0.000000000000000000e+00 1.400999999999999943e+02
3.314487529988035863e+00 1.753275177428483378e+00 0.000000000000000000e+00 1.924662985753133881e-01 -2.673299085507019335e-01 0.000000000000000000e+00 1.402000000000000171e+02
3.332101846495291397e+00 1.728285193980754642e+00 0.000000000000000000e+00 1.761431650725553411e-01 -2.498998344772873637e-01 0.000000000000000000e+00 1.403000000000000114e+02
3.349525785175222925e+00 1.703498498684264728e+00 0.000000000000000000e+00 1.742393867993152767e-01 -2.478669529648991343e-01 0.000000000000000000e+00 1.404000000000000057e+02
3.366949723855154453e+00 1.678711803387774593e+00 0.000000000000000000e+00 1.742393867993152767e-01 -2.478669529649013548e-01 0.000000000000000000e+00 1.405000000000000000e+02
3.384373662535085980e+00 1.653925108091284457e+00 0.000000000000000000e+00 1.742393867993152767e-01 -2.478669529649013548e-01 0.000000000000000000e+00 1.405999999999999943e+02
3.401797601215017064e+00 1.629138412794794544e+00 0.000000000000000000e+00 1.742393867993108358e-01 -2.478669529648991343e-01 0.000000000000000000e+00 1.407000000000000171e+02
3.419221539894948592e+00 1.604351717498304408e+00 0.000000000000000000e+00 1.742393867993152767e-01 -2.478669529649013548e-01 0.000000000000000000e+00 1.408000000000000114e+02
3.436645478574880119e+00 1.579565022201814273e+00 0.000000000000000000e+00 1.742393867993152767e-01 -2.478669529649013548e-01 0.000000000000000000e+00 1.409000000000000057e+02
3.450386085876738562e+00 1.555530396929249548e+00 0.000000000000000000e+00 1.374060730185844292e-01 -2.403462527256472470e-01 0.000000000000000000e+00 1.410000000000000000e+02
3.460849186963433688e+00 1.532164979480972855e+00 0.000000000000000000e+00 1.046310108669512573e-01 -2.336541744827669298e-01 0.000000000000000000e+00 1.410999999999999943e+02
3.471312288050128370e+00 1.508799562032696384e+00 0.000000000000000000e+00 1.046310108669468164e-01 -2.336541744827647094e-01 0.000000000000000000e+00 1.412000000000000171e+02
3.481775389136823495e+00 1.485434144584419913e+00 0.000000000000000000e+00 1.046310108669512573e-01 -2.336541744827647094e-01 0.000000000000000000e+00 1.413000000000000114e+02
3.492238490223518621e+00 1.462068727136143442e+00 0.000000000000000000e+00 1.046310108669512573e-01 -2.336541744827647094e-01 0.000000000000000000e+00 1.414000000000000057e+02
3.502701591310213747e+00 1.438703309687866749e+00 0.000000000000000000e+00 1.046310108669512573e-01 -2.336541744827669298e-01 0.000000000000000000e+00 1.415000000000000000e+02
3.511759819589635345e+00 1.417075773602469280e+00 0.000000000000000000e+00 9.058228279421598472e-02 -2.162753608539746963e-01 0.000000000000000000e+00 1.415999999999999943e+02
3.520316473154212922e+00 1.396068704611676869e+00 0.000000000000000000e+00 8.556653564577576532e-02 -2.100706899079241019e-01 0.000000000000000000e+00 1.417000000000000171e+02
3.528873126718790498e+00 1.375061635620884459e+00 0.000000000000000000e+00 8.556653564577576532e-02 -2.100706899079241019e-01 0.000000000000000000e+00 1.418000000000000114e+02
3.537429780283368519e+00 1.354054566630092271e+00 0.000000000000000000e+00 8.556653564578020621e-02 -2.100706899079218815e-01 0.000000000000000000e+00 1.419000000000000057e+02
3.545986433847946095e+00 1.333047497639299861e+00 0.000000000000000000e+00 8.556653564577576532e-02 -2.100706899079241019e-01 0.000000000000000000e+00 1.420000000000000000e+02
3.554526524827947842e+00 1.311906049162225418e+00 0.000000000000000000e+00 8.540090980001746601e-02 -2.114144847707444264e-01 0.000000000000000000e+00 1.420999999999999943e+02
3.563034611992561107e+00 1.290504939745693580e+00 0.000000000000000000e+00 8.508087164613264974e-02 -2.140110941653183829e-01 0.000000000000000000e+00 1.422000000000000171e+02
3.571542699157174816e+00 1.269103830329161964e+00 0.000000000000000000e+00 8.508087164613709064e-02 -2.140110941653161625e-01 0.000000000000000000e+00 1.423000000000000114e+02
3.580050786321788525e+00 1.247702720912630348e+00 0.000000000000000000e+00 8.508087164613709064e-02 -2.140110941653161625e-01 0.000000000000000000e+00 1.424000000000000057e+02
3.588558873486402234e+00 1.226301611496098731e+00 0.000000000000000000e+00 8.508087164613709064e-02 -2.140110941653161625e-01 0.000000000000000000e+00 1.425000000000000000e+02
3.597066960651015499e+00 1.204900502079567115e+00 0.000000000000000000e+00 8.508087164613264974e-02 -2.140110941653161625e-01 0.000000000000000000e+00 1.425999999999999943e+02
3.606058361139167001e+00 1.181232309682769266e+00 0.000000000000000000e+00 8.991400488151501946e-02 -2.366819239679784914e-01 0.000000000000000000e+00 1.427000000000000171e+02
3.615125130067878167e+00 1.157210585735069852e+00 0.000000000000000000e+00 9.066768928711166353e-02 -2.402172394769941377e-01 0.000000000000000000e+00 1.428000000000000114e+02
3.624191898996589334e+00 1.133188861787370216e+00 0.000000000000000000e+00 9.066768928711166353e-02 -2.402172394769963581e-01 0.000000000000000000e+00 1.429000000000000057e+02
3.633258667925300500e+00 1.109167137839670803e+00 0.000000000000000000e+00 9.066768928711166353e-02 -2.402172394769941377e-01 0.000000000000000000e+00 1.430000000000000000e+02
3.642325436854011667e+00 1.085145413891971167e+00 0.000000000000000000e+00 9.066768928711166353e-02 -2.402172394769963581e-01 0.000000000000000000e+00 1.430999999999999943e+02
3.651392205782722833e+00 1.061123689944271753e+00 0.000000000000000000e+00 9.066768928711166353e-02 -2.402172394769941377e-01 0.000000000000000000e+00 1.432000000000000171e+02
3.656551142101437613e+00 1.031754303655119775e+00 0.000000000000000000e+00 5.158936318714779645e-02 -2.936938628915197746e-01 0.000000000000000000e+00 1.433000000000000114e+02
3.661543044639591127e+00 1.002156340467414752e+00 0.000000000000000000e+00 4.991902538153514257e-02 -2.959796318770502310e-01 0.000000000000000000e+00 1.434000000000000057e+02
3.666534947177744641e+00 9.725583772797096183e-01 0.000000000000000000e+00 4.991902538153514257e-02 -2.959796318770513412e-01 0.000000000000000000e+00 1.435000000000000000e+02
3.671526849715897711e+00 9.429604140920044841e-01 0.000000000000000000e+00 4.991902538153070168e-02 -2.959796318770513412e-01 0.000000000000000000e+00 1.435999999999999943e+02
3.676518752254051225e+00 9.133624509042994610e-01 0.000000000000000000e+00 4.991902538153514257e-02 -2.959796318770502310e-01 0.000000000000000000e+00 1.437000000000000171e+02
3.681510654792204740e+00 8.837644877165943269e-01 0.000000000000000000e+00 4.991902538153514257e-02 -2.959796318770513412e-01 0.000000000000000000e+00 1.438000000000000114e+02
3.686502557330358254e+00 8.541665245288891928e-01 0.000000000000000000e+00 4.991902538153514257e-02 -2.959796318770513412e-01 0.000000000000000000e+00 1.439000000000000057e+02
3.691403023111655468e+00 8.227610198821101450e-01 0.000000000000000000e+00 4.900465781297214107e-02 -3.140550464677904774e-01 0.000000000000000000e+00 1.440000000000000000e+02
3.696272181702370041e+00 7.907366279640501983e-01 0.000000000000000000e+00 4.869158590714572910e-02 -3.202439191805994678e-01 0.000000000000000000e+00 1.440999999999999943e+02
3.701141340293084614e+00 7.587122360459903625e-01 0.000000000000000000e+00 4.869158590714572910e-02 -3.202439191805983576e-01 0.000000000000000000e+00 1.442000000000000171e+02
3.706010498883799187e+00 7.266878441279304157e-01 0.000000000000000000e+00 4.869158590714572910e-02 -3.202439191805994678e-01 0.000000000000000000e+00 1.443000000000000114e+02
3.710879657474513760e+00 6.946634522098704689e-01 0.000000000000000000e+00 4.869158590714572910e-02 -3.202439191805994678e-01 0.000000000000000000e+00 1.444000000000000057e+02
3.715748816065228333e+00 6.626390602918106332e-01 0.000000000000000000e+00 4.869158590714572910e-02 -3.202439191805983576e-01 0.000000000000000000e+00 1.445000000000000000e+02
3.720617974655942906e+00 6.306146683737507974e-01 0.000000000000000000e+00 4.869158590714572910e-02 -3.202439191805983576e-01 0.000000000000000000e+00 1.445999999999999943e+02
3.725518630518518393e+00 5.981158684744912746e-01 0.000000000000000000e+00 4.900655862575487021e-02 -3.249879989925952284e-01 0.000000000000000000e+00 1.447000000000000171e+02
3.730563531390056919e+00 5.634444682369402768e-01 0.000000000000000000e+00 5.044900871538526843e-02 -3.467140023755099776e-01 0.000000000000000000e+00 1.448000000000000114e+02
3.735608432261595446e+00 5.287730679993893901e-01 0.000000000000000000e+00 5.044900871538526843e-02 -3.467140023755088674e-01 0.000000000000000000e+00 1.449000000000000057e+02
3.740653333133133973e+00 4.941016677618384478e-01 0.000000000000000000e+00 5.044900871538526843e-02 -3.467140023755094225e-01 0.000000000000000000e+00 1.450000000000000000e+02
3.745698234004672500e+00 4.594302675242875056e-01 0.000000000000000000e+00 5.044900871538526843e-02 -3.467140023755094225e-01 0.000000000000000000e+00 1.450999999999999943e+02
3.750743134876211027e+00 4.247588672867366189e-01 0.000000000000000000e+00 5.044900871538526843e-02 -3.467140023755088674e-01 0.000000000000000000e+00 1.452000000000000171e+02
3.755788035747749554e+00 3.900874670491856211e-01 0.000000000000000000e+00 5.044900871538526843e-02 -3.467140023755099776e-01 0.000000000000000000e+00 1.453000000000000114e+02
3.760832936619288080e+00 3.554160668116347344e-01 0.000000000000000000e+00 5.044900871538526843e-02 -3.467140023755088674e-01 0.000000000000000000e+00 1.454000000000000057e+02
3.765877837490826607e+00 3.207446665740837921e-01 0.000000000000000000e+00 5.044900871538526843e-02 -3.467140023755094225e-01 0.000000000000000000e+00 1.455000000000000000e+02
3.770896564810251039e+00 2.862290638653579578e-01 0.000000000000000000e+00 5.018727319424431954e-02 -3.451560270872583436e-01 0.000000000000000000e+00 1.455999999999999943e+02
3.775914825047490098e+00 2.517162414537028603e-01 0.000000000000000000e+00 5.018260237239058341e-02 -3.451282241165509745e-01 0.000000000000000000e+00 1.457000000000000171e+02
3.780933085284729156e+00 2.172034190420478184e-01 0.000000000000000000e+00 5.018260237239058341e-02 -3.451282241165504194e-01 0.000000000000000000e+00 1.458000000000000114e+02
3.785951345521967770e+00 1.826905966303927487e-01 0.000000000000000000e+00 5.018260237238614252e-02 -3.451282241165506970e-01 0.000000000000000000e+00 1.459000000000000057e+02
3.790969605759206829e+00 1.481777742187376790e-01 0.000000000000000000e+00 5.018260237239058341e-02 -3.451282241165506970e-01 0.000000000000000000e+00 1.460000000000000000e+02
3.795987865996445443e+00 1.136649518070826093e-01 0.000000000000000000e+00 5.018260237238614252e-02 -3.451282241165506970e-01 0.000000000000000000e+00 1.460999999999999943e+02
3.801006126233684501e+00 7.915212939542753956e-02 0.000000000000000000e+00 5.018260237239058341e-02 -3.451282241165506970e-01 0.000000000000000000e+00 1.462000000000000171e+02
3.806024386470923115e+00 4.463930698377244211e-02 0.000000000000000000e+00 5.018260237238614252e-02 -3.451282241165509745e-01 0.000000000000000000e+00 1.463000000000000114e+02
3.810761126328710890e+00 1.240354155358582358e-02 0.000000000000000000e+00 4.736739857787775065e-02 -3.223576543018661922e-01 0.000000000000000000e+00 1.464000000000000057e+02
3.815433348121868296e+00 -1.931037423366342709e-02 0.000000000000000000e+00 4.672221793157405045e-02 -3.171391578724924720e-01 0.000000000000000000e+00 1.465000000000000000e+02
3.820105569915025701e+00 -5.102429002091266735e-02 0.000000000000000000e+00 4.672221793157405045e-02 -3.171391578724923610e-01 0.000000000000000000e+00 1.465999999999999943e+02
3.824777791708183106e+00 -8.273820580816193537e-02 0.000000000000000000e+00 4.672221793157405045e-02 -3.171391578724926386e-01 0.000000000000000000e+00 1.467000000000000171e+02
3.829450013501340955e+00 -1.144521215954111826e-01 0.000000000000000000e+00 4.672221793157849135e-02 -3.171391578724924720e-01 0.000000000000000000e+00 1.468000000000000114e+02
3.834122235294498360e+00 -1.461660373826604298e-01 0.000000000000000000e+00 4.672221793157405045e-02 -3.171391578724924720e-01 0.000000000000000000e+00 1.469000000000000057e+02
3.838794457087655765e+00 -1.778799531699096770e-01 0.000000000000000000e+00 4.672221793157405045e-02 -3.171391578724924720e-01 0.000000000000000000e+00 1.470000000000000000e+02
3.843491644748386893e+00 -2.095115884418376484e-01 0.000000000000000000e+00 4.697187660731128034e-02 -3.163163527192797142e-01 0.000000000000000000e+00 1.470999999999999943e+02
3.848247772022237889e+00 -2.409489752372767080e-01 0.000000000000000000e+00 4.756127273850996318e-02 -3.143738679543905956e-01 0.000000000000000000e+00 1.472000000000000171e+02
3.853003899296088886e+00 -2.723863620327157675e-01 0.000000000000000000e+00 4.756127273850996318e-02 -3.143738679543905956e-01 0.000000000000000000e+00 1.473000000000000114e+02
3.857760026569939882e+00 -3.038237488281548271e-01 0.000000000000000000e+00 4.756127273850996318e-02 -3.143738679543905956e-01 0.000000000000000000e+00 1.474000000000000057e+02
3.862516153843790878e+00 -3.352611356235938866e-01 0.000000000000000000e+00 4.756127273850996318e-02 -3.143738679543905956e-01 0.000000000000000000e+00 1.475000000000000000e+02
3.867272281117642319e+00 -3.666985224190329462e-01 0.000000000000000000e+00 4.756127273851440407e-02 -3.143738679543905956e-01 0.000000000000000000e+00 1.475999999999999943e+02
3.872028408391493315e+00 -3.981359092144720058e-01 0.000000000000000000e+00 4.756127273850996318e-02 -3.143738679543905956e-01 0.000000000000000000e+00 1.477000000000000171e+02
3.876784535665344311e+00 -4.295732960099110653e-01 0.000000000000000000e+00 4.756127273850996318e-02 -3.143738679543905956e-01 0.000000000000000000e+00 1.478000000000000114e+02
3.881078883766247767e+00 -4.583084867393690809e-01 0.000000000000000000e+00 4.294348100903455645e-02 -2.873519072945801556e-01 0.000000000000000000e+00 1.479000000000000057e+02
3.885281560547966251e+00 -4.865072438386925380e-01 0.000000000000000000e+00 4.202676781718484023e-02 -2.819875709932345709e-01 0.000000000000000000e+00 1.480000000000000000e+02
3.889484237329684735e+00 -5.147060009380159951e-01 0.000000000000000000e+00 4.202676781718484023e-02 -2.819875709932345709e-01 0.000000000000000000e+00 1.480999999999999943e+02
3.893686914111402775e+00 -5.429047580373393966e-01 0.000000000000000000e+00 4.202676781718039933e-02 -2.819875709932340158e-01 0.000000000000000000e+00 1.482000000000000171e+02
3.897889590893121259e+00 -5.711035151366627982e-01 0.000000000000000000e+00 4.202676781718484023e-02 -2.819875709932340158e-01 0.000000000000000000e+00 1.483000000000000114e+02
3.902092267674839743e+00 -5.993022722359863108e-01 0.000000000000000000e+00 4.202676781718484023e-02 -2.819875709932351260e-01 0.000000000000000000e+00 1.484000000000000057e+02
3.906251861644487455e+00 -6.275660532115842072e-01 0.000000000000000000e+00 4.159593969647712441e-02 -2.826378097559789637e-01 0.000000000000000000e+00 1.485000000000000000e+02
3.910127146158962397e+00 -6.562589357696498871e-01 0.000000000000000000e+00 3.875284514474941489e-02 -2.869288255806567989e-01 0.000000000000000000e+00 1.485999999999999943e+02
3.914002430673437782e+00 -6.849518183277156780e-01 0.000000000000000000e+00 3.875284514475385578e-02 -2.869288255806579091e-01 0.000000000000000000e+00 1.487000000000000171e+02
3.917877715187913168e+00 -7.136447008857813579e-01 0.000000000000000000e+00 3.875284514475385578e-02 -2.869288255806567989e-01 0.000000000000000000e+00 1.488000000000000114e+02
3.921752999702388554e+00 -7.423375834438470378e-01 0.000000000000000000e+00 3.875284514475385578e-02 -2.869288255806567989e-01 0.000000000000000000e+00 1.489000000000000057e+02
3.925628284216863939e+00 -7.710304660019127176e-01 0.000000000000000000e+00 3.875284514475385578e-02 -2.869288255806567989e-01 0.000000000000000000e+00 1.490000000000000000e+02
3.929503568731339325e+00 -7.997233485599783975e-01 0.000000000000000000e+00 3.875284514475385578e-02 -2.869288255806567989e-01 0.000000000000000000e+00 1.490999999999999943e+02
3.933812879698885823e+00 -8.309076384965505824e-01 0.000000000000000000e+00 4.309310967546498006e-02 -3.118428993657218484e-01 0.000000000000000000e+00 1.492000000000000171e+02
3.938547834828467042e+00 -8.645352196159714619e-01 0.000000000000000000e+00 4.734955129581219779e-02 -3.362758111942087957e-01 0.000000000000000000e+00 1.493000000000000114e+02
3.943282789958048706e+00 -8.981628007353923415e-01 0.000000000000000000e+00 4.734955129581663869e-02 -3.362758111942087957e-01 0.000000000000000000e+00 1.494000000000000057e+02
3.948017745087629926e+00 -9.317903818548132211e-01 0.000000000000000000e+00 4.734955129581219779e-02 -3.362758111942087957e-01 0.000000000000000000e+00 1.495000000000000000e+02
3.952752700217211146e+00 -9.654179629742341007e-01 0.000000000000000000e+00 4.734955129581219779e-02 -3.362758111942087957e-01 0.000000000000000000e+00 1.495999999999999943e+02
3.957487655346792366e+00 -9.990455440936549802e-01 0.000000000000000000e+00 4.734955129581219779e-02 -3.362758111942087957e-01 0.000000000000000000e+00 1.497000000000000171e+02
3.962222610476374030e+00 -1.032673125213075860e+00 0.000000000000000000e+00 4.734955129581663869e-02 -3.362758111942087957e-01 0.000000000000000000e+00 1.498000000000000114e+02
3.966957565605955249e+00 -1.066300706332496739e+00 0.000000000000000000e+00 4.734955129581219779e-02 -3.362758111942087957e-01 0.000000000000000000e+00 1.499000000000000057e+02
3.971725337284771840e+00 -1.098574303502147131e+00 0.000000000000000000e+00 4.767771678816590253e-02 -3.227359716965039205e-01 0.000000000000000000e+00 1.500000000000000000e+02
3.976548774939887565e+00 -1.128551168071533883e+00 0.000000000000000000e+00 4.823437655115725420e-02 -2.997686456938675192e-01 0.000000000000000000e+00 1.500999999999999943e+02
3.981372212595002846e+00 -1.158528032640920857e+00 0.000000000000000000e+00 4.823437655115281331e-02 -2.997686456938697397e-01 0.000000000000000000e+00 1.502000000000000171e+02
3.986195650250118572e+00 -1.188504897210307831e+00 0.000000000000000000e+00 4.823437655115725420e-02 -2.997686456938697397e-01 0.000000000000000000e+00 1.503000000000000114e+02
3.991019087905233853e+00 -1.218481761779694583e+00 0.000000000000000000e+00 4.823437655115281331e-02 -2.997686456938675192e-01 0.000000000000000000e+00 1.504000000000000057e+02
3.995842525560349134e+00 -1.248458626349081557e+00 0.000000000000000000e+00 4.823437655115281331e-02 -2.997686456938697397e-01 0.000000000000000000e+00 1.505000000000000000e+02
4.000665963215464416e+00 -1.278435490918468531e+00 0.000000000000000000e+00 4.823437655115281331e-02 -2.997686456938697397e-01 0.000000000000000000e+00 1.505999999999999943e+02
4.005499424656240315e+00 -1.308076731710527074e+00 0.000000000000000000e+00 4.833461440775899121e-02 -2.964124079205854301e-01 0.000000000000000000e+00 1.507000000000000171e+02
4.010360645999019980e+00 -1.336788495009291644e+00 0.000000000000000000e+00 4.861221342779664667e-02 -2.871176329876456990e-01 0.000000000000000000e+00 1.508000000000000114e+02
4.015221867341799644e+00 -1.365500258308056214e+00 0.000000000000000000e+00 4.861221342779664667e-02 -2.871176329876456990e-01 0.000000000000000000e+00 1.509000000000000057e+02
4.020083088684579309e+00 -1.394212021606820784e+00 0.000000000000000000e+00 4.861221342779664667e-02 -2.871176329876456990e-01 0.000000000000000000e+00 1.510000000000000000e+02
4.024944310027358974e+00 -1.422923784905585354e+00 0.000000000000000000e+00 4.861221342779664667e-02 -2.871176329876456990e-01 0.000000000000000000e+00 1.510999999999999943e+02
4.029805531370138638e+00 -1.451635548204349924e+00 0.000000000000000000e+00 4.861221342779664667e-02 -2.871176329876456990e-01 0.000000000000000000e+00 1.512000000000000171e+02
4.034666752712918303e+00 -1.480347311503114494e+00 0.000000000000000000e+00 4.861221342779664667e-02 -2.871176329876456990e-01 0.000000000000000000e+00 1.513000000000000114e+02
4.039571664045637611e+00 -1.508969863469843853e+00 0.000000000000000000e+00 4.904911332719308348e-02 -2.862255196672935931e-01 0.000000000000000000e+00 1.514000000000000057e+02
4.044534184137763333e+00 -1.537474783132916523e+00 0.000000000000000000e+00 4.962520092125721760e-02 -2.850491966307266978e-01 0.000000000000000000e+00 1.515000000000000000e+02
4.049496704229888167e+00 -1.565979702795988970e+00 0.000000000000000000e+00 4.962520092124833582e-02 -2.850491966307244773e-01 0.000000000000000000e+00 1.515999999999999943e+02
4.054459224322013888e+00 -1.594484622459061418e+00 0.000000000000000000e+00 4.962520092125721760e-02 -2.850491966307244773e-01 0.000000000000000000e+00 1.517000000000000171e+02
4.059421744414138722e+00 -1.622989542122133866e+00 0.000000000000000000e+00 4.962520092124833582e-02 -2.850491966307244773e-01 0.000000000000000000e+00 1.518000000000000114e+02
4.064384264506263555e+00 -1.651494461785206314e+00 0.000000000000000000e+00 4.962520092124833582e-02 -2.850491966307244773e-01 0.000000000000000000e+00 1.519000000000000057e+02
4.069346784598389277e+00 -1.679999381448278761e+00 0.000000000000000000e+00 4.962520092125721760e-02 -2.850491966307244773e-01 0.000000000000000000e+00 1.520000000000000000e+02
4.074161935177915694e+00 -1.707166535073413760e+00 0.000000000000000000e+00 4.815150579526417118e-02 -2.716715362513499876e-01 0.000000000000000000e+00 1.520999999999999943e+02
4.078885985899174393e+00 -1.733506717812216547e+00 0.000000000000000000e+00 4.724050721258699070e-02 -2.634018273880278649e-01 0.000000000000000000e+00 1.522000000000000171e+02
4.083610036620432204e+00 -1.759846900551019333e+00 0.000000000000000000e+00 4.724050721257810892e-02 -2.634018273880278649e-01 0.000000000000000000e+00 1.523000000000000114e+02
4.088334087341690903e+00 -1.786187083289822120e+00 0.000000000000000000e+00 4.724050721258699070e-02 -2.634018273880278649e-01 0.000000000000000000e+00 1.524000000000000057e+02
4.093058138062949602e+00 -1.812527266028624906e+00 0.000000000000000000e+00 4.724050721258699070e-02 -2.634018273880278649e-01 0.000000000000000000e+00 1.525000000000000000e+02
4.097782188784208302e+00 -1.838867448767427693e+00 0.000000000000000000e+00 4.724050721258699070e-02 -2.634018273880278649e-01 0.000000000000000000e+00 1.525999999999999943e+02
4.103108057111574780e+00 -1.866646136614513285e+00 0.000000000000000000e+00 5.325868327366478638e-02 -2.777868784708559247e-01 0.000000000000000000e+00 1.527000000000000171e+02
4.109344796693119584e+00 -1.896602050482945501e+00 0.000000000000000000e+00 6.236739581544803457e-02 -2.995591386843221571e-01 0.000000000000000000e+00 1.528000000000000114e+02
4.115581536274663499e+00 -1.926557964351377716e+00 0.000000000000000000e+00 6.236739581543915278e-02 -2.995591386843221571e-01 0.000000000000000000e+00 1.529000000000000057e+02
4.121818275856208302e+00 -1.956513878219809932e+00 0.000000000000000000e+00 6.236739581544803457e-02 -2.995591386843221571e-01 0.000000000000000000e+00 1.530000000000000000e+02
4.128055015437752218e+00 -1.986469792088242148e+00 0.000000000000000000e+00 6.236739581543915278e-02 -2.995591386843221571e-01 0.000000000000000000e+00 1.530999999999999943e+02
4.134291755019297021e+00 -2.016425705956674364e+00 0.000000000000000000e+00 6.236739581544803457e-02 -2.995591386843221571e-01 0.000000000000000000e+00 1.532000000000000171e+02
4.140528494600840936e+00 -2.046381619825106579e+00 0.000000000000000000e+00 6.236739581543915278e-02 -2.995591386843221571e-01 0.000000000000000000e+00 1.533000000000000114e+02
4.150295853908926524e+00 -2.080617403376658903e+00 0.000000000000000000e+00 9.767359308085588054e-02 -3.423578355155232344e-01 0.000000000000000000e+00 1.534000000000000057e+02
4.162436337213352822e+00 -2.117729923091517641e+00 0.000000000000000000e+00 1.214048330442629720e-01 -3.711251971485873824e-01 0.000000000000000000e+00 1.535000000000000000e+02
4.174576820517778231e+00 -2.154842442806376379e+00 0.000000000000000000e+00 1.214048330442540902e-01 -3.711251971485873824e-01 0.000000000000000000e+00 1.536000000000000227e+02
4.186717303822204528e+00 -2.191954962521234673e+00 0.000000000000000000e+00 1.214048330442629720e-01 -3.711251971485829415e-01 0.000000000000000000e+00 1.537000000000000171e+02
4.198857787126629937e+00 -2.229067482236093412e+00 0.000000000000000000e+00 1.214048330442540902e-01 -3.711251971485873824e-01 0.000000000000000000e+00 1.538000000000000114e+02
4.210998270431056234e+00 -2.266180001950952150e+00 0.000000000000000000e+00 1.214048330442629720e-01 -3.711251971485873824e-01 0.000000000000000000e+00 1.539000000000000057e+02
4.223138753735482531e+00 -2.303292521665810888e+00 0.000000000000000000e+00 1.214048330442629720e-01 -3.711251971485873824e-01 0.000000000000000000e+00 1.540000000000000000e+02
4.235279237039907940e+00 -2.340405041380669182e+00 0.000000000000000000e+00 1.214048330442540902e-01 -3.711251971485829415e-01 0.000000000000000000e+00 1.541000000000000227e+02
4.247419720344334237e+00 -2.377517561095527920e+00 0.000000000000000000e+00 1.214048330442629720e-01 -3.711251971485873824e-01 0.000000000000000000e+00 1.542000000000000171e+02
4.259481745446290546e+00 -2.414590902070598677e+00 0.000000000000000000e+00 1.206202510195630850e-01 -3.707334097507075654e-01 0.000000000000000000e+00 1.543000000000000114e+02
4.265904260425754657e+00 -2.448848107923170314e+00 0.000000000000000000e+00 6.422514979464111207e-02 -3.425720585257163719e-01 0.000000000000000000e+00 1.544000000000000057e+02
4.272326775405218768e+00 -2.483105313775741507e+00 0.000000000000000000e+00 6.422514979464111207e-02 -3.425720585257119311e-01 0.000000000000000000e+00 1.545000000000000000e+02
4.278749290384683768e+00 -2.517362519628313144e+00 0.000000000000000000e+00 6.422514979464999385e-02 -3.425720585257163719e-01 0.000000000000000000e+00 1.546000000000000227e+02
4.285171805364147879e+00 -2.551619725480884782e+00 0.000000000000000000e+00 6.422514979464111207e-02 -3.425720585257163719e-01 0.000000000000000000e+00 1.547000000000000171e+02
4.291594320343611990e+00 -2.585876931333456419e+00 0.000000000000000000e+00 6.422514979464111207e-02 -3.425720585257163719e-01 0.000000000000000000e+00 1.548000000000000114e+02
4.298016835323076101e+00 -2.620134137186027612e+00 0.000000000000000000e+00 6.422514979464111207e-02 -3.425720585257119311e-01 0.000000000000000000e+00 1.549000000000000057e+02
4.304439350302540213e+00 -2.654391343038599249e+00 0.000000000000000000e+00 6.422514979464111207e-02 -3.425720585257163719e-01 0.000000000000000000e+00 1.550000000000000000e+02
4.309283236294474406e+00 -2.689381299834941341e+00 0.000000000000000000e+00 4.843885991934193669e-02 -3.498995679634209210e-01 0.000000000000000000e+00 1.551000000000000227e+02
4.296504875466971463e+00 -2.732550960722808231e+00 0.000000000000000000e+00 -1.277836082750294366e-01 -4.316966088786688971e-01 0.000000000000000000e+00 1.552000000000000171e+02
4.283726514639469407e+00 -2.775720621610675121e+00 0.000000000000000000e+00 -1.277836082750205549e-01 -4.316966088786688971e-01 0.000000000000000000e+00 1.553000000000000114e+02
4.270948153811966463e+00 -2.818890282498542454e+00 0.000000000000000000e+00 -1.277836082750294366e-01 -4.316966088786733380e-01 0.000000000000000000e+00 1.554000000000000057e+02
4.258169792984464408e+00 -2.862059943386409344e+00 0.000000000000000000e+00 -1.277836082750205549e-01 -4.316966088786688971e-01 0.000000000000000000e+00 1.555000000000000000e+02
4.245391432156962352e+00 -2.905229604274276234e+00 0.000000000000000000e+00 -1.277836082750205549e-01 -4.316966088786688971e-01 0.000000000000000000e+00 1.556000000000000227e+02
4.232613071329459409e+00 -2.948399265162143124e+00 0.000000000000000000e+00 -1.277836082750294366e-01 -4.316966088786688971e-01 0.000000000000000000e+00 1.557000000000000171e+02
4.219834710501957353e+00 -2.991568926050010013e+00 0.000000000000000000e+00 -1.277836082750205549e-01 -4.316966088786688971e-01 0.000000000000000000e+00 1.558000000000000114e+02
4.207056349674454410e+00 -3.034738586937877347e+00 0.000000000000000000e+00 -1.277836082750294366e-01 -4.316966088786733380e-01 0.000000000000000000e+00 1.559000000000000057e+02
4.194277988846952354e+00 -3.077908247825744237e+00 0.000000000000000000e+00 -1.277836082750205549e-01 -4.316966088786688971e-01 0.000000000000000000e+00 1.560000000000000000e+02
4.181499628019450299e+00 -3.121077908713611127e+00 0.000000000000000000e+00 -1.277836082750205549e-01 -4.316966088786688971e-01 0.000000000000000000e+00 1.561000000000000227e+02
4.169027116350089379e+00 -3.165062768114359493e+00 0.000000000000000000e+00 -1.247251166936091948e-01 -4.398485940074836620e-01 0.000000000000000000e+00 1.562000000000000171e+02
4.158451597853915160e+00 -3.214103799724714605e+00 0.000000000000000000e+00 -1.057551849617421880e-01 -4.904103161035511249e-01 0.000000000000000000e+00 1.563000000000000114e+02
4.147876079357740942e+00 -3.263144831335069718e+00 0.000000000000000000e+00 -1.057551849617421880e-01 -4.904103161035511249e-01 0.000000000000000000e+00 1.564000000000000057e+02
4.137300560861566723e+00 -3.312185862945424386e+00 0.000000000000000000e+00 -1.057551849617421880e-01 -4.904103161035466840e-01 0.000000000000000000e+00 1.565000000000000000e+02
4.126725042365392504e+00 -3.361226894555779499e+00 0.000000000000000000e+00 -1.057551849617421880e-01 -4.904103161035511249e-01 0.000000000000000000e+00 1.566000000000000227e+02
4.116149523869218285e+00 -3.410267926166134167e+00 0.000000000000000000e+00 -1.057551849617421880e-01 -4.904103161035466840e-01 0.000000000000000000e+00 1.567000000000000171e+02
4.105574005373044066e+00 -3.459308957776489279e+00 0.000000000000000000e+00 -1.057551849617421880e-01 -4.904103161035511249e-01 0.000000000000000000e+00 1.568000000000000114e+02
4.094998486876869848e+00 -3.508349989386844392e+00 0.000000000000000000e+00 -1.057551849617421880e-01 -4.904103161035511249e-01 0.000000000000000000e+00 1.569000000000000057e+02
4.084422968380696517e+00 -3.557391020997199060e+00 0.000000000000000000e+00 -1.057551849617333062e-01 -4.904103161035466840e-01 0.000000000000000000e+00 1.570000000000000000e+02
4.073847449884522298e+00 -3.606432052607554173e+00 0.000000000000000000e+00 -1.057551849617421880e-01 -4.904103161035511249e-01 0.000000000000000000e+00 1.571000000000000227e+02
4.063271931388348079e+00 -3.655473084217908841e+00 0.000000000000000000e+00 -1.057551849617421880e-01 -4.904103161035466840e-01 0.000000000000000000e+00 1.572000000000000171e+02
4.052696412892173861e+00 -3.704514115828263954e+00 0.000000000000000000e+00 -1.057551849617421880e-01 -4.904103161035511249e-01 0.000000000000000000e+00 1.573000000000000114e+02
4.042567224029689932e+00 -3.752437770447658583e+00 0.000000000000000000e+00 -1.012918886248392880e-01 -4.792365461939462890e-01 0.000000000000000000e+00 1.574000000000000057e+02
4.035912436409640591e+00 -3.791663333538696445e+00 0.000000000000000000e+00 -6.654787620049340546e-02 -3.922556309103786276e-01 0.000000000000000000e+00 1.575000000000000000e+02
4.029257648789591251e+00 -3.830888896629734308e+00 0.000000000000000000e+00 -6.654787620049340546e-02 -3.922556309103786276e-01 0.000000000000000000e+00 1.576000000000000227e+02
4.022602861169541910e+00 -3.870114459720772171e+00 0.000000000000000000e+00 -6.654787620049340546e-02 -3.922556309103786276e-01 0.000000000000000000e+00 1.577000000000000171e+02
4.015948073549492570e+00 -3.909340022811810478e+00 0.000000000000000000e+00 -6.654787620049340546e-02 -3.922556309103830685e-01 0.000000000000000000e+00 1.578000000000000114e+02
4.009293285929443229e+00 -3.948565585902848341e+00 0.000000000000000000e+00 -6.654787620049340546e-02 -3.922556309103786276e-01 0.000000000000000000e+00 1.579000000000000057e+02
4.002638498309393889e+00 -3.987791148993886203e+00 0.000000000000000000e+00 -6.654787620049340546e-02 -3.922556309103786276e-01 0.000000000000000000e+00 1.580000000000000000e+02
3.995983710689344548e+00 -4.027016712084924066e+00 0.000000000000000000e+00 -6.654787620049340546e-02 -3.922556309103786276e-01 0.000000000000000000e+00 1.581000000000000227e+02
3.989328923069295207e+00 -4.066242275175961929e+00 0.000000000000000000e+00 -6.654787620049340546e-02 -3.922556309103786276e-01 0.000000000000000000e+00 1.582000000000000171e+02
3.982674135449245867e+00 -4.105467838266999792e+00 0.000000000000000000e+00 -6.654787620049340546e-02 -3.922556309103786276e-01 0.000000000000000000e+00 1.583000000000000114e+02
3.976512757530198172e+00 -4.141890933852850232e+00 0.000000000000000000e+00 -6.161377919047694718e-02 -3.642309558585044016e-01 0.000000000000000000e+00 1.584000000000000057e+02
3.971462856861395885e+00 -4.172001063012939603e+00 0.000000000000000000e+00 -5.049900668802287385e-02 -3.011012916008937168e-01 0.000000000000000000e+00 1.585000000000000000e+02
3.966412956192593597e+00 -4.202111192173028975e+00 0.000000000000000000e+00 -5.049900668802287385e-02 -3.011012916008937168e-01 0.000000000000000000e+00 1.586000000000000227e+02
3.961363055523791754e+00 -4.232221321333117459e+00 0.000000000000000000e+00 -5.049900668801843295e-02 -3.011012916008848350e-01 0.000000000000000000e+00 1.587000000000000171e+02
3.956313154854989467e+00 -4.262331450493206830e+00 0.000000000000000000e+00 -5.049900668802287385e-02 -3.011012916008937168e-01 0.000000000000000000e+00 1.588000000000000114e+02
3.951263254186187623e+00 -4.292441579653296202e+00 0.000000000000000000e+00 -5.049900668801843295e-02 -3.011012916008937168e-01 0.000000000000000000e+00 1.589000000000000057e+02
3.946213353517385336e+00 -4.322551708813384685e+00 0.000000000000000000e+00 -5.049900668802287385e-02 -3.011012916008848350e-01 0.000000000000000000e+00 1.590000000000000000e+02
3.945341952783337991e+00 -4.352349358083817954e+00 0.000000000000000000e+00 -8.714007340473450824e-03 -2.979764927043326850e-01 0.000000000000000000e+00 1.591000000000000227e+02
3.946199556862731050e+00 -4.382017707547680274e+00 0.000000000000000000e+00 8.576040793930594930e-03 -2.966834946386232019e-01 0.000000000000000000e+00 1.592000000000000171e+02
3.947057160942124110e+00 -4.411686057011542594e+00 0.000000000000000000e+00 8.576040793930594930e-03 -2.966834946386232019e-01 0.000000000000000000e+00 1.593000000000000114e+02
3.947914765021517169e+00 -4.441354406475404915e+00 0.000000000000000000e+00 8.576040793930594930e-03 -2.966834946386232019e-01 0.000000000000000000e+00 1.594000000000000057e+02
3.948772369100910673e+00 -4.471022755939267235e+00 0.000000000000000000e+00 8.576040793935035822e-03 -2.966834946386232019e-01 0.000000000000000000e+00 1.595000000000000000e+02
3.949629973180303733e+00 -4.500691105403129555e+00 0.000000000000000000e+00 8.576040793930594930e-03 -2.966834946386232019e-01 0.000000000000000000e+00 1.596000000000000227e+02
3.959198560480280626e+00 -4.540418429207010220e+00 0.000000000000000000e+00 9.568587299976893945e-02 -3.972732380388066531e-01 0.000000000000000000e+00 1.597000000000000171e+02
3.979167095897386819e+00 -4.592155053063326164e+00 0.000000000000000000e+00 1.996853541710619240e-01 -5.173662385631594418e-01 0.000000000000000000e+00 1.598000000000000114e+02
3.999135631314493455e+00 -4.643891676919641220e+00 0.000000000000000000e+00 1.996853541710663649e-01 -5.173662385631505600e-01 0.000000000000000000e+00 1.599000000000000057e+02
4.019104166731599648e+00 -4.695628300775957165e+00 0.000000000000000000e+00 1.996853541710619240e-01 -5.173662385631594418e-01 0.000000000000000000e+00 1.600000000000000000e+02
4.039072702148705396e+00 -4.747364924632272221e+00 0.000000000000000000e+00 1.996853541710574831e-01 -5.173662385631505600e-01 0.000000000000000000e+00 1.601000000000000227e+02
4.059041237565812033e+00 -4.799101548488588165e+00 0.000000000000000000e+00 1.996853541710663649e-01 -5.173662385631594418e-01 0.000000000000000000e+00 1.602000000000000171e+02
4.079009772982918669e+00 -4.850838172344904109e+00 0.000000000000000000e+00 1.996853541710663649e-01 -5.173662385631594418e-01 0.000000000000000000e+00 1.603000000000000114e+02
4.098978308400024417e+00 -4.902574796201219165e+00 0.000000000000000000e+00 1.996853541710574831e-01 -5.173662385631505600e-01 0.000000000000000000e+00 1.604000000000000057e+02
4.118946843817131054e+00 -4.954311420057535109e+00 0.000000000000000000e+00 1.996853541710663649e-01 -5.173662385631594418e-01 0.000000000000000000e+00 1.605000000000000000e+02
4.138915379234236802e+00 -5.006048043913850165e+00 0.000000000000000000e+00 1.996853541710574831e-01 -5.173662385631505600e-01 0.000000000000000000e+00 1.606000000000000227e+02
4.158883914651343439e+00 -5.057784667770166109e+00 0.000000000000000000e+00 1.996853541710663649e-01 -5.173662385631594418e-01 0.000000000000000000e+00 1.607000000000000171e+02
4.178852450068450075e+00 -5.109521291626482054e+00 0.000000000000000000e+00 1.996853541710663649e-01 -5.173662385631594418e-01 0.000000000000000000e+00 1.608000000000000114e+02
4.198820985485555823e+00 -5.161257915482797110e+00 0.000000000000000000e+00 1.996853541710574831e-01 -5.173662385631505600e-01 0.000000000000000000e+00 1.609000000000000057e+02
4.218789520902662460e+00 -5.212994539339113054e+00 0.000000000000000000e+00 1.996853541710663649e-01 -5.173662385631594418e-01 0.000000000000000000e+00 1.610000000000000000e+02
4.238758056319768208e+00 -5.264731163195428110e+00 0.000000000000000000e+00 1.996853541710574831e-01 -5.173662385631505600e-01 0.000000000000000000e+00 1.611000000000000227e+02
4.253892394166365776e+00 -5.311458660081584071e+00 0.000000000000000000e+00 1.513433784659756753e-01 -4.672749688615596142e-01 0.000000000000000000e+00 1.612000000000000171e+02
4.258294575513045466e+00 -5.347065648592227660e+00 0.000000000000000000e+00 4.402181346679689966e-02 -3.560698851064358905e-01 0.000000000000000000e+00 1.613000000000000114e+02
4.262696756859724267e+00 -5.382672637102872137e+00 0.000000000000000000e+00 4.402181346678801788e-02 -3.560698851064447723e-01 0.000000000000000000e+00 1.614000000000000057e+02
4.267098938206403957e+00 -5.418279625613515726e+00 0.000000000000000000e+00 4.402181346679689966e-02 -3.560698851064358905e-01 0.000000000000000000e+00 1.615000000000000000e+02
4.271501119553082759e+00 -5.453886614124159316e+00 0.000000000000000000e+00 4.402181346678801788e-02 -3.560698851064358905e-01 0.000000000000000000e+00 1.616000000000000227e+02
4.275903300899761561e+00 -5.489493602634803793e+00 0.000000000000000000e+00 4.402181346678801788e-02 -3.560698851064447723e-01 0.000000000000000000e+00 1.617000000000000171e+02
4.280305482246441251e+00 -5.525100591145447382e+00 0.000000000000000000e+00 4.402181346679689966e-02 -3.560698851064358905e-01 0.000000000000000000e+00 1.618000000000000114e+02
4.284707663593120053e+00 -5.560707579656090971e+00 0.000000000000000000e+00 4.402181346678801788e-02 -3.560698851064358905e-01 0.000000000000000000e+00 1.619000000000000057e+02
4.289109298800869219e+00 -5.596255414891380120e+00 0.000000000000000000e+00 4.401635207749166057e-02 -3.554783523528914913e-01 0.000000000000000000e+00 1.620000000000000000e+02
4.293472466090109130e+00 -5.627636721701301248e+00 0.000000000000000000e+00 4.363167289239910929e-02 -3.138130680992112786e-01 0.000000000000000000e+00 1.621000000000000227e+02
4.297835633379348153e+00 -5.659018028511222376e+00 0.000000000000000000e+00 4.363167289239022750e-02 -3.138130680992112786e-01 0.000000000000000000e+00 1.622000000000000171e+02
4.302198800668588063e+00 -5.690399335321143504e+00 0.000000000000000000e+00 4.363167289239910929e-02 -3.138130680992112786e-01 0.000000000000000000e+00 1.623000000000000114e+02
4.306561967957827086e+00 -5.721780642131064631e+00 0.000000000000000000e+00 4.363167289239022750e-02 -3.138130680992112786e-01 0.000000000000000000e+00 1.624000000000000057e+02
4.310925135247066109e+00 -5.753161948940986647e+00 0.000000000000000000e+00 4.363167289239022750e-02 -3.138130680992201604e-01 0.000000000000000000e+00 1.625000000000000000e+02
4.315288302536306020e+00 -5.784543255750907775e+00 0.000000000000000000e+00 4.363167289239910929e-02 -3.138130680992112786e-01 0.000000000000000000e+00 1.626000000000000227e+02
4.319651469825545043e+00 -5.815924562560828903e+00 0.000000000000000000e+00 4.363167289239022750e-02 -3.138130680992112786e-01 0.000000000000000000e+00 1.627000000000000171e+02
4.308120552591810259e+00 -5.846672217383752646e+00 0.000000000000000000e+00 -1.153091723373478317e-01 -3.074765482292374230e-01 0.000000000000000000e+00 1.628000000000000114e+02
4.283730570686522299e+00 -5.876907217837167963e+00 0.000000000000000000e+00 -2.438998190528796073e-01 -3.023500045341531717e-01 0.000000000000000000e+00 1.629000000000000057e+02
4.259340588781234338e+00 -5.907142218290582392e+00 0.000000000000000000e+00 -2.438998190528796073e-01 -3.023500045341442899e-01 0.000000000000000000e+00 1.630000000000000000e+02
4.234950606875946377e+00 -5.937377218743997709e+00 0.000000000000000000e+00 -2.438998190528796073e-01 -3.023500045341531717e-01 0.000000000000000000e+00 1.631000000000000227e+02
4.210560624970659305e+00 -5.967612219197412138e+00 0.000000000000000000e+00 -2.438998190528707255e-01 -3.023500045341442899e-01 0.000000000000000000e+00 1.632000000000000171e+02
4.186170643065371344e+00 -5.997847219650827455e+00 0.000000000000000000e+00 -2.438998190528796073e-01 -3.023500045341531717e-01 0.000000000000000000e+00 1.633000000000000114e+02
4.161780661160083383e+00 -6.028082220104241884e+00 0.000000000000000000e+00 -2.438998190528796073e-01 -3.023500045341442899e-01 0.000000000000000000e+00 1.634000000000000057e+02
4.137390679254795423e+00 -6.058317220557657201e+00 0.000000000000000000e+00 -2.438998190528796073e-01 -3.023500045341531717e-01 0.000000000000000000e+00 1.635000000000000000e+02
4.113000697349508350e+00 -6.088552221011071630e+00 0.000000000000000000e+00 -2.438998190528707255e-01 -3.023500045341442899e-01 0.000000000000000000e+00 1.636000000000000227e+02
4.088234565822395972e+00 -6.119283683976193267e+00 0.000000000000000000e+00 -2.476613152711237831e-01 -3.073146296512163644e-01 0.000000000000000000e+00 1.637000000000000171e+02
4.059707810812700046e+00 -6.154978620174889059e+00 0.000000000000000000e+00 -2.852675500969592548e-01 -3.569493619869579248e-01 0.000000000000000000e+00 1.638000000000000114e+02
4.031181055803005009e+00 -6.190673556373583963e+00 0.000000000000000000e+00 -2.852675500969503730e-01 -3.569493619869490431e-01 0.000000000000000000e+00 1.639000000000000057e+02
4.002654300793309972e+00 -6.226368492572279756e+00 0.000000000000000000e+00 -2.852675500969503730e-01 -3.569493619869579248e-01 0.000000000000000000e+00 1.640000000000000000e+02
3.974127545783615378e+00 -6.262063428770974660e+00 0.000000000000000000e+00 -2.852675500969459321e-01 -3.569493619869490431e-01 0.000000000000000000e+00 1.641000000000000227e+02
3.945600790773919897e+00 -6.297758364969670453e+00 0.000000000000000000e+00 -2.852675500969548139e-01 -3.569493619869579248e-01 0.000000000000000000e+00 1.642000000000000171e+02
3.917074035764224860e+00 -6.333453301168365357e+00 0.000000000000000000e+00 -2.852675500969503730e-01 -3.569493619869490431e-01 0.000000000000000000e+00 1.643000000000000114e+02
3.888547280754529822e+00 -6.369148237367061149e+00 0.000000000000000000e+00 -2.852675500969503730e-01 -3.569493619869579248e-01 0.000000000000000000e+00 1.644000000000000057e+02
3.860020525744834785e+00 -6.404843173565756054e+00 0.000000000000000000e+00 -2.852675500969503730e-01 -3.569493619869490431e-01 0.000000000000000000e+00 1.645000000000000000e+02
3.831493770735139748e+00 -6.440538109764451846e+00 0.000000000000000000e+00 -2.852675500969503730e-01 -3.569493619869579248e-01 0.000000000000000000e+00 1.646000000000000227e+02
3.802967015725444710e+00 -6.476233045963147639e+00 0.000000000000000000e+00 -2.852675500969503730e-01 -3.569493619869579248e-01 0.000000000000000000e+00 1.647000000000000171e+02
3.775143200671264854e+00 -6.511674361761327745e+00 0.000000000000000000e+00 -2.782381505417985679e-01 -3.544131579818010636e-01 0.000000000000000000e+00 1.648000000000000114e+02
3.748954318158584709e+00 -6.546525794678707655e+00 0.000000000000000000e+00 -2.618888251268014500e-01 -3.485143291737990978e-01 0.000000000000000000e+00 1.649000000000000057e+02
3.722765435645904120e+00 -6.581377227596088453e+00 0.000000000000000000e+00 -2.618888251268058909e-01 -3.485143291738079796e-01 0.000000000000000000e+00 1.650000000000000000e+02
3.696576553133223975e+00 -6.616228660513468363e+00 0.000000000000000000e+00 -2.618888251268014500e-01 -3.485143291737990978e-01 0.000000000000000000e+00 1.651000000000000227e+02
3.670387670620543386e+00 -6.651080093430848272e+00 0.000000000000000000e+00 -2.618888251268058909e-01 -3.485143291737990978e-01 0.000000000000000000e+00 1.652000000000000171e+02
3.644198788107863241e+00 -6.685931526348228182e+00 0.000000000000000000e+00 -2.618888251268014500e-01 -3.485143291737990978e-01 0.000000000000000000e+00 1.653000000000000114e+02
3.618009905595182651e+00 -6.720782959265608092e+00 0.000000000000000000e+00 -2.618888251268058909e-01 -3.485143291737990978e-01 0.000000000000000000e+00 1.654000000000000057e+02
3.591821023082502506e+00 -6.755634392182988002e+00 0.000000000000000000e+00 -2.618888251268014500e-01 -3.485143291737990978e-01 0.000000000000000000e+00 1.655000000000000000e+02
3.565632140569821917e+00 -6.790485825100368800e+00 0.000000000000000000e+00 -2.618888251268058909e-01 -3.485143291738079796e-01 0.000000000000000000e+00 1.656000000000000227e+02
3.539443258057141328e+00 -6.825337258017748709e+00 0.000000000000000000e+00 -2.618888251268058909e-01 -3.485143291737990978e-01 0.000000000000000000e+00 1.657000000000000171e+02
3.513254375544461183e+00 -6.860188690935128619e+00 0.000000000000000000e+00 -2.618888251268014500e-01 -3.485143291737990978e-01 0.000000000000000000e+00 1.658000000000000114e+02
3.494132794112506435e+00 -6.892085003929803833e+00 0.000000000000000000e+00 -1.912158143195474835e-01 -3.189631299467521330e-01 0.000000000000000000e+00 1.659000000000000057e+02
3.475194014043122781e+00 -6.923904880397682149e+00 0.000000000000000000e+00 -1.893878006938365388e-01 -3.181987646787831636e-01 0.000000000000000000e+00 1.660000000000000000e+02
3.456255233973738683e+00 -6.955724756865561353e+00 0.000000000000000000e+00 -1.893878006938409797e-01 -3.181987646787920454e-01 0.000000000000000000e+00 1.661000000000000227e+02
3.437316453904354585e+00 -6.987544633333440558e+00 0.000000000000000000e+00 -1.893878006938409797e-01 -3.181987646787920454e-01 0.000000000000000000e+00 1.662000000000000171e+02
3.418377673834970931e+00 -7.019364509801319763e+00 0.000000000000000000e+00 -1.893878006938365388e-01 -3.181987646787920454e-01 0.000000000000000000e+00 1.663000000000000114e+02
3.399438893765586833e+00 -7.051184386269198967e+00 0.000000000000000000e+00 -1.893878006938409797e-01 -3.181987646787920454e-01 0.000000000000000000e+00 1.664000000000000057e+02
3.380500113696203179e+00 -7.083004262737078172e+00 0.000000000000000000e+00 -1.893878006938365388e-01 -3.181987646787920454e-01 0.000000000000000000e+00 1.665000000000000000e+02
3.361561333626819081e+00 -7.114824139204956488e+00 0.000000000000000000e+00 -1.893878006938409797e-01 -3.181987646787831636e-01 0.000000000000000000e+00 1.666000000000000227e+02
3.352398017458718016e+00 -7.148801321366835992e+00 0.000000000000000000e+00 -9.163316168101065529e-02 -3.397718216187950446e-01 0.000000000000000000e+00 1.667000000000000171e+02
3.364473570150629644e+00 -7.187465619474160405e+00 0.000000000000000000e+00 1.207555269191162850e-01 -3.866429810732441297e-01 0.000000000000000000e+00 1.668000000000000114e+02
3.376549122842540829e+00 -7.226129917581484818e+00 0.000000000000000000e+00 1.207555269191118441e-01 -3.866429810732441297e-01 0.000000000000000000e+00 1.669000000000000057e+02
3.388624675534452013e+00 -7.264794215688809231e+00 0.000000000000000000e+00 1.207555269191118441e-01 -3.866429810732441297e-01 0.000000000000000000e+00 1.670000000000000000e+02
3.400700228226363642e+00 -7.303458513796133644e+00 0.000000000000000000e+00 1.207555269191162850e-01 -3.866429810732441297e-01 0.000000000000000000e+00 1.671000000000000227e+02
3.412775780918274826e+00 -7.342122811903458945e+00 0.000000000000000000e+00 1.207555269191118441e-01 -3.866429810732530115e-01 0.000000000000000000e+00 1.672000000000000171e+02
3.424851333610186455e+00 -7.380787110010783358e+00 0.000000000000000000e+00 1.207555269191162850e-01 -3.866429810732441297e-01 0.000000000000000000e+00 1.673000000000000114e+02
3.436926886302097639e+00 -7.419451408118107771e+00 0.000000000000000000e+00 1.207555269191118441e-01 -3.866429810732441297e-01 0.000000000000000000e+00 1.674000000000000057e+02
3.449002438994009268e+00 -7.458115706225432184e+00 0.000000000000000000e+00 1.207555269191162850e-01 -3.866429810732441297e-01 0.000000000000000000e+00 1.675000000000000000e+02
3.461077991685920452e+00 -7.496780004332756597e+00 0.000000000000000000e+00 1.207555269191118441e-01 -3.866429810732441297e-01 0.000000000000000000e+00 1.676000000000000227e+02
3.478121131907028207e+00 -7.538247086639843886e+00 0.000000000000000000e+00 1.704314022110775539e-01 -4.146708230708728848e-01 0.000000000000000000e+00 1.677000000000000171e+02
3.496648148383442400e+00 -7.580551393233033508e+00 0.000000000000000000e+00 1.852701647641419314e-01 -4.230430659318962228e-01 0.000000000000000000e+00 1.678000000000000114e+02
3.515175164859856594e+00 -7.622855699826222242e+00 0.000000000000000000e+00 1.852701647641419314e-01 -4.230430659318873410e-01 0.000000000000000000e+00 1.679000000000000057e+02
3.533702181336271231e+00 -7.665160006419411864e+00 0.000000000000000000e+00 1.852701647641463722e-01 -4.230430659318962228e-01 0.000000000000000000e+00 1.680000000000000000e+02
3.552229197812685424e+00 -7.707464313012600599e+00 0.000000000000000000e+00 1.852701647641419314e-01 -4.230430659318873410e-01 0.000000000000000000e+00 1.681000000000000227e+02
3.570756214289099617e+00 -7.749768619605789333e+00 0.000000000000000000e+00 1.852701647641419314e-01 -4.230430659318873410e-01 0.000000000000000000e+00 1.682000000000000171e+02
3.589283230765514254e+00 -7.792072926198978955e+00 0.000000000000000000e+00 1.852701647641463722e-01 -4.230430659318962228e-01 0.000000000000000000e+00 1.683000000000000114e+02
3.607810247241928447e+00 -7.834377232792167689e+00 0.000000000000000000e+00 1.852701647641419314e-01 -4.230430659318873410e-01 0.000000000000000000e+00 1.684000000000000057e+02
3.626337263718342641e+00 -7.876681539385357311e+00 0.000000000000000000e+00 1.852701647641419314e-01 -4.230430659318962228e-01 0.000000000000000000e+00 1.685000000000000000e+02
3.644864280194756834e+00 -7.918985845978546045e+00 0.000000000000000000e+00 1.852701647641419314e-01 -4.230430659318873410e-01 0.000000000000000000e+00 1.686000000000000227e+02
3.663391296671171471e+00 -7.961290152571734779e+00 0.000000000000000000e+00 1.852701647641463722e-01 -4.230430659318873410e-01 0.000000000000000000e+00 1.687000000000000171e+02
3.683044347550679998e+00 -8.003074986920777789e+00 0.000000000000000000e+00 1.965305087950852680e-01 -4.178483434904300964e-01 0.000000000000000000e+00 1.688000000000000114e+02
3.702943983831836317e+00 -8.044746064290800192e+00 0.000000000000000000e+00 1.989963628115631877e-01 -4.167107737002240242e-01 0.000000000000000000e+00 1.689000000000000057e+02
3.722843620112992635e+00 -8.086417141660824370e+00 0.000000000000000000e+00 1.989963628115631877e-01 -4.167107737002417878e-01 0.000000000000000000e+00 1.690000000000000000e+02
3.742743256394148954e+00 -8.128088219030848549e+00 0.000000000000000000e+00 1.989963628115631877e-01 -4.167107737002417878e-01 0.000000000000000000e+00 1.691000000000000227e+02
3.762642892675305273e+00 -8.169759296400870952e+00 0.000000000000000000e+00 1.989963628115631877e-01 -4.167107737002240242e-01 0.000000000000000000e+00 1.692000000000000171e+02
3.782542528956461592e+00 -8.211430373770895130e+00 0.000000000000000000e+00 1.989963628115631877e-01 -4.167107737002417878e-01 0.000000000000000000e+00 1.693000000000000114e+02
3.802442165237617910e+00 -8.253101451140917533e+00 0.000000000000000000e+00 1.989963628115631877e-01 -4.167107737002240242e-01 0.000000000000000000e+00 1.694000000000000057e+02
3.822341801518773785e+00 -8.294772528510941711e+00 0.000000000000000000e+00 1.989963628115587468e-01 -4.167107737002417878e-01 0.000000000000000000e+00 1.695000000000000000e+02
3.842241437799930104e+00 -8.336443605880965890e+00 0.000000000000000000e+00 1.989963628115631877e-01 -4.167107737002417878e-01 0.000000000000000000e+00 1.696000000000000227e+02
3.862141074081086423e+00 -8.378114683250988293e+00 0.000000000000000000e+00 1.989963628115631877e-01 -4.167107737002240242e-01 0.000000000000000000e+00 1.697000000000000171e+02
3.882040710362242741e+00 -8.419785760621012471e+00 0.000000000000000000e+00 1.989963628115631877e-01 -4.167107737002417878e-01 0.000000000000000000e+00 1.698000000000000114e+02
3.900457519215028146e+00 -8.456439967710124961e+00 0.000000000000000000e+00 1.841680885278540458e-01 -3.665420708911248937e-01 0.000000000000000000e+00 1.699000000000000057e+02
3.918762580226917702e+00 -8.492716096803636816e+00 0.000000000000000000e+00 1.830506101188955626e-01 -3.627612909351185522e-01 0.000000000000000000e+00 1.700000000000000000e+02
3.937067641238807703e+00 -8.528992225897146895e+00 0.000000000000000000e+00 1.830506101189000034e-01 -3.627612909351007886e-01 0.000000000000000000e+00 1.701000000000000227e+02
3.955372702250697703e+00 -8.565268354990658750e+00 0.000000000000000000e+00 1.830506101189000034e-01 -3.627612909351185522e-01 0.000000000000000000e+00 1.702000000000000171e+02
3.973677763262587259e+00 -8.601544484084168829e+00 0.000000000000000000e+00 1.830506101188955626e-01 -3.627612909351007886e-01 0.000000000000000000e+00 1.703000000000000114e+02
3.991982824274477260e+00 -8.637820613177678908e+00 0.000000000000000000e+00 1.830506101189000034e-01 -3.627612909351007886e-01 0.000000000000000000e+00 1.704000000000000057e+02
4.010287885286366816e+00 -8.674096742271190763e+00 0.000000000000000000e+00 1.830506101188955626e-01 -3.627612909351185522e-01 0.000000000000000000e+00 1.705000000000000000e+02
4.028592946298257260e+00 -8.710372871364700842e+00 0.000000000000000000e+00 1.830506101189044443e-01 -3.627612909351007886e-01 0.000000000000000000e+00 1.706000000000000227e+02
4.046898007310146816e+00 -8.746649000458212697e+00 0.000000000000000000e+00 1.830506101188955626e-01 -3.627612909351185522e-01 0.000000000000000000e+00 1.707000000000000171e+02
4.068405566335769663e+00 -8.789796929630021793e+00 0.000000000000000000e+00 2.150755902562284660e-01 -4.314792917180909626e-01 0.000000000000000000e+00 1.708000000000000114e+02
4.091385975239257178e+00 -8.836105244807580306e+00 0.000000000000000000e+00 2.298040890348751475e-01 -4.630831517755851223e-01 0.000000000000000000e+00 1.709000000000000057e+02
4.114366384142743804e+00 -8.882413559985138818e+00 0.000000000000000000e+00 2.298040890348662657e-01 -4.630831517755851223e-01 0.000000000000000000e+00 1.710000000000000000e+02
4.137346793046231319e+00 -8.928721875162695554e+00 0.000000000000000000e+00 2.298040890348751475e-01 -4.630831517755673588e-01 0.000000000000000000e+00 1.711000000000000227e+02
4.160327201949718834e+00 -8.975030190340254066e+00 0.000000000000000000e+00 2.298040890348751475e-01 -4.630831517755851223e-01 0.000000000000000000e+00 1.712000000000000171e+02
4.183307610853206349e+00 -9.021338505517810802e+00 0.000000000000000000e+00 2.298040890348751475e-01 -4.630831517755673588e-01 0.000000000000000000e+00 1.713000000000000114e+02
4.206288019756693863e+00 -9.067646820695369314e+00 0.000000000000000000e+00 2.298040890348751475e-01 -4.630831517755851223e-01 0.000000000000000000e+00 1.714000000000000057e+02
4.229268428660181378e+00 -9.113955135872927826e+00 0.000000000000000000e+00 2.298040890348751475e-01 -4.630831517755851223e-01 0.000000000000000000e+00 1.715000000000000000e+02
4.252248837563668893e+00 -9.160263451050484562e+00 0.000000000000000000e+00 2.298040890348751475e-01 -4.630831517755673588e-01 0.000000000000000000e+00 1.716000000000000227e+02
4.275229246467156408e+00 -9.206571766228043074e+00 0.000000000000000000e+00 2.298040890348751475e-01 -4.630831517755851223e-01 0.000000000000000000e+00 1.717000000000000171e+02
4.298209655370643922e+00 -9.252880081405599810e+00 0.000000000000000000e+00 2.298040890348751475e-01 -4.630831517755673588e-01 0.000000000000000000e+00 1.718000000000000114e+02
4.321190064274131437e+00 -9.299188396583158323e+00 0.000000000000000000e+00 2.298040890348751475e-01 -4.630831517755851223e-01 0.000000000000000000e+00 1.719000000000000057e+02
4.344170473177618952e+00 -9.345496711760716835e+00 0.000000000000000000e+00 2.298040890348751475e-01 -4.630831517755851223e-01 0.000000000000000000e+00 1.720000000000000000e+02
4.362134835074379602e+00 -9.386977031256749981e+00 0.000000000000000000e+00 1.796436189676064998e-01 -4.148031949603314672e-01 0.000000000000000000e+00 1.721000000000000227e+02
4.373500988844140736e+00 -9.422106509083988612e+00 0.000000000000000000e+00 1.136615376976113367e-01 -3.512947782723863099e-01 0.000000000000000000e+00 1.722000000000000171e+02
4.384867142613902757e+00 -9.457235986911227243e+00 0.000000000000000000e+00 1.136615376976202185e-01 -3.512947782723863099e-01 0.000000000000000000e+00 1.723000000000000114e+02
4.396233296383663891e+00 -9.492365464738465874e+00 0.000000000000000000e+00 1.136615376976113367e-01 -3.512947782723863099e-01 0.000000000000000000e+00 1.724000000000000057e+02
4.407599450153425913e+00 -9.527494942565706282e+00 0.000000000000000000e+00 1.136615376976202185e-01 -3.512947782724040735e-01 0.000000000000000000e+00 1.725000000000000000e+02
4.418965603923187047e+00 -9.562624420392944913e+00 0.000000000000000000e+00 1.136615376976113367e-01 -3.512947782723863099e-01 0.000000000000000000e+00 1.726000000000000227e+02
4.430331757692949068e+00 -9.597753898220183544e+00 0.000000000000000000e+00 1.136615376976202185e-01 -3.512947782723863099e-01 0.000000000000000000e+00 1.727000000000000171e+02
4.441697911462710202e+00 -9.632883376047422175e+00 0.000000000000000000e+00 1.136615376976113367e-01 -3.512947782723863099e-01 0.000000000000000000e+00 1.728000000000000114e+02
4.452601113082422124e+00 -9.667570539022037224e+00 0.000000000000000000e+00 1.090320161971192192e-01 -3.468716297461504894e-01 0.000000000000000000e+00 1.729000000000000057e+02
4.460411894110437814e+00 -9.699303134104221513e+00 0.000000000000000000e+00 7.810781028015689742e-02 -3.173259508218428948e-01 0.000000000000000000e+00 1.730000000000000000e+02
4.468222675138453504e+00 -9.731035729186405803e+00 0.000000000000000000e+00 7.810781028015689742e-02 -3.173259508218428948e-01 0.000000000000000000e+00 1.731000000000000227e+02
4.476033456166468305e+00 -9.762768324268588316e+00 0.000000000000000000e+00 7.810781028014801564e-02 -3.173259508218251312e-01 0.000000000000000000e+00 1.732000000000000171e+02
4.483844237194483995e+00 -9.794500919350772605e+00 0.000000000000000000e+00 7.810781028015689742e-02 -3.173259508218428948e-01 0.000000000000000000e+00 1.733000000000000114e+02
4.491655018222499685e+00 -9.826233514432955118e+00 0.000000000000000000e+00 7.810781028015689742e-02 -3.173259508218251312e-01 0.000000000000000000e+00 1.734000000000000057e+02
4.499465799250515374e+00 -9.857966109515139408e+00 0.000000000000000000e+00 7.810781028015689742e-02 -3.173259508218428948e-01 0.000000000000000000e+00 1.735000000000000000e+02
4.505935313205796433e+00 -9.890163086520892932e+00 0.000000000000000000e+00 6.469513955281058770e-02 -3.219697700575352428e-01 0.000000000000000000e+00 1.736000000000000227e+02
4.479821213321268480e+00 -9.933641367287370016e+00 0.000000000000000000e+00 -2.611409988452795261e-01 -4.347828076647708428e-01 0.000000000000000000e+00 1.737000000000000171e+02
4.453707113436739640e+00 -9.977119648053848877e+00 0.000000000000000000e+00 -2.611409988452884079e-01 -4.347828076647886064e-01 0.000000000000000000e+00 1.738000000000000114e+02
4.427593013552211687e+00 -1.002059792882032774e+01 0.000000000000000000e+00 -2.611409988452795261e-01 -4.347828076647886064e-01 0.000000000000000000e+00 1.739000000000000057e+02
4.401478913667683734e+00 -1.006407620958680482e+01 0.000000000000000000e+00 -2.611409988452795261e-01 -4.347828076647708428e-01 0.000000000000000000e+00 1.740000000000000000e+02
4.375364813783155782e+00 -1.010755449035328368e+01 0.000000000000000000e+00 -2.611409988452795261e-01 -4.347828076647886064e-01 0.000000000000000000e+00 1.741000000000000227e+02
4.349250713898626941e+00 -1.015103277111976077e+01 0.000000000000000000e+00 -2.611409988452884079e-01 -4.347828076647708428e-01 0.000000000000000000e+00 1.742000000000000171e+02
4.323136614014098988e+00 -1.019451105188623963e+01 0.000000000000000000e+00 -2.611409988452795261e-01 -4.347828076647886064e-01 0.000000000000000000e+00 1.743000000000000114e+02
4.297022514129571036e+00 -1.023798933265271671e+01 0.000000000000000000e+00 -2.611409988452795261e-01 -4.347828076647708428e-01 0.000000000000000000e+00 1.744000000000000057e+02
4.270908414245043083e+00 -1.028146761341919557e+01 0.000000000000000000e+00 -2.611409988452795261e-01 -4.347828076647886064e-01 0.000000000000000000e+00 1.745000000000000000e+02
4.244794314360515131e+00 -1.032494589418567266e+01 0.000000000000000000e+00 -2.611409988452795261e-01 -4.347828076647708428e-01 0.000000000000000000e+00 1.746000000000000227e+02
4.218680214475986290e+00 -1.036842417495215152e+01 0.000000000000000000e+00 -2.611409988452884079e-01 -4.347828076647886064e-01 0.000000000000000000e+00 1.747000000000000171e+02
4.192566114591458337e+00 -1.041190245571863038e+01 0.000000000000000000e+00 -2.611409988452795261e-01 -4.347828076647886064e-01 0.000000000000000000e+00 1.748000000000000114e+02
4.166452014706930385e+00 -1.045538073648510746e+01 0.000000000000000000e+00 -2.611409988452795261e-01 -4.347828076647708428e-01 0.000000000000000000e+00 1.749000000000000057e+02
4.141490847564146094e+00 -1.048935340180321774e+01 0.000000000000000000e+00 -2.496116714278429072e-01 -3.397266531811027335e-01 0.000000000000000000e+00 1.750000000000000000e+02
4.116927562002249630e+00 -1.052004564219716976e+01 0.000000000000000000e+00 -2.456328556189646406e-01 -3.069224039395201942e-01 0.000000000000000000e+00 1.751000000000000227e+02
4.092364276440352278e+00 -1.055073788259112355e+01 0.000000000000000000e+00 -2.456328556189735224e-01 -3.069224039395379577e-01 0.000000000000000000e+00 1.752000000000000171e+02
4.067800990878454925e+00 -1.058143012298507557e+01 0.000000000000000000e+00 -2.456328556189735224e-01 -3.069224039395201942e-01 0.000000000000000000e+00 1.753000000000000114e+02
4.043237705316557573e+00 -1.061212236337902937e+01 0.000000000000000000e+00 -2.456328556189735224e-01 -3.069224039395379577e-01 0.000000000000000000e+00 1.754000000000000057e+02
4.018674419754660221e+00 -1.064281460377298139e+01 0.000000000000000000e+00 -2.456328556189735224e-01 -3.069224039395201942e-01 0.000000000000000000e+00 1.755000000000000000e+02
3.994111134192762425e+00 -1.067350684416693340e+01 0.000000000000000000e+00 -2.456328556189779633e-01 -3.069224039395201942e-01 0.000000000000000000e+00 1.756000000000000227e+02
3.969547848630865516e+00 -1.070419908456088720e+01 0.000000000000000000e+00 -2.456328556189690815e-01 -3.069224039395379577e-01 0.000000000000000000e+00 1.757000000000000171e+02
3.944984563068968164e+00 -1.073489132495483922e+01 0.000000000000000000e+00 -2.456328556189735224e-01 -3.069224039395201942e-01 0.000000000000000000e+00 1.758000000000000114e+02
3.916578537467502397e+00 -1.076814272332659250e+01 0.000000000000000000e+00 -2.840602560146576749e-01 -3.325139837175328239e-01 0.000000000000000000e+00 1.759000000000000057e+02
3.887852282539446591e+00 -1.080160738552244659e+01 0.000000000000000000e+00 -2.872625492805580549e-01 -3.346466219585408908e-01 0.000000000000000000e+00 1.760000000000000000e+02
3.859126027611390786e+00 -1.083507204771830068e+01 0.000000000000000000e+00 -2.872625492805580549e-01 -3.346466219585408908e-01 0.000000000000000000e+00 1.761000000000000227e+02
3.830399772683335424e+00 -1.086853670991415477e+01 0.000000000000000000e+00 -2.872625492805536140e-01 -3.346466219585408908e-01 0.000000000000000000e+00 1.762000000000000171e+02
3.801673517755279619e+00 -1.090200137211000886e+01 0.000000000000000000e+00 -2.872625492805580549e-01 -3.346466219585408908e-01 0.000000000000000000e+00 1.763000000000000114e+02
3.772947262827224257e+00 -1.093546603430586295e+01 0.000000000000000000e+00 -2.872625492805536140e-01 -3.346466219585408908e-01 0.000000000000000000e+00 1.764000000000000057e+02
3.744221007899168452e+00 -1.096893069650171704e+01 0.000000000000000000e+00 -2.872625492805580549e-01 -3.346466219585408908e-01 0.000000000000000000e+00 1.765000000000000000e+02
3.715494752971112646e+00 -1.100239535869757290e+01 0.000000000000000000e+00 -2.872625492805580549e-01 -3.346466219585586543e-01 0.000000000000000000e+00 1.766000000000000227e+02
3.686768498043056841e+00 -1.103586002089342699e+01 0.000000000000000000e+00 -2.872625492805580549e-01 -3.346466219585408908e-01 0.000000000000000000e+00 1.767000000000000171e+02
3.658042243115001479e+00 -1.106932468308928108e+01 0.000000000000000000e+00 -2.872625492805536140e-01 -3.346466219585408908e-01 0.000000000000000000e+00 1.768000000000000114e+02
3.623266727933508680e+00 -1.108939336573673096e+01 0.000000000000000000e+00 -3.477551518149279985e-01 -2.006868264744987584e-01 0.000000000000000000e+00 1.769000000000000057e+02
3.583971362988878528e+00 -1.109945292124265315e+01 0.000000000000000000e+00 -3.929536494463015117e-01 -1.005955550592219083e-01 0.000000000000000000e+00 1.770000000000000000e+02
3.544675998044248377e+00 -1.110951247674857534e+01 0.000000000000000000e+00 -3.929536494463015117e-01 -1.005955550592219083e-01 0.000000000000000000e+00 1.771000000000000227e+02
3.505380633099618226e+00 -1.111957203225449753e+01 0.000000000000000000e+00 -3.929536494463015117e-01 -1.005955550592219083e-01 0.000000000000000000e+00 1.772000000000000171e+02
3.466085268154988075e+00 -1.112963158776041972e+01 0.000000000000000000e+00 -3.929536494463015117e-01 -1.005955550592219083e-01 0.000000000000000000e+00 1.773000000000000114e+02
3.426789903210357924e+00 -1.113969114326634191e+01 0.000000000000000000e+00 -3.929536494463015117e-01 -1.005955550592219083e-01 0.000000000000000000e+00 1.774000000000000057e+02
3.387494538265727773e+00 -1.114975069877226410e+01 0.000000000000000000e+00 -3.929536494463015117e-01 -1.005955550592219083e-01 0.000000000000000000e+00 1.775000000000000000e+02
3.348199173321097177e+00 -1.115981025427818629e+01 0.000000000000000000e+00 -3.929536494463059526e-01 -1.005955550592219083e-01 0.000000000000000000e+00 1.776000000000000227e+02
3.308903808376467026e+00 -1.116986980978410848e+01 0.000000000000000000e+00 -3.929536494463015117e-01 -1.005955550592219083e-01 0.000000000000000000e+00 1.777000000000000171e+02
3.268978456924246601e+00 -1.117949168945307470e+01 0.000000000000000000e+00 -3.992535145222042559e-01 -9.621879668966215604e-02 0.000000000000000000e+00 1.778000000000000114e+02
3.222143951049245558e+00 -1.118431351402844243e+01 0.000000000000000000e+00 -4.683450587500104234e-01 -4.821824575367728016e-02 0.000000000000000000e+00 1.779000000000000057e+02
3.175309445174244960e+00 -1.118913533860381015e+01 0.000000000000000000e+00 -4.683450587500059825e-01 -4.821824575367728016e-02 0.000000000000000000e+00 1.780000000000000000e+02
3.128474939299243918e+00 -1.119395716317917966e+01 0.000000000000000000e+00 -4.683450587500104234e-01 -4.821824575369504373e-02 0.000000000000000000e+00 1.781000000000000227e+02
3.081640433424242875e+00 -1.119877898775454739e+01 0.000000000000000000e+00 -4.683450587500104234e-01 -4.821824575367728016e-02 0.000000000000000000e+00 1.782000000000000171e+02
3.034805927549242277e+00 -1.120360081232991689e+01 0.000000000000000000e+00 -4.683450587500059825e-01 -4.821824575369504373e-02 0.000000000000000000e+00 1.783000000000000114e+02
2.987971421674241235e+00 -1.120842263690528462e+01 0.000000000000000000e+00 -4.683450587500104234e-01 -4.821824575367728016e-02 0.000000000000000000e+00 1.784000000000000057e+02
2.941136915799240192e+00 -1.121324446148065412e+01 0.000000000000000000e+00 -4.683450587500104234e-01 -4.821824575369504373e-02 0.000000000000000000e+00 1.785000000000000000e+02
2.894302409924239594e+00 -1.121806628605602185e+01 0.000000000000000000e+00 -4.683450587500059825e-01 -4.821824575367728016e-02 0.000000000000000000e+00 1.786000000000000227e+02
2.847467904049238552e+00 -1.122288811063139136e+01 0.000000000000000000e+00 -4.683450587500104234e-01 -4.821824575369504373e-02 0.000000000000000000e+00 1.787000000000000171e+02
2.800633398174237509e+00 -1.122770993520675908e+01 0.000000000000000000e+00 -4.683450587500104234e-01 -4.821824575367728016e-02 0.000000000000000000e+00 1.788000000000000114e+02
2.753798892299236911e+00 -1.123253175978212859e+01 0.000000000000000000e+00 -4.683450587500059825e-01 -4.821824575369504373e-02 0.000000000000000000e+00 1.789000000000000057e+02
2.712018621313030398e+00 -1.123535265565713104e+01 0.000000000000000000e+00 -4.178027098620651358e-01 -2.820895875002449316e-02 0.000000000000000000e+00 1.790000000000000000e+02
2.671516711083934403e+00 -1.123766745935703604e+01 0.000000000000000000e+00 -4.050191022909599425e-01 -2.314803699904999235e-02 0.000000000000000000e+00 1.791000000000000227e+02
2.631014800854838409e+00 -1.123998226305694281e+01 0.000000000000000000e+00 -4.050191022909599425e-01 -2.314803699906775591e-02 0.000000000000000000e+00 1.792000000000000171e+02
2.590512890625742415e+00 -1.124229706675684781e+01 0.000000000000000000e+00 -4.050191022909599425e-01 -2.314803699904999235e-02 0.000000000000000000e+00 1.793000000000000114e+02
2.550010980396646421e+00 -1.124461187045675459e+01 0.000000000000000000e+00 -4.050191022909599425e-01 -2.314803699906775591e-02 0.000000000000000000e+00 1.794000000000000057e+02
2.509509070167550426e+00 -1.124692667415665959e+01 0.000000000000000000e+00 -4.050191022909599425e-01 -2.314803699904999235e-02 0.000000000000000000e+00 1.795000000000000000e+02
2.469007159938454432e+00 -1.124924147785656636e+01 0.000000000000000000e+00 -4.050191022909599425e-01 -2.314803699906775591e-02 0.000000000000000000e+00 1.796000000000000227e+02
2.428505249709358438e+00 -1.125155628155647136e+01 0.000000000000000000e+00 -4.050191022909599425e-01 -2.314803699904999235e-02 0.000000000000000000e+00 1.797000000000000171e+02
2.388003339480262444e+00 -1.125387108525637636e+01 0.000000000000000000e+00 -4.050191022909599425e-01 -2.314803699904999235e-02 0.000000000000000000e+00 1.798000000000000114e+02
2.347501429251166449e+00 -1.125618588895628314e+01 0.000000000000000000e+00 -4.050191022909599425e-01 -2.314803699906775591e-02 0.000000000000000000e+00 1.799000000000000057e+02
2.314064403525898594e+00 -1.125755482717760003e+01 0.000000000000000000e+00 -3.343702572526785488e-01 -1.368938221316895465e-02 0.000000000000000000e+00 1.800000000000000000e+02
2.281385670258939680e+00 -1.125882224319305536e+01 0.000000000000000000e+00 -3.267873326695891478e-01 -1.267416015455324896e-02 0.000000000000000000e+00 1.801000000000000227e+02
2.248706936991980321e+00 -1.126008965920851068e+01 0.000000000000000000e+00 -3.267873326695935887e-01 -1.267416015455324896e-02 0.000000000000000000e+00 1.802000000000000171e+02
2.216028203725021406e+00 -1.126135707522396601e+01 0.000000000000000000e+00 -3.267873326695891478e-01 -1.267416015455324896e-02 0.000000000000000000e+00 1.803000000000000114e+02
2.183349470458062491e+00 -1.126262449123942133e+01 0.000000000000000000e+00 -3.267873326695891478e-01 -1.267416015455324896e-02 0.000000000000000000e+00 1.804000000000000057e+02
2.150670737191103576e+00 -1.126389190725487666e+01 0.000000000000000000e+00 -3.267873326695891478e-01 -1.267416015455324896e-02 0.000000000000000000e+00 1.805000000000000000e+02
2.117992003924144662e+00 -1.126515932327033020e+01 0.000000000000000000e+00 -3.267873326695891478e-01 -1.267416015453548539e-02 0.000000000000000000e+00 1.806000000000000227e+02
2.087328185542474568e+00 -1.126470785765008564e+01 0.000000000000000000e+00 -3.066381838167009377e-01 4.514656202445621602e-03 0.000000000000000000e+00 1.807000000000000171e+02
2.057861266241337361e+00 -1.126323534252331449e+01 0.000000000000000000e+00 -2.946691930113720659e-01 1.472515126771156702e-02 0.000000000000000000e+00 1.808000000000000114e+02
2.028394346940200155e+00 -1.126176282739654333e+01 0.000000000000000000e+00 -2.946691930113720659e-01 1.472515126771156702e-02 0.000000000000000000e+00 1.809000000000000057e+02
1.998927427639063392e+00 -1.126029031226977217e+01 0.000000000000000000e+00 -2.946691930113676250e-01 1.472515126771156702e-02 0.000000000000000000e+00 1.810000000000000000e+02
1.969460508337926186e+00 -1.125881779714300279e+01 0.000000000000000000e+00 -2.946691930113720659e-01 1.472515126769380345e-02 0.000000000000000000e+00 1.811000000000000227e+02
1.939993589036789201e+00 -1.125734528201623164e+01 0.000000000000000000e+00 -2.946691930113698454e-01 1.472515126771156702e-02 0.000000000000000000e+00 1.812000000000000171e+02
1.910526669735652217e+00 -1.125587276688946048e+01 0.000000000000000000e+00 -2.946691930113698454e-01 1.472515126771156702e-02 0.000000000000000000e+00 1.813000000000000114e+02
1.881495336425985210e+00 -1.123546686787317128e+01 0.000000000000000000e+00 -2.903133330966700676e-01 2.040589901628919733e-01 0.000000000000000000e+00 1.814000000000000057e+02
1.852512921858459061e+00 -1.121293464399225748e+01 0.000000000000000000e+00 -2.898241456752614909e-01 2.253222388091380424e-01 0.000000000000000000e+00 1.815000000000000000e+02
1.823530507290932912e+00 -1.119040242011134545e+01 0.000000000000000000e+00 -2.898241456752614909e-01 2.253222388091202788e-01 0.000000000000000000e+00 1.816000000000000227e+02
1.794548092723406763e+00 -1.116787019623043342e+01 0.000000000000000000e+00 -2.898241456752614909e-01 2.253222388091202788e-01 0.000000000000000000e+00 1.817000000000000171e+02
1.765565678155880613e+00 -1.114533797234951962e+01 0.000000000000000000e+00 -2.898241456752614909e-01 2.253222388091380424e-01 0.000000000000000000e+00 1.818000000000000114e+02
1.736583263588354464e+00 -1.112280574846860759e+01 0.000000000000000000e+00 -2.898241456752614909e-01 2.253222388091202788e-01 0.000000000000000000e+00 1.819000000000000057e+02
1.707600849020828537e+00 -1.110027352458769556e+01 0.000000000000000000e+00 -2.898241456752592704e-01 2.253222388091202788e-01 0.000000000000000000e+00 1.820000000000000000e+02
1.678618434453302388e+00 -1.107774130070678176e+01 0.000000000000000000e+00 -2.898241456752614909e-01 2.253222388091380424e-01 0.000000000000000000e+00 1.821000000000000227e+02
1.649636019885776239e+00 -1.105520907682586973e+01 0.000000000000000000e+00 -2.898241456752614909e-01 2.253222388091202788e-01 0.000000000000000000e+00 1.822000000000000171e+02
1.620977913899979583e+00 -1.103484778080184725e+01 0.000000000000000000e+00 -2.865810598579665580e-01 2.036129602402247940e-01 0.000000000000000000e+00 1.823000000000000114e+02
1.592376973529336048e+00 -1.101486915250043097e+01 0.000000000000000000e+00 -2.860094037064353500e-01 1.997862830141627910e-01 0.000000000000000000e+00 1.824000000000000057e+02
1.563776033158692291e+00 -1.099489052419901292e+01 0.000000000000000000e+00 -2.860094037064375705e-01 1.997862830141805546e-01 0.000000000000000000e+00 1.825000000000000000e+02
1.535175092788048756e+00 -1.097491189589759664e+01 0.000000000000000000e+00 -2.860094037064353500e-01 1.997862830141627910e-01 0.000000000000000000e+00 1.826000000000000227e+02
1.506574152417405221e+00 -1.095493326759618036e+01 0.000000000000000000e+00 -2.860094037064353500e-01 1.997862830141627910e-01 0.000000000000000000e+00 1.827000000000000171e+02
1.477973212046761464e+00 -1.093495463929476230e+01 0.000000000000000000e+00 -2.860094037064375705e-01 1.997862830141805546e-01 0.000000000000000000e+00 1.828000000000000114e+02
1.449372271676117929e+00 -1.091497601099334602e+01 0.000000000000000000e+00 -2.860094037064353500e-01 1.997862830141627910e-01 0.000000000000000000e+00 1.829000000000000057e+02
1.418522074616713313e+00 -1.089690180021611532e+01 0.000000000000000000e+00 -3.085019705940461598e-01 1.807421077723070368e-01 0.000000000000000000e+00 1.830000000000000000e+02
1.371830532564529248e+00 -1.089224025823817144e+01 0.000000000000000000e+00 -4.669154205218406517e-01 4.661541977943883808e-02 0.000000000000000000e+00 1.831000000000000227e+02
1.325138990512345183e+00 -1.088757871626022755e+01 0.000000000000000000e+00 -4.669154205218406517e-01 4.661541977943883808e-02 0.000000000000000000e+00 1.832000000000000171e+02
1.278447448460161118e+00 -1.088291717428228189e+01 0.000000000000000000e+00 -4.669154205218406517e-01 4.661541977945660165e-02 0.000000000000000000e+00 1.833000000000000114e+02
1.231755906407977053e+00 -1.087825563230433801e+01 0.000000000000000000e+00 -4.669154205218406517e-01 4.661541977943883808e-02 0.000000000000000000e+00 1.834000000000000057e+02
1.185064364355792987e+00 -1.087359409032639412e+01 0.000000000000000000e+00 -4.669154205218406517e-01 4.661541977943883808e-02 0.000000000000000000e+00 1.835000000000000000e+02
1.138372822303608922e+00 -1.086893254834845024e+01 0.000000000000000000e+00 -4.669154205218406517e-01 4.661541977943883808e-02 0.000000000000000000e+00 1.836000000000000227e+02
1.091681280251424857e+00 -1.086427100637050636e+01 0.000000000000000000e+00 -4.669154205218406517e-01 4.661541977943883808e-02 0.000000000000000000e+00 1.837000000000000171e+02
1.044989738199240792e+00 -1.085960946439256247e+01 0.000000000000000000e+00 -4.669154205218406517e-01 4.661541977943883808e-02 0.000000000000000000e+00 1.838000000000000114e+02
9.982981961470568377e-01 -1.085494792241461681e+01 0.000000000000000000e+00 -4.669154205218395415e-01 4.661541977945660165e-02 0.000000000000000000e+00 1.839000000000000057e+02
9.516066540948726615e-01 -1.085028638043667293e+01 0.000000000000000000e+00 -4.669154205218417619e-01 4.661541977943883808e-02 0.000000000000000000e+00 1.840000000000000000e+02
9.049151120426885964e-01 -1.084562483845872904e+01 0.000000000000000000e+00 -4.669154205218406517e-01 4.661541977943883808e-02 0.000000000000000000e+00 1.841000000000000227e+02
8.623124444349560269e-01 -1.083825553106341388e+01 0.000000000000000000e+00 -4.260266760773256944e-01 7.369307395315161102e-02 0.000000000000000000e+00 1.842000000000000171e+02
8.213469721461614803e-01 -1.082980202777841683e+01 0.000000000000000000e+00 -4.096547228879454661e-01 8.453503284997054834e-02 0.000000000000000000e+00 1.843000000000000114e+02
7.803814998573670447e-01 -1.082134852449341977e+01 0.000000000000000000e+00 -4.096547228879443558e-01 8.453503284997054834e-02 0.000000000000000000e+00 1.844000000000000057e+02
7.394160275685726091e-01 -1.081289502120842272e+01 0.000000000000000000e+00 -4.096547228879443558e-01 8.453503284997054834e-02 0.000000000000000000e+00 1.845000000000000000e+02
6.984505552797781736e-01 -1.080444151792342566e+01 0.000000000000000000e+00 -4.096547228879443558e-01 8.453503284997054834e-02 0.000000000000000000e+00 1.846000000000000227e+02
6.574850829909836269e-01 -1.079598801463842861e+01 0.000000000000000000e+00 -4.096547228879454661e-01 8.453503284997054834e-02 0.000000000000000000e+00 1.847000000000000171e+02
6.165196107021890803e-01 -1.078753451135343155e+01 0.000000000000000000e+00 -4.096547228879454661e-01 8.453503284997054834e-02 0.000000000000000000e+00 1.848000000000000114e+02
5.755541384133946448e-01 -1.077908100806843450e+01 0.000000000000000000e+00 -4.096547228879443558e-01 8.453503284997054834e-02 0.000000000000000000e+00 1.849000000000000057e+02
5.345886661246002092e-01 -1.077062750478343744e+01 0.000000000000000000e+00 -4.096547228879443558e-01 8.453503284997054834e-02 0.000000000000000000e+00 1.850000000000000000e+02
4.936231938358057181e-01 -1.076217400149843861e+01 0.000000000000000000e+00 -4.096547228879449110e-01 8.453503284998831191e-02 0.000000000000000000e+00 1.851000000000000227e+02
4.589061554905302098e-01 -1.074943159041701435e+01 0.000000000000000000e+00 -3.471703834527550825e-01 1.274241108142426526e-01 0.000000000000000000e+00 1.852000000000000171e+02
4.327709966048830514e-01 -1.073079860098345684e+01 0.000000000000000000e+00 -2.613515888564715839e-01 1.863298943355751192e-01 0.000000000000000000e+00 1.853000000000000114e+02
4.066358377192358931e-01 -1.071216561154990110e+01 0.000000000000000000e+00 -2.613515888564715839e-01 1.863298943355573556e-01 0.000000000000000000e+00 1.854000000000000057e+02
3.805006788335887347e-01 -1.069353262211634537e+01 0.000000000000000000e+00 -2.613515888564715839e-01 1.863298943355573556e-01 0.000000000000000000e+00 1.855000000000000000e+02
3.543655199479415208e-01 -1.067489963268278785e+01 0.000000000000000000e+00 -2.613515888564721390e-01 1.863298943355751192e-01 0.000000000000000000e+00 1.856000000000000227e+02
3.282303610622944179e-01 -1.065626664324923212e+01 0.000000000000000000e+00 -2.613515888564710288e-01 1.863298943355573556e-01 0.000000000000000000e+00 1.857000000000000171e+02
3.020952021766472040e-01 -1.063763365381567638e+01 0.000000000000000000e+00 -2.613515888564721390e-01 1.863298943355573556e-01 0.000000000000000000e+00 1.858000000000000114e+02
2.759600432910001011e-01 -1.061900066438211887e+01 0.000000000000000000e+00 -2.613515888564710288e-01 1.863298943355751192e-01 0.000000000000000000e+00 1.859000000000000057e+02
2.529024464064127398e-01 -1.060383777358858381e+01 0.000000000000000000e+00 -2.305759688458736134e-01 1.516289079353505542e-01 0.000000000000000000e+00 1.860000000000000000e+02
2.300181421025330464e-01 -1.058887027848437157e+01 0.000000000000000000e+00 -2.288430430387969339e-01 1.496749510421224727e-01 0.000000000000000000e+00 1.861000000000000227e+02
2.071338377986533252e-01 -1.057390278338016110e+01 0.000000000000000000e+00 -2.288430430387972114e-01 1.496749510421047091e-01 0.000000000000000000e+00 1.862000000000000171e+02
1.842495334947736041e-01 -1.055893528827595063e+01 0.000000000000000000e+00 -2.288430430387972114e-01 1.496749510421047091e-01 0.000000000000000000e+00 1.863000000000000114e+02
1.613652291908939107e-01 -1.054396779317174015e+01 0.000000000000000000e+00 -2.288430430387969339e-01 1.496749510421047091e-01 0.000000000000000000e+00 1.864000000000000057e+02
1.384809248870141896e-01 -1.052900029806752968e+01 0.000000000000000000e+00 -2.288430430387972114e-01 1.496749510421047091e-01 0.000000000000000000e+00 1.865000000000000000e+02
1.147565850115741803e-01 -1.051546596287124125e+01 0.000000000000000000e+00 -2.372433987544000922e-01 1.353433519628843840e-01 0.000000000000000000e+00 1.866000000000000227e+02
9.066801988514125443e-02 -1.050255302163117044e+01 0.000000000000000000e+00 -2.408856512643292591e-01 1.291294124007080768e-01 0.000000000000000000e+00 1.867000000000000171e+02
6.657945475870831464e-02 -1.048964008039109963e+01 0.000000000000000000e+00 -2.408856512643293979e-01 1.291294124007080768e-01 0.000000000000000000e+00 1.868000000000000114e+02
4.249088963227538873e-02 -1.047672713915102882e+01 0.000000000000000000e+00 -2.408856512643292591e-01 1.291294124007080768e-01 0.000000000000000000e+00 1.869000000000000057e+02
1.840232450584244894e-02 -1.046381419791095801e+01 0.000000000000000000e+00 -2.408856512643293979e-01 1.291294124007080768e-01 0.000000000000000000e+00 1.870000000000000000e+02
-5.686240620590476968e-03 -1.045090125667088721e+01 0.000000000000000000e+00 -2.408856512643292591e-01 1.291294124007080768e-01 0.000000000000000000e+00 1.871000000000000227e+02
-3.467998009795241615e-02 -1.044578532540037941e+01 0.000000000000000000e+00 -2.899373947736193502e-01 5.115931270507800832e-02 0.000000000000000000e+00 1.872000000000000171e+02
-6.894641094013044536e-02 -1.044905059002561210e+01 0.000000000000000000e+00 -3.426643084217802504e-01 -3.265264625232688900e-02 0.000000000000000000e+00 1.873000000000000114e+02
-1.032128417823084537e-01 -1.045231585465084478e+01 0.000000000000000000e+00 -3.426643084217800839e-01 -3.265264625232688900e-02 0.000000000000000000e+00 1.874000000000000057e+02
-1.374792726244865038e-01 -1.045558111927607925e+01 0.000000000000000000e+00 -3.426643084217804724e-01 -3.265264625234465257e-02 0.000000000000000000e+00 1.875000000000000000e+02
-1.717457034666645121e-01 -1.045884638390131194e+01 0.000000000000000000e+00 -3.426643084217800839e-01 -3.265264625232688900e-02 0.000000000000000000e+00 1.876000000000000227e+02
-2.060121343088425483e-01 -1.046211164852654463e+01 0.000000000000000000e+00 -3.426643084217803614e-01 -3.265264625232688900e-02 0.000000000000000000e+00 1.877000000000000171e+02
-2.402785651510205567e-01 -1.046537691315177732e+01 0.000000000000000000e+00 -3.426643084217800839e-01 -3.265264625232688900e-02 0.000000000000000000e+00 1.878000000000000114e+02
-2.745449959931985928e-01 -1.046864217777701001e+01 0.000000000000000000e+00 -3.426643084217803614e-01 -3.265264625232688900e-02 0.000000000000000000e+00 1.879000000000000057e+02
-3.088114268353766567e-01 -1.047190744240224269e+01 0.000000000000000000e+00 -3.426643084217806390e-01 -3.265264625232688900e-02 0.000000000000000000e+00 1.880000000000000000e+02
-3.460332825709503402e-01 -1.048183234235162864e+01 0.000000000000000000e+00 -3.722185573557368343e-01 -9.924899949385945774e-02 0.000000000000000000e+00 1.881000000000000227e+02
-3.833572504111569801e-01 -1.049198733760154134e+01 0.000000000000000000e+00 -3.732396784020663993e-01 -1.015499524991270164e-01 0.000000000000000000e+00 1.882000000000000171e+02
-4.206812182513636200e-01 -1.050214233285145582e+01 0.000000000000000000e+00 -3.732396784020663993e-01 -1.015499524991447799e-01 0.000000000000000000e+00 1.883000000000000114e+02
-4.580051860915703155e-01 -1.051229732810136852e+01 0.000000000000000000e+00 -3.732396784020669545e-01 -1.015499524991270164e-01 0.000000000000000000e+00 1.884000000000000057e+02
-4.953291539317770109e-01 -1.052245232335128300e+01 0.000000000000000000e+00 -3.732396784020669545e-01 -1.015499524991447799e-01 0.000000000000000000e+00 1.885000000000000000e+02
-5.326531217719836508e-01 -1.053260731860119570e+01 0.000000000000000000e+00 -3.732396784020663993e-01 -1.015499524991270164e-01 0.000000000000000000e+00 1.886000000000000227e+02
-5.699770896121902908e-01 -1.054276231385111018e+01 0.000000000000000000e+00 -3.732396784020663993e-01 -1.015499524991447799e-01 0.000000000000000000e+00 1.887000000000000171e+02
-6.073010574523969307e-01 -1.055291730910102288e+01 0.000000000000000000e+00 -3.732396784020663993e-01 -1.015499524991270164e-01 0.000000000000000000e+00 1.888000000000000114e+02
-6.446250252926035706e-01 -1.056307230435093736e+01 0.000000000000000000e+00 -3.732396784020663993e-01 -1.015499524991447799e-01 0.000000000000000000e+00 1.889000000000000057e+02
-6.732792408594270306e-01 -1.058064438917371142e+01 0.000000000000000000e+00 -2.865421556682345994e-01 -1.757208482277405892e-01 0.000000000000000000e+00 1.890000000000000000e+02
-6.971560498029049091e-01 -1.060230360956091289e+01 0.000000000000000000e+00 -2.387680894347787852e-01 -2.165922038720147214e-01 0.000000000000000000e+00 1.891000000000000227e+02
-7.210328587463827876e-01 -1.062396282994811614e+01 0.000000000000000000e+00 -2.387680894347787852e-01 -2.165922038720324849e-01 0.000000000000000000e+00 1.892000000000000171e+02
-7.449096676898607772e-01 -1.064562205033531939e+01 0.000000000000000000e+00 -2.387680894347798954e-01 -2.165922038720324849e-01 0.000000000000000000e+00 1.893000000000000114e+02
-7.687864766333386557e-01 -1.066728127072252086e+01 0.000000000000000000e+00 -2.387680894347787852e-01 -2.165922038720147214e-01 0.000000000000000000e+00 1.894000000000000057e+02
-7.926632855768165342e-01 -1.068894049110972411e+01 0.000000000000000000e+00 -2.387680894347787852e-01 -2.165922038720324849e-01 0.000000000000000000e+00 1.895000000000000000e+02
-8.165400945202944127e-01 -1.071059971149692736e+01 0.000000000000000000e+00 -2.387680894347787852e-01 -2.165922038720324849e-01 0.000000000000000000e+00 1.896000000000000227e+02
-8.406231978101144087e-01 -1.073343690212166024e+01 0.000000000000000000e+00 -2.408310328981999593e-01 -2.283719062473288375e-01 0.000000000000000000e+00 1.897000000000000171e+02
-8.654159412429726084e-01 -1.076032623950988665e+01 0.000000000000000000e+00 -2.479274343285819970e-01 -2.688933738822640862e-01 0.000000000000000000e+00 1.898000000000000114e+02
-8.902086846758309191e-01 -1.078721557689811306e+01 0.000000000000000000e+00 -2.479274343285831073e-01 -2.688933738822640862e-01 0.000000000000000000e+00 1.899000000000000057e+02
-9.150014281086891188e-01 -1.081410491428633946e+01 0.000000000000000000e+00 -2.479274343285819970e-01 -2.688933738822640862e-01 0.000000000000000000e+00 1.900000000000000000e+02
-9.397941715415474295e-01 -1.084099425167456410e+01 0.000000000000000000e+00 -2.479274343285831073e-01 -2.688933738822463226e-01 0.000000000000000000e+00 1.901000000000000227e+02
-9.645869149744056292e-01 -1.086788358906279051e+01 0.000000000000000000e+00 -2.479274343285819970e-01 -2.688933738822640862e-01 0.000000000000000000e+00 1.902000000000000171e+02
-9.893796584072639400e-01 -1.089477292645101691e+01 0.000000000000000000e+00 -2.479274343285831073e-01 -2.688933738822640862e-01 0.000000000000000000e+00 1.903000000000000114e+02
-1.014172401840122140e+00 -1.092166226383924332e+01 0.000000000000000000e+00 -2.479274343285819970e-01 -2.688933738822640862e-01 0.000000000000000000e+00 1.904000000000000057e+02
-1.038965145272980450e+00 -1.094855160122746973e+01 0.000000000000000000e+00 -2.479274343285831073e-01 -2.688933738822640862e-01 0.000000000000000000e+00 1.905000000000000000e+02
-1.078125151748340560e+00 -1.097891059080961362e+01 0.000000000000000000e+00 -3.916000647536010959e-01 -3.035898958214389154e-01 0.000000000000000000e+00 1.906000000000000227e+02
-1.118339943456615249e+00 -1.100952430795445913e+01 0.000000000000000000e+00 -4.021479170827468863e-01 -3.061371714484550921e-01 0.000000000000000000e+00 1.907000000000000171e+02
-1.158554735164889937e+00 -1.104013802509930464e+01 0.000000000000000000e+00 -4.021479170827468863e-01 -3.061371714484550921e-01 0.000000000000000000e+00 1.908000000000000114e+02
-1.198769526873164626e+00 -1.107075174224415015e+01 0.000000000000000000e+00 -4.021479170827468863e-01 -3.061371714484550921e-01 0.000000000000000000e+00 1.909000000000000057e+02
-1.238984318581439314e+00 -1.110136545938899566e+01 0.000000000000000000e+00 -4.021479170827468863e-01 -3.061371714484550921e-01 0.000000000000000000e+00 1.910000000000000000e+02
-1.279199110289714003e+00 -1.113197917653384117e+01 0.000000000000000000e+00 -4.021479170827468863e-01 -3.061371714484550921e-01 0.000000000000000000e+00 1.911000000000000227e+02
-1.319413901997988692e+00 -1.116259289367868668e+01 0.000000000000000000e+00 -4.021479170827468863e-01 -3.061371714484550921e-01 0.000000000000000000e+00 1.912000000000000171e+02
-1.359628693706263380e+00 -1.119320661082353219e+01 0.000000000000000000e+00 -4.021479170827468863e-01 -3.061371714484550921e-01 0.000000000000000000e+00 1.913000000000000114e+02
-1.399843485414538069e+00 -1.122382032796837770e+01 0.000000000000000000e+00 -4.021479170827468863e-01 -3.061371714484550921e-01 0.000000000000000000e+00 1.914000000000000057e+02
-1.440058277122812758e+00 -1.125443404511322321e+01 0.000000000000000000e+00 -4.021479170827468863e-01 -3.061371714484550921e-01 0.000000000000000000e+00 1.915000000000000000e+02
-1.480273068831087446e+00 -1.128504776225806872e+01 0.000000000000000000e+00 -4.021479170827468863e-01 -3.061371714484550921e-01 0.000000000000000000e+00 1.916000000000000227e+02
-1.520487860539362135e+00 -1.131566147940291422e+01 0.000000000000000000e+00 -4.021479170827468863e-01 -3.061371714484550921e-01 0.000000000000000000e+00 1.917000000000000171e+02
-1.556884103329546631e+00 -1.134111424369288557e+01 0.000000000000000000e+00 -3.639624279018449649e-01 -2.545276428997134133e-01 0.000000000000000000e+00 1.918000000000000114e+02
-1.588824396713071296e+00 -1.136054457765532533e+01 0.000000000000000000e+00 -3.194029338352466496e-01 -1.943033396243976085e-01 0.000000000000000000e+00 1.919000000000000057e+02
-1.620764690096595961e+00 -1.137997491161776509e+01 0.000000000000000000e+00 -3.194029338352466496e-01 -1.943033396243976085e-01 0.000000000000000000e+00 1.920000000000000000e+02
-1.652704983480120626e+00 -1.139940524558020485e+01 0.000000000000000000e+00 -3.194029338352466496e-01 -1.943033396243976085e-01 0.000000000000000000e+00 1.921000000000000227e+02
-1.684645276863645513e+00 -1.141883557954264461e+01 0.000000000000000000e+00 -3.194029338352488701e-01 -1.943033396243976085e-01 0.000000000000000000e+00 1.922000000000000171e+02
-1.716585570247170178e+00 -1.143826591350508437e+01 0.000000000000000000e+00 -3.194029338352466496e-01 -1.943033396243976085e-01 0.000000000000000000e+00 1.923000000000000114e+02
-1.748525863630694843e+00 -1.145769624746752413e+01 0.000000000000000000e+00 -3.194029338352466496e-01 -1.943033396243976085e-01 0.000000000000000000e+00 1.924000000000000057e+02
-1.780466157014219508e+00 -1.147712658142996389e+01 0.000000000000000000e+00 -3.194029338352466496e-01 -1.943033396243976085e-01 0.000000000000000000e+00 1.925000000000000000e+02
-1.812406450397744173e+00 -1.149655691539240188e+01 0.000000000000000000e+00 -3.194029338352466496e-01 -1.943033396243798450e-01 0.000000000000000000e+00 1.926000000000000227e+02
-1.844346743781268838e+00 -1.151598724935484164e+01 0.000000000000000000e+00 -3.194029338352466496e-01 -1.943033396243976085e-01 0.000000000000000000e+00 1.927000000000000171e+02
-1.870019290233091214e+00 -1.152894654066443714e+01 0.000000000000000000e+00 -2.567254645182237560e-01 -1.295929130959549980e-01 0.000000000000000000e+00 1.928000000000000114e+02
-1.894574802474364272e+00 -1.154075256651837300e+01 0.000000000000000000e+00 -2.455551224127305865e-01 -1.180602585393586423e-01 0.000000000000000000e+00 1.929000000000000057e+02
-1.919130314715637553e+00 -1.155255859237230887e+01 0.000000000000000000e+00 -2.455551224127328069e-01 -1.180602585393586423e-01 0.000000000000000000e+00 1.930000000000000000e+02
-1.943685826956910612e+00 -1.156436461822624473e+01 0.000000000000000000e+00 -2.455551224127305865e-01 -1.180602585393586423e-01 0.000000000000000000e+00 1.931000000000000227e+02
-1.968241339198183892e+00 -1.157617064408018059e+01 0.000000000000000000e+00 -2.455551224127328069e-01 -1.180602585393586423e-01 0.000000000000000000e+00 1.932000000000000171e+02
-1.992796851439456951e+00 -1.158797666993411646e+01 0.000000000000000000e+00 -2.455551224127305865e-01 -1.180602585393586423e-01 0.000000000000000000e+00 1.933000000000000114e+02
-2.017352363680730232e+00 -1.159978269578805232e+01 0.000000000000000000e+00 -2.455551224127328069e-01 -1.180602585393586423e-01 0.000000000000000000e+00 1.934000000000000057e+02
-2.041919908752018564e+00 -1.160620517802873763e+01 0.000000000000000000e+00 -2.456754507128833254e-01 -6.422482240685312149e-02 0.000000000000000000e+00 1.935000000000000000e+02
-2.066495205145000291e+00 -1.160915968321454450e+01 0.000000000000000000e+00 -2.457529639298172697e-01 -2.954505185806866052e-02 0.000000000000000000e+00 1.936000000000000227e+02
-2.091070501537982018e+00 -1.161211418840035137e+01 0.000000000000000000e+00 -2.457529639298172697e-01 -2.954505185806866052e-02 0.000000000000000000e+00 1.937000000000000171e+02
-2.115645797930964189e+00 -1.161506869358615823e+01 0.000000000000000000e+00 -2.457529639298217106e-01 -2.954505185806866052e-02 0.000000000000000000e+00 1.938000000000000114e+02
-2.140221094323945916e+00 -1.161802319877196688e+01 0.000000000000000000e+00 -2.457529639298172697e-01 -2.954505185808642409e-02 0.000000000000000000e+00 1.939000000000000057e+02
-2.164796390716927643e+00 -1.162097770395777374e+01 0.000000000000000000e+00 -2.457529639298172697e-01 -2.954505185806866052e-02 0.000000000000000000e+00 1.940000000000000000e+02
-2.189371687109909814e+00 -1.162393220914358061e+01 0.000000000000000000e+00 -2.457529639298217106e-01 -2.954505185806866052e-02 0.000000000000000000e+00 1.941000000000000227e+02
-2.210425535645066386e+00 -1.161518459677750492e+01 0.000000000000000000e+00 -2.105384853515657184e-01 8.747612366075685486e-02 0.000000000000000000e+00 1.942000000000000171e+02
-2.222876140296049297e+00 -1.157784755888964590e+01 0.000000000000000000e+00 -1.245060465098291047e-01 3.733703788785902589e-01 0.000000000000000000e+00 1.943000000000000114e+02
-2.235326744947032207e+00 -1.154051052100178865e+01 0.000000000000000000e+00 -1.245060465098291047e-01 3.733703788785724953e-01 0.000000000000000000e+00 1.944000000000000057e+02
-2.247777349598014673e+00 -1.150317348311393140e+01 0.000000000000000000e+00 -1.245060465098246638e-01 3.733703788785724953e-01 0.000000000000000000e+00 1.945000000000000000e+02
-2.260227954248997584e+00 -1.146583644522607237e+01 0.000000000000000000e+00 -1.245060465098291047e-01 3.733703788785902589e-01 0.000000000000000000e+00 1.946000000000000227e+02
-2.272678558899980494e+00 -1.142849940733821512e+01 0.000000000000000000e+00 -1.245060465098291047e-01 3.733703788785724953e-01 0.000000000000000000e+00 1.947000000000000171e+02
-2.285129163550962961e+00 -1.139116236945035787e+01 0.000000000000000000e+00 -1.245060465098246638e-01 3.733703788785724953e-01 0.000000000000000000e+00 1.948000000000000114e+02
-2.297579768201945871e+00 -1.135382533156249885e+01 0.000000000000000000e+00 -1.245060465098291047e-01 3.733703788785902589e-01 0.000000000000000000e+00 1.949000000000000057e+02
-2.310030372852928782e+00 -1.131648829367464160e+01 0.000000000000000000e+00 -1.245060465098291047e-01 3.733703788785724953e-01 0.000000000000000000e+00 1.950000000000000000e+02
-2.322480977503911692e+00 -1.127915125578678257e+01 0.000000000000000000e+00 -1.245060465098291047e-01 3.733703788785902589e-01 0.000000000000000000e+00 1.951000000000000227e+02
-2.334931582154894159e+00 -1.124181421789892532e+01 0.000000000000000000e+00 -1.245060465098246638e-01 3.733703788785724953e-01 0.000000000000000000e+00 1.952000000000000171e+02
-2.347512468666138385e+00 -1.120471336325714695e+01 0.000000000000000000e+00 -1.258088651124422697e-01 3.710085464177836911e-01 0.000000000000000000e+00 1.953000000000000114e+02
-2.362264346403371018e+00 -1.117154821964940048e+01 0.000000000000000000e+00 -1.475187773723263263e-01 3.316514360774647230e-01 0.000000000000000000e+00 1.954000000000000057e+02
-2.377016224140603651e+00 -1.113838307604165401e+01 0.000000000000000000e+00 -1.475187773723263263e-01 3.316514360774647230e-01 0.000000000000000000e+00 1.955000000000000000e+02
-2.391768101877836283e+00 -1.110521793243390576e+01 0.000000000000000000e+00 -1.475187773723263263e-01 3.316514360774824866e-01 0.000000000000000000e+00 1.956000000000000227e+02
-2.406519979615068916e+00 -1.107205278882615929e+01 0.000000000000000000e+00 -1.475187773723263263e-01 3.316514360774647230e-01 0.000000000000000000e+00 1.957000000000000171e+02
-2.421271857352301549e+00 -1.103888764521841281e+01 0.000000000000000000e+00 -1.475187773723263263e-01 3.316514360774647230e-01 0.000000000000000000e+00 1.958000000000000114e+02
-2.436023735089534181e+00 -1.100572250161066457e+01 0.000000000000000000e+00 -1.475187773723263263e-01 3.316514360774824866e-01 0.000000000000000000e+00 1.959000000000000057e+02
-2.450775612826766814e+00 -1.097255735800291809e+01 0.000000000000000000e+00 -1.475187773723263263e-01 3.316514360774647230e-01 0.000000000000000000e+00 1.960000000000000000e+02
-2.465527490563999446e+00 -1.093939221439517162e+01 0.000000000000000000e+00 -1.475187773723263263e-01 3.316514360774647230e-01 0.000000000000000000e+00 1.961000000000000227e+02
-2.488380111975562858e+00 -1.091593114807189835e+01 0.000000000000000000e+00 -2.285262141156341187e-01 2.346106632327327191e-01 0.000000000000000000e+00 1.962000000000000171e+02
-2.529353870129545268e+00 -1.091417783087642057e+01 0.000000000000000000e+00 -4.097375815398240917e-01 1.753317195477777091e-02 0.000000000000000000e+00 1.963000000000000114e+02
-2.570327628283528121e+00 -1.091242451368094457e+01 0.000000000000000000e+00 -4.097375815398285326e-01 1.753317195476000734e-02 0.000000000000000000e+00 1.964000000000000057e+02
-2.611301386437510530e+00 -1.091067119648546679e+01 0.000000000000000000e+00 -4.097375815398240917e-01 1.753317195477777091e-02 0.000000000000000000e+00 1.965000000000000000e+02
-2.652275144591492939e+00 -1.090891787928999079e+01 0.000000000000000000e+00 -4.097375815398240917e-01 1.753317195476000734e-02 0.000000000000000000e+00 1.966000000000000227e+02
-2.693248902745475348e+00 -1.090716456209451479e+01 0.000000000000000000e+00 -4.097375815398240917e-01 1.753317195476000734e-02 0.000000000000000000e+00 1.967000000000000171e+02
-2.734222660899457757e+00 -1.090541124489903702e+01 0.000000000000000000e+00 -4.097375815398240917e-01 1.753317195477777091e-02 0.000000000000000000e+00 1.968000000000000114e+02
-2.775196419053440611e+00 -1.090365792770356101e+01 0.000000000000000000e+00 -4.097375815398285326e-01 1.753317195476000734e-02 0.000000000000000000e+00 1.969000000000000057e+02
-2.816170177207423020e+00 -1.090190461050808324e+01 0.000000000000000000e+00 -4.097375815398240917e-01 1.753317195477777091e-02 0.000000000000000000e+00 1.970000000000000000e+02
-2.857143935361405429e+00 -1.090015129331260724e+01 0.000000000000000000e+00 -4.097375815398240917e-01 1.753317195476000734e-02 0.000000000000000000e+00 1.971000000000000227e+02
-2.906760454373174429e+00 -1.090447090445334943e+01 0.000000000000000000e+00 -4.961651901176900026e-01 -4.319611140742196653e-02 0.000000000000000000e+00 1.972000000000000171e+02
-2.957514034521193214e+00 -1.090958948376039395e+01 0.000000000000000000e+00 -5.075358014801878426e-01 -5.118579307044512916e-02 0.000000000000000000e+00 1.973000000000000114e+02
-3.008267614669211998e+00 -1.091470806306743846e+01 0.000000000000000000e+00 -5.075358014801878426e-01 -5.118579307044512916e-02 0.000000000000000000e+00 1.974000000000000057e+02
-3.059021194817230782e+00 -1.091982664237448475e+01 0.000000000000000000e+00 -5.075358014801878426e-01 -5.118579307046289273e-02 0.000000000000000000e+00 1.975000000000000000e+02
-3.109774774965249122e+00 -1.092494522168152926e+01 0.000000000000000000e+00 -5.075358014801834017e-01 -5.118579307044512916e-02 0.000000000000000000e+00 1.976000000000000227e+02
-3.160528355113267907e+00 -1.093006380098857555e+01 0.000000000000000000e+00 -5.075358014801878426e-01 -5.118579307046289273e-02 0.000000000000000000e+00 1.977000000000000171e+02
-3.211281935261286691e+00 -1.093518238029562006e+01 0.000000000000000000e+00 -5.075358014801878426e-01 -5.118579307044512916e-02 0.000000000000000000e+00 1.978000000000000114e+02
-3.262035515409305475e+00 -1.094030095960266458e+01 0.000000000000000000e+00 -5.075358014801878426e-01 -5.118579307044512916e-02 0.000000000000000000e+00 1.979000000000000057e+02
-3.312789095557324259e+00 -1.094541953890971087e+01 0.000000000000000000e+00 -5.075358014801878426e-01 -5.118579307046289273e-02 0.000000000000000000e+00 1.980000000000000000e+02
-3.363542675705343044e+00 -1.095053811821675538e+01 0.000000000000000000e+00 -5.075358014801878426e-01 -5.118579307044512916e-02 0.000000000000000000e+00 1.981000000000000227e+02
-3.414296255853361828e+00 -1.095565669752379989e+01 0.000000000000000000e+00 -5.075358014801878426e-01 -5.118579307044512916e-02 0.000000000000000000e+00 1.982000000000000171e+02
-3.465049836001380612e+00 -1.096077527683084618e+01 0.000000000000000000e+00 -5.075358014801878426e-01 -5.118579307046289273e-02 0.000000000000000000e+00 1.983000000000000114e+02
-3.513809117248437808e+00 -1.096610648868014870e+01 0.000000000000000000e+00 -4.875928124705719569e-01 -5.331211849302519568e-02 0.000000000000000000e+00 1.984000000000000057e+02
-3.560826924947179783e+00 -1.097162337678273047e+01 0.000000000000000000e+00 -4.701780769874197574e-01 -5.516888102581773978e-02 0.000000000000000000e+00 1.985000000000000000e+02
-3.607844732645922203e+00 -1.097714026488531225e+01 0.000000000000000000e+00 -4.701780769874241983e-01 -5.516888102581773978e-02 0.000000000000000000e+00 1.986000000000000227e+02
-3.654862540344664179e+00 -1.098265715298789580e+01 0.000000000000000000e+00 -4.701780769874197574e-01 -5.516888102583550335e-02 0.000000000000000000e+00 1.987000000000000171e+02
-3.701880348043406155e+00 -1.098817404109047757e+01 0.000000000000000000e+00 -4.701780769874197574e-01 -5.516888102581773978e-02 0.000000000000000000e+00 1.988000000000000114e+02
-3.748898155742148575e+00 -1.099369092919305935e+01 0.000000000000000000e+00 -4.701780769874241983e-01 -5.516888102581773978e-02 0.000000000000000000e+00 1.989000000000000057e+02
-3.795915963440890550e+00 -1.099920781729564290e+01 0.000000000000000000e+00 -4.701780769874197574e-01 -5.516888102583550335e-02 0.000000000000000000e+00 1.990000000000000000e+02
-3.842933771139632526e+00 -1.100472470539822467e+01 0.000000000000000000e+00 -4.701780769874197574e-01 -5.516888102581773978e-02 0.000000000000000000e+00 1.991000000000000227e+02
-3.889951578838374946e+00 -1.101024159350080645e+01 0.000000000000000000e+00 -4.701780769874241983e-01 -5.516888102581773978e-02 0.000000000000000000e+00 1.992000000000000171e+02
-3.936969386537116922e+00 -1.101575848160339000e+01 0.000000000000000000e+00 -4.701780769874197574e-01 -5.516888102583550335e-02 0.000000000000000000e+00 1.993000000000000114e+02
-3.983987194235858897e+00 -1.102127536970597177e+01 0.000000000000000000e+00 -4.701780769874197574e-01 -5.516888102581773978e-02 0.000000000000000000e+00 1.994000000000000057e+02
-4.031005001934601317e+00 -1.102679225780855354e+01 0.000000000000000000e+00 -4.701780769874241983e-01 -5.516888102581773978e-02 0.000000000000000000e+00 1.995000000000000000e+02
-4.068270784099143000e+00 -1.103102113554811048e+01 0.000000000000000000e+00 -3.726578216454168313e-01 -4.228877739556935467e-02 0.000000000000000000e+00 1.996000000000000227e+02
-4.104207718047132580e+00 -1.103507450408008772e+01 0.000000000000000000e+00 -3.593693394798957996e-01 -4.053368531977241673e-02 0.000000000000000000e+00 1.997000000000000171e+02
-4.140144651995121272e+00 -1.103912787261206496e+01 0.000000000000000000e+00 -3.593693394798869178e-01 -4.053368531977241673e-02 0.000000000000000000e+00 1.998000000000000114e+02
-4.176081585943109964e+00 -1.104318124114404220e+01 0.000000000000000000e+00 -3.593693394798869178e-01 -4.053368531977241673e-02 0.000000000000000000e+00 1.999000000000000057e+02
-4.212018519891099544e+00 -1.104723460967601945e+01 0.000000000000000000e+00 -3.593693394798957996e-01 -4.053368531977241673e-02 0.000000000000000000e+00 2.000000000000000000e+02
-4.247955453839088236e+00 -1.105128797820799491e+01 0.000000000000000000e+00 -3.593693394798869178e-01 -4.053368531975465316e-02 0.000000000000000000e+00 2.001000000000000227e+02
-4.283892387787076927e+00 -1.105534134673997215e+01 0.000000000000000000e+00 -3.593693394798869178e-01 -4.053368531977241673e-02 0.000000000000000000e+00 2.002000000000000171e+02
-4.319829321735066507e+00 -1.105939471527194939e+01 0.000000000000000000e+00 -3.593693394798957996e-01 -4.053368531977241673e-02 0.000000000000000000e+00 2.003000000000000114e+02
-4.351808898206019016e+00 -1.106492874402944437e+01 0.000000000000000000e+00 -3.197957647095250877e-01 -5.534028757494979800e-02 0.000000000000000000e+00 2.004000000000000057e+02
-4.383755620851811585e+00 -1.107047506516953206e+01 0.000000000000000000e+00 -3.194672264579256904e-01 -5.546321140087684398e-02 0.000000000000000000e+00 2.005000000000000000e+02
-4.415702343497605042e+00 -1.107602138630962152e+01 0.000000000000000000e+00 -3.194672264579345722e-01 -5.546321140089460755e-02 0.000000000000000000e+00 2.006000000000000227e+02
-4.447649066143397611e+00 -1.108156770744970920e+01 0.000000000000000000e+00 -3.194672264579256904e-01 -5.546321140087684398e-02 0.000000000000000000e+00 2.007000000000000171e+02
-4.479595788789191069e+00 -1.108711402858979866e+01 0.000000000000000000e+00 -3.194672264579345722e-01 -5.546321140089460755e-02 0.000000000000000000e+00 2.008000000000000114e+02
-4.511542511434983638e+00 -1.109266034972988635e+01 0.000000000000000000e+00 -3.194672264579256904e-01 -5.546321140087684398e-02 0.000000000000000000e+00 2.009000000000000057e+02
-4.543489234080777095e+00 -1.109820667086997581e+01 0.000000000000000000e+00 -3.194672264579345722e-01 -5.546321140089460755e-02 0.000000000000000000e+00 2.010000000000000000e+02
-4.574117651761547165e+00 -1.110865594925397204e+01 0.000000000000000000e+00 -3.062841768077007032e-01 -1.044927838399622999e-01 0.000000000000000000e+00 2.011000000000000227e+02
-4.602022021884469183e+00 -1.112923633467379325e+01 0.000000000000000000e+00 -2.790437012292201757e-01 -2.058038541982121217e-01 0.000000000000000000e+00 2.012000000000000171e+02
-4.629926392007390312e+00 -1.114981672009361269e+01 0.000000000000000000e+00 -2.790437012292112939e-01 -2.058038541981943581e-01 0.000000000000000000e+00 2.013000000000000114e+02
-4.657830762130312330e+00 -1.117039710551343390e+01 0.000000000000000000e+00 -2.790437012292201757e-01 -2.058038541982121217e-01 0.000000000000000000e+00 2.014000000000000057e+02
-4.685735132253234347e+00 -1.119097749093325511e+01 0.000000000000000000e+00 -2.790437012292201757e-01 -2.058038541982121217e-01 0.000000000000000000e+00 2.015000000000000000e+02
-4.713639502376156365e+00 -1.121155787635307455e+01 0.000000000000000000e+00 -2.790437012292201757e-01 -2.058038541981943581e-01 0.000000000000000000e+00 2.016000000000000227e+02
-4.741543872499078383e+00 -1.123213826177289576e+01 0.000000000000000000e+00 -2.790437012292201757e-01 -2.058038541982121217e-01 0.000000000000000000e+00 2.017000000000000171e+02
-4.769448242621999512e+00 -1.125271864719271697e+01 0.000000000000000000e+00 -2.790437012292112939e-01 -2.058038541982121217e-01 0.000000000000000000e+00 2.018000000000000114e+02
-4.797352612744921529e+00 -1.127329903261253641e+01 0.000000000000000000e+00 -2.790437012292201757e-01 -2.058038541981943581e-01 0.000000000000000000e+00 2.019000000000000057e+02
-4.820610363071978988e+00 -1.129240518139837235e+01 0.000000000000000000e+00 -2.325775032705745815e-01 -1.910614878583594134e-01 0.000000000000000000e+00 2.020000000000000000e+02
-4.842299511521146904e+00 -1.131101365866079789e+01 0.000000000000000000e+00 -2.168914844916791651e-01 -1.860847726242553790e-01 0.000000000000000000e+00 2.021000000000000227e+02
-4.863988659970314821e+00 -1.132962213592322165e+01 0.000000000000000000e+00 -2.168914844916791651e-01 -1.860847726242376154e-01 0.000000000000000000e+00 2.022000000000000171e+02
-4.885677808419482737e+00 -1.134823061318564719e+01 0.000000000000000000e+00 -2.168914844916791651e-01 -1.860847726242553790e-01 0.000000000000000000e+00 2.023000000000000114e+02
-4.907366956868650654e+00 -1.136683909044807095e+01 0.000000000000000000e+00 -2.168914844916791651e-01 -1.860847726242376154e-01 0.000000000000000000e+00 2.024000000000000057e+02
-4.929056105317818570e+00 -1.138544756771049649e+01 0.000000000000000000e+00 -2.168914844916791651e-01 -1.860847726242553790e-01 0.000000000000000000e+00 2.025000000000000000e+02
-4.950995323389696168e+00 -1.140452631450670573e+01 0.000000000000000000e+00 -2.193921807187759754e-01 -1.907874679620924496e-01 0.000000000000000000e+00 2.026000000000000227e+02
-4.973701187545535696e+00 -1.142504678098311643e+01 0.000000000000000000e+00 -2.270586415583952800e-01 -2.052046647641070365e-01 0.000000000000000000e+00 2.027000000000000171e+02
-4.996407051701374336e+00 -1.144556724745952714e+01 0.000000000000000000e+00 -2.270586415583863982e-01 -2.052046647641070365e-01 0.000000000000000000e+00 2.028000000000000114e+02
-5.019112915857212975e+00 -1.146608771393593784e+01 0.000000000000000000e+00 -2.270586415583863982e-01 -2.052046647641070365e-01 0.000000000000000000e+00 2.029000000000000057e+02
-5.041818780013051615e+00 -1.148660818041234677e+01 0.000000000000000000e+00 -2.270586415583863982e-01 -2.052046647640892729e-01 0.000000000000000000e+00 2.030000000000000000e+02
-5.064524644168890255e+00 -1.150712864688875747e+01 0.000000000000000000e+00 -2.270586415583863982e-01 -2.052046647641070365e-01 0.000000000000000000e+00 2.031000000000000227e+02
-5.087230508324728895e+00 -1.152764911336516818e+01 0.000000000000000000e+00 -2.270586415583863982e-01 -2.052046647641070365e-01 0.000000000000000000e+00 2.032000000000000171e+02
-5.108682338921430421e+00 -1.155949311768891796e+01 0.000000000000000000e+00 -2.145183059670152659e-01 -3.184400432374978607e-01 0.000000000000000000e+00 2.033000000000000114e+02
-5.129681227050635783e+00 -1.159542705336738067e+01 0.000000000000000000e+00 -2.099888812920536196e-01 -3.593393567846270287e-01 0.000000000000000000e+00 2.034000000000000057e+02
-5.150680115179840257e+00 -1.163136098904584337e+01 0.000000000000000000e+00 -2.099888812920447378e-01 -3.593393567846270287e-01 0.000000000000000000e+00 2.035000000000000000e+02
-5.171679003309044731e+00 -1.166729492472430607e+01 0.000000000000000000e+00 -2.099888812920447378e-01 -3.593393567846270287e-01 0.000000000000000000e+00 2.036000000000000227e+02
-5.192677891438250093e+00 -1.170322886040276877e+01 0.000000000000000000e+00 -2.099888812920536196e-01 -3.593393567846270287e-01 0.000000000000000000e+00 2.037000000000000171e+02
-5.213676779567454567e+00 -1.173916279608123148e+01 0.000000000000000000e+00 -2.099888812920447378e-01 -3.593393567846270287e-01 0.000000000000000000e+00 2.038000000000000114e+02
-5.234675667696659040e+00 -1.177509673175969418e+01 0.000000000000000000e+00 -2.099888812920447378e-01 -3.593393567846270287e-01 0.000000000000000000e+00 2.039000000000000057e+02
-5.255674555825864402e+00 -1.181103066743815688e+01 0.000000000000000000e+00 -2.099888812920536196e-01 -3.593393567846270287e-01 0.000000000000000000e+00 2.040000000000000000e+02
-5.276673443955068876e+00 -1.184696460311661959e+01 0.000000000000000000e+00 -2.099888812920447378e-01 -3.593393567846270287e-01 0.000000000000000000e+00 2.041000000000000227e+02
-5.297672332084273350e+00 -1.188289853879508229e+01 0.000000000000000000e+00 -2.099888812920447378e-01 -3.593393567846270287e-01 0.000000000000000000e+00 2.042000000000000171e+02
-5.319054608967002551e+00 -1.192155828501297066e+01 0.000000000000000000e+00 -2.138227688272920091e-01 -3.865974621788836885e-01 0.000000000000000000e+00 2.043000000000000114e+02
-5.340982119110048387e+00 -1.196409452096551185e+01 0.000000000000000000e+00 -2.192751014304583634e-01 -4.253623595254119039e-01 0.000000000000000000e+00 2.044000000000000057e+02
-5.362909629253094224e+00 -1.200663075691805304e+01 0.000000000000000000e+00 -2.192751014304583634e-01 -4.253623595254119039e-01 0.000000000000000000e+00 2.045000000000000000e+02
-5.384837139396140060e+00 -1.204916699287059245e+01 0.000000000000000000e+00 -2.192751014304583634e-01 -4.253623595253941403e-01 0.000000000000000000e+00 2.046000000000000227e+02
-5.406764649539185896e+00 -1.209170322882313364e+01 0.000000000000000000e+00 -2.192751014304583634e-01 -4.253623595254119039e-01 0.000000000000000000e+00 2.047000000000000171e+02
-5.428692159682231733e+00 -1.213423946477567483e+01 0.000000000000000000e+00 -2.192751014304583634e-01 -4.253623595254119039e-01 0.000000000000000000e+00 2.048000000000000114e+02
-5.450619669825277569e+00 -1.217677570072821425e+01 0.000000000000000000e+00 -2.192751014304583634e-01 -4.253623595253941403e-01 0.000000000000000000e+00 2.049000000000000057e+02
-5.472547179968323405e+00 -1.221931193668075544e+01 0.000000000000000000e+00 -2.192751014304583634e-01 -4.253623595254119039e-01 0.000000000000000000e+00 2.050000000000000000e+02
-5.494474690111369242e+00 -1.226184817263329663e+01 0.000000000000000000e+00 -2.192751014304583634e-01 -4.253623595254119039e-01 0.000000000000000000e+00 2.051000000000000227e+02
-5.516402200254415078e+00 -1.230438440858583604e+01 0.000000000000000000e+00 -2.192751014304583634e-01 -4.253623595253941403e-01 0.000000000000000000e+00 2.052000000000000171e+02
-5.538329710397460914e+00 -1.234692064453837723e+01 0.000000000000000000e+00 -2.192751014304583634e-01 -4.253623595254119039e-01 0.000000000000000000e+00 2.053000000000000114e+02
-5.560257220540506751e+00 -1.238945688049091842e+01 0.000000000000000000e+00 -2.192751014304583634e-01 -4.253623595254119039e-01 0.000000000000000000e+00 2.054000000000000057e+02
-5.572349805351089813e+00 -1.242672034437630835e+01 0.000000000000000000e+00 -1.209258481058306245e-01 -3.726346388538992471e-01 0.000000000000000000e+00 2.055000000000000000e+02
-5.582586754472877999e+00 -1.246298895129065443e+01 0.000000000000000000e+00 -1.023694912178818583e-01 -3.626860691434607986e-01 0.000000000000000000e+00 2.056000000000000227e+02
-5.592823703594665297e+00 -1.249925755820500228e+01 0.000000000000000000e+00 -1.023694912178729766e-01 -3.626860691434785622e-01 0.000000000000000000e+00 2.057000000000000171e+02
-5.603060652716453482e+00 -1.253552616511934836e+01 0.000000000000000000e+00 -1.023694912178818583e-01 -3.626860691434607986e-01 0.000000000000000000e+00 2.058000000000000114e+02
-5.613297601838240780e+00 -1.257179477203369444e+01 0.000000000000000000e+00 -1.023694912178729766e-01 -3.626860691434607986e-01 0.000000000000000000e+00 2.059000000000000057e+02
-5.623534550960028966e+00 -1.260806337894804230e+01 0.000000000000000000e+00 -1.023694912178818583e-01 -3.626860691434785622e-01 0.000000000000000000e+00 2.060000000000000000e+02
-5.633771500081816264e+00 -1.264433198586238838e+01 0.000000000000000000e+00 -1.023694912178729766e-01 -3.626860691434607986e-01 0.000000000000000000e+00 2.061000000000000227e+02
-5.644008449203604449e+00 -1.268060059277673446e+01 0.000000000000000000e+00 -1.023694912178818583e-01 -3.626860691434607986e-01 0.000000000000000000e+00 2.062000000000000171e+02
-5.653916546129022613e+00 -1.271748970619439234e+01 0.000000000000000000e+00 -9.908096925418163892e-02 -3.688911341765788166e-01 0.000000000000000000e+00 2.063000000000000114e+02
-5.663212513185743369e+00 -1.275553383870145119e+01 0.000000000000000000e+00 -9.295967056720755295e-02 -3.804413250705884764e-01 0.000000000000000000e+00 2.064000000000000057e+02
-5.672508480242464124e+00 -1.279357797120851004e+01 0.000000000000000000e+00 -9.295967056720755295e-02 -3.804413250705884764e-01 0.000000000000000000e+00 2.065000000000000000e+02
-5.681804447299184879e+00 -1.283162210371556888e+01 0.000000000000000000e+00 -9.295967056720755295e-02 -3.804413250705884764e-01 0.000000000000000000e+00 2.066000000000000227e+02
-5.691100414355905635e+00 -1.286966623622262595e+01 0.000000000000000000e+00 -9.295967056720755295e-02 -3.804413250705707128e-01 0.000000000000000000e+00 2.067000000000000171e+02
-5.700396381412626390e+00 -1.290771036872968480e+01 0.000000000000000000e+00 -9.295967056720755295e-02 -3.804413250705884764e-01 0.000000000000000000e+00 2.068000000000000114e+02
-5.709692348469347145e+00 -1.294575450123674365e+01 0.000000000000000000e+00 -9.295967056720755295e-02 -3.804413250705884764e-01 0.000000000000000000e+00 2.069000000000000057e+02
-5.718988315526067900e+00 -1.298379863374380250e+01 0.000000000000000000e+00 -9.295967056720755295e-02 -3.804413250705884764e-01 0.000000000000000000e+00 2.070000000000000000e+02
-5.728284282582788656e+00 -1.302184276625085957e+01 0.000000000000000000e+00 -9.295967056720755295e-02 -3.804413250705707128e-01 0.000000000000000000e+00 2.071000000000000227e+02
-5.737573496852416355e+00 -1.305986954716510340e+01 0.000000000000000000e+00 -9.289214269627699139e-02 -3.802678091424382956e-01 0.000000000000000000e+00 2.072000000000000171e+02
-5.746742329746391320e+00 -1.309758700267278719e+01 0.000000000000000000e+00 -9.168832893974965259e-02 -3.771745550768379474e-01 0.000000000000000000e+00 2.073000000000000114e+02
-5.755911162640366285e+00 -1.313530445818047099e+01 0.000000000000000000e+00 -9.168832893974965259e-02 -3.771745550768379474e-01 0.000000000000000000e+00 2.074000000000000057e+02
-5.765079995534341251e+00 -1.317302191368815478e+01 0.000000000000000000e+00 -9.168832893974965259e-02 -3.771745550768379474e-01 0.000000000000000000e+00 2.075000000000000000e+02
-5.774248828428316216e+00 -1.321073936919583858e+01 0.000000000000000000e+00 -9.168832893974965259e-02 -3.771745550768379474e-01 0.000000000000000000e+00 2.076000000000000227e+02
-5.783417661322291181e+00 -1.324845682470352415e+01 0.000000000000000000e+00 -9.168832893974965259e-02 -3.771745550768557109e-01 0.000000000000000000e+00 2.077000000000000171e+02
-5.792586494216266146e+00 -1.328617428021120794e+01 0.000000000000000000e+00 -9.168832893974965259e-02 -3.771745550768379474e-01 0.000000000000000000e+00 2.078000000000000114e+02
-5.801755327110241112e+00 -1.332389173571889174e+01 0.000000000000000000e+00 -9.168832893974965259e-02 -3.771745550768379474e-01 0.000000000000000000e+00 2.079000000000000057e+02
-5.810924160004216077e+00 -1.336160919122657553e+01 0.000000000000000000e+00 -9.168832893974965259e-02 -3.771745550768379474e-01 0.000000000000000000e+00 2.080000000000000000e+02
-5.820092992898191042e+00 -1.339932664673426110e+01 0.000000000000000000e+00 -9.168832893974965259e-02 -3.771745550768557109e-01 0.000000000000000000e+00 2.081000000000000227e+02
-5.828836547035566085e+00 -1.343648185591641209e+01 0.000000000000000000e+00 -8.743554137375042501e-02 -3.715520918215098334e-01 0.000000000000000000e+00 2.082000000000000171e+02
-5.837493284096728630e+00 -1.347352228724677303e+01 0.000000000000000000e+00 -8.656737061162544933e-02 -3.704043133036094559e-01 0.000000000000000000e+00 2.083000000000000114e+02
-5.846150021157890286e+00 -1.351056271857713398e+01 0.000000000000000000e+00 -8.656737061161656754e-02 -3.704043133036094559e-01 0.000000000000000000e+00 2.084000000000000057e+02
-5.854806758219052831e+00 -1.354760314990749492e+01 0.000000000000000000e+00 -8.656737061162544933e-02 -3.704043133036094559e-01 0.000000000000000000e+00 2.085000000000000000e+02
-5.863463495280215376e+00 -1.358464358123785587e+01 0.000000000000000000e+00 -8.656737061162544933e-02 -3.704043133036094559e-01 0.000000000000000000e+00 2.086000000000000227e+02
-5.872120232341377033e+00 -1.362168401256821681e+01 0.000000000000000000e+00 -8.656737061161656754e-02 -3.704043133036094559e-01 0.000000000000000000e+00 2.087000000000000171e+02
-5.880776969402539578e+00 -1.365872444389857776e+01 0.000000000000000000e+00 -8.656737061162544933e-02 -3.704043133036094559e-01 0.000000000000000000e+00 2.088000000000000114e+02
-5.889433706463702123e+00 -1.369576487522893871e+01 0.000000000000000000e+00 -8.656737061162544933e-02 -3.704043133036094559e-01 0.000000000000000000e+00 2.089000000000000057e+02
-5.896449175407433962e+00 -1.373840957188543932e+01 0.000000000000000000e+00 -7.015468943731839602e-02 -4.264469665650061359e-01 0.000000000000000000e+00 2.090000000000000000e+02
-5.900770712840575527e+00 -1.379025295265421924e+01 0.000000000000000000e+00 -4.321537433141564577e-02 -5.184338076877992307e-01 0.000000000000000000e+00 2.091000000000000227e+02
-5.905092250273717980e+00 -1.384209633342299917e+01 0.000000000000000000e+00 -4.321537433142452755e-02 -5.184338076877992307e-01 0.000000000000000000e+00 2.092000000000000171e+02
-5.909413787706859544e+00 -1.389393971419178087e+01 0.000000000000000000e+00 -4.321537433141564577e-02 -5.184338076878169943e-01 0.000000000000000000e+00 2.093000000000000114e+02
-5.913735325140001109e+00 -1.394578309496056079e+01 0.000000000000000000e+00 -4.321537433141564577e-02 -5.184338076877992307e-01 0.000000000000000000e+00 2.094000000000000057e+02
-5.918056862573143562e+00 -1.399762647572934071e+01 0.000000000000000000e+00 -4.321537433142452755e-02 -5.184338076877992307e-01 0.000000000000000000e+00 2.095000000000000000e+02
-5.922378400006285126e+00 -1.404946985649812063e+01 0.000000000000000000e+00 -4.321537433141564577e-02 -5.184338076877992307e-01 0.000000000000000000e+00 2.096000000000000227e+02
-5.926699937439426691e+00 -1.410131323726690056e+01 0.000000000000000000e+00 -4.321537433141564577e-02 -5.184338076877992307e-01 0.000000000000000000e+00 2.097000000000000171e+02
-5.931021474872569144e+00 -1.415315661803568226e+01 0.000000000000000000e+00 -4.321537433142452755e-02 -5.184338076878169943e-01 0.000000000000000000e+00 2.098000000000000114e+02
-5.935343012305710708e+00 -1.420499999880446218e+01 0.000000000000000000e+00 -4.321537433141564577e-02 -5.184338076877992307e-01 0.000000000000000000e+00 2.099000000000000057e+02
-5.939664549738852273e+00 -1.425684337957324210e+01 0.000000000000000000e+00 -4.321537433141564577e-02 -5.184338076877992307e-01 0.000000000000000000e+00 2.100000000000000000e+02
-5.943986087171994726e+00 -1.430868676034202203e+01 0.000000000000000000e+00 -4.321537433142452755e-02 -5.184338076877992307e-01 0.000000000000000000e+00 2.101000000000000227e+02
-5.948307624605136290e+00 -1.436053014111080195e+01 0.000000000000000000e+00 -4.321537433141564577e-02 -5.184338076877992307e-01 0.000000000000000000e+00 2.102000000000000171e+02
-5.952619814862218917e+00 -1.441233422004183851e+01 0.000000000000000000e+00 -4.312190257082626488e-02 -5.180407893103655681e-01 0.000000000000000000e+00 2.103000000000000114e+02
-5.953705338467279340e+00 -1.445057121428252955e+01 0.000000000000000000e+00 -1.085523605060423336e-02 -3.823699424069104680e-01 0.000000000000000000e+00 2.104000000000000057e+02
-5.954790862072340651e+00 -1.448880820852322060e+01 0.000000000000000000e+00 -1.085523605061311514e-02 -3.823699424069104680e-01 0.000000000000000000e+00 2.105000000000000000e+02
-5.955876385677401075e+00 -1.452704520276391165e+01 0.000000000000000000e+00 -1.085523605060423336e-02 -3.823699424069104680e-01 0.000000000000000000e+00 2.106000000000000227e+02
-5.956961909282461498e+00 -1.456528219700460269e+01 0.000000000000000000e+00 -1.085523605060423336e-02 -3.823699424069104680e-01 0.000000000000000000e+00 2.107000000000000171e+02
-5.958047432887521921e+00 -1.460351919124529374e+01 0.000000000000000000e+00 -1.085523605060423336e-02 -3.823699424069104680e-01 0.000000000000000000e+00 2.108000000000000114e+02
-5.959132956492583233e+00 -1.464175618548598479e+01 0.000000000000000000e+00 -1.085523605061311514e-02 -3.823699424069104680e-01 0.000000000000000000e+00 2.109000000000000057e+02
-5.960218480097643656e+00 -1.467999317972667583e+01 0.000000000000000000e+00 -1.085523605060423336e-02 -3.823699424069104680e-01 0.000000000000000000e+00 2.110000000000000000e+02
-5.961304003702704080e+00 -1.471823017396736688e+01 0.000000000000000000e+00 -1.085523605060423336e-02 -3.823699424069104680e-01 0.000000000000000000e+00 2.111000000000000227e+02
-5.962547194373477133e+00 -1.475486253575458129e+01 0.000000000000000000e+00 -1.243190670773053341e-02 -3.663236178721440695e-01 0.000000000000000000e+00 2.112000000000000171e+02
-5.963917944108867886e+00 -1.479019668466584214e+01 0.000000000000000000e+00 -1.370749735390752733e-02 -3.533414891126085422e-01 0.000000000000000000e+00 2.113000000000000114e+02
-5.965288693844258638e+00 -1.482553083357710300e+01 0.000000000000000000e+00 -1.370749735390752733e-02 -3.533414891126085422e-01 0.000000000000000000e+00 2.114000000000000057e+02
-5.966659443579649391e+00 -1.486086498248836385e+01 0.000000000000000000e+00 -1.370749735390752733e-02 -3.533414891126085422e-01 0.000000000000000000e+00 2.115000000000000000e+02
-5.968030193315041032e+00 -1.489619913139962648e+01 0.000000000000000000e+00 -1.370749735391640911e-02 -3.533414891126263058e-01 0.000000000000000000e+00 2.116000000000000227e+02
-5.969400943050431785e+00 -1.493153328031088733e+01 0.000000000000000000e+00 -1.370749735390752733e-02 -3.533414891126085422e-01 0.000000000000000000e+00 2.117000000000000171e+02
-5.970771692785822538e+00 -1.496686742922214819e+01 0.000000000000000000e+00 -1.370749735390752733e-02 -3.533414891126085422e-01 0.000000000000000000e+00 2.118000000000000114e+02
-5.972142442521213290e+00 -1.500220157813340904e+01 0.000000000000000000e+00 -1.370749735390752733e-02 -3.533414891126085422e-01 0.000000000000000000e+00 2.119000000000000057e+02
-5.968310575800916062e+00 -1.505176750338680769e+01 0.000000000000000000e+00 3.831866720297227857e-02 -4.956592525339864608e-01 0.000000000000000000e+00 2.120000000000000000e+02
-5.963936445279433229e+00 -1.510281679325157889e+01 0.000000000000000000e+00 4.374130521482832989e-02 -5.104928986477119679e-01 0.000000000000000000e+00 2.121000000000000227e+02
-5.959562314757951285e+00 -1.515386608311634831e+01 0.000000000000000000e+00 4.374130521481944811e-02 -5.104928986476942043e-01 0.000000000000000000e+00 2.122000000000000171e+02
-5.955188184236468452e+00 -1.520491537298111773e+01 0.000000000000000000e+00 4.374130521482832989e-02 -5.104928986476942043e-01 0.000000000000000000e+00 2.123000000000000114e+02
-5.950814053714986507e+00 -1.525596466284588715e+01 0.000000000000000000e+00 4.374130521481944811e-02 -5.104928986476942043e-01 0.000000000000000000e+00 2.124000000000000057e+02
-5.946439923193503674e+00 -1.530701395271065834e+01 0.000000000000000000e+00 4.374130521482832989e-02 -5.104928986477119679e-01 0.000000000000000000e+00 2.125000000000000000e+02
-5.942065792672021729e+00 -1.535806324257542776e+01 0.000000000000000000e+00 4.374130521481944811e-02 -5.104928986476942043e-01 0.000000000000000000e+00 2.126000000000000227e+02
-5.937691662150538896e+00 -1.540911253244019719e+01 0.000000000000000000e+00 4.374130521482832989e-02 -5.104928986476942043e-01 0.000000000000000000e+00 2.127000000000000171e+02
-5.933317531629056951e+00 -1.546016182230496838e+01 0.000000000000000000e+00 4.374130521481944811e-02 -5.104928986477119679e-01 0.000000000000000000e+00 2.128000000000000114e+02
-5.928943401107574118e+00 -1.551121111216973780e+01 0.000000000000000000e+00 4.374130521482832989e-02 -5.104928986476942043e-01 0.000000000000000000e+00 2.129000000000000057e+02
-5.924569270586092173e+00 -1.556226040203450722e+01 0.000000000000000000e+00 4.374130521481944811e-02 -5.104928986476942043e-01 0.000000000000000000e+00 2.130000000000000000e+02
-5.920195140064609340e+00 -1.561330969189927664e+01 0.000000000000000000e+00 4.374130521482832989e-02 -5.104928986476942043e-01 0.000000000000000000e+00 2.131000000000000227e+02
-5.915821009543127396e+00 -1.566435898176404784e+01 0.000000000000000000e+00 4.374130521481944811e-02 -5.104928986477119679e-01 0.000000000000000000e+00 2.132000000000000171e+02
-5.915128297821631520e+00 -1.570657398762091894e+01 0.000000000000000000e+00 6.927117214958755653e-03 -4.221500585687110174e-01 0.000000000000000000e+00 2.133000000000000114e+02
-5.916185746809173196e+00 -1.574458914075710680e+01 0.000000000000000000e+00 -1.057448987541675933e-02 -3.801515313618786251e-01 0.000000000000000000e+00 2.134000000000000057e+02
-5.917243195796714872e+00 -1.578260429389329644e+01 0.000000000000000000e+00 -1.057448987541675933e-02 -3.801515313618963887e-01 0.000000000000000000e+00 2.135000000000000000e+02
-5.918300644784256548e+00 -1.582061944702948431e+01 0.000000000000000000e+00 -1.057448987541675933e-02 -3.801515313618786251e-01 0.000000000000000000e+00 2.136000000000000227e+02
-5.919358093771798224e+00 -1.585863460016567217e+01 0.000000000000000000e+00 -1.057448987541675933e-02 -3.801515313618786251e-01 0.000000000000000000e+00 2.137000000000000171e+02
-5.920415542759339900e+00 -1.589664975330186003e+01 0.000000000000000000e+00 -1.057448987541675933e-02 -3.801515313618786251e-01 0.000000000000000000e+00 2.138000000000000114e+02
-5.921472991746881576e+00 -1.593466490643804967e+01 0.000000000000000000e+00 -1.057448987541675933e-02 -3.801515313618963887e-01 0.000000000000000000e+00 2.139000000000000057e+02
-5.922530440734423252e+00 -1.597268005957423753e+01 0.000000000000000000e+00 -1.057448987541675933e-02 -3.801515313618786251e-01 0.000000000000000000e+00 2.140000000000000000e+02
-5.923680964708467833e+00 -1.600991628789133969e+01 0.000000000000000000e+00 -1.150523974044581621e-02 -3.723622831710216019e-01 0.000000000000000000e+00 2.141000000000000227e+02
-5.925345606910555674e+00 -1.604284996981208167e+01 0.000000000000000000e+00 -1.664642202087840417e-02 -3.293368192074197509e-01 0.000000000000000000e+00 2.142000000000000171e+02
-5.927010249112643514e+00 -1.607578365173282364e+01 0.000000000000000000e+00 -1.664642202087840417e-02 -3.293368192074197509e-01 0.000000000000000000e+00 2.143000000000000114e+02
-5.928674891314731354e+00 -1.610871733365356562e+01 0.000000000000000000e+00 -1.664642202087840417e-02 -3.293368192074197509e-01 0.000000000000000000e+00 2.144000000000000057e+02
-5.930339533516819195e+00 -1.614165101557430759e+01 0.000000000000000000e+00 -1.664642202087840417e-02 -3.293368192074197509e-01 0.000000000000000000e+00 2.145000000000000000e+02
-5.932004175718907035e+00 -1.617458469749504957e+01 0.000000000000000000e+00 -1.664642202087840417e-02 -3.293368192074197509e-01 0.000000000000000000e+00 2.146000000000000227e+02
-5.933668817920994876e+00 -1.620751837941579154e+01 0.000000000000000000e+00 -1.664642202087840417e-02 -3.293368192074197509e-01 0.000000000000000000e+00 2.147000000000000171e+02
-5.935333460123082716e+00 -1.624045206133653352e+01 0.000000000000000000e+00 -1.664642202087840417e-02 -3.293368192074197509e-01 0.000000000000000000e+00 2.148000000000000114e+02
-5.944562312572964302e+00 -1.627356980128691077e+01 0.000000000000000000e+00 -9.228852449881586040e-02 -3.311773995037725626e-01 0.000000000000000000e+00 2.149000000000000057e+02
-5.960825835781288440e+00 -1.630685871411542109e+01 0.000000000000000000e+00 -1.626352320832413767e-01 -3.328891282851031974e-01 0.000000000000000000e+00 2.150000000000000000e+02
-5.977089358989613466e+00 -1.634014762694393497e+01 0.000000000000000000e+00 -1.626352320832502585e-01 -3.328891282851387246e-01 0.000000000000000000e+00 2.151000000000000227e+02
-5.993352882197937603e+00 -1.637343653977244884e+01 0.000000000000000000e+00 -1.626352320832413767e-01 -3.328891282851387246e-01 0.000000000000000000e+00 2.152000000000000171e+02
-6.009616405406262629e+00 -1.640672545260095916e+01 0.000000000000000000e+00 -1.626352320832502585e-01 -3.328891282851031974e-01 0.000000000000000000e+00 2.153000000000000114e+02
-6.025879928614586767e+00 -1.644001436542947303e+01 0.000000000000000000e+00 -1.626352320832413767e-01 -3.328891282851387246e-01 0.000000000000000000e+00 2.154000000000000057e+02
-6.042143451822911793e+00 -1.647330327825798335e+01 0.000000000000000000e+00 -1.626352320832502585e-01 -3.328891282851031974e-01 0.000000000000000000e+00 2.155000000000000000e+02
-6.058406975031235930e+00 -1.650659219108649722e+01 0.000000000000000000e+00 -1.626352320832413767e-01 -3.328891282851387246e-01 0.000000000000000000e+00 2.156000000000000227e+02
-6.074670498239560956e+00 -1.653988110391501110e+01 0.000000000000000000e+00 -1.626352320832502585e-01 -3.328891282851387246e-01 0.000000000000000000e+00 2.157000000000000171e+02
-6.091070441427953952e+00 -1.657362544540284333e+01 0.000000000000000000e+00 -1.639994318839299581e-01 -3.374434148783223009e-01 0.000000000000000000e+00 2.158000000000000114e+02
-6.107506600823135123e+00 -1.660749069218984530e+01 0.000000000000000000e+00 -1.643615939518117131e-01 -3.386524678700197910e-01 0.000000000000000000e+00 2.159000000000000057e+02
-6.123942760218315406e+00 -1.664135593897685084e+01 0.000000000000000000e+00 -1.643615939518028313e-01 -3.386524678700553181e-01 0.000000000000000000e+00 2.160000000000000000e+02
-6.140378919613496578e+00 -1.667522118576385282e+01 0.000000000000000000e+00 -1.643615939518117131e-01 -3.386524678700197910e-01 0.000000000000000000e+00 2.161000000000000227e+02
-6.156815079008677749e+00 -1.670908643255085479e+01 0.000000000000000000e+00 -1.643615939518117131e-01 -3.386524678700197910e-01 0.000000000000000000e+00 2.162000000000000171e+02
-6.173251238403858032e+00 -1.674295167933786033e+01 0.000000000000000000e+00 -1.643615939518028313e-01 -3.386524678700553181e-01 0.000000000000000000e+00 2.163000000000000114e+02
-6.189687397799039204e+00 -1.677681692612486231e+01 0.000000000000000000e+00 -1.643615939518117131e-01 -3.386524678700197910e-01 0.000000000000000000e+00 2.164000000000000057e+02
-6.206123557194219487e+00 -1.681068217291186428e+01 0.000000000000000000e+00 -1.643615939518028313e-01 -3.386524678700197910e-01 0.000000000000000000e+00 2.165000000000000000e+02
-6.222559716589400658e+00 -1.684454741969886982e+01 0.000000000000000000e+00 -1.643615939518117131e-01 -3.386524678700553181e-01 0.000000000000000000e+00 2.166000000000000227e+02
-6.238624476898952942e+00 -1.687816327696494767e+01 0.000000000000000000e+00 -1.606476030955228396e-01 -3.361585726607785318e-01 0.000000000000000000e+00 2.167000000000000171e+02
-6.254672222887575295e+00 -1.691176770934197648e+01 0.000000000000000000e+00 -1.604774598862235280e-01 -3.360443237702881447e-01 0.000000000000000000e+00 2.168000000000000114e+02
-6.270719968876197647e+00 -1.694537214171900530e+01 0.000000000000000000e+00 -1.604774598862235280e-01 -3.360443237702881447e-01 0.000000000000000000e+00 2.169000000000000057e+02
-6.286767714864820888e+00 -1.697897657409603767e+01 0.000000000000000000e+00 -1.604774598862324098e-01 -3.360443237703236719e-01 0.000000000000000000e+00 2.170000000000000000e+02
-6.302815460853443241e+00 -1.701258100647306648e+01 0.000000000000000000e+00 -1.604774598862235280e-01 -3.360443237702881447e-01 0.000000000000000000e+00 2.171000000000000227e+02
-6.318863206842065594e+00 -1.704618543885009530e+01 0.000000000000000000e+00 -1.604774598862235280e-01 -3.360443237702881447e-01 0.000000000000000000e+00 2.172000000000000171e+02
-6.334910952830688835e+00 -1.707978987122712766e+01 0.000000000000000000e+00 -1.604774598862324098e-01 -3.360443237703236719e-01 0.000000000000000000e+00 2.173000000000000114e+02
-6.350958698819311188e+00 -1.711339430360415648e+01 0.000000000000000000e+00 -1.604774598862235280e-01 -3.360443237702881447e-01 0.000000000000000000e+00 2.174000000000000057e+02
-6.366505759554706323e+00 -1.714666361775214298e+01 0.000000000000000000e+00 -1.554706073539513511e-01 -3.326931414798650621e-01 0.000000000000000000e+00 2.175000000000000000e+02
-6.380095645864957810e+00 -1.717862295757383606e+01 0.000000000000000000e+00 -1.358988631025148663e-01 -3.195933982169307797e-01 0.000000000000000000e+00 2.176000000000000227e+02
-6.393685532175209296e+00 -1.721058229739552559e+01 0.000000000000000000e+00 -1.358988631025148663e-01 -3.195933982168952525e-01 0.000000000000000000e+00 2.177000000000000171e+02
-6.407275418485460783e+00 -1.724254163721721866e+01 0.000000000000000000e+00 -1.358988631025148663e-01 -3.195933982169307797e-01 0.000000000000000000e+00 2.178000000000000114e+02
-6.420865304795713158e+00 -1.727450097703890819e+01 0.000000000000000000e+00 -1.358988631025237481e-01 -3.195933982168952525e-01 0.000000000000000000e+00 2.179000000000000057e+02
-6.434455191105964644e+00 -1.730646031686060127e+01 0.000000000000000000e+00 -1.358988631025148663e-01 -3.195933982169307797e-01 0.000000000000000000e+00 2.180000000000000000e+02
-6.448045077416216131e+00 -1.733841965668229079e+01 0.000000000000000000e+00 -1.358988631025148663e-01 -3.195933982168952525e-01 0.000000000000000000e+00 2.181000000000000227e+02
-6.461634963726467618e+00 -1.737037899650398387e+01 0.000000000000000000e+00 -1.358988631025148663e-01 -3.195933982169307797e-01 0.000000000000000000e+00 2.182000000000000171e+02
-6.472492511676757765e+00 -1.740470221479845847e+01 0.000000000000000000e+00 -1.085754795029014730e-01 -3.432321829447460004e-01 0.000000000000000000e+00 2.183000000000000114e+02
-6.474762116942575751e+00 -1.744645527894760306e+01 0.000000000000000000e+00 -2.269605265817986606e-02 -4.175306414914459197e-01 0.000000000000000000e+00 2.184000000000000057e+02
-6.477031722208394626e+00 -1.748820834309675121e+01 0.000000000000000000e+00 -2.269605265818874784e-02 -4.175306414914814468e-01 0.000000000000000000e+00 2.185000000000000000e+02
-6.479301327474212613e+00 -1.752996140724589935e+01 0.000000000000000000e+00 -2.269605265817986606e-02 -4.175306414914814468e-01 0.000000000000000000e+00 2.186000000000000227e+02
-6.481570932740031488e+00 -1.757171447139504750e+01 0.000000000000000000e+00 -2.269605265818874784e-02 -4.175306414914814468e-01 0.000000000000000000e+00 2.187000000000000171e+02
-6.483840538005849474e+00 -1.761346753554419209e+01 0.000000000000000000e+00 -2.269605265817986606e-02 -4.175306414914459197e-01 0.000000000000000000e+00 2.188000000000000114e+02
-6.486110143271668349e+00 -1.765522059969334023e+01 0.000000000000000000e+00 -2.269605265818874784e-02 -4.175306414914814468e-01 0.000000000000000000e+00 2.189000000000000057e+02
-6.488379748537486336e+00 -1.769697366384248838e+01 0.000000000000000000e+00 -2.269605265817986606e-02 -4.175306414914814468e-01 0.000000000000000000e+00 2.190000000000000000e+02
-6.490649353803305210e+00 -1.773872672799163652e+01 0.000000000000000000e+00 -2.269605265818874784e-02 -4.175306414914814468e-01 0.000000000000000000e+00 2.191000000000000227e+02
-6.492918959069123197e+00 -1.778047979214078111e+01 0.000000000000000000e+00 -2.269605265817986606e-02 -4.175306414914459197e-01 0.000000000000000000e+00 2.192000000000000171e+02
-6.495032153088529547e+00 -1.782274900101048587e+01 0.000000000000000000e+00 -2.113194019406350321e-02 -4.226920886970475522e-01 0.000000000000000000e+00 2.193000000000000114e+02
-6.496425461469202745e+00 -1.786739377545081453e+01 0.000000000000000000e+00 -1.393308380673197178e-02 -4.464477444032866060e-01 0.000000000000000000e+00 2.194000000000000057e+02
-6.497818769849876830e+00 -1.791203854989114674e+01 0.000000000000000000e+00 -1.393308380674085356e-02 -4.464477444033221332e-01 0.000000000000000000e+00 2.195000000000000000e+02
-6.499212078230550027e+00 -1.795668332433147540e+01 0.000000000000000000e+00 -1.393308380673197178e-02 -4.464477444032866060e-01 0.000000000000000000e+00 2.196000000000000227e+02
-6.500605386611223224e+00 -1.800132809877180762e+01 0.000000000000000000e+00 -1.393308380673197178e-02 -4.464477444033221332e-01 0.000000000000000000e+00 2.197000000000000171e+02
-6.501998694991896421e+00 -1.804597287321213628e+01 0.000000000000000000e+00 -1.393308380673197178e-02 -4.464477444032866060e-01 0.000000000000000000e+00 2.198000000000000114e+02
-6.503392003372569619e+00 -1.809061764765246849e+01 0.000000000000000000e+00 -1.393308380673197178e-02 -4.464477444033221332e-01 0.000000000000000000e+00 2.199000000000000057e+02
-6.504785311753242816e+00 -1.813526242209279715e+01 0.000000000000000000e+00 -1.393308380673197178e-02 -4.464477444032866060e-01 0.000000000000000000e+00 2.200000000000000000e+02
-6.506178620133916013e+00 -1.817990719653312937e+01 0.000000000000000000e+00 -1.393308380673197178e-02 -4.464477444033221332e-01 0.000000000000000000e+00 2.201000000000000227e+02
-6.507571928514589210e+00 -1.822455197097345803e+01 0.000000000000000000e+00 -1.393308380673197178e-02 -4.464477444032866060e-01 0.000000000000000000e+00 2.202000000000000171e+02
-6.508965236895263295e+00 -1.826919674541379024e+01 0.000000000000000000e+00 -1.393308380674085356e-02 -4.464477444033221332e-01 0.000000000000000000e+00 2.203000000000000114e+02
-6.510150705998474230e+00 -1.831381807939238016e+01 0.000000000000000000e+00 -1.185469103210934350e-02 -4.462133397858991657e-01 0.000000000000000000e+00 2.204000000000000057e+02
-6.511255035638913391e+00 -1.835843026232649677e+01 0.000000000000000000e+00 -1.104329640439161153e-02 -4.461218293411661762e-01 0.000000000000000000e+00 2.205000000000000000e+02
-6.512359365279352552e+00 -1.840304244526060984e+01 0.000000000000000000e+00 -1.104329640439161153e-02 -4.461218293411306490e-01 0.000000000000000000e+00 2.206000000000000227e+02
-6.513463694919790825e+00 -1.844765462819472290e+01 0.000000000000000000e+00 -1.104329640438272975e-02 -4.461218293411306490e-01 0.000000000000000000e+00 2.207000000000000171e+02
-6.514568024560229986e+00 -1.849226681112883952e+01 0.000000000000000000e+00 -1.104329640439161153e-02 -4.461218293411661762e-01 0.000000000000000000e+00 2.208000000000000114e+02
-6.515672354200669147e+00 -1.853687899406295259e+01 0.000000000000000000e+00 -1.104329640439161153e-02 -4.461218293411306490e-01 0.000000000000000000e+00 2.209000000000000057e+02
-6.516776683841108309e+00 -1.858149117699706565e+01 0.000000000000000000e+00 -1.104329640439161153e-02 -4.461218293411306490e-01 0.000000000000000000e+00 2.210000000000000000e+02
-6.517881013481547470e+00 -1.862610335993118227e+01 0.000000000000000000e+00 -1.104329640439161153e-02 -4.461218293411661762e-01 0.000000000000000000e+00 2.211000000000000227e+02
-6.518985343121985743e+00 -1.867071554286529533e+01 0.000000000000000000e+00 -1.104329640438272975e-02 -4.461218293411306490e-01 0.000000000000000000e+00 2.212000000000000171e+02
-6.520089672762424904e+00 -1.871532772579940840e+01 0.000000000000000000e+00 -1.104329640439161153e-02 -4.461218293411306490e-01 0.000000000000000000e+00 2.213000000000000114e+02
-6.521366304329390573e+00 -1.875933368360978548e+01 0.000000000000000000e+00 -1.276631566965669151e-02 -4.400595781037708321e-01 0.000000000000000000e+00 2.214000000000000057e+02
-6.523177579767503786e+00 -1.880145855655083764e+01 0.000000000000000000e+00 -1.811275438113213454e-02 -4.212487294105216051e-01 0.000000000000000000e+00 2.215000000000000000e+02
-6.524988855205617888e+00 -1.884358342949189336e+01 0.000000000000000000e+00 -1.811275438114101632e-02 -4.212487294105571323e-01 0.000000000000000000e+00 2.216000000000000227e+02
-6.526800130643731990e+00 -1.888570830243294907e+01 0.000000000000000000e+00 -1.811275438114101632e-02 -4.212487294105571323e-01 0.000000000000000000e+00 2.217000000000000171e+02
-6.528611406081846091e+00 -1.892783317537400478e+01 0.000000000000000000e+00 -1.811275438114101632e-02 -4.212487294105571323e-01 0.000000000000000000e+00 2.218000000000000114e+02
-6.530422681519959305e+00 -1.896995804831505694e+01 0.000000000000000000e+00 -1.811275438113213454e-02 -4.212487294105216051e-01 0.000000000000000000e+00 2.219000000000000057e+02
-6.532233956958073406e+00 -1.901208292125611266e+01 0.000000000000000000e+00 -1.811275438114101632e-02 -4.212487294105571323e-01 0.000000000000000000e+00 2.220000000000000000e+02
-6.534045232396187508e+00 -1.905420779419716837e+01 0.000000000000000000e+00 -1.811275438114101632e-02 -4.212487294105571323e-01 0.000000000000000000e+00 2.221000000000000227e+02
-6.535856507834301610e+00 -1.909633266713822408e+01 0.000000000000000000e+00 -1.811275438114101632e-02 -4.212487294105571323e-01 0.000000000000000000e+00 2.222000000000000171e+02
-6.537667783272414823e+00 -1.913845754007927624e+01 0.000000000000000000e+00 -1.811275438113213454e-02 -4.212487294105216051e-01 0.000000000000000000e+00 2.223000000000000114e+02
-6.540146083173930869e+00 -1.918545780474418905e+01 0.000000000000000000e+00 -2.478299901516045622e-02 -4.700026466491280530e-01 0.000000000000000000e+00 2.224000000000000057e+02
-6.543185343004430443e+00 -1.923655821797222032e+01 0.000000000000000000e+00 -3.039259830499574377e-02 -5.110041322803127173e-01 0.000000000000000000e+00 2.225000000000000000e+02
-6.546224602834930018e+00 -1.928765863120025514e+01 0.000000000000000000e+00 -3.039259830499574377e-02 -5.110041322803482444e-01 0.000000000000000000e+00 2.226000000000000227e+02
-6.549263862665428704e+00 -1.933875904442828997e+01 0.000000000000000000e+00 -3.039259830498686199e-02 -5.110041322803482444e-01 0.000000000000000000e+00 2.227000000000000171e+02
-6.552303122495928278e+00 -1.938985945765632479e+01 0.000000000000000000e+00 -3.039259830499574377e-02 -5.110041322803482444e-01 0.000000000000000000e+00 2.228000000000000114e+02
-6.555342382326427852e+00 -1.944095987088435962e+01 0.000000000000000000e+00 -3.039259830499574377e-02 -5.110041322803482444e-01 0.000000000000000000e+00 2.229000000000000057e+02
-6.558381642156927427e+00 -1.949206028411239089e+01 0.000000000000000000e+00 -3.039259830499574377e-02 -5.110041322803127173e-01 0.000000000000000000e+00 2.230000000000000000e+02
-6.561420901987427001e+00 -1.954316069734042571e+01 0.000000000000000000e+00 -3.039259830499574377e-02 -5.110041322803482444e-01 0.000000000000000000e+00 2.231000000000000227e+02
-6.564460161817926576e+00 -1.959426111056846054e+01 0.000000000000000000e+00 -3.039259830499574377e-02 -5.110041322803482444e-01 0.000000000000000000e+00 2.232000000000000171e+02
-6.567499421648426150e+00 -1.964536152379649536e+01 0.000000000000000000e+00 -3.039259830499574377e-02 -5.110041322803482444e-01 0.000000000000000000e+00 2.233000000000000114e+02
-6.570538681478925724e+00 -1.969646193702453019e+01 0.000000000000000000e+00 -3.039259830499574377e-02 -5.110041322803482444e-01 0.000000000000000000e+00 2.234000000000000057e+02
-6.573577941309425299e+00 -1.974756235025256146e+01 0.000000000000000000e+00 -3.039259830499574377e-02 -5.110041322803127173e-01 0.000000000000000000e+00 2.235000000000000000e+02
-6.576617201139924873e+00 -1.979866276348059628e+01 0.000000000000000000e+00 -3.039259830499574377e-02 -5.110041322803482444e-01 0.000000000000000000e+00 2.236000000000000227e+02
-6.578324750770681462e+00 -1.984145643427084238e+01 0.000000000000000000e+00 -1.707549630756588499e-02 -4.279367079024609666e-01 0.000000000000000000e+00 2.237000000000000171e+02
-6.579102016350242721e+00 -1.987844731853233426e+01 0.000000000000000000e+00 -7.772655795612593010e-03 -3.699088426149188535e-01 0.000000000000000000e+00 2.238000000000000114e+02
-6.579879281929803980e+00 -1.991543820279382260e+01 0.000000000000000000e+00 -7.772655795612593010e-03 -3.699088426148833264e-01 0.000000000000000000e+00 2.239000000000000057e+02
-6.580656547509364351e+00 -1.995242908705531448e+01 0.000000000000000000e+00 -7.772655795603711226e-03 -3.699088426149188535e-01 0.000000000000000000e+00 2.240000000000000000e+02
-6.581433813088925611e+00 -1.998941997131680637e+01 0.000000000000000000e+00 -7.772655795612593010e-03 -3.699088426149188535e-01 0.000000000000000000e+00 2.241000000000000227e+02
-6.582211078668485982e+00 -2.002641085557829825e+01 0.000000000000000000e+00 -7.772655795603711226e-03 -3.699088426149188535e-01 0.000000000000000000e+00 2.242000000000000171e+02
-6.582988344248047241e+00 -2.006340173983979014e+01 0.000000000000000000e+00 -7.772655795612593010e-03 -3.699088426149188535e-01 0.000000000000000000e+00 2.243000000000000114e+02
-6.583765609827608500e+00 -2.010039262410128202e+01 0.000000000000000000e+00 -7.772655795612593010e-03 -3.699088426149188535e-01 0.000000000000000000e+00 2.244000000000000057e+02
-6.583987659047196850e+00 -2.013635143685329609e+01 0.000000000000000000e+00 -2.220492195883494446e-03 -3.595881275201406879e-01 0.000000000000000000e+00 2.245000000000000000e+02
-6.583690237522360711e+00 -2.017134462432122177e+01 0.000000000000000000e+00 2.974215248361389285e-03 -3.499318746792567936e-01 0.000000000000000000e+00 2.246000000000000227e+02
-6.583392815997524572e+00 -2.020633781178914745e+01 0.000000000000000000e+00 2.974215248361389285e-03 -3.499318746792567936e-01 0.000000000000000000e+00 2.247000000000000171e+02
-6.583095394472687545e+00 -2.024133099925707313e+01 0.000000000000000000e+00 2.974215248370271070e-03 -3.499318746792567936e-01 0.000000000000000000e+00 2.248000000000000114e+02
-6.582797972947851406e+00 -2.027632418672499881e+01 0.000000000000000000e+00 2.974215248361389285e-03 -3.499318746792567936e-01 0.000000000000000000e+00 2.249000000000000057e+02
-6.582500551423014379e+00 -2.031131737419292449e+01 0.000000000000000000e+00 2.974215248370271070e-03 -3.499318746792567936e-01 0.000000000000000000e+00 2.250000000000000000e+02
-6.582203129898178240e+00 -2.034631056166085372e+01 0.000000000000000000e+00 2.974215248361389285e-03 -3.499318746792923207e-01 0.000000000000000000e+00 2.251000000000000227e+02
-6.581905708373342101e+00 -2.038130374912877940e+01 0.000000000000000000e+00 2.974215248361389285e-03 -3.499318746792567936e-01 0.000000000000000000e+00 2.252000000000000171e+02
-6.573778221915124398e+00 -2.042942001235246963e+01 0.000000000000000000e+00 8.127486458217703102e-02 -4.811626322369022546e-01 0.000000000000000000e+00 2.253000000000000114e+02
-6.564970447609765003e+00 -2.047867642818405898e+01 0.000000000000000000e+00 8.807774305359394873e-02 -4.925641583158935077e-01 0.000000000000000000e+00 2.254000000000000057e+02
-6.556162673304405608e+00 -2.052793284401564478e+01 0.000000000000000000e+00 8.807774305359394873e-02 -4.925641583158579806e-01 0.000000000000000000e+00 2.255000000000000000e+02
-6.547354898999045325e+00 -2.057718925984723413e+01 0.000000000000000000e+00 8.807774305360283051e-02 -4.925641583158935077e-01 0.000000000000000000e+00 2.256000000000000227e+02
-6.538547124693685930e+00 -2.062644567567881992e+01 0.000000000000000000e+00 8.807774305359394873e-02 -4.925641583158579806e-01 0.000000000000000000e+00 2.257000000000000171e+02
-6.529739350388326535e+00 -2.067570209151040928e+01 0.000000000000000000e+00 8.807774305359394873e-02 -4.925641583158935077e-01 0.000000000000000000e+00 2.258000000000000114e+02
-6.520931576082966252e+00 -2.072495850734199507e+01 0.000000000000000000e+00 8.807774305360283051e-02 -4.925641583158579806e-01 0.000000000000000000e+00 2.259000000000000057e+02
-6.512123801777606857e+00 -2.077421492317358442e+01 0.000000000000000000e+00 8.807774305359394873e-02 -4.925641583158935077e-01 0.000000000000000000e+00 2.260000000000000000e+02
-6.503316027472246574e+00 -2.082347133900517022e+01 0.000000000000000000e+00 8.807774305360283051e-02 -4.925641583158579806e-01 0.000000000000000000e+00 2.261000000000000227e+02
-6.494508253166887179e+00 -2.087272775483675957e+01 0.000000000000000000e+00 8.807774305359394873e-02 -4.925641583158935077e-01 0.000000000000000000e+00 2.262000000000000171e+02
-6.485700478861527785e+00 -2.092198417066834537e+01 0.000000000000000000e+00 8.807774305359394873e-02 -4.925641583158579806e-01 0.000000000000000000e+00 2.263000000000000114e+02
-6.476892704556167502e+00 -2.097124058649993117e+01 0.000000000000000000e+00 8.807774305360283051e-02 -4.925641583158579806e-01 0.000000000000000000e+00 2.264000000000000057e+02
-6.471268848481352087e+00 -2.101724605529057399e+01 0.000000000000000000e+00 5.623856074815414274e-02 -4.600546879064282280e-01 0.000000000000000000e+00 2.265000000000000000e+02
-6.469497560279990900e+00 -2.105931785078267282e+01 0.000000000000000000e+00 1.771288201361187475e-02 -4.207179549209882907e-01 0.000000000000000000e+00 2.266000000000000227e+02
-6.467726272078629712e+00 -2.110138964627476810e+01 0.000000000000000000e+00 1.771288201361187475e-02 -4.207179549209527636e-01 0.000000000000000000e+00 2.267000000000000171e+02
-6.465954983877268525e+00 -2.114346144176686337e+01 0.000000000000000000e+00 1.771288201361187475e-02 -4.207179549209527636e-01 0.000000000000000000e+00 2.268000000000000114e+02
-6.464183695675906449e+00 -2.118553323725895865e+01 0.000000000000000000e+00 1.771288201362075654e-02 -4.207179549209527636e-01 0.000000000000000000e+00 2.269000000000000057e+02
-6.462412407474545262e+00 -2.122760503275105748e+01 0.000000000000000000e+00 1.771288201361187475e-02 -4.207179549209882907e-01 0.000000000000000000e+00 2.270000000000000000e+02
-6.460641119273184074e+00 -2.126967682824315276e+01 0.000000000000000000e+00 1.771288201361187475e-02 -4.207179549209527636e-01 0.000000000000000000e+00 2.271000000000000227e+02
-6.458869831071821999e+00 -2.131174862373524803e+01 0.000000000000000000e+00 1.771288201362075654e-02 -4.207179549209527636e-01 0.000000000000000000e+00 2.272000000000000171e+02
-6.457098542870460811e+00 -2.135382041922734331e+01 0.000000000000000000e+00 1.771288201361187475e-02 -4.207179549209527636e-01 0.000000000000000000e+00 2.273000000000000114e+02
-6.455327254669099624e+00 -2.139589221471943858e+01 0.000000000000000000e+00 1.771288201361187475e-02 -4.207179549209527636e-01 0.000000000000000000e+00 2.274000000000000057e+02
-6.461222933210886588e+00 -2.143674231595906932e+01 0.000000000000000000e+00 -5.895678541786963933e-02 -4.085010123963073170e-01 0.000000000000000000e+00 2.275000000000000000e+02
-6.470687555745352704e+00 -2.147702372314936881e+01 0.000000000000000000e+00 -9.464622534466116122e-02 -4.028140719029948968e-01 0.000000000000000000e+00 2.276000000000000227e+02
-6.480152178279817932e+00 -2.151730513033966830e+01 0.000000000000000000e+00 -9.464622534465227943e-02 -4.028140719029948968e-01 0.000000000000000000e+00 2.277000000000000171e+02
-6.489616800814284048e+00 -2.155758653752996779e+01 0.000000000000000000e+00 -9.464622534466116122e-02 -4.028140719029948968e-01 0.000000000000000000e+00 2.278000000000000114e+02
-6.499081423348750164e+00 -2.159786794472026727e+01 0.000000000000000000e+00 -9.464622534466116122e-02 -4.028140719029948968e-01 0.000000000000000000e+00 2.279000000000000057e+02
-6.508546045883215392e+00 -2.163814935191056321e+01 0.000000000000000000e+00 -9.464622534465227943e-02 -4.028140719029593697e-01 0.000000000000000000e+00 2.280000000000000000e+02
-6.518010668417681508e+00 -2.167843075910086270e+01 0.000000000000000000e+00 -9.464622534466116122e-02 -4.028140719029948968e-01 0.000000000000000000e+00 2.281000000000000227e+02
-6.527475290952147624e+00 -2.171871216629116219e+01 0.000000000000000000e+00 -9.464622534466116122e-02 -4.028140719029948968e-01 0.000000000000000000e+00 2.282000000000000171e+02
-6.536939913486612852e+00 -2.175899357348146168e+01 0.000000000000000000e+00 -9.464622534465227943e-02 -4.028140719029948968e-01 0.000000000000000000e+00 2.283000000000000114e+02
-6.546354659550474686e+00 -2.179946154425517335e+01 0.000000000000000000e+00 -9.414746063861834102e-02 -4.046797077371167006e-01 0.000000000000000000e+00 2.284000000000000057e+02
-6.554135859267999464e+00 -2.184603981626617397e+01 0.000000000000000000e+00 -7.781199717524778237e-02 -4.657827201100062098e-01 0.000000000000000000e+00 2.285000000000000000e+02
-6.561917058985524243e+00 -2.189261808827717459e+01 0.000000000000000000e+00 -7.781199717524778237e-02 -4.657827201100062098e-01 0.000000000000000000e+00 2.286000000000000227e+02
-6.569698258703049021e+00 -2.193919636028817521e+01 0.000000000000000000e+00 -7.781199717524778237e-02 -4.657827201100062098e-01 0.000000000000000000e+00 2.287000000000000171e+02
-6.577479458420573799e+00 -2.198577463229917228e+01 0.000000000000000000e+00 -7.781199717524778237e-02 -4.657827201099706826e-01 0.000000000000000000e+00 2.288000000000000114e+02
-6.585260658138098577e+00 -2.203235290431017290e+01 0.000000000000000000e+00 -7.781199717524778237e-02 -4.657827201100062098e-01 0.000000000000000000e+00 2.289000000000000057e+02
-6.593041857855624244e+00 -2.207893117632117352e+01 0.000000000000000000e+00 -7.781199717525666415e-02 -4.657827201100062098e-01 0.000000000000000000e+00 2.290000000000000000e+02
-6.600823057573149022e+00 -2.212550944833217414e+01 0.000000000000000000e+00 -7.781199717524778237e-02 -4.657827201100062098e-01 0.000000000000000000e+00 2.291000000000000227e+02
-6.608604257290673800e+00 -2.217208772034317477e+01 0.000000000000000000e+00 -7.781199717524778237e-02 -4.657827201100062098e-01 0.000000000000000000e+00 2.292000000000000171e+02
-6.616385457008198578e+00 -2.221866599235417183e+01 0.000000000000000000e+00 -7.781199717524778237e-02 -4.657827201099706826e-01 0.000000000000000000e+00 2.293000000000000114e+02
-6.624166656725723357e+00 -2.226524426436517246e+01 0.000000000000000000e+00 -7.781199717524778237e-02 -4.657827201100062098e-01 0.000000000000000000e+00 2.294000000000000057e+02
-6.631947856443248135e+00 -2.231182253637617308e+01 0.000000000000000000e+00 -7.781199717524778237e-02 -4.657827201100062098e-01 0.000000000000000000e+00 2.295000000000000000e+02
-6.637960013154089900e+00 -2.235335442054496369e+01 0.000000000000000000e+00 -6.012156710841765062e-02 -4.153188416879061151e-01 0.000000000000000000e+00 2.296000000000000227e+02
-6.643364524937442006e+00 -2.239315293137976326e+01 0.000000000000000000e+00 -5.404511783352106136e-02 -3.979851083479957197e-01 0.000000000000000000e+00 2.297000000000000171e+02
-6.648769036720793224e+00 -2.243295144221456283e+01 0.000000000000000000e+00 -5.404511783351217957e-02 -3.979851083479957197e-01 0.000000000000000000e+00 2.298000000000000114e+02
-6.654173548504144442e+00 -2.247274995304935885e+01 0.000000000000000000e+00 -5.404511783351217957e-02 -3.979851083479601925e-01 0.000000000000000000e+00 2.299000000000000057e+02
-6.659578060287495660e+00 -2.251254846388415842e+01 0.000000000000000000e+00 -5.404511783351217957e-02 -3.979851083479957197e-01 0.000000000000000000e+00 2.300000000000000000e+02
-6.664982572070847766e+00 -2.255234697471895799e+01 0.000000000000000000e+00 -5.404511783352106136e-02 -3.979851083479957197e-01 0.000000000000000000e+00 2.301000000000000227e+02
-6.670387083854198984e+00 -2.259214548555375757e+01 0.000000000000000000e+00 -5.404511783351217957e-02 -3.979851083479957197e-01 0.000000000000000000e+00 2.302000000000000171e+02
-6.675791595637550202e+00 -2.263194399638855714e+01 0.000000000000000000e+00 -5.404511783351217957e-02 -3.979851083479957197e-01 0.000000000000000000e+00 2.303000000000000114e+02
-6.681196107420901420e+00 -2.267174250722335671e+01 0.000000000000000000e+00 -5.404511783351217957e-02 -3.979851083479957197e-01 0.000000000000000000e+00 2.304000000000000057e+02
-6.686600619204253526e+00 -2.271154101805815628e+01 0.000000000000000000e+00 -5.404511783352106136e-02 -3.979851083479957197e-01 0.000000000000000000e+00 2.305000000000000000e+02
-6.690490580846680579e+00 -2.274440741513694064e+01 0.000000000000000000e+00 -3.889961642427053334e-02 -3.286639707878435956e-01 0.000000000000000000e+00 2.306000000000000227e+02
-6.694041051696718370e+00 -2.277571995887776879e+01 0.000000000000000000e+00 -3.550470850037790171e-02 -3.131254374082814707e-01 0.000000000000000000e+00 2.307000000000000171e+02
-6.697591522546755272e+00 -2.280703250261860049e+01 0.000000000000000000e+00 -3.550470850036901993e-02 -3.131254374083169978e-01 0.000000000000000000e+00 2.308000000000000114e+02
-6.701141993396793062e+00 -2.283834504635943219e+01 0.000000000000000000e+00 -3.550470850037790171e-02 -3.131254374083169978e-01 0.000000000000000000e+00 2.309000000000000057e+02
-6.704692464246829964e+00 -2.286965759010026389e+01 0.000000000000000000e+00 -3.550470850036901993e-02 -3.131254374083169978e-01 0.000000000000000000e+00 2.310000000000000000e+02
-6.708242935096866866e+00 -2.290097013384109559e+01 0.000000000000000000e+00 -3.550470850036901993e-02 -3.131254374083169978e-01 0.000000000000000000e+00 2.311000000000000227e+02
-6.711793405946904656e+00 -2.293228267758192374e+01 0.000000000000000000e+00 -3.550470850037790171e-02 -3.131254374082814707e-01 0.000000000000000000e+00 2.312000000000000171e+02
-6.712587846475788211e+00 -2.296399908182922189e+01 0.000000000000000000e+00 -7.944405288835554302e-03 -3.171640424729815777e-01 0.000000000000000000e+00 2.313000000000000114e+02
-6.712857050709023277e+00 -2.299579245264497018e+01 0.000000000000000000e+00 -2.692042332350652600e-03 -3.179337081574828971e-01 0.000000000000000000e+00 2.314000000000000057e+02
-6.713126254942258342e+00 -2.302758582346071847e+01 0.000000000000000000e+00 -2.692042332350652600e-03 -3.179337081574828971e-01 0.000000000000000000e+00 2.315000000000000000e+02
-6.713395459175493407e+00 -2.305937919427646676e+01 0.000000000000000000e+00 -2.692042332350652600e-03 -3.179337081574828971e-01 0.000000000000000000e+00 2.316000000000000227e+02
-6.713664663408728472e+00 -2.309117256509221860e+01 0.000000000000000000e+00 -2.692042332350652600e-03 -3.179337081575184243e-01 0.000000000000000000e+00 2.317000000000000171e+02
-6.713933867641963538e+00 -2.312296593590796689e+01 0.000000000000000000e+00 -2.692042332350652600e-03 -3.179337081574828971e-01 0.000000000000000000e+00 2.318000000000000114e+02
-6.709445216919988297e+00 -2.315657892743321611e+01 0.000000000000000000e+00 4.488650721975240288e-02 -3.361299152524921396e-01 0.000000000000000000e+00 2.319000000000000057e+02
-6.682722862023394939e+00 -2.319869510136858182e+01 0.000000000000000000e+00 2.672235489659335883e-01 -4.211617393536570830e-01 0.000000000000000000e+00 2.320000000000000000e+02
-6.656000507126800692e+00 -2.324081127530394753e+01 0.000000000000000000e+00 2.672235489659424701e-01 -4.211617393536570830e-01 0.000000000000000000e+00 2.321000000000000227e+02
-6.629278152230207333e+00 -2.328292744923931323e+01 0.000000000000000000e+00 2.672235489659335883e-01 -4.211617393536570830e-01 0.000000000000000000e+00 2.322000000000000171e+02
-6.602555797333613974e+00 -2.332504362317467894e+01 0.000000000000000000e+00 2.672235489659335883e-01 -4.211617393536570830e-01 0.000000000000000000e+00 2.323000000000000114e+02
-6.575833442437020615e+00 -2.336715979711004465e+01 0.000000000000000000e+00 2.672235489659335883e-01 -4.211617393536570830e-01 0.000000000000000000e+00 2.324000000000000057e+02
-6.549111087540426368e+00 -2.340927597104541036e+01 0.000000000000000000e+00 2.672235489659424701e-01 -4.211617393536570830e-01 0.000000000000000000e+00 2.325000000000000000e+02
-6.522388732643833009e+00 -2.345139214498077607e+01 0.000000000000000000e+00 2.672235489659335883e-01 -4.211617393536570830e-01 0.000000000000000000e+00 2.326000000000000227e+02
-6.495666377747239650e+00 -2.349350831891614177e+01 0.000000000000000000e+00 2.672235489659335883e-01 -4.211617393536570830e-01 0.000000000000000000e+00 2.327000000000000171e+02
-6.468944022850645403e+00 -2.353562449285150748e+01 0.000000000000000000e+00 2.672235489659424701e-01 -4.211617393536570830e-01 0.000000000000000000e+00 2.328000000000000114e+02
-6.442221667954052045e+00 -2.357774066678687319e+01 0.000000000000000000e+00 2.672235489659335883e-01 -4.211617393536570830e-01 0.000000000000000000e+00 2.329000000000000057e+02
-6.415499313057458686e+00 -2.361985684072223890e+01 0.000000000000000000e+00 2.672235489659335883e-01 -4.211617393536570830e-01 0.000000000000000000e+00 2.330000000000000000e+02
-6.388776958160864439e+00 -2.366197301465760461e+01 0.000000000000000000e+00 2.672235489659424701e-01 -4.211617393536570830e-01 0.000000000000000000e+00 2.331000000000000227e+02
-6.362423369313032318e+00 -2.370347638820456737e+01 0.000000000000000000e+00 2.635358884783212119e-01 -4.150337354696276293e-01 0.000000000000000000e+00 2.332000000000000171e+02
-6.341061916820163624e+00 -2.373668403304340302e+01 0.000000000000000000e+00 2.136145249286869330e-01 -3.320764483883564822e-01 0.000000000000000000e+00 2.333000000000000114e+02
-6.319700464327294931e+00 -2.376989167788224222e+01 0.000000000000000000e+00 2.136145249286869330e-01 -3.320764483883920093e-01 0.000000000000000000e+00 2.334000000000000057e+02
-6.298339011834426238e+00 -2.380309932272107787e+01 0.000000000000000000e+00 2.136145249286869330e-01 -3.320764483883564822e-01 0.000000000000000000e+00 2.335000000000000000e+02
-6.276977559341558432e+00 -2.383630696755991707e+01 0.000000000000000000e+00 2.136145249286780512e-01 -3.320764483883920093e-01 0.000000000000000000e+00 2.336000000000000227e+02
-6.255616106848689739e+00 -2.386951461239875272e+01 0.000000000000000000e+00 2.136145249286869330e-01 -3.320764483883564822e-01 0.000000000000000000e+00 2.337000000000000171e+02
-6.234254654355821046e+00 -2.390272225723758837e+01 0.000000000000000000e+00 2.136145249286869330e-01 -3.320764483883564822e-01 0.000000000000000000e+00 2.338000000000000114e+02
-6.212893201862952353e+00 -2.393592990207642757e+01 0.000000000000000000e+00 2.136145249286869330e-01 -3.320764483883920093e-01 0.000000000000000000e+00 2.339000000000000057e+02
-6.191531749370084547e+00 -2.396913754691526321e+01 0.000000000000000000e+00 2.136145249286780512e-01 -3.320764483883564822e-01 0.000000000000000000e+00 2.340000000000000000e+02
-6.170794119081887352e+00 -2.400261010185239385e+01 0.000000000000000000e+00 2.073763028819719523e-01 -3.347255493713063856e-01 0.000000000000000000e+00 2.341000000000000227e+02
-6.151676141487346428e+00 -2.403677045268884527e+01 0.000000000000000000e+00 1.911797759454092471e-01 -3.416035083645141412e-01 0.000000000000000000e+00 2.342000000000000171e+02
-6.132558163892804615e+00 -2.407093080352529668e+01 0.000000000000000000e+00 1.911797759454181289e-01 -3.416035083645141412e-01 0.000000000000000000e+00 2.343000000000000114e+02
-6.113440186298263690e+00 -2.410509115436174454e+01 0.000000000000000000e+00 1.911797759454092471e-01 -3.416035083644786141e-01 0.000000000000000000e+00 2.344000000000000057e+02
-6.094322208703721877e+00 -2.413925150519819596e+01 0.000000000000000000e+00 1.911797759454181289e-01 -3.416035083645141412e-01 0.000000000000000000e+00 2.345000000000000000e+02
-6.075204231109180952e+00 -2.417341185603464737e+01 0.000000000000000000e+00 1.911797759454092471e-01 -3.416035083645141412e-01 0.000000000000000000e+00 2.346000000000000227e+02
-6.056086253514639139e+00 -2.420757220687109879e+01 0.000000000000000000e+00 1.911797759454181289e-01 -3.416035083645141412e-01 0.000000000000000000e+00 2.347000000000000171e+02
-6.036968275920098215e+00 -2.424173255770754665e+01 0.000000000000000000e+00 1.911797759454092471e-01 -3.416035083644786141e-01 0.000000000000000000e+00 2.348000000000000114e+02
-6.017850298325556402e+00 -2.427589290854399806e+01 0.000000000000000000e+00 1.911797759454181289e-01 -3.416035083645141412e-01 0.000000000000000000e+00 2.349000000000000057e+02
-6.000372672641627325e+00 -2.431088263936788252e+01 0.000000000000000000e+00 1.747762568392907667e-01 -3.498973082388445732e-01 0.000000000000000000e+00 2.350000000000000000e+02
-5.995152887277164666e+00 -2.435207006922471251e+01 0.000000000000000000e+00 5.219785364462659061e-02 -4.118742985682999347e-01 0.000000000000000000e+00 2.351000000000000227e+02
-5.989933101912702007e+00 -2.439325749908154606e+01 0.000000000000000000e+00 5.219785364462659061e-02 -4.118742985683354618e-01 0.000000000000000000e+00 2.352000000000000171e+02
-5.984713316548240236e+00 -2.443444492893837960e+01 0.000000000000000000e+00 5.219785364461770882e-02 -4.118742985683354618e-01 0.000000000000000000e+00 2.353000000000000114e+02
-5.979493531183777577e+00 -2.447563235879521315e+01 0.000000000000000000e+00 5.219785364462659061e-02 -4.118742985683354618e-01 0.000000000000000000e+00 2.354000000000000057e+02
-5.974273745819314918e+00 -2.451681978865204314e+01 0.000000000000000000e+00 5.219785364462659061e-02 -4.118742985682999347e-01 0.000000000000000000e+00 2.355000000000000000e+02
-5.969053960454852259e+00 -2.455800721850887669e+01 0.000000000000000000e+00 5.219785364462659061e-02 -4.118742985683354618e-01 0.000000000000000000e+00 2.356000000000000227e+02
-5.963834175090390488e+00 -2.459919464836571024e+01 0.000000000000000000e+00 5.219785364461770882e-02 -4.118742985683354618e-01 0.000000000000000000e+00 2.357000000000000171e+02
-5.958614389725927829e+00 -2.464038207822254378e+01 0.000000000000000000e+00 5.219785364462659061e-02 -4.118742985683354618e-01 0.000000000000000000e+00 2.358000000000000114e+02
-5.953394604361465170e+00 -2.468156950807937378e+01 0.000000000000000000e+00 5.219785364462659061e-02 -4.118742985682999347e-01 0.000000000000000000e+00 2.359000000000000057e+02
-5.948174818997003399e+00 -2.472275693793620732e+01 0.000000000000000000e+00 5.219785364461770882e-02 -4.118742985683354618e-01 0.000000000000000000e+00 2.360000000000000000e+02
-5.947633579979922480e+00 -2.475811958911428334e+01 0.000000000000000000e+00 5.412390170809189271e-03 -3.536265117807602110e-01 0.000000000000000000e+00 2.361000000000000227e+02
-5.950002514285034572e+00 -2.478985908167427965e+01 0.000000000000000000e+00 -2.368934305112091465e-02 -3.173949255999630736e-01 0.000000000000000000e+00 2.362000000000000171e+02
-5.952371448590146663e+00 -2.482159857423427951e+01 0.000000000000000000e+00 -2.368934305112091465e-02 -3.173949255999986008e-01 0.000000000000000000e+00 2.363000000000000114e+02
-5.954740382895257866e+00 -2.485333806679427937e+01 0.000000000000000000e+00 -2.368934305111203287e-02 -3.173949255999986008e-01 0.000000000000000000e+00 2.364000000000000057e+02
-5.957109317200369958e+00 -2.488507755935427568e+01 0.000000000000000000e+00 -2.368934305112091465e-02 -3.173949255999630736e-01 0.000000000000000000e+00 2.365000000000000000e+02
-5.959478251505482049e+00 -2.491681705191427554e+01 0.000000000000000000e+00 -2.368934305112091465e-02 -3.173949255999986008e-01 0.000000000000000000e+00 2.366000000000000227e+02
-5.961847185810593253e+00 -2.494855654447427185e+01 0.000000000000000000e+00 -2.368934305111203287e-02 -3.173949255999630736e-01 0.000000000000000000e+00 2.367000000000000171e+02
-5.963948445304410484e+00 -2.498109845731425693e+01 0.000000000000000000e+00 -2.101259493817231316e-02 -3.254191283998508766e-01 0.000000000000000000e+00 2.368000000000000114e+02
-5.965761526172678408e+00 -2.501450425559896829e+01 0.000000000000000000e+00 -1.813080868267924473e-02 -3.340579828471135215e-01 0.000000000000000000e+00 2.369000000000000057e+02
-5.967574607040947221e+00 -2.504791005388368319e+01 0.000000000000000000e+00 -1.813080868268812651e-02 -3.340579828471490487e-01 0.000000000000000000e+00 2.370000000000000000e+02
-5.969387687909216034e+00 -2.508131585216839454e+01 0.000000000000000000e+00 -1.813080868268812651e-02 -3.340579828471135215e-01 0.000000000000000000e+00 2.371000000000000227e+02
-5.971200768777483958e+00 -2.511472165045310589e+01 0.000000000000000000e+00 -1.813080868267924473e-02 -3.340579828471135215e-01 0.000000000000000000e+00 2.372000000000000171e+02
-5.973013849645752771e+00 -2.514812744873782080e+01 0.000000000000000000e+00 -1.813080868268812651e-02 -3.340579828471490487e-01 0.000000000000000000e+00 2.373000000000000114e+02
-5.974826930514020695e+00 -2.518153324702253215e+01 0.000000000000000000e+00 -1.813080868267924473e-02 -3.340579828471135215e-01 0.000000000000000000e+00 2.374000000000000057e+02
-5.979644302126719602e+00 -2.521808476444274660e+01 0.000000000000000000e+00 -4.817371612698906347e-02 -3.655151742021445216e-01 0.000000000000000000e+00 2.375000000000000000e+02
-5.995163275878578446e+00 -2.526584166692500588e+01 0.000000000000000000e+00 -1.551897375185884442e-01 -4.775690248225927803e-01 0.000000000000000000e+00 2.376000000000000227e+02
-6.010682249630437290e+00 -2.531359856940726871e+01 0.000000000000000000e+00 -1.551897375185884442e-01 -4.775690248226283074e-01 0.000000000000000000e+00 2.377000000000000171e+02
-6.026201223382296135e+00 -2.536135547188952799e+01 0.000000000000000000e+00 -1.551897375185884442e-01 -4.775690248225927803e-01 0.000000000000000000e+00 2.378000000000000114e+02
-6.041720197134154979e+00 -2.540911237437179082e+01 0.000000000000000000e+00 -1.551897375185884442e-01 -4.775690248226283074e-01 0.000000000000000000e+00 2.379000000000000057e+02
-6.057239170886013824e+00 -2.545686927685405010e+01 0.000000000000000000e+00 -1.551897375185884442e-01 -4.775690248225927803e-01 0.000000000000000000e+00 2.380000000000000000e+02
-6.072758144637872668e+00 -2.550462617933631293e+01 0.000000000000000000e+00 -1.551897375185884442e-01 -4.775690248226283074e-01 0.000000000000000000e+00 2.381000000000000227e+02
-6.088277118389731513e+00 -2.555238308181857221e+01 0.000000000000000000e+00 -1.551897375185884442e-01 -4.775690248225927803e-01 0.000000000000000000e+00 2.382000000000000171e+02
-6.103796092141590357e+00 -2.560013998430083504e+01 0.000000000000000000e+00 -1.551897375185884442e-01 -4.775690248226283074e-01 0.000000000000000000e+00 2.383000000000000114e+02
-6.119315065893449201e+00 -2.564789688678309432e+01 0.000000000000000000e+00 -1.551897375185884442e-01 -4.775690248225927803e-01 0.000000000000000000e+00 2.384000000000000057e+02
-6.134834039645308046e+00 -2.569565378926535715e+01 0.000000000000000000e+00 -1.551897375185884442e-01 -4.775690248226283074e-01 0.000000000000000000e+00 2.385000000000000000e+02
-6.150353013397166890e+00 -2.574341069174761643e+01 0.000000000000000000e+00 -1.551897375185884442e-01 -4.775690248225927803e-01 0.000000000000000000e+00 2.386000000000000227e+02
-6.165871987149025735e+00 -2.579116759422987926e+01 0.000000000000000000e+00 -1.551897375185884442e-01 -4.775690248226283074e-01 0.000000000000000000e+00 2.387000000000000171e+02
-6.181390960900884579e+00 -2.583892449671213853e+01 0.000000000000000000e+00 -1.551897375185884442e-01 -4.775690248225927803e-01 0.000000000000000000e+00 2.388000000000000114e+02
-6.188350868129333548e+00 -2.587572998271484792e+01 0.000000000000000000e+00 -6.959907228448969363e-02 -3.680548600270938664e-01 0.000000000000000000e+00 2.389000000000000057e+02
-6.194168075181555544e+00 -2.591107337171119696e+01 0.000000000000000000e+00 -5.817207052221995411e-02 -3.534338899634903441e-01 0.000000000000000000e+00 2.390000000000000000e+02
-6.199985282233778427e+00 -2.594641676070754599e+01 0.000000000000000000e+00 -5.817207052222883590e-02 -3.534338899634903441e-01 0.000000000000000000e+00 2.391000000000000227e+02
-6.205802489286000423e+00 -2.598176014970389502e+01 0.000000000000000000e+00 -5.817207052221995411e-02 -3.534338899634903441e-01 0.000000000000000000e+00 2.392000000000000171e+02
-6.211619696338223306e+00 -2.601710353870024406e+01 0.000000000000000000e+00 -5.817207052222883590e-02 -3.534338899634903441e-01 0.000000000000000000e+00 2.393000000000000114e+02
-6.217436903390445302e+00 -2.605244692769659665e+01 0.000000000000000000e+00 -5.817207052221995411e-02 -3.534338899635258713e-01 0.000000000000000000e+00 2.394000000000000057e+02
-6.223254110442668185e+00 -2.608779031669294568e+01 0.000000000000000000e+00 -5.817207052222883590e-02 -3.534338899634903441e-01 0.000000000000000000e+00 2.395000000000000000e+02
-6.229071317494890181e+00 -2.612313370568929471e+01 0.000000000000000000e+00 -5.817207052221995411e-02 -3.534338899634903441e-01 0.000000000000000000e+00 2.396000000000000227e+02
-6.235405195368510789e+00 -2.615973108559873594e+01 0.000000000000000000e+00 -6.333877873620608057e-02 -3.659737990944122998e-01 0.000000000000000000e+00 2.397000000000000171e+02
-6.241769207134226782e+00 -2.619640160226236958e+01 0.000000000000000000e+00 -6.364011765715993363e-02 -3.667051666363363438e-01 0.000000000000000000e+00 2.398000000000000114e+02
-6.248133218899941888e+00 -2.623307211892600677e+01 0.000000000000000000e+00 -6.364011765715105184e-02 -3.667051666363718709e-01 0.000000000000000000e+00 2.399000000000000057e+02
-6.254497230665656993e+00 -2.626974263558964040e+01 0.000000000000000000e+00 -6.364011765715105184e-02 -3.667051666363363438e-01 0.000000000000000000e+00 2.400000000000000000e+02
-6.260861242431372986e+00 -2.630641315225327403e+01 0.000000000000000000e+00 -6.364011765715993363e-02 -3.667051666363363438e-01 0.000000000000000000e+00 2.401000000000000227e+02
-6.267225254197088091e+00 -2.634308366891691122e+01 0.000000000000000000e+00 -6.364011765715105184e-02 -3.667051666363718709e-01 0.000000000000000000e+00 2.402000000000000171e+02
-6.273589265962803196e+00 -2.637975418558054486e+01 0.000000000000000000e+00 -6.364011765715105184e-02 -3.667051666363363438e-01 0.000000000000000000e+00 2.403000000000000114e+02
-6.279953277728519190e+00 -2.641642470224417849e+01 0.000000000000000000e+00 -6.364011765715993363e-02 -3.667051666363363438e-01 0.000000000000000000e+00 2.404000000000000057e+02
-6.270894177041660633e+00 -2.646710154968039674e+01 0.000000000000000000e+00 9.059100686858556628e-02 -5.067684743621825305e-01 0.000000000000000000e+00 2.405000000000000000e+02
-6.257854497515475067e+00 -2.652139331622334240e+01 0.000000000000000000e+00 1.303967952618556581e-01 -5.429176654294565196e-01 0.000000000000000000e+00 2.406000000000000227e+02
-6.244814817989289502e+00 -2.657568508276628449e+01 0.000000000000000000e+00 1.303967952618556581e-01 -5.429176654294209925e-01 0.000000000000000000e+00 2.407000000000000171e+02
-6.231775138463104824e+00 -2.662997684930923015e+01 0.000000000000000000e+00 1.303967952618467763e-01 -5.429176654294565196e-01 0.000000000000000000e+00 2.408000000000000114e+02
-6.218735458936919258e+00 -2.668426861585217225e+01 0.000000000000000000e+00 1.303967952618556581e-01 -5.429176654294209925e-01 0.000000000000000000e+00 2.409000000000000057e+02
-6.205695779410733692e+00 -2.673856038239511435e+01 0.000000000000000000e+00 1.303967952618556581e-01 -5.429176654294209925e-01 0.000000000000000000e+00 2.410000000000000000e+02
-6.192656099884548127e+00 -2.679285214893806000e+01 0.000000000000000000e+00 1.303967952618556581e-01 -5.429176654294565196e-01 0.000000000000000000e+00 2.411000000000000227e+02
-6.179616420358362561e+00 -2.684714391548100210e+01 0.000000000000000000e+00 1.303967952618556581e-01 -5.429176654294209925e-01 0.000000000000000000e+00 2.412000000000000171e+02
-6.166576740832176995e+00 -2.690143568202394775e+01 0.000000000000000000e+00 1.303967952618556581e-01 -5.429176654294565196e-01 0.000000000000000000e+00 2.413000000000000114e+02
-6.153537061305991429e+00 -2.695572744856688985e+01 0.000000000000000000e+00 1.303967952618556581e-01 -5.429176654294209925e-01 0.000000000000000000e+00 2.414000000000000057e+02
-6.140497381779805863e+00 -2.701001921510983195e+01 0.000000000000000000e+00 1.303967952618556581e-01 -5.429176654294209925e-01 0.000000000000000000e+00 2.415000000000000000e+02
-6.127457702253620297e+00 -2.706431098165277760e+01 0.000000000000000000e+00 1.303967952618556581e-01 -5.429176654294565196e-01 0.000000000000000000e+00 2.416000000000000227e+02
-6.114418022727434732e+00 -2.711860274819571970e+01 0.000000000000000000e+00 1.303967952618556581e-01 -5.429176654294209925e-01 0.000000000000000000e+00 2.417000000000000171e+02
-6.101378343201249166e+00 -2.717289451473866535e+01 0.000000000000000000e+00 1.303967952618556581e-01 -5.429176654294565196e-01 0.000000000000000000e+00 2.418000000000000114e+02
-6.095731472299060982e+00 -2.721465938625244263e+01 0.000000000000000000e+00 5.646870902188183550e-02 -4.176487151377727969e-01 0.000000000000000000e+00 2.419000000000000057e+02
-6.090144317336830149e+00 -2.725632307087644080e+01 0.000000000000000000e+00 5.587154962230833632e-02 -4.166368462399816508e-01 0.000000000000000000e+00 2.420000000000000000e+02
-6.084557162374598427e+00 -2.729798675550043541e+01 0.000000000000000000e+00 5.587154962231721811e-02 -4.166368462399461237e-01 0.000000000000000000e+00 2.421000000000000227e+02
-6.078970007412367593e+00 -2.733965044012443357e+01 0.000000000000000000e+00 5.587154962230833632e-02 -4.166368462399816508e-01 0.000000000000000000e+00 2.422000000000000171e+02
-6.073382852450135871e+00 -2.738131412474843174e+01 0.000000000000000000e+00 5.587154962231721811e-02 -4.166368462399816508e-01 0.000000000000000000e+00 2.423000000000000114e+02
-6.067795697487905038e+00 -2.742297780937242990e+01 0.000000000000000000e+00 5.587154962230833632e-02 -4.166368462399816508e-01 0.000000000000000000e+00 2.424000000000000057e+02
-6.062208542525674204e+00 -2.746464149399642451e+01 0.000000000000000000e+00 5.587154962230833632e-02 -4.166368462399461237e-01 0.000000000000000000e+00 2.425000000000000000e+02
-6.056621387563442482e+00 -2.750630517862042268e+01 0.000000000000000000e+00 5.587154962231721811e-02 -4.166368462399816508e-01 0.000000000000000000e+00 2.426000000000000227e+02
-6.051034232601211649e+00 -2.754796886324442085e+01 0.000000000000000000e+00 5.587154962230833632e-02 -4.166368462399816508e-01 0.000000000000000000e+00 2.427000000000000171e+02
-6.045447077638979927e+00 -2.758963254786841901e+01 0.000000000000000000e+00 5.587154962231721811e-02 -4.166368462399816508e-01 0.000000000000000000e+00 2.428000000000000114e+02
-6.040608843770049141e+00 -2.762721574411415659e+01 0.000000000000000000e+00 4.838233868930785775e-02 -3.758319624573758233e-01 0.000000000000000000e+00 2.429000000000000057e+02
-6.037270349318449192e+00 -2.765662762656250351e+01 0.000000000000000000e+00 3.338494451599949286e-02 -2.941188244834691545e-01 0.000000000000000000e+00 2.430000000000000000e+02
-6.033931854866849243e+00 -2.768603950901085042e+01 0.000000000000000000e+00 3.338494451599949286e-02 -2.941188244834691545e-01 0.000000000000000000e+00 2.431000000000000227e+02
-6.030593360415249293e+00 -2.771545139145919734e+01 0.000000000000000000e+00 3.338494451599949286e-02 -2.941188244834691545e-01 0.000000000000000000e+00 2.432000000000000171e+02
-6.027254865963649344e+00 -2.774486327390754425e+01 0.000000000000000000e+00 3.338494451599949286e-02 -2.941188244834691545e-01 0.000000000000000000e+00 2.433000000000000114e+02
-6.023916371512049395e+00 -2.777427515635589117e+01 0.000000000000000000e+00 3.338494451599949286e-02 -2.941188244834691545e-01 0.000000000000000000e+00 2.434000000000000057e+02
-6.020577877060449445e+00 -2.780368703880424164e+01 0.000000000000000000e+00 3.338494451599949286e-02 -2.941188244835046817e-01 0.000000000000000000e+00 2.435000000000000000e+02
-6.017239382608849496e+00 -2.783309892125258855e+01 0.000000000000000000e+00 3.338494451599949286e-02 -2.941188244834691545e-01 0.000000000000000000e+00 2.436000000000000227e+02
-6.018446223655758764e+00 -2.786085197933175550e+01 0.000000000000000000e+00 -1.206841046909268300e-02 -2.775305807916694789e-01 0.000000000000000000e+00 2.437000000000000171e+02
-6.023497565237389217e+00 -2.788720198340613265e+01 0.000000000000000000e+00 -5.051341581630452993e-02 -2.635000407437715353e-01 0.000000000000000000e+00 2.438000000000000114e+02
-6.028548906819020559e+00 -2.791355198748050626e+01 0.000000000000000000e+00 -5.051341581631341171e-02 -2.635000407437360082e-01 0.000000000000000000e+00 2.439000000000000057e+02
-6.033600248400651012e+00 -2.793990199155487986e+01 0.000000000000000000e+00 -5.051341581630452993e-02 -2.635000407437360082e-01 0.000000000000000000e+00 2.440000000000000000e+02
-6.038651589982281465e+00 -2.796625199562925701e+01 0.000000000000000000e+00 -5.051341581630452993e-02 -2.635000407437715353e-01 0.000000000000000000e+00 2.441000000000000227e+02
-6.043702931563911918e+00 -2.799260199970363061e+01 0.000000000000000000e+00 -5.051341581630452993e-02 -2.635000407437360082e-01 0.000000000000000000e+00 2.442000000000000171e+02
-6.048754273145542371e+00 -2.801895200377800421e+01 0.000000000000000000e+00 -5.051341581630452993e-02 -2.635000407437360082e-01 0.000000000000000000e+00 2.443000000000000114e+02
-6.053805614727172824e+00 -2.804530200785238137e+01 0.000000000000000000e+00 -5.051341581630452993e-02 -2.635000407437715353e-01 0.000000000000000000e+00 2.444000000000000057e+02
-6.075738479556722638e+00 -2.805732197438396369e+01 0.000000000000000000e+00 -2.193286482954981409e-01 -1.201996653158232675e-01 0.000000000000000000e+00 2.445000000000000000e+02
-6.123306977575066590e+00 -2.804758089597702764e+01 0.000000000000000000e+00 -4.756849801834395208e-01 9.741078406936054535e-02 0.000000000000000000e+00 2.446000000000000227e+02
-6.170875475593409654e+00 -2.803783981757009158e+01 0.000000000000000000e+00 -4.756849801834306390e-01 9.741078406936054535e-02 0.000000000000000000e+00 2.447000000000000171e+02
-6.218443973611752718e+00 -2.802809873916315908e+01 0.000000000000000000e+00 -4.756849801834306390e-01 9.741078406932501821e-02 0.000000000000000000e+00 2.448000000000000114e+02
-6.266012471630095781e+00 -2.801835766075622303e+01 0.000000000000000000e+00 -4.756849801834306390e-01 9.741078406936054535e-02 0.000000000000000000e+00 2.449000000000000057e+02
-6.313580969648439734e+00 -2.800861658234928697e+01 0.000000000000000000e+00 -4.756849801834395208e-01 9.741078406936054535e-02 0.000000000000000000e+00 2.450000000000000000e+02
-6.361149467666782797e+00 -2.799887550394235092e+01 0.000000000000000000e+00 -4.756849801834306390e-01 9.741078406936054535e-02 0.000000000000000000e+00 2.451000000000000227e+02
-6.408717965685125861e+00 -2.798913442553541486e+01 0.000000000000000000e+00 -4.756849801834306390e-01 9.741078406936054535e-02 0.000000000000000000e+00 2.452000000000000171e+02
-6.456286463703468925e+00 -2.797939334712847881e+01 0.000000000000000000e+00 -4.756849801834306390e-01 9.741078406936054535e-02 0.000000000000000000e+00 2.453000000000000114e+02
-6.503854961721812877e+00 -2.796965226872154275e+01 0.000000000000000000e+00 -4.756849801834395208e-01 9.741078406936054535e-02 0.000000000000000000e+00 2.454000000000000057e+02
-6.551423459740155941e+00 -2.795991119031461025e+01 0.000000000000000000e+00 -4.756849801834306390e-01 9.741078406932501821e-02 0.000000000000000000e+00 2.455000000000000000e+02
-6.598991957758499005e+00 -2.795017011190767420e+01 0.000000000000000000e+00 -4.756849801834306390e-01 9.741078406936054535e-02 0.000000000000000000e+00 2.456000000000000227e+02
-6.646560455776842069e+00 -2.794042903350073814e+01 0.000000000000000000e+00 -4.756849801834306390e-01 9.741078406936054535e-02 0.000000000000000000e+00 2.457000000000000171e+02
-6.694128953795186021e+00 -2.793068795509380209e+01 0.000000000000000000e+00 -4.756849801834395208e-01 9.741078406936054535e-02 0.000000000000000000e+00 2.458000000000000114e+02
-6.735766356124839760e+00 -2.792333932668054786e+01 0.000000000000000000e+00 -4.163740232965373878e-01 7.348628413254232328e-02 0.000000000000000000e+00 2.459000000000000057e+02
-6.773813283861614742e+00 -2.791743900248761179e+01 0.000000000000000000e+00 -3.804692773677498252e-01 5.900324192936068357e-02 0.000000000000000000e+00 2.460000000000000000e+02
-6.811860211598389725e+00 -2.791153867829467572e+01 0.000000000000000000e+00 -3.804692773677498252e-01 5.900324192936068357e-02 0.000000000000000000e+00 2.461000000000000227e+02
-6.849907139335164707e+00 -2.790563835410173965e+01 0.000000000000000000e+00 -3.804692773677498252e-01 5.900324192936068357e-02 0.000000000000000000e+00 2.462000000000000171e+02
-6.887954067071939690e+00 -2.789973802990880358e+01 0.000000000000000000e+00 -3.804692773677498252e-01 5.900324192936068357e-02 0.000000000000000000e+00 2.463000000000000114e+02
-6.926000994808714673e+00 -2.789383770571586751e+01 0.000000000000000000e+00 -3.804692773677498252e-01 5.900324192936068357e-02 0.000000000000000000e+00 2.464000000000000057e+02
-6.964047922545489655e+00 -2.788793738152293145e+01 0.000000000000000000e+00 -3.804692773677498252e-01 5.900324192936068357e-02 0.000000000000000000e+00 2.465000000000000000e+02
-7.002094850282264638e+00 -2.788203705732999538e+01 0.000000000000000000e+00 -3.804692773677498252e-01 5.900324192936068357e-02 0.000000000000000000e+00 2.466000000000000227e+02
-7.040141778019039620e+00 -2.787613673313705931e+01 0.000000000000000000e+00 -3.804692773677498252e-01 5.900324192936068357e-02 0.000000000000000000e+00 2.467000000000000171e+02
-7.075793986709888905e+00 -2.787235359016053948e+01 0.000000000000000000e+00 -3.565220869084928523e-01 3.783142976519826561e-02 0.000000000000000000e+00 2.468000000000000114e+02
-7.111298747064811465e+00 -2.786870080688017737e+01 0.000000000000000000e+00 -3.550476035492255988e-01 3.652783280362115192e-02 0.000000000000000000e+00 2.469000000000000057e+02
-7.146803507419733137e+00 -2.786504802359981880e+01 0.000000000000000000e+00 -3.550476035492167171e-01 3.652783280358562479e-02 0.000000000000000000e+00 2.470000000000000000e+02
-7.182308267774655697e+00 -2.786139524031946024e+01 0.000000000000000000e+00 -3.550476035492255988e-01 3.652783280358562479e-02 0.000000000000000000e+00 2.471000000000000227e+02
-7.217813028129578257e+00 -2.785774245703910168e+01 0.000000000000000000e+00 -3.550476035492255988e-01 3.652783280358562479e-02 0.000000000000000000e+00 2.472000000000000171e+02
-7.253317788484500817e+00 -2.785408967375873956e+01 0.000000000000000000e+00 -3.550476035492255988e-01 3.652783280362115192e-02 0.000000000000000000e+00 2.473000000000000114e+02
-7.288822548839423376e+00 -2.785043689047838100e+01 0.000000000000000000e+00 -3.550476035492255988e-01 3.652783280358562479e-02 0.000000000000000000e+00 2.474000000000000057e+02
-7.324327309194345048e+00 -2.784678410719802244e+01 0.000000000000000000e+00 -3.550476035492167171e-01 3.652783280358562479e-02 0.000000000000000000e+00 2.475000000000000000e+02
-7.360536442933309331e+00 -2.785050656128476021e+01 0.000000000000000000e+00 -3.620913373896428311e-01 -3.722454086737769785e-02 0.000000000000000000e+00 2.476000000000000227e+02
-7.397600296552060861e+00 -2.786317847618110477e+01 0.000000000000000000e+00 -3.706385361875152995e-01 -1.267191489634456047e-01 0.000000000000000000e+00 2.477000000000000171e+02
-7.434664150170813279e+00 -2.787585039107744933e+01 0.000000000000000000e+00 -3.706385361875241813e-01 -1.267191489634456047e-01 0.000000000000000000e+00 2.478000000000000114e+02
-7.471728003789564809e+00 -2.788852230597379389e+01 0.000000000000000000e+00 -3.706385361875152995e-01 -1.267191489634456047e-01 0.000000000000000000e+00 2.479000000000000057e+02
-7.508791857408317227e+00 -2.790119422087013845e+01 0.000000000000000000e+00 -3.706385361875241813e-01 -1.267191489634456047e-01 0.000000000000000000e+00 2.480000000000000000e+02
-7.545855711027068757e+00 -2.791386613576648656e+01 0.000000000000000000e+00 -3.706385361875152995e-01 -1.267191489634811319e-01 0.000000000000000000e+00 2.481000000000000227e+02
-7.582919564645820287e+00 -2.792653805066283113e+01 0.000000000000000000e+00 -3.706385361875152995e-01 -1.267191489634456047e-01 0.000000000000000000e+00 2.482000000000000171e+02
-7.619983418264572705e+00 -2.793920996555917569e+01 0.000000000000000000e+00 -3.706385361875241813e-01 -1.267191489634456047e-01 0.000000000000000000e+00 2.483000000000000114e+02
-7.657047271883324235e+00 -2.795188188045552025e+01 0.000000000000000000e+00 -3.706385361875152995e-01 -1.267191489634456047e-01 0.000000000000000000e+00 2.484000000000000057e+02
-7.694111125502075765e+00 -2.796455379535186481e+01 0.000000000000000000e+00 -3.706385361875152995e-01 -1.267191489634456047e-01 0.000000000000000000e+00 2.485000000000000000e+02
-7.725575952917774103e+00 -2.797386765116732477e+01 0.000000000000000000e+00 -3.146482741569833763e-01 -9.313855815459959331e-02 0.000000000000000000e+00 2.486000000000000227e+02
-7.756309327274238719e+00 -2.798274281237791783e+01 0.000000000000000000e+00 -3.073337435646461557e-01 -8.875161210593063288e-02 0.000000000000000000e+00 2.487000000000000171e+02
-7.787042701630704222e+00 -2.799161797358851089e+01 0.000000000000000000e+00 -3.073337435646550375e-01 -8.875161210593063288e-02 0.000000000000000000e+00 2.488000000000000114e+02
-7.817776075987169726e+00 -2.800049313479910396e+01 0.000000000000000000e+00 -3.073337435646550375e-01 -8.875161210593063288e-02 0.000000000000000000e+00 2.489000000000000057e+02
-7.848509450343635230e+00 -2.800936829600969347e+01 0.000000000000000000e+00 -3.073337435646550375e-01 -8.875161210589510574e-02 0.000000000000000000e+00 2.490000000000000000e+02
-7.879242824700099845e+00 -2.801824345722028653e+01 0.000000000000000000e+00 -3.073337435646461557e-01 -8.875161210593063288e-02 0.000000000000000000e+00 2.491000000000000227e+02
-7.909976199056565349e+00 -2.802711861843087959e+01 0.000000000000000000e+00 -3.073337435646550375e-01 -8.875161210593063288e-02 0.000000000000000000e+00 2.492000000000000171e+02
-7.938423348451543404e+00 -2.803543288375443154e+01 0.000000000000000000e+00 -2.844714939497805517e-01 -8.314265323551950360e-02 0.000000000000000000e+00 2.493000000000000114e+02
-7.965861560291172871e+00 -2.804349961922654089e+01 0.000000000000000000e+00 -2.743821183962946719e-01 -8.066735472109343164e-02 0.000000000000000000e+00 2.494000000000000057e+02
-7.993299772130802339e+00 -2.805156635469865378e+01 0.000000000000000000e+00 -2.743821183962946719e-01 -8.066735472112895877e-02 0.000000000000000000e+00 2.495000000000000000e+02
-8.020737983970430918e+00 -2.805963309017076668e+01 0.000000000000000000e+00 -2.743821183962857901e-01 -8.066735472112895877e-02 0.000000000000000000e+00 2.496000000000000227e+02
-8.048176195810059497e+00 -2.806769982564287602e+01 0.000000000000000000e+00 -2.743821183962857901e-01 -8.066735472109343164e-02 0.000000000000000000e+00 2.497000000000000171e+02
-8.075614407649689852e+00 -2.807576656111498892e+01 0.000000000000000000e+00 -2.743821183963035537e-01 -8.066735472112895877e-02 0.000000000000000000e+00 2.498000000000000114e+02
-8.103052619489318431e+00 -2.808383329658709826e+01 0.000000000000000000e+00 -2.743821183962857901e-01 -8.066735472109343164e-02 0.000000000000000000e+00 2.499000000000000057e+02
-8.133155476142631457e+00 -2.808975975593352459e+01 0.000000000000000000e+00 -3.010285665331302596e-01 -5.926459346426327102e-02 0.000000000000000000e+00 2.500000000000000000e+02
-8.163343420025274355e+00 -2.809561787215045925e+01 0.000000000000000000e+00 -3.018794388264289807e-01 -5.858116216934661225e-02 0.000000000000000000e+00 2.501000000000000227e+02
-8.193531363907919030e+00 -2.810147598836739746e+01 0.000000000000000000e+00 -3.018794388264467443e-01 -5.858116216938213938e-02 0.000000000000000000e+00 2.502000000000000171e+02
-8.223719307790561928e+00 -2.810733410458433568e+01 0.000000000000000000e+00 -3.018794388264289807e-01 -5.858116216938213938e-02 0.000000000000000000e+00 2.503000000000000114e+02
-8.253907251673204826e+00 -2.811319222080127389e+01 0.000000000000000000e+00 -3.018794388264289807e-01 -5.858116216938213938e-02 0.000000000000000000e+00 2.504000000000000057e+02
-8.284095195555847724e+00 -2.811905033701820855e+01 0.000000000000000000e+00 -3.018794388264289807e-01 -5.858116216934661225e-02 0.000000000000000000e+00 2.505000000000000000e+02
-8.314283139438490622e+00 -2.812490845323514677e+01 0.000000000000000000e+00 -3.018794388264289807e-01 -5.858116216938213938e-02 0.000000000000000000e+00 2.506000000000000227e+02
-8.346285875403188115e+00 -2.813060980963519597e+01 0.000000000000000000e+00 -3.200273596469749293e-01 -5.701356400049206741e-02 0.000000000000000000e+00 2.507000000000000171e+02
-8.379203556645501649e+00 -2.813623213403174006e+01 0.000000000000000000e+00 -3.291768124231353454e-01 -5.622324396544087222e-02 0.000000000000000000e+00 2.508000000000000114e+02
-8.412121237887816960e+00 -2.814185445842828415e+01 0.000000000000000000e+00 -3.291768124231531090e-01 -5.622324396544087222e-02 0.000000000000000000e+00 2.509000000000000057e+02
-8.445038919130132271e+00 -2.814747678282482823e+01 0.000000000000000000e+00 -3.291768124231531090e-01 -5.622324396544087222e-02 0.000000000000000000e+00 2.510000000000000000e+02
-8.477956600372447582e+00 -2.815309910722137587e+01 0.000000000000000000e+00 -3.291768124231531090e-01 -5.622324396547639935e-02 0.000000000000000000e+00 2.511000000000000227e+02
-8.510874281614762893e+00 -2.815872143161791996e+01 0.000000000000000000e+00 -3.291768124231531090e-01 -5.622324396544087222e-02 0.000000000000000000e+00 2.512000000000000171e+02
-8.543791962857078204e+00 -2.816434375601446405e+01 0.000000000000000000e+00 -3.291768124231531090e-01 -5.622324396544087222e-02 0.000000000000000000e+00 2.513000000000000114e+02
-8.576915374204171272e+00 -2.816992106822815245e+01 0.000000000000000000e+00 -3.312341134709306800e-01 -5.577312213688401243e-02 0.000000000000000000e+00 2.514000000000000057e+02
-8.617218795091771355e+00 -2.817392744894059931e+01 0.000000000000000000e+00 -4.030342088760008323e-01 -4.006380712446855341e-02 0.000000000000000000e+00 2.515000000000000000e+02
-8.657522215979371438e+00 -2.817793382965304616e+01 0.000000000000000000e+00 -4.030342088760008323e-01 -4.006380712446855341e-02 0.000000000000000000e+00 2.516000000000000227e+02
-8.697825636866971521e+00 -2.818194021036549302e+01 0.000000000000000000e+00 -4.030342088760008323e-01 -4.006380712446855341e-02 0.000000000000000000e+00 2.517000000000000171e+02
-8.738129057754573381e+00 -2.818594659107793987e+01 0.000000000000000000e+00 -4.030342088760185959e-01 -4.006380712446855341e-02 0.000000000000000000e+00 2.518000000000000114e+02
-8.778432478642173464e+00 -2.818995297179038673e+01 0.000000000000000000e+00 -4.030342088760008323e-01 -4.006380712446855341e-02 0.000000000000000000e+00 2.519000000000000057e+02
-8.818735899529773548e+00 -2.819395935250283358e+01 0.000000000000000000e+00 -4.030342088760008323e-01 -4.006380712446855341e-02 0.000000000000000000e+00 2.520000000000000000e+02
-8.859039320417373631e+00 -2.819796573321528044e+01 0.000000000000000000e+00 -4.030342088760008323e-01 -4.006380712446855341e-02 0.000000000000000000e+00 2.521000000000000227e+02
-8.899342741304973714e+00 -2.820197211392772729e+01 0.000000000000000000e+00 -4.030342088760008323e-01 -4.006380712446855341e-02 0.000000000000000000e+00 2.522000000000000171e+02
-8.939646162192573797e+00 -2.820597849464017415e+01 0.000000000000000000e+00 -4.030342088760008323e-01 -4.006380712446855341e-02 0.000000000000000000e+00 2.523000000000000114e+02
-8.979949583080173880e+00 -2.820998487535262100e+01 0.000000000000000000e+00 -4.030342088760008323e-01 -4.006380712446855341e-02 0.000000000000000000e+00 2.524000000000000057e+02
-9.010587828383489040e+00 -2.821399650700912787e+01 0.000000000000000000e+00 -3.063824530331515916e-01 -4.011631656506864374e-02 0.000000000000000000e+00 2.525000000000000000e+02
-9.039997371158975170e+00 -2.821800880620117624e+01 0.000000000000000000e+00 -2.940954277548613049e-01 -4.012299192048374152e-02 0.000000000000000000e+00 2.526000000000000227e+02
-9.069406913934459524e+00 -2.822202110539322462e+01 0.000000000000000000e+00 -2.940954277548435414e-01 -4.012299192048374152e-02 0.000000000000000000e+00 2.527000000000000171e+02
-9.098816456709945655e+00 -2.822603340458527654e+01 0.000000000000000000e+00 -2.940954277548613049e-01 -4.012299192051926866e-02 0.000000000000000000e+00 2.528000000000000114e+02
-9.128225999485431785e+00 -2.823004570377732492e+01 0.000000000000000000e+00 -2.940954277548613049e-01 -4.012299192048374152e-02 0.000000000000000000e+00 2.529000000000000057e+02
-9.157635542260917916e+00 -2.823405800296937684e+01 0.000000000000000000e+00 -2.940954277548613049e-01 -4.012299192051926866e-02 0.000000000000000000e+00 2.530000000000000000e+02
-9.187045085036404046e+00 -2.823807030216142522e+01 0.000000000000000000e+00 -2.940954277548613049e-01 -4.012299192048374152e-02 0.000000000000000000e+00 2.531000000000000227e+02
-9.214969599880538098e+00 -2.824278958971607523e+01 0.000000000000000000e+00 -2.792451484413405183e-01 -4.719287554650009042e-02 0.000000000000000000e+00 2.532000000000000171e+02
-9.237926207804704859e+00 -2.824987398590252141e+01 0.000000000000000000e+00 -2.295660792416676088e-01 -7.084396186446184629e-02 0.000000000000000000e+00 2.533000000000000114e+02
-9.260882815728871620e+00 -2.825695838208896760e+01 0.000000000000000000e+00 -2.295660792416676088e-01 -7.084396186446184629e-02 0.000000000000000000e+00 2.534000000000000057e+02
-9.283839423653040157e+00 -2.826404277827541378e+01 0.000000000000000000e+00 -2.295660792416853724e-01 -7.084396186446184629e-02 0.000000000000000000e+00 2.535000000000000000e+02
-9.306796031577206918e+00 -2.827112717446186352e+01 0.000000000000000000e+00 -2.295660792416676088e-01 -7.084396186449737343e-02 0.000000000000000000e+00 2.536000000000000227e+02
-9.329752639501373679e+00 -2.827821157064830970e+01 0.000000000000000000e+00 -2.295660792416676088e-01 -7.084396186446184629e-02 0.000000000000000000e+00 2.537000000000000171e+02
-9.352231937573140641e+00 -2.828599475160010002e+01 0.000000000000000000e+00 -2.247929807176696215e-01 -7.783180951790313884e-02 0.000000000000000000e+00 2.538000000000000114e+02
-9.371431577230213250e+00 -2.829857937405618884e+01 0.000000000000000000e+00 -1.919963965707260911e-01 -1.258462245608882313e-01 0.000000000000000000e+00 2.539000000000000057e+02
-9.390631216887284083e+00 -2.831116399651227766e+01 0.000000000000000000e+00 -1.919963965707083275e-01 -1.258462245608882313e-01 0.000000000000000000e+00 2.540000000000000000e+02
-9.409830856544356692e+00 -2.832374861896836649e+01 0.000000000000000000e+00 -1.919963965707260911e-01 -1.258462245608882313e-01 0.000000000000000000e+00 2.541000000000000227e+02
-9.429030496201429301e+00 -2.833633324142445531e+01 0.000000000000000000e+00 -1.919963965707260911e-01 -1.258462245608882313e-01 0.000000000000000000e+00 2.542000000000000171e+02
-9.448230135858500134e+00 -2.834891786388054413e+01 0.000000000000000000e+00 -1.919963965707083275e-01 -1.258462245608882313e-01 0.000000000000000000e+00 2.543000000000000114e+02
-9.467429775515572743e+00 -2.836150248633662940e+01 0.000000000000000000e+00 -1.919963965707260911e-01 -1.258462245608527041e-01 0.000000000000000000e+00 2.544000000000000057e+02
-9.478188400819762549e+00 -2.837814194450603367e+01 0.000000000000000000e+00 -1.075862530418980612e-01 -1.663945816940426425e-01 0.000000000000000000e+00 2.545000000000000000e+02
-9.463143872889776986e+00 -2.840717654179924168e+01 0.000000000000000000e+00 1.504452792998556276e-01 -2.903459729320800875e-01 0.000000000000000000e+00 2.546000000000000227e+02
-9.448099344959793200e+00 -2.843621113909245324e+01 0.000000000000000000e+00 1.504452792998378641e-01 -2.903459729321156146e-01 0.000000000000000000e+00 2.547000000000000171e+02
-9.433054817029807637e+00 -2.846524573638566125e+01 0.000000000000000000e+00 1.504452792998556276e-01 -2.903459729320800875e-01 0.000000000000000000e+00 2.548000000000000114e+02
-9.418010289099823851e+00 -2.849428033367886925e+01 0.000000000000000000e+00 1.504452792998378641e-01 -2.903459729320800875e-01 0.000000000000000000e+00 2.549000000000000057e+02
-9.402965761169838288e+00 -2.852331493097208082e+01 0.000000000000000000e+00 1.504452792998556276e-01 -2.903459729321156146e-01 0.000000000000000000e+00 2.550000000000000000e+02
-9.387921233239852725e+00 -2.855234952826528882e+01 0.000000000000000000e+00 1.504452792998556276e-01 -2.903459729320800875e-01 0.000000000000000000e+00 2.551000000000000227e+02
-9.372876705309868939e+00 -2.858138412555850039e+01 0.000000000000000000e+00 1.504452792998378641e-01 -2.903459729321156146e-01 0.000000000000000000e+00 2.552000000000000171e+02
-9.357832177379883376e+00 -2.861041872285170840e+01 0.000000000000000000e+00 1.504452792998556276e-01 -2.903459729320800875e-01 0.000000000000000000e+00 2.553000000000000114e+02
-9.342787649449899590e+00 -2.863945332014491640e+01 0.000000000000000000e+00 1.504452792998378641e-01 -2.903459729320800875e-01 0.000000000000000000e+00 2.554000000000000057e+02
-9.319878669080274847e+00 -2.867483360444207108e+01 0.000000000000000000e+00 2.290898036962474293e-01 -3.538028429715467382e-01 0.000000000000000000e+00 2.555000000000000000e+02
-9.295167630562835015e+00 -2.871166793745485180e+01 0.000000000000000000e+00 2.471103851743983171e-01 -3.683433301278071781e-01 0.000000000000000000e+00 2.556000000000000227e+02
-9.270456592045395183e+00 -2.874850227046763251e+01 0.000000000000000000e+00 2.471103851743983171e-01 -3.683433301278071781e-01 0.000000000000000000e+00 2.557000000000000171e+02
-9.245745553527955352e+00 -2.878533660348041323e+01 0.000000000000000000e+00 2.471103851743983171e-01 -3.683433301278071781e-01 0.000000000000000000e+00 2.558000000000000114e+02
-9.221034515010515520e+00 -2.882217093649319395e+01 0.000000000000000000e+00 2.471103851743983171e-01 -3.683433301278071781e-01 0.000000000000000000e+00 2.559000000000000057e+02
-9.196323476493073912e+00 -2.885900526950597111e+01 0.000000000000000000e+00 2.471103851744160806e-01 -3.683433301277716510e-01 0.000000000000000000e+00 2.560000000000000000e+02
-9.171612437975634080e+00 -2.889583960251875183e+01 0.000000000000000000e+00 2.471103851743983171e-01 -3.683433301278071781e-01 0.000000000000000000e+00 2.561000000000000227e+02
-9.146901399458187143e+00 -2.893267393553154321e+01 0.000000000000000000e+00 2.471103851744693713e-01 -3.683433301279137595e-01 0.000000000000000000e+00 2.561999999999999886e+02
-9.122190360940740206e+00 -2.896950826854433458e+01 0.000000000000000000e+00 2.471103851744693713e-01 -3.683433301279137595e-01 0.000000000000000000e+00 2.563000000000000114e+02
-9.097479322423293269e+00 -2.900634260155712596e+01 0.000000000000000000e+00 2.471103851744693713e-01 -3.683433301279137595e-01 0.000000000000000000e+00 2.564000000000000341e+02
-9.072768283905846332e+00 -2.904317693456991734e+01 0.000000000000000000e+00 2.471103851744693713e-01 -3.683433301279137595e-01 0.000000000000000000e+00 2.565000000000000000e+02
-9.049606274748553503e+00 -2.908656673403786641e+01 0.000000000000000000e+00 2.316200915729282883e-01 -4.338979946794907505e-01 0.000000000000000000e+00 2.566000000000000227e+02
-9.026465777779224098e+00 -2.913004757272701895e+01 0.000000000000000000e+00 2.314049696932940492e-01 -4.348083868915253447e-01 0.000000000000000000e+00 2.566999999999999886e+02
-9.003325280809896469e+00 -2.917352841141617503e+01 0.000000000000000000e+00 2.314049696932762856e-01 -4.348083868915608718e-01 0.000000000000000000e+00 2.568000000000000114e+02
-8.980184783840567064e+00 -2.921700925010532757e+01 0.000000000000000000e+00 2.314049696932940492e-01 -4.348083868915253447e-01 0.000000000000000000e+00 2.569000000000000341e+02
-8.957044286871239436e+00 -2.926049008879448010e+01 0.000000000000000000e+00 2.314049696932762856e-01 -4.348083868915253447e-01 0.000000000000000000e+00 2.570000000000000000e+02
-8.933903789901910031e+00 -2.930397092748363619e+01 0.000000000000000000e+00 2.314049696932940492e-01 -4.348083868915608718e-01 0.000000000000000000e+00 2.571000000000000227e+02
-8.910763292932580626e+00 -2.934745176617278872e+01 0.000000000000000000e+00 2.314049696932940492e-01 -4.348083868915253447e-01 0.000000000000000000e+00 2.571999999999999886e+02
-8.887622795963252997e+00 -2.939093260486194481e+01 0.000000000000000000e+00 2.314049696932762856e-01 -4.348083868915608718e-01 0.000000000000000000e+00 2.573000000000000114e+02
-8.864482298993923592e+00 -2.943441344355109734e+01 0.000000000000000000e+00 2.314049696932940492e-01 -4.348083868915253447e-01 0.000000000000000000e+00 2.574000000000000341e+02
-8.841341802024595964e+00 -2.947789428224024988e+01 0.000000000000000000e+00 2.314049696932762856e-01 -4.348083868915253447e-01 0.000000000000000000e+00 2.575000000000000000e+02
-8.818201305055266559e+00 -2.952137512092940597e+01 0.000000000000000000e+00 2.314049696932940492e-01 -4.348083868915608718e-01 0.000000000000000000e+00 2.576000000000000227e+02
-8.797257386565561887e+00 -2.956298236471356589e+01 0.000000000000000000e+00 2.094391848970467152e-01 -4.160724378415991964e-01 0.000000000000000000e+00 2.576999999999999886e+02
-8.781249385539473096e+00 -2.960037946536052900e+01 0.000000000000000000e+00 1.600800102608879172e-01 -3.739710064696311065e-01 0.000000000000000000e+00 2.578000000000000114e+02
-8.765241384513386080e+00 -2.963777656600749211e+01 0.000000000000000000e+00 1.600800102608701536e-01 -3.739710064696311065e-01 0.000000000000000000e+00 2.579000000000000341e+02
-8.749233383487299065e+00 -2.967517366665445522e+01 0.000000000000000000e+00 1.600800102608701536e-01 -3.739710064696311065e-01 0.000000000000000000e+00 2.580000000000000000e+02
-8.733225382461210273e+00 -2.971257076730141478e+01 0.000000000000000000e+00 1.600800102608879172e-01 -3.739710064695955793e-01 0.000000000000000000e+00 2.581000000000000227e+02
-8.717217381435123258e+00 -2.974996786794837789e+01 0.000000000000000000e+00 1.600800102608701536e-01 -3.739710064696311065e-01 0.000000000000000000e+00 2.581999999999999886e+02
-8.701209380409034466e+00 -2.978736496859534100e+01 0.000000000000000000e+00 1.600800102608879172e-01 -3.739710064696311065e-01 0.000000000000000000e+00 2.583000000000000114e+02
-8.685201379382947451e+00 -2.982476206924230411e+01 0.000000000000000000e+00 1.600800102608701536e-01 -3.739710064696311065e-01 0.000000000000000000e+00 2.584000000000000341e+02
-8.669193378356858659e+00 -2.986215916988926722e+01 0.000000000000000000e+00 1.600800102608879172e-01 -3.739710064696311065e-01 0.000000000000000000e+00 2.585000000000000000e+02
-8.654163505518123856e+00 -2.989993316291045389e+01 0.000000000000000000e+00 1.502987283873480351e-01 -3.777399302118666924e-01 0.000000000000000000e+00 2.586000000000000227e+02
-8.663338803028372226e+00 -2.994703389269199789e+01 0.000000000000000000e+00 -9.175297510248370259e-02 -4.710072978154400403e-01 0.000000000000000000e+00 2.586999999999999886e+02
-8.672514100538620596e+00 -2.999413462247354545e+01 0.000000000000000000e+00 -9.175297510248370259e-02 -4.710072978154755674e-01 0.000000000000000000e+00 2.588000000000000114e+02
-8.681689398048867190e+00 -3.004123535225508945e+01 0.000000000000000000e+00 -9.175297510246593902e-02 -4.710072978154400403e-01 0.000000000000000000e+00 2.589000000000000341e+02
-8.690864695559115560e+00 -3.008833608203663701e+01 0.000000000000000000e+00 -9.175297510248370259e-02 -4.710072978154755674e-01 0.000000000000000000e+00 2.590000000000000000e+02
-8.700039993069363931e+00 -3.013543681181818101e+01 0.000000000000000000e+00 -9.175297510248370259e-02 -4.710072978154400403e-01 0.000000000000000000e+00 2.591000000000000227e+02
-8.709215290579610524e+00 -3.018253754159972502e+01 0.000000000000000000e+00 -9.175297510246593902e-02 -4.710072978154400403e-01 0.000000000000000000e+00 2.591999999999999886e+02
-8.718390588089858895e+00 -3.022963827138127257e+01 0.000000000000000000e+00 -9.175297510248370259e-02 -4.710072978154755674e-01 0.000000000000000000e+00 2.593000000000000114e+02
-8.727565885600107265e+00 -3.027673900116281658e+01 0.000000000000000000e+00 -9.175297510248370259e-02 -4.710072978154400403e-01 0.000000000000000000e+00 2.594000000000000341e+02
-8.736741183110353859e+00 -3.032383973094436413e+01 0.000000000000000000e+00 -9.175297510246593902e-02 -4.710072978154755674e-01 0.000000000000000000e+00 2.595000000000000000e+02
-8.745916480620602229e+00 -3.037094046072590814e+01 0.000000000000000000e+00 -9.175297510248370259e-02 -4.710072978154400403e-01 0.000000000000000000e+00 2.596000000000000227e+02
-8.755091778130850599e+00 -3.041804119050745214e+01 0.000000000000000000e+00 -9.175297510248370259e-02 -4.710072978154400403e-01 0.000000000000000000e+00 2.596999999999999886e+02
-8.766774226633520684e+00 -3.046837769197066237e+01 0.000000000000000000e+00 -1.168244850267008417e-01 -5.033650146321022589e-01 0.000000000000000000e+00 2.598000000000000114e+02
-8.779775514010708548e+00 -3.052041630929993943e+01 0.000000000000000000e+00 -1.300128737718786454e-01 -5.203861732927705930e-01 0.000000000000000000e+00 2.599000000000000341e+02
-8.792776801387894636e+00 -3.057245492662921649e+01 0.000000000000000000e+00 -1.300128737718608818e-01 -5.203861732927705930e-01 0.000000000000000000e+00 2.600000000000000000e+02
-8.805778088765082501e+00 -3.062449354395849355e+01 0.000000000000000000e+00 -1.300128737718786454e-01 -5.203861732927705930e-01 0.000000000000000000e+00 2.601000000000000227e+02
-8.818779376142270365e+00 -3.067653216128777061e+01 0.000000000000000000e+00 -1.300128737718786454e-01 -5.203861732927705930e-01 0.000000000000000000e+00 2.601999999999999886e+02
-8.831780663519458230e+00 -3.072857077861704767e+01 0.000000000000000000e+00 -1.300128737718786454e-01 -5.203861732927705930e-01 0.000000000000000000e+00 2.603000000000000114e+02
-8.844781950896646094e+00 -3.078060939594632472e+01 0.000000000000000000e+00 -1.300128737718786454e-01 -5.203861732927705930e-01 0.000000000000000000e+00 2.604000000000000341e+02
-8.857783238273833959e+00 -3.083264801327560178e+01 0.000000000000000000e+00 -1.300128737718786454e-01 -5.203861732927705930e-01 0.000000000000000000e+00 2.605000000000000000e+02
-8.870784525651021823e+00 -3.088468663060488240e+01 0.000000000000000000e+00 -1.300128737718786454e-01 -5.203861732928061201e-01 0.000000000000000000e+00 2.606000000000000227e+02
-8.883785813028209688e+00 -3.093672524793415946e+01 0.000000000000000000e+00 -1.300128737718786454e-01 -5.203861732927705930e-01 0.000000000000000000e+00 2.606999999999999886e+02
-8.896787100405397553e+00 -3.098876386526343651e+01 0.000000000000000000e+00 -1.300128737718786454e-01 -5.203861732927705930e-01 0.000000000000000000e+00 2.608000000000000114e+02
-8.909788387782585417e+00 -3.104080248259271357e+01 0.000000000000000000e+00 -1.300128737718786454e-01 -5.203861732927705930e-01 0.000000000000000000e+00 2.609000000000000341e+02
-8.922789675159773282e+00 -3.109284109992199063e+01 0.000000000000000000e+00 -1.300128737718786454e-01 -5.203861732927705930e-01 0.000000000000000000e+00 2.610000000000000000e+02
-8.933692560130149118e+00 -3.113727570624683594e+01 0.000000000000000000e+00 -1.090288497037583682e-01 -4.443460632484530493e-01 0.000000000000000000e+00 2.611000000000000227e+02
-8.944573432124808932e+00 -3.118163054383473209e+01 0.000000000000000000e+00 -1.088087199465981314e-01 -4.435483758789615649e-01 0.000000000000000000e+00 2.611999999999999886e+02
-8.955454304119468745e+00 -3.122598538142263180e+01 0.000000000000000000e+00 -1.088087199465981314e-01 -4.435483758789970921e-01 0.000000000000000000e+00 2.613000000000000114e+02
-8.966335176114126781e+00 -3.127034021901052796e+01 0.000000000000000000e+00 -1.088087199465803678e-01 -4.435483758789615649e-01 0.000000000000000000e+00 2.614000000000000341e+02
-8.977216048108786595e+00 -3.131469505659842412e+01 0.000000000000000000e+00 -1.088087199465981314e-01 -4.435483758789615649e-01 0.000000000000000000e+00 2.615000000000000000e+02
-8.988096920103444631e+00 -3.135904989418632027e+01 0.000000000000000000e+00 -1.088087199465803678e-01 -4.435483758789615649e-01 0.000000000000000000e+00 2.616000000000000227e+02
-8.998977792098104445e+00 -3.140340473177421998e+01 0.000000000000000000e+00 -1.088087199465981314e-01 -4.435483758789970921e-01 0.000000000000000000e+00 2.616999999999999886e+02
-9.009858664092764258e+00 -3.144775956936211614e+01 0.000000000000000000e+00 -1.088087199465981314e-01 -4.435483758789615649e-01 0.000000000000000000e+00 2.618000000000000114e+02
-9.020739536087422294e+00 -3.149211440695001230e+01 0.000000000000000000e+00 -1.088087199465803678e-01 -4.435483758789615649e-01 0.000000000000000000e+00 2.619000000000000341e+02
-9.031620408082082108e+00 -3.153646924453791200e+01 0.000000000000000000e+00 -1.088087199465981314e-01 -4.435483758789970921e-01 0.000000000000000000e+00 2.620000000000000000e+02
-9.042501280076741921e+00 -3.158082408212580816e+01 0.000000000000000000e+00 -1.088087199465981314e-01 -4.435483758789615649e-01 0.000000000000000000e+00 2.621000000000000227e+02
-9.051700510226311280e+00 -3.161696065055983951e+01 0.000000000000000000e+00 -9.199230149569359583e-02 -3.613656843403134644e-01 0.000000000000000000e+00 2.621999999999999886e+02
-9.060435067565460798e+00 -3.165082633935580958e+01 0.000000000000000000e+00 -8.734557339149517929e-02 -3.386568879597007253e-01 0.000000000000000000e+00 2.623000000000000114e+02
-9.069169624904610316e+00 -3.168469202815178321e+01 0.000000000000000000e+00 -8.734557339149517929e-02 -3.386568879597362525e-01 0.000000000000000000e+00 2.624000000000000341e+02
-9.077904182243759834e+00 -3.171855771694775328e+01 0.000000000000000000e+00 -8.734557339149517929e-02 -3.386568879597007253e-01 0.000000000000000000e+00 2.625000000000000000e+02
-9.086638739582909352e+00 -3.175242340574372690e+01 0.000000000000000000e+00 -8.734557339149517929e-02 -3.386568879597362525e-01 0.000000000000000000e+00 2.626000000000000227e+02
-9.095373296922058870e+00 -3.178628909453969698e+01 0.000000000000000000e+00 -8.734557339149517929e-02 -3.386568879597007253e-01 0.000000000000000000e+00 2.626999999999999886e+02
-9.104107854261210164e+00 -3.182015478333566705e+01 0.000000000000000000e+00 -8.734557339151294286e-02 -3.386568879597007253e-01 0.000000000000000000e+00 2.628000000000000114e+02
-9.112724477932136580e+00 -3.185368319403760751e+01 0.000000000000000000e+00 -8.616623670926415457e-02 -3.352841070194045869e-01 0.000000000000000000e+00 2.629000000000000341e+02
-9.120705021495792764e+00 -3.188539248141820437e+01 0.000000000000000000e+00 -7.980543563656183892e-02 -3.170928738059686225e-01 0.000000000000000000e+00 2.630000000000000000e+02
-9.128685565059447171e+00 -3.191710176879880123e+01 0.000000000000000000e+00 -7.980543563654407535e-02 -3.170928738059686225e-01 0.000000000000000000e+00 2.631000000000000227e+02
-9.136666108623103355e+00 -3.194881105617939454e+01 0.000000000000000000e+00 -7.980543563656183892e-02 -3.170928738059330954e-01 0.000000000000000000e+00 2.631999999999999886e+02
-9.144646652186757763e+00 -3.198052034355999140e+01 0.000000000000000000e+00 -7.980543563654407535e-02 -3.170928738059686225e-01 0.000000000000000000e+00 2.633000000000000114e+02
-9.152627195750412170e+00 -3.201222963094058827e+01 0.000000000000000000e+00 -7.980543563654407535e-02 -3.170928738059686225e-01 0.000000000000000000e+00 2.634000000000000341e+02
-9.160607739314068354e+00 -3.204393891832118157e+01 0.000000000000000000e+00 -7.980543563656183892e-02 -3.170928738059330954e-01 0.000000000000000000e+00 2.635000000000000000e+02
-9.168588282877722762e+00 -3.207564820570178199e+01 0.000000000000000000e+00 -7.980543563654407535e-02 -3.170928738060041496e-01 0.000000000000000000e+00 2.636000000000000227e+02
-9.173646435280494060e+00 -3.211007552214229577e+01 0.000000000000000000e+00 -5.058152402771298739e-02 -3.442731644051377771e-01 0.000000000000000000e+00 2.636999999999999886e+02
-9.175319570872099817e+00 -3.214765114199415308e+01 0.000000000000000000e+00 -1.673135591605756645e-02 -3.757561985185731146e-01 0.000000000000000000e+00 2.638000000000000114e+02
-9.176992706463707350e+00 -3.218522676184601039e+01 0.000000000000000000e+00 -1.673135591607533001e-02 -3.757561985185731146e-01 0.000000000000000000e+00 2.639000000000000341e+02
-9.178665842055313107e+00 -3.222280238169786060e+01 0.000000000000000000e+00 -1.673135591605756645e-02 -3.757561985185020603e-01 0.000000000000000000e+00 2.640000000000000000e+02
-9.180338977646920640e+00 -3.226037800154971791e+01 0.000000000000000000e+00 -1.673135591607533001e-02 -3.757561985185731146e-01 0.000000000000000000e+00 2.641000000000000227e+02
-9.182012113238528173e+00 -3.229795362140157522e+01 0.000000000000000000e+00 -1.673135591607533001e-02 -3.757561985185731146e-01 0.000000000000000000e+00 2.641999999999999886e+02
-9.183685248830133929e+00 -3.233552924125342543e+01 0.000000000000000000e+00 -1.673135591605756645e-02 -3.757561985185020603e-01 0.000000000000000000e+00 2.643000000000000114e+02
-9.185358384421741462e+00 -3.237310486110528274e+01 0.000000000000000000e+00 -1.673135591607533001e-02 -3.757561985185731146e-01 0.000000000000000000e+00 2.644000000000000341e+02
-9.187031520013347219e+00 -3.241068048095714005e+01 0.000000000000000000e+00 -1.673135591605756645e-02 -3.757561985185731146e-01 0.000000000000000000e+00 2.645000000000000000e+02
-9.178822316609190679e+00 -3.244972445335825739e+01 0.000000000000000000e+00 8.209203404156539818e-02 -3.904397240111734391e-01 0.000000000000000000e+00 2.646000000000000227e+02
-9.164945179811835985e+00 -3.248961058715968875e+01 0.000000000000000000e+00 1.387713679735469441e-01 -3.988613380143135601e-01 0.000000000000000000e+00 2.646999999999999886e+02
-9.151068043014481290e+00 -3.252949672096112010e+01 0.000000000000000000e+00 1.387713679735469441e-01 -3.988613380143135601e-01 0.000000000000000000e+00 2.648000000000000114e+02
-9.137190906217126596e+00 -3.256938285476255146e+01 0.000000000000000000e+00 1.387713679735469441e-01 -3.988613380143135601e-01 0.000000000000000000e+00 2.649000000000000341e+02
-9.123313769419773678e+00 -3.260926898856398282e+01 0.000000000000000000e+00 1.387713679735291805e-01 -3.988613380143135601e-01 0.000000000000000000e+00 2.650000000000000000e+02
-9.109436632622418983e+00 -3.264915512236541417e+01 0.000000000000000000e+00 1.387713679735469441e-01 -3.988613380143135601e-01 0.000000000000000000e+00 2.651000000000000227e+02
-9.095559495825064289e+00 -3.268904125616684553e+01 0.000000000000000000e+00 1.387713679735469441e-01 -3.988613380143135601e-01 0.000000000000000000e+00 2.651999999999999886e+02
-9.081682359027711371e+00 -3.272892738996827688e+01 0.000000000000000000e+00 1.387713679735291805e-01 -3.988613380143135601e-01 0.000000000000000000e+00 2.653000000000000114e+02
-9.067805222230356677e+00 -3.276881352376970113e+01 0.000000000000000000e+00 1.387713679735469441e-01 -3.988613380142425058e-01 0.000000000000000000e+00 2.654000000000000341e+02
-9.053928085433001982e+00 -3.280869965757113249e+01 0.000000000000000000e+00 1.387713679735469441e-01 -3.988613380143135601e-01 0.000000000000000000e+00 2.655000000000000000e+02
-9.039235660197467936e+00 -3.284989187263341393e+01 0.000000000000000000e+00 1.469242523553404567e-01 -4.119221506228143426e-01 0.000000000000000000e+00 2.656000000000000227e+02
-9.024145486508304614e+00 -3.289172127544114232e+01 0.000000000000000000e+00 1.509017368916332202e-01 -4.182940280772839969e-01 0.000000000000000000e+00 2.656999999999999886e+02
-9.009055312819143069e+00 -3.293355067824887072e+01 0.000000000000000000e+00 1.509017368916154567e-01 -4.182940280772839969e-01 0.000000000000000000e+00 2.658000000000000114e+02
-8.993965139129979747e+00 -3.297538008105659912e+01 0.000000000000000000e+00 1.509017368916332202e-01 -4.182940280772839969e-01 0.000000000000000000e+00 2.659000000000000341e+02
-8.978874965440818201e+00 -3.301720948386432752e+01 0.000000000000000000e+00 1.509017368916154567e-01 -4.182940280772839969e-01 0.000000000000000000e+00 2.660000000000000000e+02
-8.963784791751654879e+00 -3.305903888667205592e+01 0.000000000000000000e+00 1.509017368916332202e-01 -4.182940280772839969e-01 0.000000000000000000e+00 2.661000000000000227e+02
-8.948694618062493333e+00 -3.310086828947978432e+01 0.000000000000000000e+00 1.509017368916154567e-01 -4.182940280772839969e-01 0.000000000000000000e+00 2.661999999999999886e+02
-8.933604444373331788e+00 -3.314269769228751983e+01 0.000000000000000000e+00 1.509017368916154567e-01 -4.182940280773550512e-01 0.000000000000000000e+00 2.663000000000000114e+02
-8.918514270684168466e+00 -3.318452709509524823e+01 0.000000000000000000e+00 1.509017368916332202e-01 -4.182940280772839969e-01 0.000000000000000000e+00 2.664000000000000341e+02
-8.903424096995006920e+00 -3.322635649790297663e+01 0.000000000000000000e+00 1.509017368916154567e-01 -4.182940280772839969e-01 0.000000000000000000e+00 2.665000000000000000e+02
-8.888256800660514045e+00 -3.326811529030416636e+01 0.000000000000000000e+00 1.516729633449287462e-01 -4.175879240118973712e-01 0.000000000000000000e+00 2.666000000000000227e+02
-8.872860596535641520e+00 -3.330966450389657751e+01 0.000000000000000000e+00 1.539620412487252565e-01 -4.154921359241114942e-01 0.000000000000000000e+00 2.666999999999999886e+02
-8.857464392410767218e+00 -3.335121371748899577e+01 0.000000000000000000e+00 1.539620412487430201e-01 -4.154921359241825485e-01 0.000000000000000000e+00 2.668000000000000114e+02
-8.842068188285894692e+00 -3.339276293108140692e+01 0.000000000000000000e+00 1.539620412487252565e-01 -4.154921359241114942e-01 0.000000000000000000e+00 2.669000000000000341e+02
-8.826671984161022166e+00 -3.343431214467381807e+01 0.000000000000000000e+00 1.539620412487252565e-01 -4.154921359241114942e-01 0.000000000000000000e+00 2.670000000000000000e+02
-8.811275780036147864e+00 -3.347586135826623632e+01 0.000000000000000000e+00 1.539620412487430201e-01 -4.154921359241825485e-01 0.000000000000000000e+00 2.671000000000000227e+02
-8.795879575911275339e+00 -3.351741057185864747e+01 0.000000000000000000e+00 1.539620412487252565e-01 -4.154921359241114942e-01 0.000000000000000000e+00 2.671999999999999886e+02
-8.780483371786401037e+00 -3.355895978545105862e+01 0.000000000000000000e+00 1.539620412487430201e-01 -4.154921359241114942e-01 0.000000000000000000e+00 2.673000000000000114e+02
-8.765087167661528511e+00 -3.360050899904346977e+01 0.000000000000000000e+00 1.539620412487252565e-01 -4.154921359241114942e-01 0.000000000000000000e+00 2.674000000000000341e+02
-8.749690963536654209e+00 -3.364205821263588803e+01 0.000000000000000000e+00 1.539620412487430201e-01 -4.154921359241825485e-01 0.000000000000000000e+00 2.675000000000000000e+02
-8.734294759411781683e+00 -3.368360742622829918e+01 0.000000000000000000e+00 1.539620412487252565e-01 -4.154921359241114942e-01 0.000000000000000000e+00 2.676000000000000227e+02
-8.718273548957759189e+00 -3.372357850176745586e+01 0.000000000000000000e+00 1.602121045402249422e-01 -3.997107553915668632e-01 0.000000000000000000e+00 2.676999999999999886e+02
-8.702157047358605624e+00 -3.376330896761154321e+01 0.000000000000000000e+00 1.611650159915356539e-01 -3.973046584408734816e-01 0.000000000000000000e+00 2.678000000000000114e+02
-8.686040545759450282e+00 -3.380303943345563766e+01 0.000000000000000000e+00 1.611650159915534175e-01 -3.973046584409445359e-01 0.000000000000000000e+00 2.679000000000000341e+02
-8.669924044160296717e+00 -3.384276989929972501e+01 0.000000000000000000e+00 1.611650159915356539e-01 -3.973046584408734816e-01 0.000000000000000000e+00 2.680000000000000000e+02
-8.653807542561141375e+00 -3.388250036514381236e+01 0.000000000000000000e+00 1.611650159915534175e-01 -3.973046584408734816e-01 0.000000000000000000e+00 2.681000000000000227e+02
-8.637691040961987810e+00 -3.392223083098790681e+01 0.000000000000000000e+00 1.611650159915356539e-01 -3.973046584409445359e-01 0.000000000000000000e+00 2.681999999999999886e+02
-8.621574539362832468e+00 -3.396196129683199416e+01 0.000000000000000000e+00 1.611650159915534175e-01 -3.973046584408734816e-01 0.000000000000000000e+00 2.683000000000000114e+02
-8.605458037763678902e+00 -3.400169176267608151e+01 0.000000000000000000e+00 1.611650159915356539e-01 -3.973046584408734816e-01 0.000000000000000000e+00 2.684000000000000341e+02
-8.589341536164525337e+00 -3.404142222852017596e+01 0.000000000000000000e+00 1.611650159915356539e-01 -3.973046584409445359e-01 0.000000000000000000e+00 2.685000000000000000e+02
-8.573225034565369995e+00 -3.408115269436426331e+01 0.000000000000000000e+00 1.611650159915534175e-01 -3.973046584408734816e-01 0.000000000000000000e+00 2.686000000000000227e+02
-8.554698680705056901e+00 -3.411796041336030783e+01 0.000000000000000000e+00 1.852635386031309395e-01 -3.680771899604451391e-01 0.000000000000000000e+00 2.686999999999999886e+02
-8.535588119439028176e+00 -3.415405958669935416e+01 0.000000000000000000e+00 1.911056126602872496e-01 -3.609917333904633097e-01 0.000000000000000000e+00 2.688000000000000114e+02
-8.516477558172997675e+00 -3.419015876003840049e+01 0.000000000000000000e+00 1.911056126603050132e-01 -3.609917333904633097e-01 0.000000000000000000e+00 2.689000000000000341e+02
-8.497366996906968950e+00 -3.422625793337744682e+01 0.000000000000000000e+00 1.911056126602872496e-01 -3.609917333904633097e-01 0.000000000000000000e+00 2.690000000000000000e+02
-8.478256435640938449e+00 -3.426235710671649315e+01 0.000000000000000000e+00 1.911056126603050132e-01 -3.609917333904633097e-01 0.000000000000000000e+00 2.691000000000000227e+02
-8.459145874374909724e+00 -3.429845628005553237e+01 0.000000000000000000e+00 1.911056126602872496e-01 -3.609917333903922554e-01 0.000000000000000000e+00 2.691999999999999886e+02
-8.440035313108879222e+00 -3.433455545339457871e+01 0.000000000000000000e+00 1.911056126603050132e-01 -3.609917333904633097e-01 0.000000000000000000e+00 2.693000000000000114e+02
-8.420924751842848721e+00 -3.437065462673362504e+01 0.000000000000000000e+00 1.911056126603050132e-01 -3.609917333904633097e-01 0.000000000000000000e+00 2.694000000000000341e+02
-8.401814190576819996e+00 -3.440675380007267137e+01 0.000000000000000000e+00 1.911056126602872496e-01 -3.609917333904633097e-01 0.000000000000000000e+00 2.695000000000000000e+02
-8.384179403323102520e+00 -3.444209871484571295e+01 0.000000000000000000e+00 1.763478725371747657e-01 -3.534491477304158025e-01 0.000000000000000000e+00 2.696000000000000227e+02
-8.370596714589547460e+00 -3.447537262823670545e+01 0.000000000000000000e+00 1.358268873355505946e-01 -3.327391339099250445e-01 0.000000000000000000e+00 2.696999999999999886e+02
-8.357014025855990624e+00 -3.450864654162769796e+01 0.000000000000000000e+00 1.358268873355683581e-01 -3.327391339099250445e-01 0.000000000000000000e+00 2.698000000000000114e+02
-8.343431337122435565e+00 -3.454192045501868336e+01 0.000000000000000000e+00 1.358268873355505946e-01 -3.327391339098539902e-01 0.000000000000000000e+00 2.699000000000000341e+02
-8.329848648388878729e+00 -3.457519436840967586e+01 0.000000000000000000e+00 1.358268873355683581e-01 -3.327391339099250445e-01 0.000000000000000000e+00 2.700000000000000000e+02
-8.316265959655321893e+00 -3.460846828180066836e+01 0.000000000000000000e+00 1.358268873355683581e-01 -3.327391339099250445e-01 0.000000000000000000e+00 2.701000000000000227e+02
-8.302683270921766834e+00 -3.464174219519165376e+01 0.000000000000000000e+00 1.358268873355505946e-01 -3.327391339098539902e-01 0.000000000000000000e+00 2.701999999999999886e+02
-8.289100582188209998e+00 -3.467501610858264627e+01 0.000000000000000000e+00 1.358268873355683581e-01 -3.327391339099250445e-01 0.000000000000000000e+00 2.703000000000000114e+02
-8.275517893454654939e+00 -3.470829002197363877e+01 0.000000000000000000e+00 1.358268873355505946e-01 -3.327391339099250445e-01 0.000000000000000000e+00 2.704000000000000341e+02
-8.279378640753636276e+00 -3.474514924309447395e+01 0.000000000000000000e+00 -3.860747298981337394e-02 -3.685922112083517277e-01 0.000000000000000000e+00 2.705000000000000000e+02
-8.287761118625084578e+00 -3.478293785654051362e+01 0.000000000000000000e+00 -8.382477871448301698e-02 -3.778861344603967609e-01 0.000000000000000000e+00 2.706000000000000227e+02
-8.296143596496534656e+00 -3.482072646998655330e+01 0.000000000000000000e+00 -8.382477871450078055e-02 -3.778861344603967609e-01 0.000000000000000000e+00 2.706999999999999886e+02
-8.304526074367982957e+00 -3.485851508343259297e+01 0.000000000000000000e+00 -8.382477871448301698e-02 -3.778861344603967609e-01 0.000000000000000000e+00 2.708000000000000114e+02
-8.312908552239431259e+00 -3.489630369687863265e+01 0.000000000000000000e+00 -8.382477871448301698e-02 -3.778861344603967609e-01 0.000000000000000000e+00 2.709000000000000341e+02
-8.321291030110881337e+00 -3.493409231032467943e+01 0.000000000000000000e+00 -8.382477871450078055e-02 -3.778861344604678152e-01 0.000000000000000000e+00 2.710000000000000000e+02
-8.329673507982329639e+00 -3.497188092377071911e+01 0.000000000000000000e+00 -8.382477871448301698e-02 -3.778861344603967609e-01 0.000000000000000000e+00 2.711000000000000227e+02
-8.338055985853777941e+00 -3.500966953721675878e+01 0.000000000000000000e+00 -8.382477871448301698e-02 -3.778861344603967609e-01 0.000000000000000000e+00 2.711999999999999886e+02
-8.346438463725228019e+00 -3.504745815066279846e+01 0.000000000000000000e+00 -8.382477871450078055e-02 -3.778861344603967609e-01 0.000000000000000000e+00 2.713000000000000114e+02
-8.356698249666829170e+00 -3.508313208585214227e+01 0.000000000000000000e+00 -1.025978594160115165e-01 -3.567393518934380836e-01 0.000000000000000000e+00 2.714000000000000341e+02
-8.367922125208167472e+00 -3.511772003023023814e+01 0.000000000000000000e+00 -1.122387554133830179e-01 -3.458794437809586952e-01 0.000000000000000000e+00 2.715000000000000000e+02
-8.379146000749505774e+00 -3.515230797460832690e+01 0.000000000000000000e+00 -1.122387554133830179e-01 -3.458794437808876410e-01 0.000000000000000000e+00 2.716000000000000227e+02
-8.390369876290844076e+00 -3.518689591898642277e+01 0.000000000000000000e+00 -1.122387554133830179e-01 -3.458794437809586952e-01 0.000000000000000000e+00 2.716999999999999886e+02
-8.401593751832182377e+00 -3.522148386336451154e+01 0.000000000000000000e+00 -1.122387554133830179e-01 -3.458794437808876410e-01 0.000000000000000000e+00 2.718000000000000114e+02
-8.412817627373522456e+00 -3.525607180774260740e+01 0.000000000000000000e+00 -1.122387554134007814e-01 -3.458794437809586952e-01 0.000000000000000000e+00 2.719000000000000341e+02
-8.424041502914860757e+00 -3.529065975212070327e+01 0.000000000000000000e+00 -1.122387554133830179e-01 -3.458794437809586952e-01 0.000000000000000000e+00 2.720000000000000000e+02
-8.435265378456199059e+00 -3.532524769649879204e+01 0.000000000000000000e+00 -1.122387554133830179e-01 -3.458794437808876410e-01 0.000000000000000000e+00 2.721000000000000227e+02
-8.446673939209826898e+00 -3.535949372557002590e+01 0.000000000000000000e+00 -1.140856075362783884e-01 -3.424602907123386331e-01 0.000000000000000000e+00 2.721999999999999886e+02
-8.459421689638777053e+00 -3.539126045787947561e+01 0.000000000000000000e+00 -1.274775042895015531e-01 -3.176673230944970783e-01 0.000000000000000000e+00 2.723000000000000114e+02
-8.472169440067727209e+00 -3.542302719018892532e+01 0.000000000000000000e+00 -1.274775042895015531e-01 -3.176673230944970783e-01 0.000000000000000000e+00 2.724000000000000341e+02
-8.484917190496675587e+00 -3.545479392249837503e+01 0.000000000000000000e+00 -1.274775042894837895e-01 -3.176673230944970783e-01 0.000000000000000000e+00 2.725000000000000000e+02
-8.497664940925625743e+00 -3.548656065480781763e+01 0.000000000000000000e+00 -1.274775042895015531e-01 -3.176673230944260240e-01 0.000000000000000000e+00 2.726000000000000227e+02
-8.510412691354575898e+00 -3.551832738711726734e+01 0.000000000000000000e+00 -1.274775042895015531e-01 -3.176673230944970783e-01 0.000000000000000000e+00 2.726999999999999886e+02
-8.523160441783526053e+00 -3.555009411942671704e+01 0.000000000000000000e+00 -1.274775042895015531e-01 -3.176673230944970783e-01 0.000000000000000000e+00 2.728000000000000114e+02
-8.535908192212474432e+00 -3.558186085173615965e+01 0.000000000000000000e+00 -1.274775042894837895e-01 -3.176673230944260240e-01 0.000000000000000000e+00 2.729000000000000341e+02
-8.548571204940930812e+00 -3.561363027291417893e+01 0.000000000000000000e+00 -1.266301272845637982e-01 -3.176942117801928589e-01 0.000000000000000000e+00 2.730000000000000000e+02
-8.555002107689523072e+00 -3.564559744933612251e+01 0.000000000000000000e+00 -6.430902748592259854e-02 -3.196717642194357722e-01 0.000000000000000000e+00 2.731000000000000227e+02
-8.561433010438113556e+00 -3.567756462575807319e+01 0.000000000000000000e+00 -6.430902748590483498e-02 -3.196717642195068265e-01 0.000000000000000000e+00 2.731999999999999886e+02
-8.567863913186705815e+00 -3.570953180218002387e+01 0.000000000000000000e+00 -6.430902748592259854e-02 -3.196717642195068265e-01 0.000000000000000000e+00 2.733000000000000114e+02
-8.574294815935296299e+00 -3.574149897860197456e+01 0.000000000000000000e+00 -6.430902748590483498e-02 -3.196717642195068265e-01 0.000000000000000000e+00 2.734000000000000341e+02
-8.580725718683888559e+00 -3.577346615502392524e+01 0.000000000000000000e+00 -6.430902748592259854e-02 -3.196717642195068265e-01 0.000000000000000000e+00 2.735000000000000000e+02
-8.587156621432479042e+00 -3.580543333144586882e+01 0.000000000000000000e+00 -6.430902748590483498e-02 -3.196717642194357722e-01 0.000000000000000000e+00 2.736000000000000227e+02
-8.593587524181071302e+00 -3.583740050786781950e+01 0.000000000000000000e+00 -6.430902748592259854e-02 -3.196717642195068265e-01 0.000000000000000000e+00 2.736999999999999886e+02
-8.578902788078991648e+00 -3.586968735057339330e+01 0.000000000000000000e+00 1.468473610207965407e-01 -3.228684270557380387e-01 0.000000000000000000e+00 2.738000000000000114e+02
-8.545844446737852707e+00 -3.590225234835375545e+01 0.000000000000000000e+00 3.305834134113894152e-01 -3.256499778036214821e-01 0.000000000000000000e+00 2.739000000000000341e+02
-8.512786105396713765e+00 -3.593481734613411049e+01 0.000000000000000000e+00 3.305834134113894152e-01 -3.256499778035504278e-01 0.000000000000000000e+00 2.740000000000000000e+02
-8.479727764055573047e+00 -3.596738234391446554e+01 0.000000000000000000e+00 3.305834134114071787e-01 -3.256499778035504278e-01 0.000000000000000000e+00 2.741000000000000227e+02
-8.446669422714434106e+00 -3.599994734169482768e+01 0.000000000000000000e+00 3.305834134113894152e-01 -3.256499778036214821e-01 0.000000000000000000e+00 2.741999999999999886e+02
-8.413611081373295164e+00 -3.603251233947518273e+01 0.000000000000000000e+00 3.305834134113894152e-01 -3.256499778035504278e-01 0.000000000000000000e+00 2.743000000000000114e+02
-8.380552740032156223e+00 -3.606507733725554488e+01 0.000000000000000000e+00 3.305834134113894152e-01 -3.256499778036214821e-01 0.000000000000000000e+00 2.744000000000000341e+02
-8.347494398691017281e+00 -3.609764233503589992e+01 0.000000000000000000e+00 3.305834134113894152e-01 -3.256499778035504278e-01 0.000000000000000000e+00 2.745000000000000000e+02
-8.314436057349878340e+00 -3.613020733281625496e+01 0.000000000000000000e+00 3.305834134113894152e-01 -3.256499778035504278e-01 0.000000000000000000e+00 2.746000000000000227e+02
-8.281377716008737622e+00 -3.616277233059661711e+01 0.000000000000000000e+00 3.305834134114071787e-01 -3.256499778036214821e-01 0.000000000000000000e+00 2.746999999999999886e+02
-8.248319374667598680e+00 -3.619533732837697215e+01 0.000000000000000000e+00 3.305834134113894152e-01 -3.256499778035504278e-01 0.000000000000000000e+00 2.748000000000000114e+02
-8.215261033326459739e+00 -3.622790232615733430e+01 0.000000000000000000e+00 3.305834134113894152e-01 -3.256499778036214821e-01 0.000000000000000000e+00 2.749000000000000341e+02
-8.183359640708347982e+00 -3.625425027717083282e+01 0.000000000000000000e+00 3.190139261811175686e-01 -2.634795101349851620e-01 0.000000000000000000e+00 2.750000000000000000e+02
-8.152659429416241110e+00 -3.627414349053638887e+01 0.000000000000000000e+00 3.070021129210687150e-01 -1.989321336555605058e-01 0.000000000000000000e+00 2.751000000000000227e+02
-8.121959218124134239e+00 -3.629403670390195202e+01 0.000000000000000000e+00 3.070021129210687150e-01 -1.989321336556315600e-01 0.000000000000000000e+00 2.751999999999999886e+02
-8.091259006832029144e+00 -3.631392991726750807e+01 0.000000000000000000e+00 3.070021129210509514e-01 -1.989321336555605058e-01 0.000000000000000000e+00 2.753000000000000114e+02
-8.060558795539922272e+00 -3.633382313063307123e+01 0.000000000000000000e+00 3.070021129210687150e-01 -1.989321336556315600e-01 0.000000000000000000e+00 2.754000000000000341e+02
-8.029858584247815401e+00 -3.635371634399862728e+01 0.000000000000000000e+00 3.070021129210687150e-01 -1.989321336555605058e-01 0.000000000000000000e+00 2.755000000000000000e+02
-7.999158372955709417e+00 -3.637360955736419044e+01 0.000000000000000000e+00 3.070021129210598332e-01 -1.989321336556315600e-01 0.000000000000000000e+00 2.756000000000000227e+02
-7.968458161663602546e+00 -3.639350277072975359e+01 0.000000000000000000e+00 3.070021129210687150e-01 -1.989321336556315600e-01 0.000000000000000000e+00 2.756999999999999886e+02
-7.938237878916492463e+00 -3.641298001283067975e+01 0.000000000000000000e+00 3.022028274711008322e-01 -1.947724210092616204e-01 0.000000000000000000e+00 2.758000000000000114e+02
-7.910689763227587434e+00 -3.643014119200497447e+01 0.000000000000000000e+00 2.754811568890502826e-01 -1.716117917429471618e-01 0.000000000000000000e+00 2.759000000000000341e+02
-7.883141647538681518e+00 -3.644730237117926919e+01 0.000000000000000000e+00 2.754811568890591644e-01 -1.716117917429471618e-01 0.000000000000000000e+00 2.760000000000000000e+02
-7.855593531849775601e+00 -3.646446355035356390e+01 0.000000000000000000e+00 2.754811568890591644e-01 -1.716117917429471618e-01 0.000000000000000000e+00 2.761000000000000227e+02
-7.828045416160869685e+00 -3.648162472952785862e+01 0.000000000000000000e+00 2.754811568890591644e-01 -1.716117917429471618e-01 0.000000000000000000e+00 2.761999999999999886e+02
-7.800497300471963769e+00 -3.649878590870215334e+01 0.000000000000000000e+00 2.754811568890591644e-01 -1.716117917429471618e-01 0.000000000000000000e+00 2.763000000000000114e+02
-7.772949184783058740e+00 -3.651594708787644805e+01 0.000000000000000000e+00 2.754811568890502826e-01 -1.716117917429471618e-01 0.000000000000000000e+00 2.764000000000000341e+02
-7.745401069094152824e+00 -3.653310826705074277e+01 0.000000000000000000e+00 2.754811568890591644e-01 -1.716117917429471618e-01 0.000000000000000000e+00 2.765000000000000000e+02
-7.708174426217885511e+00 -3.653229740670473547e+01 0.000000000000000000e+00 3.722664287626731294e-01 8.108603460073027236e-03 0.000000000000000000e+00 2.766000000000000227e+02
-7.668208374990323151e+00 -3.652639974397664702e+01 0.000000000000000000e+00 3.996605122756236028e-01 5.897662728088448603e-02 0.000000000000000000e+00 2.766999999999999886e+02
-7.628242323762760790e+00 -3.652050208124855146e+01 0.000000000000000000e+00 3.996605122756236028e-01 5.897662728095554030e-02 0.000000000000000000e+00 2.768000000000000114e+02
-7.588276272535197542e+00 -3.651460441852046301e+01 0.000000000000000000e+00 3.996605122756324846e-01 5.897662728088448603e-02 0.000000000000000000e+00 2.769000000000000341e+02
-7.548310221307635182e+00 -3.650870675579236746e+01 0.000000000000000000e+00 3.996605122756236028e-01 5.897662728095554030e-02 0.000000000000000000e+00 2.770000000000000000e+02
-7.508344170080072821e+00 -3.650280909306427901e+01 0.000000000000000000e+00 3.996605122756236028e-01 5.897662728088448603e-02 0.000000000000000000e+00 2.771000000000000227e+02
-7.468378118852510461e+00 -3.649691143033618346e+01 0.000000000000000000e+00 3.996605122756236028e-01 5.897662728095554030e-02 0.000000000000000000e+00 2.771999999999999886e+02
-7.428412067624947213e+00 -3.649101376760809501e+01 0.000000000000000000e+00 3.996605122756324846e-01 5.897662728088448603e-02 0.000000000000000000e+00 2.773000000000000114e+02
-7.388446016397384852e+00 -3.648511610487999945e+01 0.000000000000000000e+00 3.996605122756236028e-01 5.897662728095554030e-02 0.000000000000000000e+00 2.774000000000000341e+02
-7.348479965169822492e+00 -3.647921844215191101e+01 0.000000000000000000e+00 3.996605122756236028e-01 5.897662728088448603e-02 0.000000000000000000e+00 2.775000000000000000e+02
-7.303538158191250851e+00 -3.647046630671096068e+01 0.000000000000000000e+00 4.494180697857164120e-01 8.752135440950326029e-02 0.000000000000000000e+00 2.776000000000000227e+02
-7.258447965069553476e+00 -3.646162904566945429e+01 0.000000000000000000e+00 4.509019312169737503e-01 8.837261041506394577e-02 0.000000000000000000e+00 2.776999999999999886e+02
-7.213357771947855213e+00 -3.645279178462795500e+01 0.000000000000000000e+00 4.509019312169826321e-01 8.837261041499289149e-02 0.000000000000000000e+00 2.778000000000000114e+02
-7.168267578826157838e+00 -3.644395452358644860e+01 0.000000000000000000e+00 4.509019312169737503e-01 8.837261041506394577e-02 0.000000000000000000e+00 2.779000000000000341e+02
-7.123177385704459574e+00 -3.643511726254494221e+01 0.000000000000000000e+00 4.509019312169826321e-01 8.837261041506394577e-02 0.000000000000000000e+00 2.780000000000000000e+02
-7.078087192582762199e+00 -3.642628000150344292e+01 0.000000000000000000e+00 4.509019312169737503e-01 8.837261041499289149e-02 0.000000000000000000e+00 2.781000000000000227e+02
-7.032996999461063936e+00 -3.641744274046193652e+01 0.000000000000000000e+00 4.509019312169826321e-01 8.837261041506394577e-02 0.000000000000000000e+00 2.781999999999999886e+02
-6.987906806339365673e+00 -3.640860547942043013e+01 0.000000000000000000e+00 4.509019312169826321e-01 8.837261041506394577e-02 0.000000000000000000e+00 2.783000000000000114e+02
-6.942816613217668298e+00 -3.639976821837893084e+01 0.000000000000000000e+00 4.509019312169737503e-01 8.837261041499289149e-02 0.000000000000000000e+00 2.784000000000000341e+02
-6.897726420095970923e+00 -3.639093095733742445e+01 0.000000000000000000e+00 4.509019312169737503e-01 8.837261041506394577e-02 0.000000000000000000e+00 2.785000000000000000e+02
-6.853244111848600717e+00 -3.638218420850100188e+01 0.000000000000000000e+00 4.448230824737020583e-01 8.746748836422568729e-02 0.000000000000000000e+00 2.786000000000000227e+02
-6.814417020327730334e+00 -3.637427950419925793e+01 0.000000000000000000e+00 3.882709152087038262e-01 7.904704301743947781e-02 0.000000000000000000e+00 2.786999999999999886e+02
-6.775589928806859952e+00 -3.636637479989751398e+01 0.000000000000000000e+00 3.882709152087038262e-01 7.904704301743947781e-02 0.000000000000000000e+00 2.788000000000000114e+02
-6.736762837285989569e+00 -3.635847009559577003e+01 0.000000000000000000e+00 3.882709152087038262e-01 7.904704301743947781e-02 0.000000000000000000e+00 2.789000000000000341e+02
-6.697935745765119187e+00 -3.635056539129402609e+01 0.000000000000000000e+00 3.882709152087038262e-01 7.904704301743947781e-02 0.000000000000000000e+00 2.790000000000000000e+02
-6.659108654244248804e+00 -3.634266068699228214e+01 0.000000000000000000e+00 3.882709152087038262e-01 7.904704301743947781e-02 0.000000000000000000e+00 2.791000000000000227e+02
-6.620281562723378421e+00 -3.633475598269053819e+01 0.000000000000000000e+00 3.882709152087038262e-01 7.904704301743947781e-02 0.000000000000000000e+00 2.791999999999999886e+02
-6.581454471202508039e+00 -3.632685127838879424e+01 0.000000000000000000e+00 3.882709152087038262e-01 7.904704301743947781e-02 0.000000000000000000e+00 2.793000000000000114e+02
-6.542627379681637656e+00 -3.631894657408705029e+01 0.000000000000000000e+00 3.882709152087038262e-01 7.904704301743947781e-02 0.000000000000000000e+00 2.794000000000000341e+02
-6.503800288160767273e+00 -3.631104186978530635e+01 0.000000000000000000e+00 3.882709152087038262e-01 7.904704301743947781e-02 0.000000000000000000e+00 2.795000000000000000e+02
-6.468427491455405409e+00 -3.630379247889592165e+01 0.000000000000000000e+00 3.537279670536186416e-01 7.249390889384699221e-02 0.000000000000000000e+00 2.796000000000000227e+02
-6.437111439058725182e+00 -3.629731269196276600e+01 0.000000000000000000e+00 3.131605239668022733e-01 6.479786933155651241e-02 0.000000000000000000e+00 2.796999999999999886e+02
-6.405795386662045843e+00 -3.629083290502961034e+01 0.000000000000000000e+00 3.131605239667933915e-01 6.479786933155651241e-02 0.000000000000000000e+00 2.798000000000000114e+02
-6.374479334265365615e+00 -3.628435311809645469e+01 0.000000000000000000e+00 3.131605239668022733e-01 6.479786933155651241e-02 0.000000000000000000e+00 2.799000000000000341e+02
-6.343163281868685388e+00 -3.627787333116329194e+01 0.000000000000000000e+00 3.131605239668022733e-01 6.479786933162756668e-02 0.000000000000000000e+00 2.800000000000000000e+02
-6.311847229472006049e+00 -3.627139354423013629e+01 0.000000000000000000e+00 3.131605239667933915e-01 6.479786933155651241e-02 0.000000000000000000e+00 2.801000000000000227e+02
-6.280531177075325822e+00 -3.626491375729698063e+01 0.000000000000000000e+00 3.131605239668022733e-01 6.479786933155651241e-02 0.000000000000000000e+00 2.801999999999999886e+02
-6.250065256809572922e+00 -3.625862200488293752e+01 0.000000000000000000e+00 3.046592026575289935e-01 6.291752414043116914e-02 0.000000000000000000e+00 2.803000000000000114e+02
-6.220944267754921597e+00 -3.625262772798394195e+01 0.000000000000000000e+00 2.912098905465132503e-01 5.994276898995565261e-02 0.000000000000000000e+00 2.804000000000000341e+02
-6.191823278700270272e+00 -3.624663345108495349e+01 0.000000000000000000e+00 2.912098905465132503e-01 5.994276898988459834e-02 0.000000000000000000e+00 2.805000000000000000e+02
-6.162702289645618059e+00 -3.624063917418595793e+01 0.000000000000000000e+00 2.912098905465221321e-01 5.994276898995565261e-02 0.000000000000000000e+00 2.806000000000000227e+02
-6.133581300590966734e+00 -3.623464489728696947e+01 0.000000000000000000e+00 2.912098905465132503e-01 5.994276898988459834e-02 0.000000000000000000e+00 2.806999999999999886e+02
-6.104460311536315409e+00 -3.622865062038797390e+01 0.000000000000000000e+00 2.912098905465132503e-01 5.994276898995565261e-02 0.000000000000000000e+00 2.808000000000000114e+02
-6.075339322481664084e+00 -3.622265634348898544e+01 0.000000000000000000e+00 2.912098905465132503e-01 5.994276898988459834e-02 0.000000000000000000e+00 2.809000000000000341e+02
-6.043619788714368113e+00 -3.621704592932693600e+01 0.000000000000000000e+00 3.171953376729597096e-01 5.610414162049437437e-02 0.000000000000000000e+00 2.810000000000000000e+02
-6.009541060896215647e+00 -3.621178402049594069e+01 0.000000000000000000e+00 3.407872781815246555e-01 5.261908830995309927e-02 0.000000000000000000e+00 2.811000000000000227e+02
-5.975462333078062294e+00 -3.620652211166494538e+01 0.000000000000000000e+00 3.407872781815335372e-01 5.261908830995309927e-02 0.000000000000000000e+00 2.811999999999999886e+02
-5.941383605259909828e+00 -3.620126020283395718e+01 0.000000000000000000e+00 3.407872781815246555e-01 5.261908830988204500e-02 0.000000000000000000e+00 2.813000000000000114e+02
-5.907304877441756474e+00 -3.619599829400296187e+01 0.000000000000000000e+00 3.407872781815335372e-01 5.261908830995309927e-02 0.000000000000000000e+00 2.814000000000000341e+02
-5.873226149623604009e+00 -3.619073638517196656e+01 0.000000000000000000e+00 3.407872781815246555e-01 5.261908830995309927e-02 0.000000000000000000e+00 2.815000000000000000e+02
-5.839147421805451543e+00 -3.618547447634097836e+01 0.000000000000000000e+00 3.407872781815246555e-01 5.261908830988204500e-02 0.000000000000000000e+00 2.816000000000000227e+02
-5.805068693987298190e+00 -3.618021256750998305e+01 0.000000000000000000e+00 3.407872781815335372e-01 5.261908830995309927e-02 0.000000000000000000e+00 2.816999999999999886e+02
-5.770653671966390341e+00 -3.617576399406490850e+01 0.000000000000000000e+00 3.441502202090784834e-01 4.448573445074543997e-02 0.000000000000000000e+00 2.818000000000000114e+02
-5.735075390435217635e+00 -3.617412879092164246e+01 0.000000000000000000e+00 3.557828153117270631e-01 1.635203143266039660e-02 0.000000000000000000e+00 2.819000000000000341e+02
-5.699497108904044929e+00 -3.617249358777837642e+01 0.000000000000000000e+00 3.557828153117270631e-01 1.635203143266039660e-02 0.000000000000000000e+00 2.820000000000000000e+02
-5.663918827372871334e+00 -3.617085838463511749e+01 0.000000000000000000e+00 3.557828153117359449e-01 1.635203143258934233e-02 0.000000000000000000e+00 2.821000000000000227e+02
-5.628340545841698628e+00 -3.616922318149185145e+01 0.000000000000000000e+00 3.557828153117270631e-01 1.635203143266039660e-02 0.000000000000000000e+00 2.821999999999999886e+02
-5.592762264310525921e+00 -3.616758797834858541e+01 0.000000000000000000e+00 3.557828153117270631e-01 1.635203143266039660e-02 0.000000000000000000e+00 2.823000000000000114e+02
-5.557183982779352327e+00 -3.616595277520532647e+01 0.000000000000000000e+00 3.557828153117359449e-01 1.635203143258934233e-02 0.000000000000000000e+00 2.824000000000000341e+02
-5.521605701248179621e+00 -3.616431757206206044e+01 0.000000000000000000e+00 3.557828153117270631e-01 1.635203143266039660e-02 0.000000000000000000e+00 2.825000000000000000e+02
-5.484492420241100952e+00 -3.616233859357181046e+01 0.000000000000000000e+00 3.711328100707866895e-01 1.978978490249971856e-02 0.000000000000000000e+00 2.826000000000000227e+02
-5.438023497292185482e+00 -3.615826434462359629e+01 0.000000000000000000e+00 4.646892294891546982e-01 4.074248948214176380e-02 0.000000000000000000e+00 2.826999999999999886e+02
-5.391554574343270012e+00 -3.615419009567538922e+01 0.000000000000000000e+00 4.646892294891546982e-01 4.074248948207070953e-02 0.000000000000000000e+00 2.828000000000000114e+02
-5.345085651394354542e+00 -3.615011584672717504e+01 0.000000000000000000e+00 4.646892294891546982e-01 4.074248948214176380e-02 0.000000000000000000e+00 2.829000000000000341e+02
-5.298616728445439961e+00 -3.614604159777896797e+01 0.000000000000000000e+00 4.646892294891458164e-01 4.074248948207070953e-02 0.000000000000000000e+00 2.830000000000000000e+02
-5.252147805496524491e+00 -3.614196734883075379e+01 0.000000000000000000e+00 4.646892294891546982e-01 4.074248948214176380e-02 0.000000000000000000e+00 2.831000000000000227e+02
-5.205678882547609021e+00 -3.613789309988254672e+01 0.000000000000000000e+00 4.646892294891546982e-01 4.074248948207070953e-02 0.000000000000000000e+00 2.831999999999999886e+02
-5.159209959598694439e+00 -3.613381885093433254e+01 0.000000000000000000e+00 4.646892294891458164e-01 4.074248948214176380e-02 0.000000000000000000e+00 2.833000000000000114e+02
-5.112741036649778970e+00 -3.612974460198612547e+01 0.000000000000000000e+00 4.646892294891546982e-01 4.074248948207070953e-02 0.000000000000000000e+00 2.834000000000000341e+02
-5.066272113700863500e+00 -3.612567035303791130e+01 0.000000000000000000e+00 4.646892294891546982e-01 4.074248948214176380e-02 0.000000000000000000e+00 2.835000000000000000e+02
-5.019803190751948030e+00 -3.612159610408969712e+01 0.000000000000000000e+00 4.646892294891546982e-01 4.074248948214176380e-02 0.000000000000000000e+00 2.836000000000000227e+02
-4.973334267803033448e+00 -3.611752185514149005e+01 0.000000000000000000e+00 4.646892294891458164e-01 4.074248948207070953e-02 0.000000000000000000e+00 2.836999999999999886e+02
-4.918322262404930534e+00 -3.610494537253239855e+01 0.000000000000000000e+00 5.501200539810291446e-01 1.257648260909149940e-01 0.000000000000000000e+00 2.838000000000000114e+02
-4.863214605932682844e+00 -3.609227369620521841e+01 0.000000000000000000e+00 5.510765647224769026e-01 1.267167632718013692e-01 0.000000000000000000e+00 2.839000000000000341e+02
-4.808106949460435153e+00 -3.607960201987803117e+01 0.000000000000000000e+00 5.510765647224769026e-01 1.267167632718724235e-01 0.000000000000000000e+00 2.840000000000000000e+02
-4.752999292988188351e+00 -3.606693034355085103e+01 0.000000000000000000e+00 5.510765647224680208e-01 1.267167632718013692e-01 0.000000000000000000e+00 2.841000000000000227e+02
-4.697891636515940661e+00 -3.605425866722367090e+01 0.000000000000000000e+00 5.510765647224769026e-01 1.267167632718013692e-01 0.000000000000000000e+00 2.841999999999999886e+02
-4.642783980043692971e+00 -3.604158699089648366e+01 0.000000000000000000e+00 5.510765647224769026e-01 1.267167632718724235e-01 0.000000000000000000e+00 2.843000000000000114e+02
-4.587676323571446169e+00 -3.602891531456930352e+01 0.000000000000000000e+00 5.510765647224680208e-01 1.267167632718013692e-01 0.000000000000000000e+00 2.844000000000000341e+02
-4.532568667099198478e+00 -3.601624363824212338e+01 0.000000000000000000e+00 5.510765647224769026e-01 1.267167632718013692e-01 0.000000000000000000e+00 2.845000000000000000e+02
-4.477461010626950788e+00 -3.600357196191493614e+01 0.000000000000000000e+00 5.510765647224769026e-01 1.267167632718724235e-01 0.000000000000000000e+00 2.846000000000000227e+02
-4.422353354154703098e+00 -3.599090028558775600e+01 0.000000000000000000e+00 5.510765647224769026e-01 1.267167632718013692e-01 0.000000000000000000e+00 2.846999999999999886e+02
-4.367245697682456296e+00 -3.597822860926057587e+01 0.000000000000000000e+00 5.510765647224680208e-01 1.267167632718013692e-01 0.000000000000000000e+00 2.848000000000000114e+02
-4.312138041210208605e+00 -3.596555693293338862e+01 0.000000000000000000e+00 5.510765647224769026e-01 1.267167632718724235e-01 0.000000000000000000e+00 2.849000000000000341e+02
-4.257030384737960915e+00 -3.595288525660620849e+01 0.000000000000000000e+00 5.510765647224769026e-01 1.267167632718013692e-01 0.000000000000000000e+00 2.850000000000000000e+02
-4.205311173407273451e+00 -3.594005201383895098e+01 0.000000000000000000e+00 5.171921133068746457e-01 1.283324276725750224e-01 0.000000000000000000e+00 2.851000000000000227e+02
-4.164328921961360841e+00 -3.592670681579033243e+01 0.000000000000000000e+00 4.098225144591260971e-01 1.334519804861855619e-01 0.000000000000000000e+00 2.851999999999999886e+02
-4.123346670515448231e+00 -3.591336161774171387e+01 0.000000000000000000e+00 4.098225144591260971e-01 1.334519804861855619e-01 0.000000000000000000e+00 2.853000000000000114e+02
-4.082364419069535622e+00 -3.590001641969309532e+01 0.000000000000000000e+00 4.098225144591260971e-01 1.334519804861855619e-01 0.000000000000000000e+00 2.854000000000000341e+02
-4.041382167623623012e+00 -3.588667122164448386e+01 0.000000000000000000e+00 4.098225144591260971e-01 1.334519804861145076e-01 0.000000000000000000e+00 2.855000000000000000e+02
-4.000399916177710402e+00 -3.587332602359586531e+01 0.000000000000000000e+00 4.098225144591260971e-01 1.334519804861855619e-01 0.000000000000000000e+00 2.856000000000000227e+02
-3.959417664731798236e+00 -3.585998082554724675e+01 0.000000000000000000e+00 4.098225144591216562e-01 1.334519804861855619e-01 0.000000000000000000e+00 2.856999999999999886e+02
-3.918435413285885627e+00 -3.584663562749862820e+01 0.000000000000000000e+00 4.098225144591260971e-01 1.334519804861855619e-01 0.000000000000000000e+00 2.858000000000000114e+02
-3.877453161839973017e+00 -3.583329042945000964e+01 0.000000000000000000e+00 4.098225144591260971e-01 1.334519804861855619e-01 0.000000000000000000e+00 2.859000000000000341e+02
-3.836470910394060851e+00 -3.581994523140139108e+01 0.000000000000000000e+00 4.098225144591216562e-01 1.334519804861855619e-01 0.000000000000000000e+00 2.860000000000000000e+02
-3.795488658948148242e+00 -3.580660003335277253e+01 0.000000000000000000e+00 4.098225144591260971e-01 1.334519804861855619e-01 0.000000000000000000e+00 2.861000000000000227e+02
-3.764869919941167264e+00 -3.579179421680667161e+01 0.000000000000000000e+00 3.061873900698097728e-01 1.480581654610091391e-01 0.000000000000000000e+00 2.861999999999999886e+02
-3.736206171627834305e+00 -3.577671286669158235e+01 0.000000000000000000e+00 2.866374831333295958e-01 1.508135011508926482e-01 0.000000000000000000e+00 2.863000000000000114e+02
-3.707542423314501345e+00 -3.576163151657649308e+01 0.000000000000000000e+00 2.866374831333295958e-01 1.508135011508926482e-01 0.000000000000000000e+00 2.864000000000000341e+02
-3.678878675001168830e+00 -3.574655016646140382e+01 0.000000000000000000e+00 2.866374831333251549e-01 1.508135011508926482e-01 0.000000000000000000e+00 2.865000000000000000e+02
-3.650214926687835870e+00 -3.573146881634631455e+01 0.000000000000000000e+00 2.866374831333295958e-01 1.508135011508926482e-01 0.000000000000000000e+00 2.866000000000000227e+02
-3.621551178374502911e+00 -3.571638746623122529e+01 0.000000000000000000e+00 2.866374831333295958e-01 1.508135011508926482e-01 0.000000000000000000e+00 2.866999999999999886e+02
-3.592887430061169951e+00 -3.570130611611613602e+01 0.000000000000000000e+00 2.866374831333295958e-01 1.508135011508926482e-01 0.000000000000000000e+00 2.868000000000000114e+02
-3.564223681747836991e+00 -3.568622476600104676e+01 0.000000000000000000e+00 2.866374831333295958e-01 1.508135011508926482e-01 0.000000000000000000e+00 2.869000000000000341e+02
-3.564446846276386083e+00 -3.565331579860924904e+01 0.000000000000000000e+00 -2.231645285490913011e-03 3.290896739179771657e-01 0.000000000000000000e+00 2.870000000000000000e+02
-3.565813069721998740e+00 -3.561970139007150493e+01 0.000000000000000000e+00 -1.366223445612657628e-02 3.361440853774411153e-01 0.000000000000000000e+00 2.871000000000000227e+02
-3.567179293167610954e+00 -3.558608698153376082e+01 0.000000000000000000e+00 -1.366223445612213538e-02 3.361440853774411153e-01 0.000000000000000000e+00 2.871999999999999886e+02
-3.568545516613223167e+00 -3.555247257299601671e+01 0.000000000000000000e+00 -1.366223445612213538e-02 3.361440853774411153e-01 0.000000000000000000e+00 2.873000000000000114e+02
-3.569911740058835381e+00 -3.551885816445827260e+01 0.000000000000000000e+00 -1.366223445612213538e-02 3.361440853774411153e-01 0.000000000000000000e+00 2.874000000000000341e+02
-3.571277963504448039e+00 -3.548524375592052849e+01 0.000000000000000000e+00 -1.366223445612657628e-02 3.361440853774411153e-01 0.000000000000000000e+00 2.875000000000000000e+02
-3.572644186950060252e+00 -3.545162934738278437e+01 0.000000000000000000e+00 -1.366223445612213538e-02 3.361440853774411153e-01 0.000000000000000000e+00 2.876000000000000227e+02
-3.574010410395672466e+00 -3.541801493884504026e+01 0.000000000000000000e+00 -1.366223445612213538e-02 3.361440853774411153e-01 0.000000000000000000e+00 2.876999999999999886e+02
-3.579618072100954063e+00 -3.538091547941054671e+01 0.000000000000000000e+00 -5.607661705281596909e-02 3.709945943449355354e-01 0.000000000000000000e+00 2.878000000000000114e+02
-3.585441250251006906e+00 -3.534363893717226546e+01 0.000000000000000000e+00 -5.823178150052843449e-02 3.727654223828125168e-01 0.000000000000000000e+00 2.879000000000000341e+02
-3.591264428401059305e+00 -3.530636239493399131e+01 0.000000000000000000e+00 -5.823178150052399360e-02 3.727654223827414626e-01 0.000000000000000000e+00 2.880000000000000000e+02
-3.597087606551112149e+00 -3.526908585269571006e+01 0.000000000000000000e+00 -5.823178150052843449e-02 3.727654223828125168e-01 0.000000000000000000e+00 2.881000000000000227e+02
-3.602910784701164992e+00 -3.523180931045743591e+01 0.000000000000000000e+00 -5.823178150052843449e-02 3.727654223827414626e-01 0.000000000000000000e+00 2.881999999999999886e+02
-3.608733962851217392e+00 -3.519453276821915466e+01 0.000000000000000000e+00 -5.823178150052399360e-02 3.727654223828125168e-01 0.000000000000000000e+00 2.883000000000000114e+02
-3.614557141001270235e+00 -3.515725622598087341e+01 0.000000000000000000e+00 -5.823178150052843449e-02 3.727654223828125168e-01 0.000000000000000000e+00 2.884000000000000341e+02
-3.620380319151322634e+00 -3.511997968374259926e+01 0.000000000000000000e+00 -5.823178150052399360e-02 3.727654223827414626e-01 0.000000000000000000e+00 2.885000000000000000e+02
-3.625561757501715832e+00 -3.508214810915499982e+01 0.000000000000000000e+00 -5.181438350393197112e-02 3.783157458759944802e-01 0.000000000000000000e+00 2.886000000000000227e+02
-3.625321251284748580e+00 -3.503962716570994473e+01 0.000000000000000000e+00 2.405062169672511629e-03 4.252094344505508161e-01 0.000000000000000000e+00 2.886999999999999886e+02
-3.625080745067781773e+00 -3.499710622226488965e+01 0.000000000000000000e+00 2.405062169668070737e-03 4.252094344505508161e-01 0.000000000000000000e+00 2.888000000000000114e+02
-3.624840238850814966e+00 -3.495458527881984168e+01 0.000000000000000000e+00 2.405062169668070737e-03 4.252094344504797618e-01 0.000000000000000000e+00 2.889000000000000341e+02
-3.624599732633848159e+00 -3.491206433537478659e+01 0.000000000000000000e+00 2.405062169668070737e-03 4.252094344505508161e-01 0.000000000000000000e+00 2.890000000000000000e+02
-3.624359226416881352e+00 -3.486954339192973151e+01 0.000000000000000000e+00 2.405062169668070737e-03 4.252094344505508161e-01 0.000000000000000000e+00 2.891000000000000227e+02
-3.624118720199914101e+00 -3.482702244848467643e+01 0.000000000000000000e+00 2.405062169672511629e-03 4.252094344505508161e-01 0.000000000000000000e+00 2.891999999999999886e+02
-3.623878213982947294e+00 -3.478450150503962846e+01 0.000000000000000000e+00 2.405062169668070737e-03 4.252094344504797618e-01 0.000000000000000000e+00 2.893000000000000114e+02
-3.623637707765980487e+00 -3.474198056159457337e+01 0.000000000000000000e+00 2.405062169668070737e-03 4.252094344505508161e-01 0.000000000000000000e+00 2.894000000000000341e+02
-3.623397201549013680e+00 -3.469945961814951829e+01 0.000000000000000000e+00 2.405062169668070737e-03 4.252094344505508161e-01 0.000000000000000000e+00 2.895000000000000000e+02
-3.623156695332046873e+00 -3.465693867470447032e+01 0.000000000000000000e+00 2.405062169668070737e-03 4.252094344504797618e-01 0.000000000000000000e+00 2.896000000000000227e+02
-3.620170342959414089e+00 -3.462006629934321467e+01 0.000000000000000000e+00 2.986352372632783414e-02 3.687237536125564930e-01 0.000000000000000000e+00 2.896999999999999886e+02
-3.615350095373687012e+00 -3.458696648856950162e+01 0.000000000000000000e+00 4.820247585727077677e-02 3.309981077371304536e-01 0.000000000000000000e+00 2.898000000000000114e+02
-3.610529847787959934e+00 -3.455386667779578858e+01 0.000000000000000000e+00 4.820247585727077677e-02 3.309981077371304536e-01 0.000000000000000000e+00 2.899000000000000341e+02
-3.605709600202233300e+00 -3.452076686702207553e+01 0.000000000000000000e+00 4.820247585726633588e-02 3.309981077371304536e-01 0.000000000000000000e+00 2.900000000000000000e+02
-3.600889352616506223e+00 -3.448766705624836248e+01 0.000000000000000000e+00 4.820247585727077677e-02 3.309981077371304536e-01 0.000000000000000000e+00 2.901000000000000227e+02
-3.596069105030779145e+00 -3.445456724547465654e+01 0.000000000000000000e+00 4.820247585727077677e-02 3.309981077370593994e-01 0.000000000000000000e+00 2.901999999999999886e+02
-3.591248857445052067e+00 -3.442146743470094350e+01 0.000000000000000000e+00 4.820247585727077677e-02 3.309981077371304536e-01 0.000000000000000000e+00 2.903000000000000114e+02
-3.586434159226390861e+00 -3.438854089132117764e+01 0.000000000000000000e+00 4.814698218661206397e-02 3.292654337976586021e-01 0.000000000000000000e+00 2.904000000000000341e+02
-3.581700951119684007e+00 -3.435815870645351566e+01 0.000000000000000000e+00 4.733208106706854323e-02 3.038218486766197657e-01 0.000000000000000000e+00 2.905000000000000000e+02
-3.576967743012977152e+00 -3.432777652158584658e+01 0.000000000000000000e+00 4.733208106706854323e-02 3.038218486766908200e-01 0.000000000000000000e+00 2.906000000000000227e+02
-3.572234534906270742e+00 -3.429739433671818460e+01 0.000000000000000000e+00 4.733208106706410234e-02 3.038218486766197657e-01 0.000000000000000000e+00 2.906999999999999886e+02
-3.567501326799563888e+00 -3.426701215185052263e+01 0.000000000000000000e+00 4.733208106706854323e-02 3.038218486766197657e-01 0.000000000000000000e+00 2.908000000000000114e+02
-3.562768118692857033e+00 -3.423662996698286065e+01 0.000000000000000000e+00 4.733208106706854323e-02 3.038218486766197657e-01 0.000000000000000000e+00 2.909000000000000341e+02
-3.558034910586150623e+00 -3.420624778211519157e+01 0.000000000000000000e+00 4.733208106706410234e-02 3.038218486766908200e-01 0.000000000000000000e+00 2.910000000000000000e+02
-3.549136570992978079e+00 -3.417521626953131886e+01 0.000000000000000000e+00 8.898339593172543971e-02 3.103151258387271128e-01 0.000000000000000000e+00 2.911000000000000227e+02
-3.526220713254303973e+00 -3.414199948066651302e+01 0.000000000000000000e+00 2.291585773867410580e-01 3.321678886480583515e-01 0.000000000000000000e+00 2.911999999999999886e+02
-3.503304855515629868e+00 -3.410878269180170719e+01 0.000000000000000000e+00 2.291585773867410580e-01 3.321678886480583515e-01 0.000000000000000000e+00 2.913000000000000114e+02
-3.480388997776955762e+00 -3.407556590293690846e+01 0.000000000000000000e+00 2.291585773867410580e-01 3.321678886479872972e-01 0.000000000000000000e+00 2.914000000000000341e+02
-3.457473140038281656e+00 -3.404234911407210262e+01 0.000000000000000000e+00 2.291585773867410580e-01 3.321678886480583515e-01 0.000000000000000000e+00 2.915000000000000000e+02
-3.434557282299607994e+00 -3.400913232520729679e+01 0.000000000000000000e+00 2.291585773867366171e-01 3.321678886480583515e-01 0.000000000000000000e+00 2.916000000000000227e+02
-3.411641424560933888e+00 -3.397591553634249095e+01 0.000000000000000000e+00 2.291585773867410580e-01 3.321678886480583515e-01 0.000000000000000000e+00 2.916999999999999886e+02
-3.388725566822259783e+00 -3.394269874747768512e+01 0.000000000000000000e+00 2.291585773867410580e-01 3.321678886480583515e-01 0.000000000000000000e+00 2.918000000000000114e+02
-3.365809709083585677e+00 -3.390948195861287928e+01 0.000000000000000000e+00 2.291585773867410580e-01 3.321678886480583515e-01 0.000000000000000000e+00 2.919000000000000341e+02
-3.342893851344912015e+00 -3.387626516974807345e+01 0.000000000000000000e+00 2.291585773867366171e-01 3.321678886480583515e-01 0.000000000000000000e+00 2.920000000000000000e+02
-3.319977993606237909e+00 -3.384304838088327472e+01 0.000000000000000000e+00 2.291585773867410580e-01 3.321678886479872972e-01 0.000000000000000000e+00 2.921000000000000227e+02
-3.302267867062801621e+00 -3.381349077466902742e+01 0.000000000000000000e+00 1.771012654343628867e-01 2.955760621424730061e-01 0.000000000000000000e+00 2.921999999999999886e+02
-3.287768734991009634e+00 -3.378619022223281831e+01 0.000000000000000000e+00 1.449913207179198693e-01 2.730055243620910232e-01 0.000000000000000000e+00 2.923000000000000114e+02
-3.273269602919217647e+00 -3.375888966979661632e+01 0.000000000000000000e+00 1.449913207179198693e-01 2.730055243620199690e-01 0.000000000000000000e+00 2.924000000000000341e+02
-3.258770470847426104e+00 -3.373158911736040722e+01 0.000000000000000000e+00 1.449913207179154284e-01 2.730055243620910232e-01 0.000000000000000000e+00 2.925000000000000000e+02
-3.244271338775634117e+00 -3.370428856492420522e+01 0.000000000000000000e+00 1.449913207179198693e-01 2.730055243620199690e-01 0.000000000000000000e+00 2.926000000000000227e+02
-3.229772206703842130e+00 -3.367698801248799612e+01 0.000000000000000000e+00 1.449913207179198693e-01 2.730055243620910232e-01 0.000000000000000000e+00 2.926999999999999886e+02
-3.215273074632050143e+00 -3.364968746005179412e+01 0.000000000000000000e+00 1.449913207179198693e-01 2.730055243620199690e-01 0.000000000000000000e+00 2.928000000000000114e+02
-3.201213993149358839e+00 -3.362344677076255550e+01 0.000000000000000000e+00 1.405908148269130464e-01 2.624068928923861677e-01 0.000000000000000000e+00 2.929000000000000341e+02
-3.188523859918955594e+00 -3.360050319739279701e+01 0.000000000000000000e+00 1.269013323040324437e-01 2.294357336975849648e-01 0.000000000000000000e+00 2.930000000000000000e+02
-3.175833726688552794e+00 -3.357755962402304561e+01 0.000000000000000000e+00 1.269013323040280028e-01 2.294357336975139106e-01 0.000000000000000000e+00 2.931000000000000227e+02
-3.163143593458149549e+00 -3.355461605065328712e+01 0.000000000000000000e+00 1.269013323040324437e-01 2.294357336975849648e-01 0.000000000000000000e+00 2.931999999999999886e+02
-3.150453460227746749e+00 -3.353167247728353573e+01 0.000000000000000000e+00 1.269013323040280028e-01 2.294357336975139106e-01 0.000000000000000000e+00 2.933000000000000114e+02
-3.137763326997343949e+00 -3.350872890391377723e+01 0.000000000000000000e+00 1.269013323040280028e-01 2.294357336975849648e-01 0.000000000000000000e+00 2.934000000000000341e+02
-3.127266100440716734e+00 -3.348433144768115000e+01 0.000000000000000000e+00 1.049722655662721493e-01 2.439745623262723484e-01 0.000000000000000000e+00 2.935000000000000000e+02
-3.120248168380342690e+00 -3.345762724182553427e+01 0.000000000000000000e+00 7.017932060374043601e-02 2.670420585561572580e-01 0.000000000000000000e+00 2.936000000000000227e+02
-3.113230236319969091e+00 -3.343092303596991854e+01 0.000000000000000000e+00 7.017932060373599512e-02 2.670420585561572580e-01 0.000000000000000000e+00 2.936999999999999886e+02
-3.106212304259595047e+00 -3.340421883011429571e+01 0.000000000000000000e+00 7.017932060374043601e-02 2.670420585562283122e-01 0.000000000000000000e+00 2.938000000000000114e+02
-3.099194372199221448e+00 -3.337751462425867999e+01 0.000000000000000000e+00 7.017932060373599512e-02 2.670420585561572580e-01 0.000000000000000000e+00 2.939000000000000341e+02
-3.092176440138847404e+00 -3.335081041840306426e+01 0.000000000000000000e+00 7.017932060374043601e-02 2.670420585561572580e-01 0.000000000000000000e+00 2.940000000000000000e+02
-3.085158508078473361e+00 -3.332410621254744854e+01 0.000000000000000000e+00 7.017932060374043601e-02 2.670420585561572580e-01 0.000000000000000000e+00 2.941000000000000227e+02
-3.096848674552778125e+00 -3.329304537819348297e+01 0.000000000000000000e+00 -1.169016647430476397e-01 3.106083435396556069e-01 0.000000000000000000e+00 2.941999999999999886e+02
-3.119419162020351965e+00 -3.325945080068959925e+01 0.000000000000000000e+00 -2.257048746757384095e-01 3.359457750388372688e-01 0.000000000000000000e+00 2.943000000000000114e+02
-3.141989649487926251e+00 -3.322585622318571552e+01 0.000000000000000000e+00 -2.257048746757428503e-01 3.359457750388372688e-01 0.000000000000000000e+00 2.944000000000000341e+02
-3.164560136955500091e+00 -3.319226164568183179e+01 0.000000000000000000e+00 -2.257048746757384095e-01 3.359457750388372688e-01 0.000000000000000000e+00 2.945000000000000000e+02
-3.187130624423073932e+00 -3.315866706817794096e+01 0.000000000000000000e+00 -2.257048746757384095e-01 3.359457750389083230e-01 0.000000000000000000e+00 2.946000000000000227e+02
-3.209701111890648217e+00 -3.312507249067405724e+01 0.000000000000000000e+00 -2.257048746757428503e-01 3.359457750388372688e-01 0.000000000000000000e+00 2.946999999999999886e+02
-3.232271599358222058e+00 -3.309147791317017351e+01 0.000000000000000000e+00 -2.257048746757384095e-01 3.359457750388372688e-01 0.000000000000000000e+00 2.948000000000000114e+02
-3.254842086825795899e+00 -3.305788333566628978e+01 0.000000000000000000e+00 -2.257048746757384095e-01 3.359457750388372688e-01 0.000000000000000000e+00 2.949000000000000341e+02
-3.277412574293370184e+00 -3.302428875816239895e+01 0.000000000000000000e+00 -2.257048746757428503e-01 3.359457750389083230e-01 0.000000000000000000e+00 2.950000000000000000e+02
-3.299983061760944025e+00 -3.299069418065851522e+01 0.000000000000000000e+00 -2.257048746757384095e-01 3.359457750388372688e-01 0.000000000000000000e+00 2.951000000000000227e+02
-3.322553549228517866e+00 -3.295709960315463150e+01 0.000000000000000000e+00 -2.257048746757384095e-01 3.359457750388372688e-01 0.000000000000000000e+00 2.951999999999999886e+02
-3.325160308969998813e+00 -3.291972983481872461e+01 0.000000000000000000e+00 -2.606759741480946246e-02 3.736976833590688329e-01 0.000000000000000000e+00 2.953000000000000114e+02
-3.322517360106664430e+00 -3.288136733345881879e+01 0.000000000000000000e+00 2.642948863334382281e-02 3.836250135990582066e-01 0.000000000000000000e+00 2.954000000000000341e+02
-3.319874411243330048e+00 -3.284300483209892008e+01 0.000000000000000000e+00 2.642948863334382281e-02 3.836250135989871524e-01 0.000000000000000000e+00 2.955000000000000000e+02
-3.317231462379995666e+00 -3.280464233073902136e+01 0.000000000000000000e+00 2.642948863334382281e-02 3.836250135989871524e-01 0.000000000000000000e+00 2.956000000000000227e+02
-3.314588513516660839e+00 -3.276627982937912265e+01 0.000000000000000000e+00 2.642948863334826370e-02 3.836250135989871524e-01 0.000000000000000000e+00 2.956999999999999886e+02
-3.311945564653326457e+00 -3.272791732801922393e+01 0.000000000000000000e+00 2.642948863334382281e-02 3.836250135989871524e-01 0.000000000000000000e+00 2.958000000000000114e+02
-3.309302615789992075e+00 -3.268955482665932522e+01 0.000000000000000000e+00 2.642948863334382281e-02 3.836250135989871524e-01 0.000000000000000000e+00 2.959000000000000341e+02
-3.306659666926657692e+00 -3.265119232529941939e+01 0.000000000000000000e+00 2.642948863334382281e-02 3.836250135990582066e-01 0.000000000000000000e+00 2.960000000000000000e+02
-3.304016718063323310e+00 -3.261282982393952068e+01 0.000000000000000000e+00 2.642948863334382281e-02 3.836250135989871524e-01 0.000000000000000000e+00 2.961000000000000227e+02
-3.295248927846714082e+00 -3.256974830057631465e+01 0.000000000000000000e+00 8.767790216609228082e-02 4.308152336320603126e-01 0.000000000000000000e+00 2.961999999999999886e+02
-3.284266996812187589e+00 -3.252496084253896669e+01 0.000000000000000000e+00 1.098193103452649311e-01 4.478745803734796027e-01 0.000000000000000000e+00 2.963000000000000114e+02
-3.273285065777661096e+00 -3.248017338450161873e+01 0.000000000000000000e+00 1.098193103452649311e-01 4.478745803734796027e-01 0.000000000000000000e+00 2.964000000000000341e+02
-3.262303134743134603e+00 -3.243538592646427077e+01 0.000000000000000000e+00 1.098193103452649311e-01 4.478745803734796027e-01 0.000000000000000000e+00 2.965000000000000000e+02
-3.251321203708607666e+00 -3.239059846842691570e+01 0.000000000000000000e+00 1.098193103452693720e-01 4.478745803735506570e-01 0.000000000000000000e+00 2.966000000000000227e+02
-3.240339272674081172e+00 -3.234581101038956774e+01 0.000000000000000000e+00 1.098193103452649311e-01 4.478745803734796027e-01 0.000000000000000000e+00 2.966999999999999886e+02
-3.229357341639554679e+00 -3.230102355235221978e+01 0.000000000000000000e+00 1.098193103452649311e-01 4.478745803734796027e-01 0.000000000000000000e+00 2.968000000000000114e+02
-3.218375410605028186e+00 -3.225623609431487182e+01 0.000000000000000000e+00 1.098193103452649311e-01 4.478745803734796027e-01 0.000000000000000000e+00 2.969000000000000341e+02
-3.207393479570501693e+00 -3.221144863627752386e+01 0.000000000000000000e+00 1.098193103452649311e-01 4.478745803734796027e-01 0.000000000000000000e+00 2.970000000000000000e+02
-3.196411548535975200e+00 -3.216666117824017590e+01 0.000000000000000000e+00 1.098193103452649311e-01 4.478745803734796027e-01 0.000000000000000000e+00 2.971000000000000227e+02
-3.185429617501448707e+00 -3.212187372020282794e+01 0.000000000000000000e+00 1.098193103452649311e-01 4.478745803734796027e-01 0.000000000000000000e+00 2.971999999999999886e+02
-3.173310823112554857e+00 -3.207561741274600564e+01 0.000000000000000000e+00 1.211879438889384986e-01 4.625630745682229872e-01 0.000000000000000000e+00 2.973000000000000114e+02
-3.160504682788782826e+00 -3.202847304106092707e+01 0.000000000000000000e+00 1.280614032377203060e-01 4.714437168507856768e-01 0.000000000000000000e+00 2.974000000000000341e+02
-3.147698542465010796e+00 -3.198132866937585561e+01 0.000000000000000000e+00 1.280614032377203060e-01 4.714437168507146225e-01 0.000000000000000000e+00 2.975000000000000000e+02
-3.134892402141238765e+00 -3.193418429769078415e+01 0.000000000000000000e+00 1.280614032377203060e-01 4.714437168507146225e-01 0.000000000000000000e+00 2.976000000000000227e+02
-3.122086261817466735e+00 -3.188703992600570913e+01 0.000000000000000000e+00 1.280614032377203060e-01 4.714437168507501497e-01 0.000000000000000000e+00 2.976999999999999886e+02
-3.109280121493694704e+00 -3.183989555432063767e+01 0.000000000000000000e+00 1.280614032377203060e-01 4.714437168507146225e-01 0.000000000000000000e+00 2.978000000000000114e+02
-3.096473981169922229e+00 -3.179275118263556266e+01 0.000000000000000000e+00 1.280614032377247469e-01 4.714437168507501497e-01 0.000000000000000000e+00 2.979000000000000341e+02
-3.083667840846150199e+00 -3.174560681095049119e+01 0.000000000000000000e+00 1.280614032377203060e-01 4.714437168507146225e-01 0.000000000000000000e+00 2.980000000000000000e+02
-3.070861700522378168e+00 -3.169846243926541618e+01 0.000000000000000000e+00 1.280614032377203060e-01 4.714437168507501497e-01 0.000000000000000000e+00 2.981000000000000227e+02
-3.058055560198606138e+00 -3.165131806758034472e+01 0.000000000000000000e+00 1.280614032377203060e-01 4.714437168507146225e-01 0.000000000000000000e+00 2.981999999999999886e+02
-3.045249419874834107e+00 -3.160417369589526970e+01 0.000000000000000000e+00 1.280614032377203060e-01 4.714437168507501497e-01 0.000000000000000000e+00 2.983000000000000114e+02
-3.032424408979940367e+00 -3.155720641332109366e+01 0.000000000000000000e+00 1.282501089489374024e-01 4.696728257417603913e-01 0.000000000000000000e+00 2.984000000000000341e+02
-3.018778377168926053e+00 -3.151794392479512297e+01 0.000000000000000000e+00 1.364603181101431417e-01 3.926248852597069572e-01 0.000000000000000000e+00 2.985000000000000000e+02
-3.005132345357911294e+00 -3.147868143626915582e+01 0.000000000000000000e+00 1.364603181101475826e-01 3.926248852596714300e-01 0.000000000000000000e+00 2.986000000000000227e+02
-2.991486313546896980e+00 -3.143941894774318513e+01 0.000000000000000000e+00 1.364603181101431417e-01 3.926248852597069572e-01 0.000000000000000000e+00 2.986999999999999886e+02
-2.977840281735882222e+00 -3.140015645921721799e+01 0.000000000000000000e+00 1.364603181101475826e-01 3.926248852596714300e-01 0.000000000000000000e+00 2.988000000000000114e+02
-2.964194249924867464e+00 -3.136089397069125084e+01 0.000000000000000000e+00 1.364603181101475826e-01 3.926248852596714300e-01 0.000000000000000000e+00 2.989000000000000341e+02
-2.950548218113853149e+00 -3.132163148216528015e+01 0.000000000000000000e+00 1.364603181101431417e-01 3.926248852597069572e-01 0.000000000000000000e+00 2.990000000000000000e+02
-2.936902186302838391e+00 -3.128236899363931300e+01 0.000000000000000000e+00 1.364603181101475826e-01 3.926248852596714300e-01 0.000000000000000000e+00 2.991000000000000227e+02
-2.923256154491823633e+00 -3.124310650511334586e+01 0.000000000000000000e+00 1.364603181101475826e-01 3.926248852596714300e-01 0.000000000000000000e+00 2.991999999999999886e+02
-2.909610122680809319e+00 -3.120384401658737517e+01 0.000000000000000000e+00 1.364603181101431417e-01 3.926248852597069572e-01 0.000000000000000000e+00 2.993000000000000114e+02
-2.879653951228005937e+00 -3.116648741911725295e+01 0.000000000000000000e+00 2.995617145280338178e-01 3.735659747012221032e-01 0.000000000000000000e+00 2.994000000000000341e+02
-2.841707198708374182e+00 -3.113006454614739482e+01 0.000000000000000000e+00 3.794675251963175455e-01 3.642287296985813327e-01 0.000000000000000000e+00 2.995000000000000000e+02
-2.803760446188742428e+00 -3.109364167317753669e+01 0.000000000000000000e+00 3.794675251963175455e-01 3.642287296985813327e-01 0.000000000000000000e+00 2.996000000000000227e+02
-2.765813693669110229e+00 -3.105721880020767500e+01 0.000000000000000000e+00 3.794675251963219864e-01 3.642287296986168599e-01 0.000000000000000000e+00 2.996999999999999886e+02
-2.727866941149478919e+00 -3.102079592723781687e+01 0.000000000000000000e+00 3.794675251963131046e-01 3.642287296985813327e-01 0.000000000000000000e+00 2.998000000000000114e+02
-2.689920188629846720e+00 -3.098437305426795874e+01 0.000000000000000000e+00 3.794675251963219864e-01 3.642287296985813327e-01 0.000000000000000000e+00 2.999000000000000341e+02
-2.651973436110215410e+00 -3.094795018129810060e+01 0.000000000000000000e+00 3.794675251963131046e-01 3.642287296985813327e-01 0.000000000000000000e+00 3.000000000000000000e+02
-2.614026683590583211e+00 -3.091152730832824247e+01 0.000000000000000000e+00 3.794675251963219864e-01 3.642287296985813327e-01 0.000000000000000000e+00 3.001000000000000227e+02
-2.576079931070951901e+00 -3.087510443535838434e+01 0.000000000000000000e+00 3.794675251963131046e-01 3.642287296985813327e-01 0.000000000000000000e+00 3.001999999999999886e+02
-2.538133178551319702e+00 -3.083868156238852265e+01 0.000000000000000000e+00 3.794675251963219864e-01 3.642287296986168599e-01 0.000000000000000000e+00 3.003000000000000114e+02
-2.500186426031687947e+00 -3.080225868941866452e+01 0.000000000000000000e+00 3.794675251963175455e-01 3.642287296985813327e-01 0.000000000000000000e+00 3.004000000000000341e+02
-2.462239673512056193e+00 -3.076583581644880638e+01 0.000000000000000000e+00 3.794675251963175455e-01 3.642287296985813327e-01 0.000000000000000000e+00 3.005000000000000000e+02
-2.424292920992424438e+00 -3.072941294347894825e+01 0.000000000000000000e+00 3.794675251963175455e-01 3.642287296985813327e-01 0.000000000000000000e+00 3.006000000000000227e+02
-2.390586974238766871e+00 -3.069830172230118492e+01 0.000000000000000000e+00 3.370594675365756743e-01 3.111122117776332630e-01 0.000000000000000000e+00 3.006999999999999886e+02
-2.360880393563032698e+00 -3.067219974728260468e+01 0.000000000000000000e+00 2.970658067573417327e-01 2.610197501858024793e-01 0.000000000000000000e+00 3.008000000000000114e+02
-2.331173812887298968e+00 -3.064609777226402443e+01 0.000000000000000000e+00 2.970658067573372918e-01 2.610197501858024793e-01 0.000000000000000000e+00 3.009000000000000341e+02
-2.301467232211564795e+00 -3.061999579724544418e+01 0.000000000000000000e+00 2.970658067573417327e-01 2.610197501858024793e-01 0.000000000000000000e+00 3.010000000000000000e+02
-2.271760651535831066e+00 -3.059389382222686038e+01 0.000000000000000000e+00 2.970658067573372918e-01 2.610197501858380065e-01 0.000000000000000000e+00 3.011000000000000227e+02
-2.242054070860096893e+00 -3.056779184720828013e+01 0.000000000000000000e+00 2.970658067573417327e-01 2.610197501858024793e-01 0.000000000000000000e+00 3.011999999999999886e+02
-2.212347490184363163e+00 -3.054168987218969988e+01 0.000000000000000000e+00 2.970658067573372918e-01 2.610197501858024793e-01 0.000000000000000000e+00 3.013000000000000114e+02
-2.182640909508628990e+00 -3.051558789717111964e+01 0.000000000000000000e+00 2.970658067573417327e-01 2.610197501858024793e-01 0.000000000000000000e+00 3.014000000000000341e+02
-2.152934328832895261e+00 -3.048948592215253939e+01 0.000000000000000000e+00 2.970658067573372918e-01 2.610197501858024793e-01 0.000000000000000000e+00 3.015000000000000000e+02
-2.122800163825325548e+00 -3.046226879888075700e+01 0.000000000000000000e+00 3.013416500756971317e-01 2.721712327178238411e-01 0.000000000000000000e+00 3.016000000000000227e+02
-2.092540874882410584e+00 -3.043472534995214573e+01 0.000000000000000000e+00 3.025928894291496363e-01 2.754344892861126937e-01 0.000000000000000000e+00 3.016999999999999886e+02
-2.062281585939495177e+00 -3.040718190102353446e+01 0.000000000000000000e+00 3.025928894291540772e-01 2.754344892861126937e-01 0.000000000000000000e+00 3.018000000000000114e+02
-2.032022296996579769e+00 -3.037963845209492675e+01 0.000000000000000000e+00 3.025928894291540772e-01 2.754344892860771665e-01 0.000000000000000000e+00 3.019000000000000341e+02
-2.001763008053664805e+00 -3.035209500316631548e+01 0.000000000000000000e+00 3.025928894291496363e-01 2.754344892861126937e-01 0.000000000000000000e+00 3.020000000000000000e+02
-1.971503719110749397e+00 -3.032455155423770421e+01 0.000000000000000000e+00 3.025928894291540772e-01 2.754344892861126937e-01 0.000000000000000000e+00 3.021000000000000227e+02
-1.941244430167834212e+00 -3.029700810530909649e+01 0.000000000000000000e+00 3.025928894291518567e-01 2.754344892860771665e-01 0.000000000000000000e+00 3.021999999999999886e+02
-1.910985141224919026e+00 -3.026946465638048522e+01 0.000000000000000000e+00 3.025928894291518567e-01 2.754344892861126937e-01 0.000000000000000000e+00 3.023000000000000114e+02
-1.880725852282003840e+00 -3.024192120745187395e+01 0.000000000000000000e+00 3.025928894291518567e-01 2.754344892861126937e-01 0.000000000000000000e+00 3.024000000000000341e+02
-1.848611511095969107e+00 -3.021590727592172243e+01 0.000000000000000000e+00 3.211434118603473387e-01 2.601393153015152393e-01 0.000000000000000000e+00 3.025000000000000000e+02
-1.806937591900826146e+00 -3.019777535469130569e+01 0.000000000000000000e+00 4.167391919514296106e-01 1.813192123041673653e-01 0.000000000000000000e+00 3.026000000000000227e+02
-1.765263672705683184e+00 -3.017964343346089251e+01 0.000000000000000000e+00 4.167391919514296106e-01 1.813192123041318382e-01 0.000000000000000000e+00 3.026999999999999886e+02
-1.723589753510540223e+00 -3.016151151223047577e+01 0.000000000000000000e+00 4.167391919514296106e-01 1.813192123041673653e-01 0.000000000000000000e+00 3.028000000000000114e+02
-1.681915834315397262e+00 -3.014337959100006259e+01 0.000000000000000000e+00 4.167391919514296106e-01 1.813192123041318382e-01 0.000000000000000000e+00 3.029000000000000341e+02
-1.640241915120254301e+00 -3.012524766976964585e+01 0.000000000000000000e+00 4.167391919514296106e-01 1.813192123041673653e-01 0.000000000000000000e+00 3.030000000000000000e+02
-1.598567995925111340e+00 -3.010711574853923267e+01 0.000000000000000000e+00 4.167391919514296106e-01 1.813192123041318382e-01 0.000000000000000000e+00 3.031000000000000227e+02
-1.556894076729968379e+00 -3.008898382730881593e+01 0.000000000000000000e+00 4.167391919514296106e-01 1.813192123041673653e-01 0.000000000000000000e+00 3.031999999999999886e+02
-1.515220157534825418e+00 -3.007085190607840275e+01 0.000000000000000000e+00 4.167391919514296106e-01 1.813192123041318382e-01 0.000000000000000000e+00 3.033000000000000114e+02
-1.473546238339682457e+00 -3.005271998484798601e+01 0.000000000000000000e+00 4.167391919514296106e-01 1.813192123041673653e-01 0.000000000000000000e+00 3.034000000000000341e+02
-1.431872319144539496e+00 -3.003458806361757283e+01 0.000000000000000000e+00 4.167391919514296106e-01 1.813192123041318382e-01 0.000000000000000000e+00 3.035000000000000000e+02
-1.391363308704066437e+00 -3.002124064764897327e+01 0.000000000000000000e+00 4.050901044047305888e-01 1.334741596859956303e-01 0.000000000000000000e+00 3.036000000000000227e+02
-1.351633203876225986e+00 -3.001109234747992005e+01 0.000000000000000000e+00 3.973010482784045116e-01 1.014830016905321486e-01 0.000000000000000000e+00 3.036999999999999886e+02
-1.311903099048385535e+00 -3.000094404731087039e+01 0.000000000000000000e+00 3.973010482784045116e-01 1.014830016904966214e-01 0.000000000000000000e+00 3.038000000000000114e+02
-1.272172994220545306e+00 -2.999079574714182073e+01 0.000000000000000000e+00 3.973010482784022912e-01 1.014830016904966214e-01 0.000000000000000000e+00 3.039000000000000341e+02
-1.232442889392704855e+00 -2.998064744697277106e+01 0.000000000000000000e+00 3.973010482784045116e-01 1.014830016904966214e-01 0.000000000000000000e+00 3.040000000000000000e+02
-1.192712784564864403e+00 -2.997049914680371785e+01 0.000000000000000000e+00 3.973010482784045116e-01 1.014830016905321486e-01 0.000000000000000000e+00 3.041000000000000227e+02
-1.152982679737024174e+00 -2.996035084663466819e+01 0.000000000000000000e+00 3.973010482784022912e-01 1.014830016904966214e-01 0.000000000000000000e+00 3.041999999999999886e+02
-1.113252574909183723e+00 -2.995020254646561852e+01 0.000000000000000000e+00 3.973010482784045116e-01 1.014830016904966214e-01 0.000000000000000000e+00 3.043000000000000114e+02
-1.073522470081343272e+00 -2.994005424629656886e+01 0.000000000000000000e+00 3.973010482784045116e-01 1.014830016904966214e-01 0.000000000000000000e+00 3.044000000000000341e+02
-1.033792365253503043e+00 -2.992990594612751565e+01 0.000000000000000000e+00 3.973010482784022912e-01 1.014830016905321486e-01 0.000000000000000000e+00 3.045000000000000000e+02
-9.962099332000702301e-01 -2.992056252683233453e+01 0.000000000000000000e+00 3.758243205343281268e-01 9.343419295181121242e-02 0.000000000000000000e+00 3.046000000000000227e+02
-9.664373510875573503e-01 -2.991414599608373592e+01 0.000000000000000000e+00 2.977258211251287978e-01 6.416530748598603395e-02 0.000000000000000000e+00 3.046999999999999886e+02
-9.366647689750443595e-01 -2.990772946533514087e+01 0.000000000000000000e+00 2.977258211251299080e-01 6.416530748595050682e-02 0.000000000000000000e+00 3.048000000000000114e+02
-9.068921868625314797e-01 -2.990131293458654227e+01 0.000000000000000000e+00 2.977258211251287978e-01 6.416530748598603395e-02 0.000000000000000000e+00 3.049000000000000341e+02
-8.771196047500184889e-01 -2.989489640383794722e+01 0.000000000000000000e+00 2.977258211251299080e-01 6.416530748595050682e-02 0.000000000000000000e+00 3.050000000000000000e+02
-8.473470226375056091e-01 -2.988847987308935217e+01 0.000000000000000000e+00 2.977258211251287978e-01 6.416530748595050682e-02 0.000000000000000000e+00 3.051000000000000227e+02
-8.175744405249927294e-01 -2.988206334234075356e+01 0.000000000000000000e+00 2.977258211251287978e-01 6.416530748598603395e-02 0.000000000000000000e+00 3.051999999999999886e+02
-7.878018584124797385e-01 -2.987564681159215851e+01 0.000000000000000000e+00 2.977258211251299080e-01 6.416530748595050682e-02 0.000000000000000000e+00 3.053000000000000114e+02
-7.598783506018687017e-01 -2.987846681664394310e+01 0.000000000000000000e+00 2.792350781061103682e-01 -2.820005051784590933e-02 0.000000000000000000e+00 3.054000000000000341e+02
-7.321951147148432204e-01 -2.988248703318628330e+01 0.000000000000000000e+00 2.768323588702548133e-01 -4.020216542340193655e-02 0.000000000000000000e+00 3.055000000000000000e+02
-7.045118788278177391e-01 -2.988650724972861994e+01 0.000000000000000000e+00 2.768323588702548133e-01 -4.020216542336640941e-02 0.000000000000000000e+00 3.056000000000000227e+02
-6.768286429407921467e-01 -2.989052746627096013e+01 0.000000000000000000e+00 2.768323588702559235e-01 -4.020216542340193655e-02 0.000000000000000000e+00 3.056999999999999886e+02
-6.491454070537665544e-01 -2.989454768281329677e+01 0.000000000000000000e+00 2.768323588702559235e-01 -4.020216542336640941e-02 0.000000000000000000e+00 3.058000000000000114e+02
-6.214621711667410731e-01 -2.989856789935563697e+01 0.000000000000000000e+00 2.768323588702548133e-01 -4.020216542340193655e-02 0.000000000000000000e+00 3.059000000000000341e+02
-5.906093443115157937e-01 -2.991571945916283326e+01 0.000000000000000000e+00 3.085282685522527935e-01 -1.715155980719629270e-01 0.000000000000000000e+00 3.060000000000000000e+02
-5.564358738363820445e-01 -2.994662816040271025e+01 0.000000000000000000e+00 3.417347047513374925e-01 -3.090870123987699003e-01 0.000000000000000000e+00 3.061000000000000227e+02
-5.222624033612482952e-01 -2.997753686164259079e+01 0.000000000000000000e+00 3.417347047513374925e-01 -3.090870123988054274e-01 0.000000000000000000e+00 3.061999999999999886e+02
-4.880889328861144905e-01 -3.000844556288247134e+01 0.000000000000000000e+00 3.417347047513380476e-01 -3.090870123988054274e-01 0.000000000000000000e+00 3.063000000000000114e+02
-4.539154624109807412e-01 -3.003935426412235188e+01 0.000000000000000000e+00 3.417347047513374925e-01 -3.090870123988054274e-01 0.000000000000000000e+00 3.064000000000000341e+02
-4.197419919358469365e-01 -3.007026296536222887e+01 0.000000000000000000e+00 3.417347047513380476e-01 -3.090870123987699003e-01 0.000000000000000000e+00 3.065000000000000000e+02
-3.855685214607131872e-01 -3.010117166660210941e+01 0.000000000000000000e+00 3.417347047513374925e-01 -3.090870123988054274e-01 0.000000000000000000e+00 3.066000000000000227e+02
-3.513950509855793825e-01 -3.013208036784198995e+01 0.000000000000000000e+00 3.417347047513380476e-01 -3.090870123988054274e-01 0.000000000000000000e+00 3.066999999999999886e+02
-3.172215805104456332e-01 -3.016298906908187050e+01 0.000000000000000000e+00 3.417347047513374925e-01 -3.090870123988054274e-01 0.000000000000000000e+00 3.068000000000000114e+02
-2.830481100353118284e-01 -3.019389777032174749e+01 0.000000000000000000e+00 3.417347047513380476e-01 -3.090870123987699003e-01 0.000000000000000000e+00 3.069000000000000341e+02
-2.488746395601780792e-01 -3.022480647156162803e+01 0.000000000000000000e+00 3.417347047513374925e-01 -3.090870123988054274e-01 0.000000000000000000e+00 3.070000000000000000e+02
-2.147011690850442744e-01 -3.025571517280150857e+01 0.000000000000000000e+00 3.417347047513380476e-01 -3.090870123988054274e-01 0.000000000000000000e+00 3.071000000000000227e+02
-1.712422136705952225e-01 -3.028864993793158789e+01 0.000000000000000000e+00 4.345895541444905197e-01 -3.293476513007931317e-01 0.000000000000000000e+00 3.072000000000000455e+02
-1.198115769467093528e-01 -3.032332409909222193e+01 0.000000000000000000e+00 5.143063672388586971e-01 -3.467416116063404274e-01 0.000000000000000000e+00 3.073000000000000114e+02
-6.838094022282348305e-02 -3.035799826025285597e+01 0.000000000000000000e+00 5.143063672388586971e-01 -3.467416116063404274e-01 0.000000000000000000e+00 3.074000000000000341e+02
-1.695030349893758559e-02 -3.039267242141349001e+01 0.000000000000000000e+00 5.143063672388589191e-01 -3.467416116063404274e-01 0.000000000000000000e+00 3.075000000000000000e+02
3.448033322494825637e-02 -3.042734658257412406e+01 0.000000000000000000e+00 5.143063672388583640e-01 -3.467416116063404274e-01 0.000000000000000000e+00 3.076000000000000227e+02
8.591096994883412608e-02 -3.046202074373475810e+01 0.000000000000000000e+00 5.143063672388586971e-01 -3.467416116063404274e-01 0.000000000000000000e+00 3.077000000000000455e+02
1.373416066727199958e-01 -3.049669490489539214e+01 0.000000000000000000e+00 5.143063672388586971e-01 -3.467416116063404274e-01 0.000000000000000000e+00 3.078000000000000114e+02
1.887722433966059210e-01 -3.053136906605602618e+01 0.000000000000000000e+00 5.143063672388592522e-01 -3.467416116063404274e-01 0.000000000000000000e+00 3.079000000000000341e+02
2.402028801204917352e-01 -3.056604322721666023e+01 0.000000000000000000e+00 5.143063672388581420e-01 -3.467416116063404274e-01 0.000000000000000000e+00 3.080000000000000000e+02
2.916335168443776604e-01 -3.060071738837729782e+01 0.000000000000000000e+00 5.143063672388592522e-01 -3.467416116063759546e-01 0.000000000000000000e+00 3.081000000000000227e+02
3.430641535682634746e-01 -3.063539154953793187e+01 0.000000000000000000e+00 5.143063672388581420e-01 -3.467416116063404274e-01 0.000000000000000000e+00 3.082000000000000455e+02
3.944947902921493998e-01 -3.067006571069856591e+01 0.000000000000000000e+00 5.143063672388592522e-01 -3.467416116063404274e-01 0.000000000000000000e+00 3.083000000000000114e+02
4.459254270160352140e-01 -3.070473987185919995e+01 0.000000000000000000e+00 5.143063672388581420e-01 -3.467416116063404274e-01 0.000000000000000000e+00 3.084000000000000341e+02
4.973560637399211393e-01 -3.073941403301983399e+01 0.000000000000000000e+00 5.143063672388592522e-01 -3.467416116063404274e-01 0.000000000000000000e+00 3.085000000000000000e+02
5.487867004638069535e-01 -3.077408819418046804e+01 0.000000000000000000e+00 5.143063672388581420e-01 -3.467416116063404274e-01 0.000000000000000000e+00 3.086000000000000227e+02
5.976929274709071871e-01 -3.080613494695507981e+01 0.000000000000000000e+00 4.890622700710023363e-01 -3.204675277461177529e-01 0.000000000000000000e+00 3.087000000000000455e+02
6.364975985155030269e-01 -3.082766798926848750e+01 0.000000000000000000e+00 3.880467104459583982e-01 -2.153304231340769093e-01 0.000000000000000000e+00 3.088000000000000114e+02
6.753022695600989778e-01 -3.084920103158189519e+01 0.000000000000000000e+00 3.880467104459595085e-01 -2.153304231340769093e-01 0.000000000000000000e+00 3.089000000000000341e+02
7.141069406046948176e-01 -3.087073407389530288e+01 0.000000000000000000e+00 3.880467104459583982e-01 -2.153304231340769093e-01 0.000000000000000000e+00 3.090000000000000000e+02
7.529116116492906574e-01 -3.089226711620871058e+01 0.000000000000000000e+00 3.880467104459583982e-01 -2.153304231340769093e-01 0.000000000000000000e+00 3.091000000000000227e+02
7.917162826938866083e-01 -3.091380015852211827e+01 0.000000000000000000e+00 3.880467104459595085e-01 -2.153304231340769093e-01 0.000000000000000000e+00 3.092000000000000455e+02
8.305209537384824481e-01 -3.093533320083552596e+01 0.000000000000000000e+00 3.880467104459583982e-01 -2.153304231340769093e-01 0.000000000000000000e+00 3.093000000000000114e+02
8.693256247830782879e-01 -3.095686624314893365e+01 0.000000000000000000e+00 3.880467104459583982e-01 -2.153304231340769093e-01 0.000000000000000000e+00 3.094000000000000341e+02
9.081302958276742388e-01 -3.097839928546234134e+01 0.000000000000000000e+00 3.880467104459595085e-01 -2.153304231340769093e-01 0.000000000000000000e+00 3.095000000000000000e+02
9.469349668722700786e-01 -3.099993232777574548e+01 0.000000000000000000e+00 3.880467104459583982e-01 -2.153304231340413821e-01 0.000000000000000000e+00 3.096000000000000227e+02
9.857396379168659184e-01 -3.102146537008915317e+01 0.000000000000000000e+00 3.880467104459583982e-01 -2.153304231340769093e-01 0.000000000000000000e+00 3.097000000000000455e+02
1.020252480056346833e+00 -3.103872906356933115e+01 0.000000000000000000e+00 3.451284213948091484e-01 -1.726369348017797734e-01 0.000000000000000000e+00 3.098000000000000114e+02
1.051668722333793937e+00 -3.105291237679665173e+01 0.000000000000000000e+00 3.141624227744710396e-01 -1.418331322732058197e-01 0.000000000000000000e+00 3.099000000000000341e+02
1.083084964611241263e+00 -3.106709569002397231e+01 0.000000000000000000e+00 3.141624227744732600e-01 -1.418331322732058197e-01 0.000000000000000000e+00 3.100000000000000000e+02
1.114501206888688589e+00 -3.108127900325129289e+01 0.000000000000000000e+00 3.141624227744732600e-01 -1.418331322732058197e-01 0.000000000000000000e+00 3.101000000000000227e+02
1.145917449166135915e+00 -3.109546231647861703e+01 0.000000000000000000e+00 3.141624227744732600e-01 -1.418331322732413469e-01 0.000000000000000000e+00 3.102000000000000455e+02
1.177333691443583241e+00 -3.110964562970593761e+01 0.000000000000000000e+00 3.141624227744732600e-01 -1.418331322732058197e-01 0.000000000000000000e+00 3.103000000000000114e+02
1.208749933721030567e+00 -3.112382894293325819e+01 0.000000000000000000e+00 3.141624227744732600e-01 -1.418331322732058197e-01 0.000000000000000000e+00 3.104000000000000341e+02
1.240166175998477893e+00 -3.113801225616057877e+01 0.000000000000000000e+00 3.141624227744732600e-01 -1.418331322732058197e-01 0.000000000000000000e+00 3.105000000000000000e+02
1.271437545425346149e+00 -3.115010172479860273e+01 0.000000000000000000e+00 3.127136942686825627e-01 -1.208946863802395910e-01 0.000000000000000000e+00 3.106000000000000227e+02
1.302675097177486752e+00 -3.116170242721874217e+01 0.000000000000000000e+00 3.123755175214060209e-01 -1.160070242013944153e-01 0.000000000000000000e+00 3.107000000000000455e+02
1.333912648929627354e+00 -3.117330312963888517e+01 0.000000000000000000e+00 3.123755175214060209e-01 -1.160070242014299424e-01 0.000000000000000000e+00 3.108000000000000114e+02
1.365150200681767734e+00 -3.118490383205902461e+01 0.000000000000000000e+00 3.123755175214038005e-01 -1.160070242013944153e-01 0.000000000000000000e+00 3.109000000000000341e+02
1.396387752433908336e+00 -3.119650453447916405e+01 0.000000000000000000e+00 3.123755175214060209e-01 -1.160070242013944153e-01 0.000000000000000000e+00 3.110000000000000000e+02
1.427625304186048716e+00 -3.120810523689930704e+01 0.000000000000000000e+00 3.123755175214038005e-01 -1.160070242014299424e-01 0.000000000000000000e+00 3.111000000000000227e+02
1.458862855938189318e+00 -3.121970593931944649e+01 0.000000000000000000e+00 3.123755175214060209e-01 -1.160070242013944153e-01 0.000000000000000000e+00 3.112000000000000455e+02
1.493859433189993924e+00 -3.121943751428697666e+01 0.000000000000000000e+00 3.499657725180460588e-01 2.684250324698211898e-03 0.000000000000000000e+00 3.113000000000000114e+02
1.538058562644356364e+00 -3.119011201981157555e+01 0.000000000000000000e+00 4.419912945436244023e-01 2.932549447540111487e-01 0.000000000000000000e+00 3.114000000000000341e+02
1.582257692098718582e+00 -3.116078652533617799e+01 0.000000000000000000e+00 4.419912945436221818e-01 2.932549447539756216e-01 0.000000000000000000e+00 3.115000000000000000e+02
1.626456821553081022e+00 -3.113146103086078043e+01 0.000000000000000000e+00 4.419912945436244023e-01 2.932549447539756216e-01 0.000000000000000000e+00 3.116000000000000227e+02
1.670655951007443463e+00 -3.110213553638537931e+01 0.000000000000000000e+00 4.419912945436244023e-01 2.932549447540111487e-01 0.000000000000000000e+00 3.117000000000000455e+02
1.714855080461805681e+00 -3.107281004190998175e+01 0.000000000000000000e+00 4.419912945436221818e-01 2.932549447539756216e-01 0.000000000000000000e+00 3.118000000000000114e+02
1.759054209916167899e+00 -3.104348454743458419e+01 0.000000000000000000e+00 4.419912945436221818e-01 2.932549447539756216e-01 0.000000000000000000e+00 3.119000000000000341e+02
1.803253339370530339e+00 -3.101415905295918307e+01 0.000000000000000000e+00 4.419912945436244023e-01 2.932549447540111487e-01 0.000000000000000000e+00 3.120000000000000000e+02
1.847452468824892780e+00 -3.098483355848378551e+01 0.000000000000000000e+00 4.419912945436244023e-01 2.932549447539756216e-01 0.000000000000000000e+00 3.121000000000000227e+02
1.891651598279254998e+00 -3.095550806400838795e+01 0.000000000000000000e+00 4.419912945436221818e-01 2.932549447539756216e-01 0.000000000000000000e+00 3.122000000000000455e+02
1.935850727733617438e+00 -3.092618256953298683e+01 0.000000000000000000e+00 4.419912945436244023e-01 2.932549447540111487e-01 0.000000000000000000e+00 3.123000000000000114e+02
1.980049857187979656e+00 -3.089685707505758927e+01 0.000000000000000000e+00 4.419912945436221818e-01 2.932549447539756216e-01 0.000000000000000000e+00 3.124000000000000341e+02
2.024248986642342096e+00 -3.086753158058219171e+01 0.000000000000000000e+00 4.419912945436244023e-01 2.932549447539756216e-01 0.000000000000000000e+00 3.125000000000000000e+02
2.068533890474290260e+00 -3.083828074901854421e+01 0.000000000000000000e+00 4.428490383194816360e-01 2.925083156364749470e-01 0.000000000000000000e+00 3.126000000000000227e+02
2.119524758360989747e+00 -3.081486717114919216e+01 0.000000000000000000e+00 5.099086788669948689e-01 2.341357786935205354e-01 0.000000000000000000e+00 3.127000000000000455e+02
2.170515626247689234e+00 -3.079145359327983655e+01 0.000000000000000000e+00 5.099086788669948689e-01 2.341357786935560625e-01 0.000000000000000000e+00 3.128000000000000114e+02
2.221506494134389165e+00 -3.076804001541048450e+01 0.000000000000000000e+00 5.099086788669993098e-01 2.341357786935205354e-01 0.000000000000000000e+00 3.129000000000000341e+02
2.272497362021088652e+00 -3.074462643754112889e+01 0.000000000000000000e+00 5.099086788669948689e-01 2.341357786935560625e-01 0.000000000000000000e+00 3.130000000000000000e+02
2.323488229907788138e+00 -3.072121285967177684e+01 0.000000000000000000e+00 5.099086788669948689e-01 2.341357786935205354e-01 0.000000000000000000e+00 3.131000000000000227e+02
2.374479097794488069e+00 -3.069779928180242123e+01 0.000000000000000000e+00 5.099086788669993098e-01 2.341357786935560625e-01 0.000000000000000000e+00 3.132000000000000455e+02
2.425469965681187556e+00 -3.067438570393306918e+01 0.000000000000000000e+00 5.099086788669948689e-01 2.341357786935205354e-01 0.000000000000000000e+00 3.133000000000000114e+02
2.476460833567887043e+00 -3.065097212606371357e+01 0.000000000000000000e+00 5.099086788669948689e-01 2.341357786935560625e-01 0.000000000000000000e+00 3.134000000000000341e+02
2.527451701454586530e+00 -3.062755854819436152e+01 0.000000000000000000e+00 5.099086788669948689e-01 2.341357786935205354e-01 0.000000000000000000e+00 3.135000000000000000e+02
2.578442569341286461e+00 -3.060414497032500591e+01 0.000000000000000000e+00 5.099086788669993098e-01 2.341357786935560625e-01 0.000000000000000000e+00 3.136000000000000227e+02
2.629433437227985948e+00 -3.058073139245565386e+01 0.000000000000000000e+00 5.099086788669948689e-01 2.341357786935205354e-01 0.000000000000000000e+00 3.137000000000000455e+02
2.680424305114685435e+00 -3.055731781458630181e+01 0.000000000000000000e+00 5.099086788669948689e-01 2.341357786935205354e-01 0.000000000000000000e+00 3.138000000000000114e+02
2.731415173001384922e+00 -3.053390423671694620e+01 0.000000000000000000e+00 5.099086788669948689e-01 2.341357786935560625e-01 0.000000000000000000e+00 3.139000000000000341e+02
2.804359004446215220e+00 -3.051494242694887049e+01 0.000000000000000000e+00 7.294383144483029824e-01 1.896180976807571028e-01 0.000000000000000000e+00 3.140000000000000000e+02
2.884674963097449751e+00 -3.049747558621534793e+01 0.000000000000000000e+00 8.031595865123453137e-01 1.746684073352255950e-01 0.000000000000000000e+00 3.141000000000000227e+02
2.964990921748683839e+00 -3.048000874548182182e+01 0.000000000000000000e+00 8.031595865123408728e-01 1.746684073352611222e-01 0.000000000000000000e+00 3.142000000000000455e+02
3.045306880399917926e+00 -3.046254190474829926e+01 0.000000000000000000e+00 8.031595865123408728e-01 1.746684073352255950e-01 0.000000000000000000e+00 3.143000000000000114e+02
3.125622839051152457e+00 -3.044507506401477670e+01 0.000000000000000000e+00 8.031595865123453137e-01 1.746684073352255950e-01 0.000000000000000000e+00 3.144000000000000341e+02
3.205938797702386545e+00 -3.042760822328125059e+01 0.000000000000000000e+00 8.031595865123408728e-01 1.746684073352611222e-01 0.000000000000000000e+00 3.145000000000000000e+02
3.286254756353621076e+00 -3.041014138254772803e+01 0.000000000000000000e+00 8.031595865123453137e-01 1.746684073352255950e-01 0.000000000000000000e+00 3.146000000000000227e+02
3.366570715004855163e+00 -3.039267454181420547e+01 0.000000000000000000e+00 8.031595865123408728e-01 1.746684073352255950e-01 0.000000000000000000e+00 3.147000000000000455e+02
3.446886673656089251e+00 -3.037520770108067936e+01 0.000000000000000000e+00 8.031595865123408728e-01 1.746684073352611222e-01 0.000000000000000000e+00 3.148000000000000114e+02
3.527202632307323782e+00 -3.035774086034715680e+01 0.000000000000000000e+00 8.031595865123453137e-01 1.746684073352255950e-01 0.000000000000000000e+00 3.149000000000000341e+02
3.607518590958557869e+00 -3.034027401961363068e+01 0.000000000000000000e+00 8.031595865123408728e-01 1.746684073352611222e-01 0.000000000000000000e+00 3.150000000000000000e+02
3.687834549609792401e+00 -3.032280717888010813e+01 0.000000000000000000e+00 8.031595865123453137e-01 1.746684073352255950e-01 0.000000000000000000e+00 3.151000000000000227e+02
3.768150508261026488e+00 -3.030534033814658557e+01 0.000000000000000000e+00 8.031595865123408728e-01 1.746684073352255950e-01 0.000000000000000000e+00 3.152000000000000455e+02
3.848466466912261019e+00 -3.028787349741305945e+01 0.000000000000000000e+00 8.031595865123453137e-01 1.746684073352611222e-01 0.000000000000000000e+00 3.153000000000000114e+02
3.928782425563495107e+00 -3.027040665667953689e+01 0.000000000000000000e+00 8.031595865123408728e-01 1.746684073352255950e-01 0.000000000000000000e+00 3.154000000000000341e+02
4.009098384214729194e+00 -3.025293981594601078e+01 0.000000000000000000e+00 8.031595865123408728e-01 1.746684073352611222e-01 0.000000000000000000e+00 3.155000000000000000e+02
4.089414342865963725e+00 -3.023547297521248822e+01 0.000000000000000000e+00 8.031595865123453137e-01 1.746684073352255950e-01 0.000000000000000000e+00 3.156000000000000227e+02
4.169730301517198257e+00 -3.021800613447896566e+01 0.000000000000000000e+00 8.031595865123453137e-01 1.746684073352255950e-01 0.000000000000000000e+00 3.157000000000000455e+02
4.250046260168431900e+00 -3.020053929374543955e+01 0.000000000000000000e+00 8.031595865123364320e-01 1.746684073352611222e-01 0.000000000000000000e+00 3.158000000000000114e+02
4.330362218819666431e+00 -3.018307245301191699e+01 0.000000000000000000e+00 8.031595865123453137e-01 1.746684073352255950e-01 0.000000000000000000e+00 3.159000000000000341e+02
4.346524984700294247e+00 -3.012474094412229064e+01 0.000000000000000000e+00 1.616276588062781627e-01 5.833150888962634895e-01 0.000000000000000000e+00 3.160000000000000000e+02
4.351715071089410358e+00 -3.005941999500625172e+01 0.000000000000000000e+00 5.190086389116110865e-02 6.532094911603891774e-01 0.000000000000000000e+00 3.161000000000000227e+02
4.356905157478526469e+00 -2.999409904589021281e+01 0.000000000000000000e+00 5.190086389116110865e-02 6.532094911603891774e-01 0.000000000000000000e+00 3.162000000000000455e+02
4.362095243867642580e+00 -2.992877809677417389e+01 0.000000000000000000e+00 5.190086389116110865e-02 6.532094911603891774e-01 0.000000000000000000e+00 3.163000000000000114e+02
4.367285330256759579e+00 -2.986345714765813497e+01 0.000000000000000000e+00 5.190086389116999044e-02 6.532094911603891774e-01 0.000000000000000000e+00 3.164000000000000341e+02
4.372475416645875690e+00 -2.979813619854209250e+01 0.000000000000000000e+00 5.190086389116110865e-02 6.532094911604247045e-01 0.000000000000000000e+00 3.165000000000000000e+02
4.377665503034991801e+00 -2.973281524942605358e+01 0.000000000000000000e+00 5.190086389116110865e-02 6.532094911603891774e-01 0.000000000000000000e+00 3.166000000000000227e+02
4.382855589424108800e+00 -2.966749430031001467e+01 0.000000000000000000e+00 5.190086389116999044e-02 6.532094911603891774e-01 0.000000000000000000e+00 3.167000000000000455e+02
4.388045675813224911e+00 -2.960217335119397575e+01 0.000000000000000000e+00 5.190086389116110865e-02 6.532094911603891774e-01 0.000000000000000000e+00 3.168000000000000114e+02
4.393235762202341022e+00 -2.953685240207793328e+01 0.000000000000000000e+00 5.190086389116110865e-02 6.532094911604247045e-01 0.000000000000000000e+00 3.169000000000000341e+02
4.398425848591458021e+00 -2.947153145296189436e+01 0.000000000000000000e+00 5.190086389116999044e-02 6.532094911603891774e-01 0.000000000000000000e+00 3.170000000000000000e+02
4.403615934980574131e+00 -2.940621050384585544e+01 0.000000000000000000e+00 5.190086389116110865e-02 6.532094911603891774e-01 0.000000000000000000e+00 3.171000000000000227e+02
4.408806021369690242e+00 -2.934088955472981652e+01 0.000000000000000000e+00 5.190086389116110865e-02 6.532094911603891774e-01 0.000000000000000000e+00 3.172000000000000455e+02
4.413996107758807241e+00 -2.927556860561377761e+01 0.000000000000000000e+00 5.190086389116999044e-02 6.532094911603891774e-01 0.000000000000000000e+00 3.173000000000000114e+02
4.419186194147923352e+00 -2.921024765649773514e+01 0.000000000000000000e+00 5.190086389116110865e-02 6.532094911604247045e-01 0.000000000000000000e+00 3.174000000000000341e+02
4.424376280537039463e+00 -2.914492670738169622e+01 0.000000000000000000e+00 5.190086389116110865e-02 6.532094911603891774e-01 0.000000000000000000e+00 3.175000000000000000e+02
4.422703710049063375e+00 -2.909582909248380744e+01 0.000000000000000000e+00 -1.672570487976088316e-02 4.909761489788877498e-01 0.000000000000000000e+00 3.176000000000000227e+02
4.419976332378130479e+00 -2.904922504381999815e+01 0.000000000000000000e+00 -2.727377670932895626e-02 4.660404866380929434e-01 0.000000000000000000e+00 3.177000000000000455e+02
4.417248954707198472e+00 -2.900262099515619241e+01 0.000000000000000000e+00 -2.727377670932007447e-02 4.660404866380574163e-01 0.000000000000000000e+00 3.178000000000000114e+02
4.414521577036265576e+00 -2.895601694649238311e+01 0.000000000000000000e+00 -2.727377670932895626e-02 4.660404866380929434e-01 0.000000000000000000e+00 3.179000000000000341e+02
4.411794199365332680e+00 -2.890941289782857382e+01 0.000000000000000000e+00 -2.727377670932895626e-02 4.660404866380929434e-01 0.000000000000000000e+00 3.180000000000000000e+02
4.409066821694399785e+00 -2.886280884916476808e+01 0.000000000000000000e+00 -2.727377670932895626e-02 4.660404866380574163e-01 0.000000000000000000e+00 3.181000000000000227e+02
4.406339444023466889e+00 -2.881620480050095878e+01 0.000000000000000000e+00 -2.727377670932895626e-02 4.660404866380929434e-01 0.000000000000000000e+00 3.182000000000000455e+02
4.403612066352533994e+00 -2.876960075183714949e+01 0.000000000000000000e+00 -2.727377670932895626e-02 4.660404866380929434e-01 0.000000000000000000e+00 3.183000000000000114e+02
4.400884688681601098e+00 -2.872299670317334375e+01 0.000000000000000000e+00 -2.727377670932895626e-02 4.660404866380574163e-01 0.000000000000000000e+00 3.184000000000000341e+02
4.398157311010669090e+00 -2.867639265450953445e+01 0.000000000000000000e+00 -2.727377670932007447e-02 4.660404866380929434e-01 0.000000000000000000e+00 3.185000000000000000e+02
4.395429933339736195e+00 -2.862978860584572871e+01 0.000000000000000000e+00 -2.727377670932895626e-02 4.660404866380574163e-01 0.000000000000000000e+00 3.186000000000000227e+02
4.391129664108406772e+00 -2.858075344632605663e+01 0.000000000000000000e+00 -4.300269231329423292e-02 4.903515951967207798e-01 0.000000000000000000e+00 3.187000000000000455e+02
4.385633635832504318e+00 -2.852987008387399470e+01 0.000000000000000000e+00 -5.496028275902453686e-02 5.088336245206193098e-01 0.000000000000000000e+00 3.188000000000000114e+02
4.380137607556602752e+00 -2.847898672142193277e+01 0.000000000000000000e+00 -5.496028275901565507e-02 5.088336245206193098e-01 0.000000000000000000e+00 3.189000000000000341e+02
4.374641579280700299e+00 -2.842810335896987084e+01 0.000000000000000000e+00 -5.496028275902453686e-02 5.088336245206193098e-01 0.000000000000000000e+00 3.190000000000000000e+02
4.369145551004798733e+00 -2.837721999651781246e+01 0.000000000000000000e+00 -5.496028275901565507e-02 5.088336245205837827e-01 0.000000000000000000e+00 3.191000000000000227e+02
4.363649522728896279e+00 -2.832633663406575053e+01 0.000000000000000000e+00 -5.496028275902453686e-02 5.088336245206193098e-01 0.000000000000000000e+00 3.192000000000000455e+02
4.358153494452994714e+00 -2.827545327161368860e+01 0.000000000000000000e+00 -5.496028275901565507e-02 5.088336245206193098e-01 0.000000000000000000e+00 3.193000000000000114e+02
4.352657466177093148e+00 -2.822456990916162667e+01 0.000000000000000000e+00 -5.496028275901565507e-02 5.088336245206193098e-01 0.000000000000000000e+00 3.194000000000000341e+02
4.347161437901190695e+00 -2.817368654670956829e+01 0.000000000000000000e+00 -5.496028275902453686e-02 5.088336245205837827e-01 0.000000000000000000e+00 3.195000000000000000e+02
4.341665409625289129e+00 -2.812280318425750636e+01 0.000000000000000000e+00 -5.496028275901565507e-02 5.088336245206193098e-01 0.000000000000000000e+00 3.196000000000000227e+02
4.336169381349386676e+00 -2.807191982180544443e+01 0.000000000000000000e+00 -5.496028275902453686e-02 5.088336245206193098e-01 0.000000000000000000e+00 3.197000000000000455e+02
4.330673353073485110e+00 -2.802103645935338250e+01 0.000000000000000000e+00 -5.496028275901565507e-02 5.088336245206193098e-01 0.000000000000000000e+00 3.198000000000000114e+02
4.295156855380019678e+00 -2.795639125350770371e+01 0.000000000000000000e+00 -3.551649769346543195e-01 6.464520584567878814e-01 0.000000000000000000e+00 3.199000000000000341e+02
4.245632425400015286e+00 -2.788532459676082809e+01 0.000000000000000000e+00 -4.952442998000439189e-01 7.106665674687562273e-01 0.000000000000000000e+00 3.200000000000000000e+02
4.196107995420011783e+00 -2.781425794001395246e+01 0.000000000000000000e+00 -4.952442998000350372e-01 7.106665674687562273e-01 0.000000000000000000e+00 3.201000000000000227e+02
4.146583565440007391e+00 -2.774319128326707329e+01 0.000000000000000000e+00 -4.952442998000439189e-01 7.106665674687917544e-01 0.000000000000000000e+00 3.202000000000000455e+02
4.097059135460002999e+00 -2.767212462652019767e+01 0.000000000000000000e+00 -4.952442998000439189e-01 7.106665674687562273e-01 0.000000000000000000e+00 3.203000000000000114e+02
4.047534705479998607e+00 -2.760105796977332204e+01 0.000000000000000000e+00 -4.952442998000439189e-01 7.106665674687562273e-01 0.000000000000000000e+00 3.204000000000000341e+02
3.998010275499995103e+00 -2.752999131302644642e+01 0.000000000000000000e+00 -4.952442998000350372e-01 7.106665674687562273e-01 0.000000000000000000e+00 3.205000000000000000e+02
3.948485845519990711e+00 -2.745892465627957080e+01 0.000000000000000000e+00 -4.952442998000439189e-01 7.106665674687562273e-01 0.000000000000000000e+00 3.206000000000000227e+02
3.898961415539986763e+00 -2.738785799953269162e+01 0.000000000000000000e+00 -4.952442998000394780e-01 7.106665674687917544e-01 0.000000000000000000e+00 3.207000000000000455e+02
3.849436985559982816e+00 -2.731679134278581600e+01 0.000000000000000000e+00 -4.952442998000394780e-01 7.106665674687562273e-01 0.000000000000000000e+00 3.208000000000000114e+02
3.799912555579978424e+00 -2.724572468603894038e+01 0.000000000000000000e+00 -4.952442998000439189e-01 7.106665674687562273e-01 0.000000000000000000e+00 3.209000000000000341e+02
3.750388125599974476e+00 -2.717465802929206475e+01 0.000000000000000000e+00 -4.952442998000394780e-01 7.106665674687562273e-01 0.000000000000000000e+00 3.210000000000000000e+02
3.700863695619970528e+00 -2.710359137254518913e+01 0.000000000000000000e+00 -4.952442998000394780e-01 7.106665674687562273e-01 0.000000000000000000e+00 3.211000000000000227e+02
3.651339265639966136e+00 -2.703252471579831351e+01 0.000000000000000000e+00 -4.952442998000439189e-01 7.106665674687562273e-01 0.000000000000000000e+00 3.212000000000000455e+02
3.601814835659962188e+00 -2.696145805905143433e+01 0.000000000000000000e+00 -4.952442998000394780e-01 7.106665674687917544e-01 0.000000000000000000e+00 3.213000000000000114e+02
3.552290405679958241e+00 -2.689039140230455871e+01 0.000000000000000000e+00 -4.952442998000394780e-01 7.106665674687562273e-01 0.000000000000000000e+00 3.214000000000000341e+02
3.502765975699953849e+00 -2.681932474555768309e+01 0.000000000000000000e+00 -4.952442998000439189e-01 7.106665674687562273e-01 0.000000000000000000e+00 3.215000000000000000e+02
3.453241545719949901e+00 -2.674825808881080746e+01 0.000000000000000000e+00 -4.952442998000394780e-01 7.106665674687562273e-01 0.000000000000000000e+00 3.216000000000000227e+02
3.403717115739945509e+00 -2.667719143206393184e+01 0.000000000000000000e+00 -4.952442998000439189e-01 7.106665674687562273e-01 0.000000000000000000e+00 3.217000000000000455e+02
3.354192685759941561e+00 -2.660612477531705622e+01 0.000000000000000000e+00 -4.952442998000394780e-01 7.106665674687562273e-01 0.000000000000000000e+00 3.218000000000000114e+02
3.304668255779937613e+00 -2.653505811857017704e+01 0.000000000000000000e+00 -4.952442998000394780e-01 7.106665674687917544e-01 0.000000000000000000e+00 3.219000000000000341e+02
3.255143825799933666e+00 -2.646399146182330142e+01 0.000000000000000000e+00 -4.952442998000394780e-01 7.106665674687562273e-01 0.000000000000000000e+00 3.220000000000000000e+02
3.263037917917977815e+00 -2.640978368068083171e+01 0.000000000000000000e+00 7.894092118044149231e-02 5.420778114246971313e-01 0.000000000000000000e+00 3.221000000000000227e+02
3.272871438304596481e+00 -2.635614534261576480e+01 0.000000000000000000e+00 9.833520386618666009e-02 5.363833806506690394e-01 0.000000000000000000e+00 3.222000000000000455e+02
3.282704958691214703e+00 -2.630250700455070145e+01 0.000000000000000000e+00 9.833520386618221920e-02 5.363833806506335122e-01 0.000000000000000000e+00 3.223000000000000114e+02
3.292538479077833369e+00 -2.624886866648563455e+01 0.000000000000000000e+00 9.833520386618666009e-02 5.363833806506690394e-01 0.000000000000000000e+00 3.224000000000000341e+02
3.302371999464452035e+00 -2.619523032842056764e+01 0.000000000000000000e+00 9.833520386618666009e-02 5.363833806506690394e-01 0.000000000000000000e+00 3.225000000000000000e+02
3.312205519851070257e+00 -2.614159199035550429e+01 0.000000000000000000e+00 9.833520386618221920e-02 5.363833806506335122e-01 0.000000000000000000e+00 3.226000000000000227e+02
3.322039040237688923e+00 -2.608795365229043739e+01 0.000000000000000000e+00 9.833520386618666009e-02 5.363833806506690394e-01 0.000000000000000000e+00 3.227000000000000455e+02
3.331872560624307589e+00 -2.603431531422537049e+01 0.000000000000000000e+00 9.833520386618666009e-02 5.363833806506690394e-01 0.000000000000000000e+00 3.228000000000000114e+02
3.341706081010925811e+00 -2.598067697616030713e+01 0.000000000000000000e+00 9.833520386618221920e-02 5.363833806506335122e-01 0.000000000000000000e+00 3.229000000000000341e+02
3.351539601397544477e+00 -2.592703863809524023e+01 0.000000000000000000e+00 9.833520386618666009e-02 5.363833806506690394e-01 0.000000000000000000e+00 3.230000000000000000e+02
3.361373121784163143e+00 -2.587340030003017333e+01 0.000000000000000000e+00 9.833520386618666009e-02 5.363833806506690394e-01 0.000000000000000000e+00 3.231000000000000227e+02
3.371206642170781365e+00 -2.581976196196510998e+01 0.000000000000000000e+00 9.833520386618221920e-02 5.363833806506335122e-01 0.000000000000000000e+00 3.232000000000000455e+02
3.388051808011506960e+00 -2.575513676606608371e+01 0.000000000000000000e+00 1.684516584072559553e-01 6.462519589902626649e-01 0.000000000000000000e+00 3.233000000000000114e+02
3.414142404078782889e+00 -2.567602449603050374e+01 0.000000000000000000e+00 2.609059606727592850e-01 7.911227003557996795e-01 0.000000000000000000e+00 3.234000000000000341e+02
3.440233000146058817e+00 -2.559691222599492377e+01 0.000000000000000000e+00 2.609059606727592850e-01 7.911227003557996795e-01 0.000000000000000000e+00 3.235000000000000000e+02
3.466323596213334746e+00 -2.551779995595934381e+01 0.000000000000000000e+00 2.609059606727592850e-01 7.911227003557996795e-01 0.000000000000000000e+00 3.236000000000000227e+02
3.492414192280610674e+00 -2.543868768592376384e+01 0.000000000000000000e+00 2.609059606727592850e-01 7.911227003557996795e-01 0.000000000000000000e+00 3.237000000000000455e+02
3.518504788347886603e+00 -2.535957541588818387e+01 0.000000000000000000e+00 2.609059606727592850e-01 7.911227003557996795e-01 0.000000000000000000e+00 3.238000000000000114e+02
3.544595384415162975e+00 -2.528046314585260035e+01 0.000000000000000000e+00 2.609059606727637259e-01 7.911227003558352067e-01 0.000000000000000000e+00 3.239000000000000341e+02
3.570685980482438904e+00 -2.520135087581702038e+01 0.000000000000000000e+00 2.609059606727592850e-01 7.911227003557996795e-01 0.000000000000000000e+00 3.240000000000000000e+02
3.596776576549714832e+00 -2.512223860578144041e+01 0.000000000000000000e+00 2.609059606727592850e-01 7.911227003557996795e-01 0.000000000000000000e+00 3.241000000000000227e+02
3.622867172616990761e+00 -2.504312633574586044e+01 0.000000000000000000e+00 2.609059606727592850e-01 7.911227003557996795e-01 0.000000000000000000e+00 3.242000000000000455e+02
3.648957768684266689e+00 -2.496401406571028048e+01 0.000000000000000000e+00 2.609059606727592850e-01 7.911227003557996795e-01 0.000000000000000000e+00 3.243000000000000114e+02
3.675048364751542618e+00 -2.488490179567470051e+01 0.000000000000000000e+00 2.609059606727592850e-01 7.911227003557996795e-01 0.000000000000000000e+00 3.244000000000000341e+02
3.701138960818818546e+00 -2.480578952563911699e+01 0.000000000000000000e+00 2.609059606727592850e-01 7.911227003558352067e-01 0.000000000000000000e+00 3.245000000000000000e+02
3.727229556886094475e+00 -2.472667725560353702e+01 0.000000000000000000e+00 2.609059606727592850e-01 7.911227003557996795e-01 0.000000000000000000e+00 3.246000000000000227e+02
3.753320152953370403e+00 -2.464756498556795705e+01 0.000000000000000000e+00 2.609059606727592850e-01 7.911227003557996795e-01 0.000000000000000000e+00 3.247000000000000455e+02
3.779410749020646332e+00 -2.456845271553237708e+01 0.000000000000000000e+00 2.609059606727592850e-01 7.911227003557996795e-01 0.000000000000000000e+00 3.248000000000000114e+02
3.805501345087922260e+00 -2.448934044549679712e+01 0.000000000000000000e+00 2.609059606727592850e-01 7.911227003557996795e-01 0.000000000000000000e+00 3.249000000000000341e+02
3.831591941155198189e+00 -2.441022817546121715e+01 0.000000000000000000e+00 2.609059606727592850e-01 7.911227003557996795e-01 0.000000000000000000e+00 3.250000000000000000e+02
3.857682537222474117e+00 -2.433111590542563363e+01 0.000000000000000000e+00 2.609059606727592850e-01 7.911227003558352067e-01 0.000000000000000000e+00 3.251000000000000227e+02
3.883773133289750046e+00 -2.425200363539005366e+01 0.000000000000000000e+00 2.609059606727592850e-01 7.911227003557996795e-01 0.000000000000000000e+00 3.252000000000000455e+02
3.909863729357025974e+00 -2.417289136535447369e+01 0.000000000000000000e+00 2.609059606727592850e-01 7.911227003557996795e-01 0.000000000000000000e+00 3.253000000000000114e+02
3.935954325424302347e+00 -2.409377909531889372e+01 0.000000000000000000e+00 2.609059606727637259e-01 7.911227003557996795e-01 0.000000000000000000e+00 3.254000000000000341e+02
3.947443309567887137e+00 -2.405076358716962659e+01 0.000000000000000000e+00 1.148898414358479059e-01 4.301550814926713429e-01 0.000000000000000000e+00 3.255000000000000000e+02
3.958651118851893358e+00 -2.400844317364468949e+01 0.000000000000000000e+00 1.120780928400622045e-01 4.232041352493709496e-01 0.000000000000000000e+00 3.256000000000000227e+02
3.969858928135899134e+00 -2.396612276011974885e+01 0.000000000000000000e+00 1.120780928400577636e-01 4.232041352494064768e-01 0.000000000000000000e+00 3.257000000000000455e+02
3.981066737419904911e+00 -2.392380234659480820e+01 0.000000000000000000e+00 1.120780928400577636e-01 4.232041352494064768e-01 0.000000000000000000e+00 3.258000000000000114e+02
3.992274546703910687e+00 -2.388148193306986755e+01 0.000000000000000000e+00 1.120780928400577636e-01 4.232041352494064768e-01 0.000000000000000000e+00 3.259000000000000341e+02
4.003482355987916463e+00 -2.383916151954493046e+01 0.000000000000000000e+00 1.120780928400577636e-01 4.232041352493709496e-01 0.000000000000000000e+00 3.260000000000000000e+02
4.014690165271922240e+00 -2.379684110601998981e+01 0.000000000000000000e+00 1.120780928400577636e-01 4.232041352494064768e-01 0.000000000000000000e+00 3.261000000000000227e+02
4.025897974555928016e+00 -2.375452069249504916e+01 0.000000000000000000e+00 1.120780928400577636e-01 4.232041352494064768e-01 0.000000000000000000e+00 3.262000000000000455e+02
4.037105783839933792e+00 -2.371220027897010851e+01 0.000000000000000000e+00 1.120780928400577636e-01 4.232041352494064768e-01 0.000000000000000000e+00 3.263000000000000114e+02
4.052925046083697858e+00 -2.365559363818603344e+01 0.000000000000000000e+00 1.581926224376406509e-01 5.660664078407506850e-01 0.000000000000000000e+00 3.264000000000000341e+02
4.076000834116375593e+00 -2.357650636549767142e+01 0.000000000000000000e+00 2.307578803267773537e-01 7.908727268836202029e-01 0.000000000000000000e+00 3.265000000000000000e+02
4.099076622149053328e+00 -2.349741909280930940e+01 0.000000000000000000e+00 2.307578803267773537e-01 7.908727268836202029e-01 0.000000000000000000e+00 3.266000000000000227e+02
4.122152410181731064e+00 -2.341833182012094738e+01 0.000000000000000000e+00 2.307578803267773537e-01 7.908727268836202029e-01 0.000000000000000000e+00 3.267000000000000455e+02
4.145228198214408799e+00 -2.333924454743258536e+01 0.000000000000000000e+00 2.307578803267773537e-01 7.908727268836202029e-01 0.000000000000000000e+00 3.268000000000000114e+02
4.168303986247086534e+00 -2.326015727474422334e+01 0.000000000000000000e+00 2.307578803267773537e-01 7.908727268836202029e-01 0.000000000000000000e+00 3.269000000000000341e+02
4.191379774279765158e+00 -2.318107000205586488e+01 0.000000000000000000e+00 2.307578803267862355e-01 7.908727268835846758e-01 0.000000000000000000e+00 3.270000000000000000e+02
4.214455562312442893e+00 -2.310198272936750286e+01 0.000000000000000000e+00 2.307578803267773537e-01 7.908727268836202029e-01 0.000000000000000000e+00 3.271000000000000227e+02
4.237531350345120629e+00 -2.302289545667914084e+01 0.000000000000000000e+00 2.307578803267773537e-01 7.908727268836202029e-01 0.000000000000000000e+00 3.272000000000000455e+02
4.260607138377798364e+00 -2.294380818399077882e+01 0.000000000000000000e+00 2.307578803267773537e-01 7.908727268836202029e-01 0.000000000000000000e+00 3.273000000000000114e+02
4.283682926410476099e+00 -2.286472091130241679e+01 0.000000000000000000e+00 2.307578803267773537e-01 7.908727268836202029e-01 0.000000000000000000e+00 3.274000000000000341e+02
4.306758714443153835e+00 -2.278563363861405477e+01 0.000000000000000000e+00 2.307578803267773537e-01 7.908727268836202029e-01 0.000000000000000000e+00 3.275000000000000000e+02
4.329834502475832458e+00 -2.270654636592569631e+01 0.000000000000000000e+00 2.307578803267862355e-01 7.908727268835846758e-01 0.000000000000000000e+00 3.276000000000000227e+02
4.352910290508510194e+00 -2.262745909323733429e+01 0.000000000000000000e+00 2.307578803267773537e-01 7.908727268836202029e-01 0.000000000000000000e+00 3.277000000000000455e+02
4.375986078541187929e+00 -2.254837182054897227e+01 0.000000000000000000e+00 2.307578803267773537e-01 7.908727268836202029e-01 0.000000000000000000e+00 3.278000000000000114e+02
4.399061866573865665e+00 -2.246928454786061025e+01 0.000000000000000000e+00 2.307578803267773537e-01 7.908727268836202029e-01 0.000000000000000000e+00 3.279000000000000341e+02
4.422137654606543400e+00 -2.239019727517224823e+01 0.000000000000000000e+00 2.307578803267773537e-01 7.908727268836202029e-01 0.000000000000000000e+00 3.280000000000000000e+02
4.445213442639221135e+00 -2.231111000248388621e+01 0.000000000000000000e+00 2.307578803267773537e-01 7.908727268836202029e-01 0.000000000000000000e+00 3.281000000000000227e+02
4.468289230671899759e+00 -2.223202272979552774e+01 0.000000000000000000e+00 2.307578803267862355e-01 7.908727268835846758e-01 0.000000000000000000e+00 3.282000000000000455e+02
4.491365018704577494e+00 -2.215293545710716572e+01 0.000000000000000000e+00 2.307578803267773537e-01 7.908727268836202029e-01 0.000000000000000000e+00 3.283000000000000114e+02
4.514440806737255230e+00 -2.207384818441880370e+01 0.000000000000000000e+00 2.307578803267773537e-01 7.908727268836202029e-01 0.000000000000000000e+00 3.284000000000000341e+02
4.505645493317691042e+00 -2.199703669177462828e+01 0.000000000000000000e+00 -8.795313419564187996e-02 7.681149264417541644e-01 0.000000000000000000e+00 3.285000000000000000e+02
4.462165523879858320e+00 -2.192270188316109980e+01 0.000000000000000000e+00 -4.347996943783272172e-01 7.433480861352848024e-01 0.000000000000000000e+00 3.286000000000000227e+02
4.418685554442025598e+00 -2.184836707454757132e+01 0.000000000000000000e+00 -4.347996943783272172e-01 7.433480861352848024e-01 0.000000000000000000e+00 3.287000000000000455e+02
4.375205585004192876e+00 -2.177403226593404284e+01 0.000000000000000000e+00 -4.347996943783272172e-01 7.433480861352848024e-01 0.000000000000000000e+00 3.288000000000000114e+02
4.331725615566359266e+00 -2.169969745732051436e+01 0.000000000000000000e+00 -4.347996943783360990e-01 7.433480861352848024e-01 0.000000000000000000e+00 3.289000000000000341e+02
4.288245646128526545e+00 -2.162536264870698588e+01 0.000000000000000000e+00 -4.347996943783272172e-01 7.433480861352848024e-01 0.000000000000000000e+00 3.290000000000000000e+02
4.244765676690693823e+00 -2.155102784009345740e+01 0.000000000000000000e+00 -4.347996943783272172e-01 7.433480861352848024e-01 0.000000000000000000e+00 3.291000000000000227e+02
4.201285707252861101e+00 -2.147669303147992537e+01 0.000000000000000000e+00 -4.347996943783272172e-01 7.433480861353203295e-01 0.000000000000000000e+00 3.292000000000000455e+02
4.157805737815027491e+00 -2.140235822286639689e+01 0.000000000000000000e+00 -4.347996943783360990e-01 7.433480861352848024e-01 0.000000000000000000e+00 3.293000000000000114e+02
4.114325768377194770e+00 -2.132802341425286841e+01 0.000000000000000000e+00 -4.347996943783272172e-01 7.433480861352848024e-01 0.000000000000000000e+00 3.294000000000000341e+02
4.070845798939362048e+00 -2.125368860563933993e+01 0.000000000000000000e+00 -4.347996943783272172e-01 7.433480861352848024e-01 0.000000000000000000e+00 3.295000000000000000e+02
4.027365829501529326e+00 -2.117935379702581145e+01 0.000000000000000000e+00 -4.347996943783272172e-01 7.433480861352848024e-01 0.000000000000000000e+00 3.296000000000000227e+02
3.983885860063696160e+00 -2.110501898841228297e+01 0.000000000000000000e+00 -4.347996943783316581e-01 7.433480861352848024e-01 0.000000000000000000e+00 3.297000000000000455e+02
3.940405890625862995e+00 -2.103068417979875449e+01 0.000000000000000000e+00 -4.347996943783316581e-01 7.433480861352848024e-01 0.000000000000000000e+00 3.298000000000000114e+02
3.896925921188030273e+00 -2.095634937118522600e+01 0.000000000000000000e+00 -4.347996943783272172e-01 7.433480861352848024e-01 0.000000000000000000e+00 3.299000000000000341e+02
3.853445951750197551e+00 -2.088201456257169752e+01 0.000000000000000000e+00 -4.347996943783272172e-01 7.433480861352848024e-01 0.000000000000000000e+00 3.300000000000000000e+02
3.809965982312364385e+00 -2.080767975395816904e+01 0.000000000000000000e+00 -4.347996943783316581e-01 7.433480861352848024e-01 0.000000000000000000e+00 3.301000000000000227e+02
3.766486012874531220e+00 -2.073334494534463701e+01 0.000000000000000000e+00 -4.347996943783316581e-01 7.433480861353203295e-01 0.000000000000000000e+00 3.302000000000000455e+02
3.723006043436698498e+00 -2.065901013673110853e+01 0.000000000000000000e+00 -4.347996943783272172e-01 7.433480861352848024e-01 0.000000000000000000e+00 3.303000000000000114e+02
3.679526073998865776e+00 -2.058467532811758005e+01 0.000000000000000000e+00 -4.347996943783272172e-01 7.433480861352848024e-01 0.000000000000000000e+00 3.304000000000000341e+02
3.650379318134127971e+00 -2.051195816982694708e+01 0.000000000000000000e+00 -2.914675586473780555e-01 7.271715829063296610e-01 0.000000000000000000e+00 3.305000000000000000e+02
3.649075327549281766e+00 -2.044238335348326530e+01 0.000000000000000000e+00 -1.303990584846204115e-02 6.957481634368178902e-01 0.000000000000000000e+00 3.306000000000000227e+02
3.647771336964435118e+00 -2.037280853713957995e+01 0.000000000000000000e+00 -1.303990584846648204e-02 6.957481634368534174e-01 0.000000000000000000e+00 3.307000000000000455e+02
3.646467346379588914e+00 -2.030323372079589817e+01 0.000000000000000000e+00 -1.303990584846204115e-02 6.957481634368178902e-01 0.000000000000000000e+00 3.308000000000000114e+02
3.645163355794742266e+00 -2.023365890445221638e+01 0.000000000000000000e+00 -1.303990584846648204e-02 6.957481634368178902e-01 0.000000000000000000e+00 3.309000000000000341e+02
3.643859365209896062e+00 -2.016408408810853103e+01 0.000000000000000000e+00 -1.303990584846204115e-02 6.957481634368534174e-01 0.000000000000000000e+00 3.310000000000000000e+02
3.642555374625049414e+00 -2.009450927176484925e+01 0.000000000000000000e+00 -1.303990584846648204e-02 6.957481634368178902e-01 0.000000000000000000e+00 3.311000000000000227e+02
3.641251384040203209e+00 -2.002493445542116390e+01 0.000000000000000000e+00 -1.303990584846204115e-02 6.957481634368534174e-01 0.000000000000000000e+00 3.312000000000000455e+02
3.639947393455357005e+00 -1.995535963907748211e+01 0.000000000000000000e+00 -1.303990584846204115e-02 6.957481634368178902e-01 0.000000000000000000e+00 3.313000000000000114e+02
3.638643402870510357e+00 -1.988578482273380033e+01 0.000000000000000000e+00 -1.303990584846648204e-02 6.957481634368178902e-01 0.000000000000000000e+00 3.314000000000000341e+02
3.637339412285664153e+00 -1.981621000639011498e+01 0.000000000000000000e+00 -1.303990584846204115e-02 6.957481634368534174e-01 0.000000000000000000e+00 3.315000000000000000e+02
3.636035421700817505e+00 -1.974663519004643319e+01 0.000000000000000000e+00 -1.303990584846648204e-02 6.957481634368178902e-01 0.000000000000000000e+00 3.316000000000000227e+02
3.634731431115971301e+00 -1.967706037370275141e+01 0.000000000000000000e+00 -1.303990584846204115e-02 6.957481634368178902e-01 0.000000000000000000e+00 3.317000000000000455e+02
3.633427440531124653e+00 -1.960748555735906606e+01 0.000000000000000000e+00 -1.303990584846648204e-02 6.957481634368534174e-01 0.000000000000000000e+00 3.318000000000000114e+02
3.632123449946278448e+00 -1.953791074101538427e+01 0.000000000000000000e+00 -1.303990584846204115e-02 6.957481634368178902e-01 0.000000000000000000e+00 3.319000000000000341e+02
3.630819459361432244e+00 -1.946833592467169893e+01 0.000000000000000000e+00 -1.303990584846204115e-02 6.957481634368534174e-01 0.000000000000000000e+00 3.320000000000000000e+02
3.629515468776585596e+00 -1.939876110832801714e+01 0.000000000000000000e+00 -1.303990584846648204e-02 6.957481634368178902e-01 0.000000000000000000e+00 3.321000000000000227e+02
3.620097766522129223e+00 -1.934459036042759550e+01 0.000000000000000000e+00 -9.417702254456372657e-02 5.417074790042164523e-01 0.000000000000000000e+00 3.322000000000000455e+02
3.606947689469022666e+00 -1.929750561202967418e+01 0.000000000000000000e+00 -1.315007705310655695e-01 4.708474839792131661e-01 0.000000000000000000e+00 3.323000000000000114e+02
3.593797612415916554e+00 -1.925042086363175642e+01 0.000000000000000000e+00 -1.315007705310611286e-01 4.708474839791776390e-01 0.000000000000000000e+00 3.324000000000000341e+02
3.580647535362809997e+00 -1.920333611523383510e+01 0.000000000000000000e+00 -1.315007705310655695e-01 4.708474839792131661e-01 0.000000000000000000e+00 3.325000000000000000e+02
3.567497458309703884e+00 -1.915625136683591734e+01 0.000000000000000000e+00 -1.315007705310611286e-01 4.708474839791776390e-01 0.000000000000000000e+00 3.326000000000000227e+02
3.554347381256597327e+00 -1.910916661843799602e+01 0.000000000000000000e+00 -1.315007705310655695e-01 4.708474839792131661e-01 0.000000000000000000e+00 3.327000000000000455e+02
3.541197304203491214e+00 -1.906208187004007470e+01 0.000000000000000000e+00 -1.315007705310611286e-01 4.708474839792131661e-01 0.000000000000000000e+00 3.328000000000000114e+02
3.528047227150384657e+00 -1.901499712164215694e+01 0.000000000000000000e+00 -1.315007705310655695e-01 4.708474839791776390e-01 0.000000000000000000e+00 3.329000000000000341e+02
3.514897150097278544e+00 -1.896791237324423562e+01 0.000000000000000000e+00 -1.315007705310611286e-01 4.708474839792131661e-01 0.000000000000000000e+00 3.330000000000000000e+02
3.501747073044171987e+00 -1.892082762484631786e+01 0.000000000000000000e+00 -1.315007705310655695e-01 4.708474839791776390e-01 0.000000000000000000e+00 3.331000000000000227e+02
3.488596995991065874e+00 -1.887374287644839654e+01 0.000000000000000000e+00 -1.315007705310611286e-01 4.708474839792131661e-01 0.000000000000000000e+00 3.332000000000000455e+02
3.479035263562549218e+00 -1.881222792442978431e+01 0.000000000000000000e+00 -9.561732428516656057e-02 6.151495201861223450e-01 0.000000000000000000e+00 3.333000000000000114e+02
3.476542715831982822e+00 -1.872228488500711308e+01 0.000000000000000000e+00 -2.492547730566396780e-02 8.994303942267123375e-01 0.000000000000000000e+00 3.334000000000000341e+02
3.474050168101416425e+00 -1.863234184558444539e+01 0.000000000000000000e+00 -2.492547730566396780e-02 8.994303942266768104e-01 0.000000000000000000e+00 3.335000000000000000e+02
3.471557620370850028e+00 -1.854239880616177416e+01 0.000000000000000000e+00 -2.492547730566396780e-02 8.994303942267123375e-01 0.000000000000000000e+00 3.336000000000000227e+02
3.469065072640284075e+00 -1.845245576673910293e+01 0.000000000000000000e+00 -2.492547730565952691e-02 8.994303942267123375e-01 0.000000000000000000e+00 3.337000000000000455e+02
3.466572524909717679e+00 -1.836251272731643169e+01 0.000000000000000000e+00 -2.492547730566396780e-02 8.994303942267123375e-01 0.000000000000000000e+00 3.338000000000000114e+02
3.464079977179151282e+00 -1.827256968789376046e+01 0.000000000000000000e+00 -2.492547730566396780e-02 8.994303942267123375e-01 0.000000000000000000e+00 3.339000000000000341e+02
3.461587429448584885e+00 -1.818262664847108923e+01 0.000000000000000000e+00 -2.492547730566396780e-02 8.994303942267123375e-01 0.000000000000000000e+00 3.340000000000000000e+02
3.459094881718018932e+00 -1.809268360904842154e+01 0.000000000000000000e+00 -2.492547730565952691e-02 8.994303942266768104e-01 0.000000000000000000e+00 3.341000000000000227e+02
3.456602333987452536e+00 -1.800274056962575031e+01 0.000000000000000000e+00 -2.492547730566396780e-02 8.994303942267123375e-01 0.000000000000000000e+00 3.342000000000000455e+02
3.454109786256886139e+00 -1.791279753020307908e+01 0.000000000000000000e+00 -2.492547730566396780e-02 8.994303942267123375e-01 0.000000000000000000e+00 3.343000000000000114e+02
3.451617238526320186e+00 -1.782285449078040784e+01 0.000000000000000000e+00 -2.492547730565952691e-02 8.994303942267123375e-01 0.000000000000000000e+00 3.344000000000000341e+02
3.449124690795753789e+00 -1.773291145135773661e+01 0.000000000000000000e+00 -2.492547730566396780e-02 8.994303942267123375e-01 0.000000000000000000e+00 3.345000000000000000e+02
3.446632143065187392e+00 -1.764296841193506893e+01 0.000000000000000000e+00 -2.492547730566396780e-02 8.994303942266768104e-01 0.000000000000000000e+00 3.346000000000000227e+02
3.444139595334620996e+00 -1.755302537251239769e+01 0.000000000000000000e+00 -2.492547730566396780e-02 8.994303942267123375e-01 0.000000000000000000e+00 3.347000000000000455e+02
3.441647047604055043e+00 -1.746308233308972646e+01 0.000000000000000000e+00 -2.492547730565952691e-02 8.994303942267123375e-01 0.000000000000000000e+00 3.348000000000000114e+02
3.439154499873488646e+00 -1.737313929366705523e+01 0.000000000000000000e+00 -2.492547730566396780e-02 8.994303942267123375e-01 0.000000000000000000e+00 3.349000000000000341e+02
3.436661952142922249e+00 -1.728319625424438399e+01 0.000000000000000000e+00 -2.492547730566396780e-02 8.994303942267123375e-01 0.000000000000000000e+00 3.350000000000000000e+02
3.434169404412356297e+00 -1.719325321482171631e+01 0.000000000000000000e+00 -2.492547730565952691e-02 8.994303942266768104e-01 0.000000000000000000e+00 3.351000000000000227e+02
3.431676856681789900e+00 -1.710331017539904508e+01 0.000000000000000000e+00 -2.492547730566396780e-02 8.994303942267123375e-01 0.000000000000000000e+00 3.352000000000000455e+02
3.429184308951223503e+00 -1.701336713597637385e+01 0.000000000000000000e+00 -2.492547730566396780e-02 8.994303942267123375e-01 0.000000000000000000e+00 3.353000000000000114e+02
3.426691761220657106e+00 -1.692342409655370261e+01 0.000000000000000000e+00 -2.492547730566396780e-02 8.994303942267123375e-01 0.000000000000000000e+00 3.354000000000000341e+02
3.432257254189714502e+00 -1.683749760553238417e+01 0.000000000000000000e+00 5.565492969057395101e-02 8.592649102131844074e-01 0.000000000000000000e+00 3.355000000000000000e+02
3.465955411944631859e+00 -1.676559390416719353e+01 0.000000000000000000e+00 3.369815775491735721e-01 7.190370136519064204e-01 0.000000000000000000e+00 3.356000000000000227e+02
3.499653569699549216e+00 -1.669369020280200644e+01 0.000000000000000000e+00 3.369815775491735721e-01 7.190370136518708932e-01 0.000000000000000000e+00 3.357000000000000455e+02
3.533351727454466573e+00 -1.662178650143681935e+01 0.000000000000000000e+00 3.369815775491735721e-01 7.190370136518708932e-01 0.000000000000000000e+00 3.358000000000000114e+02
3.567049885209383930e+00 -1.654988280007163226e+01 0.000000000000000000e+00 3.369815775491735721e-01 7.190370136518708932e-01 0.000000000000000000e+00 3.359000000000000341e+02
3.600748042964301288e+00 -1.647797909870644517e+01 0.000000000000000000e+00 3.369815775491735721e-01 7.190370136518708932e-01 0.000000000000000000e+00 3.360000000000000000e+02
3.634446200719218645e+00 -1.640607539734125808e+01 0.000000000000000000e+00 3.369815775491735721e-01 7.190370136518708932e-01 0.000000000000000000e+00 3.361000000000000227e+02
3.668144358474136002e+00 -1.633417169597607099e+01 0.000000000000000000e+00 3.369815775491735721e-01 7.190370136518708932e-01 0.000000000000000000e+00 3.362000000000000455e+02
3.701842516229053359e+00 -1.626226799461088390e+01 0.000000000000000000e+00 3.369815775491735721e-01 7.190370136518708932e-01 0.000000000000000000e+00 3.363000000000000114e+02
3.735540673983970272e+00 -1.619036429324569326e+01 0.000000000000000000e+00 3.369815775491691312e-01 7.190370136519064204e-01 0.000000000000000000e+00 3.364000000000000341e+02
3.769238831738887630e+00 -1.611846059188050617e+01 0.000000000000000000e+00 3.369815775491735721e-01 7.190370136518708932e-01 0.000000000000000000e+00 3.365000000000000000e+02
3.802936989493804987e+00 -1.604655689051531908e+01 0.000000000000000000e+00 3.369815775491735721e-01 7.190370136518708932e-01 0.000000000000000000e+00 3.366000000000000227e+02
3.836635147248722344e+00 -1.597465318915013199e+01 0.000000000000000000e+00 3.369815775491735721e-01 7.190370136518708932e-01 0.000000000000000000e+00 3.367000000000000455e+02
3.870333305003639701e+00 -1.590274948778494490e+01 0.000000000000000000e+00 3.369815775491735721e-01 7.190370136518708932e-01 0.000000000000000000e+00 3.368000000000000114e+02
3.904031462758557058e+00 -1.583084578641975781e+01 0.000000000000000000e+00 3.369815775491735721e-01 7.190370136518708932e-01 0.000000000000000000e+00 3.369000000000000341e+02
3.937729620513474416e+00 -1.575894208505456895e+01 0.000000000000000000e+00 3.369815775491735721e-01 7.190370136518886568e-01 0.000000000000000000e+00 3.370000000000000000e+02
3.971427778268391773e+00 -1.568703838368938186e+01 0.000000000000000000e+00 3.369815775491735721e-01 7.190370136518708932e-01 0.000000000000000000e+00 3.371000000000000227e+02
4.005125936023309130e+00 -1.561513468232419477e+01 0.000000000000000000e+00 3.369815775491735721e-01 7.190370136518708932e-01 0.000000000000000000e+00 3.372000000000000455e+02
4.038824093778226043e+00 -1.554323098095900590e+01 0.000000000000000000e+00 3.369815775491691312e-01 7.190370136518886568e-01 0.000000000000000000e+00 3.373000000000000114e+02
4.070045578993897628e+00 -1.547372993424257182e+01 0.000000000000000000e+00 3.122148521567158497e-01 6.950104671643408949e-01 0.000000000000000000e+00 3.374000000000000341e+02
4.089456586114585512e+00 -1.541568639741055868e+01 0.000000000000000000e+00 1.941100712068788425e-01 5.804353683201313174e-01 0.000000000000000000e+00 3.375000000000000000e+02
4.108867593235272508e+00 -1.535764286057854733e+01 0.000000000000000000e+00 1.941100712068699607e-01 5.804353683201135539e-01 0.000000000000000000e+00 3.376000000000000227e+02
4.128278600355959504e+00 -1.529959932374653597e+01 0.000000000000000000e+00 1.941100712068699607e-01 5.804353683201135539e-01 0.000000000000000000e+00 3.377000000000000455e+02
4.147689607476647389e+00 -1.524155578691452462e+01 0.000000000000000000e+00 1.941100712068788425e-01 5.804353683201135539e-01 0.000000000000000000e+00 3.378000000000000114e+02
4.167100614597334385e+00 -1.518351225008251326e+01 0.000000000000000000e+00 1.941100712068699607e-01 5.804353683201135539e-01 0.000000000000000000e+00 3.379000000000000341e+02
4.186511621718021381e+00 -1.512546871325050191e+01 0.000000000000000000e+00 1.941100712068699607e-01 5.804353683201135539e-01 0.000000000000000000e+00 3.380000000000000000e+02
4.205922628838709265e+00 -1.506742517641849055e+01 0.000000000000000000e+00 1.941100712068788425e-01 5.804353683201135539e-01 0.000000000000000000e+00 3.381000000000000227e+02
4.225333635959396261e+00 -1.500938163958647920e+01 0.000000000000000000e+00 1.941100712068699607e-01 5.804353683201135539e-01 0.000000000000000000e+00 3.382000000000000455e+02
4.244744643080083257e+00 -1.495133810275446784e+01 0.000000000000000000e+00 1.941100712068699607e-01 5.804353683201135539e-01 0.000000000000000000e+00 3.383000000000000114e+02
4.264155650200771142e+00 -1.489329456592245648e+01 0.000000000000000000e+00 1.941100712068788425e-01 5.804353683201135539e-01 0.000000000000000000e+00 3.384000000000000341e+02
4.283566657321458138e+00 -1.483525102909044513e+01 0.000000000000000000e+00 1.941100712068699607e-01 5.804353683201135539e-01 0.000000000000000000e+00 3.385000000000000000e+02
4.302977664442146022e+00 -1.477720749225843377e+01 0.000000000000000000e+00 1.941100712068788425e-01 5.804353683201135539e-01 0.000000000000000000e+00 3.386000000000000227e+02
4.322388671562833018e+00 -1.471916395542642064e+01 0.000000000000000000e+00 1.941100712068699607e-01 5.804353683201313174e-01 0.000000000000000000e+00 3.387000000000000455e+02
4.341799678683520014e+00 -1.466112041859440929e+01 0.000000000000000000e+00 1.941100712068699607e-01 5.804353683201135539e-01 0.000000000000000000e+00 3.388000000000000114e+02
4.360266783747508867e+00 -1.459222826739797618e+01 0.000000000000000000e+00 1.846710506398885343e-01 6.889215119643310459e-01 0.000000000000000000e+00 3.389000000000000341e+02
4.378598641194512808e+00 -1.452178166547229488e+01 0.000000000000000000e+00 1.833185744700394082e-01 7.044660192568130697e-01 0.000000000000000000e+00 3.390000000000000000e+02
4.396930498641517637e+00 -1.445133506354661179e+01 0.000000000000000000e+00 1.833185744700482900e-01 7.044660192568308332e-01 0.000000000000000000e+00 3.391000000000000227e+02
4.415262356088521578e+00 -1.438088846162093049e+01 0.000000000000000000e+00 1.833185744700394082e-01 7.044660192568130697e-01 0.000000000000000000e+00 3.392000000000000455e+02
4.433594213535525519e+00 -1.431044185969524918e+01 0.000000000000000000e+00 1.833185744700394082e-01 7.044660192568130697e-01 0.000000000000000000e+00 3.393000000000000114e+02
4.451926070982529460e+00 -1.423999525776956609e+01 0.000000000000000000e+00 1.833185744700394082e-01 7.044660192568308332e-01 0.000000000000000000e+00 3.394000000000000341e+02
4.470257928429534289e+00 -1.416954865584388479e+01 0.000000000000000000e+00 1.833185744700482900e-01 7.044660192568130697e-01 0.000000000000000000e+00 3.395000000000000000e+02
4.488589785876538230e+00 -1.409910205391820348e+01 0.000000000000000000e+00 1.833185744700394082e-01 7.044660192568130697e-01 0.000000000000000000e+00 3.396000000000000227e+02
4.506921643323542170e+00 -1.402865545199252040e+01 0.000000000000000000e+00 1.833185744700394082e-01 7.044660192568308332e-01 0.000000000000000000e+00 3.397000000000000455e+02
4.525253500770546111e+00 -1.395820885006683909e+01 0.000000000000000000e+00 1.833185744700394082e-01 7.044660192568130697e-01 0.000000000000000000e+00 3.398000000000000114e+02
4.543585358217550052e+00 -1.388776224814115778e+01 0.000000000000000000e+00 1.833185744700394082e-01 7.044660192568130697e-01 0.000000000000000000e+00 3.399000000000000341e+02
4.561917215664554881e+00 -1.381731564621547470e+01 0.000000000000000000e+00 1.833185744700482900e-01 7.044660192568308332e-01 0.000000000000000000e+00 3.400000000000000000e+02
4.580249073111558822e+00 -1.374686904428979339e+01 0.000000000000000000e+00 1.833185744700394082e-01 7.044660192568130697e-01 0.000000000000000000e+00 3.401000000000000227e+02
4.598580930558562763e+00 -1.367642244236411031e+01 0.000000000000000000e+00 1.833185744700394082e-01 7.044660192568308332e-01 0.000000000000000000e+00 3.402000000000000455e+02
4.616912788005566703e+00 -1.360597584043842900e+01 0.000000000000000000e+00 1.833185744700394082e-01 7.044660192568130697e-01 0.000000000000000000e+00 3.403000000000000114e+02
4.635244645452570644e+00 -1.353552923851274770e+01 0.000000000000000000e+00 1.833185744700394082e-01 7.044660192568130697e-01 0.000000000000000000e+00 3.404000000000000341e+02
4.653576502899575473e+00 -1.346508263658706461e+01 0.000000000000000000e+00 1.833185744700482900e-01 7.044660192568308332e-01 0.000000000000000000e+00 3.405000000000000000e+02
4.673096821338139861e+00 -1.339970367426532505e+01 0.000000000000000000e+00 1.952031843856438798e-01 6.537896232173956435e-01 0.000000000000000000e+00 3.406000000000000227e+02
4.693375977379423247e+00 -1.333756042225785343e+01 0.000000000000000000e+00 2.027915604128338600e-01 6.214325200747161659e-01 0.000000000000000000e+00 3.407000000000000455e+02
4.713655133420707521e+00 -1.327541717025038182e+01 0.000000000000000000e+00 2.027915604128427418e-01 6.214325200747161659e-01 0.000000000000000000e+00 3.408000000000000114e+02
4.733934289461990907e+00 -1.321327391824291020e+01 0.000000000000000000e+00 2.027915604128338600e-01 6.214325200747161659e-01 0.000000000000000000e+00 3.409000000000000341e+02
4.754213445503274293e+00 -1.315113066623543858e+01 0.000000000000000000e+00 2.027915604128338600e-01 6.214325200747161659e-01 0.000000000000000000e+00 3.410000000000000000e+02
4.774492601544557679e+00 -1.308898741422796697e+01 0.000000000000000000e+00 2.027915604128338600e-01 6.214325200747161659e-01 0.000000000000000000e+00 3.411000000000000227e+02
4.794771757585841065e+00 -1.302684416222049535e+01 0.000000000000000000e+00 2.027915604128338600e-01 6.214325200747161659e-01 0.000000000000000000e+00 3.412000000000000455e+02
4.815050913627124451e+00 -1.296470091021302373e+01 0.000000000000000000e+00 2.027915604128338600e-01 6.214325200747161659e-01 0.000000000000000000e+00 3.413000000000000114e+02
4.835330069668407837e+00 -1.290255765820555212e+01 0.000000000000000000e+00 2.027915604128338600e-01 6.214325200747161659e-01 0.000000000000000000e+00 3.414000000000000341e+02
4.855609225709691223e+00 -1.284041440619808050e+01 0.000000000000000000e+00 2.027915604128338600e-01 6.214325200747161659e-01 0.000000000000000000e+00 3.415000000000000000e+02
4.875888381750975498e+00 -1.277827115419060888e+01 0.000000000000000000e+00 2.027915604128427418e-01 6.214325200747161659e-01 0.000000000000000000e+00 3.416000000000000227e+02
4.896167537792258884e+00 -1.271612790218313727e+01 0.000000000000000000e+00 2.027915604128338600e-01 6.214325200747161659e-01 0.000000000000000000e+00 3.417000000000000455e+02
4.916446693833542270e+00 -1.265398465017566565e+01 0.000000000000000000e+00 2.027915604128338600e-01 6.214325200747161659e-01 0.000000000000000000e+00 3.418000000000000114e+02
4.936725849874825656e+00 -1.259184139816819403e+01 0.000000000000000000e+00 2.027915604128338600e-01 6.214325200747161659e-01 0.000000000000000000e+00 3.419000000000000341e+02
4.957005005916109042e+00 -1.252969814616072242e+01 0.000000000000000000e+00 2.027915604128338600e-01 6.214325200747161659e-01 0.000000000000000000e+00 3.420000000000000000e+02
4.977284161957392428e+00 -1.246755489415325080e+01 0.000000000000000000e+00 2.027915604128338600e-01 6.214325200747161659e-01 0.000000000000000000e+00 3.421000000000000227e+02
5.011908980992858531e+00 -1.243320008232074514e+01 0.000000000000000000e+00 3.462481903546610340e-01 3.435481183250566062e-01 0.000000000000000000e+00 3.422000000000000455e+02
5.055545635823144757e+00 -1.241630175611407338e+01 0.000000000000000000e+00 4.363665483028622560e-01 1.689832620667175433e-01 0.000000000000000000e+00 3.423000000000000114e+02
5.099182290653430094e+00 -1.239940342990740163e+01 0.000000000000000000e+00 4.363665483028533743e-01 1.689832620667175433e-01 0.000000000000000000e+00 3.424000000000000341e+02
5.142818945483715432e+00 -1.238250510370072810e+01 0.000000000000000000e+00 4.363665483028533743e-01 1.689832620667353069e-01 0.000000000000000000e+00 3.425000000000000000e+02
5.186455600314001657e+00 -1.236560677749405635e+01 0.000000000000000000e+00 4.363665483028622560e-01 1.689832620667175433e-01 0.000000000000000000e+00 3.426000000000000227e+02
5.230092255144286995e+00 -1.234870845128738459e+01 0.000000000000000000e+00 4.363665483028533743e-01 1.689832620667175433e-01 0.000000000000000000e+00 3.427000000000000455e+02
5.273728909974573220e+00 -1.233181012508071284e+01 0.000000000000000000e+00 4.363665483028622560e-01 1.689832620667175433e-01 0.000000000000000000e+00 3.428000000000000114e+02
5.317365564804858558e+00 -1.231491179887403931e+01 0.000000000000000000e+00 4.363665483028533743e-01 1.689832620667353069e-01 0.000000000000000000e+00 3.429000000000000341e+02
5.361002219635144783e+00 -1.229801347266736755e+01 0.000000000000000000e+00 4.363665483028622560e-01 1.689832620667175433e-01 0.000000000000000000e+00 3.430000000000000000e+02
5.404638874465430121e+00 -1.228111514646069580e+01 0.000000000000000000e+00 4.363665483028533743e-01 1.689832620667175433e-01 0.000000000000000000e+00 3.431000000000000227e+02
5.449762804790514892e+00 -1.226369341052502548e+01 0.000000000000000000e+00 4.512393032508477120e-01 1.742173593567031276e-01 0.000000000000000000e+00 3.432000000000000455e+02
5.508762393832272508e+00 -1.224138848059203433e+01 0.000000000000000000e+00 5.899958904175761631e-01 2.230492993299115767e-01 0.000000000000000000e+00 3.433000000000000114e+02
5.567761982874030124e+00 -1.221908355065904495e+01 0.000000000000000000e+00 5.899958904175761631e-01 2.230492993298938131e-01 0.000000000000000000e+00 3.434000000000000341e+02
5.626761571915787741e+00 -1.219677862072605379e+01 0.000000000000000000e+00 5.899958904175761631e-01 2.230492993299115767e-01 0.000000000000000000e+00 3.435000000000000000e+02
5.685761160957545357e+00 -1.217447369079306441e+01 0.000000000000000000e+00 5.899958904175761631e-01 2.230492993298938131e-01 0.000000000000000000e+00 3.436000000000000227e+02
5.744760749999302973e+00 -1.215216876086007325e+01 0.000000000000000000e+00 5.899958904175761631e-01 2.230492993299115767e-01 0.000000000000000000e+00 3.437000000000000455e+02
5.803760339041059702e+00 -1.212986383092708387e+01 0.000000000000000000e+00 5.899958904175672814e-01 2.230492993298938131e-01 0.000000000000000000e+00 3.438000000000000114e+02
5.862759928082817318e+00 -1.210755890099409271e+01 0.000000000000000000e+00 5.899958904175761631e-01 2.230492993299115767e-01 0.000000000000000000e+00 3.439000000000000341e+02
5.921759517124574934e+00 -1.208525397106110333e+01 0.000000000000000000e+00 5.899958904175761631e-01 2.230492993298938131e-01 0.000000000000000000e+00 3.440000000000000000e+02
5.980759106166332550e+00 -1.206294904112811217e+01 0.000000000000000000e+00 5.899958904175761631e-01 2.230492993299115767e-01 0.000000000000000000e+00 3.441000000000000227e+02
6.039758695208090167e+00 -1.204064411119512279e+01 0.000000000000000000e+00 5.899958904175761631e-01 2.230492993298938131e-01 0.000000000000000000e+00 3.442000000000000455e+02
6.098758284249847783e+00 -1.201833918126213341e+01 0.000000000000000000e+00 5.899958904175761631e-01 2.230492993298938131e-01 0.000000000000000000e+00 3.443000000000000114e+02
6.157757873291604511e+00 -1.199603425132914225e+01 0.000000000000000000e+00 5.899958904175672814e-01 2.230492993299115767e-01 0.000000000000000000e+00 3.444000000000000341e+02
6.216757462333362128e+00 -1.197372932139615287e+01 0.000000000000000000e+00 5.899958904175761631e-01 2.230492993298938131e-01 0.000000000000000000e+00 3.445000000000000000e+02
6.275757051375119744e+00 -1.195142439146316171e+01 0.000000000000000000e+00 5.899958904175761631e-01 2.230492993299115767e-01 0.000000000000000000e+00 3.446000000000000227e+02
6.334756640416877360e+00 -1.192911946153017233e+01 0.000000000000000000e+00 5.899958904175761631e-01 2.230492993298938131e-01 0.000000000000000000e+00 3.447000000000000455e+02
6.392624848307518093e+00 -1.190803939087796159e+01 0.000000000000000000e+00 5.786820789064073267e-01 2.108007065221073617e-01 0.000000000000000000e+00 3.448000000000000114e+02
6.433163530070448388e+00 -1.190572066417080066e+01 0.000000000000000000e+00 4.053868176293029535e-01 2.318726707160934097e-02 0.000000000000000000e+00 3.449000000000000341e+02
6.473702211833379572e+00 -1.190340193746364150e+01 0.000000000000000000e+00 4.053868176293118353e-01 2.318726707159157741e-02 0.000000000000000000e+00 3.450000000000000000e+02
6.514240893596310755e+00 -1.190108321075648057e+01 0.000000000000000000e+00 4.053868176293118353e-01 2.318726707160934097e-02 0.000000000000000000e+00 3.451000000000000227e+02
6.554779575359241051e+00 -1.189876448404931963e+01 0.000000000000000000e+00 4.053868176293029535e-01 2.318726707160934097e-02 0.000000000000000000e+00 3.452000000000000455e+02
6.595318257122172234e+00 -1.189644575734216048e+01 0.000000000000000000e+00 4.053868176293118353e-01 2.318726707159157741e-02 0.000000000000000000e+00 3.453000000000000114e+02
6.635856938885103418e+00 -1.189412703063499954e+01 0.000000000000000000e+00 4.053868176293118353e-01 2.318726707160934097e-02 0.000000000000000000e+00 3.454000000000000341e+02
6.676395620648033713e+00 -1.189180830392783861e+01 0.000000000000000000e+00 4.053868176293029535e-01 2.318726707160934097e-02 0.000000000000000000e+00 3.455000000000000000e+02
6.716934302410964897e+00 -1.188948957722067945e+01 0.000000000000000000e+00 4.053868176293118353e-01 2.318726707159157741e-02 0.000000000000000000e+00 3.456000000000000227e+02
6.756479297090801417e+00 -1.187417694509243837e+01 0.000000000000000000e+00 3.954499467983652039e-01 1.531263212824107711e-01 0.000000000000000000e+00 3.457000000000000455e+02
6.793619249414065919e+00 -1.182741488240735528e+01 0.000000000000000000e+00 3.713995232326450235e-01 4.676206268508309449e-01 0.000000000000000000e+00 3.458000000000000114e+02
6.830759201737329533e+00 -1.178065281972227218e+01 0.000000000000000000e+00 3.713995232326361418e-01 4.676206268508309449e-01 0.000000000000000000e+00 3.459000000000000341e+02
6.867899154060593148e+00 -1.173389075703719087e+01 0.000000000000000000e+00 3.713995232326361418e-01 4.676206268508131814e-01 0.000000000000000000e+00 3.460000000000000000e+02
6.905039106383856762e+00 -1.168712869435210777e+01 0.000000000000000000e+00 3.713995232326361418e-01 4.676206268508309449e-01 0.000000000000000000e+00 3.461000000000000227e+02
6.942179058707120376e+00 -1.164036663166702468e+01 0.000000000000000000e+00 3.713995232326361418e-01 4.676206268508309449e-01 0.000000000000000000e+00 3.462000000000000455e+02
6.979319011030383990e+00 -1.159360456898194158e+01 0.000000000000000000e+00 3.713995232326361418e-01 4.676206268508309449e-01 0.000000000000000000e+00 3.463000000000000114e+02
7.016458963353647604e+00 -1.154684250629685849e+01 0.000000000000000000e+00 3.713995232326361418e-01 4.676206268508309449e-01 0.000000000000000000e+00 3.464000000000000341e+02
7.053598915676911218e+00 -1.150008044361177717e+01 0.000000000000000000e+00 3.713995232326361418e-01 4.676206268508131814e-01 0.000000000000000000e+00 3.465000000000000000e+02
7.090738868000175721e+00 -1.145331838092669408e+01 0.000000000000000000e+00 3.713995232326450235e-01 4.676206268508309449e-01 0.000000000000000000e+00 3.466000000000000227e+02
7.127878820323439335e+00 -1.140655631824161098e+01 0.000000000000000000e+00 3.713995232326361418e-01 4.676206268508309449e-01 0.000000000000000000e+00 3.467000000000000455e+02
7.165018772646702949e+00 -1.135979425555652789e+01 0.000000000000000000e+00 3.713995232326361418e-01 4.676206268508309449e-01 0.000000000000000000e+00 3.468000000000000114e+02
7.202158724969966563e+00 -1.131303219287144657e+01 0.000000000000000000e+00 3.713995232326361418e-01 4.676206268508131814e-01 0.000000000000000000e+00 3.469000000000000341e+02
7.239298677293230178e+00 -1.126627013018636347e+01 0.000000000000000000e+00 3.713995232326361418e-01 4.676206268508309449e-01 0.000000000000000000e+00 3.470000000000000000e+02
7.276438629616493792e+00 -1.121950806750128038e+01 0.000000000000000000e+00 3.713995232326361418e-01 4.676206268508309449e-01 0.000000000000000000e+00 3.471000000000000227e+02
7.292119092526861301e+00 -1.114187288194734649e+01 0.000000000000000000e+00 1.568046291036750972e-01 7.763518555393389420e-01 0.000000000000000000e+00 3.472000000000000455e+02
7.300387120870943214e+00 -1.105357364942010889e+01 0.000000000000000000e+00 8.268028344081912451e-02 8.829923252723759219e-01 0.000000000000000000e+00 3.473000000000000114e+02
7.308655149215024238e+00 -1.096527441689287130e+01 0.000000000000000000e+00 8.268028344081024272e-02 8.829923252723759219e-01 0.000000000000000000e+00 3.474000000000000341e+02
7.316923177559106151e+00 -1.087697518436563371e+01 0.000000000000000000e+00 8.268028344081912451e-02 8.829923252723759219e-01 0.000000000000000000e+00 3.475000000000000000e+02
7.325191205903187175e+00 -1.078867595183839612e+01 0.000000000000000000e+00 8.268028344081024272e-02 8.829923252723759219e-01 0.000000000000000000e+00 3.476000000000000227e+02
7.333459234247269087e+00 -1.070037671931115852e+01 0.000000000000000000e+00 8.268028344081912451e-02 8.829923252723759219e-01 0.000000000000000000e+00 3.477000000000000455e+02
7.341727262591351000e+00 -1.061207748678392093e+01 0.000000000000000000e+00 8.268028344081912451e-02 8.829923252723759219e-01 0.000000000000000000e+00 3.478000000000000114e+02
7.349995290935432024e+00 -1.052377825425668334e+01 0.000000000000000000e+00 8.268028344081024272e-02 8.829923252723759219e-01 0.000000000000000000e+00 3.479000000000000341e+02
7.358263319279513937e+00 -1.043547902172944575e+01 0.000000000000000000e+00 8.268028344081912451e-02 8.829923252723759219e-01 0.000000000000000000e+00 3.480000000000000000e+02
7.366531347623594961e+00 -1.034717978920220816e+01 0.000000000000000000e+00 8.268028344081024272e-02 8.829923252723759219e-01 0.000000000000000000e+00 3.481000000000000227e+02
7.374799375967676873e+00 -1.025888055667497056e+01 0.000000000000000000e+00 8.268028344081912451e-02 8.829923252723759219e-01 0.000000000000000000e+00 3.482000000000000455e+02
7.383067404311757898e+00 -1.017058132414773297e+01 0.000000000000000000e+00 8.268028344081024272e-02 8.829923252723759219e-01 0.000000000000000000e+00 3.483000000000000114e+02
7.391335432655839810e+00 -1.008228209162049538e+01 0.000000000000000000e+00 8.268028344081912451e-02 8.829923252723759219e-01 0.000000000000000000e+00 3.484000000000000341e+02
7.399603460999921722e+00 -9.993982859093257787e+00 0.000000000000000000e+00 8.268028344081912451e-02 8.829923252723759219e-01 0.000000000000000000e+00 3.485000000000000000e+02
7.407871489344002747e+00 -9.905683626566020195e+00 0.000000000000000000e+00 8.268028344081024272e-02 8.829923252723759219e-01 0.000000000000000000e+00 3.486000000000000227e+02
7.416139517688084659e+00 -9.817384394038782602e+00 0.000000000000000000e+00 8.268028344081912451e-02 8.829923252723759219e-01 0.000000000000000000e+00 3.487000000000000455e+02
7.424407546032165683e+00 -9.729085161511545010e+00 0.000000000000000000e+00 8.268028344081024272e-02 8.829923252723759219e-01 0.000000000000000000e+00 3.488000000000000114e+02
7.432675574376247596e+00 -9.640785928984307418e+00 0.000000000000000000e+00 8.268028344081912451e-02 8.829923252723759219e-01 0.000000000000000000e+00 3.489000000000000341e+02
7.440943602720328620e+00 -9.552486696457069826e+00 0.000000000000000000e+00 8.268028344081024272e-02 8.829923252723759219e-01 0.000000000000000000e+00 3.490000000000000000e+02
7.449211631064410533e+00 -9.464187463929832234e+00 0.000000000000000000e+00 8.268028344081912451e-02 8.829923252723759219e-01 0.000000000000000000e+00 3.491000000000000227e+02
7.457479659408491557e+00 -9.375888231402594641e+00 0.000000000000000000e+00 8.268028344081024272e-02 8.829923252723759219e-01 0.000000000000000000e+00 3.492000000000000455e+02
7.460405240317423470e+00 -9.287611978413229608e+00 0.000000000000000000e+00 2.925580908931912916e-02 8.827625298936503384e-01 0.000000000000000000e+00 3.493000000000000114e+02
7.442813015610247440e+00 -9.199423978925082679e+00 0.000000000000000000e+00 -1.759222470717602960e-01 8.818799948814692868e-01 0.000000000000000000e+00 3.494000000000000341e+02
7.425220790903072299e+00 -9.111235979436935750e+00 0.000000000000000000e+00 -1.759222470717514142e-01 8.818799948814692868e-01 0.000000000000000000e+00 3.495000000000000000e+02
7.407628566195897157e+00 -9.023047979948788822e+00 0.000000000000000000e+00 -1.759222470717514142e-01 8.818799948814692868e-01 0.000000000000000000e+00 3.496000000000000227e+02
7.390036341488722016e+00 -8.934859980460641893e+00 0.000000000000000000e+00 -1.759222470717514142e-01 8.818799948814692868e-01 0.000000000000000000e+00 3.497000000000000455e+02
7.372444116781546875e+00 -8.846671980972493188e+00 0.000000000000000000e+00 -1.759222470717514142e-01 8.818799948814870504e-01 0.000000000000000000e+00 3.498000000000000114e+02
7.354851892074371733e+00 -8.758483981484346259e+00 0.000000000000000000e+00 -1.759222470717514142e-01 8.818799948814692868e-01 0.000000000000000000e+00 3.499000000000000341e+02
7.337259667367195703e+00 -8.670295981996199330e+00 0.000000000000000000e+00 -1.759222470717602960e-01 8.818799948814692868e-01 0.000000000000000000e+00 3.500000000000000000e+02
7.319667442660020562e+00 -8.582107982508052402e+00 0.000000000000000000e+00 -1.759222470717514142e-01 8.818799948814692868e-01 0.000000000000000000e+00 3.501000000000000227e+02
7.302075217952845421e+00 -8.493919983019905473e+00 0.000000000000000000e+00 -1.759222470717514142e-01 8.818799948814692868e-01 0.000000000000000000e+00 3.502000000000000455e+02
7.284482993245670279e+00 -8.405731983531758544e+00 0.000000000000000000e+00 -1.759222470717514142e-01 8.818799948814692868e-01 0.000000000000000000e+00 3.503000000000000114e+02
7.266890768538495138e+00 -8.317543984043609839e+00 0.000000000000000000e+00 -1.759222470717514142e-01 8.818799948814870504e-01 0.000000000000000000e+00 3.504000000000000341e+02
7.249298543831319108e+00 -8.229355984555462911e+00 0.000000000000000000e+00 -1.759222470717602960e-01 8.818799948814692868e-01 0.000000000000000000e+00 3.505000000000000000e+02
7.231706319124143967e+00 -8.141167985067315982e+00 0.000000000000000000e+00 -1.759222470717514142e-01 8.818799948814692868e-01 0.000000000000000000e+00 3.506000000000000227e+02
7.214114094416968825e+00 -8.052979985579169053e+00 0.000000000000000000e+00 -1.759222470717514142e-01 8.818799948814692868e-01 0.000000000000000000e+00 3.507000000000000455e+02
7.196521869709793684e+00 -7.964791986091021236e+00 0.000000000000000000e+00 -1.759222470717514142e-01 8.818799948814781686e-01 0.000000000000000000e+00 3.508000000000000114e+02
7.178929645002618543e+00 -7.876603986602874308e+00 0.000000000000000000e+00 -1.759222470717514142e-01 8.818799948814692868e-01 0.000000000000000000e+00 3.509000000000000341e+02
7.161337420295443401e+00 -7.788415987114726491e+00 0.000000000000000000e+00 -1.759222470717514142e-01 8.818799948814781686e-01 0.000000000000000000e+00 3.510000000000000000e+02
7.143745195588268260e+00 -7.700227987626579562e+00 0.000000000000000000e+00 -1.759222470717514142e-01 8.818799948814692868e-01 0.000000000000000000e+00 3.511000000000000227e+02
7.126152970881092230e+00 -7.612039988138432633e+00 0.000000000000000000e+00 -1.759222470717602960e-01 8.818799948814692868e-01 0.000000000000000000e+00 3.512000000000000455e+02
7.108560746173917089e+00 -7.523851988650284817e+00 0.000000000000000000e+00 -1.759222470717514142e-01 8.818799948814781686e-01 0.000000000000000000e+00 3.513000000000000114e+02
7.090968521466741947e+00 -7.435663989162137888e+00 0.000000000000000000e+00 -1.759222470717514142e-01 8.818799948814692868e-01 0.000000000000000000e+00 3.514000000000000341e+02
7.073376296759566806e+00 -7.347475989673990071e+00 0.000000000000000000e+00 -1.759222470717514142e-01 8.818799948814781686e-01 0.000000000000000000e+00 3.515000000000000000e+02
7.075545308405192024e+00 -7.307128605478421690e+00 0.000000000000000000e+00 2.169011645625218421e-02 4.034738419556838096e-01 0.000000000000000000e+00 3.516000000000000227e+02
7.084218021509192553e+00 -7.282526242186051491e+00 0.000000000000000000e+00 8.672713104000528972e-02 2.460236329237019959e-01 0.000000000000000000e+00 3.517000000000000455e+02
7.092890734613193082e+00 -7.257923878893681291e+00 0.000000000000000000e+00 8.672713104000528972e-02 2.460236329237019959e-01 0.000000000000000000e+00 3.518000000000000114e+02
7.101563447717194499e+00 -7.233321515601311091e+00 0.000000000000000000e+00 8.672713104001417150e-02 2.460236329237019959e-01 0.000000000000000000e+00 3.519000000000000341e+02
7.110236160821195028e+00 -7.208719152308940892e+00 0.000000000000000000e+00 8.672713104000528972e-02 2.460236329237019959e-01 0.000000000000000000e+00 3.520000000000000000e+02
7.118908873925195557e+00 -7.184116789016570692e+00 0.000000000000000000e+00 8.672713104000528972e-02 2.460236329237019959e-01 0.000000000000000000e+00 3.521000000000000227e+02
7.127581587029196086e+00 -7.159514425724200493e+00 0.000000000000000000e+00 8.672713104000528972e-02 2.460236329237019959e-01 0.000000000000000000e+00 3.522000000000000455e+02
7.136254300133196615e+00 -7.134912062431831181e+00 0.000000000000000000e+00 8.672713104000528972e-02 2.460236329236931141e-01 0.000000000000000000e+00 3.523000000000000114e+02
7.144927013237197144e+00 -7.110309699139460982e+00 0.000000000000000000e+00 8.672713104000528972e-02 2.460236329237019959e-01 0.000000000000000000e+00 3.524000000000000341e+02
7.153599726341198561e+00 -7.085707335847090782e+00 0.000000000000000000e+00 8.672713104001417150e-02 2.460236329237019959e-01 0.000000000000000000e+00 3.525000000000000000e+02
7.162272439445199090e+00 -7.061104972554720582e+00 0.000000000000000000e+00 8.672713104000528972e-02 2.460236329237019959e-01 0.000000000000000000e+00 3.526000000000000227e+02
7.170945152549199619e+00 -7.036502609262350383e+00 0.000000000000000000e+00 8.672713104000528972e-02 2.460236329237019959e-01 0.000000000000000000e+00 3.527000000000000455e+02
7.175000000000002487e+00 -7.024999999999998579e+00 0.000000000000000000e+00 4.054847450802867570e-02 1.150260926235180392e-01 0.000000000000000000e+00 3.528000000000000114e+02
