-1.324999999999999289e+00 -1.474999999999994316e+00 0.000000000000000000e+00 0.000000000000000000e+00 0.000000000000000000e+00 0.000000000000000000e+00 0.000000000000000000e+00
-1.332863727439955959e+00 -1.468006849925482360e+00 0.000000000000000000e+00 -7.863727439956669230e-02 6.993150074511955694e-02 0.000000000000000000e+00 1.000000000000000056e-01
-1.340727454879912406e+00 -1.461013699850970626e+00 0.000000000000000000e+00 -7.863727439956447185e-02 6.993150074511733649e-02 0.000000000000000000e+00 2.000000000000000111e-01
-1.348591182319869075e+00 -1.454020549776458671e+00 0.000000000000000000e+00 -7.863727439956669230e-02 6.993150074511955694e-02 0.000000000000000000e+00 3.000000000000000444e-01
-1.356454909759825522e+00 -1.447027399701946715e+00 0.000000000000000000e+00 -7.863727439956447185e-02 6.993150074511955694e-02 0.000000000000000000e+00 4.000000000000000222e-01
-1.365216915611073389e+00 -1.438521021858482518e+00 0.000000000000000000e+00 -8.762005851247867128e-02 8.506377843464196786e-02 0.000000000000000000e+00 5.000000000000000000e-01
-1.376180446157835746e+00 -1.426305985027547241e+00 0.000000000000000000e+00 -1.096353054676235672e-01 1.221503683093527748e-01 0.000000000000000000e+00 6.000000000000000888e-01
-1.387143976704598325e+00 -1.414090948196611963e+00 0.000000000000000000e+00 -1.096353054676257877e-01 1.221503683093527748e-01 0.000000000000000000e+00 7.000000000000000666e-01
-1.398107507251360682e+00 -1.401875911365676686e+00 0.000000000000000000e+00 -1.096353054676235672e-01 1.221503683093527748e-01 0.000000000000000000e+00 8.000000000000000444e-01
-1.409071037798123260e+00 -1.389660874534741408e+00 0.000000000000000000e+00 -1.096353054676257877e-01 1.221503683093527748e-01 0.000000000000000000e+00 9.000000000000000222e-01
-1.420155636147436340e+00 -1.374802476867033274e+00 0.000000000000000000e+00 -1.108459834931307952e-01 1.485839766770813419e-01 0.000000000000000000e+00 1.000000000000000000e+00
-1.431269829014266470e+00 -1.359297920708465890e+00 0.000000000000000000e+00 -1.111419286683013041e-01 1.550455615856738412e-01 0.000000000000000000e+00 1.100000000000000089e+00
-1.442384021881096823e+00 -1.343793364549898506e+00 0.000000000000000000e+00 -1.111419286683035246e-01 1.550455615856738412e-01 0.000000000000000000e+00 1.200000000000000178e+00
-1.453498214747926953e+00 -1.328288808391331122e+00 0.000000000000000000e+00 -1.111419286683013041e-01 1.550455615856738412e-01 0.000000000000000000e+00 1.300000000000000044e+00
-1.464612407614757306e+00 -1.312784252232763738e+00 0.000000000000000000e+00 -1.111419286683035246e-01 1.550455615856738412e-01 0.000000000000000000e+00 1.400000000000000133e+00
-1.477107780671473636e+00 -1.295227003344144201e+00 0.000000000000000000e+00 -1.249537305671633014e-01 1.755724888861953659e-01 0.000000000000000000e+00 1.500000000000000000e+00
-1.489794083040312467e+00 -1.277385997698934794e+00 0.000000000000000000e+00 -1.268630236883883100e-01 1.784100564520940679e-01 0.000000000000000000e+00 1.600000000000000089e+00
-1.502480385409151298e+00 -1.259544992053725609e+00 0.000000000000000000e+00 -1.268630236883883100e-01 1.784100564520918475e-01 0.000000000000000000e+00 1.700000000000000178e+00
-1.515166687777990351e+00 -1.241703986408516425e+00 0.000000000000000000e+00 -1.268630236883905305e-01 1.784100564520918475e-01 0.000000000000000000e+00 1.800000000000000044e+00
-1.527852990146829182e+00 -1.223862980763307240e+00 0.000000000000000000e+00 -1.268630236883883100e-01 1.784100564520918475e-01 0.000000000000000000e+00 1.900000000000000133e+00
-1.540662136363461610e+00 -1.206083828500500887e+00 0.000000000000000000e+00 -1.280914621663242770e-01 1.777915226280635252e-01 0.000000000000000000e+00 2.000000000000000000e+00
-1.553603876449757060e+00 -1.188371438875562403e+00 0.000000000000000000e+00 -1.294174008629545014e-01 1.771238962493848490e-01 0.000000000000000000e+00 2.100000000000000089e+00
-1.566545616536052288e+00 -1.170659049250624140e+00 0.000000000000000000e+00 -1.294174008629522810e-01 1.771238962493826286e-01 0.000000000000000000e+00 2.200000000000000178e+00
-1.579487356622347738e+00 -1.152946659625685655e+00 0.000000000000000000e+00 -1.294174008629545014e-01 1.771238962493848490e-01 0.000000000000000000e+00 2.300000000000000266e+00
-1.592429096708643188e+00 -1.135234270000747392e+00 0.000000000000000000e+00 -1.294174008629545014e-01 1.771238962493826286e-01 0.000000000000000000e+00 2.400000000000000355e+00
-1.605090702328048957e+00 -1.117793918946468956e+00 0.000000000000000000e+00 -1.266160561940576912e-01 1.744035105427843568e-01 0.000000000000000000e+00 2.500000000000000000e+00
-1.615847352912239021e+00 -1.102203469657958790e+00 0.000000000000000000e+00 -1.075665058419006392e-01 1.559044928851016643e-01 0.000000000000000000e+00 2.600000000000000089e+00
-1.626604003496429085e+00 -1.086613020369448845e+00 0.000000000000000000e+00 -1.075665058419006392e-01 1.559044928850994438e-01 0.000000000000000000e+00 2.700000000000000178e+00
-1.637360654080619149e+00 -1.071022571080938679e+00 0.000000000000000000e+00 -1.075665058419006392e-01 1.559044928851016643e-01 0.000000000000000000e+00 2.800000000000000266e+00
-1.648117304664809213e+00 -1.055432121792428735e+00 0.000000000000000000e+00 -1.075665058419006392e-01 1.559044928850994438e-01 0.000000000000000000e+00 2.900000000000000355e+00
-1.658640481840508274e+00 -1.040858236624084388e+00 0.000000000000000000e+00 -1.052317717569906108e-01 1.457388516834434711e-01 0.000000000000000000e+00 3.000000000000000000e+00
-1.668711540108573033e+00 -1.028252917651437448e+00 0.000000000000000000e+00 -1.007105826806475868e-01 1.260531897264693946e-01 0.000000000000000000e+00 3.100000000000000089e+00
-1.678782598376637791e+00 -1.015647598678790731e+00 0.000000000000000000e+00 -1.007105826806475868e-01 1.260531897264671741e-01 0.000000000000000000e+00 3.200000000000000178e+00
-1.688853656644702550e+00 -1.003042279706143791e+00 0.000000000000000000e+00 -1.007105826806475868e-01 1.260531897264693946e-01 0.000000000000000000e+00 3.300000000000000266e+00
-1.698924714912767309e+00 -9.904369607334968517e-01 0.000000000000000000e+00 -1.007105826806475868e-01 1.260531897264693946e-01 0.000000000000000000e+00 3.400000000000000355e+00
-1.707875870619451231e+00 -9.795784049716984576e-01 0.000000000000000000e+00 -8.951155706683922020e-02 1.085855576179839410e-01 0.000000000000000000e+00 3.500000000000000000e+00
-1.716653578046022366e+00 -9.689903844199567740e-01 0.000000000000000000e+00 -8.777707426571135230e-02 1.058802055174168366e-01 0.000000000000000000e+00 3.600000000000000089e+00
-1.725431285472593501e+00 -9.584023638682150903e-01 0.000000000000000000e+00 -8.777707426571135230e-02 1.058802055174168366e-01 0.000000000000000000e+00 3.700000000000000178e+00
-1.734208992899164636e+00 -9.478143433164732956e-01 0.000000000000000000e+00 -8.777707426571135230e-02 1.058802055174179468e-01 0.000000000000000000e+00 3.800000000000000266e+00
-1.743539826371995893e+00 -9.399444601647025666e-01 0.000000000000000000e+00 -9.330833472831256969e-02 7.869883151770729057e-02 0.000000000000000000e+00 3.900000000000000355e+00
-1.753352424734020865e+00 -9.344420358808793736e-01 0.000000000000000000e+00 -9.812598362024971266e-02 5.502424283823192930e-02 0.000000000000000000e+00 4.000000000000000000e+00
-1.763165023096045836e+00 -9.289396115970561807e-01 0.000000000000000000e+00 -9.812598362024971266e-02 5.502424283823192930e-02 0.000000000000000000e+00 4.100000000000000533e+00
-1.772977621458070807e+00 -9.234371873132328767e-01 0.000000000000000000e+00 -9.812598362024971266e-02 5.502424283823303952e-02 0.000000000000000000e+00 4.200000000000000178e+00
-1.782746450336437194e+00 -9.196527546332874392e-01 0.000000000000000000e+00 -9.768828878366386803e-02 3.784432679945437528e-02 0.000000000000000000e+00 4.299999999999999822e+00
-1.792264563248400888e+00 -9.257091491515179182e-01 0.000000000000000000e+00 -9.518112911963694245e-02 -6.056394518230479029e-02 0.000000000000000000e+00 4.400000000000000355e+00
-1.801782676160364582e+00 -9.317655436697485083e-01 0.000000000000000000e+00 -9.518112911963694245e-02 -6.056394518230590052e-02 0.000000000000000000e+00 4.500000000000000000e+00
-1.811300789072328499e+00 -9.378219381879789873e-01 0.000000000000000000e+00 -9.518112911963916289e-02 -6.056394518230479029e-02 0.000000000000000000e+00 4.600000000000000533e+00
-1.820818901984292193e+00 -9.438783327062094664e-01 0.000000000000000000e+00 -9.518112911963694245e-02 -6.056394518230479029e-02 0.000000000000000000e+00 4.700000000000000178e+00
-1.831077515091704022e+00 -9.538476306231327140e-01 0.000000000000000000e+00 -1.025861310741182919e-01 -9.969297916923247627e-02 0.000000000000000000e+00 4.800000000000000711e+00
-1.841585030479437890e+00 -9.651321619250050610e-01 0.000000000000000000e+00 -1.050751538773386784e-01 -1.128453130187234699e-01 0.000000000000000000e+00 4.900000000000000355e+00
-1.852092545867171758e+00 -9.764166932268772969e-01 0.000000000000000000e+00 -1.050751538773386784e-01 -1.128453130187223596e-01 0.000000000000000000e+00 5.000000000000000000e+00
-1.862600061254905626e+00 -9.877012245287496439e-01 0.000000000000000000e+00 -1.050751538773386784e-01 -1.128453130187234699e-01 0.000000000000000000e+00 5.100000000000000533e+00
-1.873383903610921219e+00 -1.000612843277785879e+00 0.000000000000000000e+00 -1.078384235601559382e-01 -1.291161874903623552e-01 0.000000000000000000e+00 5.200000000000000178e+00
-1.884654206942125487e+00 -1.016388874976401846e+00 0.000000000000000000e+00 -1.127030333120426775e-01 -1.577603169861596655e-01 0.000000000000000000e+00 5.300000000000000711e+00
-1.895924510273329977e+00 -1.032164906675017813e+00 0.000000000000000000e+00 -1.127030333120448979e-01 -1.577603169861596655e-01 0.000000000000000000e+00 5.400000000000000355e+00
-1.907194813604534245e+00 -1.047940938373633779e+00 0.000000000000000000e+00 -1.127030333120426775e-01 -1.577603169861596655e-01 0.000000000000000000e+00 5.500000000000000000e+00
-1.918465116935738513e+00 -1.063716970072249524e+00 0.000000000000000000e+00 -1.127030333120426775e-01 -1.577603169861574450e-01 0.000000000000000000e+00 5.600000000000000533e+00
-1.930259769964775884e+00 -1.080673878959134138e+00 0.000000000000000000e+00 -1.179465302903737189e-01 -1.695690888688461406e-01 0.000000000000000000e+00 5.700000000000000178e+00
-1.943029010599078177e+00 -1.099825636581095445e+00 0.000000000000000000e+00 -1.276924063430229239e-01 -1.915175762196130727e-01 0.000000000000000000e+00 5.800000000000000711e+00
-1.955798251233380469e+00 -1.118977394203056530e+00 0.000000000000000000e+00 -1.276924063430229239e-01 -1.915175762196108522e-01 0.000000000000000000e+00 5.900000000000000355e+00
-1.968567491867682762e+00 -1.138129151825017837e+00 0.000000000000000000e+00 -1.276924063430229239e-01 -1.915175762196130727e-01 0.000000000000000000e+00 6.000000000000000000e+00
-1.981336732501985054e+00 -1.157280909446978923e+00 0.000000000000000000e+00 -1.276924063430229239e-01 -1.915175762196108522e-01 0.000000000000000000e+00 6.100000000000000533e+00
-1.994105973136287124e+00 -1.176432667068940230e+00 0.000000000000000000e+00 -1.276924063430207035e-01 -1.915175762196130727e-01 0.000000000000000000e+00 6.200000000000000178e+00
-2.006023296298377279e+00 -1.194864717427294609e+00 0.000000000000000000e+00 -1.191732316209015430e-01 -1.843205035835437933e-01 0.000000000000000000e+00 6.300000000000000711e+00
-2.017852052532168816e+00 -1.213221945677062985e+00 0.000000000000000000e+00 -1.182875623379153751e-01 -1.835722824976837586e-01 0.000000000000000000e+00 6.400000000000000355e+00
-2.029680808765959910e+00 -1.231579173926831583e+00 0.000000000000000000e+00 -1.182875623379109342e-01 -1.835722824976859791e-01 0.000000000000000000e+00 6.500000000000000000e+00
-2.041509564999751003e+00 -1.249936402176599959e+00 0.000000000000000000e+00 -1.182875623379109342e-01 -1.835722824976837586e-01 0.000000000000000000e+00 6.600000000000000533e+00
-2.053338321233542096e+00 -1.268293630426368557e+00 0.000000000000000000e+00 -1.182875623379109342e-01 -1.835722824976859791e-01 0.000000000000000000e+00 6.700000000000000178e+00
-2.064805224865454925e+00 -1.286189341425322930e+00 0.000000000000000000e+00 -1.146690363191282813e-01 -1.789571099895437278e-01 0.000000000000000000e+00 6.800000000000000711e+00
-2.076230146468279081e+00 -1.304031507332856110e+00 0.000000000000000000e+00 -1.142492160282415625e-01 -1.784216590753318066e-01 0.000000000000000000e+00 6.900000000000000355e+00
-2.087655068071103681e+00 -1.321873673240389291e+00 0.000000000000000000e+00 -1.142492160282460034e-01 -1.784216590753318066e-01 0.000000000000000000e+00 7.000000000000000000e+00
-2.099079989673927837e+00 -1.339715839147922694e+00 0.000000000000000000e+00 -1.142492160282415625e-01 -1.784216590753340270e-01 0.000000000000000000e+00 7.100000000000000533e+00
-2.110500569664052417e+00 -1.357550206034462192e+00 0.000000000000000000e+00 -1.142057999012457969e-01 -1.783436688653949886e-01 0.000000000000000000e+00 7.200000000000000178e+00
-2.121293567867725827e+00 -1.374257221435272847e+00 0.000000000000000000e+00 -1.079299820367340956e-01 -1.670701540081065417e-01 0.000000000000000000e+00 7.300000000000000711e+00
-2.132086566071399236e+00 -1.390964236836083279e+00 0.000000000000000000e+00 -1.079299820367340956e-01 -1.670701540081043213e-01 0.000000000000000000e+00 7.400000000000000355e+00
-2.142879564275072646e+00 -1.407671252236893711e+00 0.000000000000000000e+00 -1.079299820367340956e-01 -1.670701540081043213e-01 0.000000000000000000e+00 7.500000000000000000e+00
-2.153672562478746055e+00 -1.424378267637704143e+00 0.000000000000000000e+00 -1.079299820367340956e-01 -1.670701540081043213e-01 0.000000000000000000e+00 7.600000000000000533e+00
-2.164942515719673999e+00 -1.441496056595066522e+00 0.000000000000000000e+00 -1.126995324092794348e-01 -1.711778895736237871e-01 0.000000000000000000e+00 7.700000000000000178e+00
-2.176891040125653376e+00 -1.459198259321168756e+00 0.000000000000000000e+00 -1.194852440597937715e-01 -1.770220272610223411e-01 0.000000000000000000e+00 7.800000000000000711e+00
-2.188839564531632753e+00 -1.476900462047271212e+00 0.000000000000000000e+00 -1.194852440597937715e-01 -1.770220272610245615e-01 0.000000000000000000e+00 7.900000000000000355e+00
-2.200788088937611686e+00 -1.494602664773373446e+00 0.000000000000000000e+00 -1.194852440597893306e-01 -1.770220272610223411e-01 0.000000000000000000e+00 8.000000000000000000e+00
-2.212736613343591063e+00 -1.512304867499475680e+00 0.000000000000000000e+00 -1.194852440597937715e-01 -1.770220272610223411e-01 0.000000000000000000e+00 8.099999999999999645e+00
-2.224537286476518716e+00 -1.529898239073548938e+00 0.000000000000000000e+00 -1.180067313292765263e-01 -1.759337157407325769e-01 0.000000000000000000e+00 8.200000000000001066e+00
-2.234989743190751277e+00 -1.546499208330057273e+00 0.000000000000000000e+00 -1.045245671423256084e-01 -1.660096925650833555e-01 0.000000000000000000e+00 8.300000000000000711e+00
-2.245442199904983394e+00 -1.563100177586565387e+00 0.000000000000000000e+00 -1.045245671423211675e-01 -1.660096925650811350e-01 0.000000000000000000e+00 8.400000000000000355e+00
-2.255894656619215954e+00 -1.579701146843073722e+00 0.000000000000000000e+00 -1.045245671423256084e-01 -1.660096925650833555e-01 0.000000000000000000e+00 8.500000000000000000e+00
-2.266347113333448515e+00 -1.596302116099582058e+00 0.000000000000000000e+00 -1.045245671423256084e-01 -1.660096925650833555e-01 0.000000000000000000e+00 8.599999999999999645e+00
-2.276777822624376668e+00 -1.612538778590076882e+00 0.000000000000000000e+00 -1.043070929092815291e-01 -1.623666249049482424e-01 0.000000000000000000e+00 8.700000000000001066e+00
-2.287187751323954465e+00 -1.628427330413637186e+00 0.000000000000000000e+00 -1.040992869957779732e-01 -1.588855182356030404e-01 0.000000000000000000e+00 8.800000000000000711e+00
-2.297597680023532263e+00 -1.644315882237197712e+00 0.000000000000000000e+00 -1.040992869957779732e-01 -1.588855182356052609e-01 0.000000000000000000e+00 8.900000000000000355e+00
-2.308007608723110060e+00 -1.660204434060758238e+00 0.000000000000000000e+00 -1.040992869957779732e-01 -1.588855182356052609e-01 0.000000000000000000e+00 9.000000000000000000e+00
-2.318417177037177979e+00 -1.676075513432939257e+00 0.000000000000000000e+00 -1.040956831406791849e-01 -1.587107937218101839e-01 0.000000000000000000e+00 9.099999999999999645e+00
-2.328803625573910185e+00 -1.690825684293825848e+00 0.000000000000000000e+00 -1.038644853673220680e-01 -1.475017086088659113e-01 0.000000000000000000e+00 9.200000000000001066e+00
-2.339190074110641948e+00 -1.705575855154712661e+00 0.000000000000000000e+00 -1.038644853673176272e-01 -1.475017086088681317e-01 0.000000000000000000e+00 9.300000000000000711e+00
-2.349576522647374155e+00 -1.720326026015599252e+00 0.000000000000000000e+00 -1.038644853673220680e-01 -1.475017086088659113e-01 0.000000000000000000e+00 9.400000000000000355e+00
-2.359962971184106362e+00 -1.735076196876486065e+00 0.000000000000000000e+00 -1.038644853673220680e-01 -1.475017086088681317e-01 0.000000000000000000e+00 9.500000000000000000e+00
-2.370196687571201277e+00 -1.750322050642184823e+00 0.000000000000000000e+00 -1.023371638709491549e-01 -1.524585376569875805e-01 0.000000000000000000e+00 9.600000000000001421e+00
-2.380370080418245493e+00 -1.765763680789162793e+00 0.000000000000000000e+00 -1.017339284704421587e-01 -1.544163014697796932e-01 0.000000000000000000e+00 9.700000000000001066e+00
-2.390543473265289709e+00 -1.781205310936140762e+00 0.000000000000000000e+00 -1.017339284704421587e-01 -1.544163014697796932e-01 0.000000000000000000e+00 9.800000000000000711e+00
-2.400716866112333925e+00 -1.796646941083118731e+00 0.000000000000000000e+00 -1.017339284704421587e-01 -1.544163014697796932e-01 0.000000000000000000e+00 9.900000000000000355e+00
-2.410787005748371126e+00 -1.811875822663219004e+00 0.000000000000000000e+00 -1.007013963603720086e-01 -1.522888158010027304e-01 0.000000000000000000e+00 1.000000000000000000e+01
-2.420656550620632785e+00 -1.826691387813734524e+00 0.000000000000000000e+00 -9.869544872261659663e-02 -1.481556515051551948e-01 0.000000000000000000e+00 1.010000000000000142e+01
-2.430526095492894001e+00 -1.841506952964250043e+00 0.000000000000000000e+00 -9.869544872261215573e-02 -1.481556515051551948e-01 0.000000000000000000e+00 1.020000000000000107e+01
-2.440395640365155661e+00 -1.856322518114765563e+00 0.000000000000000000e+00 -9.869544872261659663e-02 -1.481556515051551948e-01 0.000000000000000000e+00 1.030000000000000071e+01
-2.450113128106072846e+00 -1.871048480126671798e+00 0.000000000000000000e+00 -9.717487740917185590e-02 -1.472596201190623511e-01 0.000000000000000000e+00 1.040000000000000036e+01
-2.458911547155381072e+00 -1.885232859914595327e+00 0.000000000000000000e+00 -8.798419049308225937e-02 -1.418437978792352894e-01 0.000000000000000000e+00 1.050000000000000000e+01
-2.467709966204689298e+00 -1.899417239702519078e+00 0.000000000000000000e+00 -8.798419049308225937e-02 -1.418437978792375098e-01 0.000000000000000000e+00 1.060000000000000142e+01
-2.476508385253997968e+00 -1.913601619490442607e+00 0.000000000000000000e+00 -8.798419049308670026e-02 -1.418437978792352894e-01 0.000000000000000000e+00 1.070000000000000107e+01
-2.484857882145367292e+00 -1.927830343104197874e+00 0.000000000000000000e+00 -8.349496891369323492e-02 -1.422872361375526751e-01 0.000000000000000000e+00 1.080000000000000071e+01
-2.487097941885363817e+00 -1.942662547326290623e+00 0.000000000000000000e+00 -2.240059739996524968e-02 -1.483220422209274858e-01 0.000000000000000000e+00 1.090000000000000036e+01
-2.489338001625360786e+00 -1.957494751548383594e+00 0.000000000000000000e+00 -2.240059739996969057e-02 -1.483220422209297062e-01 0.000000000000000000e+00 1.100000000000000000e+01
-2.491578061365357311e+00 -1.972326955770476564e+00 0.000000000000000000e+00 -2.240059739996524968e-02 -1.483220422209297062e-01 0.000000000000000000e+00 1.110000000000000142e+01
-2.493818121105353836e+00 -1.987159159992569535e+00 0.000000000000000000e+00 -2.240059739996524968e-02 -1.483220422209297062e-01 0.000000000000000000e+00 1.120000000000000107e+01
-2.489236744380871613e+00 -1.999579648960409184e+00 0.000000000000000000e+00 4.581376724482222329e-02 -1.242048896783964906e-01 0.000000000000000000e+00 1.130000000000000071e+01
-2.477869057506529860e+00 -2.009600841563951246e+00 0.000000000000000000e+00 1.136768687434175362e-01 -1.002119260354206176e-01 0.000000000000000000e+00 1.140000000000000036e+01
-2.466501370632188106e+00 -2.019622034167493307e+00 0.000000000000000000e+00 1.136768687434175362e-01 -1.002119260354206176e-01 0.000000000000000000e+00 1.150000000000000000e+01
-2.455133683757845908e+00 -2.029643226771035813e+00 0.000000000000000000e+00 1.136768687434219771e-01 -1.002119260354250585e-01 0.000000000000000000e+00 1.160000000000000142e+01
-2.443552372406280870e+00 -2.039493758007322022e+00 0.000000000000000000e+00 1.158131135156503788e-01 -9.850531236286208525e-02 0.000000000000000000e+00 1.170000000000000107e+01
-2.427259020411151269e+00 -2.045579911166491627e+00 0.000000000000000000e+00 1.629335199512960131e-01 -6.086153159169604976e-02 0.000000000000000000e+00 1.180000000000000071e+01
-2.410965668416022112e+00 -2.051666064325661232e+00 0.000000000000000000e+00 1.629335199512915722e-01 -6.086153159169604976e-02 0.000000000000000000e+00 1.190000000000000036e+01
-2.394672316420892955e+00 -2.057752217484830837e+00 0.000000000000000000e+00 1.629335199512915722e-01 -6.086153159169604976e-02 0.000000000000000000e+00 1.200000000000000000e+01
-2.378378964425763797e+00 -2.063838370644000442e+00 0.000000000000000000e+00 1.629335199512915722e-01 -6.086153159169604976e-02 0.000000000000000000e+00 1.210000000000000142e+01
-2.361058530210276007e+00 -2.069431700589309919e+00 0.000000000000000000e+00 1.732043421548778994e-01 -5.593329945309477580e-02 0.000000000000000000e+00 1.220000000000000107e+01
-2.342681802854023054e+00 -2.074518191091689001e+00 0.000000000000000000e+00 1.837672735625295317e-01 -5.086490502379081846e-02 0.000000000000000000e+00 1.230000000000000071e+01
-2.324305075497770545e+00 -2.079604681594068083e+00 0.000000000000000000e+00 1.837672735625250908e-01 -5.086490502379081846e-02 0.000000000000000000e+00 1.240000000000000036e+01
-2.305928348141518036e+00 -2.084691172096447609e+00 0.000000000000000000e+00 1.837672735625250908e-01 -5.086490502379525935e-02 0.000000000000000000e+00 1.250000000000000000e+01
-2.287509624477506609e+00 -2.089783485718066824e+00 0.000000000000000000e+00 1.841872366401142713e-01 -5.092313621619215525e-02 0.000000000000000000e+00 1.260000000000000142e+01
-2.268119083203279818e+00 -2.095010549514785048e+00 0.000000000000000000e+00 1.939054127422679130e-01 -5.227063796718223188e-02 0.000000000000000000e+00 1.270000000000000107e+01
-2.248728541929053026e+00 -2.100237613311503715e+00 0.000000000000000000e+00 1.939054127422679130e-01 -5.227063796718667277e-02 0.000000000000000000e+00 1.280000000000000071e+01
-2.229338000654826235e+00 -2.105464677108221938e+00 0.000000000000000000e+00 1.939054127422679130e-01 -5.227063796718223188e-02 0.000000000000000000e+00 1.290000000000000036e+01
-2.209947459380599444e+00 -2.110691740904940605e+00 0.000000000000000000e+00 1.939054127422679130e-01 -5.227063796718667277e-02 0.000000000000000000e+00 1.300000000000000000e+01
-2.190531651910343935e+00 -2.115918120778655709e+00 0.000000000000000000e+00 1.941580747025550835e-01 -5.226379873715103486e-02 0.000000000000000000e+00 1.310000000000000142e+01
-2.171065956702535438e+00 -2.121143150256322940e+00 0.000000000000000000e+00 1.946569520780849771e-01 -5.225029477667231248e-02 0.000000000000000000e+00 1.320000000000000107e+01
-2.151600261494726496e+00 -2.126368179733990171e+00 0.000000000000000000e+00 1.946569520780894180e-01 -5.225029477667231248e-02 0.000000000000000000e+00 1.330000000000000071e+01
-2.132134566286917554e+00 -2.131593209211656959e+00 0.000000000000000000e+00 1.946569520780894180e-01 -5.225029477666787159e-02 0.000000000000000000e+00 1.340000000000000036e+01
-2.112668871079109056e+00 -2.136818238689324190e+00 0.000000000000000000e+00 1.946569520780849771e-01 -5.225029477667231248e-02 0.000000000000000000e+00 1.350000000000000000e+01
-2.092914358966879718e+00 -2.142067687449503044e+00 0.000000000000000000e+00 1.975451211222933878e-01 -5.249448760178854201e-02 0.000000000000000000e+00 1.360000000000000142e+01
-2.072993602643955935e+00 -2.147331192050198290e+00 0.000000000000000000e+00 1.992075632292378273e-01 -5.263504600695245728e-02 0.000000000000000000e+00 1.370000000000000107e+01
-2.053072846321032596e+00 -2.152594696650893979e+00 0.000000000000000000e+00 1.992075632292333864e-01 -5.263504600695689817e-02 0.000000000000000000e+00 1.380000000000000071e+01
-2.033152089998108814e+00 -2.157858201251589225e+00 0.000000000000000000e+00 1.992075632292378273e-01 -5.263504600695245728e-02 0.000000000000000000e+00 1.390000000000000036e+01
-2.013231333675185031e+00 -2.163121705852284471e+00 0.000000000000000000e+00 1.992075632292378273e-01 -5.263504600695245728e-02 0.000000000000000000e+00 1.400000000000000000e+01
-1.995170128621672534e+00 -2.167967189723132293e+00 0.000000000000000000e+00 1.806120505351249683e-01 -4.845483870847822061e-02 0.000000000000000000e+00 1.410000000000000142e+01
-1.977544886270298896e+00 -2.172714670677937221e+00 0.000000000000000000e+00 1.762524235137363782e-01 -4.747480954804927933e-02 0.000000000000000000e+00 1.420000000000000107e+01
-1.959919643918925036e+00 -2.177462151632741705e+00 0.000000000000000000e+00 1.762524235137385986e-01 -4.747480954804483844e-02 0.000000000000000000e+00 1.430000000000000071e+01
-1.942294401567551176e+00 -2.182209632587546189e+00 0.000000000000000000e+00 1.762524235137385986e-01 -4.747480954804483844e-02 0.000000000000000000e+00 1.440000000000000036e+01
-1.923855965464486451e+00 -2.186926937892565981e+00 0.000000000000000000e+00 1.843843610306472591e-01 -4.717305305019792172e-02 0.000000000000000000e+00 1.450000000000000000e+01
-1.904843354952942436e+00 -2.191622936976491687e+00 0.000000000000000000e+00 1.901261051154401471e-01 -4.695999083925705975e-02 0.000000000000000000e+00 1.460000000000000142e+01
-1.885830744441398421e+00 -2.196318936060417393e+00 0.000000000000000000e+00 1.901261051154401471e-01 -4.695999083925705975e-02 0.000000000000000000e+00 1.470000000000000107e+01
-1.866818133929854406e+00 -2.201014935144343099e+00 0.000000000000000000e+00 1.901261051154401471e-01 -4.695999083925705975e-02 0.000000000000000000e+00 1.480000000000000071e+01
-1.847806131391013906e+00 -2.205710855372040147e+00 0.000000000000000000e+00 1.901200253884050007e-01 -4.695920227697047977e-02 0.000000000000000000e+00 1.490000000000000036e+01
-1.829952798561919058e+00 -2.210256492004177620e+00 0.000000000000000000e+00 1.785333282909484787e-01 -4.545636632137473043e-02 0.000000000000000000e+00 1.500000000000000000e+01
-1.812099465732824433e+00 -2.214802128636315093e+00 0.000000000000000000e+00 1.785333282909462582e-01 -4.545636632137473043e-02 0.000000000000000000e+00 1.510000000000000142e+01
-1.794246132903729807e+00 -2.219347765268452122e+00 0.000000000000000000e+00 1.785333282909462582e-01 -4.545636632137028954e-02 0.000000000000000000e+00 1.520000000000000107e+01
-1.776392800074635181e+00 -2.223893401900589595e+00 0.000000000000000000e+00 1.785333282909462582e-01 -4.545636632137473043e-02 0.000000000000000000e+00 1.530000000000000071e+01
-1.757701680283904722e+00 -2.228396497205467064e+00 0.000000000000000000e+00 1.869111979073045937e-01 -4.503095304877469118e-02 0.000000000000000000e+00 1.540000000000000036e+01
-1.738641486139257841e+00 -2.232880851573098457e+00 0.000000000000000000e+00 1.906019414464688033e-01 -4.484354367631393501e-02 0.000000000000000000e+00 1.550000000000000000e+01
-1.719581291994610961e+00 -2.237365205940730295e+00 0.000000000000000000e+00 1.906019414464688033e-01 -4.484354367631837590e-02 0.000000000000000000e+00 1.560000000000000142e+01
-1.700521097849964081e+00 -2.241849560308361688e+00 0.000000000000000000e+00 1.906019414464688033e-01 -4.484354367631393501e-02 0.000000000000000000e+00 1.570000000000000107e+01
-1.681347563310650495e+00 -2.246194024748416229e+00 0.000000000000000000e+00 1.917353453931358587e-01 -4.344464440054540688e-02 0.000000000000000000e+00 1.580000000000000071e+01
-1.660743968824548000e+00 -2.248773443434261221e+00 0.000000000000000000e+00 2.060359448610249444e-01 -2.579418685844991899e-02 0.000000000000000000e+00 1.590000000000000036e+01
-1.640140374338445506e+00 -2.251352862120105769e+00 0.000000000000000000e+00 2.060359448610249444e-01 -2.579418685844547809e-02 0.000000000000000000e+00 1.600000000000000000e+01
-1.619536779852343011e+00 -2.253932280805950317e+00 0.000000000000000000e+00 2.060359448610249444e-01 -2.579418685844547809e-02 0.000000000000000000e+00 1.610000000000000142e+01
-1.598933185366240073e+00 -2.256511699491795309e+00 0.000000000000000000e+00 2.060359448610293853e-01 -2.579418685844991899e-02 0.000000000000000000e+00 1.619999999999999929e+01
-1.578326223480654544e+00 -2.258803470089915777e+00 0.000000000000000000e+00 2.060696188558552855e-01 -2.291770598120468350e-02 0.000000000000000000e+00 1.630000000000000071e+01
-1.557628510817608669e+00 -2.253343179273870067e+00 0.000000000000000000e+00 2.069771266304587520e-01 5.460290816045709761e-02 0.000000000000000000e+00 1.640000000000000213e+01
-1.536930798154562572e+00 -2.247882888457824357e+00 0.000000000000000000e+00 2.069771266304609725e-01 5.460290816045709761e-02 0.000000000000000000e+00 1.650000000000000000e+01
-1.516233085491516697e+00 -2.242422597641779092e+00 0.000000000000000000e+00 2.069771266304587520e-01 5.460290816045265672e-02 0.000000000000000000e+00 1.660000000000000142e+01
-1.495535372828470821e+00 -2.236962306825733382e+00 0.000000000000000000e+00 2.069771266304587520e-01 5.460290816045709761e-02 0.000000000000000000e+00 1.669999999999999929e+01
-1.474735876181092031e+00 -2.231370544244024590e+00 0.000000000000000000e+00 2.079949664737879012e-01 5.591762581708792368e-02 0.000000000000000000e+00 1.680000000000000071e+01
-1.452384676504540506e+00 -2.223774486601880707e+00 0.000000000000000000e+00 2.235119967655152529e-01 7.596057642143883015e-02 0.000000000000000000e+00 1.690000000000000213e+01
-1.430033476827988981e+00 -2.216178428959736824e+00 0.000000000000000000e+00 2.235119967655152529e-01 7.596057642143883015e-02 0.000000000000000000e+00 1.700000000000000000e+01
-1.407682277151437233e+00 -2.208582371317592941e+00 0.000000000000000000e+00 2.235119967655174733e-01 7.596057642143883015e-02 0.000000000000000000e+00 1.710000000000000142e+01
-1.385331077474885930e+00 -2.200986313675448613e+00 0.000000000000000000e+00 2.235119967655130324e-01 7.596057642144327104e-02 0.000000000000000000e+00 1.719999999999999929e+01
-1.362979877798334183e+00 -2.193390256033304730e+00 0.000000000000000000e+00 2.235119967655174733e-01 7.596057642143883015e-02 0.000000000000000000e+00 1.730000000000000071e+01
-1.341273861976684412e+00 -2.186617787158317672e+00 0.000000000000000000e+00 2.170601582164977117e-01 6.772468874987058740e-02 0.000000000000000000e+00 1.740000000000000213e+01
-1.319953255491895794e+00 -2.180337300217138896e+00 0.000000000000000000e+00 2.132060648478861786e-01 6.280486941178775595e-02 0.000000000000000000e+00 1.750000000000000000e+01
-1.298632649007107176e+00 -2.174056813275960121e+00 0.000000000000000000e+00 2.132060648478861786e-01 6.280486941178775595e-02 0.000000000000000000e+00 1.760000000000000142e+01
-1.277312042522318558e+00 -2.167776326334781345e+00 0.000000000000000000e+00 2.132060648478861786e-01 6.280486941178775595e-02 0.000000000000000000e+00 1.769999999999999929e+01
-1.255991436037529940e+00 -2.161495839393603013e+00 0.000000000000000000e+00 2.132060648478861786e-01 6.280486941178331506e-02 0.000000000000000000e+00 1.780000000000000071e+01
-1.235259474087375464e+00 -2.155440317625893165e+00 0.000000000000000000e+00 2.073196195015447607e-01 6.055521767709848291e-02 0.000000000000000000e+00 1.790000000000000213e+01
-1.215826796072014160e+00 -2.149881349582169143e+00 0.000000000000000000e+00 1.943267801536130435e-01 5.558968043724021868e-02 0.000000000000000000e+00 1.800000000000000000e+01
-1.196394118056652855e+00 -2.144322381538445121e+00 0.000000000000000000e+00 1.943267801536130435e-01 5.558968043724021868e-02 0.000000000000000000e+00 1.810000000000000142e+01
-1.176961440041291329e+00 -2.138763413494720655e+00 0.000000000000000000e+00 1.943267801536152639e-01 5.558968043724465957e-02 0.000000000000000000e+00 1.819999999999999929e+01
-1.157528762025930025e+00 -2.133204445450996634e+00 0.000000000000000000e+00 1.943267801536130435e-01 5.558968043724021868e-02 0.000000000000000000e+00 1.830000000000000071e+01
-1.138738474698367087e+00 -2.128011930308499000e+00 0.000000000000000000e+00 1.879028732756293785e-01 5.192515142497633462e-02 0.000000000000000000e+00 1.840000000000000213e+01
-1.120612026529168581e+00 -2.123198103385103064e+00 0.000000000000000000e+00 1.812644816919850577e-01 4.813826923395936319e-02 0.000000000000000000e+00 1.850000000000000000e+01
-1.102485578359970297e+00 -2.118384276461707572e+00 0.000000000000000000e+00 1.812644816919828372e-01 4.813826923395492230e-02 0.000000000000000000e+00 1.860000000000000142e+01
-1.084359130190772014e+00 -2.113570449538312079e+00 0.000000000000000000e+00 1.812644816919828372e-01 4.813826923395492230e-02 0.000000000000000000e+00 1.869999999999999929e+01
-1.066304199599691804e+00 -2.108962134489777096e+00 0.000000000000000000e+00 1.805493059108020937e-01 4.608315048534983305e-02 0.000000000000000000e+00 1.880000000000000071e+01
-1.050325029506248065e+00 -2.110318694690884733e+00 0.000000000000000000e+00 1.597917009344373973e-01 -1.356560201107637198e-02 0.000000000000000000e+00 1.890000000000000213e+01
-1.034345859412804547e+00 -2.111675254891992370e+00 0.000000000000000000e+00 1.597917009344351769e-01 -1.356560201107637198e-02 0.000000000000000000e+00 1.900000000000000000e+01
-1.018366689319361029e+00 -2.113031815093099564e+00 0.000000000000000000e+00 1.597917009344351769e-01 -1.356560201107193109e-02 0.000000000000000000e+00 1.910000000000000142e+01
-1.002387519225917289e+00 -2.114388375294207201e+00 0.000000000000000000e+00 1.597917009344373973e-01 -1.356560201107637198e-02 0.000000000000000000e+00 1.920000000000000284e+01
-9.881020917024323502e-01 -2.121906057493818221e+00 0.000000000000000000e+00 1.428542752348493927e-01 -7.517682199611019911e-02 0.000000000000000000e+00 1.930000000000000071e+01
-9.744601228371509993e-01 -2.131764371241871014e+00 0.000000000000000000e+00 1.364196886528135089e-01 -9.858313748052793812e-02 0.000000000000000000e+00 1.940000000000000213e+01
-9.608181539718696484e-01 -2.141622684989923808e+00 0.000000000000000000e+00 1.364196886528135089e-01 -9.858313748052793812e-02 0.000000000000000000e+00 1.950000000000000000e+01
-9.471761851065881865e-01 -2.151480998737977046e+00 0.000000000000000000e+00 1.364196886528146191e-01 -9.858313748053237902e-02 0.000000000000000000e+00 1.960000000000000142e+01
-9.340114716058789401e-01 -2.163139786942060994e+00 0.000000000000000000e+00 1.316471350070924640e-01 -1.165878820408394745e-01 0.000000000000000000e+00 1.970000000000000284e+01
-9.214506409662417408e-01 -2.177076759419191099e+00 0.000000000000000000e+00 1.256083063963719937e-01 -1.393697247713010512e-01 0.000000000000000000e+00 1.980000000000000071e+01
-9.088898103266045414e-01 -2.191013731896321204e+00 0.000000000000000000e+00 1.256083063963719937e-01 -1.393697247713010512e-01 0.000000000000000000e+00 1.990000000000000213e+01
-8.963289796869673420e-01 -2.204950704373451309e+00 0.000000000000000000e+00 1.256083063963719937e-01 -1.393697247713010512e-01 0.000000000000000000e+00 2.000000000000000000e+01
-8.837681490473301427e-01 -2.218887676850581414e+00 0.000000000000000000e+00 1.256083063963719937e-01 -1.393697247713010512e-01 0.000000000000000000e+00 2.010000000000000142e+01
-8.709814080212709975e-01 -2.231372642878076906e+00 0.000000000000000000e+00 1.278674102605914520e-01 -1.248496602749549211e-01 0.000000000000000000e+00 2.020000000000000284e+01
-8.581669554250745957e-01 -2.243679496782415850e+00 0.000000000000000000e+00 1.281445259619640176e-01 -1.230685390433894355e-01 0.000000000000000000e+00 2.030000000000000071e+01
-8.453525028288781940e-01 -2.255986350686754793e+00 0.000000000000000000e+00 1.281445259619640176e-01 -1.230685390433894355e-01 0.000000000000000000e+00 2.040000000000000213e+01
-8.325380502326819032e-01 -2.268293204591093737e+00 0.000000000000000000e+00 1.281445259619629073e-01 -1.230685390433894355e-01 0.000000000000000000e+00 2.050000000000000000e+01
-8.196013646850934808e-01 -2.277037359256322890e+00 0.000000000000000000e+00 1.293668554758842237e-01 -8.744154665229153522e-02 0.000000000000000000e+00 2.060000000000000142e+01
-8.065817984738490320e-01 -2.283365807894808253e+00 0.000000000000000000e+00 1.301956621124444879e-01 -6.328448638485362210e-02 0.000000000000000000e+00 2.070000000000000284e+01
-7.935622322626046943e-01 -2.289694256533293615e+00 0.000000000000000000e+00 1.301956621124433777e-01 -6.328448638485362210e-02 0.000000000000000000e+00 2.080000000000000071e+01
-7.805426660513602455e-01 -2.296022705171778533e+00 0.000000000000000000e+00 1.301956621124444879e-01 -6.328448638484918121e-02 0.000000000000000000e+00 2.090000000000000213e+01
-7.667787301923956189e-01 -2.298247150958818708e+00 0.000000000000000000e+00 1.376393585896462657e-01 -2.224445787040174594e-02 0.000000000000000000e+00 2.100000000000000000e+01
-7.518550074614875900e-01 -2.294077235229235789e+00 0.000000000000000000e+00 1.492372273090802892e-01 4.169915729582918118e-02 0.000000000000000000e+00 2.110000000000000142e+01
-7.369312847305796721e-01 -2.289907319499652871e+00 0.000000000000000000e+00 1.492372273090791790e-01 4.169915729582918118e-02 0.000000000000000000e+00 2.120000000000000284e+01
-7.220075619996716432e-01 -2.285737403770069953e+00 0.000000000000000000e+00 1.492372273090802892e-01 4.169915729582918118e-02 0.000000000000000000e+00 2.130000000000000071e+01
-7.073689429569502973e-01 -2.278166508510742094e+00 0.000000000000000000e+00 1.463861904272134584e-01 7.570895259327858895e-02 0.000000000000000000e+00 2.140000000000000213e+01
-6.929834653396519384e-01 -2.267575909046710692e+00 0.000000000000000000e+00 1.438547761729835894e-01 1.059059946403140273e-01 0.000000000000000000e+00 2.150000000000000000e+01
-6.785979877223535794e-01 -2.256985309582679289e+00 0.000000000000000000e+00 1.438547761729835894e-01 1.059059946403140273e-01 0.000000000000000000e+00 2.160000000000000142e+01
-6.642125101050551095e-01 -2.246394710118647886e+00 0.000000000000000000e+00 1.438547761729846997e-01 1.059059946403140273e-01 0.000000000000000000e+00 2.170000000000000284e+01
-6.495632553244731211e-01 -2.235143425292138719e+00 0.000000000000000000e+00 1.464925478058198838e-01 1.125128482650916695e-01 0.000000000000000000e+00 2.180000000000000071e+01
-6.341885149658230691e-01 -2.222075009307831195e+00 0.000000000000000000e+00 1.537474035865005195e-01 1.306841598430752427e-01 0.000000000000000000e+00 2.190000000000000213e+01
-6.188137746071729062e-01 -2.209006593323523671e+00 0.000000000000000000e+00 1.537474035865016297e-01 1.306841598430752427e-01 0.000000000000000000e+00 2.200000000000000000e+01
-6.034390342485228542e-01 -2.195938177339216146e+00 0.000000000000000000e+00 1.537474035865005195e-01 1.306841598430752427e-01 0.000000000000000000e+00 2.210000000000000142e+01
-5.880642938898728023e-01 -2.182869761354908622e+00 0.000000000000000000e+00 1.537474035865005195e-01 1.306841598430752427e-01 0.000000000000000000e+00 2.220000000000000284e+01
-5.715466785167077068e-01 -2.169136816471611162e+00 0.000000000000000000e+00 1.651761537316509543e-01 1.373294488329745988e-01 0.000000000000000000e+00 2.230000000000000071e+01
-5.537927401071710554e-01 -2.154685006991816643e+00 0.000000000000000000e+00 1.775393840953665148e-01 1.445180947979451958e-01 0.000000000000000000e+00 2.240000000000000213e+01
-5.360388016976344039e-01 -2.140233197512022123e+00 0.000000000000000000e+00 1.775393840953665148e-01 1.445180947979451958e-01 0.000000000000000000e+00 2.250000000000000000e+01
-5.182848632880977524e-01 -2.125781388032227159e+00 0.000000000000000000e+00 1.775393840953665148e-01 1.445180947979496366e-01 0.000000000000000000e+00 2.260000000000000142e+01
-5.005309248785611009e-01 -2.111329578552432640e+00 0.000000000000000000e+00 1.775393840953665148e-01 1.445180947979451958e-01 0.000000000000000000e+00 2.270000000000000284e+01
-4.827769864690245050e-01 -2.096877769072638120e+00 0.000000000000000000e+00 1.775393840953659597e-01 1.445180947979451958e-01 0.000000000000000000e+00 2.280000000000000071e+01
-4.671089028083208472e-01 -2.084323469991115729e+00 0.000000000000000000e+00 1.566808366070365777e-01 1.255429908152239094e-01 0.000000000000000000e+00 2.290000000000000213e+01
-4.514634514147727318e-01 -2.071789759573443135e+00 0.000000000000000000e+00 1.564545139354811543e-01 1.253371041767259442e-01 0.000000000000000000e+00 2.300000000000000000e+01
-4.358180000212246163e-01 -2.059256049155770985e+00 0.000000000000000000e+00 1.564545139354811543e-01 1.253371041767215033e-01 0.000000000000000000e+00 2.310000000000000142e+01
-4.201725486276764454e-01 -2.046722338738098390e+00 0.000000000000000000e+00 1.564545139354817094e-01 1.253371041767259442e-01 0.000000000000000000e+00 2.320000000000000284e+01
-4.049328152291784555e-01 -2.034528111594978483e+00 0.000000000000000000e+00 1.523973339849798991e-01 1.219422714311990674e-01 0.000000000000000000e+00 2.330000000000000071e+01
-3.903946626235541006e-01 -2.022920930005256857e+00 0.000000000000000000e+00 1.453815260562435485e-01 1.160718158972162684e-01 0.000000000000000000e+00 2.340000000000000213e+01
-3.758565100179297458e-01 -2.011313748415535230e+00 0.000000000000000000e+00 1.453815260562435485e-01 1.160718158972162684e-01 0.000000000000000000e+00 2.350000000000000000e+01
-3.613183574123053909e-01 -1.999706566825813381e+00 0.000000000000000000e+00 1.453815260562435485e-01 1.160718158972184888e-01 0.000000000000000000e+00 2.360000000000000142e+01
-3.467802048066810916e-01 -1.988099385236091754e+00 0.000000000000000000e+00 1.453815260562429934e-01 1.160718158972162684e-01 0.000000000000000000e+00 2.370000000000000284e+01
-3.316098933850707420e-01 -1.976012312461964626e+00 0.000000000000000000e+00 1.517031142161034962e-01 1.208707277412712777e-01 0.000000000000000000e+00 2.380000000000000071e+01
-3.164363846764948196e-01 -1.963922812529044215e+00 0.000000000000000000e+00 1.517350870857592238e-01 1.208949993292041114e-01 0.000000000000000000e+00 2.390000000000000213e+01
-3.012628759679188972e-01 -1.951833312596124026e+00 0.000000000000000000e+00 1.517350870857592238e-01 1.208949993292018910e-01 0.000000000000000000e+00 2.400000000000000000e+01
-2.860893672593429748e-01 -1.939743812663203837e+00 0.000000000000000000e+00 1.517350870857592238e-01 1.208949993292018910e-01 0.000000000000000000e+00 2.410000000000000142e+01
-2.703483272956188621e-01 -1.927205964564375984e+00 0.000000000000000000e+00 1.574103996372411274e-01 1.253784809882785289e-01 0.000000000000000000e+00 2.420000000000000284e+01
-2.538728002626095548e-01 -1.914087873655289540e+00 0.000000000000000000e+00 1.647552703300930732e-01 1.311809090908644393e-01 0.000000000000000000e+00 2.430000000000000071e+01
-2.373972732296001920e-01 -1.900969782746203096e+00 0.000000000000000000e+00 1.647552703300936283e-01 1.311809090908644393e-01 0.000000000000000000e+00 2.440000000000000213e+01
-2.209217461965908569e-01 -1.887851691837116652e+00 0.000000000000000000e+00 1.647552703300933508e-01 1.311809090908644393e-01 0.000000000000000000e+00 2.450000000000000000e+01
-2.044462191635815218e-01 -1.874733600928030430e+00 0.000000000000000000e+00 1.647552703300933508e-01 1.311809090908622188e-01 0.000000000000000000e+00 2.460000000000000142e+01
-1.888286576009677031e-01 -1.862307289383714259e+00 0.000000000000000000e+00 1.561756156261381867e-01 1.242631154431617091e-01 0.000000000000000000e+00 2.470000000000000284e+01
-1.741092614675316119e-01 -1.850605170515553954e+00 0.000000000000000000e+00 1.471939613343609121e-01 1.170211886816030500e-01 0.000000000000000000e+00 2.480000000000000071e+01
-1.593898653340955485e-01 -1.838903051647393871e+00 0.000000000000000000e+00 1.471939613343606346e-01 1.170211886816008295e-01 0.000000000000000000e+00 2.490000000000000213e+01
-1.446704692006594573e-01 -1.827200932779233788e+00 0.000000000000000000e+00 1.471939613343609121e-01 1.170211886816008295e-01 0.000000000000000000e+00 2.500000000000000000e+01
-1.300402069250913839e-01 -1.815569681031882210e+00 0.000000000000000000e+00 1.463026227556807335e-01 1.163125174735157863e-01 0.000000000000000000e+00 2.510000000000000142e+01
-1.165075450403288693e-01 -1.804811091832246195e+00 0.000000000000000000e+00 1.353266188476251464e-01 1.075858919963601501e-01 0.000000000000000000e+00 2.520000000000000284e+01
-1.029748831555663408e-01 -1.794052502632610180e+00 0.000000000000000000e+00 1.353266188476252851e-01 1.075858919963601501e-01 0.000000000000000000e+00 2.530000000000000071e+01
-8.944222127080381224e-02 -1.783293913432973943e+00 0.000000000000000000e+00 1.353266188476252851e-01 1.075858919963623705e-01 0.000000000000000000e+00 2.540000000000000213e+01
-7.584524155243008159e-02 -1.772485433670063282e+00 0.000000000000000000e+00 1.359697971837373065e-01 1.080847976291066104e-01 0.000000000000000000e+00 2.550000000000000000e+01
-6.057522007150920040e-02 -1.760379195708079436e+00 0.000000000000000000e+00 1.527002148092088119e-01 1.210623796198384561e-01 0.000000000000000000e+00 2.560000000000000142e+01
-4.530519859058831922e-02 -1.748272957746095591e+00 0.000000000000000000e+00 1.527002148092088119e-01 1.210623796198384561e-01 0.000000000000000000e+00 2.570000000000000284e+01
-3.003517710966743803e-02 -1.736166719784111745e+00 0.000000000000000000e+00 1.527002148092088119e-01 1.210623796198384561e-01 0.000000000000000000e+00 2.580000000000000071e+01
-1.476515562874655685e-02 -1.724060481822127677e+00 0.000000000000000000e+00 1.527002148092088119e-01 1.210623796198406765e-01 0.000000000000000000e+00 2.590000000000000213e+01
6.531851813885766050e-04 -1.712099079253995404e+00 0.000000000000000000e+00 1.541834081013513380e-01 1.196140256813227332e-01 0.000000000000000000e+00 2.600000000000000000e+01
1.625436662570830387e-02 -1.700316222499173247e+00 0.000000000000000000e+00 1.560118144431972553e-01 1.178285675482215744e-01 0.000000000000000000e+00 2.610000000000000142e+01
3.185554807002802247e-02 -1.688533365744351089e+00 0.000000000000000000e+00 1.560118144431971721e-01 1.178285675482215744e-01 0.000000000000000000e+00 2.620000000000000284e+01
4.745672951434774106e-02 -1.676750508989528932e+00 0.000000000000000000e+00 1.560118144431971721e-01 1.178285675482215744e-01 0.000000000000000000e+00 2.630000000000000071e+01
6.305791095866747353e-02 -1.664967652234706774e+00 0.000000000000000000e+00 1.560118144431973108e-01 1.178285675482215744e-01 0.000000000000000000e+00 2.640000000000000213e+01
7.851297490903505483e-02 -1.653375401265458899e+00 0.000000000000000000e+00 1.545506395036758129e-01 1.159225096924787479e-01 0.000000000000000000e+00 2.650000000000000000e+01
9.394559223615724097e-02 -1.641812431227203106e+00 0.000000000000000000e+00 1.543261732712218615e-01 1.156297003825579317e-01 0.000000000000000000e+00 2.660000000000000142e+01
1.093782095632794271e-01 -1.630249461188947535e+00 0.000000000000000000e+00 1.543261732712218615e-01 1.156297003825557113e-01 0.000000000000000000e+00 2.670000000000000284e+01
1.248108268904015994e-01 -1.618686491150691964e+00 0.000000000000000000e+00 1.543261732712217227e-01 1.156297003825557113e-01 0.000000000000000000e+00 2.680000000000000071e+01
1.406845434652425342e-01 -1.606846843580229445e+00 0.000000000000000000e+00 1.587371657484093479e-01 1.183964757046251925e-01 0.000000000000000000e+00 2.690000000000000213e+01
1.573744442073262417e-01 -1.594495248137747456e+00 0.000000000000000000e+00 1.668990074208370755e-01 1.235159544248198848e-01 0.000000000000000000e+00 2.700000000000000000e+01
1.740643449494099770e-01 -1.582143652695265468e+00 0.000000000000000000e+00 1.668990074208373531e-01 1.235159544248198848e-01 0.000000000000000000e+00 2.710000000000000142e+01
1.907542456914936846e-01 -1.569792057252783257e+00 0.000000000000000000e+00 1.668990074208370755e-01 1.235159544248221053e-01 0.000000000000000000e+00 2.720000000000000284e+01
2.074441464335773921e-01 -1.557440461810301269e+00 0.000000000000000000e+00 1.668990074208370755e-01 1.235159544248198848e-01 0.000000000000000000e+00 2.730000000000000071e+01
2.234330421570137615e-01 -1.545624732830495285e+00 0.000000000000000000e+00 1.598889572343636933e-01 1.181572897980598391e-01 0.000000000000000000e+00 2.740000000000000213e+01
2.386861537969019453e-01 -1.534371456334845840e+00 0.000000000000000000e+00 1.525311163988818386e-01 1.125327649564944466e-01 0.000000000000000000e+00 2.750000000000000000e+01
2.539392654367901292e-01 -1.523118179839196396e+00 0.000000000000000000e+00 1.525311163988818386e-01 1.125327649564944466e-01 0.000000000000000000e+00 2.760000000000000142e+01
2.691923770766783131e-01 -1.511864903343546951e+00 0.000000000000000000e+00 1.525311163988818386e-01 1.125327649564944466e-01 0.000000000000000000e+00 2.770000000000000284e+01
2.844957945461035198e-01 -1.500583368362939041e+00 0.000000000000000000e+00 1.530341746942520675e-01 1.128153498060791016e-01 0.000000000000000000e+00 2.780000000000000071e+01
3.008001057139996770e-01 -1.488739597558306649e+00 0.000000000000000000e+00 1.630431116789615720e-01 1.184377080463239196e-01 0.000000000000000000e+00 2.790000000000000213e+01
3.171044168818958897e-01 -1.476895826753674257e+00 0.000000000000000000e+00 1.630431116789621271e-01 1.184377080463239196e-01 0.000000000000000000e+00 2.800000000000000000e+01
3.334087280497920469e-01 -1.465052055949041865e+00 0.000000000000000000e+00 1.630431116789615720e-01 1.184377080463239196e-01 0.000000000000000000e+00 2.810000000000000142e+01
3.497130392176882041e-01 -1.453208285144409473e+00 0.000000000000000000e+00 1.630431116789615720e-01 1.184377080463239196e-01 0.000000000000000000e+00 2.820000000000000284e+01
3.656391341733379874e-01 -1.441648158264400736e+00 0.000000000000000000e+00 1.592609495564978328e-01 1.156012688000873645e-01 0.000000000000000000e+00 2.830000000000000071e+01
3.807744630282943188e-01 -1.430681067835494646e+00 0.000000000000000000e+00 1.513532885495633140e-01 1.096709042890608998e-01 0.000000000000000000e+00 2.840000000000000213e+01
3.959097918832505947e-01 -1.419713977406588556e+00 0.000000000000000000e+00 1.513532885495627589e-01 1.096709042890608998e-01 0.000000000000000000e+00 2.850000000000000000e+01
4.110451207382068706e-01 -1.408746886977682466e+00 0.000000000000000000e+00 1.513532885495627589e-01 1.096709042890608998e-01 0.000000000000000000e+00 2.860000000000000142e+01
4.261804495931631465e-01 -1.397779796548776376e+00 0.000000000000000000e+00 1.513532885495627589e-01 1.096709042890608998e-01 0.000000000000000000e+00 2.870000000000000284e+01
4.422419944056348862e-01 -1.386316696304552343e+00 0.000000000000000000e+00 1.606154481247173971e-01 1.146310024422403373e-01 0.000000000000000000e+00 2.880000000000000071e+01
4.583619161268824294e-01 -1.374822333891386084e+00 0.000000000000000000e+00 1.611992172124754319e-01 1.149436241316625917e-01 0.000000000000000000e+00 2.890000000000000213e+01
4.744818378481299725e-01 -1.363327971478219824e+00 0.000000000000000000e+00 1.611992172124754319e-01 1.149436241316625917e-01 0.000000000000000000e+00 2.900000000000000000e+01
4.906017595693775157e-01 -1.351833609065053787e+00 0.000000000000000000e+00 1.611992172124754319e-01 1.149436241316603713e-01 0.000000000000000000e+00 2.910000000000000142e+01
5.065129945913304788e-01 -1.340453700843799556e+00 0.000000000000000000e+00 1.591123502195296302e-01 1.137990822125423129e-01 0.000000000000000000e+00 2.920000000000000284e+01
5.219247280004019052e-01 -1.329347744214354199e+00 0.000000000000000000e+00 1.541173340907142641e-01 1.110595662944535711e-01 0.000000000000000000e+00 2.930000000000000071e+01
5.373364614094734426e-01 -1.318241787584908842e+00 0.000000000000000000e+00 1.541173340907153744e-01 1.110595662944535711e-01 0.000000000000000000e+00 2.940000000000000213e+01
5.527481948185448690e-01 -1.307135830955463263e+00 0.000000000000000000e+00 1.541173340907142641e-01 1.110595662944557915e-01 0.000000000000000000e+00 2.950000000000000000e+01
5.681599282276164065e-01 -1.296029874326017906e+00 0.000000000000000000e+00 1.541173340907153744e-01 1.110595662944535711e-01 0.000000000000000000e+00 2.960000000000000142e+01
5.844420565044619043e-01 -1.285902219185276474e+00 0.000000000000000000e+00 1.628212827684549779e-01 1.012765514074143169e-01 0.000000000000000000e+00 2.970000000000000284e+01
6.008871561772788361e-01 -1.275957739710198879e+00 0.000000000000000000e+00 1.644509967281693186e-01 9.944479475077594444e-02 0.000000000000000000e+00 2.980000000000000071e+01
6.173322558500957680e-01 -1.266013260235121507e+00 0.000000000000000000e+00 1.644509967281693186e-01 9.944479475077372399e-02 0.000000000000000000e+00 2.990000000000000213e+01
6.337773555229126998e-01 -1.256068780760043913e+00 0.000000000000000000e+00 1.644509967281693186e-01 9.944479475077594444e-02 0.000000000000000000e+00 3.000000000000000000e+01
6.508542348215006212e-01 -1.247730939937823136e+00 0.000000000000000000e+00 1.707687929858792142e-01 8.337840822220776715e-02 0.000000000000000000e+00 3.010000000000000142e+01
6.694483434294286051e-01 -1.243251468639087864e+00 0.000000000000000000e+00 1.859410860792798381e-01 4.479471298735271390e-02 0.000000000000000000e+00 3.020000000000000284e+01
6.880424520373565889e-01 -1.238771997340352371e+00 0.000000000000000000e+00 1.859410860792798381e-01 4.479471298735493434e-02 0.000000000000000000e+00 3.030000000000000071e+01
7.066365606452845727e-01 -1.234292526041616878e+00 0.000000000000000000e+00 1.859410860792798381e-01 4.479471298735493434e-02 0.000000000000000000e+00 3.040000000000000213e+01
7.252306692532126675e-01 -1.229813054742881384e+00 0.000000000000000000e+00 1.859410860792809483e-01 4.479471298735493434e-02 0.000000000000000000e+00 3.050000000000000000e+01
7.438982960098228236e-01 -1.226528771424037823e+00 0.000000000000000000e+00 1.866762675661015614e-01 3.284283318843561617e-02 0.000000000000000000e+00 3.060000000000000142e+01
7.625879818460307158e-01 -1.223603103593415176e+00 0.000000000000000000e+00 1.868968583620789214e-01 2.925667830622646903e-02 0.000000000000000000e+00 3.070000000000000284e+01
7.812776676822386079e-01 -1.220677435762792307e+00 0.000000000000000000e+00 1.868968583620789214e-01 2.925667830622868948e-02 0.000000000000000000e+00 3.080000000000000071e+01
7.999673535184465001e-01 -1.217751767932169660e+00 0.000000000000000000e+00 1.868968583620789214e-01 2.925667830622646903e-02 0.000000000000000000e+00 3.090000000000000213e+01
8.188389547363649212e-01 -1.214812710893982572e+00 0.000000000000000000e+00 1.887160121791842116e-01 2.939057038187087301e-02 0.000000000000000000e+00 3.100000000000000000e+01
8.380830665523465450e-01 -1.211846236593601578e+00 0.000000000000000000e+00 1.924411181598162379e-01 2.966474300380994578e-02 0.000000000000000000e+00 3.110000000000000142e+01
8.573271783683282798e-01 -1.208879762293220361e+00 0.000000000000000000e+00 1.924411181598173481e-01 2.966474300381216622e-02 0.000000000000000000e+00 3.120000000000000284e+01
8.765712901843099036e-01 -1.205913287992839367e+00 0.000000000000000000e+00 1.924411181598162379e-01 2.966474300380994578e-02 0.000000000000000000e+00 3.130000000000000071e+01
8.958154020002915274e-01 -1.202946813692458372e+00 0.000000000000000000e+00 1.924411181598162379e-01 2.966474300380994578e-02 0.000000000000000000e+00 3.140000000000000213e+01
9.149490943243859808e-01 -1.200056366575002587e+00 0.000000000000000000e+00 1.913369232409445342e-01 2.890447117455785531e-02 0.000000000000000000e+00 3.150000000000000000e+01
9.340492186690607657e-01 -1.197189032033670220e+00 0.000000000000000000e+00 1.910012434467478482e-01 2.867334541332366982e-02 0.000000000000000000e+00 3.160000000000000142e+01
9.531493430137356615e-01 -1.194321697492337853e+00 0.000000000000000000e+00 1.910012434467489584e-01 2.867334541332366982e-02 0.000000000000000000e+00 3.170000000000000284e+01
9.722494673584104463e-01 -1.191454362951005486e+00 0.000000000000000000e+00 1.910012434467478482e-01 2.867334541332366982e-02 0.000000000000000000e+00 3.180000000000000071e+01
9.916359528355008779e-01 -1.188587858238423944e+00 0.000000000000000000e+00 1.938648547709043157e-01 2.866504712581541270e-02 0.000000000000000000e+00 3.190000000000000213e+01
1.011896285159689546e+00 -1.185723885794209842e+00 0.000000000000000000e+00 2.026033232418866792e-01 2.863972444214102353e-02 0.000000000000000000e+00 3.200000000000000000e+01
1.032156617483878325e+00 -1.182859913349995962e+00 0.000000000000000000e+00 2.026033232418877894e-01 2.863972444213880308e-02 0.000000000000000000e+00 3.210000000000000142e+01
1.052416949808066882e+00 -1.179995940905782081e+00 0.000000000000000000e+00 2.026033232418855690e-01 2.863972444213880308e-02 0.000000000000000000e+00 3.220000000000000284e+01
1.072677282132255661e+00 -1.177131968461567979e+00 0.000000000000000000e+00 2.026033232418877894e-01 2.863972444214102353e-02 0.000000000000000000e+00 3.230000000000000426e+01
1.092010744251115328e+00 -1.174383920876114873e+00 0.000000000000000000e+00 1.933346211885966781e-01 2.748047585453106123e-02 0.000000000000000000e+00 3.239999999999999858e+01
1.110171991888061926e+00 -1.171782483676313991e+00 0.000000000000000000e+00 1.816124763694659805e-01 2.601437199800882283e-02 0.000000000000000000e+00 3.250000000000000000e+01
1.128333239525008747e+00 -1.169181046476513108e+00 0.000000000000000000e+00 1.816124763694682009e-01 2.601437199800882283e-02 0.000000000000000000e+00 3.260000000000000142e+01
1.146494487161955567e+00 -1.166579609276712448e+00 0.000000000000000000e+00 1.816124763694682009e-01 2.601437199800660238e-02 0.000000000000000000e+00 3.270000000000000284e+01
1.164879776691891911e+00 -1.163961091846208884e+00 0.000000000000000000e+00 1.838528952993634391e-01 2.618517430503564114e-02 0.000000000000000000e+00 3.280000000000000426e+01
1.184399720604695450e+00 -1.161256072028278741e+00 0.000000000000000000e+00 1.951994391280353902e-01 2.705019817930143233e-02 0.000000000000000000e+00 3.289999999999999858e+01
1.203919664517498989e+00 -1.158551052210348375e+00 0.000000000000000000e+00 1.951994391280353902e-01 2.705019817930365278e-02 0.000000000000000000e+00 3.300000000000000000e+01
1.223439608430302306e+00 -1.155846032392418232e+00 0.000000000000000000e+00 1.951994391280331698e-01 2.705019817930143233e-02 0.000000000000000000e+00 3.310000000000000142e+01
1.242959552343105845e+00 -1.153141012574487867e+00 0.000000000000000000e+00 1.951994391280353902e-01 2.705019817930365278e-02 0.000000000000000000e+00 3.320000000000000284e+01
1.261420317490858922e+00 -1.150595481608275961e+00 0.000000000000000000e+00 1.846076514775307764e-01 2.545530966211906332e-02 0.000000000000000000e+00 3.330000000000000426e+01
1.279038368768678602e+00 -1.148176844677214259e+00 0.000000000000000000e+00 1.761805127781967961e-01 2.418636931061701745e-02 0.000000000000000000e+00 3.339999999999999858e+01
1.296656420046498503e+00 -1.145758207746152557e+00 0.000000000000000000e+00 1.761805127781990166e-01 2.418636931061701745e-02 0.000000000000000000e+00 3.350000000000000000e+01
1.314274471324318405e+00 -1.143339570815090855e+00 0.000000000000000000e+00 1.761805127781990166e-01 2.418636931061701745e-02 0.000000000000000000e+00 3.360000000000000142e+01
1.331960147067235534e+00 -1.140947569987907251e+00 0.000000000000000000e+00 1.768567574291712852e-01 2.392000827183604628e-02 0.000000000000000000e+00 3.370000000000000284e+01
1.349748265513139200e+00 -1.138595919564595382e+00 0.000000000000000000e+00 1.778811844590366675e-01 2.351650423311868465e-02 0.000000000000000000e+00 3.380000000000000426e+01
1.367536383959042867e+00 -1.136244269141283514e+00 0.000000000000000000e+00 1.778811844590366675e-01 2.351650423311868465e-02 0.000000000000000000e+00 3.389999999999999858e+01
1.385324502404946534e+00 -1.133892618717971645e+00 0.000000000000000000e+00 1.778811844590366675e-01 2.351650423311868465e-02 0.000000000000000000e+00 3.400000000000000000e+01
1.403186303482230723e+00 -1.131538260134392404e+00 0.000000000000000000e+00 1.786180107728418953e-01 2.354358583579241326e-02 0.000000000000000000e+00 3.410000000000000142e+01
1.421344993756538111e+00 -1.129172989569087626e+00 0.000000000000000000e+00 1.815869027430738747e-01 2.365270565304777861e-02 0.000000000000000000e+00 3.420000000000000284e+01
1.439503684030845498e+00 -1.126807719003782848e+00 0.000000000000000000e+00 1.815869027430738747e-01 2.365270565304777861e-02 0.000000000000000000e+00 3.430000000000000426e+01
1.457662374305152886e+00 -1.124442448438477848e+00 0.000000000000000000e+00 1.815869027430738747e-01 2.365270565304999906e-02 0.000000000000000000e+00 3.439999999999999858e+01
1.475821064579460051e+00 -1.122077177873173071e+00 0.000000000000000000e+00 1.815869027430716542e-01 2.365270565304777861e-02 0.000000000000000000e+00 3.450000000000000000e+01
1.494588030803721157e+00 -1.119726043347319067e+00 0.000000000000000000e+00 1.876696622426110572e-01 2.351134525854003954e-02 0.000000000000000000e+00 3.460000000000000142e+01
1.513409803328494396e+00 -1.117376182493432735e+00 0.000000000000000000e+00 1.882177252477323925e-01 2.349860853886331924e-02 0.000000000000000000e+00 3.470000000000000284e+01
1.532231575853267858e+00 -1.115026321639546625e+00 0.000000000000000000e+00 1.882177252477346130e-01 2.349860853886109879e-02 0.000000000000000000e+00 3.480000000000000426e+01
1.551053348378041097e+00 -1.112676460785660515e+00 0.000000000000000000e+00 1.882177252477323925e-01 2.349860853886109879e-02 0.000000000000000000e+00 3.489999999999999858e+01
1.569505694993350575e+00 -1.110370946916201307e+00 0.000000000000000000e+00 1.845234661530947839e-01 2.305513869459208109e-02 0.000000000000000000e+00 3.500000000000000000e+01
1.587559436575663341e+00 -1.108113282779903619e+00 0.000000000000000000e+00 1.805374158231276560e-01 2.257664136297687918e-02 0.000000000000000000e+00 3.510000000000000142e+01
1.605613178157976106e+00 -1.105855618643606153e+00 0.000000000000000000e+00 1.805374158231276560e-01 2.257664136297465873e-02 0.000000000000000000e+00 3.520000000000000284e+01
1.623666919740288650e+00 -1.103597954507308465e+00 0.000000000000000000e+00 1.805374158231254356e-01 2.257664136297687918e-02 0.000000000000000000e+00 3.530000000000000426e+01
1.641939748042653413e+00 -1.101338951651229747e+00 0.000000000000000000e+00 1.827282830236476308e-01 2.259002856078717869e-02 0.000000000000000000e+00 3.539999999999999858e+01
1.660952011126908268e+00 -1.099075430511389673e+00 0.000000000000000000e+00 1.901226308425485456e-01 2.263521139840074525e-02 0.000000000000000000e+00 3.550000000000000000e+01
1.679964274211162900e+00 -1.096811909371549598e+00 0.000000000000000000e+00 1.901226308425463252e-01 2.263521139840074525e-02 0.000000000000000000e+00 3.560000000000000142e+01
1.698976537295417533e+00 -1.094548388231709524e+00 0.000000000000000000e+00 1.901226308425463252e-01 2.263521139840074525e-02 0.000000000000000000e+00 3.570000000000000284e+01
1.717988800379672387e+00 -1.092284867091869671e+00 0.000000000000000000e+00 1.901226308425485456e-01 2.263521139839852481e-02 0.000000000000000000e+00 3.580000000000000426e+01
1.736257196855910623e+00 -1.090080402862761533e+00 0.000000000000000000e+00 1.826839647623823559e-01 2.204464229108138440e-02 0.000000000000000000e+00 3.589999999999999858e+01
1.754281989257427954e+00 -1.087895278800209864e+00 0.000000000000000000e+00 1.802479240151733109e-01 2.185124062551668800e-02 0.000000000000000000e+00 3.600000000000000000e+01
1.772306781658945063e+00 -1.085710154737657973e+00 0.000000000000000000e+00 1.802479240151710904e-01 2.185124062551890844e-02 0.000000000000000000e+00 3.610000000000000142e+01
1.790331574060462172e+00 -1.083525030675106304e+00 0.000000000000000000e+00 1.802479240151710904e-01 2.185124062551668800e-02 0.000000000000000000e+00 3.620000000000000284e+01
1.809556949088187539e+00 -1.081380369635012606e+00 0.000000000000000000e+00 1.922537502772536655e-01 2.144661040093698290e-02 0.000000000000000000e+00 3.630000000000000426e+01
1.829913223189750138e+00 -1.079273823085020068e+00 0.000000000000000000e+00 2.035627410156259920e-01 2.106546549992538431e-02 0.000000000000000000e+00 3.639999999999999858e+01
1.850269497291312515e+00 -1.077167276535027529e+00 0.000000000000000000e+00 2.035627410156237715e-01 2.106546549992538431e-02 0.000000000000000000e+00 3.650000000000000000e+01
1.870625771392875114e+00 -1.075060729985034991e+00 0.000000000000000000e+00 2.035627410156259920e-01 2.106546549992538431e-02 0.000000000000000000e+00 3.660000000000000142e+01
1.890982045494437713e+00 -1.072954183435042452e+00 0.000000000000000000e+00 2.035627410156259920e-01 2.106546549992538431e-02 0.000000000000000000e+00 3.670000000000000284e+01
1.910401807045750688e+00 -1.070878166895592010e+00 0.000000000000000000e+00 1.941976155131297510e-01 2.076016539450442622e-02 0.000000000000000000e+00 3.680000000000000426e+01
1.929436443627250641e+00 -1.068814705307364887e+00 0.000000000000000000e+00 1.903463658149995297e-01 2.063461588227122334e-02 0.000000000000000000e+00 3.689999999999999858e+01
1.948471080208750594e+00 -1.066751243719137543e+00 0.000000000000000000e+00 1.903463658149995297e-01 2.063461588227344379e-02 0.000000000000000000e+00 3.700000000000000000e+01
1.967505716790250325e+00 -1.064687782130910421e+00 0.000000000000000000e+00 1.903463658149973092e-01 2.063461588227122334e-02 0.000000000000000000e+00 3.710000000000000142e+01
1.986464174830485874e+00 -1.062633023627564066e+00 0.000000000000000000e+00 1.895845804023554848e-01 2.054758503346354459e-02 0.000000000000000000e+00 3.720000000000000284e+01
2.005140700260957143e+00 -1.060610474764789979e+00 0.000000000000000000e+00 1.867652543047126912e-01 2.022548862774087297e-02 0.000000000000000000e+00 3.730000000000000426e+01
2.023817225691427968e+00 -1.058587925902015892e+00 0.000000000000000000e+00 1.867652543047082503e-01 2.022548862774087297e-02 0.000000000000000000e+00 3.739999999999999858e+01
2.042493751121899237e+00 -1.056565377039241804e+00 0.000000000000000000e+00 1.867652543047126912e-01 2.022548862774087297e-02 0.000000000000000000e+00 3.750000000000000000e+01
2.061170276552370062e+00 -1.054542828176467717e+00 0.000000000000000000e+00 1.867652543047082503e-01 2.022548862774087297e-02 0.000000000000000000e+00 3.760000000000000142e+01
2.079465729083330494e+00 -1.052530061882594570e+00 0.000000000000000000e+00 1.829545253096043211e-01 2.012766293873147205e-02 0.000000000000000000e+00 3.770000000000000284e+01
2.097665358873859187e+00 -1.050519755465983085e+00 0.000000000000000000e+00 1.819962979052869301e-01 2.010306416611484792e-02 0.000000000000000000e+00 3.780000000000000426e+01
2.115864988664388324e+00 -1.048509449049371822e+00 0.000000000000000000e+00 1.819962979052913710e-01 2.010306416611262748e-02 0.000000000000000000e+00 3.789999999999999858e+01
2.134064618454917017e+00 -1.046499142632760337e+00 0.000000000000000000e+00 1.819962979052869301e-01 2.010306416611484792e-02 0.000000000000000000e+00 3.800000000000000000e+01
2.153718552824034127e+00 -1.044464606757548264e+00 0.000000000000000000e+00 1.965393436911710978e-01 2.034535875212073464e-02 0.000000000000000000e+00 3.810000000000000142e+01
2.174817319474529498e+00 -1.042405999237054903e+00 0.000000000000000000e+00 2.109876665049537081e-01 2.058607520493360710e-02 0.000000000000000000e+00 3.820000000000000284e+01
2.195916086125024425e+00 -1.040347391716561543e+00 0.000000000000000000e+00 2.109876665049492672e-01 2.058607520493360710e-02 0.000000000000000000e+00 3.830000000000000426e+01
2.217014852775519351e+00 -1.038288784196068404e+00 0.000000000000000000e+00 2.109876665049492672e-01 2.058607520493138665e-02 0.000000000000000000e+00 3.840000000000000568e+01
2.238113619426014278e+00 -1.036230176675575043e+00 0.000000000000000000e+00 2.109876665049492672e-01 2.058607520493360710e-02 0.000000000000000000e+00 3.850000000000000000e+01
2.258317638295876506e+00 -1.034279406408474378e+00 0.000000000000000000e+00 2.020401886986222806e-01 1.950770267100665478e-02 0.000000000000000000e+00 3.860000000000000142e+01
2.277154400578333071e+00 -1.032493421344824247e+00 0.000000000000000000e+00 1.883676228245656503e-01 1.785985063650130655e-02 0.000000000000000000e+00 3.870000000000000284e+01
2.295991162860789636e+00 -1.030707436281174338e+00 0.000000000000000000e+00 1.883676228245656503e-01 1.785985063649908611e-02 0.000000000000000000e+00 3.880000000000000426e+01
2.314827925143246201e+00 -1.028921451217524430e+00 0.000000000000000000e+00 1.883676228245656503e-01 1.785985063649908611e-02 0.000000000000000000e+00 3.890000000000000568e+01
2.333664687425702766e+00 -1.027135466153874299e+00 0.000000000000000000e+00 1.883676228245656503e-01 1.785985063650130655e-02 0.000000000000000000e+00 3.900000000000000000e+01
2.351271602875518951e+00 -1.025413296187796863e+00 0.000000000000000000e+00 1.760691544981618506e-01 1.722169966077435888e-02 0.000000000000000000e+00 3.910000000000000142e+01
2.368858393230614645e+00 -1.023692170485809072e+00 0.000000000000000000e+00 1.758679035509569388e-01 1.721125701987791246e-02 0.000000000000000000e+00 3.920000000000000284e+01
2.386445183585709895e+00 -1.021971044783821059e+00 0.000000000000000000e+00 1.758679035509524979e-01 1.721125701988013290e-02 0.000000000000000000e+00 3.930000000000000426e+01
2.404031973940805589e+00 -1.020249919081833267e+00 0.000000000000000000e+00 1.758679035509569388e-01 1.721125701987791246e-02 0.000000000000000000e+00 3.940000000000000568e+01
2.421592951363503943e+00 -1.021478684243402268e+00 0.000000000000000000e+00 1.756097742269835393e-01 -1.228765161569000952e-02 0.000000000000000000e+00 3.950000000000000000e+01
2.439145669120479809e+00 -1.023651360467670468e+00 0.000000000000000000e+00 1.755271775697586634e-01 -2.172676224268199618e-02 0.000000000000000000e+00 3.960000000000000142e+01
2.456698386877455675e+00 -1.025824036691938890e+00 0.000000000000000000e+00 1.755271775697586634e-01 -2.172676224268421663e-02 0.000000000000000000e+00 3.970000000000000284e+01
2.474251104634431542e+00 -1.027996712916207089e+00 0.000000000000000000e+00 1.755271775697586634e-01 -2.172676224268199618e-02 0.000000000000000000e+00 3.980000000000000426e+01
2.490977347732119540e+00 -1.033206986926284321e+00 0.000000000000000000e+00 1.672624309768799833e-01 -5.210274010077231566e-02 0.000000000000000000e+00 3.990000000000000568e+01
2.506055482235157950e+00 -1.044474665070439068e+00 0.000000000000000000e+00 1.507813450303840952e-01 -1.126767814415474689e-01 0.000000000000000000e+00 4.000000000000000000e+01
2.521133616738196359e+00 -1.055742343214593815e+00 0.000000000000000000e+00 1.507813450303840952e-01 -1.126767814415474689e-01 0.000000000000000000e+00 4.010000000000000142e+01
2.536211751241234769e+00 -1.067010021358748562e+00 0.000000000000000000e+00 1.507813450303840952e-01 -1.126767814415474689e-01 0.000000000000000000e+00 4.020000000000000284e+01
2.551289885744273178e+00 -1.078277699502903086e+00 0.000000000000000000e+00 1.507813450303840952e-01 -1.126767814415452484e-01 0.000000000000000000e+00 4.030000000000000426e+01
2.565531099875738352e+00 -1.092863613475866247e+00 0.000000000000000000e+00 1.424121413146517412e-01 -1.458591397296316039e-01 0.000000000000000000e+00 4.040000000000000568e+01
2.579511042089645212e+00 -1.108485422699262646e+00 0.000000000000000000e+00 1.397994221390685965e-01 -1.562180922339639899e-01 0.000000000000000000e+00 4.050000000000000000e+01
2.593490984303552072e+00 -1.124107231922659267e+00 0.000000000000000000e+00 1.397994221390685965e-01 -1.562180922339662104e-01 0.000000000000000000e+00 4.060000000000000142e+01
2.607470926517458487e+00 -1.139729041146055666e+00 0.000000000000000000e+00 1.397994221390641556e-01 -1.562180922339639899e-01 0.000000000000000000e+00 4.070000000000000284e+01
2.621450868731365347e+00 -1.155350850369452287e+00 0.000000000000000000e+00 1.397994221390685965e-01 -1.562180922339662104e-01 0.000000000000000000e+00 4.080000000000000426e+01
2.634972942238132720e+00 -1.170468698621570880e+00 0.000000000000000000e+00 1.352207350676737363e-01 -1.511784825211859307e-01 0.000000000000000000e+00 4.090000000000000568e+01
2.648336022771649034e+00 -1.185411548556537742e+00 0.000000000000000000e+00 1.336308053351631386e-01 -1.494284993496686198e-01 0.000000000000000000e+00 4.100000000000000000e+01
2.661699103305165792e+00 -1.200354398491504604e+00 0.000000000000000000e+00 1.336308053351675795e-01 -1.494284993496686198e-01 0.000000000000000000e+00 4.110000000000000142e+01
2.675062183838682106e+00 -1.215297248426471688e+00 0.000000000000000000e+00 1.336308053351631386e-01 -1.494284993496708402e-01 0.000000000000000000e+00 4.120000000000000284e+01
2.688435373596293587e+00 -1.230248474363950351e+00 0.000000000000000000e+00 1.337318975761148110e-01 -1.495122593747866269e-01 0.000000000000000000e+00 4.130000000000000426e+01
2.701991412883901322e+00 -1.245351200367921685e+00 0.000000000000000000e+00 1.355603928760773513e-01 -1.510272600397133402e-01 0.000000000000000000e+00 4.140000000000000568e+01
2.715547452171508613e+00 -1.260453926371892797e+00 0.000000000000000000e+00 1.355603928760729104e-01 -1.510272600397111198e-01 0.000000000000000000e+00 4.150000000000000000e+01
2.729103491459116348e+00 -1.275556652375864131e+00 0.000000000000000000e+00 1.355603928760773513e-01 -1.510272600397133402e-01 0.000000000000000000e+00 4.160000000000000142e+01
2.742659530746723640e+00 -1.290659378379835243e+00 0.000000000000000000e+00 1.355603928760729104e-01 -1.510272600397111198e-01 0.000000000000000000e+00 4.170000000000000284e+01
2.755803232064231612e+00 -1.305291891220735412e+00 0.000000000000000000e+00 1.314370131750797199e-01 -1.463251284090016924e-01 0.000000000000000000e+00 4.180000000000000426e+01
2.767828173170050476e+00 -1.318648616198273782e+00 0.000000000000000000e+00 1.202494110581886488e-01 -1.335672497753837007e-01 0.000000000000000000e+00 4.190000000000000568e+01
2.779853114275869341e+00 -1.332005341175812152e+00 0.000000000000000000e+00 1.202494110581886488e-01 -1.335672497753837007e-01 0.000000000000000000e+00 4.200000000000000000e+01
2.791878055381687762e+00 -1.345362066153350522e+00 0.000000000000000000e+00 1.202494110581842079e-01 -1.335672497753837007e-01 0.000000000000000000e+00 4.210000000000000142e+01
2.804028715158041418e+00 -1.358854630605027536e+00 0.000000000000000000e+00 1.215065977635365613e-01 -1.349256445167701379e-01 0.000000000000000000e+00 4.220000000000000284e+01
2.817468963628711354e+00 -1.373740600263319012e+00 0.000000000000000000e+00 1.344024847066993544e-01 -1.488596965829147578e-01 0.000000000000000000e+00 4.230000000000000426e+01
2.830909212099381289e+00 -1.388626569921610487e+00 0.000000000000000000e+00 1.344024847066993544e-01 -1.488596965829147578e-01 0.000000000000000000e+00 4.240000000000000568e+01
2.844349460570051669e+00 -1.403512539579901741e+00 0.000000000000000000e+00 1.344024847067037953e-01 -1.488596965829125374e-01 0.000000000000000000e+00 4.250000000000000000e+01
2.857789709040721604e+00 -1.418398509238193217e+00 0.000000000000000000e+00 1.344024847066993544e-01 -1.488596965829147578e-01 0.000000000000000000e+00 4.260000000000000142e+01
2.870913494828104096e+00 -1.432923489164672493e+00 0.000000000000000000e+00 1.312378578738249146e-01 -1.452497992647927560e-01 0.000000000000000000e+00 4.270000000000000284e+01
2.883542839096947752e+00 -1.446884458480738767e+00 0.000000000000000000e+00 1.262934426884365635e-01 -1.396096931606627400e-01 0.000000000000000000e+00 4.280000000000000426e+01
2.896172183365791408e+00 -1.460845427796805263e+00 0.000000000000000000e+00 1.262934426884365635e-01 -1.396096931606649605e-01 0.000000000000000000e+00 4.290000000000000568e+01
2.908801527634635065e+00 -1.474806397112871537e+00 0.000000000000000000e+00 1.262934426884365635e-01 -1.396096931606627400e-01 0.000000000000000000e+00 4.300000000000000000e+01
2.921430871903478721e+00 -1.488767366428938033e+00 0.000000000000000000e+00 1.262934426884365635e-01 -1.396096931606649605e-01 0.000000000000000000e+00 4.310000000000000142e+01
2.934091534140124580e+00 -1.502741423042321500e+00 0.000000000000000000e+00 1.266066223664585877e-01 -1.397405661338346761e-01 0.000000000000000000e+00 4.320000000000000284e+01
2.946752845012038602e+00 -1.516715750710412536e+00 0.000000000000000000e+00 1.266131087191402216e-01 -1.397432766809103555e-01 0.000000000000000000e+00 4.330000000000000426e+01
2.959414155883953068e+00 -1.530690078378503793e+00 0.000000000000000000e+00 1.266131087191446625e-01 -1.397432766809125759e-01 0.000000000000000000e+00 4.340000000000000568e+01
2.972075466755867090e+00 -1.544664406046595051e+00 0.000000000000000000e+00 1.266131087191402216e-01 -1.397432766809125759e-01 0.000000000000000000e+00 4.350000000000000000e+01
2.985845879579167583e+00 -1.559482513083494837e+00 0.000000000000000000e+00 1.377041282330049299e-01 -1.481810703689978581e-01 0.000000000000000000e+00 4.360000000000000142e+01
3.000440624091348596e+00 -1.574927752794052838e+00 0.000000000000000000e+00 1.459474451218101265e-01 -1.544523971055800082e-01 0.000000000000000000e+00 4.370000000000000284e+01
3.015035368603529164e+00 -1.590372992504610838e+00 0.000000000000000000e+00 1.459474451218056856e-01 -1.544523971055800082e-01 0.000000000000000000e+00 4.380000000000000426e+01
3.029630113115709733e+00 -1.605818232215169061e+00 0.000000000000000000e+00 1.459474451218056856e-01 -1.544523971055822287e-01 0.000000000000000000e+00 4.390000000000000568e+01
3.044224857627890302e+00 -1.621263471925727062e+00 0.000000000000000000e+00 1.459474451218056856e-01 -1.544523971055800082e-01 0.000000000000000000e+00 4.400000000000000000e+01
3.057870429127900191e+00 -1.635759930417111985e+00 0.000000000000000000e+00 1.364557150000988983e-01 -1.449645849138492260e-01 0.000000000000000000e+00 4.410000000000000142e+01
3.070736433051509451e+00 -1.649477143116548472e+00 0.000000000000000000e+00 1.286600392360925937e-01 -1.371721269943648736e-01 0.000000000000000000e+00 4.420000000000000284e+01
3.083602436975118710e+00 -1.663194355815984959e+00 0.000000000000000000e+00 1.286600392360925937e-01 -1.371721269943648736e-01 0.000000000000000000e+00 4.430000000000000426e+01
3.096468440898727525e+00 -1.676911568515421447e+00 0.000000000000000000e+00 1.286600392360881528e-01 -1.371721269943648736e-01 0.000000000000000000e+00 4.440000000000000568e+01
3.109584926726577603e+00 -1.690921070284924888e+00 0.000000000000000000e+00 1.311648582785007733e-01 -1.400950176950344073e-01 0.000000000000000000e+00 4.450000000000000000e+01
3.123849761672500502e+00 -1.706270588599142712e+00 0.000000000000000000e+00 1.426483494592289958e-01 -1.534951831421782487e-01 0.000000000000000000e+00 4.460000000000000142e+01
3.138114596618423402e+00 -1.721620106913360315e+00 0.000000000000000000e+00 1.426483494592289958e-01 -1.534951831421760282e-01 0.000000000000000000e+00 4.470000000000000284e+01
3.152379431564345857e+00 -1.736969625227577918e+00 0.000000000000000000e+00 1.426483494592245549e-01 -1.534951831421760282e-01 0.000000000000000000e+00 4.480000000000000426e+01
3.166644266510268757e+00 -1.752319143541795521e+00 0.000000000000000000e+00 1.426483494592289958e-01 -1.534951831421760282e-01 0.000000000000000000e+00 4.490000000000000568e+01
3.180679352721193176e+00 -1.767460054408735548e+00 0.000000000000000000e+00 1.403508621092441899e-01 -1.514091086694002719e-01 0.000000000000000000e+00 4.500000000000000000e+01
3.194098179342902633e+00 -1.782041413381876049e+00 0.000000000000000000e+00 1.341882662170945650e-01 -1.458135897314050133e-01 0.000000000000000000e+00 4.510000000000000142e+01
3.207517005964612533e+00 -1.796622772355016551e+00 0.000000000000000000e+00 1.341882662170990059e-01 -1.458135897314050133e-01 0.000000000000000000e+00 4.520000000000000284e+01
3.220935832586322434e+00 -1.811204131328157274e+00 0.000000000000000000e+00 1.341882662170990059e-01 -1.458135897314072338e-01 0.000000000000000000e+00 4.530000000000000426e+01
3.234354659208032334e+00 -1.825785490301297775e+00 0.000000000000000000e+00 1.341882662170990059e-01 -1.458135897314050133e-01 0.000000000000000000e+00 4.540000000000000568e+01
3.247642629795783442e+00 -1.840275222847775227e+00 0.000000000000000000e+00 1.328797058775110784e-01 -1.448973254647745179e-01 0.000000000000000000e+00 4.550000000000000000e+01
3.260853657226417290e+00 -1.854711079189009570e+00 0.000000000000000000e+00 1.321102743063384821e-01 -1.443585634123434325e-01 0.000000000000000000e+00 4.560000000000000142e+01
3.274064684657050694e+00 -1.869146935530243914e+00 0.000000000000000000e+00 1.321102743063340412e-01 -1.443585634123434325e-01 0.000000000000000000e+00 4.570000000000000284e+01
3.287275712087684099e+00 -1.883582791871478257e+00 0.000000000000000000e+00 1.321102743063340412e-01 -1.443585634123434325e-01 0.000000000000000000e+00 4.580000000000000426e+01
3.300486871082737750e+00 -1.898022647533764706e+00 0.000000000000000000e+00 1.321115899505365121e-01 -1.443985566228644934e-01 0.000000000000000000e+00 4.590000000000000568e+01
3.313700795333525573e+00 -1.912546561982510829e+00 0.000000000000000000e+00 1.321392425078782296e-01 -1.452391444874612247e-01 0.000000000000000000e+00 4.600000000000000000e+01
3.326914719584313396e+00 -1.927070476431257173e+00 0.000000000000000000e+00 1.321392425078782296e-01 -1.452391444874634452e-01 0.000000000000000000e+00 4.610000000000000142e+01
3.340128643835101663e+00 -1.941594390880003518e+00 0.000000000000000000e+00 1.321392425078826705e-01 -1.452391444874634452e-01 0.000000000000000000e+00 4.620000000000000284e+01
3.353342568085889486e+00 -1.956118305328749640e+00 0.000000000000000000e+00 1.321392425078782296e-01 -1.452391444874612247e-01 0.000000000000000000e+00 4.630000000000000426e+01
3.367049934267897005e+00 -1.971257459974089521e+00 0.000000000000000000e+00 1.370736618200751877e-01 -1.513915464533988064e-01 0.000000000000000000e+00 4.640000000000000568e+01
3.381373032625222042e+00 -1.987164330455121641e+00 0.000000000000000000e+00 1.432309835732503700e-01 -1.590687048103212042e-01 0.000000000000000000e+00 4.650000000000000000e+01
3.395696130982547079e+00 -2.003071200936153762e+00 0.000000000000000000e+00 1.432309835732503700e-01 -1.590687048103212042e-01 0.000000000000000000e+00 4.660000000000000142e+01
3.410019229339872116e+00 -2.018978071417185660e+00 0.000000000000000000e+00 1.432309835732503700e-01 -1.590687048103189838e-01 0.000000000000000000e+00 4.670000000000000284e+01
3.424342327697197153e+00 -2.034884941898217559e+00 0.000000000000000000e+00 1.432309835732503700e-01 -1.590687048103189838e-01 0.000000000000000000e+00 4.680000000000000426e+01
3.438015304900214009e+00 -2.050069334039650304e+00 0.000000000000000000e+00 1.367297720301685615e-01 -1.518439214143274540e-01 0.000000000000000000e+00 4.690000000000000568e+01
3.450680181314139450e+00 -2.064133425788726051e+00 0.000000000000000000e+00 1.266487641392544106e-01 -1.406409174907574666e-01 0.000000000000000000e+00 4.700000000000000000e+01
3.463345057728065335e+00 -2.078197517537801797e+00 0.000000000000000000e+00 1.266487641392588515e-01 -1.406409174907574666e-01 0.000000000000000000e+00 4.710000000000000142e+01
3.476009934141990776e+00 -2.092261609286877544e+00 0.000000000000000000e+00 1.266487641392544106e-01 -1.406409174907574666e-01 0.000000000000000000e+00 4.720000000000000284e+01
3.488674810555916661e+00 -2.106325701035953291e+00 0.000000000000000000e+00 1.266487641392588515e-01 -1.406409174907574666e-01 0.000000000000000000e+00 4.730000000000000426e+01
3.501291587994812549e+00 -2.120407325004205035e+00 0.000000000000000000e+00 1.261677743889588754e-01 -1.408162396825174412e-01 0.000000000000000000e+00 4.740000000000000568e+01
3.513907916060055481e+00 -2.134489112770487029e+00 0.000000000000000000e+00 1.261632806524293215e-01 -1.408178776628199458e-01 0.000000000000000000e+00 4.750000000000000000e+01
3.526524244125298857e+00 -2.148570900536769468e+00 0.000000000000000000e+00 1.261632806524337624e-01 -1.408178776628243867e-01 0.000000000000000000e+00 4.760000000000000142e+01
3.539140572190542233e+00 -2.162652688303051463e+00 0.000000000000000000e+00 1.261632806524337624e-01 -1.408178776628199458e-01 0.000000000000000000e+00 4.770000000000000284e+01
3.551369345037155512e+00 -2.176284643841613686e+00 0.000000000000000000e+00 1.222877284661327835e-01 -1.363195553856222375e-01 0.000000000000000000e+00 4.780000000000000426e+01
3.563291271296484375e+00 -2.189560445012252554e+00 0.000000000000000000e+00 1.192192625932886330e-01 -1.327580117063886789e-01 0.000000000000000000e+00 4.790000000000000568e+01
3.575213197555813682e+00 -2.202836246182890978e+00 0.000000000000000000e+00 1.192192625932930738e-01 -1.327580117063842380e-01 0.000000000000000000e+00 4.800000000000000000e+01
3.587135123815142546e+00 -2.216112047353529846e+00 0.000000000000000000e+00 1.192192625932886330e-01 -1.327580117063886789e-01 0.000000000000000000e+00 4.810000000000000142e+01
3.599244080587204575e+00 -2.229656395023877469e+00 0.000000000000000000e+00 1.210895677206202947e-01 -1.354434767034762288e-01 0.000000000000000000e+00 4.820000000000000284e+01
3.611662414775869134e+00 -2.243644960170312785e+00 0.000000000000000000e+00 1.241833418866455929e-01 -1.398856514643531668e-01 0.000000000000000000e+00 4.830000000000000426e+01
3.624080748964533694e+00 -2.257633525316747658e+00 0.000000000000000000e+00 1.241833418866455929e-01 -1.398856514643487259e-01 0.000000000000000000e+00 4.840000000000000568e+01
3.636499083153198253e+00 -2.271622090463182975e+00 0.000000000000000000e+00 1.241833418866455929e-01 -1.398856514643531668e-01 0.000000000000000000e+00 4.850000000000000000e+01
3.648917417341862812e+00 -2.285610655609617847e+00 0.000000000000000000e+00 1.241833418866455929e-01 -1.398856514643487259e-01 0.000000000000000000e+00 4.860000000000000142e+01
3.660751946982431448e+00 -2.298938368151576928e+00 0.000000000000000000e+00 1.183452964056863621e-01 -1.332771254195908028e-01 0.000000000000000000e+00 4.870000000000000284e+01
3.672580774732611353e+00 -2.312259626291756298e+00 0.000000000000000000e+00 1.182882775017990440e-01 -1.332125814017937060e-01 0.000000000000000000e+00 4.880000000000000426e+01
3.684409602482790813e+00 -2.325580884431935669e+00 0.000000000000000000e+00 1.182882775017946031e-01 -1.332125814017937060e-01 0.000000000000000000e+00 4.890000000000000568e+01
3.696238430232970718e+00 -2.338902142572115039e+00 0.000000000000000000e+00 1.182882775017990440e-01 -1.332125814017937060e-01 0.000000000000000000e+00 4.900000000000000000e+01
3.708222745084221561e+00 -2.352464758734003514e+00 0.000000000000000000e+00 1.198431485125084350e-01 -1.356261616188847441e-01 0.000000000000000000e+00 4.910000000000000142e+01
3.720242702356205466e+00 -2.366082701569923952e+00 0.000000000000000000e+00 1.201995727198390540e-01 -1.361794283592043797e-01 0.000000000000000000e+00 4.920000000000000284e+01
3.732262659628189372e+00 -2.379700644405844834e+00 0.000000000000000000e+00 1.201995727198390540e-01 -1.361794283592088206e-01 0.000000000000000000e+00 4.930000000000000426e+01
3.744282616900173277e+00 -2.393318587241765272e+00 0.000000000000000000e+00 1.201995727198390540e-01 -1.361794283592043797e-01 0.000000000000000000e+00 4.940000000000000568e+01
3.756389533070942033e+00 -2.407033225789537045e+00 0.000000000000000000e+00 1.210691617076875559e-01 -1.371463854777177360e-01 0.000000000000000000e+00 4.950000000000000000e+01
3.768566052172753533e+00 -2.420825260728687311e+00 0.000000000000000000e+00 1.217651910181150043e-01 -1.379203493915026613e-01 0.000000000000000000e+00 4.960000000000000142e+01
3.780742571274565034e+00 -2.434617295667837578e+00 0.000000000000000000e+00 1.217651910181150043e-01 -1.379203493915026613e-01 0.000000000000000000e+00 4.970000000000000284e+01
3.792919090376376978e+00 -2.448409330606987844e+00 0.000000000000000000e+00 1.217651910181194452e-01 -1.379203493915026613e-01 0.000000000000000000e+00 4.980000000000000426e+01
3.805158508788870630e+00 -2.462749755281326447e+00 0.000000000000000000e+00 1.223941841249365226e-01 -1.434042467433860324e-01 0.000000000000000000e+00 4.990000000000000568e+01
3.817586669177349012e+00 -2.478735733159780796e+00 0.000000000000000000e+00 1.242816038847838200e-01 -1.598597787845434937e-01 0.000000000000000000e+00 5.000000000000000000e+01
3.830014829565827394e+00 -2.494721711038235590e+00 0.000000000000000000e+00 1.242816038847838200e-01 -1.598597787845479345e-01 0.000000000000000000e+00 5.010000000000000142e+01
3.842442989954306221e+00 -2.510707688916690383e+00 0.000000000000000000e+00 1.242816038847882609e-01 -1.598597787845479345e-01 0.000000000000000000e+00 5.020000000000000284e+01
3.854871150342784603e+00 -2.526693666795144733e+00 0.000000000000000000e+00 1.242816038847838200e-01 -1.598597787845434937e-01 0.000000000000000000e+00 5.030000000000000426e+01
3.864560955642663664e+00 -2.543829937226816273e+00 0.000000000000000000e+00 9.689805299879061806e-02 -1.713627043167154085e-01 0.000000000000000000e+00 5.040000000000000568e+01
3.870482220306159071e+00 -2.562549247143970810e+00 0.000000000000000000e+00 5.921264663495406921e-02 -1.871930991715453629e-01 0.000000000000000000e+00 5.050000000000000000e+01
3.876403484969654034e+00 -2.581268557061125346e+00 0.000000000000000000e+00 5.921264663494962832e-02 -1.871930991715453629e-01 0.000000000000000000e+00 5.060000000000000142e+01
3.882324749633149441e+00 -2.599987866978279882e+00 0.000000000000000000e+00 5.921264663495406921e-02 -1.871930991715453629e-01 0.000000000000000000e+00 5.070000000000000284e+01
3.888246014296644404e+00 -2.618707176895434419e+00 0.000000000000000000e+00 5.921264663494962832e-02 -1.871930991715453629e-01 0.000000000000000000e+00 5.080000000000000426e+01
3.893429338719501143e+00 -2.637553387182120623e+00 0.000000000000000000e+00 5.183324422856738778e-02 -1.884621028668620468e-01 0.000000000000000000e+00 5.090000000000000568e+01
3.898448030866462855e+00 -2.656427908564336526e+00 0.000000000000000000e+00 5.018692146961711842e-02 -1.887452138221590303e-01 0.000000000000000000e+00 5.100000000000000000e+01
3.903466723013424566e+00 -2.675302429946552429e+00 0.000000000000000000e+00 5.018692146961711842e-02 -1.887452138221590303e-01 0.000000000000000000e+00 5.110000000000000142e+01
3.908485415160386278e+00 -2.694176951328768332e+00 0.000000000000000000e+00 5.018692146961711842e-02 -1.887452138221590303e-01 0.000000000000000000e+00 5.120000000000000284e+01
3.913508491949512891e+00 -2.713119642131419873e+00 0.000000000000000000e+00 5.023076789126612596e-02 -1.894269080265154059e-01 0.000000000000000000e+00 5.130000000000000426e+01
3.918545819602724745e+00 -2.732283895631518078e+00 0.000000000000000000e+00 5.037327653211853828e-02 -1.916425350009820505e-01 0.000000000000000000e+00 5.140000000000000568e+01
3.923583147255936598e+00 -2.751448149131616283e+00 0.000000000000000000e+00 5.037327653211853828e-02 -1.916425350009820505e-01 0.000000000000000000e+00 5.150000000000000000e+01
3.928620474909148452e+00 -2.770612402631714488e+00 0.000000000000000000e+00 5.037327653211853828e-02 -1.916425350009820505e-01 0.000000000000000000e+00 5.160000000000000142e+01
3.933657802562359862e+00 -2.789776656131812693e+00 0.000000000000000000e+00 5.037327653211409739e-02 -1.916425350009820505e-01 0.000000000000000000e+00 5.170000000000000284e+01
3.938934722141117284e+00 -2.810199762839590054e+00 0.000000000000000000e+00 5.276919578757421903e-02 -2.042310670777736092e-01 0.000000000000000000e+00 5.180000000000000426e+01
3.944377222117797732e+00 -2.831492854688054894e+00 0.000000000000000000e+00 5.442499976680448270e-02 -2.129309184846484015e-01 0.000000000000000000e+00 5.190000000000000568e+01
3.949819722094477736e+00 -2.852785946536520179e+00 0.000000000000000000e+00 5.442499976680004181e-02 -2.129309184846528424e-01 0.000000000000000000e+00 5.200000000000000000e+01
3.955262222071157741e+00 -2.874079038384985019e+00 0.000000000000000000e+00 5.442499976680004181e-02 -2.129309184846484015e-01 0.000000000000000000e+00 5.210000000000000142e+01
3.960704722047837745e+00 -2.895372130233450303e+00 0.000000000000000000e+00 5.442499976680004181e-02 -2.129309184846528424e-01 0.000000000000000000e+00 5.220000000000000284e+01
3.965892916950777725e+00 -2.915678041523457775e+00 0.000000000000000000e+00 5.188194902939979869e-02 -2.030591129000747230e-01 0.000000000000000000e+00 5.230000000000000426e+01
3.970738281004791315e+00 -2.934653126243933041e+00 0.000000000000000000e+00 4.845364054013590049e-02 -1.897508472047526595e-01 0.000000000000000000e+00 5.240000000000000568e+01
3.975583645058804461e+00 -2.953628210964408307e+00 0.000000000000000000e+00 4.845364054013145960e-02 -1.897508472047526595e-01 0.000000000000000000e+00 5.250000000000000000e+01
3.980429009112818051e+00 -2.972603295684883573e+00 0.000000000000000000e+00 4.845364054013590049e-02 -1.897508472047526595e-01 0.000000000000000000e+00 5.260000000000000142e+01
3.985274373166831197e+00 -2.991578380405358395e+00 0.000000000000000000e+00 4.845364054013145960e-02 -1.897508472047482186e-01 0.000000000000000000e+00 5.270000000000000284e+01
3.989778891776838421e+00 -3.009227554540497618e+00 0.000000000000000000e+00 4.504518610007224311e-02 -1.764917413513922284e-01 0.000000000000000000e+00 5.280000000000000426e+01
3.994226691444232813e+00 -3.026656088359852337e+00 0.000000000000000000e+00 4.447799667394392031e-02 -1.742853381935471901e-01 0.000000000000000000e+00 5.290000000000000568e+01
3.998674491111627205e+00 -3.044084622179207500e+00 0.000000000000000000e+00 4.447799667394392031e-02 -1.742853381935516310e-01 0.000000000000000000e+00 5.300000000000000000e+01
4.003122290779021597e+00 -3.061513155998562663e+00 0.000000000000000000e+00 4.447799667394392031e-02 -1.742853381935516310e-01 0.000000000000000000e+00 5.310000000000000142e+01
4.007622685723954525e+00 -3.079355123029726027e+00 0.000000000000000000e+00 4.500394944932928354e-02 -1.784196703116336380e-01 0.000000000000000000e+00 5.320000000000000284e+01
4.012151474352501523e+00 -3.097420282947426884e+00 0.000000000000000000e+00 4.528788628546998041e-02 -1.806515991770085705e-01 0.000000000000000000e+00 5.330000000000000426e+01
4.016680262981049410e+00 -3.115485442865127741e+00 0.000000000000000000e+00 4.528788628547886219e-02 -1.806515991770085705e-01 0.000000000000000000e+00 5.340000000000000568e+01
4.021209051609596408e+00 -3.133550602782828598e+00 0.000000000000000000e+00 4.528788628546998041e-02 -1.806515991770085705e-01 0.000000000000000000e+00 5.350000000000000000e+01
4.025677642836406278e+00 -3.151376270814830516e+00 0.000000000000000000e+00 4.468591226809870420e-02 -1.782566803200191785e-01 0.000000000000000000e+00 5.360000000000000142e+01
4.030001898042380404e+00 -3.168627706325053417e+00 0.000000000000000000e+00 4.324255205974125715e-02 -1.725143551022290112e-01 0.000000000000000000e+00 5.370000000000000284e+01
4.034326153248353641e+00 -3.185879141835276318e+00 0.000000000000000000e+00 4.324255205973237537e-02 -1.725143551022290112e-01 0.000000000000000000e+00 5.380000000000000426e+01
4.038650408454327767e+00 -3.203130577345498775e+00 0.000000000000000000e+00 4.324255205974125715e-02 -1.725143551022245703e-01 0.000000000000000000e+00 5.390000000000000568e+01
4.042973010251812660e+00 -3.220423106007390679e+00 0.000000000000000000e+00 4.322601797484892927e-02 -1.729252866189190385e-01 0.000000000000000000e+00 5.400000000000000000e+01
4.047285417128311913e+00 -3.237969015148063345e+00 0.000000000000000000e+00 4.312406876499252917e-02 -1.754590914067266638e-01 0.000000000000000000e+00 5.410000000000000142e+01
4.051597824004810278e+00 -3.255514924288735568e+00 0.000000000000000000e+00 4.312406876498364738e-02 -1.754590914067222229e-01 0.000000000000000000e+00 5.420000000000000284e+01
4.055910230881308642e+00 -3.273060833429407790e+00 0.000000000000000000e+00 4.312406876498364738e-02 -1.754590914067222229e-01 0.000000000000000000e+00 5.430000000000000426e+01
4.060222637757807007e+00 -3.290606742570080456e+00 0.000000000000000000e+00 4.312406876498364738e-02 -1.754590914067266638e-01 0.000000000000000000e+00 5.440000000000000568e+01
4.064420243892339357e+00 -3.307667725408757864e+00 0.000000000000000000e+00 4.197606134532350097e-02 -1.706098283867740761e-01 0.000000000000000000e+00 5.450000000000000000e+01
4.068607712563458989e+00 -3.324685886898376186e+00 0.000000000000000000e+00 4.187468671119631836e-02 -1.701816148961832198e-01 0.000000000000000000e+00 5.460000000000000142e+01
4.072795181234579509e+00 -3.341704048387994064e+00 0.000000000000000000e+00 4.187468671120520014e-02 -1.701816148961787789e-01 0.000000000000000000e+00 5.470000000000000284e+01
4.076982649905699141e+00 -3.358722209877612386e+00 0.000000000000000000e+00 4.187468671119631836e-02 -1.701816148961832198e-01 0.000000000000000000e+00 5.480000000000000426e+01
4.081232817708115412e+00 -3.377246903543119405e+00 0.000000000000000000e+00 4.250167802416271456e-02 -1.852469366550701935e-01 0.000000000000000000e+00 5.490000000000000568e+01
4.085495886601253623e+00 -3.396081584091631189e+00 0.000000000000000000e+00 4.263068893138211024e-02 -1.883468054851178408e-01 0.000000000000000000e+00 5.500000000000000000e+01
4.089758955494391834e+00 -3.414916264640143417e+00 0.000000000000000000e+00 4.263068893138211024e-02 -1.883468054851222817e-01 0.000000000000000000e+00 5.510000000000000142e+01
4.094022024387530045e+00 -3.433750945188655201e+00 0.000000000000000000e+00 4.263068893138211024e-02 -1.883468054851178408e-01 0.000000000000000000e+00 5.520000000000000284e+01
4.098621913081941237e+00 -3.454034891208813018e+00 0.000000000000000000e+00 4.599888694411191636e-02 -2.028394602015781700e-01 0.000000000000000000e+00 5.530000000000000426e+01
4.103674973730231379e+00 -3.476268741786225469e+00 0.000000000000000000e+00 5.053060648290141899e-02 -2.223385057741245063e-01 0.000000000000000000e+00 5.540000000000000568e+01
4.108728034378522409e+00 -3.498502592363637476e+00 0.000000000000000000e+00 5.053060648291030077e-02 -2.223385057741200654e-01 0.000000000000000000e+00 5.550000000000000000e+01
4.113781095026812551e+00 -3.520736442941049482e+00 0.000000000000000000e+00 5.053060648290141899e-02 -2.223385057741200654e-01 0.000000000000000000e+00 5.560000000000000142e+01
4.118834155675103581e+00 -3.542970293518461489e+00 0.000000000000000000e+00 5.053060648291030077e-02 -2.223385057741200654e-01 0.000000000000000000e+00 5.570000000000000284e+01
4.123887216323394611e+00 -3.565204144095873495e+00 0.000000000000000000e+00 5.053060648291030077e-02 -2.223385057741200654e-01 0.000000000000000000e+00 5.580000000000000426e+01
4.128393013131455014e+00 -3.585134821804309535e+00 0.000000000000000000e+00 4.505796808060402725e-02 -1.993067770843603981e-01 0.000000000000000000e+00 5.590000000000000568e+01
4.132820401094563501e+00 -3.604735514026573551e+00 0.000000000000000000e+00 4.427387963108486701e-02 -1.960069222226401564e-01 0.000000000000000000e+00 5.600000000000000000e+01
4.137247789057671987e+00 -3.624336206248837566e+00 0.000000000000000000e+00 4.427387963108486701e-02 -1.960069222226401564e-01 0.000000000000000000e+00 5.610000000000000142e+01
4.141675177020781362e+00 -3.643936898471101582e+00 0.000000000000000000e+00 4.427387963109374880e-02 -1.960069222226401564e-01 0.000000000000000000e+00 5.620000000000000284e+01
4.145688510777500113e+00 -3.663050276454536736e+00 0.000000000000000000e+00 4.013333756718751033e-02 -1.911337798343515360e-01 0.000000000000000000e+00 5.630000000000000426e+01
4.148214945133117837e+00 -3.680413672820390225e+00 0.000000000000000000e+00 2.526434355617723782e-02 -1.736339636585348956e-01 0.000000000000000000e+00 5.640000000000000568e+01
4.150741379488735561e+00 -3.697777069186243271e+00 0.000000000000000000e+00 2.526434355617723782e-02 -1.736339636585304547e-01 0.000000000000000000e+00 5.650000000000000000e+01
4.153267813844353284e+00 -3.715140465552096760e+00 0.000000000000000000e+00 2.526434355617723782e-02 -1.736339636585348956e-01 0.000000000000000000e+00 5.660000000000000142e+01
4.155794248199971008e+00 -3.732503861917949806e+00 0.000000000000000000e+00 2.526434355617723782e-02 -1.736339636585304547e-01 0.000000000000000000e+00 5.670000000000000284e+01
4.152445035889442693e+00 -3.750953131475894153e+00 0.000000000000000000e+00 -3.349212310528315584e-02 -1.844926955794434775e-01 0.000000000000000000e+00 5.680000000000000426e+01
4.148854120746051422e+00 -3.769447069925888627e+00 0.000000000000000000e+00 -3.590915143391271158e-02 -1.849393844999447367e-01 0.000000000000000000e+00 5.690000000000000568e+01
4.145263205602660150e+00 -3.787941008375883545e+00 0.000000000000000000e+00 -3.590915143391271158e-02 -1.849393844999491776e-01 0.000000000000000000e+00 5.700000000000000000e+01
4.141672290459268879e+00 -3.806434946825878463e+00 0.000000000000000000e+00 -3.590915143391271158e-02 -1.849393844999491776e-01 0.000000000000000000e+00 5.710000000000000142e+01
4.136993600982178165e+00 -3.825362103074112508e+00 0.000000000000000000e+00 -4.678689477090713922e-02 -1.892715624823404497e-01 0.000000000000000000e+00 5.720000000000000284e+01
4.131479015073345806e+00 -3.844622164043939971e+00 0.000000000000000000e+00 -5.514585908832358996e-02 -1.926006096982746385e-01 0.000000000000000000e+00 5.730000000000000426e+01
4.125964429164513447e+00 -3.863882225013766991e+00 0.000000000000000000e+00 -5.514585908832358996e-02 -1.926006096982701976e-01 0.000000000000000000e+00 5.740000000000000568e+01
4.120449843255681088e+00 -3.883142285983594455e+00 0.000000000000000000e+00 -5.514585908832358996e-02 -1.926006096982746385e-01 0.000000000000000000e+00 5.750000000000000000e+01
4.114935257346848729e+00 -3.902402346953421475e+00 0.000000000000000000e+00 -5.514585908832358996e-02 -1.926006096982701976e-01 0.000000000000000000e+00 5.760000000000000142e+01
4.110076550304743392e+00 -3.920008422583128205e+00 0.000000000000000000e+00 -4.858707042105336882e-02 -1.760607562970673001e-01 0.000000000000000000e+00 5.770000000000000284e+01
4.105305364465852591e+00 -3.937393788575114684e+00 0.000000000000000000e+00 -4.771185838890801278e-02 -1.738536599198647892e-01 0.000000000000000000e+00 5.780000000000000426e+01
4.100534178626960902e+00 -3.954779154567100719e+00 0.000000000000000000e+00 -4.771185838891689457e-02 -1.738536599198603483e-01 0.000000000000000000e+00 5.790000000000000568e+01
4.095762992788069212e+00 -3.972164520559086753e+00 0.000000000000000000e+00 -4.771185838891689457e-02 -1.738536599198603483e-01 0.000000000000000000e+00 5.800000000000000000e+01
4.091241729656935888e+00 -3.988816239229152849e+00 0.000000000000000000e+00 -4.521263131133324009e-02 -1.665171867006609574e-01 0.000000000000000000e+00 5.810000000000000142e+01
4.086850249235448373e+00 -4.005086981163579196e+00 0.000000000000000000e+00 -4.391480421487514718e-02 -1.627074193442634709e-01 0.000000000000000000e+00 5.820000000000000284e+01
4.082458768813961747e+00 -4.021357723098005543e+00 0.000000000000000000e+00 -4.391480421486626540e-02 -1.627074193442634709e-01 0.000000000000000000e+00 5.830000000000000426e+01
4.078067288392475120e+00 -4.037628465032431890e+00 0.000000000000000000e+00 -4.391480421486626540e-02 -1.627074193442634709e-01 0.000000000000000000e+00 5.840000000000000568e+01
4.073365798573344243e+00 -4.055339499774609280e+00 0.000000000000000000e+00 -4.701489819130877379e-02 -1.771103474217738949e-01 0.000000000000000000e+00 5.850000000000000000e+01
4.068533179061833316e+00 -4.073659758476622983e+00 0.000000000000000000e+00 -4.832619511510927168e-02 -1.832025870201370310e-01 0.000000000000000000e+00 5.860000000000000142e+01
4.063700559550321501e+00 -4.091980017178636686e+00 0.000000000000000000e+00 -4.832619511511815347e-02 -1.832025870201370310e-01 0.000000000000000000e+00 5.870000000000000284e+01
4.058867940038810573e+00 -4.110300275880650389e+00 0.000000000000000000e+00 -4.832619511510927168e-02 -1.832025870201370310e-01 0.000000000000000000e+00 5.880000000000000426e+01
4.054131417451825925e+00 -4.128299019890777188e+00 0.000000000000000000e+00 -4.736522586984648342e-02 -1.799874401012679925e-01 0.000000000000000000e+00 5.890000000000000568e+01
4.049660022360536793e+00 -4.145410717978163184e+00 0.000000000000000000e+00 -4.471395091289132040e-02 -1.711169808738599585e-01 0.000000000000000000e+00 5.900000000000000000e+01
4.045188627269248549e+00 -4.162522416065550068e+00 0.000000000000000000e+00 -4.471395091288243862e-02 -1.711169808738688403e-01 0.000000000000000000e+00 5.910000000000000142e+01
4.040717232177960305e+00 -4.179634114152936064e+00 0.000000000000000000e+00 -4.471395091288243862e-02 -1.711169808738599585e-01 0.000000000000000000e+00 5.920000000000000284e+01
4.036212615545429649e+00 -4.196923114349303319e+00 0.000000000000000000e+00 -4.504616632530655806e-02 -1.728900019636725460e-01 0.000000000000000000e+00 5.930000000000000426e+01
4.031464730276212549e+00 -4.215510430057890723e+00 0.000000000000000000e+00 -4.747885269217100301e-02 -1.858731570858740412e-01 0.000000000000000000e+00 5.940000000000000568e+01
4.026716845006995449e+00 -4.234097745766478127e+00 0.000000000000000000e+00 -4.747885269217100301e-02 -1.858731570858740412e-01 0.000000000000000000e+00 5.950000000000000000e+01
4.021968959737778349e+00 -4.252685061475065531e+00 0.000000000000000000e+00 -4.747885269217100301e-02 -1.858731570858740412e-01 0.000000000000000000e+00 5.960000000000000142e+01
4.017221074468561248e+00 -4.271272377183652935e+00 0.000000000000000000e+00 -4.747885269217100301e-02 -1.858731570858740412e-01 0.000000000000000000e+00 5.970000000000000284e+01
4.013997177475612688e+00 -4.289826790422489822e+00 0.000000000000000000e+00 -3.223896992948560580e-02 -1.855441323883688653e-01 0.000000000000000000e+00 5.980000000000000426e+01
4.011681608264583865e+00 -4.308361593125056288e+00 0.000000000000000000e+00 -2.315569211028822849e-02 -1.853480270256646634e-01 0.000000000000000000e+00 5.990000000000000568e+01
4.009366039053555930e+00 -4.326896395827622754e+00 0.000000000000000000e+00 -2.315569211027934671e-02 -1.853480270256646634e-01 0.000000000000000000e+00 6.000000000000000000e+01
4.007050469842527995e+00 -4.345431198530189221e+00 0.000000000000000000e+00 -2.315569211027934671e-02 -1.853480270256646634e-01 0.000000000000000000e+00 6.010000000000000142e+01
4.004738907892805067e+00 -4.363927591908112191e+00 0.000000000000000000e+00 -2.311561949722928944e-02 -1.849639337792297056e-01 0.000000000000000000e+00 6.020000000000000284e+01
4.002440866324127100e+00 -4.382294393361470419e+00 0.000000000000000000e+00 -2.298041568677966495e-02 -1.836680145335822800e-01 0.000000000000000000e+00 6.030000000000000426e+01
4.000142824755449134e+00 -4.400661194814828647e+00 0.000000000000000000e+00 -2.298041568677966495e-02 -1.836680145335822800e-01 0.000000000000000000e+00 6.040000000000000568e+01
3.997844783186771611e+00 -4.419027996268186875e+00 0.000000000000000000e+00 -2.298041568677522406e-02 -1.836680145335822800e-01 0.000000000000000000e+00 6.050000000000000000e+01
3.995546741618093645e+00 -4.437394797721545103e+00 0.000000000000000000e+00 -2.298041568677966495e-02 -1.836680145335822800e-01 0.000000000000000000e+00 6.060000000000000142e+01
3.992983841291588121e+00 -4.457844453070055835e+00 0.000000000000000000e+00 -2.562900326505523907e-02 -2.044965534851073130e-01 0.000000000000000000e+00 6.070000000000000284e+01
3.990388449597242815e+00 -4.478549621102455802e+00 0.000000000000000000e+00 -2.595391694345305922e-02 -2.070516803239996761e-01 0.000000000000000000e+00 6.080000000000000426e+01
3.987793057902897509e+00 -4.499254789134855770e+00 0.000000000000000000e+00 -2.595391694345305922e-02 -2.070516803239996761e-01 0.000000000000000000e+00 6.090000000000000568e+01
3.985197666208552203e+00 -4.519959957167255737e+00 0.000000000000000000e+00 -2.595391694345305922e-02 -2.070516803239996761e-01 0.000000000000000000e+00 6.100000000000000000e+01
3.982602274514206897e+00 -4.540665125199655705e+00 0.000000000000000000e+00 -2.595391694345305922e-02 -2.070516803239996761e-01 0.000000000000000000e+00 6.110000000000000142e+01
3.980096881711721046e+00 -4.560693162049251903e+00 0.000000000000000000e+00 -2.505392802485850723e-02 -2.002803684959619801e-01 0.000000000000000000e+00 6.120000000000000284e+01
3.977594294872170533e+00 -4.580700087472232340e+00 0.000000000000000000e+00 -2.502586839550513531e-02 -2.000692542298043719e-01 0.000000000000000000e+00 6.130000000000000426e+01
3.975091708032619575e+00 -4.600707012895213666e+00 0.000000000000000000e+00 -2.502586839550957620e-02 -2.000692542298132537e-01 0.000000000000000000e+00 6.140000000000000568e+01
3.972589121193068618e+00 -4.620713938318194103e+00 0.000000000000000000e+00 -2.502586839550957620e-02 -2.000692542298043719e-01 0.000000000000000000e+00 6.150000000000000000e+01
3.970106766336095827e+00 -4.640559910418305734e+00 0.000000000000000000e+00 -2.482354856972790458e-02 -1.984597210011163071e-01 0.000000000000000000e+00 6.160000000000000142e+01
3.967690783739734162e+00 -4.659877865264038022e+00 0.000000000000000000e+00 -2.415982596361665458e-02 -1.931795484573228805e-01 0.000000000000000000e+00 6.170000000000000284e+01
3.965274801143372052e+00 -4.679195820109770310e+00 0.000000000000000000e+00 -2.415982596362109547e-02 -1.931795484573228805e-01 0.000000000000000000e+00 6.180000000000000426e+01
3.962858818547010387e+00 -4.698513774955503486e+00 0.000000000000000000e+00 -2.415982596361665458e-02 -1.931795484573317623e-01 0.000000000000000000e+00 6.190000000000000568e+01
3.960442835950648277e+00 -4.717831729801235774e+00 0.000000000000000000e+00 -2.415982596362109547e-02 -1.931795484573228805e-01 0.000000000000000000e+00 6.200000000000000000e+01
3.957996497063030361e+00 -4.737371188082097007e+00 0.000000000000000000e+00 -2.446338887617915958e-02 -1.953945828086123271e-01 0.000000000000000000e+00 6.210000000000000142e+01
3.955534693791366241e+00 -4.757023486701707604e+00 0.000000000000000000e+00 -2.461803271664120274e-02 -1.965229861961059754e-01 0.000000000000000000e+00 6.220000000000000284e+01
3.953072890519702121e+00 -4.776675785321317314e+00 0.000000000000000000e+00 -2.461803271664120274e-02 -1.965229861960970936e-01 0.000000000000000000e+00 6.230000000000000426e+01
3.950611087248038000e+00 -4.796328083940927023e+00 0.000000000000000000e+00 -2.461803271664120274e-02 -1.965229861960970936e-01 0.000000000000000000e+00 6.240000000000000568e+01
3.948146477177895353e+00 -4.816002401569956959e+00 0.000000000000000000e+00 -2.464610070142647658e-02 -1.967431762902993597e-01 0.000000000000000000e+00 6.250000000000000000e+01
3.945479212154069604e+00 -4.837266523870749957e+00 0.000000000000000000e+00 -2.667265023825748926e-02 -2.126412230079299803e-01 0.000000000000000000e+00 6.260000000000000142e+01
3.942811947130243855e+00 -4.858530646171542955e+00 0.000000000000000000e+00 -2.667265023825748926e-02 -2.126412230079299803e-01 0.000000000000000000e+00 6.270000000000000284e+01
3.940144682106418106e+00 -4.879794768472335953e+00 0.000000000000000000e+00 -2.667265023825748926e-02 -2.126412230079299803e-01 0.000000000000000000e+00 6.280000000000000426e+01
3.937477417082592801e+00 -4.901058890773128951e+00 0.000000000000000000e+00 -2.667265023825304837e-02 -2.126412230079299803e-01 0.000000000000000000e+00 6.290000000000000568e+01
3.934810152058767052e+00 -4.922323013073921061e+00 0.000000000000000000e+00 -2.667265023825748926e-02 -2.126412230079210985e-01 0.000000000000000000e+00 6.300000000000000000e+01
3.932430591863614655e+00 -4.941264094932560802e+00 0.000000000000000000e+00 -2.379560195152397029e-02 -1.894108185863974114e-01 0.000000000000000000e+00 6.310000000000000142e+01
3.930066390878419913e+00 -4.960081160569245640e+00 0.000000000000000000e+00 -2.364200985194742088e-02 -1.881706563668483767e-01 0.000000000000000000e+00 6.320000000000000284e+01
3.927702189893224727e+00 -4.978898226205931365e+00 0.000000000000000000e+00 -2.364200985195186178e-02 -1.881706563668572585e-01 0.000000000000000000e+00 6.330000000000000426e+01
3.925337988908029541e+00 -4.997715291842616203e+00 0.000000000000000000e+00 -2.364200985195186178e-02 -1.881706563668483767e-01 0.000000000000000000e+00 6.340000000000000568e+01
3.922944274029718681e+00 -5.016756631217885065e+00 0.000000000000000000e+00 -2.393714878310859717e-02 -1.904133937526886200e-01 0.000000000000000000e+00 6.350000000000000000e+01
3.920524726029079421e+00 -5.035994274445745766e+00 0.000000000000000000e+00 -2.419548000639260010e-02 -1.923764322786070124e-01 0.000000000000000000e+00 6.360000000000000142e+01
3.918105178028440605e+00 -5.055231917673606468e+00 0.000000000000000000e+00 -2.419548000638815921e-02 -1.923764322786070124e-01 0.000000000000000000e+00 6.370000000000000284e+01
3.915685630027801789e+00 -5.074469560901467169e+00 0.000000000000000000e+00 -2.419548000638815921e-02 -1.923764322786070124e-01 0.000000000000000000e+00 6.380000000000000426e+01
3.913266082027162529e+00 -5.093707204129327870e+00 0.000000000000000000e+00 -2.419548000639260010e-02 -1.923764322786070124e-01 0.000000000000000000e+00 6.390000000000000568e+01
3.911011026176086869e+00 -5.111612440371561483e+00 0.000000000000000000e+00 -2.255055851075660200e-02 -1.790523624223361310e-01 0.000000000000000000e+00 6.400000000000000000e+01
3.908758619946469004e+00 -5.129496214348582939e+00 0.000000000000000000e+00 -2.252406229617864852e-02 -1.788377397702145544e-01 0.000000000000000000e+00 6.410000000000000853e+01
3.906506213716850695e+00 -5.147379988325605282e+00 0.000000000000000000e+00 -2.252406229618308942e-02 -1.788377397702234362e-01 0.000000000000000000e+00 6.420000000000000284e+01
3.904253807487232386e+00 -5.165263762302627626e+00 0.000000000000000000e+00 -2.252406229618308942e-02 -1.788377397702234362e-01 0.000000000000000000e+00 6.429999999999999716e+01
3.901859782308231051e+00 -5.184267691612149065e+00 0.000000000000000000e+00 -2.394025179001335601e-02 -1.900392930952143900e-01 0.000000000000000000e+00 6.440000000000000568e+01
3.899419931360026847e+00 -5.203634086396542457e+00 0.000000000000000000e+00 -2.439850948204203007e-02 -1.936639478439339257e-01 0.000000000000000000e+00 6.450000000000000000e+01
3.896980080411822644e+00 -5.223000481180935850e+00 0.000000000000000000e+00 -2.439850948204203007e-02 -1.936639478439339257e-01 0.000000000000000000e+00 6.460000000000000853e+01
3.894540229463617997e+00 -5.242366875965329243e+00 0.000000000000000000e+00 -2.439850948204647096e-02 -1.936639478439339257e-01 0.000000000000000000e+00 6.470000000000000284e+01
3.892129990882047696e+00 -5.261494625227062016e+00 0.000000000000000000e+00 -2.410238581570300909e-02 -1.912774926173277379e-01 0.000000000000000000e+00 6.479999999999999716e+01
3.889857740639549366e+00 -5.279510328980706824e+00 0.000000000000000000e+00 -2.272250242498330408e-02 -1.801570375364480725e-01 0.000000000000000000e+00 6.490000000000000568e+01
3.887585490397051036e+00 -5.297526032734351631e+00 0.000000000000000000e+00 -2.272250242498330408e-02 -1.801570375364480725e-01 0.000000000000000000e+00 6.500000000000000000e+01
3.885313240154552705e+00 -5.315541736487995550e+00 0.000000000000000000e+00 -2.272250242498330408e-02 -1.801570375364391907e-01 0.000000000000000000e+00 6.510000000000000853e+01
3.883040989912054375e+00 -5.333557440241640357e+00 0.000000000000000000e+00 -2.272250242498330408e-02 -1.801570375364480725e-01 0.000000000000000000e+00 6.520000000000000284e+01
3.880603717266083663e+00 -5.352882846329088729e+00 0.000000000000000000e+00 -2.437272645970711693e-02 -1.932540608744837130e-01 0.000000000000000000e+00 6.529999999999999716e+01
3.878151582456909274e+00 -5.372326206157505446e+00 0.000000000000000000e+00 -2.452134809174388863e-02 -1.944335982841671751e-01 0.000000000000000000e+00 6.540000000000000568e+01
3.875699447647734885e+00 -5.391769565985922164e+00 0.000000000000000000e+00 -2.452134809174388863e-02 -1.944335982841671751e-01 0.000000000000000000e+00 6.550000000000000000e+01
3.873247312838560941e+00 -5.411212925814338881e+00 0.000000000000000000e+00 -2.452134809173944774e-02 -1.944335982841671751e-01 0.000000000000000000e+00 6.560000000000000853e+01
3.870850241569698813e+00 -5.430214656014172192e+00 0.000000000000000000e+00 -2.397071268862127624e-02 -1.900173019983331102e-01 0.000000000000000000e+00 6.570000000000000284e+01
3.868569766154514866e+00 -5.448281245043246734e+00 0.000000000000000000e+00 -2.280475415183946808e-02 -1.806658902907454234e-01 0.000000000000000000e+00 6.579999999999999716e+01
3.866289290739330919e+00 -5.466347834072322165e+00 0.000000000000000000e+00 -2.280475415183946808e-02 -1.806658902907543052e-01 0.000000000000000000e+00 6.590000000000000568e+01
3.864008815324146529e+00 -5.484414423101396707e+00 0.000000000000000000e+00 -2.280475415184390897e-02 -1.806658902907454234e-01 0.000000000000000000e+00 6.600000000000000000e+01
3.861719583609203976e+00 -5.502550732886259510e+00 0.000000000000000000e+00 -2.289231714942552287e-02 -1.813630978486280299e-01 0.000000000000000000e+00 6.610000000000000853e+01
3.859263073056785398e+00 -5.522018975941790586e+00 0.000000000000000000e+00 -2.456510552418578186e-02 -1.946824305553107592e-01 0.000000000000000000e+00 6.620000000000000284e+01
3.856806562504366820e+00 -5.541487218997321662e+00 0.000000000000000000e+00 -2.456510552418578186e-02 -1.946824305553107592e-01 0.000000000000000000e+00 6.629999999999999716e+01
3.854350051951948242e+00 -5.560955462052853626e+00 0.000000000000000000e+00 -2.456510552418578186e-02 -1.946824305553196410e-01 0.000000000000000000e+00 6.640000000000000568e+01
3.851893541399529663e+00 -5.580423705108384702e+00 0.000000000000000000e+00 -2.456510552418578186e-02 -1.946824305553107592e-01 0.000000000000000000e+00 6.650000000000000000e+01
3.849514633878103442e+00 -5.599271644761400601e+00 0.000000000000000000e+00 -2.378907521426221194e-02 -1.884793965301589935e-01 0.000000000000000000e+00 6.660000000000000853e+01
3.847231536548260777e+00 -5.617353745927498032e+00 0.000000000000000000e+00 -2.283097329842664891e-02 -1.808210116609743068e-01 0.000000000000000000e+00 6.670000000000000284e+01
3.844948439218418113e+00 -5.635435847093596351e+00 0.000000000000000000e+00 -2.283097329842664891e-02 -1.808210116609831886e-01 0.000000000000000000e+00 6.679999999999999716e+01
3.842665341888575892e+00 -5.653517948259693782e+00 0.000000000000000000e+00 -2.283097329842220802e-02 -1.808210116609743068e-01 0.000000000000000000e+00 6.690000000000000568e+01
3.840352229372500314e+00 -5.671839656306316257e+00 0.000000000000000000e+00 -2.313112516075577219e-02 -1.832170804662247576e-01 0.000000000000000000e+00 6.700000000000000000e+01
3.837895618876231207e+00 -5.691306887926534941e+00 0.000000000000000000e+00 -2.456610496269107102e-02 -1.946723162021868347e-01 0.000000000000000000e+00 6.710000000000000853e+01
3.835439008379962100e+00 -5.710774119546753624e+00 0.000000000000000000e+00 -2.456610496269107102e-02 -1.946723162021868347e-01 0.000000000000000000e+00 6.720000000000000284e+01
3.832982397883692993e+00 -5.730241351166972308e+00 0.000000000000000000e+00 -2.456610496269107102e-02 -1.946723162021868347e-01 0.000000000000000000e+00 6.729999999999999716e+01
3.830525787387423886e+00 -5.749708582787191880e+00 0.000000000000000000e+00 -2.456610496269107102e-02 -1.946723162021957165e-01 0.000000000000000000e+00 6.740000000000000568e+01
3.828168691583784256e+00 -5.768382011799888964e+00 0.000000000000000000e+00 -2.357095803639630560e-02 -1.867342901269708477e-01 0.000000000000000000e+00 6.750000000000000000e+01
3.825886321613154450e+00 -5.786459372437899873e+00 0.000000000000000000e+00 -2.282369970629805067e-02 -1.807736063801090864e-01 0.000000000000000000e+00 6.760000000000000853e+01
3.823603951642524645e+00 -5.804536733075909893e+00 0.000000000000000000e+00 -2.282369970629805067e-02 -1.807736063801002047e-01 0.000000000000000000e+00 6.770000000000000284e+01
3.821321581671894840e+00 -5.822614093713920802e+00 0.000000000000000000e+00 -2.282369970629805067e-02 -1.807736063801090864e-01 0.000000000000000000e+00 6.779999999999999716e+01
3.818988216602980934e+00 -5.841099246745861784e+00 0.000000000000000000e+00 -2.333365068913906271e-02 -1.848515303194098180e-01 0.000000000000000000e+00 6.790000000000000568e+01
3.816534631523015975e+00 -5.860545762884330934e+00 0.000000000000000000e+00 -2.453585079964959448e-02 -1.944651613846914984e-01 0.000000000000000000e+00 6.800000000000000000e+01
3.814081046443051015e+00 -5.879992279022800972e+00 0.000000000000000000e+00 -2.453585079964959448e-02 -1.944651613847003802e-01 0.000000000000000000e+00 6.810000000000000853e+01
3.811627461363086056e+00 -5.899438795161270122e+00 0.000000000000000000e+00 -2.453585079964959448e-02 -1.944651613846914984e-01 0.000000000000000000e+00 6.820000000000000284e+01
3.809173876283121096e+00 -5.918885311299740160e+00 0.000000000000000000e+00 -2.453585079964959448e-02 -1.944651613847003802e-01 0.000000000000000000e+00 6.829999999999999716e+01
3.806842664674000343e+00 -5.937356578480316394e+00 0.000000000000000000e+00 -2.331211609120753536e-02 -1.847126718057623407e-01 0.000000000000000000e+00 6.840000000000000568e+01
3.804563655620760265e+00 -5.955411820129614675e+00 0.000000000000000000e+00 -2.279009053240077520e-02 -1.805524164929828146e-01 0.000000000000000000e+00 6.850000000000000000e+01
3.802284646567520188e+00 -5.973467061778912957e+00 0.000000000000000000e+00 -2.279009053240077520e-02 -1.805524164929828146e-01 0.000000000000000000e+00 6.860000000000000853e+01
3.800005637514279666e+00 -5.991522303428212126e+00 0.000000000000000000e+00 -2.279009053240521609e-02 -1.805524164929916964e-01 0.000000000000000000e+00 6.870000000000000284e+01
3.797653735000888542e+00 -6.010160920950260000e+00 0.000000000000000000e+00 -2.351902513391124216e-02 -1.863861752204787336e-01 0.000000000000000000e+00 6.879999999999999716e+01
3.795206370314517130e+00 -6.029563534698604066e+00 0.000000000000000000e+00 -2.447364686371411580e-02 -1.940261374834406638e-01 0.000000000000000000e+00 6.890000000000000568e+01
3.792759005628145719e+00 -6.048966148446947244e+00 0.000000000000000000e+00 -2.447364686371411580e-02 -1.940261374834317820e-01 0.000000000000000000e+00 6.900000000000000000e+01
3.790311640941774307e+00 -6.068368762195290422e+00 0.000000000000000000e+00 -2.447364686371411580e-02 -1.940261374834317820e-01 0.000000000000000000e+00 6.910000000000000853e+01
3.787864276255402896e+00 -6.087771375943633601e+00 0.000000000000000000e+00 -2.447364686371411580e-02 -1.940261374834317820e-01 0.000000000000000000e+00 6.920000000000000284e+01
3.785564662166295058e+00 -6.105996346244586981e+00 0.000000000000000000e+00 -2.299614089107837600e-02 -1.822497030095338033e-01 0.000000000000000000e+00 6.929999999999999716e+01
3.783291834527015673e+00 -6.124007815634524121e+00 0.000000000000000000e+00 -2.272827639279384471e-02 -1.801146938993714031e-01 0.000000000000000000e+00 6.940000000000000568e+01
3.781019006887736733e+00 -6.142019285024460373e+00 0.000000000000000000e+00 -2.272827639278940381e-02 -1.801146938993625213e-01 0.000000000000000000e+00 6.950000000000000000e+01
3.778746179248457349e+00 -6.160030754414397514e+00 0.000000000000000000e+00 -2.272827639279384471e-02 -1.801146938993714031e-01 0.000000000000000000e+00 6.960000000000000853e+01
3.776376736338193041e+00 -6.178815222010523023e+00 0.000000000000000000e+00 -2.369442910264307756e-02 -1.878446759612550920e-01 0.000000000000000000e+00 6.970000000000000284e+01
3.773939847358610766e+00 -6.198139311242706562e+00 0.000000000000000000e+00 -2.436888979582274573e-02 -1.932408923218353891e-01 0.000000000000000000e+00 6.979999999999999716e+01
3.771502958379028492e+00 -6.217463400474889212e+00 0.000000000000000000e+00 -2.436888979582274573e-02 -1.932408923218265073e-01 0.000000000000000000e+00 6.990000000000000568e+01
3.769066069399446661e+00 -6.236787489707072751e+00 0.000000000000000000e+00 -2.436888979581830483e-02 -1.932408923218353891e-01 0.000000000000000000e+00 7.000000000000000000e+01
3.766632837711703097e+00 -6.256082395503157478e+00 0.000000000000000000e+00 -2.433231687743564464e-02 -1.929490579608472700e-01 0.000000000000000000e+00 7.010000000000000853e+01
3.764369965201127766e+00 -6.274017916710776355e+00 0.000000000000000000e+00 -2.262872510575331120e-02 -1.793552120761887636e-01 0.000000000000000000e+00 7.020000000000000284e+01
3.762107092690552879e+00 -6.291953437918395231e+00 0.000000000000000000e+00 -2.262872510574887031e-02 -1.793552120761887636e-01 0.000000000000000000e+00 7.029999999999999716e+01
3.759844220179977992e+00 -6.309888959126014107e+00 0.000000000000000000e+00 -2.262872510574887031e-02 -1.793552120761887636e-01 0.000000000000000000e+00 7.040000000000000568e+01
3.757581347669402660e+00 -6.327824480333632984e+00 0.000000000000000000e+00 -2.262872510575331120e-02 -1.793552120761887636e-01 0.000000000000000000e+00 7.050000000000000000e+01
3.755195680695152749e+00 -6.346740775123221212e+00 0.000000000000000000e+00 -2.385666974249911476e-02 -1.891629478958822830e-01 0.000000000000000000e+00 7.060000000000000853e+01
3.752775644816370271e+00 -6.365931578327910678e+00 0.000000000000000000e+00 -2.420035878782478278e-02 -1.919080320468946610e-01 0.000000000000000000e+00 7.070000000000000284e+01
3.750355608937587348e+00 -6.385122381532601032e+00 0.000000000000000000e+00 -2.420035878782922367e-02 -1.919080320469035428e-01 0.000000000000000000e+00 7.079999999999999716e+01
3.747935573058804870e+00 -6.404313184737290499e+00 0.000000000000000000e+00 -2.420035878782478278e-02 -1.919080320468946610e-01 0.000000000000000000e+00 7.090000000000000568e+01
3.745557767314655617e+00 -6.423166293545291339e+00 0.000000000000000000e+00 -2.377805744149252831e-02 -1.885310880800084021e-01 0.000000000000000000e+00 7.100000000000000000e+01
3.743310178317550641e+00 -6.440978120666326134e+00 0.000000000000000000e+00 -2.247588997104976727e-02 -1.781182712103479560e-01 0.000000000000000000e+00 7.110000000000000853e+01
3.741062589320445220e+00 -6.458789947787361818e+00 0.000000000000000000e+00 -2.247588997105420816e-02 -1.781182712103568377e-01 0.000000000000000000e+00 7.120000000000000284e+01
3.738815000323339799e+00 -6.476601774908397502e+00 0.000000000000000000e+00 -2.247588997105420816e-02 -1.781182712103568377e-01 0.000000000000000000e+00 7.129999999999999716e+01
3.736562384220329047e+00 -6.494453609938346972e+00 0.000000000000000000e+00 -2.252616103010751658e-02 -1.785183502994946991e-01 0.000000000000000000e+00 7.140000000000000568e+01
3.734168401786126967e+00 -6.513430500100967357e+00 0.000000000000000000e+00 -2.393982434202079901e-02 -1.897689016262038564e-01 0.000000000000000000e+00 7.150000000000000000e+01
3.731774419351925332e+00 -6.532407390263586855e+00 0.000000000000000000e+00 -2.393982434201635812e-02 -1.897689016261949746e-01 0.000000000000000000e+00 7.160000000000000853e+01
3.729380436917723252e+00 -6.551384280426207241e+00 0.000000000000000000e+00 -2.393982434202079901e-02 -1.897689016262038564e-01 0.000000000000000000e+00 7.170000000000000284e+01
3.726986454483521172e+00 -6.570361170588827626e+00 0.000000000000000000e+00 -2.393982434202079901e-02 -1.897689016262038564e-01 0.000000000000000000e+00 7.179999999999999716e+01
3.724684495328184131e+00 -6.588599960732479666e+00 0.000000000000000000e+00 -2.301959155337041096e-02 -1.823879014365203943e-01 0.000000000000000000e+00 7.190000000000000568e+01
3.722458336779164156e+00 -6.606230769616924903e+00 0.000000000000000000e+00 -2.226158549019974231e-02 -1.763080888444523708e-01 0.000000000000000000e+00 7.200000000000000000e+01
3.720232178230144182e+00 -6.623861578501370140e+00 0.000000000000000000e+00 -2.226158549019974231e-02 -1.763080888444523708e-01 0.000000000000000000e+00 7.210000000000000853e+01
3.718006019681124208e+00 -6.641492387385815377e+00 0.000000000000000000e+00 -2.226158549019974231e-02 -1.763080888444523708e-01 0.000000000000000000e+00 7.220000000000000284e+01
3.715729472711782666e+00 -6.659521952733448380e+00 0.000000000000000000e+00 -2.276546969341541882e-02 -1.802956534763300311e-01 0.000000000000000000e+00 7.229999999999999716e+01
3.713370848191787310e+00 -6.678201051319012649e+00 0.000000000000000000e+00 -2.358624519995355939e-02 -1.867909858556426883e-01 0.000000000000000000e+00 7.240000000000000568e+01
3.711012223671791954e+00 -6.696880149904576029e+00 0.000000000000000000e+00 -2.358624519995355939e-02 -1.867909858556338065e-01 0.000000000000000000e+00 7.250000000000000000e+01
3.708653599151797042e+00 -6.715559248490139410e+00 0.000000000000000000e+00 -2.358624519994911850e-02 -1.867909858556338065e-01 0.000000000000000000e+00 7.260000000000000853e+01
3.706294974631801686e+00 -6.734238347075702791e+00 0.000000000000000000e+00 -2.358624519995355939e-02 -1.867909858556338065e-01 0.000000000000000000e+00 7.270000000000000284e+01
3.704084058406491575e+00 -6.751728530503241288e+00 0.000000000000000000e+00 -2.210916225310111116e-02 -1.749018342753849709e-01 0.000000000000000000e+00 7.279999999999999716e+01
3.701878577424478234e+00 -6.769174965249253439e+00 0.000000000000000000e+00 -2.205480982013341418e-02 -1.744643474601215161e-01 0.000000000000000000e+00 7.290000000000000568e+01
3.699673096442464892e+00 -6.786621399995265591e+00 0.000000000000000000e+00 -2.205480982013341418e-02 -1.744643474601215161e-01 0.000000000000000000e+00 7.300000000000000000e+01
3.697467615460451551e+00 -6.804067834741277743e+00 0.000000000000000000e+00 -2.205480982013341418e-02 -1.744643474601215161e-01 0.000000000000000000e+00 7.310000000000000853e+01
3.695154896833905855e+00 -6.822352581668383209e+00 0.000000000000000000e+00 -2.312718626545695599e-02 -1.828474692710546634e-01 0.000000000000000000e+00 7.320000000000000284e+01
3.692821726584649689e+00 -6.840797205703159634e+00 0.000000000000000000e+00 -2.333170249256166784e-02 -1.844462403477642454e-01 0.000000000000000000e+00 7.329999999999999716e+01
3.690488556335393966e+00 -6.859241829737936058e+00 0.000000000000000000e+00 -2.333170249255722695e-02 -1.844462403477642454e-01 0.000000000000000000e+00 7.340000000000000568e+01
3.688155386086137799e+00 -6.877686453772712483e+00 0.000000000000000000e+00 -2.333170249256166784e-02 -1.844462403477642454e-01 0.000000000000000000e+00 7.350000000000000000e+01
3.685871515770340334e+00 -6.895813414221795057e+00 0.000000000000000000e+00 -2.283870315797464912e-02 -1.812696044908257420e-01 0.000000000000000000e+00 7.360000000000000853e+01
3.683641278607602043e+00 -6.913594790031761583e+00 0.000000000000000000e+00 -2.230237162738291090e-02 -1.778137580996652645e-01 0.000000000000000000e+00 7.370000000000000284e+01
3.681411041444863752e+00 -6.931376165841727222e+00 0.000000000000000000e+00 -2.230237162738291090e-02 -1.778137580996563827e-01 0.000000000000000000e+00 7.379999999999999716e+01
3.679180804282125461e+00 -6.949157541651693748e+00 0.000000000000000000e+00 -2.230237162738291090e-02 -1.778137580996652645e-01 0.000000000000000000e+00 7.390000000000000568e+01
3.676938145164605043e+00 -6.967140377851047006e+00 0.000000000000000000e+00 -2.242659117520418022e-02 -1.798283619935325817e-01 0.000000000000000000e+00 7.400000000000000000e+01
3.674662769488520997e+00 -6.985653814164731301e+00 0.000000000000000000e+00 -2.275375676084046006e-02 -1.851343631368429499e-01 0.000000000000000000e+00 7.410000000000000853e+01
3.672387393812436951e+00 -7.004167250478415596e+00 0.000000000000000000e+00 -2.275375676084046006e-02 -1.851343631368429499e-01 0.000000000000000000e+00 7.420000000000000284e+01
3.670112018136352905e+00 -7.022680686792100779e+00 0.000000000000000000e+00 -2.275375676084046006e-02 -1.851343631368518317e-01 0.000000000000000000e+00 7.429999999999999716e+01
3.667836642460269303e+00 -7.041194123105785074e+00 0.000000000000000000e+00 -2.275375676083601917e-02 -1.851343631368429499e-01 0.000000000000000000e+00 7.440000000000000568e+01
3.665571307344267282e+00 -7.059926390171186839e+00 0.000000000000000000e+00 -2.265335116002020754e-02 -1.873226706540176423e-01 0.000000000000000000e+00 7.450000000000000000e+01
3.663306980977753202e+00 -7.078680642604626705e+00 0.000000000000000000e+00 -2.264326366514080036e-02 -1.875425243343986637e-01 0.000000000000000000e+00 7.460000000000000853e+01
3.661042654611239122e+00 -7.097434895038065683e+00 0.000000000000000000e+00 -2.264326366514080036e-02 -1.875425243343897819e-01 0.000000000000000000e+00 7.470000000000000284e+01
3.658778328244725042e+00 -7.116189147471505549e+00 0.000000000000000000e+00 -2.264326366514080036e-02 -1.875425243343986637e-01 0.000000000000000000e+00 7.479999999999999716e+01
3.656433571520689263e+00 -7.136090609894824688e+00 0.000000000000000000e+00 -2.344756724035779172e-02 -1.990146242331913840e-01 0.000000000000000000e+00 7.490000000000000568e+01
3.654003824699864733e+00 -7.157204319672009873e+00 0.000000000000000000e+00 -2.429746820824529863e-02 -2.111370977718518560e-01 0.000000000000000000e+00 7.500000000000000000e+01
3.651574077879040203e+00 -7.178318029449195059e+00 0.000000000000000000e+00 -2.429746820824529863e-02 -2.111370977718518560e-01 0.000000000000000000e+00 7.510000000000000853e+01
3.649144331058215673e+00 -7.199431739226380245e+00 0.000000000000000000e+00 -2.429746820824529863e-02 -2.111370977718518560e-01 0.000000000000000000e+00 7.520000000000000284e+01
3.646714584237391144e+00 -7.220545449003565430e+00 0.000000000000000000e+00 -2.429746820824529863e-02 -2.111370977718518560e-01 0.000000000000000000e+00 7.529999999999999716e+01
3.644434181960358732e+00 -7.240501606741302609e+00 0.000000000000000000e+00 -2.280402277032411718e-02 -1.995615773773717905e-01 0.000000000000000000e+00 7.540000000000000568e+01
3.642299877350986481e+00 -7.259325378595606004e+00 0.000000000000000000e+00 -2.134304609372250638e-02 -1.882377185430339495e-01 0.000000000000000000e+00 7.550000000000000000e+01
3.640165572741613786e+00 -7.278149150449909399e+00 0.000000000000000000e+00 -2.134304609372694728e-02 -1.882377185430339495e-01 0.000000000000000000e+00 7.560000000000000853e+01
3.638031268132241092e+00 -7.296972922304213682e+00 0.000000000000000000e+00 -2.134304609372694728e-02 -1.882377185430428312e-01 0.000000000000000000e+00 7.570000000000000284e+01
3.635903665530653139e+00 -7.315751601850891461e+00 0.000000000000000000e+00 -2.127602601587952336e-02 -1.877867954667777894e-01 0.000000000000000000e+00 7.579999999999999716e+01
3.633860227057679637e+00 -7.333964010080022966e+00 0.000000000000000000e+00 -2.043438472973502229e-02 -1.821240822913150481e-01 0.000000000000000000e+00 7.590000000000000568e+01
3.631816788584706579e+00 -7.352176418309154471e+00 0.000000000000000000e+00 -2.043438472973058140e-02 -1.821240822913150481e-01 0.000000000000000000e+00 7.600000000000000000e+01
3.629773350111733077e+00 -7.370388826538285976e+00 0.000000000000000000e+00 -2.043438472973502229e-02 -1.821240822913150481e-01 0.000000000000000000e+00 7.610000000000000853e+01
3.627729911638759575e+00 -7.388601234767417480e+00 0.000000000000000000e+00 -2.043438472973502229e-02 -1.821240822913150481e-01 0.000000000000000000e+00 7.620000000000000284e+01
3.625599609678884505e+00 -7.408637403484095607e+00 0.000000000000000000e+00 -2.130301959875069429e-02 -2.003616871667812660e-01 0.000000000000000000e+00 7.629999999999999716e+01
3.623445534728866768e+00 -7.429172702982183907e+00 0.000000000000000000e+00 -2.154074950017736967e-02 -2.053529949808829969e-01 0.000000000000000000e+00 7.640000000000000568e+01
3.621291459778849031e+00 -7.449708002480272206e+00 0.000000000000000000e+00 -2.154074950017736967e-02 -2.053529949808829969e-01 0.000000000000000000e+00 7.650000000000000000e+01
3.619137384828831294e+00 -7.470243301978360506e+00 0.000000000000000000e+00 -2.154074950017736967e-02 -2.053529949808829969e-01 0.000000000000000000e+00 7.660000000000000853e+01
3.616983309878813557e+00 -7.490778601476449694e+00 0.000000000000000000e+00 -2.154074950017736967e-02 -2.053529949808918786e-01 0.000000000000000000e+00 7.670000000000000284e+01
3.615025589116706239e+00 -7.509258567100745907e+00 0.000000000000000000e+00 -1.957720762107317825e-02 -1.847996562429621292e-01 0.000000000000000000e+00 7.680000000000001137e+01
3.613078815049601822e+00 -7.527623948395136821e+00 0.000000000000000000e+00 -1.946774067104417583e-02 -1.836538129439091449e-01 0.000000000000000000e+00 7.690000000000000568e+01
3.611132040982497404e+00 -7.545989329689527736e+00 0.000000000000000000e+00 -1.946774067104417583e-02 -1.836538129439091449e-01 0.000000000000000000e+00 7.700000000000000000e+01
3.609185266915392987e+00 -7.564354710983918650e+00 0.000000000000000000e+00 -1.946774067104417583e-02 -1.836538129439091449e-01 0.000000000000000000e+00 7.710000000000000853e+01
3.607287127649998038e+00 -7.582385127920130863e+00 0.000000000000000000e+00 -1.898139265394949149e-02 -1.803041693621221242e-01 0.000000000000000000e+00 7.720000000000000284e+01
3.605418474702656972e+00 -7.600212462593129104e+00 0.000000000000000000e+00 -1.868652947341065129e-02 -1.782733467299824071e-01 0.000000000000000000e+00 7.730000000000001137e+01
3.603549821755315907e+00 -7.618039797266127344e+00 0.000000000000000000e+00 -1.868652947341065129e-02 -1.782733467299824071e-01 0.000000000000000000e+00 7.740000000000000568e+01
3.601681168807974842e+00 -7.635867131939125585e+00 0.000000000000000000e+00 -1.868652947341065129e-02 -1.782733467299824071e-01 0.000000000000000000e+00 7.750000000000000000e+01
3.599790593912726600e+00 -7.654691474918287497e+00 0.000000000000000000e+00 -1.890574895248242626e-02 -1.882434297916191213e-01 0.000000000000000000e+00 7.760000000000000853e+01
3.597870602806994444e+00 -7.674853664621280380e+00 0.000000000000000000e+00 -1.919991105732155035e-02 -2.016218970299288316e-01 0.000000000000000000e+00 7.770000000000000284e+01
3.595950611701262734e+00 -7.695015854324273263e+00 0.000000000000000000e+00 -1.919991105731710945e-02 -2.016218970299288316e-01 0.000000000000000000e+00 7.780000000000001137e+01
3.594030620595531023e+00 -7.715178044027266147e+00 0.000000000000000000e+00 -1.919991105731710945e-02 -2.016218970299288316e-01 0.000000000000000000e+00 7.790000000000000568e+01
3.592110629489798868e+00 -7.735340233730259030e+00 0.000000000000000000e+00 -1.919991105732155035e-02 -2.016218970299288316e-01 0.000000000000000000e+00 7.800000000000000000e+01
3.590282363284220235e+00 -7.754105286663039998e+00 0.000000000000000000e+00 -1.828266205578632508e-02 -1.876505293278096786e-01 0.000000000000000000e+00 7.810000000000000853e+01
3.588497082265503124e+00 -7.772215597153600442e+00 0.000000000000000000e+00 -1.785281018717110868e-02 -1.811031049056044395e-01 0.000000000000000000e+00 7.820000000000000284e+01
3.586711801246786013e+00 -7.790325907644159997e+00 0.000000000000000000e+00 -1.785281018717110868e-02 -1.811031049055955577e-01 0.000000000000000000e+00 7.830000000000001137e+01
3.584926520228069347e+00 -7.808436218134719553e+00 0.000000000000000000e+00 -1.785281018716666779e-02 -1.811031049055955577e-01 0.000000000000000000e+00 7.840000000000000568e+01
3.583169636612136166e+00 -7.826319267635376775e+00 0.000000000000000000e+00 -1.756883615933180209e-02 -1.788304950065722210e-01 0.000000000000000000e+00 7.850000000000000000e+01
3.581452044323796269e+00 -7.843887873379627784e+00 0.000000000000000000e+00 -1.717592288339897522e-02 -1.756860574425100907e-01 0.000000000000000000e+00 7.860000000000000853e+01
3.579734452035456815e+00 -7.861456479123877905e+00 0.000000000000000000e+00 -1.717592288339453432e-02 -1.756860574425012089e-01 0.000000000000000000e+00 7.870000000000000284e+01
3.578016859747117362e+00 -7.879025084868128026e+00 0.000000000000000000e+00 -1.717592288339453432e-02 -1.756860574425012089e-01 0.000000000000000000e+00 7.880000000000001137e+01
3.576291680568040476e+00 -7.897282734761802203e+00 0.000000000000000000e+00 -1.725179179076885561e-02 -1.825764989367417712e-01 0.000000000000000000e+00 7.890000000000000568e+01
3.574547614640754212e+00 -7.917255685930444820e+00 0.000000000000000000e+00 -1.744065927286264639e-02 -1.997295116864261644e-01 0.000000000000000000e+00 7.900000000000000000e+01
3.572803548713467947e+00 -7.937228637099087436e+00 0.000000000000000000e+00 -1.744065927286264639e-02 -1.997295116864261644e-01 0.000000000000000000e+00 7.910000000000000853e+01
3.571059482786181682e+00 -7.957201588267730941e+00 0.000000000000000000e+00 -1.744065927286264639e-02 -1.997295116864350462e-01 0.000000000000000000e+00 7.920000000000000284e+01
3.569315416858895418e+00 -7.977174539436373557e+00 0.000000000000000000e+00 -1.744065927286264639e-02 -1.997295116864261644e-01 0.000000000000000000e+00 7.930000000000001137e+01
3.567606001564315399e+00 -7.996336787860998108e+00 0.000000000000000000e+00 -1.709415294580018951e-02 -1.916224842462455058e-01 0.000000000000000000e+00 7.940000000000000568e+01
3.565920911785487313e+00 -8.014929904906782809e+00 0.000000000000000000e+00 -1.685089778828086082e-02 -1.859311704578470170e-01 0.000000000000000000e+00 7.950000000000000000e+01
3.564235822006658783e+00 -8.033523021952568399e+00 0.000000000000000000e+00 -1.685089778828530171e-02 -1.859311704578558988e-01 0.000000000000000000e+00 7.960000000000000853e+01
3.562550732227830697e+00 -8.052116138998353989e+00 0.000000000000000000e+00 -1.685089778828086082e-02 -1.859311704578558988e-01 0.000000000000000000e+00 7.970000000000000284e+01
3.560882047071520340e+00 -8.071305666344805729e+00 0.000000000000000000e+00 -1.668685156310356632e-02 -1.918952734645174019e-01 0.000000000000000000e+00 7.980000000000001137e+01
3.559272551739014467e+00 -8.092647112796516495e+00 0.000000000000000000e+00 -1.609495332505872511e-02 -2.134144645171076604e-01 0.000000000000000000e+00 7.990000000000000568e+01
3.557663056406508151e+00 -8.113988559248227261e+00 0.000000000000000000e+00 -1.609495332506316601e-02 -2.134144645171076604e-01 0.000000000000000000e+00 8.000000000000000000e+01
3.556053561074001834e+00 -8.135330005699938027e+00 0.000000000000000000e+00 -1.609495332506316601e-02 -2.134144645171076604e-01 0.000000000000000000e+00 8.010000000000000853e+01
3.554444065741495962e+00 -8.156671452151648793e+00 0.000000000000000000e+00 -1.609495332505872511e-02 -2.134144645171076604e-01 0.000000000000000000e+00 8.020000000000000284e+01
3.552842516849530785e+00 -8.177819004544822690e+00 0.000000000000000000e+00 -1.601548891965176580e-02 -2.114755239317389623e-01 0.000000000000000000e+00 8.030000000000001137e+01
3.551275894795529187e+00 -8.198114338094923070e+00 0.000000000000000000e+00 -1.566622054001598485e-02 -2.029533355010038065e-01 0.000000000000000000e+00 8.040000000000000568e+01
3.549709272741527588e+00 -8.218409671645023451e+00 0.000000000000000000e+00 -1.566622054001598485e-02 -2.029533355010038065e-01 0.000000000000000000e+00 8.050000000000000000e+01
3.548142650687525546e+00 -8.238705005195123832e+00 0.000000000000000000e+00 -1.566622054002042574e-02 -2.029533355010038065e-01 0.000000000000000000e+00 8.060000000000000853e+01
3.546576028633523947e+00 -8.259000338745224212e+00 0.000000000000000000e+00 -1.566622054001598485e-02 -2.029533355010038065e-01 0.000000000000000000e+00 8.070000000000000284e+01
3.545030968371031044e+00 -8.279050059605486567e+00 0.000000000000000000e+00 -1.545060262492903291e-02 -2.004972086026235445e-01 0.000000000000000000e+00 8.080000000000001137e+01
3.543518263082117148e+00 -8.298731221476252529e+00 0.000000000000000000e+00 -1.512705288913895885e-02 -1.968116187076596191e-01 0.000000000000000000e+00 8.090000000000000568e+01
3.542005557793202808e+00 -8.318412383347016714e+00 0.000000000000000000e+00 -1.512705288914339974e-02 -1.968116187076418555e-01 0.000000000000000000e+00 8.100000000000000000e+01
3.540492852504288468e+00 -8.338093545217782676e+00 0.000000000000000000e+00 -1.512705288914339974e-02 -1.968116187076596191e-01 0.000000000000000000e+00 8.110000000000000853e+01
3.538980147215374572e+00 -8.357774707088546862e+00 0.000000000000000000e+00 -1.512705288913895885e-02 -1.968116187076418555e-01 0.000000000000000000e+00 8.120000000000000284e+01
3.537495675449673804e+00 -8.377153153500877636e+00 0.000000000000000000e+00 -1.484471765700767776e-02 -1.937844641233077425e-01 0.000000000000000000e+00 8.130000000000001137e+01
3.536020269787795378e+00 -8.396434394553674352e+00 0.000000000000000000e+00 -1.475405661878426145e-02 -1.928124105279671596e-01 0.000000000000000000e+00 8.140000000000000568e+01
3.534544864125917396e+00 -8.415715635606471068e+00 0.000000000000000000e+00 -1.475405661877982055e-02 -1.928124105279671596e-01 0.000000000000000000e+00 8.150000000000000000e+01
3.533069458464039414e+00 -8.434996876659267784e+00 0.000000000000000000e+00 -1.475405661877982055e-02 -1.928124105279671596e-01 0.000000000000000000e+00 8.160000000000000853e+01
3.531598470192600647e+00 -8.454160179283615406e+00 0.000000000000000000e+00 -1.470988271438766759e-02 -1.916330262434762233e-01 0.000000000000000000e+00 8.170000000000000284e+01
3.530144452215451256e+00 -8.472870397702193301e+00 0.000000000000000000e+00 -1.454017977149391072e-02 -1.871021841857789525e-01 0.000000000000000000e+00 8.180000000000001137e+01
3.528690434238301865e+00 -8.491580616120771197e+00 0.000000000000000000e+00 -1.454017977149391072e-02 -1.871021841857789525e-01 0.000000000000000000e+00 8.190000000000000568e+01
3.527236416261152918e+00 -8.510290834539347316e+00 0.000000000000000000e+00 -1.454017977148946983e-02 -1.871021841857611889e-01 0.000000000000000000e+00 8.200000000000000000e+01
3.525782398284003527e+00 -8.529001052957925211e+00 0.000000000000000000e+00 -1.454017977149391072e-02 -1.871021841857789525e-01 0.000000000000000000e+00 8.210000000000000853e+01
3.524338010061091708e+00 -8.547406119079724363e+00 0.000000000000000000e+00 -1.444388222911818787e-02 -1.840506612179915180e-01 0.000000000000000000e+00 8.220000000000000284e+01
3.522896128279693340e+00 -8.565731759873985496e+00 0.000000000000000000e+00 -1.441881781398368645e-02 -1.832564079426113324e-01 0.000000000000000000e+00 8.230000000000001137e+01
3.521454246498294527e+00 -8.584057400668246629e+00 0.000000000000000000e+00 -1.441881781398812734e-02 -1.832564079426113324e-01 0.000000000000000000e+00 8.240000000000000568e+01
3.520012364716895714e+00 -8.602383041462505986e+00 0.000000000000000000e+00 -1.441881781398812734e-02 -1.832564079425935688e-01 0.000000000000000000e+00 8.250000000000000000e+01
3.518642380338006248e+00 -8.620990911653047206e+00 0.000000000000000000e+00 -1.369984378889466115e-02 -1.860787019054122027e-01 0.000000000000000000e+00 8.260000000000000853e+01
3.517350356036951897e+00 -8.639904809946601816e+00 0.000000000000000000e+00 -1.292024301054350843e-02 -1.891389829355460961e-01 0.000000000000000000e+00 8.270000000000000284e+01
3.516058331735897546e+00 -8.658818708240156425e+00 0.000000000000000000e+00 -1.292024301054350843e-02 -1.891389829355460961e-01 0.000000000000000000e+00 8.280000000000001137e+01
3.514766307434843196e+00 -8.677732606533709259e+00 0.000000000000000000e+00 -1.292024301054350843e-02 -1.891389829355283325e-01 0.000000000000000000e+00 8.290000000000000568e+01
3.513684158145871095e+00 -8.696772730459889189e+00 0.000000000000000000e+00 -1.082149288972100720e-02 -1.904012392617993044e-01 0.000000000000000000e+00 8.300000000000000000e+01
3.514351610237766987e+00 -8.716865121347016299e+00 0.000000000000000000e+00 6.674520918958926075e-03 -2.009239088712710952e-01 0.000000000000000000e+00 8.310000000000000853e+01
3.515019062329663324e+00 -8.736957512234143408e+00 0.000000000000000000e+00 6.674520918963366967e-03 -2.009239088712710952e-01 0.000000000000000000e+00 8.320000000000000284e+01
3.515686514421559217e+00 -8.757049903121270518e+00 0.000000000000000000e+00 6.674520918958926075e-03 -2.009239088712710952e-01 0.000000000000000000e+00 8.330000000000001137e+01
3.516353966513455553e+00 -8.777142294008395851e+00 0.000000000000000000e+00 6.674520918963366967e-03 -2.009239088712533317e-01 0.000000000000000000e+00 8.340000000000000568e+01
3.520683256836190100e+00 -8.797900068597042988e+00 0.000000000000000000e+00 4.329290322734546947e-02 -2.075777458864713765e-01 0.000000000000000000e+00 8.350000000000000000e+01
3.527935713361316505e+00 -8.819189004592965730e+00 0.000000000000000000e+00 7.252456525126405040e-02 -2.128893599592274199e-01 0.000000000000000000e+00 8.360000000000000853e+01
3.535188169886442466e+00 -8.840477940588886696e+00 0.000000000000000000e+00 7.252456525125960951e-02 -2.128893599592096564e-01 0.000000000000000000e+00 8.370000000000000284e+01
3.542440626411568871e+00 -8.861766876584809438e+00 0.000000000000000000e+00 7.252456525126405040e-02 -2.128893599592274199e-01 0.000000000000000000e+00 8.380000000000001137e+01
3.549693082936695276e+00 -8.883055812580730404e+00 0.000000000000000000e+00 7.252456525126405040e-02 -2.128893599592096564e-01 0.000000000000000000e+00 8.390000000000000568e+01
3.556967060103355838e+00 -8.904429923028846616e+00 0.000000000000000000e+00 7.273977166660561267e-02 -2.137411044811621252e-01 0.000000000000000000e+00 8.400000000000000000e+01
3.564852838744470453e+00 -8.928225422976703740e+00 0.000000000000000000e+00 7.885778641114615795e-02 -2.379549994785712386e-01 0.000000000000000000e+00 8.410000000000000853e+01
3.572738617385585069e+00 -8.952020922924559088e+00 0.000000000000000000e+00 7.885778641114615795e-02 -2.379549994785534750e-01 0.000000000000000000e+00 8.420000000000000284e+01
3.580624396026699685e+00 -8.975816422872414435e+00 0.000000000000000000e+00 7.885778641114615795e-02 -2.379549994785534750e-01 0.000000000000000000e+00 8.430000000000001137e+01
3.588510174667814301e+00 -8.999611922820271559e+00 0.000000000000000000e+00 7.885778641114615795e-02 -2.379549994785712386e-01 0.000000000000000000e+00 8.440000000000000568e+01
3.596395953308928917e+00 -9.023407422768126906e+00 0.000000000000000000e+00 7.885778641114615795e-02 -2.379549994785534750e-01 0.000000000000000000e+00 8.450000000000000000e+01
3.602108130647729389e+00 -9.046757793086323218e+00 0.000000000000000000e+00 5.712177338800472626e-02 -2.335037031819631181e-01 0.000000000000000000e+00 8.460000000000000853e+01
3.596291753218502141e+00 -9.067747242241591010e+00 0.000000000000000000e+00 -5.816377429227248541e-02 -2.098944915526779198e-01 0.000000000000000000e+00 8.470000000000000284e+01
3.590475375789274892e+00 -9.088736691396857026e+00 0.000000000000000000e+00 -5.816377429227248541e-02 -2.098944915526601562e-01 0.000000000000000000e+00 8.480000000000001137e+01
3.584658998360047200e+00 -9.109726140552124818e+00 0.000000000000000000e+00 -5.816377429227692630e-02 -2.098944915526779198e-01 0.000000000000000000e+00 8.490000000000000568e+01
3.578842620930819951e+00 -9.130715589707392610e+00 0.000000000000000000e+00 -5.816377429227248541e-02 -2.098944915526779198e-01 0.000000000000000000e+00 8.500000000000000000e+01
3.573026243501592703e+00 -9.151705038862658625e+00 0.000000000000000000e+00 -5.816377429227248541e-02 -2.098944915526601562e-01 0.000000000000000000e+00 8.510000000000000853e+01
3.566115142818484518e+00 -9.171600422283978205e+00 0.000000000000000000e+00 -6.911100683108184484e-02 -1.989538342131957904e-01 0.000000000000000000e+00 8.520000000000000284e+01
3.559137866227892300e+00 -9.191429669544824321e+00 0.000000000000000000e+00 -6.977276590592218497e-02 -1.982924726084611677e-01 0.000000000000000000e+00 8.530000000000001137e+01
3.552160589637300081e+00 -9.211258916805670438e+00 0.000000000000000000e+00 -6.977276590592218497e-02 -1.982924726084611677e-01 0.000000000000000000e+00 8.540000000000000568e+01
3.545183313046707863e+00 -9.231088164066516555e+00 0.000000000000000000e+00 -6.977276590592218497e-02 -1.982924726084611677e-01 0.000000000000000000e+00 8.550000000000000000e+01
3.538206036456116088e+00 -9.250917411327362672e+00 0.000000000000000000e+00 -6.977276590591774408e-02 -1.982924726084611677e-01 0.000000000000000000e+00 8.560000000000000853e+01
3.530828211094317215e+00 -9.269420350891708793e+00 0.000000000000000000e+00 -7.377825361798873161e-02 -1.850293956434612141e-01 0.000000000000000000e+00 8.570000000000000284e+01
3.523449556895961177e+00 -9.287920545990500543e+00 0.000000000000000000e+00 -7.378654198356038307e-02 -1.850019509879174961e-01 0.000000000000000000e+00 8.580000000000001137e+01
3.516070902697605138e+00 -9.306420741089292292e+00 0.000000000000000000e+00 -7.378654198356038307e-02 -1.850019509879174961e-01 0.000000000000000000e+00 8.590000000000000568e+01
3.508692248499249100e+00 -9.324920936188085818e+00 0.000000000000000000e+00 -7.378654198356038307e-02 -1.850019509879352597e-01 0.000000000000000000e+00 8.600000000000000000e+01
3.501300103440222244e+00 -9.343500420634478942e+00 0.000000000000000000e+00 -7.392145059026855591e-02 -1.857948444639312413e-01 0.000000000000000000e+00 8.610000000000000853e+01
3.493880519408955720e+00 -9.362241171160253117e+00 0.000000000000000000e+00 -7.419584031266523994e-02 -1.874075052577417466e-01 0.000000000000000000e+00 8.620000000000000284e+01
3.486460935377688752e+00 -9.380981921686027292e+00 0.000000000000000000e+00 -7.419584031266968083e-02 -1.874075052577417466e-01 0.000000000000000000e+00 8.630000000000001137e+01
3.479041351346421784e+00 -9.399722672211801466e+00 0.000000000000000000e+00 -7.419584031266968083e-02 -1.874075052577417466e-01 0.000000000000000000e+00 8.640000000000000568e+01
3.471621767315154816e+00 -9.418463422737575641e+00 0.000000000000000000e+00 -7.419584031266968083e-02 -1.874075052577417466e-01 0.000000000000000000e+00 8.650000000000000000e+01
3.464291571035970296e+00 -9.437208577288338063e+00 0.000000000000000000e+00 -7.330196279184519881e-02 -1.874515455076242176e-01 0.000000000000000000e+00 8.660000000000000853e+01
3.457016748270545836e+00 -9.455956460024255605e+00 0.000000000000000000e+00 -7.274822765424460158e-02 -1.874788273591754262e-01 0.000000000000000000e+00 8.670000000000000284e+01
3.449741925505121376e+00 -9.474704342760173148e+00 0.000000000000000000e+00 -7.274822765424460158e-02 -1.874788273591754262e-01 0.000000000000000000e+00 8.680000000000001137e+01
3.442467102739696472e+00 -9.493452225496090691e+00 0.000000000000000000e+00 -7.274822765424904247e-02 -1.874788273591754262e-01 0.000000000000000000e+00 8.690000000000000568e+01
3.435192279974272012e+00 -9.512200108232006457e+00 0.000000000000000000e+00 -7.274822765424460158e-02 -1.874788273591576626e-01 0.000000000000000000e+00 8.700000000000000000e+01
3.427901470183082555e+00 -9.530621719525473878e+00 0.000000000000000000e+00 -7.290809791189456490e-02 -1.842161129346742143e-01 0.000000000000000000e+00 8.710000000000000853e+01
3.420609539732786253e+00 -9.549020459831641716e+00 0.000000000000000000e+00 -7.291930450296302268e-02 -1.839874030616783784e-01 0.000000000000000000e+00 8.720000000000000284e+01
3.413317609282489951e+00 -9.567419200137809554e+00 0.000000000000000000e+00 -7.291930450296302268e-02 -1.839874030616783784e-01 0.000000000000000000e+00 8.730000000000001137e+01
3.406025678832193648e+00 -9.585817940443977392e+00 0.000000000000000000e+00 -7.291930450296302268e-02 -1.839874030616783784e-01 0.000000000000000000e+00 8.740000000000000568e+01
3.398473889559364025e+00 -9.604661760645392121e+00 0.000000000000000000e+00 -7.551789272829623201e-02 -1.884382020141472935e-01 0.000000000000000000e+00 8.750000000000000000e+01
3.390388407566341744e+00 -9.624419676807375978e+00 0.000000000000000000e+00 -8.085481993022280989e-02 -1.975791616198385725e-01 0.000000000000000000e+00 8.760000000000000853e+01
3.382302925573319907e+00 -9.644177592969359836e+00 0.000000000000000000e+00 -8.085481993021836900e-02 -1.975791616198385725e-01 0.000000000000000000e+00 8.770000000000000284e+01
3.374217443580298070e+00 -9.663935509131345469e+00 0.000000000000000000e+00 -8.085481993021836900e-02 -1.975791616198563361e-01 0.000000000000000000e+00 8.780000000000001137e+01
3.366131961587276233e+00 -9.683693425293329327e+00 0.000000000000000000e+00 -8.085481993021836900e-02 -1.975791616198385725e-01 0.000000000000000000e+00 8.790000000000000568e+01
3.358327577830297894e+00 -9.702931590131123940e+00 0.000000000000000000e+00 -7.804383756978339193e-02 -1.923816483779461350e-01 0.000000000000000000e+00 8.800000000000000000e+01
3.351028003568426339e+00 -9.721236360980975988e+00 0.000000000000000000e+00 -7.299574261871555336e-02 -1.830477084985204783e-01 0.000000000000000000e+00 8.810000000000000853e+01
3.343728429306554784e+00 -9.739541131830828036e+00 0.000000000000000000e+00 -7.299574261871555336e-02 -1.830477084985204783e-01 0.000000000000000000e+00 8.820000000000000284e+01
3.336428855044683672e+00 -9.757845902680680084e+00 0.000000000000000000e+00 -7.299574261871111247e-02 -1.830477084985204783e-01 0.000000000000000000e+00 8.830000000000001137e+01
3.329129280782812117e+00 -9.776150673530530355e+00 0.000000000000000000e+00 -7.299574261871555336e-02 -1.830477084985027147e-01 0.000000000000000000e+00 8.840000000000000568e+01
3.321863297239646240e+00 -9.793826133760996200e+00 0.000000000000000000e+00 -7.265983543165877023e-02 -1.767546023046584480e-01 0.000000000000000000e+00 8.850000000000000000e+01
3.314610755264019382e+00 -9.811249770823645022e+00 0.000000000000000000e+00 -7.252541975626858317e-02 -1.742363706264882239e-01 0.000000000000000000e+00 8.860000000000000853e+01
3.307358213288392967e+00 -9.828673407886292068e+00 0.000000000000000000e+00 -7.252541975626414228e-02 -1.742363706264704604e-01 0.000000000000000000e+00 8.870000000000000284e+01
3.300105671312766553e+00 -9.846097044948940891e+00 0.000000000000000000e+00 -7.252541975626414228e-02 -1.742363706264882239e-01 0.000000000000000000e+00 8.880000000000001137e+01
3.293027818301048182e+00 -9.863317229886654047e+00 0.000000000000000000e+00 -7.077853011718371334e-02 -1.722018493771315661e-01 0.000000000000000000e+00 8.890000000000000568e+01
3.286404500315966093e+00 -9.880008038984261276e+00 0.000000000000000000e+00 -6.623317985082088910e-02 -1.669080909760722875e-01 0.000000000000000000e+00 8.900000000000000000e+01
3.279781182330884004e+00 -9.896698848081868505e+00 0.000000000000000000e+00 -6.623317985082088910e-02 -1.669080909760722875e-01 0.000000000000000000e+00 8.910000000000000853e+01
3.273157864345801915e+00 -9.913389657179473957e+00 0.000000000000000000e+00 -6.623317985082088910e-02 -1.669080909760545239e-01 0.000000000000000000e+00 8.920000000000000284e+01
3.266537987273958610e+00 -9.930079776375864142e+00 0.000000000000000000e+00 -6.619877071843305316e-02 -1.669011919639018515e-01 0.000000000000000000e+00 8.930000000000001137e+01
3.260044056493137443e+00 -9.946744643409978437e+00 0.000000000000000000e+00 -6.493930780821166593e-02 -1.666486703411429460e-01 0.000000000000000000e+00 8.940000000000000568e+01
3.253550125712315833e+00 -9.963409510444094508e+00 0.000000000000000000e+00 -6.493930780821610682e-02 -1.666486703411607095e-01 0.000000000000000000e+00 8.950000000000000000e+01
3.247056194931494666e+00 -9.980074377478210579e+00 0.000000000000000000e+00 -6.493930780821166593e-02 -1.666486703411607095e-01 0.000000000000000000e+00 8.960000000000000853e+01
3.240562264150673055e+00 -9.996739244512324873e+00 0.000000000000000000e+00 -6.493930780821610682e-02 -1.666486703411429460e-01 0.000000000000000000e+00 8.970000000000000284e+01
3.235165012008630825e+00 -1.001414751408401571e+01 0.000000000000000000e+00 -5.397252142042230361e-02 -1.740826957169083755e-01 0.000000000000000000e+00 8.980000000000001137e+01
3.230092329907930715e+00 -1.003177579905841554e+01 0.000000000000000000e+00 -5.072682100700109942e-02 -1.762828497439983266e-01 0.000000000000000000e+00 8.990000000000000568e+01
3.225019647807230605e+00 -1.004940408403281538e+01 0.000000000000000000e+00 -5.072682100700109942e-02 -1.762828497439983266e-01 0.000000000000000000e+00 9.000000000000000000e+01
3.219946965706530495e+00 -1.006703236900721521e+01 0.000000000000000000e+00 -5.072682100700109942e-02 -1.762828497439983266e-01 0.000000000000000000e+00 9.010000000000000853e+01
3.214728804216696378e+00 -1.008443662561630561e+01 0.000000000000000000e+00 -5.218161489834116651e-02 -1.740425660909039607e-01 0.000000000000000000e+00 9.020000000000000284e+01
3.208807956179053900e+00 -1.010075879273102473e+01 0.000000000000000000e+00 -5.920848037642478801e-02 -1.632216711471912163e-01 0.000000000000000000e+00 9.030000000000001137e+01
3.202887108141411865e+00 -1.011708095984574207e+01 0.000000000000000000e+00 -5.920848037642034711e-02 -1.632216711471734527e-01 0.000000000000000000e+00 9.040000000000000568e+01
3.196966260103769830e+00 -1.013340312696045942e+01 0.000000000000000000e+00 -5.920848037642034711e-02 -1.632216711471734527e-01 0.000000000000000000e+00 9.050000000000000000e+01
3.191048394819933964e+00 -1.014973092526924425e+01 0.000000000000000000e+00 -5.917865283835865853e-02 -1.632779830878483551e-01 0.000000000000000000e+00 9.060000000000000853e+01
3.185420444173521215e+00 -1.016660605858864486e+01 0.000000000000000000e+00 -5.627950646412749336e-02 -1.687513331940060368e-01 0.000000000000000000e+00 9.070000000000000284e+01
3.179792493527108466e+00 -1.018348119190804546e+01 0.000000000000000000e+00 -5.627950646412749336e-02 -1.687513331940060368e-01 0.000000000000000000e+00 9.080000000000001137e+01
3.174164542880695716e+00 -1.020035632522744606e+01 0.000000000000000000e+00 -5.627950646412749336e-02 -1.687513331940060368e-01 0.000000000000000000e+00 9.090000000000000568e+01
3.168536592234282523e+00 -1.021723145854684667e+01 0.000000000000000000e+00 -5.627950646413193425e-02 -1.687513331940060368e-01 0.000000000000000000e+00 9.100000000000000000e+01
3.163123330191901950e+00 -1.023418292128315699e+01 0.000000000000000000e+00 -5.413262042380573291e-02 -1.695146273631031875e-01 0.000000000000000000e+00 9.110000000000000853e+01
3.157795650665516707e+00 -1.025116481164077697e+01 0.000000000000000000e+00 -5.327679526385242781e-02 -1.698189035761998866e-01 0.000000000000000000e+00 9.120000000000000284e+01
3.152467971139131020e+00 -1.026814670199839874e+01 0.000000000000000000e+00 -5.327679526385686870e-02 -1.698189035762176502e-01 0.000000000000000000e+00 9.130000000000001137e+01
3.147140291612745777e+00 -1.028512859235602050e+01 0.000000000000000000e+00 -5.327679526385242781e-02 -1.698189035762176502e-01 0.000000000000000000e+00 9.140000000000000568e+01
3.141696518659387483e+00 -1.030234425498860240e+01 0.000000000000000000e+00 -5.443772953358294586e-02 -1.721566263258189622e-01 0.000000000000000000e+00 9.150000000000000000e+01
3.136100982097584922e+00 -1.031986551738619440e+01 0.000000000000000000e+00 -5.595536561802560982e-02 -1.752126239759199677e-01 0.000000000000000000e+00 9.160000000000000853e+01
3.130505445535782361e+00 -1.033738677978378462e+01 0.000000000000000000e+00 -5.595536561802560982e-02 -1.752126239759022042e-01 0.000000000000000000e+00 9.170000000000000284e+01
3.124909908973979800e+00 -1.035490804218137662e+01 0.000000000000000000e+00 -5.595536561802560982e-02 -1.752126239759199677e-01 0.000000000000000000e+00 9.180000000000001137e+01
3.119314372412177239e+00 -1.037242930457896861e+01 0.000000000000000000e+00 -5.595536561802560982e-02 -1.752126239759199677e-01 0.000000000000000000e+00 9.190000000000000568e+01
3.113777043309794212e+00 -1.039068587612950090e+01 0.000000000000000000e+00 -5.537329102383026225e-02 -1.825657155053228564e-01 0.000000000000000000e+00 9.200000000000000000e+01
3.108240495858026087e+00 -1.040895232192738007e+01 0.000000000000000000e+00 -5.536547451768125683e-02 -1.826644579787917166e-01 0.000000000000000000e+00 9.210000000000000853e+01
3.102703948406257961e+00 -1.042721876772525746e+01 0.000000000000000000e+00 -5.536547451768125683e-02 -1.826644579787739531e-01 0.000000000000000000e+00 9.220000000000000284e+01
3.097167400954489835e+00 -1.044548521352313664e+01 0.000000000000000000e+00 -5.536547451768125683e-02 -1.826644579787917166e-01 0.000000000000000000e+00 9.230000000000001137e+01
3.091693190429311233e+00 -1.046363244982509677e+01 0.000000000000000000e+00 -5.474210525178602182e-02 -1.814723630196013460e-01 0.000000000000000000e+00 9.240000000000000568e+01
3.086327593948486214e+00 -1.048157197897520732e+01 0.000000000000000000e+00 -5.365596480825018944e-02 -1.793952915011054472e-01 0.000000000000000000e+00 9.250000000000000000e+01
3.080961997467661639e+00 -1.049951150812531786e+01 0.000000000000000000e+00 -5.365596480824574854e-02 -1.793952915011054472e-01 0.000000000000000000e+00 9.260000000000000853e+01
3.075596400986836620e+00 -1.051745103727542663e+01 0.000000000000000000e+00 -5.365596480825018944e-02 -1.793952915010876836e-01 0.000000000000000000e+00 9.270000000000000284e+01
3.070230804506011602e+00 -1.053539056642553717e+01 0.000000000000000000e+00 -5.365596480825018944e-02 -1.793952915011054472e-01 0.000000000000000000e+00 9.280000000000001137e+01
3.064758228057555378e+00 -1.055475655312319816e+01 0.000000000000000000e+00 -5.472576448456223375e-02 -1.936598669766098624e-01 0.000000000000000000e+00 9.290000000000000568e+01
3.059272359020989818e+00 -1.057429978153306394e+01 0.000000000000000000e+00 -5.485869036565560464e-02 -1.954322840986577603e-01 0.000000000000000000e+00 9.300000000000000000e+01
3.053786489984424701e+00 -1.059384300994293149e+01 0.000000000000000000e+00 -5.485869036565116375e-02 -1.954322840986755239e-01 0.000000000000000000e+00 9.310000000000000853e+01
3.048300620947859141e+00 -1.061338623835279726e+01 0.000000000000000000e+00 -5.485869036565560464e-02 -1.954322840986577603e-01 0.000000000000000000e+00 9.320000000000000284e+01
3.042821104505593510e+00 -1.063292975017083286e+01 0.000000000000000000e+00 -5.479516442265630616e-02 -1.954351181803559712e-01 0.000000000000000000e+00 9.330000000000001137e+01
3.037738687147034433e+00 -1.065249097776271903e+01 0.000000000000000000e+00 -5.082417358559077059e-02 -1.956122759188616556e-01 0.000000000000000000e+00 9.340000000000000568e+01
3.032656269788475800e+00 -1.067205220535460519e+01 0.000000000000000000e+00 -5.082417358558632969e-02 -1.956122759188616556e-01 0.000000000000000000e+00 9.350000000000000000e+01
3.027573852429916723e+00 -1.069161343294649313e+01 0.000000000000000000e+00 -5.082417358559077059e-02 -1.956122759188794191e-01 0.000000000000000000e+00 9.360000000000000853e+01
3.022491435071358090e+00 -1.071117466053837930e+01 0.000000000000000000e+00 -5.082417358558632969e-02 -1.956122759188616556e-01 0.000000000000000000e+00 9.370000000000000284e+01
3.017280949141755375e+00 -1.073095962373904833e+01 0.000000000000000000e+00 -5.210485929602715061e-02 -1.978496320066902570e-01 0.000000000000000000e+00 9.380000000000001137e+01
3.011820006180944365e+00 -1.075118213501176889e+01 0.000000000000000000e+00 -5.460942960811010494e-02 -2.022251127272056692e-01 0.000000000000000000e+00 9.390000000000000568e+01
3.006359063220133354e+00 -1.077140464628449124e+01 0.000000000000000000e+00 -5.460942960811010494e-02 -2.022251127272234328e-01 0.000000000000000000e+00 9.400000000000000000e+01
3.000898120259322344e+00 -1.079162715755721358e+01 0.000000000000000000e+00 -5.460942960811010494e-02 -2.022251127272234328e-01 0.000000000000000000e+00 9.410000000000000853e+01
2.995437177298511333e+00 -1.081184966882993415e+01 0.000000000000000000e+00 -5.460942960811010494e-02 -2.022251127272056692e-01 0.000000000000000000e+00 9.420000000000000284e+01
2.989829906852787378e+00 -1.083238898386365712e+01 0.000000000000000000e+00 -5.607270445723955277e-02 -2.053931503372297129e-01 0.000000000000000000e+00 9.430000000000001137e+01
2.984066554945873584e+00 -1.085326622033405819e+01 0.000000000000000000e+00 -5.763351906913793954e-02 -2.087723647040107267e-01 0.000000000000000000e+00 9.440000000000000568e+01
2.978303203038960234e+00 -1.087414345680445926e+01 0.000000000000000000e+00 -5.763351906913349865e-02 -2.087723647040107267e-01 0.000000000000000000e+00 9.450000000000000000e+01
2.972539851132046884e+00 -1.089502069327485856e+01 0.000000000000000000e+00 -5.763351906913349865e-02 -2.087723647039929631e-01 0.000000000000000000e+00 9.460000000000000853e+01
2.966776499225133534e+00 -1.091589792974525963e+01 0.000000000000000000e+00 -5.763351906913349865e-02 -2.087723647040107267e-01 0.000000000000000000e+00 9.470000000000000284e+01
2.960675222640561266e+00 -1.093586786062760119e+01 0.000000000000000000e+00 -6.101276584572268291e-02 -1.996993088234155778e-01 0.000000000000000000e+00 9.480000000000001137e+01
2.954249954054397165e+00 -1.095496789424298889e+01 0.000000000000000000e+00 -6.425268586164101237e-02 -1.910003361538770150e-01 0.000000000000000000e+00 9.490000000000000568e+01
2.947824685468233064e+00 -1.097406792785837837e+01 0.000000000000000000e+00 -6.425268586164101237e-02 -1.910003361538947786e-01 0.000000000000000000e+00 9.500000000000000000e+01
2.941399416882068518e+00 -1.099316796147376785e+01 0.000000000000000000e+00 -6.425268586164545326e-02 -1.910003361538947786e-01 0.000000000000000000e+00 9.510000000000000853e+01
2.934974148295904417e+00 -1.101226799508915555e+01 0.000000000000000000e+00 -6.425268586164101237e-02 -1.910003361538770150e-01 0.000000000000000000e+00 9.520000000000000284e+01
2.928013361609187903e+00 -1.103006124399927934e+01 0.000000000000000000e+00 -6.960786686716513572e-02 -1.779324891012379339e-01 0.000000000000000000e+00 9.530000000000001137e+01
2.920221102300800453e+00 -1.104582551255611911e+01 0.000000000000000000e+00 -7.792259308387450290e-02 -1.576426855683976669e-01 0.000000000000000000e+00 9.540000000000000568e+01
2.912428842992412559e+00 -1.106158978111296065e+01 0.000000000000000000e+00 -7.792259308387894379e-02 -1.576426855684154305e-01 0.000000000000000000e+00 9.550000000000000000e+01
2.904636583684025108e+00 -1.107735404966980042e+01 0.000000000000000000e+00 -7.792259308387450290e-02 -1.576426855683976669e-01 0.000000000000000000e+00 9.560000000000000853e+01
2.896844324375637214e+00 -1.109311831822664018e+01 0.000000000000000000e+00 -7.792259308387894379e-02 -1.576426855683976669e-01 0.000000000000000000e+00 9.570000000000000284e+01
2.887702933273225803e+00 -1.110653980351810866e+01 0.000000000000000000e+00 -9.141391102411411396e-02 -1.342148529146847125e-01 0.000000000000000000e+00 9.580000000000001137e+01
2.878315878368772118e+00 -1.111953469072117784e+01 0.000000000000000000e+00 -9.387054904453684401e-02 -1.299488720306918310e-01 0.000000000000000000e+00 9.590000000000000568e+01
2.868928823464318434e+00 -1.113252957792424525e+01 0.000000000000000000e+00 -9.387054904453684401e-02 -1.299488720306740674e-01 0.000000000000000000e+00 9.600000000000000000e+01
2.859541768559864749e+00 -1.114552446512731265e+01 0.000000000000000000e+00 -9.387054904453684401e-02 -1.299488720306740674e-01 0.000000000000000000e+00 9.610000000000000853e+01
2.850154713655411065e+00 -1.115851935233038006e+01 0.000000000000000000e+00 -9.387054904453684401e-02 -1.299488720306740674e-01 0.000000000000000000e+00 9.620000000000000284e+01
2.839484488080901592e+00 -1.116949006823152324e+01 0.000000000000000000e+00 -1.067022557450947318e-01 -1.097071590114317985e-01 0.000000000000000000e+00 9.630000000000001137e+01
2.827225233110466363e+00 -1.117795412794404974e+01 0.000000000000000000e+00 -1.225925497043522938e-01 -8.464059712526506019e-02 0.000000000000000000e+00 9.640000000000000568e+01
2.814965978140031133e+00 -1.118641818765657803e+01 0.000000000000000000e+00 -1.225925497043522938e-01 -8.464059712528282375e-02 0.000000000000000000e+00 9.650000000000000000e+01
2.802706723169596348e+00 -1.119488224736910453e+01 0.000000000000000000e+00 -1.225925497043478529e-01 -8.464059712526506019e-02 0.000000000000000000e+00 9.660000000000000853e+01
2.790447468199161118e+00 -1.120334630708163282e+01 0.000000000000000000e+00 -1.225925497043522938e-01 -8.464059712528282375e-02 0.000000000000000000e+00 9.670000000000000284e+01
2.777331843125857347e+00 -1.121060601841804782e+01 0.000000000000000000e+00 -1.311562507330377159e-01 -7.259711336415008986e-02 0.000000000000000000e+00 9.680000000000001137e+01
2.763561765027633843e+00 -1.121694534564114321e+01 0.000000000000000000e+00 -1.377007809822350382e-01 -6.339327223095381214e-02 0.000000000000000000e+00 9.690000000000000568e+01
2.749791686929410339e+00 -1.122328467286423681e+01 0.000000000000000000e+00 -1.377007809822350382e-01 -6.339327223093604857e-02 0.000000000000000000e+00 9.700000000000000000e+01
2.736021608831186835e+00 -1.122962400008733219e+01 0.000000000000000000e+00 -1.377007809822350382e-01 -6.339327223095381214e-02 0.000000000000000000e+00 9.710000000000000853e+01
2.722110745172153567e+00 -1.123614424527772826e+01 0.000000000000000000e+00 -1.391086365903326794e-01 -6.520245190396067869e-02 0.000000000000000000e+00 9.720000000000000284e+01
2.707284376819845573e+00 -1.124384096941389899e+01 0.000000000000000000e+00 -1.482636835230799477e-01 -7.696724136170729480e-02 0.000000000000000000e+00 9.730000000000001137e+01
2.692458008467538022e+00 -1.125153769355006972e+01 0.000000000000000000e+00 -1.482636835230755068e-01 -7.696724136170729480e-02 0.000000000000000000e+00 9.740000000000000568e+01
2.677631640115230027e+00 -1.125923441768624045e+01 0.000000000000000000e+00 -1.482636835230799477e-01 -7.696724136170729480e-02 0.000000000000000000e+00 9.750000000000000000e+01
2.662805271762922033e+00 -1.126693114182241118e+01 0.000000000000000000e+00 -1.482636835230799477e-01 -7.696724136170729480e-02 0.000000000000000000e+00 9.760000000000000853e+01
2.646555734591685916e+00 -1.127529754356071656e+01 0.000000000000000000e+00 -1.624953717123611696e-01 -8.366401738305384583e-02 0.000000000000000000e+00 9.770000000000000284e+01
2.629778959201040323e+00 -1.128391203928606856e+01 0.000000000000000000e+00 -1.677677539064559298e-01 -8.614495725352000477e-02 0.000000000000000000e+00 9.780000000000001137e+01
2.613002183810394730e+00 -1.129252653501142056e+01 0.000000000000000000e+00 -1.677677539064559298e-01 -8.614495725352000477e-02 0.000000000000000000e+00 9.790000000000000568e+01
2.596225408419749137e+00 -1.130114103073677256e+01 0.000000000000000000e+00 -1.677677539064559298e-01 -8.614495725352000477e-02 0.000000000000000000e+00 9.800000000000000000e+01
2.579442743894902357e+00 -1.130975461479886057e+01 0.000000000000000000e+00 -1.678266452484677984e-01 -8.613584062088008864e-02 0.000000000000000000e+00 9.810000000000000853e+01
2.559779947295781177e+00 -1.131792234204754877e+01 0.000000000000000000e+00 -1.966279659912117950e-01 -8.167727248688194663e-02 0.000000000000000000e+00 9.820000000000000284e+01
2.540117150696659554e+00 -1.132609006929623874e+01 0.000000000000000000e+00 -1.966279659912162359e-01 -8.167727248689971020e-02 0.000000000000000000e+00 9.830000000000001137e+01
2.520454354097538374e+00 -1.133425779654492693e+01 0.000000000000000000e+00 -1.966279659912117950e-01 -8.167727248688194663e-02 0.000000000000000000e+00 9.840000000000000568e+01
2.500791557498416751e+00 -1.134242552379361513e+01 0.000000000000000000e+00 -1.966279659912162359e-01 -8.167727248688194663e-02 0.000000000000000000e+00 9.850000000000000000e+01
2.481063666646442289e+00 -1.135052661855838707e+01 0.000000000000000000e+00 -1.972789085197446113e-01 -8.101094764771943346e-02 0.000000000000000000e+00 9.860000000000000853e+01
2.460767136376026176e+00 -1.135804563648467536e+01 0.000000000000000000e+00 -2.029653027041611324e-01 -7.519017926288285025e-02 0.000000000000000000e+00 9.870000000000000284e+01
2.440470606105610063e+00 -1.136556465441096542e+01 0.000000000000000000e+00 -2.029653027041611324e-01 -7.519017926290061382e-02 0.000000000000000000e+00 9.880000000000001137e+01
2.420174075835193506e+00 -1.137308367233725548e+01 0.000000000000000000e+00 -2.029653027041655733e-01 -7.519017926290061382e-02 0.000000000000000000e+00 9.890000000000000568e+01
2.399877545564777392e+00 -1.138060269026354376e+01 0.000000000000000000e+00 -2.029653027041611324e-01 -7.519017926288285025e-02 0.000000000000000000e+00 9.900000000000000000e+01
2.379608899686740386e+00 -1.138808677604613173e+01 0.000000000000000000e+00 -2.026864587803700601e-01 -7.484085782587968083e-02 0.000000000000000000e+00 9.910000000000000853e+01
2.359586229932478130e+00 -1.139526271549415526e+01 0.000000000000000000e+00 -2.002266975426225670e-01 -7.175939448023527234e-02 0.000000000000000000e+00 9.920000000000000284e+01
2.339563560178215873e+00 -1.140243865494218056e+01 0.000000000000000000e+00 -2.002266975426225670e-01 -7.175939448025303591e-02 0.000000000000000000e+00 9.930000000000001137e+01
2.319540890423953616e+00 -1.140961459439020409e+01 0.000000000000000000e+00 -2.002266975426225670e-01 -7.175939448023527234e-02 0.000000000000000000e+00 9.940000000000000568e+01
2.299518220669691360e+00 -1.141679053383822939e+01 0.000000000000000000e+00 -2.002266975426225670e-01 -7.175939448025303591e-02 0.000000000000000000e+00 9.950000000000000000e+01
2.279675928249397465e+00 -1.142388397411736278e+01 0.000000000000000000e+00 -1.984229242029389439e-01 -7.093440279133389481e-02 0.000000000000000000e+00 9.960000000000000853e+01
2.260703878637666087e+00 -1.143057939150271274e+01 0.000000000000000000e+00 -1.897204961173137860e-01 -6.695417385349955453e-02 0.000000000000000000e+00 9.970000000000000284e+01
2.241731829025934708e+00 -1.143727480888806092e+01 0.000000000000000000e+00 -1.897204961173137860e-01 -6.695417385348179096e-02 0.000000000000000000e+00 9.980000000000001137e+01
2.222759779414203773e+00 -1.144397022627340910e+01 0.000000000000000000e+00 -1.897204961173093452e-01 -6.695417385348179096e-02 0.000000000000000000e+00 9.990000000000000568e+01
2.203787729802472395e+00 -1.145066564365875905e+01 0.000000000000000000e+00 -1.897204961173137860e-01 -6.695417385349955453e-02 0.000000000000000000e+00 1.000000000000000000e+02
2.184702466540372257e+00 -1.145734655849873995e+01 0.000000000000000000e+00 -1.908526326210013835e-01 -6.680914839980900410e-02 0.000000000000000000e+00 1.001000000000000085e+02
2.165501473295788681e+00 -1.146401264845394863e+01 0.000000000000000000e+00 -1.920099324458357515e-01 -6.666089955208676088e-02 0.000000000000000000e+00 1.002000000000000028e+02
2.146300480051205106e+00 -1.147067873840915908e+01 0.000000000000000000e+00 -1.920099324458357515e-01 -6.666089955210452445e-02 0.000000000000000000e+00 1.003000000000000114e+02
2.127099486806621087e+00 -1.147734482836436776e+01 0.000000000000000000e+00 -1.920099324458401924e-01 -6.666089955208676088e-02 0.000000000000000000e+00 1.004000000000000057e+02
2.107898493562037512e+00 -1.148401091831957643e+01 0.000000000000000000e+00 -1.920099324458357515e-01 -6.666089955208676088e-02 0.000000000000000000e+00 1.005000000000000000e+02
2.089046511860614963e+00 -1.149054032618940369e+01 0.000000000000000000e+00 -1.885198170142254881e-01 -6.529407869827252853e-02 0.000000000000000000e+00 1.006000000000000085e+02
2.070304114228746606e+00 -1.149702681805990423e+01 0.000000000000000000e+00 -1.874239763186835717e-01 -6.486491870500543655e-02 0.000000000000000000e+00 1.007000000000000028e+02
2.051561716596878249e+00 -1.150351330993040477e+01 0.000000000000000000e+00 -1.874239763186835717e-01 -6.486491870500543655e-02 0.000000000000000000e+00 1.008000000000000114e+02
2.032819318965010336e+00 -1.150999980180090354e+01 0.000000000000000000e+00 -1.874239763186791308e-01 -6.486491870498767298e-02 0.000000000000000000e+00 1.009000000000000057e+02
2.013817688496634783e+00 -1.151657008574811236e+01 0.000000000000000000e+00 -1.900163046837555214e-01 -6.570283947208821473e-02 0.000000000000000000e+00 1.010000000000000000e+02
1.993196668922255554e+00 -1.152366380637879928e+01 0.000000000000000000e+00 -2.062101957437922906e-01 -7.093720630686917161e-02 0.000000000000000000e+00 1.011000000000000085e+02
1.972575649347876325e+00 -1.153075752700948797e+01 0.000000000000000000e+00 -2.062101957437922906e-01 -7.093720630688693518e-02 0.000000000000000000e+00 1.012000000000000028e+02
1.951954629773497096e+00 -1.153785124764017489e+01 0.000000000000000000e+00 -2.062101957437922906e-01 -7.093720630686917161e-02 0.000000000000000000e+00 1.013000000000000114e+02
1.931333610199118089e+00 -1.154494496827086181e+01 0.000000000000000000e+00 -2.062101957437900701e-01 -7.093720630686917161e-02 0.000000000000000000e+00 1.014000000000000057e+02
1.910712590624738860e+00 -1.155203868890155050e+01 0.000000000000000000e+00 -2.062101957437922906e-01 -7.093720630688693518e-02 0.000000000000000000e+00 1.015000000000000000e+02
1.891731941760721458e+00 -1.155829743235342200e+01 0.000000000000000000e+00 -1.898064886401740203e-01 -6.258743451871495722e-02 0.000000000000000000e+00 1.016000000000000085e+02
1.873105786364505754e+00 -1.156437573247392692e+01 0.000000000000000000e+00 -1.862615539621570449e-01 -6.078300120504920301e-02 0.000000000000000000e+00 1.017000000000000028e+02
1.854479630968290049e+00 -1.157045403259443184e+01 0.000000000000000000e+00 -1.862615539621570449e-01 -6.078300120504920301e-02 0.000000000000000000e+00 1.018000000000000114e+02
1.835853475572074123e+00 -1.157653233271493853e+01 0.000000000000000000e+00 -1.862615539621592653e-01 -6.078300120506696658e-02 0.000000000000000000e+00 1.019000000000000057e+02
1.817483043665362397e+00 -1.158262599816218952e+01 0.000000000000000000e+00 -1.837043190671172610e-01 -6.093665447250984357e-02 0.000000000000000000e+00 1.020000000000000000e+02
1.799802274297593208e+00 -1.158876110247090807e+01 0.000000000000000000e+00 -1.768076936776918906e-01 -6.135104308718553057e-02 0.000000000000000000e+00 1.021000000000000085e+02
1.782121504929824019e+00 -1.159489620677962840e+01 0.000000000000000000e+00 -1.768076936776918906e-01 -6.135104308720329414e-02 0.000000000000000000e+00 1.022000000000000028e+02
1.764440735562054829e+00 -1.160103131108834695e+01 0.000000000000000000e+00 -1.768076936776918906e-01 -6.135104308718553057e-02 0.000000000000000000e+00 1.023000000000000114e+02
1.746759966194285418e+00 -1.160716641539706551e+01 0.000000000000000000e+00 -1.768076936776941110e-01 -6.135104308718553057e-02 0.000000000000000000e+00 1.024000000000000057e+02
1.730237903031987878e+00 -1.161313932946083938e+01 0.000000000000000000e+00 -1.652206316229754002e-01 -5.972914063773870907e-02 0.000000000000000000e+00 1.025000000000000000e+02
1.713937258685158671e+00 -1.161908125036021566e+01 0.000000000000000000e+00 -1.630064434682920727e-01 -5.941920899376285092e-02 0.000000000000000000e+00 1.026000000000000085e+02
1.697636614338329686e+00 -1.162502317125959017e+01 0.000000000000000000e+00 -1.630064434682898522e-01 -5.941920899374508735e-02 0.000000000000000000e+00 1.027000000000000028e+02
1.681335969991500479e+00 -1.163096509215896468e+01 0.000000000000000000e+00 -1.630064434682920727e-01 -5.941920899374508735e-02 0.000000000000000000e+00 1.028000000000000114e+02
1.665299728053714734e+00 -1.163682636235062873e+01 0.000000000000000000e+00 -1.603624193778574458e-01 -5.861270191664047502e-02 0.000000000000000000e+00 1.029000000000000057e+02
1.649360310430010079e+00 -1.164265809820679642e+01 0.000000000000000000e+00 -1.593941762370465476e-01 -5.831735856167696852e-02 0.000000000000000000e+00 1.030000000000000000e+02
1.633420892806305424e+00 -1.164848983406296412e+01 0.000000000000000000e+00 -1.593941762370465476e-01 -5.831735856167696852e-02 0.000000000000000000e+00 1.031000000000000085e+02
1.617481475182600770e+00 -1.165432156991913182e+01 0.000000000000000000e+00 -1.593941762370465476e-01 -5.831735856167696852e-02 0.000000000000000000e+00 1.032000000000000028e+02
1.601949278052802184e+00 -1.165916713195492882e+01 0.000000000000000000e+00 -1.553219712979858613e-01 -4.845562035797001954e-02 0.000000000000000000e+00 1.033000000000000114e+02
1.586560897090881772e+00 -1.166366441156921319e+01 0.000000000000000000e+00 -1.538838096192041149e-01 -4.497279614284366289e-02 0.000000000000000000e+00 1.034000000000000057e+02
1.571172516128961361e+00 -1.166816169118349578e+01 0.000000000000000000e+00 -1.538838096192041149e-01 -4.497279614282589932e-02 0.000000000000000000e+00 1.035000000000000000e+02
1.555784135167040949e+00 -1.167265897079778014e+01 0.000000000000000000e+00 -1.538838096192041149e-01 -4.497279614284366289e-02 0.000000000000000000e+00 1.036000000000000085e+02
1.540085681853951005e+00 -1.167352437156631595e+01 0.000000000000000000e+00 -1.569845331308994396e-01 -8.654007685358067192e-03 0.000000000000000000e+00 1.037000000000000028e+02
1.524317785817918880e+00 -1.167357638940827158e+01 0.000000000000000000e+00 -1.576789603603212520e-01 -5.201784195563163848e-04 0.000000000000000000e+00 1.038000000000000114e+02
1.508549889781886533e+00 -1.167362840725022721e+01 0.000000000000000000e+00 -1.576789603603234724e-01 -5.201784195563163848e-04 0.000000000000000000e+00 1.039000000000000057e+02
1.492781993745854408e+00 -1.167368042509218284e+01 0.000000000000000000e+00 -1.576789603603212520e-01 -5.201784195563163848e-04 0.000000000000000000e+00 1.040000000000000000e+02
1.478153677670642985e+00 -1.166675299430931112e+01 0.000000000000000000e+00 -1.462831607521142274e-01 6.927430782871724091e-02 0.000000000000000000e+00 1.041000000000000085e+02
1.463940134430463225e+00 -1.165728525412068706e+01 0.000000000000000000e+00 -1.421354324017976012e-01 9.467740188624063080e-02 0.000000000000000000e+00 1.042000000000000028e+02
1.449726591190283465e+00 -1.164781751393206299e+01 0.000000000000000000e+00 -1.421354324017976012e-01 9.467740188624063080e-02 0.000000000000000000e+00 1.043000000000000114e+02
1.435513047950103926e+00 -1.163834977374343893e+01 0.000000000000000000e+00 -1.421354324017953807e-01 9.467740188624063080e-02 0.000000000000000000e+00 1.044000000000000057e+02
1.421682915697155991e+00 -1.162725365537450628e+01 0.000000000000000000e+00 -1.383013225294793536e-01 1.109611836893265036e-01 0.000000000000000000e+00 1.045000000000000000e+02
1.408661691346736022e+00 -1.161272203822692006e+01 0.000000000000000000e+00 -1.302122435041996873e-01 1.453161714758621770e-01 0.000000000000000000e+00 1.046000000000000085e+02
1.395640466996316054e+00 -1.159819042107933562e+01 0.000000000000000000e+00 -1.302122435041996873e-01 1.453161714758444134e-01 0.000000000000000000e+00 1.047000000000000028e+02
1.382619242645896085e+00 -1.158365880393174940e+01 0.000000000000000000e+00 -1.302122435041996873e-01 1.453161714758621770e-01 0.000000000000000000e+00 1.048000000000000114e+02
1.369598018295476116e+00 -1.156912718678416496e+01 0.000000000000000000e+00 -1.302122435041996873e-01 1.453161714758444134e-01 0.000000000000000000e+00 1.049000000000000057e+02
1.355657527522641903e+00 -1.155354160291486032e+01 0.000000000000000000e+00 -1.394049077283421312e-01 1.558558386930464223e-01 0.000000000000000000e+00 1.050000000000000000e+02
1.340925296358455920e+00 -1.153704826477064849e+01 0.000000000000000000e+00 -1.473223116418598266e-01 1.649333814421183320e-01 0.000000000000000000e+00 1.051000000000000085e+02
1.326193065194270160e+00 -1.152055492662643488e+01 0.000000000000000000e+00 -1.473223116418576062e-01 1.649333814421360955e-01 0.000000000000000000e+00 1.052000000000000028e+02
1.311460834030084399e+00 -1.150406158848222304e+01 0.000000000000000000e+00 -1.473223116418576062e-01 1.649333814421183320e-01 0.000000000000000000e+00 1.053000000000000114e+02
1.296728602865898639e+00 -1.148756825033801121e+01 0.000000000000000000e+00 -1.473223116418576062e-01 1.649333814421183320e-01 0.000000000000000000e+00 1.054000000000000057e+02
1.282578775875605759e+00 -1.147161663343235638e+01 0.000000000000000000e+00 -1.414982699029287971e-01 1.595161690565483070e-01 0.000000000000000000e+00 1.055000000000000000e+02
1.269507581286917430e+00 -1.145666830274397086e+01 0.000000000000000000e+00 -1.307119458868832851e-01 1.494833068838552492e-01 0.000000000000000000e+00 1.056000000000000085e+02
1.256436386698229102e+00 -1.144171997205558355e+01 0.000000000000000000e+00 -1.307119458868832851e-01 1.494833068838730128e-01 0.000000000000000000e+00 1.057000000000000028e+02
1.243365192109540551e+00 -1.142677164136719803e+01 0.000000000000000000e+00 -1.307119458868855055e-01 1.494833068838552492e-01 0.000000000000000000e+00 1.058000000000000114e+02
1.230293997520852223e+00 -1.141182331067881073e+01 0.000000000000000000e+00 -1.307119458868832851e-01 1.494833068838730128e-01 0.000000000000000000e+00 1.059000000000000057e+02
1.217952716322952211e+00 -1.139772733686315753e+01 0.000000000000000000e+00 -1.234128119790001143e-01 1.409597381565319552e-01 0.000000000000000000e+00 1.060000000000000000e+02
1.205948780683926636e+00 -1.138402529855988199e+01 0.000000000000000000e+00 -1.200393563902557581e-01 1.370203830327554329e-01 0.000000000000000000e+00 1.061000000000000085e+02
1.193944845044901282e+00 -1.137032326025660645e+01 0.000000000000000000e+00 -1.200393563902535377e-01 1.370203830327554329e-01 0.000000000000000000e+00 1.062000000000000028e+02
1.181940909405875706e+00 -1.135662122195333090e+01 0.000000000000000000e+00 -1.200393563902557581e-01 1.370203830327554329e-01 0.000000000000000000e+00 1.063000000000000114e+02
1.169924650921762899e+00 -1.134294623146144154e+01 0.000000000000000000e+00 -1.201625848411280728e-01 1.367499049188936056e-01 0.000000000000000000e+00 1.064000000000000057e+02
1.157893577915046546e+00 -1.132930375784453325e+01 0.000000000000000000e+00 -1.203107300671635294e-01 1.364247361690829052e-01 0.000000000000000000e+00 1.065000000000000000e+02
1.145862504908330193e+00 -1.131566128422762496e+01 0.000000000000000000e+00 -1.203107300671635294e-01 1.364247361690829052e-01 0.000000000000000000e+00 1.066000000000000085e+02
1.133831431901614062e+00 -1.130201881061071667e+01 0.000000000000000000e+00 -1.203107300671613089e-01 1.364247361690829052e-01 0.000000000000000000e+00 1.067000000000000028e+02
1.121776057610635924e+00 -1.128836261599512980e+01 0.000000000000000000e+00 -1.205537429097813806e-01 1.365619461558686965e-01 0.000000000000000000e+00 1.068000000000000114e+02
1.109635876154941858e+00 -1.127465853753182046e+01 0.000000000000000000e+00 -1.214018145569406570e-01 1.370407846330934376e-01 0.000000000000000000e+00 1.069000000000000057e+02
1.097495694699248014e+00 -1.126095445906851111e+01 0.000000000000000000e+00 -1.214018145569384366e-01 1.370407846330934376e-01 0.000000000000000000e+00 1.070000000000000000e+02
1.085355513243554171e+00 -1.124725038060520177e+01 0.000000000000000000e+00 -1.214018145569384366e-01 1.370407846330934376e-01 0.000000000000000000e+00 1.071000000000000085e+02
1.073215331787860327e+00 -1.123354630214189243e+01 0.000000000000000000e+00 -1.214018145569384366e-01 1.370407846330934376e-01 0.000000000000000000e+00 1.072000000000000028e+02
1.059979746647900178e+00 -1.121879378289317941e+01 0.000000000000000000e+00 -1.323558513996014874e-01 1.475251924871301412e-01 0.000000000000000000e+00 1.073000000000000114e+02
1.046695697080259224e+00 -1.120399487701700458e+01 0.000000000000000000e+00 -1.328404956764095424e-01 1.479890587617482822e-01 0.000000000000000000e+00 1.074000000000000057e+02
1.033411647512618048e+00 -1.118919597114082976e+01 0.000000000000000000e+00 -1.328404956764117628e-01 1.479890587617482822e-01 0.000000000000000000e+00 1.075000000000000000e+02
1.020127597944976872e+00 -1.117439706526465670e+01 0.000000000000000000e+00 -1.328404956764117628e-01 1.479890587617305187e-01 0.000000000000000000e+00 1.076000000000000085e+02
1.007217061840194550e+00 -1.116000421599987291e+01 0.000000000000000000e+00 -1.291053610478232194e-01 1.439284926478379134e-01 0.000000000000000000e+00 1.077000000000000028e+02
9.951123639832547552e-01 -1.114648741534052157e+01 0.000000000000000000e+00 -1.210469785693979450e-01 1.351680065935134678e-01 0.000000000000000000e+00 1.078000000000000114e+02
9.830076661263150717e-01 -1.113297061468117199e+01 0.000000000000000000e+00 -1.210469785693968348e-01 1.351680065934957042e-01 0.000000000000000000e+00 1.079000000000000057e+02
9.709029682693752772e-01 -1.111945381402182065e+01 0.000000000000000000e+00 -1.210469785693979450e-01 1.351680065935134678e-01 0.000000000000000000e+00 1.080000000000000000e+02
9.588184002375957915e-01 -1.110596559238406122e+01 0.000000000000000000e+00 -1.208456803177948569e-01 1.348822163775942329e-01 0.000000000000000000e+00 1.081000000000000085e+02
9.469674295942767106e-01 -1.109280901718412338e+01 0.000000000000000000e+00 -1.185097064331908090e-01 1.315657519993784774e-01 0.000000000000000000e+00 1.082000000000000028e+02
9.351164589509575187e-01 -1.107965244198418375e+01 0.000000000000000000e+00 -1.185097064331919192e-01 1.315657519993962410e-01 0.000000000000000000e+00 1.083000000000000114e+02
9.232654883076383268e-01 -1.106649586678424591e+01 0.000000000000000000e+00 -1.185097064331919192e-01 1.315657519993784774e-01 0.000000000000000000e+00 1.084000000000000057e+02
9.114145176643192459e-01 -1.105333929158430628e+01 0.000000000000000000e+00 -1.185097064331908090e-01 1.315657519993962410e-01 0.000000000000000000e+00 1.085000000000000000e+02
8.995831445823995187e-01 -1.104026975633582452e+01 0.000000000000000000e+00 -1.183137308191972714e-01 1.306953524848175618e-01 0.000000000000000000e+00 1.086000000000000085e+02
8.877530297516529334e-01 -1.102720580944187212e+01 0.000000000000000000e+00 -1.183011483074658532e-01 1.306394689395240505e-01 0.000000000000000000e+00 1.087000000000000028e+02
8.759229149209062371e-01 -1.101414186254791971e+01 0.000000000000000000e+00 -1.183011483074669634e-01 1.306394689395240505e-01 0.000000000000000000e+00 1.088000000000000114e+02
8.640928000901596517e-01 -1.100107791565396731e+01 0.000000000000000000e+00 -1.183011483074658532e-01 1.306394689395240505e-01 0.000000000000000000e+00 1.089000000000000057e+02
8.522285133829933246e-01 -1.098803249920321612e+01 0.000000000000000000e+00 -1.186428670716632716e-01 1.304541645075119050e-01 0.000000000000000000e+00 1.090000000000000000e+02
8.403565464181493860e-01 -1.097499124753922928e+01 0.000000000000000000e+00 -1.187196696484393854e-01 1.304125166398684144e-01 0.000000000000000000e+00 1.091000000000000085e+02
8.284845794533055585e-01 -1.096194999587524066e+01 0.000000000000000000e+00 -1.187196696484382752e-01 1.304125166398861779e-01 0.000000000000000000e+00 1.092000000000000028e+02
8.166126124884616200e-01 -1.094890874421125382e+01 0.000000000000000000e+00 -1.187196696484393854e-01 1.304125166398684144e-01 0.000000000000000000e+00 1.093000000000000114e+02
8.049493540062285790e-01 -1.093611993097686863e+01 0.000000000000000000e+00 -1.166325848223304096e-01 1.278881323438518791e-01 0.000000000000000000e+00 1.094000000000000057e+02
7.933805825701503167e-01 -1.092344540232378236e+01 0.000000000000000000e+00 -1.156877143607826230e-01 1.267452865308626997e-01 0.000000000000000000e+00 1.095000000000000000e+02
7.818118111340721654e-01 -1.091077087367069609e+01 0.000000000000000000e+00 -1.156877143607815128e-01 1.267452865308626997e-01 0.000000000000000000e+00 1.096000000000000085e+02
7.702430396979939031e-01 -1.089809634501760982e+01 0.000000000000000000e+00 -1.156877143607826230e-01 1.267452865308626997e-01 0.000000000000000000e+00 1.097000000000000028e+02
7.585870142672296312e-01 -1.088538534860119178e+01 0.000000000000000000e+00 -1.165602543076427189e-01 1.271099641641804112e-01 0.000000000000000000e+00 1.098000000000000114e+02
7.468878645409268158e-01 -1.087265632840707319e+01 0.000000000000000000e+00 -1.169914972630281547e-01 1.272902019411858987e-01 0.000000000000000000e+00 1.099000000000000057e+02
7.351887148146238893e-01 -1.085992730821295460e+01 0.000000000000000000e+00 -1.169914972630292649e-01 1.272902019411858987e-01 0.000000000000000000e+00 1.100000000000000000e+02
7.234895650883209628e-01 -1.084719828801883779e+01 0.000000000000000000e+00 -1.169914972630292649e-01 1.272902019411681351e-01 0.000000000000000000e+00 1.101000000000000085e+02
7.107496601679740289e-01 -1.083360218898821259e+01 0.000000000000000000e+00 -1.273990492034693389e-01 1.359609903062519720e-01 0.000000000000000000e+00 1.102000000000000028e+02
6.973599579794158565e-01 -1.081946472781737256e+01 0.000000000000000000e+00 -1.338970218855817240e-01 1.413746117084002663e-01 0.000000000000000000e+00 1.103000000000000114e+02
6.839702557908575731e-01 -1.080532726664653431e+01 0.000000000000000000e+00 -1.338970218855828342e-01 1.413746117083825027e-01 0.000000000000000000e+00 1.104000000000000057e+02
6.705805536022994007e-01 -1.079118980547569606e+01 0.000000000000000000e+00 -1.338970218855817240e-01 1.413746117083825027e-01 0.000000000000000000e+00 1.105000000000000000e+02
6.572121580118845952e-01 -1.077708004565540278e+01 0.000000000000000000e+00 -1.336839559041480552e-01 1.410975982029327724e-01 0.000000000000000000e+00 1.106000000000000085e+02
6.447024199871256300e-01 -1.076408665242094109e+01 0.000000000000000000e+00 -1.250973802475896512e-01 1.299339323446169203e-01 0.000000000000000000e+00 1.107000000000000028e+02
6.321926819623667759e-01 -1.075109325918648118e+01 0.000000000000000000e+00 -1.250973802475885410e-01 1.299339323445991567e-01 0.000000000000000000e+00 1.108000000000000114e+02
6.196829439376078108e-01 -1.073809986595201948e+01 0.000000000000000000e+00 -1.250973802475896512e-01 1.299339323446169203e-01 0.000000000000000000e+00 1.109000000000000057e+02
6.071732059128488457e-01 -1.072510647271755957e+01 0.000000000000000000e+00 -1.250973802475896512e-01 1.299339323445991567e-01 0.000000000000000000e+00 1.110000000000000000e+02
5.941228694189216730e-01 -1.071334936554118933e+01 0.000000000000000000e+00 -1.305033649392717265e-01 1.175710717637024061e-01 0.000000000000000000e+00 1.111000000000000085e+02
5.808887308532582061e-01 -1.070201259240513991e+01 0.000000000000000000e+00 -1.323413856566346691e-01 1.133677313604941617e-01 0.000000000000000000e+00 1.112000000000000028e+02
5.676545922875947392e-01 -1.069067581926908872e+01 0.000000000000000000e+00 -1.323413856566346691e-01 1.133677313605119252e-01 0.000000000000000000e+00 1.113000000000000114e+02
5.544204537219312723e-01 -1.067933904613303930e+01 0.000000000000000000e+00 -1.323413856566346691e-01 1.133677313604941617e-01 0.000000000000000000e+00 1.114000000000000057e+02
5.389570593776474849e-01 -1.067044291100765285e+01 0.000000000000000000e+00 -1.546339434428378734e-01 8.896135125386450682e-02 0.000000000000000000e+00 1.115000000000000000e+02
5.214063786292474356e-01 -1.066383198271491750e+01 0.000000000000000000e+00 -1.755068074840004932e-01 6.610928292735351874e-02 0.000000000000000000e+00 1.116000000000000085e+02
5.038556978808474973e-01 -1.065722105442218037e+01 0.000000000000000000e+00 -1.755068074839993830e-01 6.610928292737128231e-02 0.000000000000000000e+00 1.117000000000000028e+02
4.863050171324475590e-01 -1.065061012612944502e+01 0.000000000000000000e+00 -1.755068074839993830e-01 6.610928292735351874e-02 0.000000000000000000e+00 1.118000000000000114e+02
4.685372273319047820e-01 -1.064411023973801385e+01 0.000000000000000000e+00 -1.776778980054277701e-01 6.499886391431175525e-02 0.000000000000000000e+00 1.119000000000000057e+02
4.484139360097085247e-01 -1.063881509061990194e+01 0.000000000000000000e+00 -2.012329132219625727e-01 5.295149118111908138e-02 0.000000000000000000e+00 1.120000000000000000e+02
4.282906446875122120e-01 -1.063351994150178825e+01 0.000000000000000000e+00 -2.012329132219631278e-01 5.295149118113684494e-02 0.000000000000000000e+00 1.121000000000000085e+02
4.081673533653159547e-01 -1.062822479238367634e+01 0.000000000000000000e+00 -2.012329132219625727e-01 5.295149118111908138e-02 0.000000000000000000e+00 1.122000000000000028e+02
3.880440620431196974e-01 -1.062292964326556444e+01 0.000000000000000000e+00 -2.012329132219625727e-01 5.295149118111908138e-02 0.000000000000000000e+00 1.123000000000000114e+02
3.682266001374687736e-01 -1.061751288858888209e+01 0.000000000000000000e+00 -1.981746190565092380e-01 5.416754676682344893e-02 0.000000000000000000e+00 1.124000000000000057e+02
3.496016941654672694e-01 -1.061162194332558428e+01 0.000000000000000000e+00 -1.862490597200150422e-01 5.890945263297808765e-02 0.000000000000000000e+00 1.125000000000000000e+02
3.309767881934658207e-01 -1.060573099806228647e+01 0.000000000000000000e+00 -1.862490597200144871e-01 5.890945263297808765e-02 0.000000000000000000e+00 1.126000000000000085e+02
3.123518822214643720e-01 -1.059984005279898867e+01 0.000000000000000000e+00 -1.862490597200144871e-01 5.890945263297808765e-02 0.000000000000000000e+00 1.127000000000000028e+02
2.937269762494628678e-01 -1.059394910753569086e+01 0.000000000000000000e+00 -1.862490597200150422e-01 5.890945263297808765e-02 0.000000000000000000e+00 1.128000000000000114e+02
2.754234088273764258e-01 -1.058840481597927408e+01 0.000000000000000000e+00 -1.830356742208644194e-01 5.544291556416780509e-02 0.000000000000000000e+00 1.129000000000000057e+02
2.573298057429845298e-01 -1.058308702982033900e+01 0.000000000000000000e+00 -1.809360308439189602e-01 5.317786158935078333e-02 0.000000000000000000e+00 1.130000000000000000e+02
2.392362026585926338e-01 -1.057776924366140392e+01 0.000000000000000000e+00 -1.809360308439189602e-01 5.317786158935078333e-02 0.000000000000000000e+00 1.131000000000000085e+02
2.211425995742007378e-01 -1.057245145750246884e+01 0.000000000000000000e+00 -1.809360308439189602e-01 5.317786158935078333e-02 0.000000000000000000e+00 1.132000000000000028e+02
2.027677455604885992e-01 -1.056702818458199822e+01 0.000000000000000000e+00 -1.837485401371213856e-01 5.423272920470623149e-02 0.000000000000000000e+00 1.133000000000000114e+02
1.829846678930378834e-01 -1.056107673935251512e+01 0.000000000000000000e+00 -1.978307766745071583e-01 5.951445229483098842e-02 0.000000000000000000e+00 1.134000000000000057e+02
1.632015902255871675e-01 -1.055512529412303202e+01 0.000000000000000000e+00 -1.978307766745071583e-01 5.951445229483098842e-02 0.000000000000000000e+00 1.135000000000000000e+02
1.434185125581364240e-01 -1.054917384889354892e+01 0.000000000000000000e+00 -1.978307766745074359e-01 5.951445229483098842e-02 0.000000000000000000e+00 1.136000000000000085e+02
1.236354348906856943e-01 -1.054322240366406582e+01 0.000000000000000000e+00 -1.978307766745072971e-01 5.951445229483098842e-02 0.000000000000000000e+00 1.137000000000000028e+02
1.044546446832495812e-01 -1.053728716817828648e+01 0.000000000000000000e+00 -1.918079020743611307e-01 5.935235485779344344e-02 0.000000000000000000e+00 1.138000000000000114e+02
8.674432236741441704e-02 -1.053139150832578608e+01 0.000000000000000000e+00 -1.771032231583516414e-01 5.895659852500401144e-02 0.000000000000000000e+00 1.139000000000000057e+02
6.903400005157925290e-02 -1.052549584847328568e+01 0.000000000000000000e+00 -1.771032231583516414e-01 5.895659852500401144e-02 0.000000000000000000e+00 1.140000000000000000e+02
5.132367773574409570e-02 -1.051960018862078527e+01 0.000000000000000000e+00 -1.771032231583515582e-01 5.895659852500401144e-02 0.000000000000000000e+00 1.141000000000000085e+02
3.361323608554660225e-02 -1.051370372383084373e+01 0.000000000000000000e+00 -1.771044165019749206e-01 5.896464789941546769e-02 0.000000000000000000e+00 1.142000000000000028e+02
1.525389451742809738e-02 -1.050343028136492762e+01 0.000000000000000000e+00 -1.835934156811850348e-01 1.027344246591610499e-01 0.000000000000000000e+00 1.143000000000000114e+02
-3.105447050690407496e-03 -1.049315683889901152e+01 0.000000000000000000e+00 -1.835934156811850348e-01 1.027344246591610499e-01 0.000000000000000000e+00 1.144000000000000057e+02
-2.146478861880891237e-02 -1.048288339643309541e+01 0.000000000000000000e+00 -1.835934156811850348e-01 1.027344246591610499e-01 0.000000000000000000e+00 1.145000000000000000e+02
-3.982413018692742418e-02 -1.047260995396717931e+01 0.000000000000000000e+00 -1.835934156811851181e-01 1.027344246591610499e-01 0.000000000000000000e+00 1.146000000000000085e+02
-5.818347175504592211e-02 -1.046233651150126320e+01 0.000000000000000000e+00 -1.835934156811849793e-01 1.027344246591610499e-01 0.000000000000000000e+00 1.147000000000000028e+02
-7.749329111289443572e-02 -1.045176460886488456e+01 0.000000000000000000e+00 -1.930981935784851222e-01 1.057190263637863836e-01 0.000000000000000000e+00 1.148000000000000114e+02
-9.684790794156236671e-02 -1.044117863934454249e+01 0.000000000000000000e+00 -1.935461682866793098e-01 1.058596952034207561e-01 0.000000000000000000e+00 1.149000000000000057e+02
-1.162025247702302977e-01 -1.043059266982420041e+01 0.000000000000000000e+00 -1.935461682866793098e-01 1.058596952034207561e-01 0.000000000000000000e+00 1.150000000000000000e+02
-1.355571415988982287e-01 -1.042000670030385834e+01 0.000000000000000000e+00 -1.935461682866793098e-01 1.058596952034207561e-01 0.000000000000000000e+00 1.151000000000000085e+02
-1.549117584275661597e-01 -1.040942073078351626e+01 0.000000000000000000e+00 -1.935461682866793098e-01 1.058596952034207561e-01 0.000000000000000000e+00 1.152000000000000028e+02
-1.744452923752006779e-01 -1.040020201878795092e+01 0.000000000000000000e+00 -1.953353394763451822e-01 9.218711995565342932e-02 0.000000000000000000e+00 1.153000000000000114e+02
-1.940260469349497086e-01 -1.039134415955823876e+01 0.000000000000000000e+00 -1.958075455974903067e-01 8.857859229712161664e-02 0.000000000000000000e+00 1.154000000000000057e+02
-2.136068014946987392e-01 -1.038248630032852837e+01 0.000000000000000000e+00 -1.958075455974903067e-01 8.857859229710385307e-02 0.000000000000000000e+00 1.155000000000000000e+02
-2.331875560544477699e-01 -1.037362844109881621e+01 0.000000000000000000e+00 -1.958075455974903067e-01 8.857859229712161664e-02 0.000000000000000000e+00 1.156000000000000085e+02
-2.527683106141968006e-01 -1.036477058186910583e+01 0.000000000000000000e+00 -1.958075455974903067e-01 8.857859229710385307e-02 0.000000000000000000e+00 1.157000000000000028e+02
-2.717364368568334632e-01 -1.035901528033963181e+01 0.000000000000000000e+00 -1.896812624263666258e-01 5.755301529474010636e-02 0.000000000000000000e+00 1.158000000000000114e+02
-2.902340579898877726e-01 -1.035564277635633879e+01 0.000000000000000000e+00 -1.849762113305430944e-01 3.372503983293029250e-02 0.000000000000000000e+00 1.159000000000000057e+02
-3.087316791229421375e-01 -1.035227027237304576e+01 0.000000000000000000e+00 -1.849762113305436495e-01 3.372503983293029250e-02 0.000000000000000000e+00 1.160000000000000000e+02
-3.272293002559964470e-01 -1.034889776838975273e+01 0.000000000000000000e+00 -1.849762113305430944e-01 3.372503983293029250e-02 0.000000000000000000e+00 1.161000000000000085e+02
-3.457269213890508119e-01 -1.034552526440645970e+01 0.000000000000000000e+00 -1.849762113305436495e-01 3.372503983293029250e-02 0.000000000000000000e+00 1.162000000000000028e+02
-3.633861840570665191e-01 -1.034836645078093476e+01 0.000000000000000000e+00 -1.765926266801570721e-01 -2.841186374475057619e-02 0.000000000000000000e+00 1.163000000000000114e+02
-3.796709102312519346e-01 -1.036139533670672819e+01 0.000000000000000000e+00 -1.628472617418541546e-01 -1.302888592579343197e-01 0.000000000000000000e+00 1.164000000000000057e+02
-3.959556364054372946e-01 -1.037442422263251984e+01 0.000000000000000000e+00 -1.628472617418535995e-01 -1.302888592579165561e-01 0.000000000000000000e+00 1.165000000000000000e+02
-4.122403625796227100e-01 -1.038745310855831150e+01 0.000000000000000000e+00 -1.628472617418541546e-01 -1.302888592579165561e-01 0.000000000000000000e+00 1.166000000000000085e+02
-4.285250887538081255e-01 -1.040048199448410315e+01 0.000000000000000000e+00 -1.628472617418541546e-01 -1.302888592579165561e-01 0.000000000000000000e+00 1.167000000000000028e+02
-4.439009374989256740e-01 -1.041581805573358466e+01 0.000000000000000000e+00 -1.537584874511754851e-01 -1.533606124948150295e-01 0.000000000000000000e+00 1.168000000000000114e+02
-4.577521260728498742e-01 -1.043502445000211587e+01 0.000000000000000000e+00 -1.385118857392420022e-01 -1.920639426853121279e-01 0.000000000000000000e+00 1.169000000000000057e+02
-4.716033146467741299e-01 -1.045423084427064886e+01 0.000000000000000000e+00 -1.385118857392425573e-01 -1.920639426853298914e-01 0.000000000000000000e+00 1.170000000000000000e+02
-4.854545032206983857e-01 -1.047343723853918007e+01 0.000000000000000000e+00 -1.385118857392425573e-01 -1.920639426853121279e-01 0.000000000000000000e+00 1.171000000000000085e+02
-4.993056917946225859e-01 -1.049264363280771128e+01 0.000000000000000000e+00 -1.385118857392420022e-01 -1.920639426853121279e-01 0.000000000000000000e+00 1.172000000000000028e+02
-5.131568803685468971e-01 -1.051185002707624250e+01 0.000000000000000000e+00 -1.385118857392431124e-01 -1.920639426853121279e-01 0.000000000000000000e+00 1.173000000000000114e+02
-5.274747385165623470e-01 -1.053210611495643434e+01 0.000000000000000000e+00 -1.431785814801544987e-01 -2.025608788019184203e-01 0.000000000000000000e+00 1.174000000000000057e+02
-5.419131756288848578e-01 -1.055263342465086041e+01 0.000000000000000000e+00 -1.443843711232251081e-01 -2.052730969442606579e-01 0.000000000000000000e+00 1.175000000000000000e+02
-5.563516127412073686e-01 -1.057316073434528825e+01 0.000000000000000000e+00 -1.443843711232251081e-01 -2.052730969442784215e-01 0.000000000000000000e+00 1.176000000000000085e+02
-5.707900498535297684e-01 -1.059368804403971609e+01 0.000000000000000000e+00 -1.443843711232239979e-01 -2.052730969442784215e-01 0.000000000000000000e+00 1.177000000000000028e+02
-5.852284869658522792e-01 -1.061421535373414216e+01 0.000000000000000000e+00 -1.443843711232251081e-01 -2.052730969442606579e-01 0.000000000000000000e+00 1.178000000000000114e+02
-5.996669240781746790e-01 -1.063474266342857000e+01 0.000000000000000000e+00 -1.443843711232239979e-01 -2.052730969442784215e-01 0.000000000000000000e+00 1.179000000000000057e+02
-6.136846219904276145e-01 -1.065468419783030285e+01 0.000000000000000000e+00 -1.401769791225293549e-01 -1.994153440173285219e-01 0.000000000000000000e+00 1.180000000000000000e+02
-6.276246953840312059e-01 -1.067451765928536389e+01 0.000000000000000000e+00 -1.394007339360359143e-01 -1.983346145506104108e-01 0.000000000000000000e+00 1.181000000000000085e+02
-6.415647687776347974e-01 -1.069435112074042493e+01 0.000000000000000000e+00 -1.394007339360359143e-01 -1.983346145506104108e-01 0.000000000000000000e+00 1.182000000000000028e+02
-6.555048421712383888e-01 -1.071418458219548597e+01 0.000000000000000000e+00 -1.394007339360359143e-01 -1.983346145506104108e-01 0.000000000000000000e+00 1.183000000000000114e+02
-6.694449155648419802e-01 -1.073401804365054701e+01 0.000000000000000000e+00 -1.394007339360359143e-01 -1.983346145506104108e-01 0.000000000000000000e+00 1.184000000000000057e+02
-6.833849889584455717e-01 -1.075385150510560806e+01 0.000000000000000000e+00 -1.394007339360359143e-01 -1.983346145506104108e-01 0.000000000000000000e+00 1.185000000000000000e+02
-6.966195081570654146e-01 -1.077078175984707720e+01 0.000000000000000000e+00 -1.323451919861984294e-01 -1.693025474146914178e-01 0.000000000000000000e+00 1.186000000000000085e+02
-7.098219027352871136e-01 -1.078757982855057129e+01 0.000000000000000000e+00 -1.320239457822169893e-01 -1.679806870349409564e-01 0.000000000000000000e+00 1.187000000000000028e+02
-7.230242973135088125e-01 -1.080437789725406539e+01 0.000000000000000000e+00 -1.320239457822169893e-01 -1.679806870349409564e-01 0.000000000000000000e+00 1.188000000000000114e+02
-7.362266918917304004e-01 -1.082117596595755948e+01 0.000000000000000000e+00 -1.320239457822158791e-01 -1.679806870349409564e-01 0.000000000000000000e+00 1.189000000000000057e+02
-7.494290864699520993e-01 -1.083797403466105358e+01 0.000000000000000000e+00 -1.320239457822169893e-01 -1.679806870349409564e-01 0.000000000000000000e+00 1.190000000000000000e+02
-7.702634914544977951e-01 -1.085214897969295578e+01 0.000000000000000000e+00 -2.083440498454569578e-01 -1.417494503190219746e-01 0.000000000000000000e+00 1.191000000000000085e+02
-7.947696200573735048e-01 -1.086506195250181328e+01 0.000000000000000000e+00 -2.450612860287570971e-01 -1.291297280885750354e-01 0.000000000000000000e+00 1.192000000000000028e+02
-8.192757486602492145e-01 -1.087797492531067078e+01 0.000000000000000000e+00 -2.450612860287570971e-01 -1.291297280885750354e-01 0.000000000000000000e+00 1.193000000000000114e+02
-8.437818772631249242e-01 -1.089088789811952651e+01 0.000000000000000000e+00 -2.450612860287570971e-01 -1.291297280885572718e-01 0.000000000000000000e+00 1.194000000000000057e+02
-8.682880058660006339e-01 -1.090380087092838401e+01 0.000000000000000000e+00 -2.450612860287570971e-01 -1.291297280885750354e-01 0.000000000000000000e+00 1.195000000000000000e+02
-8.927941344688763436e-01 -1.091671384373724152e+01 0.000000000000000000e+00 -2.450612860287570971e-01 -1.291297280885750354e-01 0.000000000000000000e+00 1.196000000000000085e+02
-9.178639801152327360e-01 -1.092927010216466854e+01 0.000000000000000000e+00 -2.506984564635639234e-01 -1.255625842742702503e-01 0.000000000000000000e+00 1.197000000000000028e+02
-9.437050444985638498e-01 -1.094133834126061089e+01 0.000000000000000000e+00 -2.584106438333111377e-01 -1.206823909594234578e-01 0.000000000000000000e+00 1.198000000000000114e+02
-9.695461088818950746e-01 -1.095340658035655146e+01 0.000000000000000000e+00 -2.584106438333122480e-01 -1.206823909594056943e-01 0.000000000000000000e+00 1.199000000000000057e+02
-9.953871732652261883e-01 -1.096547481945249380e+01 0.000000000000000000e+00 -2.584106438333111377e-01 -1.206823909594234578e-01 0.000000000000000000e+00 1.200000000000000000e+02
-1.021228237648557302e+00 -1.097754305854843437e+01 0.000000000000000000e+00 -2.584106438333111377e-01 -1.206823909594056943e-01 0.000000000000000000e+00 1.201000000000000085e+02
-1.047069302031888416e+00 -1.098961129764437672e+01 0.000000000000000000e+00 -2.584106438333111377e-01 -1.206823909594234578e-01 0.000000000000000000e+00 1.202000000000000028e+02
-1.072910366415219530e+00 -1.100167953674031907e+01 0.000000000000000000e+00 -2.584106438333111377e-01 -1.206823909594234578e-01 0.000000000000000000e+00 1.203000000000000114e+02
-1.096361695737872788e+00 -1.101258764401742418e+01 0.000000000000000000e+00 -2.345132932265325820e-01 -1.090810727710511685e-01 0.000000000000000000e+00 1.204000000000000057e+02
-1.118201601972210524e+00 -1.102271346240020122e+01 0.000000000000000000e+00 -2.183990623433773592e-01 -1.012581838277704094e-01 0.000000000000000000e+00 1.205000000000000000e+02
-1.140041508206548260e+00 -1.103283928078297649e+01 0.000000000000000000e+00 -2.183990623433773592e-01 -1.012581838277526458e-01 0.000000000000000000e+00 1.206000000000000085e+02
-1.161881414440885996e+00 -1.104296509916575175e+01 0.000000000000000000e+00 -2.183990623433773592e-01 -1.012581838277526458e-01 0.000000000000000000e+00 1.207000000000000028e+02
-1.183721320675223732e+00 -1.105309091754852879e+01 0.000000000000000000e+00 -2.183990623433773592e-01 -1.012581838277704094e-01 0.000000000000000000e+00 1.208000000000000114e+02
-1.205665038208882267e+00 -1.106326325743066796e+01 0.000000000000000000e+00 -2.194371753365853550e-01 -1.017233988213916973e-01 0.000000000000000000e+00 1.209000000000000057e+02
-1.227829705521859660e+00 -1.107353461269057071e+01 0.000000000000000000e+00 -2.216466731297739301e-01 -1.027135525990274800e-01 0.000000000000000000e+00 1.210000000000000000e+02
-1.249994372834837275e+00 -1.108380596795047346e+01 0.000000000000000000e+00 -2.216466731297761505e-01 -1.027135525990274800e-01 0.000000000000000000e+00 1.211000000000000085e+02
-1.272159040147814668e+00 -1.109407732321037443e+01 0.000000000000000000e+00 -2.216466731297739301e-01 -1.027135525990097165e-01 0.000000000000000000e+00 1.212000000000000028e+02
-1.294323707460792061e+00 -1.110434867847027718e+01 0.000000000000000000e+00 -2.216466731297739301e-01 -1.027135525990274800e-01 0.000000000000000000e+00 1.213000000000000114e+02
-1.316488374773769676e+00 -1.111462003373017993e+01 0.000000000000000000e+00 -2.216466731297761505e-01 -1.027135525990274800e-01 0.000000000000000000e+00 1.214000000000000057e+02
-1.343403038485841750e+00 -1.112703066772519378e+01 0.000000000000000000e+00 -2.691466371207207331e-01 -1.241063399501385334e-01 0.000000000000000000e+00 1.215000000000000000e+02
-1.370355889707804309e+00 -1.113945850041279328e+01 0.000000000000000000e+00 -2.695285122196255934e-01 -1.242783268759950488e-01 0.000000000000000000e+00 1.216000000000000085e+02
-1.397308740929766646e+00 -1.115188633310039279e+01 0.000000000000000000e+00 -2.695285122196233729e-01 -1.242783268759950488e-01 0.000000000000000000e+00 1.217000000000000028e+02
-1.424261592151728983e+00 -1.116431416578799229e+01 0.000000000000000000e+00 -2.695285122196233729e-01 -1.242783268759950488e-01 0.000000000000000000e+00 1.218000000000000114e+02
-1.451214443373691543e+00 -1.117674199847559180e+01 0.000000000000000000e+00 -2.695285122196255934e-01 -1.242783268759950488e-01 0.000000000000000000e+00 1.219000000000000057e+02
-1.478167294595653880e+00 -1.118916983116319308e+01 0.000000000000000000e+00 -2.695285122196233729e-01 -1.242783268760128124e-01 0.000000000000000000e+00 1.220000000000000000e+02
-1.505120145817616439e+00 -1.120159766385079259e+01 0.000000000000000000e+00 -2.695285122196255934e-01 -1.242783268759950488e-01 0.000000000000000000e+00 1.221000000000000085e+02
-1.532515831691832142e+00 -1.121420626544158949e+01 0.000000000000000000e+00 -2.739568587421570278e-01 -1.260860159079690845e-01 0.000000000000000000e+00 1.222000000000000028e+02
-1.560199025593793865e+00 -1.122693223027523857e+01 0.000000000000000000e+00 -2.768319390196172236e-01 -1.272596483364907272e-01 0.000000000000000000e+00 1.223000000000000114e+02
-1.587882219495755365e+00 -1.123965819510888764e+01 0.000000000000000000e+00 -2.768319390196150032e-01 -1.272596483364907272e-01 0.000000000000000000e+00 1.224000000000000057e+02
-1.615565413397716865e+00 -1.125238415994253671e+01 0.000000000000000000e+00 -2.768319390196150032e-01 -1.272596483364907272e-01 0.000000000000000000e+00 1.225000000000000000e+02
-1.643248607299678588e+00 -1.126511012477618756e+01 0.000000000000000000e+00 -2.768319390196172236e-01 -1.272596483365084907e-01 0.000000000000000000e+00 1.226000000000000085e+02
-1.670931801201640088e+00 -1.127783608960983663e+01 0.000000000000000000e+00 -2.768319390196150032e-01 -1.272596483364907272e-01 0.000000000000000000e+00 1.227000000000000028e+02
-1.698614995103601588e+00 -1.129056205444348571e+01 0.000000000000000000e+00 -2.768319390196150032e-01 -1.272596483364907272e-01 0.000000000000000000e+00 1.228000000000000114e+02
-1.726058324949269585e+00 -1.130317619943185470e+01 0.000000000000000000e+00 -2.744332984566799638e-01 -1.261414498836899156e-01 0.000000000000000000e+00 1.229000000000000057e+02
-1.748910827663805234e+00 -1.131365019225469304e+01 0.000000000000000000e+00 -2.285250271453564963e-01 -1.047399282283834054e-01 0.000000000000000000e+00 1.230000000000000000e+02
-1.771763330378341106e+00 -1.132412418507752960e+01 0.000000000000000000e+00 -2.285250271453587168e-01 -1.047399282283656419e-01 0.000000000000000000e+00 1.231000000000000085e+02
-1.794615833092876978e+00 -1.133459817790036794e+01 0.000000000000000000e+00 -2.285250271453587168e-01 -1.047399282283834054e-01 0.000000000000000000e+00 1.232000000000000028e+02
-1.817468335807412849e+00 -1.134507217072320451e+01 0.000000000000000000e+00 -2.285250271453587168e-01 -1.047399282283656419e-01 0.000000000000000000e+00 1.233000000000000114e+02
-1.840320838521948721e+00 -1.135554616354604285e+01 0.000000000000000000e+00 -2.285250271453587168e-01 -1.047399282283834054e-01 0.000000000000000000e+00 1.234000000000000057e+02
-1.862545959045140309e+00 -1.136569881109797109e+01 0.000000000000000000e+00 -2.222512052319158826e-01 -1.015264755192823998e-01 0.000000000000000000e+00 1.235000000000000000e+02
-1.884197945996006096e+00 -1.137555789953137975e+01 0.000000000000000000e+00 -2.165198695086578695e-01 -9.859088433408658148e-02 0.000000000000000000e+00 1.236000000000000085e+02
-1.905849932946872105e+00 -1.138541698796478840e+01 0.000000000000000000e+00 -2.165198695086600900e-01 -9.859088433408658148e-02 0.000000000000000000e+00 1.237000000000000028e+02
-1.927501919897737892e+00 -1.139527607639819706e+01 0.000000000000000000e+00 -2.165198695086578695e-01 -9.859088433408658148e-02 0.000000000000000000e+00 1.238000000000000114e+02
-1.949153906848603901e+00 -1.140513516483160750e+01 0.000000000000000000e+00 -2.165198695086600900e-01 -9.859088433410434504e-02 0.000000000000000000e+00 1.239000000000000057e+02
-1.971436150762693185e+00 -1.141525798567327143e+01 0.000000000000000000e+00 -2.228224391408928362e-01 -1.012282084166393759e-01 0.000000000000000000e+00 1.240000000000000000e+02
-1.996980178749725665e+00 -1.142674570721252714e+01 0.000000000000000000e+00 -2.554402798703248045e-01 -1.148772153925570194e-01 0.000000000000000000e+00 1.241000000000000085e+02
-2.022524206736757701e+00 -1.143823342875178106e+01 0.000000000000000000e+00 -2.554402798703203636e-01 -1.148772153925392558e-01 0.000000000000000000e+00 1.242000000000000028e+02
-2.048068234723789960e+00 -1.144972115029103676e+01 0.000000000000000000e+00 -2.554402798703225841e-01 -1.148772153925570194e-01 0.000000000000000000e+00 1.243000000000000114e+02
-2.073612262710822662e+00 -1.146120887183029247e+01 0.000000000000000000e+00 -2.554402798703270250e-01 -1.148772153925570194e-01 0.000000000000000000e+00 1.244000000000000057e+02
-2.099156290697854921e+00 -1.147269659336954639e+01 0.000000000000000000e+00 -2.554402798703225841e-01 -1.148772153925392558e-01 0.000000000000000000e+00 1.245000000000000000e+02
-2.124700318684887179e+00 -1.148418431490880209e+01 0.000000000000000000e+00 -2.554402798703225841e-01 -1.148772153925570194e-01 0.000000000000000000e+00 1.246000000000000085e+02
-2.149839889612625843e+00 -1.149549317784348546e+01 0.000000000000000000e+00 -2.513957092773866364e-01 -1.130886293468336135e-01 0.000000000000000000e+00 1.247000000000000028e+02
-2.171527362249682458e+00 -1.150527545725359246e+01 0.000000000000000000e+00 -2.168747263705661510e-01 -9.782279410107008744e-02 0.000000000000000000e+00 1.248000000000000114e+02
-2.193214834886738629e+00 -1.151505773666369770e+01 0.000000000000000000e+00 -2.168747263705617101e-01 -9.782279410105232387e-02 0.000000000000000000e+00 1.249000000000000057e+02
-2.214902307523794800e+00 -1.152484001607380470e+01 0.000000000000000000e+00 -2.168747263705617101e-01 -9.782279410107008744e-02 0.000000000000000000e+00 1.250000000000000000e+02
-2.236589780160850971e+00 -1.153462229548391171e+01 0.000000000000000000e+00 -2.168747263705617101e-01 -9.782279410107008744e-02 0.000000000000000000e+00 1.251000000000000085e+02
-2.258277252797907142e+00 -1.154440457489401872e+01 0.000000000000000000e+00 -2.168747263705617101e-01 -9.782279410107008744e-02 0.000000000000000000e+00 1.252000000000000028e+02
-2.279924630174684719e+00 -1.155433662881057622e+01 0.000000000000000000e+00 -2.164737737677757679e-01 -9.932053916557492812e-02 0.000000000000000000e+00 1.253000000000000114e+02
-2.301559117883682948e+00 -1.156431683165088131e+01 0.000000000000000000e+00 -2.163448770899822904e-01 -9.980202840305096856e-02 0.000000000000000000e+00 1.254000000000000057e+02
-2.323193605592681621e+00 -1.157429703449118819e+01 0.000000000000000000e+00 -2.163448770899867313e-01 -9.980202840306873213e-02 0.000000000000000000e+00 1.255000000000000000e+02
-2.344828093301679850e+00 -1.158427723733149328e+01 0.000000000000000000e+00 -2.163448770899822904e-01 -9.980202840305096856e-02 0.000000000000000000e+00 1.256000000000000085e+02
-2.366462581010678079e+00 -1.159425744017180016e+01 0.000000000000000000e+00 -2.163448770899822904e-01 -9.980202840306873213e-02 0.000000000000000000e+00 1.257000000000000028e+02
-2.389601936362189871e+00 -1.160481676239266235e+01 0.000000000000000000e+00 -2.313935535151179224e-01 -1.055932222086219952e-01 0.000000000000000000e+00 1.258000000000000114e+02
-2.414914940869540505e+00 -1.161621257170190091e+01 0.000000000000000000e+00 -2.531300450735063379e-01 -1.139580930923855817e-01 0.000000000000000000e+00 1.259000000000000057e+02
-2.440227945376891139e+00 -1.162760838101113769e+01 0.000000000000000000e+00 -2.531300450735063379e-01 -1.139580930923678181e-01 0.000000000000000000e+00 1.260000000000000000e+02
-2.465540949884241773e+00 -1.163900419032037625e+01 0.000000000000000000e+00 -2.531300450735063379e-01 -1.139580930923855817e-01 0.000000000000000000e+00 1.261000000000000085e+02
-2.490853954391592406e+00 -1.165039999962961303e+01 0.000000000000000000e+00 -2.531300450735063379e-01 -1.139580930923678181e-01 0.000000000000000000e+00 1.262000000000000028e+02
-2.516166958898943040e+00 -1.166179580893885159e+01 0.000000000000000000e+00 -2.531300450735063379e-01 -1.139580930923855817e-01 0.000000000000000000e+00 1.263000000000000114e+02
-2.541479963406293674e+00 -1.167319161824808837e+01 0.000000000000000000e+00 -2.531300450735063379e-01 -1.139580930923678181e-01 0.000000000000000000e+00 1.264000000000000057e+02
-2.567655627300717835e+00 -1.167890074702556724e+01 0.000000000000000000e+00 -2.617566389442416153e-01 -5.709128777478866823e-02 0.000000000000000000e+00 1.265000000000000000e+02
-2.594100063993598493e+00 -1.168283811621478385e+01 0.000000000000000000e+00 -2.644443669288065735e-01 -3.937369189216610721e-02 0.000000000000000000e+00 1.266000000000000085e+02
-2.620544500686479594e+00 -1.168677548540399869e+01 0.000000000000000000e+00 -2.644443669288110144e-01 -3.937369189214834364e-02 0.000000000000000000e+00 1.267000000000000028e+02
-2.646988937379360696e+00 -1.169071285459321530e+01 0.000000000000000000e+00 -2.644443669288110144e-01 -3.937369189216610721e-02 0.000000000000000000e+00 1.268000000000000114e+02
-2.673433374072241797e+00 -1.169465022378243013e+01 0.000000000000000000e+00 -2.644443669288110144e-01 -3.937369189214834364e-02 0.000000000000000000e+00 1.269000000000000057e+02
-2.699877810765122899e+00 -1.169858759297164497e+01 0.000000000000000000e+00 -2.644443669288110144e-01 -3.937369189214834364e-02 0.000000000000000000e+00 1.270000000000000000e+02
-2.726291887537629410e+00 -1.170233829156980043e+01 0.000000000000000000e+00 -2.641407677250651176e-01 -3.750698598155466357e-02 0.000000000000000000e+00 1.271000000000000085e+02
-2.752663853938475569e+00 -1.170583007091287264e+01 0.000000000000000000e+00 -2.637196640084615851e-01 -3.491779343072209940e-02 0.000000000000000000e+00 1.272000000000000028e+02
-2.779035820339321727e+00 -1.170932185025594485e+01 0.000000000000000000e+00 -2.637196640084615851e-01 -3.491779343072209940e-02 0.000000000000000000e+00 1.273000000000000114e+02
-2.805407786740167886e+00 -1.171281362959901706e+01 0.000000000000000000e+00 -2.637196640084615851e-01 -3.491779343072209940e-02 0.000000000000000000e+00 1.274000000000000057e+02
-2.831779753141014044e+00 -1.171630540894208927e+01 0.000000000000000000e+00 -2.637196640084615851e-01 -3.491779343072209940e-02 0.000000000000000000e+00 1.275000000000000000e+02
-2.858151719541860203e+00 -1.171979718828516148e+01 0.000000000000000000e+00 -2.637196640084615851e-01 -3.491779343072209940e-02 0.000000000000000000e+00 1.276000000000000085e+02
-2.884452175829442577e+00 -1.172327852758739475e+01 0.000000000000000000e+00 -2.630045628758237442e-01 -3.481339302233266153e-02 0.000000000000000000e+00 1.277000000000000028e+02
-2.907279520256199845e+00 -1.172625281371901806e+01 0.000000000000000000e+00 -2.282734442675726783e-01 -2.974286131623316010e-02 0.000000000000000000e+00 1.278000000000000114e+02
-2.930106864682956669e+00 -1.172922709985063960e+01 0.000000000000000000e+00 -2.282734442675682374e-01 -2.974286131621539653e-02 0.000000000000000000e+00 1.279000000000000057e+02
-2.952934209109713493e+00 -1.173220138598226292e+01 0.000000000000000000e+00 -2.282734442675682374e-01 -2.974286131623316010e-02 0.000000000000000000e+00 1.280000000000000000e+02
-2.975761553536473869e+00 -1.173517567211388446e+01 0.000000000000000000e+00 -2.282734442676037645e-01 -2.974286131621539653e-02 0.000000000000000000e+00 1.280999999999999943e+02
-2.998588897963230693e+00 -1.173814995824550778e+01 0.000000000000000000e+00 -2.282734442675682374e-01 -2.974286131623316010e-02 0.000000000000000000e+00 1.282000000000000171e+02
-3.021641699700876593e+00 -1.174118101358255117e+01 0.000000000000000000e+00 -2.305280173764590046e-01 -3.031055337043397913e-02 0.000000000000000000e+00 1.283000000000000114e+02
-3.044768699894021324e+00 -1.174423075177953812e+01 0.000000000000000000e+00 -2.312700019314473110e-01 -3.049738196986950811e-02 0.000000000000000000e+00 1.284000000000000057e+02
-3.067895700087165611e+00 -1.174728048997652330e+01 0.000000000000000000e+00 -2.312700019314428701e-01 -3.049738196985174454e-02 0.000000000000000000e+00 1.285000000000000000e+02
-3.091022700280309898e+00 -1.175033022817351025e+01 0.000000000000000000e+00 -2.312700019314428701e-01 -3.049738196986950811e-02 0.000000000000000000e+00 1.285999999999999943e+02
-3.114149700473454185e+00 -1.175337996637049542e+01 0.000000000000000000e+00 -2.312700019314428701e-01 -3.049738196985174454e-02 0.000000000000000000e+00 1.287000000000000171e+02
-3.139397612301189522e+00 -1.175666989547493380e+01 0.000000000000000000e+00 -2.524791182773533649e-01 -3.289929104438371610e-02 0.000000000000000000e+00 1.288000000000000114e+02
-3.166533658589500089e+00 -1.176017365372815959e+01 0.000000000000000000e+00 -2.713604628831056687e-01 -3.503758253225797148e-02 0.000000000000000000e+00 1.289000000000000057e+02
-3.193669704877811100e+00 -1.176367741198138539e+01 0.000000000000000000e+00 -2.713604628831101095e-01 -3.503758253225797148e-02 0.000000000000000000e+00 1.290000000000000000e+02
-3.220805751166122111e+00 -1.176718117023461119e+01 0.000000000000000000e+00 -2.713604628831101095e-01 -3.503758253225797148e-02 0.000000000000000000e+00 1.290999999999999943e+02
-3.247941797454432677e+00 -1.177068492848783698e+01 0.000000000000000000e+00 -2.713604628831056687e-01 -3.503758253225797148e-02 0.000000000000000000e+00 1.292000000000000171e+02
-3.275077843742743688e+00 -1.177418868674106278e+01 0.000000000000000000e+00 -2.713604628831101095e-01 -3.503758253225797148e-02 0.000000000000000000e+00 1.293000000000000114e+02
-3.302213890031054699e+00 -1.177769244499428858e+01 0.000000000000000000e+00 -2.713604628831101095e-01 -3.503758253225797148e-02 0.000000000000000000e+00 1.294000000000000057e+02
-3.332988630705575606e+00 -1.178154985987632841e+01 0.000000000000000000e+00 -3.077474067452090623e-01 -3.857414882039833515e-02 0.000000000000000000e+00 1.295000000000000000e+02
-3.364088234915740827e+00 -1.178543884930974350e+01 0.000000000000000000e+00 -3.109960421016522147e-01 -3.888989433415090957e-02 0.000000000000000000e+00 1.295999999999999943e+02
-3.395187839125906049e+00 -1.178932783874316037e+01 0.000000000000000000e+00 -3.109960421016522147e-01 -3.888989433416867314e-02 0.000000000000000000e+00 1.297000000000000171e+02
-3.426287443336071270e+00 -1.179321682817657546e+01 0.000000000000000000e+00 -3.109960421016522147e-01 -3.888989433415090957e-02 0.000000000000000000e+00 1.298000000000000114e+02
-3.457387047546236492e+00 -1.179710581760999055e+01 0.000000000000000000e+00 -3.109960421016522147e-01 -3.888989433415090957e-02 0.000000000000000000e+00 1.299000000000000057e+02
-3.488486651756401713e+00 -1.180099480704340564e+01 0.000000000000000000e+00 -3.109960421016522147e-01 -3.888989433415090957e-02 0.000000000000000000e+00 1.300000000000000000e+02
-3.519586255966566934e+00 -1.180488379647682251e+01 0.000000000000000000e+00 -3.109960421016522147e-01 -3.888989433416867314e-02 0.000000000000000000e+00 1.300999999999999943e+02
-3.550127880668499714e+00 -1.180870056274658531e+01 0.000000000000000000e+00 -3.054162470193277912e-01 -3.816766269762794650e-02 0.000000000000000000e+00 1.302000000000000171e+02
-3.575667982526144151e+00 -1.181186994717245575e+01 0.000000000000000000e+00 -2.554010185764443719e-01 -3.169384425870447330e-02 0.000000000000000000e+00 1.303000000000000114e+02
-3.601208084383788588e+00 -1.181503933159832442e+01 0.000000000000000000e+00 -2.554010185764443719e-01 -3.169384425868670974e-02 0.000000000000000000e+00 1.304000000000000057e+02
-3.626748186241433025e+00 -1.181820871602419487e+01 0.000000000000000000e+00 -2.554010185764443719e-01 -3.169384425870447330e-02 0.000000000000000000e+00 1.305000000000000000e+02
-3.652288288099077462e+00 -1.182137810045006354e+01 0.000000000000000000e+00 -2.554010185764443719e-01 -3.169384425868670974e-02 0.000000000000000000e+00 1.305999999999999943e+02
-3.677828389956722344e+00 -1.182454748487593399e+01 0.000000000000000000e+00 -2.554010185764488128e-01 -3.169384425870447330e-02 0.000000000000000000e+00 1.307000000000000171e+02
-3.702473677030496013e+00 -1.182764626339566227e+01 0.000000000000000000e+00 -2.464528707377366956e-01 -3.098778519728284664e-02 0.000000000000000000e+00 1.308000000000000114e+02
-3.726027354643650202e+00 -1.183065890780528484e+01 0.000000000000000000e+00 -2.355367761315418917e-01 -3.012644409622566855e-02 0.000000000000000000e+00 1.309000000000000057e+02
-3.749581032256804392e+00 -1.183367155221490741e+01 0.000000000000000000e+00 -2.355367761315418917e-01 -3.012644409622566855e-02 0.000000000000000000e+00 1.310000000000000000e+02
-3.773134709869958137e+00 -1.183668419662452997e+01 0.000000000000000000e+00 -2.355367761315374509e-01 -3.012644409622566855e-02 0.000000000000000000e+00 1.310999999999999943e+02
-3.796688387483112326e+00 -1.183969684103415076e+01 0.000000000000000000e+00 -2.355367761315418917e-01 -3.012644409620790498e-02 0.000000000000000000e+00 1.312000000000000171e+02
-3.820242065096266515e+00 -1.184270948544377333e+01 0.000000000000000000e+00 -2.355367761315418917e-01 -3.012644409622566855e-02 0.000000000000000000e+00 1.313000000000000114e+02
-3.846133981380996492e+00 -1.184597993041844077e+01 0.000000000000000000e+00 -2.589191628472997664e-01 -3.270444974667441329e-02 0.000000000000000000e+00 1.314000000000000057e+02
-3.872348158825046127e+00 -1.184928590602989473e+01 0.000000000000000000e+00 -2.621417744404963557e-01 -3.305975611453959573e-02 0.000000000000000000e+00 1.315000000000000000e+02
-3.898562336269095763e+00 -1.185259188164135047e+01 0.000000000000000000e+00 -2.621417744404963557e-01 -3.305975611455735930e-02 0.000000000000000000e+00 1.315999999999999943e+02
-3.924776513713145398e+00 -1.185589785725280443e+01 0.000000000000000000e+00 -2.621417744404963557e-01 -3.305975611453959573e-02 0.000000000000000000e+00 1.317000000000000171e+02
-3.950990691157194590e+00 -1.185920383286426016e+01 0.000000000000000000e+00 -2.621417744404919148e-01 -3.305975611455735930e-02 0.000000000000000000e+00 1.318000000000000114e+02
-3.977204868601244225e+00 -1.186250980847571412e+01 0.000000000000000000e+00 -2.621417744404963557e-01 -3.305975611453959573e-02 0.000000000000000000e+00 1.319000000000000057e+02
-4.002879567052732845e+00 -1.186582622522250219e+01 0.000000000000000000e+00 -2.567469845148862007e-01 -3.316416746788064529e-02 0.000000000000000000e+00 1.320000000000000000e+02
-4.028286507278639128e+00 -1.186914782419122893e+01 0.000000000000000000e+00 -2.540694022590628265e-01 -3.321598968726746648e-02 0.000000000000000000e+00 1.320999999999999943e+02
-4.053693447504544523e+00 -1.187246942315995391e+01 0.000000000000000000e+00 -2.540694022590539447e-01 -3.321598968724970291e-02 0.000000000000000000e+00 1.322000000000000171e+02
-4.079100387730450805e+00 -1.187579102212867888e+01 0.000000000000000000e+00 -2.540694022590628265e-01 -3.321598968724970291e-02 0.000000000000000000e+00 1.323000000000000114e+02
-4.104507327956357088e+00 -1.187911262109740385e+01 0.000000000000000000e+00 -2.540694022590628265e-01 -3.321598968724970291e-02 0.000000000000000000e+00 1.324000000000000057e+02
-4.129914268182262482e+00 -1.188243422006613059e+01 0.000000000000000000e+00 -2.540694022590539447e-01 -3.321598968726746648e-02 0.000000000000000000e+00 1.325000000000000000e+02
-4.157123809322599506e+00 -1.188386663617060357e+01 0.000000000000000000e+00 -2.720954114033702353e-01 -1.432416104472977736e-02 0.000000000000000000e+00 1.325999999999999943e+02
-4.185201646839299627e+00 -1.188438905016524316e+01 0.000000000000000000e+00 -2.807783751670012151e-01 -5.224139946395922607e-03 0.000000000000000000e+00 1.327000000000000171e+02
-4.213279484355998861e+00 -1.188491146415988453e+01 0.000000000000000000e+00 -2.807783751669923333e-01 -5.224139946413686175e-03 0.000000000000000000e+00 1.328000000000000114e+02
-4.241357321872698982e+00 -1.188543387815452590e+01 0.000000000000000000e+00 -2.807783751670012151e-01 -5.224139946413686175e-03 0.000000000000000000e+00 1.329000000000000057e+02
-4.269435159389398216e+00 -1.188595629214916727e+01 0.000000000000000000e+00 -2.807783751669923333e-01 -5.224139946413686175e-03 0.000000000000000000e+00 1.330000000000000000e+02
-4.297512996906098337e+00 -1.188647870614380864e+01 0.000000000000000000e+00 -2.807783751670012151e-01 -5.224139946413686175e-03 0.000000000000000000e+00 1.330999999999999943e+02
-4.325590834422797570e+00 -1.188700112013845001e+01 0.000000000000000000e+00 -2.807783751669923333e-01 -5.224139946413686175e-03 0.000000000000000000e+00 1.332000000000000171e+02
-4.347273300395095852e+00 -1.187614191428241206e+01 0.000000000000000000e+00 -2.168246597229828154e-01 1.085920585603794564e-01 0.000000000000000000e+00 1.333000000000000114e+02
-4.366992149152269853e+00 -1.186178812730319443e+01 0.000000000000000000e+00 -1.971884875717400121e-01 1.435378697921763091e-01 0.000000000000000000e+00 1.334000000000000057e+02
-4.386710997909442966e+00 -1.184743434032397680e+01 0.000000000000000000e+00 -1.971884875717311303e-01 1.435378697921763091e-01 0.000000000000000000e+00 1.335000000000000000e+02
-4.406429846666616967e+00 -1.183308055334475739e+01 0.000000000000000000e+00 -1.971884875717400121e-01 1.435378697921940727e-01 0.000000000000000000e+00 1.335999999999999943e+02
-4.426148695423790080e+00 -1.181872676636553976e+01 0.000000000000000000e+00 -1.971884875717311303e-01 1.435378697921763091e-01 0.000000000000000000e+00 1.337000000000000171e+02
-4.445847228271834872e+00 -1.180437290672837669e+01 0.000000000000000000e+00 -1.969853284804479188e-01 1.435385963716306890e-01 0.000000000000000000e+00 1.338000000000000114e+02
-4.463316992271052719e+00 -1.179001107610846510e+01 0.000000000000000000e+00 -1.746976399921784662e-01 1.436183061991158638e-01 0.000000000000000000e+00 1.339000000000000057e+02
-4.480786756270270565e+00 -1.177564924548855174e+01 0.000000000000000000e+00 -1.746976399921784662e-01 1.436183061991336274e-01 0.000000000000000000e+00 1.340000000000000000e+02
-4.498256520269488412e+00 -1.176128741486863838e+01 0.000000000000000000e+00 -1.746976399921784662e-01 1.436183061991336274e-01 0.000000000000000000e+00 1.340999999999999943e+02
-4.515726284268706259e+00 -1.174692558424872502e+01 0.000000000000000000e+00 -1.746976399921784662e-01 1.436183061991336274e-01 0.000000000000000000e+00 1.342000000000000171e+02
-4.533196048267923217e+00 -1.173256375362881165e+01 0.000000000000000000e+00 -1.746976399921695844e-01 1.436183061991336274e-01 0.000000000000000000e+00 1.343000000000000114e+02
-4.552231949393378052e+00 -1.171929829984192217e+01 0.000000000000000000e+00 -1.903590112545483493e-01 1.326545378688948063e-01 0.000000000000000000e+00 1.344000000000000057e+02
-4.572731628946336890e+00 -1.170705756651514484e+01 0.000000000000000000e+00 -2.049967955295883826e-01 1.224073332677733106e-01 0.000000000000000000e+00 1.345000000000000000e+02
-4.593231308499295729e+00 -1.169481683318836751e+01 0.000000000000000000e+00 -2.049967955295883826e-01 1.224073332677733106e-01 0.000000000000000000e+00 1.345999999999999943e+02
-4.613730988052254567e+00 -1.168257609986159018e+01 0.000000000000000000e+00 -2.049967955295883826e-01 1.224073332677733106e-01 0.000000000000000000e+00 1.347000000000000171e+02
-4.634230667605213405e+00 -1.167033536653481463e+01 0.000000000000000000e+00 -2.049967955295883826e-01 1.224073332677555470e-01 0.000000000000000000e+00 1.348000000000000114e+02
-4.654730347158171355e+00 -1.165809463320803729e+01 0.000000000000000000e+00 -2.049967955295795008e-01 1.224073332677733106e-01 0.000000000000000000e+00 1.349000000000000057e+02
-4.677273229782217712e+00 -1.165311098240177934e+01 0.000000000000000000e+00 -2.254288262404635645e-01 4.983650806257955423e-02 0.000000000000000000e+00 1.350000000000000000e+02
-4.702368533910942006e+00 -1.165719306458540672e+01 0.000000000000000000e+00 -2.509530412872429395e-01 -4.082082183627377958e-02 0.000000000000000000e+00 1.350999999999999943e+02
-4.727463838039665411e+00 -1.166127514676903587e+01 0.000000000000000000e+00 -2.509530412872340577e-01 -4.082082183629154315e-02 0.000000000000000000e+00 1.352000000000000171e+02
-4.752559142168388817e+00 -1.166535722895266325e+01 0.000000000000000000e+00 -2.509530412872340577e-01 -4.082082183627377958e-02 0.000000000000000000e+00 1.353000000000000114e+02
-4.777654446297113111e+00 -1.166943931113629240e+01 0.000000000000000000e+00 -2.509530412872429395e-01 -4.082082183629154315e-02 0.000000000000000000e+00 1.354000000000000057e+02
-4.802749750425836517e+00 -1.167352139331991978e+01 0.000000000000000000e+00 -2.509530412872340577e-01 -4.082082183627377958e-02 0.000000000000000000e+00 1.355000000000000000e+02
-4.827795732209125390e+00 -1.167907320034460916e+01 0.000000000000000000e+00 -2.504598178328887315e-01 -5.551807024689381365e-02 0.000000000000000000e+00 1.355999999999999943e+02
-4.852793495671214430e+00 -1.168606183410241250e+01 0.000000000000000000e+00 -2.499776346208903988e-01 -6.988633757803341950e-02 0.000000000000000000e+00 1.357000000000000171e+02
-4.877791259133303470e+00 -1.169305046786021407e+01 0.000000000000000000e+00 -2.499776346208903988e-01 -6.988633757801565594e-02 0.000000000000000000e+00 1.358000000000000114e+02
-4.902789022595392510e+00 -1.170003910161801741e+01 0.000000000000000000e+00 -2.499776346208903988e-01 -6.988633757803341950e-02 0.000000000000000000e+00 1.359000000000000057e+02
-4.927786786057481550e+00 -1.170702773537582075e+01 0.000000000000000000e+00 -2.499776346208903988e-01 -6.988633757803341950e-02 0.000000000000000000e+00 1.360000000000000000e+02
-4.952784549519570589e+00 -1.171401636913362232e+01 0.000000000000000000e+00 -2.499776346208903988e-01 -6.988633757801565594e-02 0.000000000000000000e+00 1.360999999999999943e+02
-4.978362022787414354e+00 -1.172136254710237147e+01 0.000000000000000000e+00 -2.557747326784376440e-01 -7.346177968749145748e-02 0.000000000000000000e+00 1.362000000000000171e+02
-5.004571226824262808e+00 -1.172909835394593259e+01 0.000000000000000000e+00 -2.620920403684845468e-01 -7.735806843561121582e-02 0.000000000000000000e+00 1.363000000000000114e+02
-5.030780430861112151e+00 -1.173683416078949371e+01 0.000000000000000000e+00 -2.620920403684934286e-01 -7.735806843561121582e-02 0.000000000000000000e+00 1.364000000000000057e+02
-5.056989634897960606e+00 -1.174456996763305483e+01 0.000000000000000000e+00 -2.620920403684845468e-01 -7.735806843561121582e-02 0.000000000000000000e+00 1.365000000000000000e+02
-5.083198838934809949e+00 -1.175230577447661418e+01 0.000000000000000000e+00 -2.620920403684934286e-01 -7.735806843559345225e-02 0.000000000000000000e+00 1.365999999999999943e+02
-5.109408042971658404e+00 -1.176004158132017530e+01 0.000000000000000000e+00 -2.620920403684845468e-01 -7.735806843561121582e-02 0.000000000000000000e+00 1.367000000000000171e+02
-5.135980457649448105e+00 -1.176792526768393721e+01 0.000000000000000000e+00 -2.657241467778970190e-01 -7.883686363761910343e-02 0.000000000000000000e+00 1.368000000000000114e+02
-5.165294321555752077e+00 -1.177692512232822963e+01 0.000000000000000000e+00 -2.931386390630397187e-01 -8.999854644292426542e-02 0.000000000000000000e+00 1.369000000000000057e+02
-5.194608185462056049e+00 -1.178592497697252206e+01 0.000000000000000000e+00 -2.931386390630397187e-01 -8.999854644292426542e-02 0.000000000000000000e+00 1.370000000000000000e+02
-5.223922049368360021e+00 -1.179492483161681449e+01 0.000000000000000000e+00 -2.931386390630397187e-01 -8.999854644292426542e-02 0.000000000000000000e+00 1.370999999999999943e+02
-5.253235913274664881e+00 -1.180392468626110514e+01 0.000000000000000000e+00 -2.931386390630486005e-01 -8.999854644290650185e-02 0.000000000000000000e+00 1.372000000000000171e+02
-5.282549777180968853e+00 -1.181292454090539756e+01 0.000000000000000000e+00 -2.931386390630397187e-01 -8.999854644292426542e-02 0.000000000000000000e+00 1.373000000000000114e+02
-5.311863641087272825e+00 -1.182192439554968999e+01 0.000000000000000000e+00 -2.931386390630397187e-01 -8.999854644292426542e-02 0.000000000000000000e+00 1.374000000000000057e+02
-5.341908226973289153e+00 -1.183121596144765419e+01 0.000000000000000000e+00 -3.004458588601632840e-01 -9.291565897964204623e-02 0.000000000000000000e+00 1.375000000000000000e+02
-5.376480636255524637e+00 -1.184231507806393857e+01 0.000000000000000000e+00 -3.457240928223548337e-01 -1.109911661628437685e-01 0.000000000000000000e+00 1.375999999999999943e+02
-5.411053045537760120e+00 -1.185341419468022295e+01 0.000000000000000000e+00 -3.457240928223548337e-01 -1.109911661628437685e-01 0.000000000000000000e+00 1.377000000000000171e+02
-5.445625454819995603e+00 -1.186451331129650733e+01 0.000000000000000000e+00 -3.457240928223548337e-01 -1.109911661628437685e-01 0.000000000000000000e+00 1.378000000000000114e+02
-5.480197864102231087e+00 -1.187561242791279170e+01 0.000000000000000000e+00 -3.457240928223548337e-01 -1.109911661628437685e-01 0.000000000000000000e+00 1.379000000000000057e+02
-5.514770273384466570e+00 -1.188671154452907608e+01 0.000000000000000000e+00 -3.457240928223548337e-01 -1.109911661628437685e-01 0.000000000000000000e+00 1.380000000000000000e+02
-5.549342682666702942e+00 -1.189781066114535868e+01 0.000000000000000000e+00 -3.457240928223637155e-01 -1.109911661628260049e-01 0.000000000000000000e+00 1.380999999999999943e+02
-5.583915091948938425e+00 -1.190890977776164306e+01 0.000000000000000000e+00 -3.457240928223548337e-01 -1.109911661628437685e-01 0.000000000000000000e+00 1.382000000000000171e+02
-5.618487501231173908e+00 -1.192000889437792743e+01 0.000000000000000000e+00 -3.457240928223548337e-01 -1.109911661628437685e-01 0.000000000000000000e+00 1.383000000000000114e+02
-5.651649199644252164e+00 -1.193073675209548057e+01 0.000000000000000000e+00 -3.316169841307825550e-01 -1.072785771755313533e-01 0.000000000000000000e+00 1.384000000000000057e+02
-5.682708042467174536e+00 -1.194091119814827628e+01 0.000000000000000000e+00 -3.105884282292237231e-01 -1.017444605279571590e-01 0.000000000000000000e+00 1.385000000000000000e+02
-5.713766885290096909e+00 -1.195108564420107200e+01 0.000000000000000000e+00 -3.105884282292237231e-01 -1.017444605279571590e-01 0.000000000000000000e+00 1.385999999999999943e+02
-5.744825728113018393e+00 -1.196126009025386772e+01 0.000000000000000000e+00 -3.105884282292148413e-01 -1.017444605279571590e-01 0.000000000000000000e+00 1.387000000000000171e+02
-5.775884570935940765e+00 -1.197143453630666521e+01 0.000000000000000000e+00 -3.105884282292237231e-01 -1.017444605279749226e-01 0.000000000000000000e+00 1.388000000000000114e+02
-5.806943413758863137e+00 -1.198160898235946092e+01 0.000000000000000000e+00 -3.105884282292237231e-01 -1.017444605279571590e-01 0.000000000000000000e+00 1.389000000000000057e+02
-5.838002256581785510e+00 -1.199178342841225664e+01 0.000000000000000000e+00 -3.105884282292237231e-01 -1.017444605279571590e-01 0.000000000000000000e+00 1.390000000000000000e+02
-5.869061099404707882e+00 -1.200195787446505236e+01 0.000000000000000000e+00 -3.105884282292237231e-01 -1.017444605279571590e-01 0.000000000000000000e+00 1.390999999999999943e+02
-5.898501035111160640e+00 -1.201169179378698182e+01 0.000000000000000000e+00 -2.943993570645275781e-01 -9.733919321929462853e-02 0.000000000000000000e+00 1.392000000000000171e+02
-5.927346525349089568e+00 -1.202126395638040002e+01 0.000000000000000000e+00 -2.884549023792892797e-01 -9.572162593418198639e-02 0.000000000000000000e+00 1.393000000000000114e+02
-5.956192015587018496e+00 -1.203083611897381822e+01 0.000000000000000000e+00 -2.884549023792892797e-01 -9.572162593418198639e-02 0.000000000000000000e+00 1.394000000000000057e+02
-5.985037505824948312e+00 -1.204040828156723641e+01 0.000000000000000000e+00 -2.884549023792981615e-01 -9.572162593418198639e-02 0.000000000000000000e+00 1.395000000000000000e+02
-6.013882996062877240e+00 -1.204998044416065461e+01 0.000000000000000000e+00 -2.884549023792892797e-01 -9.572162593418198639e-02 0.000000000000000000e+00 1.395999999999999943e+02
-6.042728486300807056e+00 -1.205955260675407104e+01 0.000000000000000000e+00 -2.884549023792981615e-01 -9.572162593416422283e-02 0.000000000000000000e+00 1.397000000000000171e+02
-6.071573976538735984e+00 -1.206912476934748923e+01 0.000000000000000000e+00 -2.884549023792892797e-01 -9.572162593418198639e-02 0.000000000000000000e+00 1.398000000000000114e+02
-6.100305124331413253e+00 -1.207849684287788783e+01 0.000000000000000000e+00 -2.873114779267726959e-01 -9.372073530398594698e-02 0.000000000000000000e+00 1.399000000000000057e+02
-6.128952707105646880e+00 -1.208772268509230408e+01 0.000000000000000000e+00 -2.864758277423362642e-01 -9.225842214416246634e-02 0.000000000000000000e+00 1.400000000000000000e+02
-6.157600289879880506e+00 -1.209694852730672210e+01 0.000000000000000000e+00 -2.864758277423362642e-01 -9.225842214418022991e-02 0.000000000000000000e+00 1.400999999999999943e+02
-6.186247872654114133e+00 -1.210617436952114012e+01 0.000000000000000000e+00 -2.864758277423362642e-01 -9.225842214418022991e-02 0.000000000000000000e+00 1.402000000000000171e+02
-6.214895455428348647e+00 -1.211540021173555637e+01 0.000000000000000000e+00 -2.864758277423451460e-01 -9.225842214416246634e-02 0.000000000000000000e+00 1.403000000000000114e+02
-6.243543038202582274e+00 -1.212462605394997439e+01 0.000000000000000000e+00 -2.864758277423362642e-01 -9.225842214418022991e-02 0.000000000000000000e+00 1.404000000000000057e+02
-6.272190620976815900e+00 -1.213385189616439241e+01 0.000000000000000000e+00 -2.864758277423362642e-01 -9.225842214418022991e-02 0.000000000000000000e+00 1.405000000000000000e+02
-6.301401138505084987e+00 -1.214333069829972622e+01 0.000000000000000000e+00 -2.921051752826908654e-01 -9.478802135333808110e-02 0.000000000000000000e+00 1.405999999999999943e+02
-6.331258680383024640e+00 -1.215310024679092038e+01 0.000000000000000000e+00 -2.985754187793965286e-01 -9.769548491194157691e-02 0.000000000000000000e+00 1.407000000000000171e+02
-6.361116222260963404e+00 -1.216286979528211454e+01 0.000000000000000000e+00 -2.985754187793876469e-01 -9.769548491194157691e-02 0.000000000000000000e+00 1.408000000000000114e+02
-6.390973764138903057e+00 -1.217263934377330870e+01 0.000000000000000000e+00 -2.985754187793965286e-01 -9.769548491194157691e-02 0.000000000000000000e+00 1.409000000000000057e+02
-6.420831306016841822e+00 -1.218240889226450285e+01 0.000000000000000000e+00 -2.985754187793876469e-01 -9.769548491194157691e-02 0.000000000000000000e+00 1.410000000000000000e+02
-6.450688847894781475e+00 -1.219217844075569701e+01 0.000000000000000000e+00 -2.985754187793965286e-01 -9.769548491194157691e-02 0.000000000000000000e+00 1.410999999999999943e+02
-6.480546389772721128e+00 -1.220194798924689117e+01 0.000000000000000000e+00 -2.985754187793965286e-01 -9.769548491194157691e-02 0.000000000000000000e+00 1.412000000000000171e+02
-6.510403931650659892e+00 -1.221171753773808533e+01 0.000000000000000000e+00 -2.985754187793876469e-01 -9.769548491194157691e-02 0.000000000000000000e+00 1.413000000000000114e+02
-6.537696961464145140e+00 -1.222668650548653346e+01 0.000000000000000000e+00 -2.729302981348524781e-01 -1.496896774844813649e-01 0.000000000000000000e+00 1.414000000000000057e+02
-6.564783655493371839e+00 -1.224207380866221584e+01 0.000000000000000000e+00 -2.708669402922669889e-01 -1.538730317568237638e-01 0.000000000000000000e+00 1.415000000000000000e+02
-6.591870349522598538e+00 -1.225746111183789822e+01 0.000000000000000000e+00 -2.708669402922669889e-01 -1.538730317568237638e-01 0.000000000000000000e+00 1.415999999999999943e+02
-6.618957043551825237e+00 -1.227284841501358059e+01 0.000000000000000000e+00 -2.708669402922669889e-01 -1.538730317568237638e-01 0.000000000000000000e+00 1.417000000000000171e+02
-6.646043737581051936e+00 -1.228823571818926297e+01 0.000000000000000000e+00 -2.708669402922669889e-01 -1.538730317568237638e-01 0.000000000000000000e+00 1.418000000000000114e+02
-6.673130431610278634e+00 -1.230362302136494534e+01 0.000000000000000000e+00 -2.708669402922669889e-01 -1.538730317568237638e-01 0.000000000000000000e+00 1.419000000000000057e+02
-6.700217125639505333e+00 -1.231901032454062772e+01 0.000000000000000000e+00 -2.708669402922669889e-01 -1.538730317568237638e-01 0.000000000000000000e+00 1.420000000000000000e+02
-6.725090187894227078e+00 -1.233563366215099499e+01 0.000000000000000000e+00 -2.487306225472174503e-01 -1.662333761036727253e-01 0.000000000000000000e+00 1.420999999999999943e+02
-6.723856977083947584e+00 -1.236683406395120954e+01 0.000000000000000000e+00 1.233210810279494751e-02 -3.120040180021455001e-01 0.000000000000000000e+00 1.422000000000000171e+02
-6.722623766273667201e+00 -1.239803446575142409e+01 0.000000000000000000e+00 1.233210810280382930e-02 -3.120040180021455001e-01 0.000000000000000000e+00 1.423000000000000114e+02
-6.721390555463386818e+00 -1.242923486755163687e+01 0.000000000000000000e+00 1.233210810280382930e-02 -3.120040180021277365e-01 0.000000000000000000e+00 1.424000000000000057e+02
-6.720157344653106435e+00 -1.246043526935185142e+01 0.000000000000000000e+00 1.233210810280382930e-02 -3.120040180021455001e-01 0.000000000000000000e+00 1.425000000000000000e+02
-6.718924133842826052e+00 -1.249163567115206597e+01 0.000000000000000000e+00 1.233210810280382930e-02 -3.120040180021455001e-01 0.000000000000000000e+00 1.425999999999999943e+02
-6.717690923032545669e+00 -1.252283607295228052e+01 0.000000000000000000e+00 1.233210810280382930e-02 -3.120040180021455001e-01 0.000000000000000000e+00 1.427000000000000171e+02
-6.716457712222265286e+00 -1.255403647475249507e+01 0.000000000000000000e+00 1.233210810280382930e-02 -3.120040180021455001e-01 0.000000000000000000e+00 1.428000000000000114e+02
-6.711881362914299487e+00 -1.258794039277479548e+01 0.000000000000000000e+00 4.576349307965799085e-02 -3.390391802230041662e-01 0.000000000000000000e+00 1.429000000000000057e+02
-6.705266355201950468e+00 -1.262349292513699517e+01 0.000000000000000000e+00 6.615007712349019187e-02 -3.555253236219968471e-01 0.000000000000000000e+00 1.430000000000000000e+02
-6.698651347489601449e+00 -1.265904545749919308e+01 0.000000000000000000e+00 6.615007712349019187e-02 -3.555253236219790836e-01 0.000000000000000000e+00 1.430999999999999943e+02
-6.692036339777252429e+00 -1.269459798986139099e+01 0.000000000000000000e+00 6.615007712349019187e-02 -3.555253236219790836e-01 0.000000000000000000e+00 1.432000000000000171e+02
-6.685421332064903410e+00 -1.273015052222358889e+01 0.000000000000000000e+00 6.615007712349019187e-02 -3.555253236219790836e-01 0.000000000000000000e+00 1.433000000000000114e+02
-6.678806324352554391e+00 -1.276570305458578858e+01 0.000000000000000000e+00 6.615007712349019187e-02 -3.555253236219968471e-01 0.000000000000000000e+00 1.434000000000000057e+02
-6.672191316640205372e+00 -1.280125558694798649e+01 0.000000000000000000e+00 6.615007712349019187e-02 -3.555253236219790836e-01 0.000000000000000000e+00 1.435000000000000000e+02
-6.665576308927856353e+00 -1.283680811931018440e+01 0.000000000000000000e+00 6.615007712349019187e-02 -3.555253236219790836e-01 0.000000000000000000e+00 1.435999999999999943e+02
-6.658476563332533793e+00 -1.287347334523588138e+01 0.000000000000000000e+00 7.099745595322559666e-02 -3.666522592569698702e-01 0.000000000000000000e+00 1.437000000000000171e+02
-6.649772173281404797e+00 -1.291382195886531647e+01 0.000000000000000000e+00 8.704390051128996220e-02 -4.034861362943509278e-01 0.000000000000000000e+00 1.438000000000000114e+02
-6.641067783230274912e+00 -1.295417057249475157e+01 0.000000000000000000e+00 8.704390051129884398e-02 -4.034861362943509278e-01 0.000000000000000000e+00 1.439000000000000057e+02
-6.632363393179145916e+00 -1.299451918612418666e+01 0.000000000000000000e+00 8.704390051128996220e-02 -4.034861362943509278e-01 0.000000000000000000e+00 1.440000000000000000e+02
-6.623659003128016032e+00 -1.303486779975362175e+01 0.000000000000000000e+00 8.704390051129884398e-02 -4.034861362943509278e-01 0.000000000000000000e+00 1.440999999999999943e+02
-6.614954613076886147e+00 -1.307521641338305685e+01 0.000000000000000000e+00 8.704390051129884398e-02 -4.034861362943509278e-01 0.000000000000000000e+00 1.442000000000000171e+02
-6.606250223025757151e+00 -1.311556502701249194e+01 0.000000000000000000e+00 8.704390051128996220e-02 -4.034861362943509278e-01 0.000000000000000000e+00 1.443000000000000114e+02
-6.597545832974627267e+00 -1.315591364064192703e+01 0.000000000000000000e+00 8.704390051129884398e-02 -4.034861362943509278e-01 0.000000000000000000e+00 1.444000000000000057e+02
-6.588841442923498271e+00 -1.319626225427136212e+01 0.000000000000000000e+00 8.704390051128996220e-02 -4.034861362943509278e-01 0.000000000000000000e+00 1.445000000000000000e+02
-6.580137052872368386e+00 -1.323661086790079722e+01 0.000000000000000000e+00 8.704390051129884398e-02 -4.034861362943509278e-01 0.000000000000000000e+00 1.445999999999999943e+02
-6.570844683555921328e+00 -1.327801029705084090e+01 0.000000000000000000e+00 9.292369316447057770e-02 -4.139942915004368729e-01 0.000000000000000000e+00 1.447000000000000171e+02
-6.561116301322818423e+00 -1.332018895289650118e+01 0.000000000000000000e+00 9.728382233102905730e-02 -4.217865584566027337e-01 0.000000000000000000e+00 1.448000000000000114e+02
-6.551387919089715517e+00 -1.336236760874216323e+01 0.000000000000000000e+00 9.728382233102905730e-02 -4.217865584566204973e-01 0.000000000000000000e+00 1.449000000000000057e+02
-6.541659536856613499e+00 -1.340454626458782528e+01 0.000000000000000000e+00 9.728382233102017551e-02 -4.217865584566204973e-01 0.000000000000000000e+00 1.450000000000000000e+02
-6.531931154623510594e+00 -1.344672492043348555e+01 0.000000000000000000e+00 9.728382233102905730e-02 -4.217865584566027337e-01 0.000000000000000000e+00 1.450999999999999943e+02
-6.522202772390407688e+00 -1.348890357627914760e+01 0.000000000000000000e+00 9.728382233102905730e-02 -4.217865584566204973e-01 0.000000000000000000e+00 1.452000000000000171e+02
-6.512474390157305670e+00 -1.353108223212480787e+01 0.000000000000000000e+00 9.728382233102017551e-02 -4.217865584566027337e-01 0.000000000000000000e+00 1.453000000000000114e+02
-6.502746007924202765e+00 -1.357326088797046992e+01 0.000000000000000000e+00 9.728382233102905730e-02 -4.217865584566204973e-01 0.000000000000000000e+00 1.454000000000000057e+02
-6.493017625691100747e+00 -1.361543954381613020e+01 0.000000000000000000e+00 9.728382233102017551e-02 -4.217865584566027337e-01 0.000000000000000000e+00 1.455000000000000000e+02
-6.483289243457997841e+00 -1.365761819966179225e+01 0.000000000000000000e+00 9.728382233102905730e-02 -4.217865584566204973e-01 0.000000000000000000e+00 1.455999999999999943e+02
-6.473871324549321571e+00 -1.369836550229439354e+01 0.000000000000000000e+00 9.417918908676270462e-02 -4.074730263260128993e-01 0.000000000000000000e+00 1.457000000000000171e+02
-6.464810383032980390e+00 -1.373746700428870504e+01 0.000000000000000000e+00 9.060941516341181057e-02 -3.910150199431150497e-01 0.000000000000000000e+00 1.458000000000000114e+02
-6.455749441516638321e+00 -1.377656850628301477e+01 0.000000000000000000e+00 9.060941516342069235e-02 -3.910150199430972862e-01 0.000000000000000000e+00 1.459000000000000057e+02
-6.446688500000296251e+00 -1.381567000827732450e+01 0.000000000000000000e+00 9.060941516342069235e-02 -3.910150199430972862e-01 0.000000000000000000e+00 1.460000000000000000e+02
-6.437627558483955070e+00 -1.385477151027163423e+01 0.000000000000000000e+00 9.060941516341181057e-02 -3.910150199430972862e-01 0.000000000000000000e+00 1.460999999999999943e+02
-6.428566616967613001e+00 -1.389387301226594396e+01 0.000000000000000000e+00 9.060941516342069235e-02 -3.910150199430972862e-01 0.000000000000000000e+00 1.462000000000000171e+02
-6.419505675451271820e+00 -1.393297451426025368e+01 0.000000000000000000e+00 9.060941516341181057e-02 -3.910150199430972862e-01 0.000000000000000000e+00 1.463000000000000114e+02
-6.410444733934929751e+00 -1.397207601625456341e+01 0.000000000000000000e+00 9.060941516342069235e-02 -3.910150199430972862e-01 0.000000000000000000e+00 1.464000000000000057e+02
-6.401383792418588570e+00 -1.401117751824887492e+01 0.000000000000000000e+00 9.060941516341181057e-02 -3.910150199431150497e-01 0.000000000000000000e+00 1.465000000000000000e+02
-6.392322850902246500e+00 -1.405027902024318465e+01 0.000000000000000000e+00 9.060941516342069235e-02 -3.910150199430972862e-01 0.000000000000000000e+00 1.465999999999999943e+02
-6.384459988808428577e+00 -1.408435099610949770e+01 0.000000000000000000e+00 7.862862093817923892e-02 -3.407197586631305342e-01 0.000000000000000000e+00 1.467000000000000171e+02
-6.376650041371901168e+00 -1.411820083674304271e+01 0.000000000000000000e+00 7.809947436527409081e-02 -3.384984063354501416e-01 0.000000000000000000e+00 1.468000000000000114e+02
-6.368840093935372870e+00 -1.415205067737658950e+01 0.000000000000000000e+00 7.809947436528297260e-02 -3.384984063354679051e-01 0.000000000000000000e+00 1.469000000000000057e+02
-6.361030146498845461e+00 -1.418590051801013630e+01 0.000000000000000000e+00 7.809947436527409081e-02 -3.384984063354679051e-01 0.000000000000000000e+00 1.470000000000000000e+02
-6.353220199062317164e+00 -1.421975035864368309e+01 0.000000000000000000e+00 7.809947436528297260e-02 -3.384984063354679051e-01 0.000000000000000000e+00 1.470999999999999943e+02
-6.345410251625789755e+00 -1.425360019927722988e+01 0.000000000000000000e+00 7.809947436527409081e-02 -3.384984063354679051e-01 0.000000000000000000e+00 1.472000000000000171e+02
-6.337600304189261458e+00 -1.428745003991077667e+01 0.000000000000000000e+00 7.809947436528297260e-02 -3.384984063354679051e-01 0.000000000000000000e+00 1.473000000000000114e+02
-6.329790356752734048e+00 -1.432129988054432346e+01 0.000000000000000000e+00 7.809947436527409081e-02 -3.384984063354679051e-01 0.000000000000000000e+00 1.474000000000000057e+02
-6.322513832610096252e+00 -1.435268098380100987e+01 0.000000000000000000e+00 7.276524142637796899e-02 -3.138110325668641565e-01 0.000000000000000000e+00 1.475000000000000000e+02
-6.315287945863041763e+00 -1.438382773202938480e+01 0.000000000000000000e+00 7.225886747054488524e-02 -3.114674822837493195e-01 0.000000000000000000e+00 1.475999999999999943e+02
-6.308062059115986386e+00 -1.441497448025776151e+01 0.000000000000000000e+00 7.225886747055376702e-02 -3.114674822837670831e-01 0.000000000000000000e+00 1.477000000000000171e+02
-6.300836172368931010e+00 -1.444612122848613645e+01 0.000000000000000000e+00 7.225886747055376702e-02 -3.114674822837493195e-01 0.000000000000000000e+00 1.478000000000000114e+02
-6.293610285621875633e+00 -1.447726797671451138e+01 0.000000000000000000e+00 7.225886747055376702e-02 -3.114674822837493195e-01 0.000000000000000000e+00 1.479000000000000057e+02
-6.286384398874821144e+00 -1.450841472494288809e+01 0.000000000000000000e+00 7.225886747054488524e-02 -3.114674822837670831e-01 0.000000000000000000e+00 1.480000000000000000e+02
-6.279158512127765768e+00 -1.453956147317126302e+01 0.000000000000000000e+00 7.225886747055376702e-02 -3.114674822837493195e-01 0.000000000000000000e+00 1.480999999999999943e+02
-6.272054086888523727e+00 -1.457020479657923495e+01 0.000000000000000000e+00 7.104425239242040391e-02 -3.064332340797193410e-01 0.000000000000000000e+00 1.482000000000000171e+02
-6.265127230120049795e+00 -1.460011214710892524e+01 0.000000000000000000e+00 6.926856768473932391e-02 -2.990735052969029084e-01 0.000000000000000000e+00 1.483000000000000114e+02
-6.258200373351574974e+00 -1.463001949763861553e+01 0.000000000000000000e+00 6.926856768474820569e-02 -2.990735052969029084e-01 0.000000000000000000e+00 1.484000000000000057e+02
-6.251273516583101042e+00 -1.465992684816830582e+01 0.000000000000000000e+00 6.926856768473932391e-02 -2.990735052969029084e-01 0.000000000000000000e+00 1.485000000000000000e+02
-6.244346659814627110e+00 -1.468983419869799434e+01 0.000000000000000000e+00 6.926856768473932391e-02 -2.990735052968851448e-01 0.000000000000000000e+00 1.485999999999999943e+02
-6.237419803046152289e+00 -1.471974154922768463e+01 0.000000000000000000e+00 6.926856768474820569e-02 -2.990735052969029084e-01 0.000000000000000000e+00 1.487000000000000171e+02
-6.230492946277678357e+00 -1.474964889975737492e+01 0.000000000000000000e+00 6.926856768473932391e-02 -2.990735052969029084e-01 0.000000000000000000e+00 1.488000000000000114e+02
-6.223595211448703424e+00 -1.477956128323461549e+01 0.000000000000000000e+00 6.897734828974932952e-02 -2.991238347724056723e-01 0.000000000000000000e+00 1.489000000000000057e+02
-6.216812238007483060e+00 -1.480949350014519084e+01 0.000000000000000000e+00 6.782973441220363497e-02 -2.993221691057534883e-01 0.000000000000000000e+00 1.490000000000000000e+02
-6.210029264566263585e+00 -1.483942571705576441e+01 0.000000000000000000e+00 6.782973441219475319e-02 -2.993221691057357248e-01 0.000000000000000000e+00 1.490999999999999943e+02
-6.203246291125044110e+00 -1.486935793396633798e+01 0.000000000000000000e+00 6.782973441219475319e-02 -2.993221691057357248e-01 0.000000000000000000e+00 1.492000000000000171e+02
-6.196463317683824634e+00 -1.489929015087691333e+01 0.000000000000000000e+00 6.782973441219475319e-02 -2.993221691057534883e-01 0.000000000000000000e+00 1.493000000000000114e+02
-6.189680344242604271e+00 -1.492922236778748690e+01 0.000000000000000000e+00 6.782973441220363497e-02 -2.993221691057357248e-01 0.000000000000000000e+00 1.494000000000000057e+02
-6.182897370801384795e+00 -1.495915458469806225e+01 0.000000000000000000e+00 6.782973441219475319e-02 -2.993221691057534883e-01 0.000000000000000000e+00 1.495000000000000000e+02
-6.176121864748189694e+00 -1.498908064240825766e+01 0.000000000000000000e+00 6.775506053195101686e-02 -2.992605771019540839e-01 0.000000000000000000e+00 1.495999999999999943e+02
-6.172964293489366483e+00 -1.501602257966307619e+01 0.000000000000000000e+00 3.157571258823210769e-02 -2.694193725481852653e-01 0.000000000000000000e+00 1.497000000000000171e+02
-6.169806722230543272e+00 -1.504296451691789471e+01 0.000000000000000000e+00 3.157571258823210769e-02 -2.694193725481852653e-01 0.000000000000000000e+00 1.498000000000000114e+02
-6.166649150971720061e+00 -1.506990645417271324e+01 0.000000000000000000e+00 3.157571258823210769e-02 -2.694193725481852653e-01 0.000000000000000000e+00 1.499000000000000057e+02
-6.163491579712897739e+00 -1.509684839142753177e+01 0.000000000000000000e+00 3.157571258822322591e-02 -2.694193725481852653e-01 0.000000000000000000e+00 1.500000000000000000e+02
-6.160334008454074528e+00 -1.512379032868235029e+01 0.000000000000000000e+00 3.157571258823210769e-02 -2.694193725481852653e-01 0.000000000000000000e+00 1.500999999999999943e+02
-6.157176437195251317e+00 -1.515073226593716882e+01 0.000000000000000000e+00 3.157571258823210769e-02 -2.694193725481852653e-01 0.000000000000000000e+00 1.502000000000000171e+02
-6.154116300529403283e+00 -1.517701119418666167e+01 0.000000000000000000e+00 3.060136665848034454e-02 -2.627892824949285000e-01 0.000000000000000000e+00 1.503000000000000114e+02
-6.151113005690840296e+00 -1.520290333328644650e+01 0.000000000000000000e+00 3.003294838562986513e-02 -2.589213909978482775e-01 0.000000000000000000e+00 1.504000000000000057e+02
-6.148109710852276422e+00 -1.522879547238623132e+01 0.000000000000000000e+00 3.003294838563874691e-02 -2.589213909978482775e-01 0.000000000000000000e+00 1.505000000000000000e+02
-6.145106416013713435e+00 -1.525468761148601615e+01 0.000000000000000000e+00 3.003294838562986513e-02 -2.589213909978482775e-01 0.000000000000000000e+00 1.505999999999999943e+02
-6.142103121175150449e+00 -1.528057975058580098e+01 0.000000000000000000e+00 3.003294838562986513e-02 -2.589213909978482775e-01 0.000000000000000000e+00 1.507000000000000171e+02
-6.139099826336587462e+00 -1.530647188968558403e+01 0.000000000000000000e+00 3.003294838562986513e-02 -2.589213909978305139e-01 0.000000000000000000e+00 1.508000000000000114e+02
-6.137565894965294255e+00 -1.533125019600346661e+01 0.000000000000000000e+00 1.533931371293206780e-02 -2.477830631788258131e-01 0.000000000000000000e+00 1.509000000000000057e+02
-6.137492086445387685e+00 -1.535492167427389454e+01 0.000000000000000000e+00 7.380851990657077977e-04 -2.367147827042792585e-01 0.000000000000000000e+00 1.510000000000000000e+02
-6.137418277925482002e+00 -1.537859315254432246e+01 0.000000000000000000e+00 7.380851990568260135e-04 -2.367147827042792585e-01 0.000000000000000000e+00 1.510999999999999943e+02
-6.137344469405576319e+00 -1.540226463081474861e+01 0.000000000000000000e+00 7.380851990568260135e-04 -2.367147827042614949e-01 0.000000000000000000e+00 1.512000000000000171e+02
-6.137270660885669749e+00 -1.542593610908517654e+01 0.000000000000000000e+00 7.380851990657077977e-04 -2.367147827042792585e-01 0.000000000000000000e+00 1.513000000000000114e+02
-6.137196852365764066e+00 -1.544960758735560447e+01 0.000000000000000000e+00 7.380851990568260135e-04 -2.367147827042792585e-01 0.000000000000000000e+00 1.514000000000000057e+02
-6.137410771360303663e+00 -1.547617233122552705e+01 0.000000000000000000e+00 -2.139189945395969517e-03 -2.656474386992258019e-01 0.000000000000000000e+00 1.515000000000000000e+02
-6.137629802321137973e+00 -1.550278847885589073e+01 0.000000000000000000e+00 -2.190309608343099512e-03 -2.661614763036368458e-01 0.000000000000000000e+00 1.515999999999999943e+02
-6.137848833281972283e+00 -1.552940462648625441e+01 0.000000000000000000e+00 -2.190309608343099512e-03 -2.661614763036368458e-01 0.000000000000000000e+00 1.517000000000000171e+02
-6.138067864242806593e+00 -1.555602077411661810e+01 0.000000000000000000e+00 -2.190309608343099512e-03 -2.661614763036368458e-01 0.000000000000000000e+00 1.518000000000000114e+02
-6.138286895203640903e+00 -1.558263692174698178e+01 0.000000000000000000e+00 -2.190309608343099512e-03 -2.661614763036368458e-01 0.000000000000000000e+00 1.519000000000000057e+02
-6.138505926164475213e+00 -1.560925306937734369e+01 0.000000000000000000e+00 -2.190309608343099512e-03 -2.661614763036190823e-01 0.000000000000000000e+00 1.520000000000000000e+02
-6.138365086178920293e+00 -1.563733686282909296e+01 0.000000000000000000e+00 1.408399855549191670e-03 -2.808379345174927266e-01 0.000000000000000000e+00 1.520999999999999943e+02
-6.138099456429876533e+00 -1.566592958087387544e+01 0.000000000000000000e+00 2.656297490437609099e-03 -2.859271804478247248e-01 0.000000000000000000e+00 1.522000000000000171e+02
-6.137833826680832772e+00 -1.569452229891865791e+01 0.000000000000000000e+00 2.656297490437609099e-03 -2.859271804478247248e-01 0.000000000000000000e+00 1.523000000000000114e+02
-6.137568196931789011e+00 -1.572311501696344038e+01 0.000000000000000000e+00 2.656297490437609099e-03 -2.859271804478247248e-01 0.000000000000000000e+00 1.524000000000000057e+02
-6.137302567182745250e+00 -1.575170773500822285e+01 0.000000000000000000e+00 2.656297490437609099e-03 -2.859271804478247248e-01 0.000000000000000000e+00 1.525000000000000000e+02
-6.137036937433701489e+00 -1.578030045305300533e+01 0.000000000000000000e+00 2.656297490437609099e-03 -2.859271804478247248e-01 0.000000000000000000e+00 1.525999999999999943e+02
-6.136755744928699130e+00 -1.580883888882273958e+01 0.000000000000000000e+00 2.811925050023589279e-03 -2.853843576973424945e-01 0.000000000000000000e+00 1.527000000000000171e+02
-6.136189789475329448e+00 -1.583638408273171727e+01 0.000000000000000000e+00 5.659554533696820044e-03 -2.754519390897769426e-01 0.000000000000000000e+00 1.528000000000000114e+02
-6.135623834021959766e+00 -1.586392927664069674e+01 0.000000000000000000e+00 5.659554533696820044e-03 -2.754519390897947062e-01 0.000000000000000000e+00 1.529000000000000057e+02
-6.135057878568590084e+00 -1.589147447054967444e+01 0.000000000000000000e+00 5.659554533696820044e-03 -2.754519390897769426e-01 0.000000000000000000e+00 1.530000000000000000e+02
-6.134491923115221290e+00 -1.591901966445865391e+01 0.000000000000000000e+00 5.659554533687938260e-03 -2.754519390897947062e-01 0.000000000000000000e+00 1.530999999999999943e+02
-6.133925967661851608e+00 -1.594656485836763160e+01 0.000000000000000000e+00 5.659554533696820044e-03 -2.754519390897769426e-01 0.000000000000000000e+00 1.532000000000000171e+02
-6.133360012208481926e+00 -1.597411005227661107e+01 0.000000000000000000e+00 5.659554533696820044e-03 -2.754519390897947062e-01 0.000000000000000000e+00 1.533000000000000114e+02
-6.132350346601858071e+00 -1.600245063723957628e+01 0.000000000000000000e+00 1.009665606623855183e-02 -2.834058496296520957e-01 0.000000000000000000e+00 1.534000000000000057e+02
-6.131034173473632443e+00 -1.603134066498376242e+01 0.000000000000000000e+00 1.316173128225628375e-02 -2.889002774418614194e-01 0.000000000000000000e+00 1.535000000000000000e+02
-6.129718000345406814e+00 -1.606023069272795212e+01 0.000000000000000000e+00 1.316173128225628375e-02 -2.889002774418969466e-01 0.000000000000000000e+00 1.536000000000000227e+02
-6.128401827217181186e+00 -1.608912072047213826e+01 0.000000000000000000e+00 1.316173128225628375e-02 -2.889002774418614194e-01 0.000000000000000000e+00 1.537000000000000171e+02
-6.127085654088955557e+00 -1.611801074821632795e+01 0.000000000000000000e+00 1.316173128225628375e-02 -2.889002774418969466e-01 0.000000000000000000e+00 1.538000000000000114e+02
-6.125769480960729929e+00 -1.614690077596051410e+01 0.000000000000000000e+00 1.316173128225628375e-02 -2.889002774418614194e-01 0.000000000000000000e+00 1.539000000000000057e+02
-6.124453307832504301e+00 -1.617579080370470379e+01 0.000000000000000000e+00 1.316173128225628375e-02 -2.889002774418969466e-01 0.000000000000000000e+00 1.540000000000000000e+02
-6.116824456218463268e+00 -1.620588519528756777e+01 0.000000000000000000e+00 7.628851614041032292e-02 -3.009439158286397742e-01 0.000000000000000000e+00 1.541000000000000227e+02
-6.107258952949440101e+00 -1.623634907079498646e+01 0.000000000000000000e+00 9.565503269023167832e-02 -3.046387550741869177e-01 0.000000000000000000e+00 1.542000000000000171e+02
-6.097693449680416045e+00 -1.626681294630240515e+01 0.000000000000000000e+00 9.565503269024056010e-02 -3.046387550741869177e-01 0.000000000000000000e+00 1.543000000000000114e+02
-6.088127946411391989e+00 -1.629727682180982384e+01 0.000000000000000000e+00 9.565503269024056010e-02 -3.046387550741869177e-01 0.000000000000000000e+00 1.544000000000000057e+02
-6.078562443142367933e+00 -1.632774069731724254e+01 0.000000000000000000e+00 9.565503269024056010e-02 -3.046387550741869177e-01 0.000000000000000000e+00 1.545000000000000000e+02
-6.068996939873343877e+00 -1.635820457282466123e+01 0.000000000000000000e+00 9.565503269024056010e-02 -3.046387550741869177e-01 0.000000000000000000e+00 1.546000000000000227e+02
-6.059431436604319821e+00 -1.638866844833207992e+01 0.000000000000000000e+00 9.565503269024056010e-02 -3.046387550741869177e-01 0.000000000000000000e+00 1.547000000000000171e+02
-6.049838570146125249e+00 -1.641894392183878182e+01 0.000000000000000000e+00 9.592866458194571067e-02 -3.027547350670189985e-01 0.000000000000000000e+00 1.548000000000000114e+02
-6.040187499410991201e+00 -1.644881864519325276e+01 0.000000000000000000e+00 9.651070735134048562e-02 -2.987472335447094451e-01 0.000000000000000000e+00 1.549000000000000057e+02
-6.030536428675856264e+00 -1.647869336854772726e+01 0.000000000000000000e+00 9.651070735134936740e-02 -2.987472335447449723e-01 0.000000000000000000e+00 1.550000000000000000e+02
-6.020885357940722216e+00 -1.650856809190219820e+01 0.000000000000000000e+00 9.651070735134048562e-02 -2.987472335447094451e-01 0.000000000000000000e+00 1.551000000000000227e+02
-6.011234287205587279e+00 -1.653844281525666915e+01 0.000000000000000000e+00 9.651070735134936740e-02 -2.987472335447094451e-01 0.000000000000000000e+00 1.552000000000000171e+02
-6.001583216470452342e+00 -1.656831753861114365e+01 0.000000000000000000e+00 9.651070735134936740e-02 -2.987472335447449723e-01 0.000000000000000000e+00 1.553000000000000114e+02
-5.991932145735318294e+00 -1.659819226196561459e+01 0.000000000000000000e+00 9.651070735134048562e-02 -2.987472335447094451e-01 0.000000000000000000e+00 1.554000000000000057e+02
-5.982281075000183357e+00 -1.662806698532008554e+01 0.000000000000000000e+00 9.651070735134936740e-02 -2.987472335447094451e-01 0.000000000000000000e+00 1.555000000000000000e+02
-5.972252325999574118e+00 -1.665923898063931929e+01 0.000000000000000000e+00 1.002874900060923835e-01 -3.117199531923375844e-01 0.000000000000000000e+00 1.556000000000000227e+02
-5.962214557963330108e+00 -1.669044195508324080e+01 0.000000000000000000e+00 1.003776803624401026e-01 -3.120297444392150510e-01 0.000000000000000000e+00 1.557000000000000171e+02
-5.952176789927085210e+00 -1.672164492952715875e+01 0.000000000000000000e+00 1.003776803624489844e-01 -3.120297444391795239e-01 0.000000000000000000e+00 1.558000000000000114e+02
-5.942139021890841200e+00 -1.675284790397108026e+01 0.000000000000000000e+00 1.003776803624401026e-01 -3.120297444392150510e-01 0.000000000000000000e+00 1.559000000000000057e+02
-5.932101253854597189e+00 -1.678405087841500176e+01 0.000000000000000000e+00 1.003776803624401026e-01 -3.120297444392150510e-01 0.000000000000000000e+00 1.560000000000000000e+02
-5.922063485818352291e+00 -1.681525385285891971e+01 0.000000000000000000e+00 1.003776803624489844e-01 -3.120297444391795239e-01 0.000000000000000000e+00 1.561000000000000227e+02
-5.912025717782108281e+00 -1.684645682730284122e+01 0.000000000000000000e+00 1.003776803624401026e-01 -3.120297444392150510e-01 0.000000000000000000e+00 1.562000000000000171e+02
-5.902294480674789234e+00 -1.687669569340661013e+01 0.000000000000000000e+00 9.731237107319046231e-02 -3.023886610376891326e-01 0.000000000000000000e+00 1.563000000000000114e+02
-5.893286700743604278e+00 -1.690465912485947442e+01 0.000000000000000000e+00 9.007779931184956013e-02 -2.796343145286428467e-01 0.000000000000000000e+00 1.564000000000000057e+02
-5.884278920812419322e+00 -1.693262255631233515e+01 0.000000000000000000e+00 9.007779931184956013e-02 -2.796343145286073195e-01 0.000000000000000000e+00 1.565000000000000000e+02
-5.875271140881233478e+00 -1.696058598776519943e+01 0.000000000000000000e+00 9.007779931185844191e-02 -2.796343145286428467e-01 0.000000000000000000e+00 1.566000000000000227e+02
-5.866263360950048522e+00 -1.698854941921806372e+01 0.000000000000000000e+00 9.007779931184956013e-02 -2.796343145286428467e-01 0.000000000000000000e+00 1.567000000000000171e+02
-5.857255581018863566e+00 -1.701651285067092445e+01 0.000000000000000000e+00 9.007779931184956013e-02 -2.796343145286073195e-01 0.000000000000000000e+00 1.568000000000000114e+02
-5.848247801087677722e+00 -1.704447628212378874e+01 0.000000000000000000e+00 9.007779931185844191e-02 -2.796343145286428467e-01 0.000000000000000000e+00 1.569000000000000057e+02
-5.839220586571555849e+00 -1.707248609946906015e+01 0.000000000000000000e+00 9.027214516121873089e-02 -2.800981734527141498e-01 0.000000000000000000e+00 1.570000000000000000e+02
-5.830165302469129784e+00 -1.710056291247256510e+01 0.000000000000000000e+00 9.055284102426064408e-02 -2.807681300350495235e-01 0.000000000000000000e+00 1.571000000000000227e+02
-5.821110018366703720e+00 -1.712863972547607005e+01 0.000000000000000000e+00 9.055284102426064408e-02 -2.807681300350495235e-01 0.000000000000000000e+00 1.572000000000000171e+02
-5.812054734264277656e+00 -1.715671653847957501e+01 0.000000000000000000e+00 9.055284102426064408e-02 -2.807681300350495235e-01 0.000000000000000000e+00 1.573000000000000114e+02
-5.802999450161851591e+00 -1.718479335148307996e+01 0.000000000000000000e+00 9.055284102426064408e-02 -2.807681300350495235e-01 0.000000000000000000e+00 1.574000000000000057e+02
-5.793944166059425527e+00 -1.721287016448658491e+01 0.000000000000000000e+00 9.055284102426064408e-02 -2.807681300350495235e-01 0.000000000000000000e+00 1.575000000000000000e+02
-5.784888881956998574e+00 -1.724094697749008986e+01 0.000000000000000000e+00 9.055284102426952586e-02 -2.807681300350495235e-01 0.000000000000000000e+00 1.576000000000000227e+02
-5.775283540360334200e+00 -1.727079704824586415e+01 0.000000000000000000e+00 9.605341596664374038e-02 -2.985007075577428282e-01 0.000000000000000000e+00 1.577000000000000171e+02
-5.765107624025489486e+00 -1.730248651958851980e+01 0.000000000000000000e+00 1.017591633484471458e-01 -3.168947134265565069e-01 0.000000000000000000e+00 1.578000000000000114e+02
-5.754931707690644771e+00 -1.733417599093117900e+01 0.000000000000000000e+00 1.017591633484471458e-01 -3.168947134265920340e-01 0.000000000000000000e+00 1.579000000000000057e+02
-5.744755791355800056e+00 -1.736586546227383820e+01 0.000000000000000000e+00 1.017591633484471458e-01 -3.168947134265920340e-01 0.000000000000000000e+00 1.580000000000000000e+02
-5.734579875020955342e+00 -1.739755493361649386e+01 0.000000000000000000e+00 1.017591633484471458e-01 -3.168947134265565069e-01 0.000000000000000000e+00 1.581000000000000227e+02
-5.724403958686110627e+00 -1.742924440495915306e+01 0.000000000000000000e+00 1.017591633484471458e-01 -3.168947134265920340e-01 0.000000000000000000e+00 1.582000000000000171e+02
-5.714228042351266801e+00 -1.746093387630181226e+01 0.000000000000000000e+00 1.017591633484382641e-01 -3.168947134265920340e-01 0.000000000000000000e+00 1.583000000000000114e+02
-5.704052126016422086e+00 -1.749262334764446791e+01 0.000000000000000000e+00 1.017591633484471458e-01 -3.168947134265565069e-01 0.000000000000000000e+00 1.584000000000000057e+02
-5.693582505622298839e+00 -1.752462691419884067e+01 0.000000000000000000e+00 1.046962039412324685e-01 -3.200356655437275322e-01 0.000000000000000000e+00 1.585000000000000000e+02
-5.682979696619172572e+00 -1.755677291632065007e+01 0.000000000000000000e+00 1.060280900312626784e-01 -3.214600212180940275e-01 0.000000000000000000e+00 1.586000000000000227e+02
-5.672376887616046304e+00 -1.758891891844245947e+01 0.000000000000000000e+00 1.060280900312626784e-01 -3.214600212180940275e-01 0.000000000000000000e+00 1.587000000000000171e+02
-5.661774078612920036e+00 -1.762106492056426887e+01 0.000000000000000000e+00 1.060280900312626784e-01 -3.214600212180940275e-01 0.000000000000000000e+00 1.588000000000000114e+02
-5.651171269609793768e+00 -1.765321092268607828e+01 0.000000000000000000e+00 1.060280900312626784e-01 -3.214600212180940275e-01 0.000000000000000000e+00 1.589000000000000057e+02
-5.640568460606667500e+00 -1.768535692480788768e+01 0.000000000000000000e+00 1.060280900312626784e-01 -3.214600212180940275e-01 0.000000000000000000e+00 1.590000000000000000e+02
-5.629965651603541232e+00 -1.771750292692969708e+01 0.000000000000000000e+00 1.060280900312626784e-01 -3.214600212180940275e-01 0.000000000000000000e+00 1.591000000000000227e+02
-5.619362842600414965e+00 -1.774964892905150649e+01 0.000000000000000000e+00 1.060280900312626784e-01 -3.214600212180940275e-01 0.000000000000000000e+00 1.592000000000000171e+02
-5.608227210364501225e+00 -1.778498295480848057e+01 0.000000000000000000e+00 1.113563223591373941e-01 -3.533402575697408565e-01 0.000000000000000000e+00 1.593000000000000114e+02
-5.596973281839452419e+00 -1.782102477884170710e+01 0.000000000000000000e+00 1.125392852504880636e-01 -3.604182403322653272e-01 0.000000000000000000e+00 1.594000000000000057e+02
-5.585719353314402724e+00 -1.785706660287493719e+01 0.000000000000000000e+00 1.125392852504969454e-01 -3.604182403323008543e-01 0.000000000000000000e+00 1.595000000000000000e+02
-5.574465424789353918e+00 -1.789310842690816727e+01 0.000000000000000000e+00 1.125392852504880636e-01 -3.604182403323008543e-01 0.000000000000000000e+00 1.596000000000000227e+02
-5.563211496264305111e+00 -1.792915025094139381e+01 0.000000000000000000e+00 1.125392852504880636e-01 -3.604182403322653272e-01 0.000000000000000000e+00 1.597000000000000171e+02
-5.551957567739256305e+00 -1.796519207497462389e+01 0.000000000000000000e+00 1.125392852504880636e-01 -3.604182403323008543e-01 0.000000000000000000e+00 1.598000000000000114e+02
-5.540703639214206611e+00 -1.800123389900785398e+01 0.000000000000000000e+00 1.125392852504969454e-01 -3.604182403323008543e-01 0.000000000000000000e+00 1.599000000000000057e+02
-5.529449710689157804e+00 -1.803727572304108051e+01 0.000000000000000000e+00 1.125392852504880636e-01 -3.604182403322653272e-01 0.000000000000000000e+00 1.600000000000000000e+02
-5.519375065650144130e+00 -1.807360559968754288e+01 0.000000000000000000e+00 1.007464503901367436e-01 -3.632987664646236681e-01 0.000000000000000000e+00 1.601000000000000227e+02
-5.518969670125731142e+00 -1.811229729401705768e+01 0.000000000000000000e+00 4.053955244129880953e-03 -3.869169432951480303e-01 0.000000000000000000e+00 1.602000000000000171e+02
-5.518564274601318154e+00 -1.815098898834657248e+01 0.000000000000000000e+00 4.053955244129880953e-03 -3.869169432951480303e-01 0.000000000000000000e+00 1.603000000000000114e+02
-5.518158879076905166e+00 -1.818968068267609084e+01 0.000000000000000000e+00 4.053955244129880953e-03 -3.869169432951835574e-01 0.000000000000000000e+00 1.604000000000000057e+02
-5.517753483552493066e+00 -1.822837237700560564e+01 0.000000000000000000e+00 4.053955244120999168e-03 -3.869169432951480303e-01 0.000000000000000000e+00 1.605000000000000000e+02
-5.517348088028080078e+00 -1.826706407133512400e+01 0.000000000000000000e+00 4.053955244129880953e-03 -3.869169432951835574e-01 0.000000000000000000e+00 1.606000000000000227e+02
-5.516942692503667089e+00 -1.830575576566463880e+01 0.000000000000000000e+00 4.053955244129880953e-03 -3.869169432951480303e-01 0.000000000000000000e+00 1.607000000000000171e+02
-5.516537296979254101e+00 -1.834444745999415716e+01 0.000000000000000000e+00 4.053955244129880953e-03 -3.869169432951835574e-01 0.000000000000000000e+00 1.608000000000000114e+02
-5.516131901454841113e+00 -1.838313915432367196e+01 0.000000000000000000e+00 4.053955244129880953e-03 -3.869169432951480303e-01 0.000000000000000000e+00 1.609000000000000057e+02
-5.515726505930428125e+00 -1.842183084865319032e+01 0.000000000000000000e+00 4.053955244129880953e-03 -3.869169432951835574e-01 0.000000000000000000e+00 1.610000000000000000e+02
-5.516552247638399464e+00 -1.845604288130012804e+01 0.000000000000000000e+00 -8.257417079713391672e-03 -3.421203264693772894e-01 0.000000000000000000e+00 1.611000000000000227e+02
-5.517600056442883094e+00 -1.848944689235772287e+01 0.000000000000000000e+00 -1.047808804483629785e-02 -3.340401105759482903e-01 0.000000000000000000e+00 1.612000000000000171e+02
-5.518647865247366724e+00 -1.852285090341531770e+01 0.000000000000000000e+00 -1.047808804483629785e-02 -3.340401105759482903e-01 0.000000000000000000e+00 1.613000000000000114e+02
-5.519695674051851242e+00 -1.855625491447291253e+01 0.000000000000000000e+00 -1.047808804484517964e-02 -3.340401105759482903e-01 0.000000000000000000e+00 1.614000000000000057e+02
-5.520743482856334872e+00 -1.858965892553050736e+01 0.000000000000000000e+00 -1.047808804483629785e-02 -3.340401105759482903e-01 0.000000000000000000e+00 1.615000000000000000e+02
-5.521791291660818501e+00 -1.862306293658810219e+01 0.000000000000000000e+00 -1.047808804483629785e-02 -3.340401105759482903e-01 0.000000000000000000e+00 1.616000000000000227e+02
-5.522839100465302131e+00 -1.865646694764570057e+01 0.000000000000000000e+00 -1.047808804483629785e-02 -3.340401105759838174e-01 0.000000000000000000e+00 1.617000000000000171e+02
-5.523883220284515616e+00 -1.868978560182433313e+01 0.000000000000000000e+00 -1.044119819213484845e-02 -3.331865417863255630e-01 0.000000000000000000e+00 1.618000000000000114e+02
-5.524765728956921862e+00 -1.871936484744331253e+01 0.000000000000000000e+00 -8.825086724062458643e-03 -2.957924561897939952e-01 0.000000000000000000e+00 1.619000000000000057e+02
-5.525648237629327220e+00 -1.874894409306229548e+01 0.000000000000000000e+00 -8.825086724053576859e-03 -2.957924561898295224e-01 0.000000000000000000e+00 1.620000000000000000e+02
-5.526530746301733465e+00 -1.877852333868127488e+01 0.000000000000000000e+00 -8.825086724062458643e-03 -2.957924561897939952e-01 0.000000000000000000e+00 1.621000000000000227e+02
-5.527413254974138823e+00 -1.880810258430025783e+01 0.000000000000000000e+00 -8.825086724053576859e-03 -2.957924561898295224e-01 0.000000000000000000e+00 1.622000000000000171e+02
-5.528295763646545069e+00 -1.883768182991923723e+01 0.000000000000000000e+00 -8.825086724062458643e-03 -2.957924561897939952e-01 0.000000000000000000e+00 1.623000000000000114e+02
-5.529178272318951315e+00 -1.886726107553822018e+01 0.000000000000000000e+00 -8.825086724062458643e-03 -2.957924561898295224e-01 0.000000000000000000e+00 1.624000000000000057e+02
-5.530082594006824337e+00 -1.889681595155885319e+01 0.000000000000000000e+00 -9.043216878730220287e-03 -2.955487602063300301e-01 0.000000000000000000e+00 1.625000000000000000e+02
-5.531154648807747876e+00 -1.892618343539610493e+01 0.000000000000000000e+00 -1.072054800923538664e-02 -2.936748383725173994e-01 0.000000000000000000e+00 1.626000000000000227e+02
-5.532226703608670526e+00 -1.895555091923336022e+01 0.000000000000000000e+00 -1.072054800922650486e-02 -2.936748383725529266e-01 0.000000000000000000e+00 1.627000000000000171e+02
-5.533298758409593177e+00 -1.898491840307061196e+01 0.000000000000000000e+00 -1.072054800922650486e-02 -2.936748383725173994e-01 0.000000000000000000e+00 1.628000000000000114e+02
-5.534370813210516715e+00 -1.901428588690786725e+01 0.000000000000000000e+00 -1.072054800923538664e-02 -2.936748383725529266e-01 0.000000000000000000e+00 1.629000000000000057e+02
-5.535442868011439366e+00 -1.904365337074511899e+01 0.000000000000000000e+00 -1.072054800922650486e-02 -2.936748383725173994e-01 0.000000000000000000e+00 1.630000000000000000e+02
-5.536514922812362904e+00 -1.907302085458237073e+01 0.000000000000000000e+00 -1.072054800923538664e-02 -2.936748383725173994e-01 0.000000000000000000e+00 1.631000000000000227e+02
-5.537523111400971310e+00 -1.910248106498856302e+01 0.000000000000000000e+00 -1.008188588608405212e-02 -2.946021040619228870e-01 0.000000000000000000e+00 1.632000000000000171e+02
-5.538330177036546509e+00 -1.913223328333907247e+01 0.000000000000000000e+00 -8.070656355751992805e-03 -2.975221835050945174e-01 0.000000000000000000e+00 1.633000000000000114e+02
-5.539137242672121708e+00 -1.916198550168958192e+01 0.000000000000000000e+00 -8.070656355751992805e-03 -2.975221835050945174e-01 0.000000000000000000e+00 1.634000000000000057e+02
-5.539944308307697796e+00 -1.919173772004009138e+01 0.000000000000000000e+00 -8.070656355760874590e-03 -2.975221835050945174e-01 0.000000000000000000e+00 1.635000000000000000e+02
-5.540751373943272995e+00 -1.922148993839060083e+01 0.000000000000000000e+00 -8.070656355751992805e-03 -2.975221835050945174e-01 0.000000000000000000e+00 1.636000000000000227e+02
-5.541558439578848194e+00 -1.925124215674111028e+01 0.000000000000000000e+00 -8.070656355751992805e-03 -2.975221835050945174e-01 0.000000000000000000e+00 1.637000000000000171e+02
-5.542365505214423393e+00 -1.928099437509161973e+01 0.000000000000000000e+00 -8.070656355751992805e-03 -2.975221835050945174e-01 0.000000000000000000e+00 1.638000000000000114e+02
-5.543586787822048834e+00 -1.931157192396361566e+01 0.000000000000000000e+00 -1.221282607625440164e-02 -3.057754887199592986e-01 0.000000000000000000e+00 1.639000000000000057e+02
-5.545727579109510863e+00 -1.934398160099415875e+01 0.000000000000000000e+00 -2.140791287462029402e-02 -3.240967703054309368e-01 0.000000000000000000e+00 1.640000000000000000e+02
-5.547868370396972892e+00 -1.937639127802470185e+01 0.000000000000000000e+00 -2.140791287462029402e-02 -3.240967703054309368e-01 0.000000000000000000e+00 1.641000000000000227e+02
-5.550009161684434922e+00 -1.940880095505524494e+01 0.000000000000000000e+00 -2.140791287462029402e-02 -3.240967703054309368e-01 0.000000000000000000e+00 1.642000000000000171e+02
-5.552149952971896951e+00 -1.944121063208578803e+01 0.000000000000000000e+00 -2.140791287462029402e-02 -3.240967703054309368e-01 0.000000000000000000e+00 1.643000000000000114e+02
-5.554290744259358981e+00 -1.947362030911633113e+01 0.000000000000000000e+00 -2.140791287462029402e-02 -3.240967703054309368e-01 0.000000000000000000e+00 1.644000000000000057e+02
-5.556431535546821010e+00 -1.950602998614687422e+01 0.000000000000000000e+00 -2.140791287462029402e-02 -3.240967703054309368e-01 0.000000000000000000e+00 1.645000000000000000e+02
-5.558572326834283039e+00 -1.953843966317741732e+01 0.000000000000000000e+00 -2.140791287462029402e-02 -3.240967703054309368e-01 0.000000000000000000e+00 1.646000000000000227e+02
-5.570028433204162077e+00 -1.956526255795461466e+01 0.000000000000000000e+00 -1.145610636987903774e-01 -2.682289477719734805e-01 0.000000000000000000e+00 1.647000000000000171e+02
-5.584808465399637711e+00 -1.959009195603850984e+01 0.000000000000000000e+00 -1.478003219547563418e-01 -2.482939808389517111e-01 0.000000000000000000e+00 1.648000000000000114e+02
-5.599588497595112457e+00 -1.961492135412240856e+01 0.000000000000000000e+00 -1.478003219547474600e-01 -2.482939808389872383e-01 0.000000000000000000e+00 1.649000000000000057e+02
-5.614368529790587203e+00 -1.963975075220630373e+01 0.000000000000000000e+00 -1.478003219547474600e-01 -2.482939808389517111e-01 0.000000000000000000e+00 1.650000000000000000e+02
-5.629148561986062838e+00 -1.966458015029019890e+01 0.000000000000000000e+00 -1.478003219547563418e-01 -2.482939808389517111e-01 0.000000000000000000e+00 1.651000000000000227e+02
-5.643928594181537584e+00 -1.968940954837409407e+01 0.000000000000000000e+00 -1.478003219547474600e-01 -2.482939808389517111e-01 0.000000000000000000e+00 1.652000000000000171e+02
-5.658708626377013218e+00 -1.971423894645799280e+01 0.000000000000000000e+00 -1.478003219547563418e-01 -2.482939808389872383e-01 0.000000000000000000e+00 1.653000000000000114e+02
-5.672858866081388562e+00 -1.973744463094144663e+01 0.000000000000000000e+00 -1.415023970437534473e-01 -2.320568448345383672e-01 0.000000000000000000e+00 1.654000000000000057e+02
-5.686940957589470713e+00 -1.976047461762803792e+01 0.000000000000000000e+00 -1.408209150808215071e-01 -2.302998668659128612e-01 0.000000000000000000e+00 1.655000000000000000e+02
-5.701023049097551976e+00 -1.978350460431462920e+01 0.000000000000000000e+00 -1.408209150808126253e-01 -2.302998668659128612e-01 0.000000000000000000e+00 1.656000000000000227e+02
-5.715105140605634126e+00 -1.980653459100122049e+01 0.000000000000000000e+00 -1.408209150808215071e-01 -2.302998668659128612e-01 0.000000000000000000e+00 1.657000000000000171e+02
-5.729187232113716277e+00 -1.982956457768781178e+01 0.000000000000000000e+00 -1.408209150808215071e-01 -2.302998668659128612e-01 0.000000000000000000e+00 1.658000000000000114e+02
-5.743269323621798428e+00 -1.985259456437439951e+01 0.000000000000000000e+00 -1.408209150808215071e-01 -2.302998668658773340e-01 0.000000000000000000e+00 1.659000000000000057e+02
-5.757293569224595231e+00 -1.987559308772947375e+01 0.000000000000000000e+00 -1.402424560279680321e-01 -2.299852335507424073e-01 0.000000000000000000e+00 1.660000000000000000e+02
-5.771269870550514547e+00 -1.989856553341024892e+01 0.000000000000000000e+00 -1.397630132591931584e-01 -2.297244568077516647e-01 0.000000000000000000e+00 1.661000000000000227e+02
-5.785246171876434751e+00 -1.992153797909102053e+01 0.000000000000000000e+00 -1.397630132592020402e-01 -2.297244568077161375e-01 0.000000000000000000e+00 1.662000000000000171e+02
-5.799222473202354955e+00 -1.994451042477179570e+01 0.000000000000000000e+00 -1.397630132592020402e-01 -2.297244568077516647e-01 0.000000000000000000e+00 1.663000000000000114e+02
-5.813198774528274271e+00 -1.996748287045256731e+01 0.000000000000000000e+00 -1.397630132591931584e-01 -2.297244568077161375e-01 0.000000000000000000e+00 1.664000000000000057e+02
-5.827175075854194475e+00 -1.999045531613333893e+01 0.000000000000000000e+00 -1.397630132592020402e-01 -2.297244568077161375e-01 0.000000000000000000e+00 1.665000000000000000e+02
-5.840645275907977663e+00 -2.001297641369269087e+01 0.000000000000000000e+00 -1.347020005378318785e-01 -2.252109755935194357e-01 0.000000000000000000e+00 1.666000000000000227e+02
-5.852620048129351993e+00 -2.003416386800703108e+01 0.000000000000000000e+00 -1.197477222137433017e-01 -2.118745431434021498e-01 0.000000000000000000e+00 1.667000000000000171e+02
-5.864594820350727211e+00 -2.005535132232136775e+01 0.000000000000000000e+00 -1.197477222137521835e-01 -2.118745431433666226e-01 0.000000000000000000e+00 1.668000000000000114e+02
-5.876569592572102430e+00 -2.007653877663570796e+01 0.000000000000000000e+00 -1.197477222137521835e-01 -2.118745431434021498e-01 0.000000000000000000e+00 1.669000000000000057e+02
-5.888544364793477648e+00 -2.009772623095004462e+01 0.000000000000000000e+00 -1.197477222137521835e-01 -2.118745431433666226e-01 0.000000000000000000e+00 1.670000000000000000e+02
-5.900519137014852866e+00 -2.011891368526438484e+01 0.000000000000000000e+00 -1.197477222137521835e-01 -2.118745431434021498e-01 0.000000000000000000e+00 1.671000000000000227e+02
-5.906518498190881594e+00 -2.014371014317318398e+01 0.000000000000000000e+00 -5.999361176028727982e-02 -2.479645790879914102e-01 0.000000000000000000e+00 1.672000000000000171e+02
-5.908222071424829913e+00 -2.017110115298918416e+01 0.000000000000000000e+00 -1.703573233948318943e-02 -2.739100981600017803e-01 0.000000000000000000e+00 1.673000000000000114e+02
-5.909925644658778232e+00 -2.019849216280518434e+01 0.000000000000000000e+00 -1.703573233948318943e-02 -2.739100981600017803e-01 0.000000000000000000e+00 1.674000000000000057e+02
-5.911629217892727439e+00 -2.022588317262118451e+01 0.000000000000000000e+00 -1.703573233949207122e-02 -2.739100981600017803e-01 0.000000000000000000e+00 1.675000000000000000e+02
-5.913332791126675758e+00 -2.025327418243718469e+01 0.000000000000000000e+00 -1.703573233948318943e-02 -2.739100981600017803e-01 0.000000000000000000e+00 1.676000000000000227e+02
-5.915036364360624077e+00 -2.028066519225318487e+01 0.000000000000000000e+00 -1.703573233948318943e-02 -2.739100981600017803e-01 0.000000000000000000e+00 1.677000000000000171e+02
-5.916704338258293561e+00 -2.030856474855231397e+01 0.000000000000000000e+00 -1.667973897669483563e-02 -2.789955629912910240e-01 0.000000000000000000e+00 1.678000000000000114e+02
-5.918121268775005106e+00 -2.034005052981642692e+01 0.000000000000000000e+00 -1.416930516711545351e-02 -3.148578126411294420e-01 0.000000000000000000e+00 1.679000000000000057e+02
-5.919538199291715763e+00 -2.037153631108053986e+01 0.000000000000000000e+00 -1.416930516710657173e-02 -3.148578126411294420e-01 0.000000000000000000e+00 1.680000000000000000e+02
-5.920955129808426420e+00 -2.040302209234465280e+01 0.000000000000000000e+00 -1.416930516710657173e-02 -3.148578126411294420e-01 0.000000000000000000e+00 1.681000000000000227e+02
-5.922372060325137078e+00 -2.043450787360876575e+01 0.000000000000000000e+00 -1.416930516710657173e-02 -3.148578126411294420e-01 0.000000000000000000e+00 1.682000000000000171e+02
-5.923788990841847735e+00 -2.046599365487287869e+01 0.000000000000000000e+00 -1.416930516710657173e-02 -3.148578126411294420e-01 0.000000000000000000e+00 1.683000000000000114e+02
-5.925205921358559280e+00 -2.049747943613699164e+01 0.000000000000000000e+00 -1.416930516711545351e-02 -3.148578126411294420e-01 0.000000000000000000e+00 1.684000000000000057e+02
-5.926622851875269937e+00 -2.052896521740110458e+01 0.000000000000000000e+00 -1.416930516710657173e-02 -3.148578126411294420e-01 0.000000000000000000e+00 1.685000000000000000e+02
-5.928716311097887548e+00 -2.056179851280475290e+01 0.000000000000000000e+00 -2.093459222617610749e-02 -3.283329540364832155e-01 0.000000000000000000e+00 1.686000000000000227e+02
-5.931178104236070503e+00 -2.059536545802246366e+01 0.000000000000000000e+00 -2.461793138182954976e-02 -3.356694521771075301e-01 0.000000000000000000e+00 1.687000000000000171e+02
-5.933639897374254346e+00 -2.062893240324017086e+01 0.000000000000000000e+00 -2.461793138183843155e-02 -3.356694521770720030e-01 0.000000000000000000e+00 1.688000000000000114e+02
-5.936101690512438189e+00 -2.066249934845788161e+01 0.000000000000000000e+00 -2.461793138183843155e-02 -3.356694521771075301e-01 0.000000000000000000e+00 1.689000000000000057e+02
-5.938563483650621144e+00 -2.069606629367558881e+01 0.000000000000000000e+00 -2.461793138182954976e-02 -3.356694521770720030e-01 0.000000000000000000e+00 1.690000000000000000e+02
-5.941025276788804987e+00 -2.072963323889329956e+01 0.000000000000000000e+00 -2.461793138183843155e-02 -3.356694521771075301e-01 0.000000000000000000e+00 1.691000000000000227e+02
-5.943487069926987942e+00 -2.076320018411101032e+01 0.000000000000000000e+00 -2.461793138182954976e-02 -3.356694521771075301e-01 0.000000000000000000e+00 1.692000000000000171e+02
-5.945948863065171786e+00 -2.079676712932871752e+01 0.000000000000000000e+00 -2.461793138183843155e-02 -3.356694521770720030e-01 0.000000000000000000e+00 1.693000000000000114e+02
-5.948293613072714869e+00 -2.082755853748665942e+01 0.000000000000000000e+00 -2.344750007543083825e-02 -3.079140815794190189e-01 0.000000000000000000e+00 1.694000000000000057e+02
-5.950602296577749861e+00 -2.085749467191962125e+01 0.000000000000000000e+00 -2.308683505034991867e-02 -2.993613443296183618e-01 0.000000000000000000e+00 1.695000000000000000e+02
-5.952910980082785741e+00 -2.088743080635258664e+01 0.000000000000000000e+00 -2.308683505035880046e-02 -2.993613443296538890e-01 0.000000000000000000e+00 1.696000000000000227e+02
-5.955219663587820733e+00 -2.091736694078554848e+01 0.000000000000000000e+00 -2.308683505034991867e-02 -2.993613443296183618e-01 0.000000000000000000e+00 1.697000000000000171e+02
-5.957528347092855725e+00 -2.094730307521851387e+01 0.000000000000000000e+00 -2.308683505034991867e-02 -2.993613443296538890e-01 0.000000000000000000e+00 1.698000000000000114e+02
-5.959837030597891605e+00 -2.097723920965147570e+01 0.000000000000000000e+00 -2.308683505035880046e-02 -2.993613443296183618e-01 0.000000000000000000e+00 1.699000000000000057e+02
-5.962145714102926597e+00 -2.100717534408444109e+01 0.000000000000000000e+00 -2.308683505034991867e-02 -2.993613443296538890e-01 0.000000000000000000e+00 1.700000000000000000e+02
-5.964461961945477064e+00 -2.103793613530245565e+01 0.000000000000000000e+00 -2.316247842550467340e-02 -3.076079121801456040e-01 0.000000000000000000e+00 1.701000000000000227e+02
-5.966781175759952482e+00 -2.106902027392098731e+01 0.000000000000000000e+00 -2.319213814475418189e-02 -3.108413861853165372e-01 0.000000000000000000e+00 1.702000000000000171e+02
-5.969100389574428789e+00 -2.110010441253951896e+01 0.000000000000000000e+00 -2.319213814476306368e-02 -3.108413861853165372e-01 0.000000000000000000e+00 1.703000000000000114e+02
-5.971419603388904207e+00 -2.113118855115805417e+01 0.000000000000000000e+00 -2.319213814475418189e-02 -3.108413861853520643e-01 0.000000000000000000e+00 1.704000000000000057e+02
-5.973738817203380513e+00 -2.116227268977658582e+01 0.000000000000000000e+00 -2.319213814476306368e-02 -3.108413861853165372e-01 0.000000000000000000e+00 1.705000000000000000e+02
-5.976058031017855932e+00 -2.119335682839511747e+01 0.000000000000000000e+00 -2.319213814475418189e-02 -3.108413861853165372e-01 0.000000000000000000e+00 1.706000000000000227e+02
-5.978377244832331350e+00 -2.122444096701364913e+01 0.000000000000000000e+00 -2.319213814475418189e-02 -3.108413861853165372e-01 0.000000000000000000e+00 1.707000000000000171e+02
-5.980848877886438153e+00 -2.125721666562400713e+01 0.000000000000000000e+00 -2.471633054106803229e-02 -3.277569861035800614e-01 0.000000000000000000e+00 1.708000000000000114e+02
-5.983522098439684633e+00 -2.129222959720591035e+01 0.000000000000000000e+00 -2.673220553246480335e-02 -3.501293158190321719e-01 0.000000000000000000e+00 1.709000000000000057e+02
-5.986195318992932002e+00 -2.132724252878781357e+01 0.000000000000000000e+00 -2.673220553247368514e-02 -3.501293158190321719e-01 0.000000000000000000e+00 1.710000000000000000e+02
-5.988868539546179370e+00 -2.136225546036971323e+01 0.000000000000000000e+00 -2.673220553247368514e-02 -3.501293158189966448e-01 0.000000000000000000e+00 1.711000000000000227e+02
-5.991541760099426739e+00 -2.139726839195161645e+01 0.000000000000000000e+00 -2.673220553247368514e-02 -3.501293158190321719e-01 0.000000000000000000e+00 1.712000000000000171e+02
-5.994214980652674107e+00 -2.143228132353351967e+01 0.000000000000000000e+00 -2.673220553247368514e-02 -3.501293158190321719e-01 0.000000000000000000e+00 1.713000000000000114e+02
-5.996888201205920588e+00 -2.146729425511542289e+01 0.000000000000000000e+00 -2.673220553246480335e-02 -3.501293158190321719e-01 0.000000000000000000e+00 1.714000000000000057e+02
-5.999561421759167956e+00 -2.150230718669732255e+01 0.000000000000000000e+00 -2.673220553247368514e-02 -3.501293158189966448e-01 0.000000000000000000e+00 1.715000000000000000e+02
-6.002453846285124683e+00 -2.153676299570250663e+01 0.000000000000000000e+00 -2.892424525956727166e-02 -3.445580900518407930e-01 0.000000000000000000e+00 1.716000000000000227e+02
-6.007012764031319563e+00 -2.156698329298102479e+01 0.000000000000000000e+00 -4.558917746194879328e-02 -3.022029727851816006e-01 0.000000000000000000e+00 1.717000000000000171e+02
-6.011571681777515330e+00 -2.159720359025953940e+01 0.000000000000000000e+00 -4.558917746195767506e-02 -3.022029727851460734e-01 0.000000000000000000e+00 1.718000000000000114e+02
-6.016130599523711098e+00 -2.162742388753805400e+01 0.000000000000000000e+00 -4.558917746195767506e-02 -3.022029727851460734e-01 0.000000000000000000e+00 1.719000000000000057e+02
-6.020689517269906865e+00 -2.165764418481656861e+01 0.000000000000000000e+00 -4.558917746195767506e-02 -3.022029727851460734e-01 0.000000000000000000e+00 1.720000000000000000e+02
-6.025248435016102633e+00 -2.168786448209508322e+01 0.000000000000000000e+00 -4.558917746195767506e-02 -3.022029727851460734e-01 0.000000000000000000e+00 1.721000000000000227e+02
-6.029807352762298400e+00 -2.171808477937360138e+01 0.000000000000000000e+00 -4.558917746195767506e-02 -3.022029727851816006e-01 0.000000000000000000e+00 1.722000000000000171e+02
-6.034362681162446229e+00 -2.174827383706428208e+01 0.000000000000000000e+00 -4.555328400147828916e-02 -3.018905769068069844e-01 0.000000000000000000e+00 1.723000000000000114e+02
-6.038741467135491092e+00 -2.177692637178278545e+01 0.000000000000000000e+00 -4.378785973044863056e-02 -2.865253471850337519e-01 0.000000000000000000e+00 1.724000000000000057e+02
-6.043120253108536843e+00 -2.180557890650128883e+01 0.000000000000000000e+00 -4.378785973045751234e-02 -2.865253471850337519e-01 0.000000000000000000e+00 1.725000000000000000e+02
-6.047499039081582595e+00 -2.183423144121979220e+01 0.000000000000000000e+00 -4.378785973045751234e-02 -2.865253471850337519e-01 0.000000000000000000e+00 1.726000000000000227e+02
-6.051877825054628346e+00 -2.186288397593829558e+01 0.000000000000000000e+00 -4.378785973045751234e-02 -2.865253471850337519e-01 0.000000000000000000e+00 1.727000000000000171e+02
-6.056256611027674097e+00 -2.189153651065679895e+01 0.000000000000000000e+00 -4.378785973045751234e-02 -2.865253471850337519e-01 0.000000000000000000e+00 1.728000000000000114e+02
-6.060635397000719848e+00 -2.192018904537529878e+01 0.000000000000000000e+00 -4.378785973045751234e-02 -2.865253471849982247e-01 0.000000000000000000e+00 1.729000000000000057e+02
-6.065018078317595318e+00 -2.194900918173900450e+01 0.000000000000000000e+00 -4.382681316875469690e-02 -2.882013636370572840e-01 0.000000000000000000e+00 1.730000000000000000e+02
-6.069415576438316862e+00 -2.197846682811709584e+01 0.000000000000000000e+00 -4.397498120721543557e-02 -2.945764637809134001e-01 0.000000000000000000e+00 1.731000000000000227e+02
-6.073813074559038405e+00 -2.200792447449518718e+01 0.000000000000000000e+00 -4.397498120721543557e-02 -2.945764637809134001e-01 0.000000000000000000e+00 1.732000000000000171e+02
-6.078210572679759949e+00 -2.203738212087327852e+01 0.000000000000000000e+00 -4.397498120721543557e-02 -2.945764637809134001e-01 0.000000000000000000e+00 1.733000000000000114e+02
-6.082608070800482380e+00 -2.206683976725137342e+01 0.000000000000000000e+00 -4.397498120722431736e-02 -2.945764637809489273e-01 0.000000000000000000e+00 1.734000000000000057e+02
-6.087005568921203924e+00 -2.209629741362946476e+01 0.000000000000000000e+00 -4.397498120721543557e-02 -2.945764637809134001e-01 0.000000000000000000e+00 1.735000000000000000e+02
-6.091403067041925468e+00 -2.212575506000755610e+01 0.000000000000000000e+00 -4.397498120721543557e-02 -2.945764637809134001e-01 0.000000000000000000e+00 1.736000000000000227e+02
-6.095779908603748964e+00 -2.215518564870920670e+01 0.000000000000000000e+00 -4.376841561823496818e-02 -2.943058870165060625e-01 0.000000000000000000e+00 1.737000000000000171e+02
-6.100082639858329436e+00 -2.218451916157530945e+01 0.000000000000000000e+00 -4.302731254580471898e-02 -2.933351286610275110e-01 0.000000000000000000e+00 1.738000000000000114e+02
-6.104385371112909020e+00 -2.221385267444140865e+01 0.000000000000000000e+00 -4.302731254579583720e-02 -2.933351286609919839e-01 0.000000000000000000e+00 1.739000000000000057e+02
-6.108688102367489492e+00 -2.224318618730751140e+01 0.000000000000000000e+00 -4.302731254580471898e-02 -2.933351286610275110e-01 0.000000000000000000e+00 1.740000000000000000e+02
-6.112990833622069076e+00 -2.227251970017361415e+01 0.000000000000000000e+00 -4.302731254579583720e-02 -2.933351286610275110e-01 0.000000000000000000e+00 1.741000000000000227e+02
-6.117293564876648659e+00 -2.230185321303971691e+01 0.000000000000000000e+00 -4.302731254579583720e-02 -2.933351286610275110e-01 0.000000000000000000e+00 1.742000000000000171e+02
-6.121596296131229131e+00 -2.233118672590581610e+01 0.000000000000000000e+00 -4.302731254580471898e-02 -2.933351286609919839e-01 0.000000000000000000e+00 1.743000000000000114e+02
-6.125904046183532792e+00 -2.236068333776434258e+01 0.000000000000000000e+00 -4.307750052303660482e-02 -2.949661185852647804e-01 0.000000000000000000e+00 1.744000000000000057e+02
-6.130225902839243624e+00 -2.239063838069117907e+01 0.000000000000000000e+00 -4.321856655710831774e-02 -2.995504292683648373e-01 0.000000000000000000e+00 1.745000000000000000e+02
-6.134547759494954455e+00 -2.242059342361801555e+01 0.000000000000000000e+00 -4.321856655710831774e-02 -2.995504292683648373e-01 0.000000000000000000e+00 1.746000000000000227e+02
-6.138869616150665287e+00 -2.245054846654485203e+01 0.000000000000000000e+00 -4.321856655710831774e-02 -2.995504292683648373e-01 0.000000000000000000e+00 1.747000000000000171e+02
-6.143191472806377007e+00 -2.248050350947168852e+01 0.000000000000000000e+00 -4.321856655711719952e-02 -2.995504292683648373e-01 0.000000000000000000e+00 1.748000000000000114e+02
-6.147513329462087839e+00 -2.251045855239852500e+01 0.000000000000000000e+00 -4.321856655710831774e-02 -2.995504292683648373e-01 0.000000000000000000e+00 1.749000000000000057e+02
-6.151835186117798671e+00 -2.254041359532536148e+01 0.000000000000000000e+00 -4.321856655710831774e-02 -2.995504292683648373e-01 0.000000000000000000e+00 1.750000000000000000e+02
-6.156136274143559461e+00 -2.257030122268360728e+01 0.000000000000000000e+00 -4.301088025760790856e-02 -2.988762735824579408e-01 0.000000000000000000e+00 1.751000000000000227e+02
-6.160329939688772072e+00 -2.259984015358844900e+01 0.000000000000000000e+00 -4.193665545212610368e-02 -2.953893090484172035e-01 0.000000000000000000e+00 1.752000000000000171e+02
-6.164523605233984682e+00 -2.262937908449329427e+01 0.000000000000000000e+00 -4.193665545212610368e-02 -2.953893090484527306e-01 0.000000000000000000e+00 1.753000000000000114e+02
-6.168717270779198181e+00 -2.265891801539813599e+01 0.000000000000000000e+00 -4.193665545213498547e-02 -2.953893090484172035e-01 0.000000000000000000e+00 1.754000000000000057e+02
-6.172910936324410791e+00 -2.268845694630297771e+01 0.000000000000000000e+00 -4.193665545212610368e-02 -2.953893090484172035e-01 0.000000000000000000e+00 1.755000000000000000e+02
-6.177104601869623401e+00 -2.271799587720782299e+01 0.000000000000000000e+00 -4.193665545212610368e-02 -2.953893090484527306e-01 0.000000000000000000e+00 1.756000000000000227e+02
-6.181298267414836012e+00 -2.274753480811266471e+01 0.000000000000000000e+00 -4.193665545212610368e-02 -2.953893090484172035e-01 0.000000000000000000e+00 1.757000000000000171e+02
-6.185460776581447995e+00 -2.277677079124731208e+01 0.000000000000000000e+00 -4.162509166611982891e-02 -2.923598313464736975e-01 0.000000000000000000e+00 1.758000000000000114e+02
-6.189462427673278810e+00 -2.280444267748556086e+01 0.000000000000000000e+00 -4.001651091830815687e-02 -2.767188623824878846e-01 0.000000000000000000e+00 1.759000000000000057e+02
-6.193464078765108738e+00 -2.283211456372381321e+01 0.000000000000000000e+00 -4.001651091829927509e-02 -2.767188623825234117e-01 0.000000000000000000e+00 1.760000000000000000e+02
-6.197465729856939554e+00 -2.285978644996206555e+01 0.000000000000000000e+00 -4.001651091830815687e-02 -2.767188623825234117e-01 0.000000000000000000e+00 1.761000000000000227e+02
-6.201467380948770369e+00 -2.288745833620031789e+01 0.000000000000000000e+00 -4.001651091830815687e-02 -2.767188623825234117e-01 0.000000000000000000e+00 1.762000000000000171e+02
-6.205469032040601185e+00 -2.291513022243857023e+01 0.000000000000000000e+00 -4.001651091830815687e-02 -2.767188623825234117e-01 0.000000000000000000e+00 1.763000000000000114e+02
-6.209470683132432001e+00 -2.294280210867681902e+01 0.000000000000000000e+00 -4.001651091830815687e-02 -2.767188623824878846e-01 0.000000000000000000e+00 1.764000000000000057e+02
-6.213340831961381205e+00 -2.297089487677196118e+01 0.000000000000000000e+00 -3.870148828949204756e-02 -2.809276809514216211e-01 0.000000000000000000e+00 1.765000000000000000e+02
-6.217125384201239058e+00 -2.299926160252053364e+01 0.000000000000000000e+00 -3.784552239857852385e-02 -2.836672574857246332e-01 0.000000000000000000e+00 1.766000000000000227e+02
-6.220909936441096910e+00 -2.302762832826910966e+01 0.000000000000000000e+00 -3.784552239857852385e-02 -2.836672574857601603e-01 0.000000000000000000e+00 1.767000000000000171e+02
-6.224694488680954763e+00 -2.305599505401768212e+01 0.000000000000000000e+00 -3.784552239857852385e-02 -2.836672574857246332e-01 0.000000000000000000e+00 1.768000000000000114e+02
-6.228479040920812615e+00 -2.308436177976625459e+01 0.000000000000000000e+00 -3.784552239857852385e-02 -2.836672574857246332e-01 0.000000000000000000e+00 1.769000000000000057e+02
-6.232263593160670467e+00 -2.311272850551483060e+01 0.000000000000000000e+00 -3.784552239857852385e-02 -2.836672574857601603e-01 0.000000000000000000e+00 1.770000000000000000e+02
-6.236048145400528320e+00 -2.314109523126340306e+01 0.000000000000000000e+00 -3.784552239857852385e-02 -2.836672574857246332e-01 0.000000000000000000e+00 1.771000000000000227e+02
-6.233299349494616948e+00 -2.317354657040523236e+01 0.000000000000000000e+00 2.748795905911372017e-02 -3.245133914182929402e-01 0.000000000000000000e+00 1.772000000000000171e+02
-6.230231433609463743e+00 -2.320619742160614507e+01 0.000000000000000000e+00 3.067915885153205124e-02 -3.265085120091271165e-01 0.000000000000000000e+00 1.773000000000000114e+02
-6.227163517724311426e+00 -2.323884827280705778e+01 0.000000000000000000e+00 3.067915885152316946e-02 -3.265085120091271165e-01 0.000000000000000000e+00 1.774000000000000057e+02
-6.224095601839158221e+00 -2.327149912400797049e+01 0.000000000000000000e+00 3.067915885153205124e-02 -3.265085120091271165e-01 0.000000000000000000e+00 1.775000000000000000e+02
-6.221027685954005904e+00 -2.330414997520888321e+01 0.000000000000000000e+00 3.067915885152316946e-02 -3.265085120091271165e-01 0.000000000000000000e+00 1.776000000000000227e+02
-6.217959770068852698e+00 -2.333680082640979592e+01 0.000000000000000000e+00 3.067915885153205124e-02 -3.265085120091271165e-01 0.000000000000000000e+00 1.777000000000000171e+02
-6.214891854183700381e+00 -2.336945167761070863e+01 0.000000000000000000e+00 3.067915885152316946e-02 -3.265085120091271165e-01 0.000000000000000000e+00 1.778000000000000114e+02
-6.211750816777480644e+00 -2.340168164065874734e+01 0.000000000000000000e+00 3.141037406219737704e-02 -3.222996304803871226e-01 0.000000000000000000e+00 1.779000000000000057e+02
-6.208302032579218199e+00 -2.343214021031990413e+01 0.000000000000000000e+00 3.448784198262444534e-02 -3.045856966115678688e-01 0.000000000000000000e+00 1.780000000000000000e+02
-6.204853248380955755e+00 -2.346259877998106447e+01 0.000000000000000000e+00 3.448784198262444534e-02 -3.045856966116033959e-01 0.000000000000000000e+00 1.781000000000000227e+02
-6.201404464182692422e+00 -2.349305734964222125e+01 0.000000000000000000e+00 3.448784198263332712e-02 -3.045856966115678688e-01 0.000000000000000000e+00 1.782000000000000171e+02
-6.197955679984429977e+00 -2.352351591930337804e+01 0.000000000000000000e+00 3.448784198262444534e-02 -3.045856966115678688e-01 0.000000000000000000e+00 1.783000000000000114e+02
-6.194506895786167533e+00 -2.355397448896453838e+01 0.000000000000000000e+00 3.448784198262444534e-02 -3.045856966116033959e-01 0.000000000000000000e+00 1.784000000000000057e+02
-6.191058111587904200e+00 -2.358443305862569517e+01 0.000000000000000000e+00 3.448784198263332712e-02 -3.045856966115678688e-01 0.000000000000000000e+00 1.785000000000000000e+02
-6.187609135662303750e+00 -2.361488726378412650e+01 0.000000000000000000e+00 3.448975925600450410e-02 -3.045420515843133558e-01 0.000000000000000000e+00 1.786000000000000227e+02
-6.184118438088416880e+00 -2.364439171263854078e+01 0.000000000000000000e+00 3.490697573886869520e-02 -2.950444885441427800e-01 0.000000000000000000e+00 1.787000000000000171e+02
-6.180627740514529123e+00 -2.367389616149295151e+01 0.000000000000000000e+00 3.490697573887757699e-02 -2.950444885441072529e-01 0.000000000000000000e+00 1.788000000000000114e+02
-6.177137042940642253e+00 -2.370340061034736223e+01 0.000000000000000000e+00 3.490697573886869520e-02 -2.950444885441072529e-01 0.000000000000000000e+00 1.789000000000000057e+02
-6.173646345366755384e+00 -2.373290505920177651e+01 0.000000000000000000e+00 3.490697573886869520e-02 -2.950444885441427800e-01 0.000000000000000000e+00 1.790000000000000000e+02
-6.170155647792867626e+00 -2.376240950805618724e+01 0.000000000000000000e+00 3.490697573887757699e-02 -2.950444885441072529e-01 0.000000000000000000e+00 1.791000000000000227e+02
-6.166664950218980756e+00 -2.379191395691059796e+01 0.000000000000000000e+00 3.490697573886869520e-02 -2.950444885441072529e-01 0.000000000000000000e+00 1.792000000000000171e+02
-6.163159341929423718e+00 -2.382143207593291478e+01 0.000000000000000000e+00 3.505608289557038404e-02 -2.951811902231682438e-01 0.000000000000000000e+00 1.793000000000000114e+02
-6.159327566708968860e+00 -2.385124922531764824e+01 0.000000000000000000e+00 3.831775220454858299e-02 -2.981714938473345455e-01 0.000000000000000000e+00 1.794000000000000057e+02
-6.155495791488513113e+00 -2.388106637470237814e+01 0.000000000000000000e+00 3.831775220455746478e-02 -2.981714938472990184e-01 0.000000000000000000e+00 1.795000000000000000e+02
-6.151664016268058255e+00 -2.391088352408710804e+01 0.000000000000000000e+00 3.831775220454858299e-02 -2.981714938472990184e-01 0.000000000000000000e+00 1.796000000000000227e+02
-6.147832241047602508e+00 -2.394070067347183794e+01 0.000000000000000000e+00 3.831775220455746478e-02 -2.981714938472990184e-01 0.000000000000000000e+00 1.797000000000000171e+02
-6.144000465827147650e+00 -2.397051782285657140e+01 0.000000000000000000e+00 3.831775220454858299e-02 -2.981714938473345455e-01 0.000000000000000000e+00 1.798000000000000114e+02
-6.140168690606691904e+00 -2.400033497224130130e+01 0.000000000000000000e+00 3.831775220455746478e-02 -2.981714938472990184e-01 0.000000000000000000e+00 1.799000000000000057e+02
-6.136337152359523373e+00 -2.403014153214920157e+01 0.000000000000000000e+00 3.831538247168531086e-02 -2.980655990790026522e-01 0.000000000000000000e+00 1.800000000000000000e+02
-6.132530938139436394e+00 -2.405881645311952965e+01 0.000000000000000000e+00 3.806214220086978628e-02 -2.867492097032808829e-01 0.000000000000000000e+00 1.801000000000000227e+02
-6.128724723919348527e+00 -2.408749137408985774e+01 0.000000000000000000e+00 3.806214220087866806e-02 -2.867492097032808829e-01 0.000000000000000000e+00 1.802000000000000171e+02
-6.124918509699261548e+00 -2.411616629506018938e+01 0.000000000000000000e+00 3.806214220086978628e-02 -2.867492097033164100e-01 0.000000000000000000e+00 1.803000000000000114e+02
-6.121112295479173682e+00 -2.414484121603051747e+01 0.000000000000000000e+00 3.806214220087866806e-02 -2.867492097032808829e-01 0.000000000000000000e+00 1.804000000000000057e+02
-6.117306081259086703e+00 -2.417351613700084556e+01 0.000000000000000000e+00 3.806214220086978628e-02 -2.867492097032808829e-01 0.000000000000000000e+00 1.805000000000000000e+02
-6.113499867038998836e+00 -2.420219105797117365e+01 0.000000000000000000e+00 3.806214220087866806e-02 -2.867492097032808829e-01 0.000000000000000000e+00 1.806000000000000227e+02
-6.108980512056373158e+00 -2.423013780845915477e+01 0.000000000000000000e+00 4.519354982625678474e-02 -2.794675048798112016e-01 0.000000000000000000e+00 1.807000000000000171e+02
-6.102521708667029365e+00 -2.425610423590854481e+01 0.000000000000000000e+00 6.458803389343792389e-02 -2.596642744939003933e-01 0.000000000000000000e+00 1.808000000000000114e+02
-6.096062905277685573e+00 -2.428207066335793840e+01 0.000000000000000000e+00 6.458803389343792389e-02 -2.596642744939359204e-01 0.000000000000000000e+00 1.809000000000000057e+02
-6.089604101888341781e+00 -2.430803709080733199e+01 0.000000000000000000e+00 6.458803389343792389e-02 -2.596642744939359204e-01 0.000000000000000000e+00 1.810000000000000000e+02
-6.083145298498997988e+00 -2.433400351825672203e+01 0.000000000000000000e+00 6.458803389343792389e-02 -2.596642744939003933e-01 0.000000000000000000e+00 1.811000000000000227e+02
-6.076686495109654196e+00 -2.435996994570611562e+01 0.000000000000000000e+00 6.458803389343792389e-02 -2.596642744939359204e-01 0.000000000000000000e+00 1.812000000000000171e+02
-6.070227691720310403e+00 -2.438593637315550922e+01 0.000000000000000000e+00 6.458803389343792389e-02 -2.596642744939359204e-01 0.000000000000000000e+00 1.813000000000000114e+02
-6.064136394519421103e+00 -2.441137229783026541e+01 0.000000000000000000e+00 6.091297200889300711e-02 -2.543592467475619401e-01 0.000000000000000000e+00 1.814000000000000057e+02
-6.058059909584833314e+00 -2.443678684069263696e+01 0.000000000000000000e+00 6.076484934587789155e-02 -2.541454286237154747e-01 0.000000000000000000e+00 1.815000000000000000e+02
-6.051983424650245524e+00 -2.446220138355501206e+01 0.000000000000000000e+00 6.076484934587789155e-02 -2.541454286237510019e-01 0.000000000000000000e+00 1.816000000000000227e+02
-6.045906939715657735e+00 -2.448761592641738360e+01 0.000000000000000000e+00 6.076484934587789155e-02 -2.541454286237154747e-01 0.000000000000000000e+00 1.817000000000000171e+02
-6.039830454781069946e+00 -2.451303046927975515e+01 0.000000000000000000e+00 6.076484934587789155e-02 -2.541454286237154747e-01 0.000000000000000000e+00 1.818000000000000114e+02
-6.033753969846482157e+00 -2.453844501214212670e+01 0.000000000000000000e+00 6.076484934587789155e-02 -2.541454286237154747e-01 0.000000000000000000e+00 1.819000000000000057e+02
-6.027772528483836822e+00 -2.456463875909441086e+01 0.000000000000000000e+00 5.981441362645334436e-02 -2.619374695228415817e-01 0.000000000000000000e+00 1.820000000000000000e+02
-6.021811030418804833e+00 -2.459099600894067095e+01 0.000000000000000000e+00 5.961498065031989313e-02 -2.635724984626008904e-01 0.000000000000000000e+00 1.821000000000000227e+02
-6.015849532353772844e+00 -2.461735325878693104e+01 0.000000000000000000e+00 5.961498065031989313e-02 -2.635724984626008904e-01 0.000000000000000000e+00 1.822000000000000171e+02
-6.009888034288740855e+00 -2.464371050863319113e+01 0.000000000000000000e+00 5.961498065031989313e-02 -2.635724984626008904e-01 0.000000000000000000e+00 1.823000000000000114e+02
-6.003926536223708865e+00 -2.467006775847945121e+01 0.000000000000000000e+00 5.961498065031989313e-02 -2.635724984626008904e-01 0.000000000000000000e+00 1.824000000000000057e+02
-5.997965038158676876e+00 -2.469642500832571130e+01 0.000000000000000000e+00 5.961498065031989313e-02 -2.635724984626008904e-01 0.000000000000000000e+00 1.825000000000000000e+02
-5.992103942753069568e+00 -2.472270347859728545e+01 0.000000000000000000e+00 5.861095405607308351e-02 -2.627847027157415027e-01 0.000000000000000000e+00 1.826000000000000227e+02
-5.986346744688018084e+00 -2.474890042724037542e+01 0.000000000000000000e+00 5.757198065051483127e-02 -2.619694864308996785e-01 0.000000000000000000e+00 1.827000000000000171e+02
-5.980589546622966601e+00 -2.477509737588346894e+01 0.000000000000000000e+00 5.757198065051483127e-02 -2.619694864309352056e-01 0.000000000000000000e+00 1.828000000000000114e+02
-5.974832348557915118e+00 -2.480129432452656246e+01 0.000000000000000000e+00 5.757198065051483127e-02 -2.619694864309352056e-01 0.000000000000000000e+00 1.829000000000000057e+02
-5.969075150492863635e+00 -2.482749127316965243e+01 0.000000000000000000e+00 5.757198065051483127e-02 -2.619694864308996785e-01 0.000000000000000000e+00 1.830000000000000000e+02
-5.963317952427812152e+00 -2.485368822181274595e+01 0.000000000000000000e+00 5.757198065051483127e-02 -2.619694864309352056e-01 0.000000000000000000e+00 1.831000000000000227e+02
-5.957506918085019088e+00 -2.488025799334798194e+01 0.000000000000000000e+00 5.811034342793064411e-02 -2.656977153523598645e-01 0.000000000000000000e+00 1.832000000000000171e+02
-5.951499266346051975e+00 -2.490818936470699185e+01 0.000000000000000000e+00 6.007651738967112465e-02 -2.793137135900991552e-01 0.000000000000000000e+00 1.833000000000000114e+02
-5.945491614607084863e+00 -2.493612073606600532e+01 0.000000000000000000e+00 6.007651738967112465e-02 -2.793137135901346824e-01 0.000000000000000000e+00 1.834000000000000057e+02
-5.939483962868118638e+00 -2.496405210742501524e+01 0.000000000000000000e+00 6.007651738966224286e-02 -2.793137135900991552e-01 0.000000000000000000e+00 1.835000000000000000e+02
-5.933476311129151526e+00 -2.499198347878402870e+01 0.000000000000000000e+00 6.007651738967112465e-02 -2.793137135901346824e-01 0.000000000000000000e+00 1.836000000000000227e+02
-5.927468659390185302e+00 -2.501991485014303862e+01 0.000000000000000000e+00 6.007651738966224286e-02 -2.793137135900991552e-01 0.000000000000000000e+00 1.837000000000000171e+02
-5.921461007651218189e+00 -2.504784622150205209e+01 0.000000000000000000e+00 6.007651738967112465e-02 -2.793137135901346824e-01 0.000000000000000000e+00 1.838000000000000114e+02
-5.917610687011354287e+00 -2.507641264579007512e+01 0.000000000000000000e+00 3.850320639863902272e-02 -2.856642428802302902e-01 0.000000000000000000e+00 1.839000000000000057e+02
-5.915428288570226734e+00 -2.510547005585126357e+01 0.000000000000000000e+00 2.182398441127553212e-02 -2.905741006118844894e-01 0.000000000000000000e+00 1.840000000000000000e+02
-5.913245890129099180e+00 -2.513452746591245202e+01 0.000000000000000000e+00 2.182398441127553212e-02 -2.905741006118844894e-01 0.000000000000000000e+00 1.841000000000000227e+02
-5.911063491687971627e+00 -2.516358487597364402e+01 0.000000000000000000e+00 2.182398441127553212e-02 -2.905741006119200165e-01 0.000000000000000000e+00 1.842000000000000171e+02
-5.908881093246844074e+00 -2.519264228603483247e+01 0.000000000000000000e+00 2.182398441127553212e-02 -2.905741006118844894e-01 0.000000000000000000e+00 1.843000000000000114e+02
-5.906698694805716521e+00 -2.522169969609602447e+01 0.000000000000000000e+00 2.182398441127553212e-02 -2.905741006119200165e-01 0.000000000000000000e+00 1.844000000000000057e+02
-5.904516296364588968e+00 -2.525075710615721292e+01 0.000000000000000000e+00 2.182398441127553212e-02 -2.905741006118844894e-01 0.000000000000000000e+00 1.845000000000000000e+02
-5.902212963501927590e+00 -2.527990496060451875e+01 0.000000000000000000e+00 2.303332862661378044e-02 -2.914785444730583208e-01 0.000000000000000000e+00 1.846000000000000227e+02
-5.899854160768741806e+00 -2.530909429983609371e+01 0.000000000000000000e+00 2.358802733185783040e-02 -2.918933923157496224e-01 0.000000000000000000e+00 1.847000000000000171e+02
-5.897495358035556912e+00 -2.533828363906766512e+01 0.000000000000000000e+00 2.358802733184894862e-02 -2.918933923157140953e-01 0.000000000000000000e+00 1.848000000000000114e+02
-5.895136555302372017e+00 -2.536747297829923653e+01 0.000000000000000000e+00 2.358802733184894862e-02 -2.918933923157140953e-01 0.000000000000000000e+00 1.849000000000000057e+02
-5.892777752569186234e+00 -2.539666231753081149e+01 0.000000000000000000e+00 2.358802733185783040e-02 -2.918933923157496224e-01 0.000000000000000000e+00 1.850000000000000000e+02
-5.890418949836001339e+00 -2.542585165676238290e+01 0.000000000000000000e+00 2.358802733184894862e-02 -2.918933923157140953e-01 0.000000000000000000e+00 1.851000000000000227e+02
-5.888060147102816444e+00 -2.545504099599395431e+01 0.000000000000000000e+00 2.358802733184894862e-02 -2.918933923157140953e-01 0.000000000000000000e+00 1.852000000000000171e+02
-5.885833389272756122e+00 -2.548466355149648876e+01 0.000000000000000000e+00 2.226757830060321908e-02 -2.962255550253445335e-01 0.000000000000000000e+00 1.853000000000000114e+02
-5.883637464052061894e+00 -2.551438726340671082e+01 0.000000000000000000e+00 2.195925220694228130e-02 -2.972371191022205039e-01 0.000000000000000000e+00 1.854000000000000057e+02
-5.881441538831367666e+00 -2.554411097531692931e+01 0.000000000000000000e+00 2.195925220694228130e-02 -2.972371191021849768e-01 0.000000000000000000e+00 1.855000000000000000e+02
-5.879245613610673438e+00 -2.557383468722715136e+01 0.000000000000000000e+00 2.195925220694228130e-02 -2.972371191022205039e-01 0.000000000000000000e+00 1.856000000000000227e+02
-5.877049688389979210e+00 -2.560355839913736986e+01 0.000000000000000000e+00 2.195925220694228130e-02 -2.972371191021849768e-01 0.000000000000000000e+00 1.857000000000000171e+02
-5.874853763169284981e+00 -2.563328211104759191e+01 0.000000000000000000e+00 2.195925220694228130e-02 -2.972371191022205039e-01 0.000000000000000000e+00 1.858000000000000114e+02
-5.872657837948590753e+00 -2.566300582295781041e+01 0.000000000000000000e+00 2.195925220694228130e-02 -2.972371191021849768e-01 0.000000000000000000e+00 1.859000000000000057e+02
-5.870946183925383366e+00 -2.569248882929950994e+01 0.000000000000000000e+00 1.711654023207387354e-02 -2.948300634169953582e-01 0.000000000000000000e+00 1.860000000000000000e+02
-5.869334269911036017e+00 -2.572192226016436578e+01 0.000000000000000000e+00 1.611914014347348711e-02 -2.943343086485583626e-01 0.000000000000000000e+00 1.861000000000000227e+02
-5.867722355896688669e+00 -2.575135569102922517e+01 0.000000000000000000e+00 1.611914014347348711e-02 -2.943343086485938898e-01 0.000000000000000000e+00 1.862000000000000171e+02
-5.866110441882341320e+00 -2.578078912189408101e+01 0.000000000000000000e+00 1.611914014347348711e-02 -2.943343086485583626e-01 0.000000000000000000e+00 1.863000000000000114e+02
-5.864498527867993971e+00 -2.581022255275893684e+01 0.000000000000000000e+00 1.611914014347348711e-02 -2.943343086485583626e-01 0.000000000000000000e+00 1.864000000000000057e+02
-5.862886613853646622e+00 -2.583965598362379268e+01 0.000000000000000000e+00 1.611914014347348711e-02 -2.943343086485583626e-01 0.000000000000000000e+00 1.865000000000000000e+02
-5.861274699839300162e+00 -2.586908941448864852e+01 0.000000000000000000e+00 1.611914014346460533e-02 -2.943343086485583626e-01 0.000000000000000000e+00 1.866000000000000227e+02
-5.859841514141137964e+00 -2.589841637824906329e+01 0.000000000000000000e+00 1.433185698162198207e-02 -2.932696376041477038e-01 0.000000000000000000e+00 1.867000000000000171e+02
-5.858423477443676752e+00 -2.592773431786448768e+01 0.000000000000000000e+00 1.418036697461211304e-02 -2.931793961542439320e-01 0.000000000000000000e+00 1.868000000000000114e+02
-5.857005440746215541e+00 -2.595705225747990852e+01 0.000000000000000000e+00 1.418036697461211304e-02 -2.931793961542084048e-01 0.000000000000000000e+00 1.869000000000000057e+02
-5.855587404048754330e+00 -2.598637019709532936e+01 0.000000000000000000e+00 1.418036697461211304e-02 -2.931793961542084048e-01 0.000000000000000000e+00 1.870000000000000000e+02
-5.854169367351293118e+00 -2.601568813671075020e+01 0.000000000000000000e+00 1.418036697461211304e-02 -2.931793961542084048e-01 0.000000000000000000e+00 1.871000000000000227e+02
-5.852751330653831907e+00 -2.604500607632617459e+01 0.000000000000000000e+00 1.418036697461211304e-02 -2.931793961542439320e-01 0.000000000000000000e+00 1.872000000000000171e+02
-5.851335076567238502e+00 -2.607448719130813330e+01 0.000000000000000000e+00 1.416254086593404793e-02 -2.948111498195871150e-01 0.000000000000000000e+00 1.873000000000000114e+02
-5.849956990329678419e+00 -2.610746208772439658e+01 0.000000000000000000e+00 1.378086237560083305e-02 -3.297489641626327739e-01 0.000000000000000000e+00 1.874000000000000057e+02
-5.848578904092117448e+00 -2.614043698414065986e+01 0.000000000000000000e+00 1.378086237560971483e-02 -3.297489641626327739e-01 0.000000000000000000e+00 1.875000000000000000e+02
-5.847200817854556476e+00 -2.617341188055691958e+01 0.000000000000000000e+00 1.378086237560971483e-02 -3.297489641625972467e-01 0.000000000000000000e+00 1.876000000000000227e+02
-5.845822731616995505e+00 -2.620638677697318286e+01 0.000000000000000000e+00 1.378086237560971483e-02 -3.297489641626327739e-01 0.000000000000000000e+00 1.877000000000000171e+02
-5.844444645379435421e+00 -2.623936167338944614e+01 0.000000000000000000e+00 1.378086237560083305e-02 -3.297489641626327739e-01 0.000000000000000000e+00 1.878000000000000114e+02
-5.843066559141874450e+00 -2.627233656980570586e+01 0.000000000000000000e+00 1.378086237560971483e-02 -3.297489641625972467e-01 0.000000000000000000e+00 1.879000000000000057e+02
-5.841688472904313478e+00 -2.630531146622196914e+01 0.000000000000000000e+00 1.378086237560971483e-02 -3.297489641626327739e-01 0.000000000000000000e+00 1.880000000000000000e+02
-5.839594462437723621e+00 -2.634061770462530916e+01 0.000000000000000000e+00 2.094010466589857344e-02 -3.530623840334001784e-01 0.000000000000000000e+00 1.881000000000000227e+02
-5.836582042169752071e+00 -2.637891466082318814e+01 0.000000000000000000e+00 3.012420267971549492e-02 -3.829695619787898409e-01 0.000000000000000000e+00 1.882000000000000171e+02
-5.833569621901780522e+00 -2.641721161702107068e+01 0.000000000000000000e+00 3.012420267971549492e-02 -3.829695619788253680e-01 0.000000000000000000e+00 1.883000000000000114e+02
-5.830557201633808972e+00 -2.645550857321894966e+01 0.000000000000000000e+00 3.012420267971549492e-02 -3.829695619787898409e-01 0.000000000000000000e+00 1.884000000000000057e+02
-5.827544781365837423e+00 -2.649380552941683220e+01 0.000000000000000000e+00 3.012420267971549492e-02 -3.829695619788253680e-01 0.000000000000000000e+00 1.885000000000000000e+02
-5.824532361097865873e+00 -2.653210248561471474e+01 0.000000000000000000e+00 3.012420267971549492e-02 -3.829695619788253680e-01 0.000000000000000000e+00 1.886000000000000227e+02
-5.821519940829894324e+00 -2.657039944181259372e+01 0.000000000000000000e+00 3.012420267971549492e-02 -3.829695619787898409e-01 0.000000000000000000e+00 1.887000000000000171e+02
-5.818507520561922775e+00 -2.660869639801047626e+01 0.000000000000000000e+00 3.012420267971549492e-02 -3.829695619788253680e-01 0.000000000000000000e+00 1.888000000000000114e+02
-5.815495100293952113e+00 -2.664699335420835524e+01 0.000000000000000000e+00 3.012420267970661314e-02 -3.829695619787898409e-01 0.000000000000000000e+00 1.889000000000000057e+02
-5.810840288898345918e+00 -2.668318776686200877e+01 0.000000000000000000e+00 4.654811395606195390e-02 -3.619441265365352933e-01 0.000000000000000000e+00 1.890000000000000000e+02
-5.803073630003068750e+00 -2.671539847870226936e+01 0.000000000000000000e+00 7.766658895277167574e-02 -3.221071184026058631e-01 0.000000000000000000e+00 1.891000000000000227e+02
-5.795306971107791583e+00 -2.674760919054253350e+01 0.000000000000000000e+00 7.766658895277167574e-02 -3.221071184026413903e-01 0.000000000000000000e+00 1.892000000000000171e+02
-5.787540312212514415e+00 -2.677981990238279408e+01 0.000000000000000000e+00 7.766658895277167574e-02 -3.221071184026058631e-01 0.000000000000000000e+00 1.893000000000000114e+02
-5.779773653317237248e+00 -2.681203061422305822e+01 0.000000000000000000e+00 7.766658895277167574e-02 -3.221071184026413903e-01 0.000000000000000000e+00 1.894000000000000057e+02
-5.772006994421959192e+00 -2.684424132606331881e+01 0.000000000000000000e+00 7.766658895278055752e-02 -3.221071184026058631e-01 0.000000000000000000e+00 1.895000000000000000e+02
-5.764240335526682024e+00 -2.687645203790358295e+01 0.000000000000000000e+00 7.766658895277167574e-02 -3.221071184026413903e-01 0.000000000000000000e+00 1.896000000000000227e+02
-5.756473676631404857e+00 -2.690866274974384353e+01 0.000000000000000000e+00 7.766658895277167574e-02 -3.221071184026058631e-01 0.000000000000000000e+00 1.897000000000000171e+02
-5.739640137375450202e+00 -2.693149971075561311e+01 0.000000000000000000e+00 1.683353925595465483e-01 -2.283696101176957427e-01 0.000000000000000000e+00 1.898000000000000114e+02
-5.711553470679151978e+00 -2.694270267986819078e+01 0.000000000000000000e+00 2.808666669629822366e-01 -1.120296911257767647e-01 0.000000000000000000e+00 1.899000000000000057e+02
-5.683466803982853754e+00 -2.695390564898076846e+01 0.000000000000000000e+00 2.808666669629822366e-01 -1.120296911257767647e-01 0.000000000000000000e+00 1.900000000000000000e+02
-5.655380137286555531e+00 -2.696510861809334259e+01 0.000000000000000000e+00 2.808666669629822366e-01 -1.120296911257412376e-01 0.000000000000000000e+00 1.901000000000000227e+02
-5.627293470590257307e+00 -2.697631158720592026e+01 0.000000000000000000e+00 2.808666669629822366e-01 -1.120296911257767647e-01 0.000000000000000000e+00 1.902000000000000171e+02
-5.599206803893959083e+00 -2.698751455631849439e+01 0.000000000000000000e+00 2.808666669629822366e-01 -1.120296911257412376e-01 0.000000000000000000e+00 1.903000000000000114e+02
-5.571120137197660860e+00 -2.699871752543107206e+01 0.000000000000000000e+00 2.808666669629822366e-01 -1.120296911257767647e-01 0.000000000000000000e+00 1.904000000000000057e+02
-5.543205710794731900e+00 -2.700900258763500972e+01 0.000000000000000000e+00 2.791442640292896016e-01 -1.028506220393765602e-01 0.000000000000000000e+00 1.905000000000000000e+02
-5.515847027246903345e+00 -2.701632597231191824e+01 0.000000000000000000e+00 2.735868354782855505e-01 -7.323384676908517577e-02 0.000000000000000000e+00 1.906000000000000227e+02
-5.488488343699073901e+00 -2.702364935698882675e+01 0.000000000000000000e+00 2.735868354782944323e-01 -7.323384676908517577e-02 0.000000000000000000e+00 1.907000000000000171e+02
-5.461129660151244458e+00 -2.703097274166573527e+01 0.000000000000000000e+00 2.735868354782944323e-01 -7.323384676908517577e-02 0.000000000000000000e+00 1.908000000000000114e+02
-5.433770976603415903e+00 -2.703829612634264379e+01 0.000000000000000000e+00 2.735868354782855505e-01 -7.323384676908517577e-02 0.000000000000000000e+00 1.909000000000000057e+02
-5.406412293055586460e+00 -2.704561951101955231e+01 0.000000000000000000e+00 2.735868354782944323e-01 -7.323384676908517577e-02 0.000000000000000000e+00 1.910000000000000000e+02
-5.379053609507757905e+00 -2.705294289569646082e+01 0.000000000000000000e+00 2.735868354782855505e-01 -7.323384676908517577e-02 0.000000000000000000e+00 1.911000000000000227e+02
-5.351491280254626837e+00 -2.706051456627844587e+01 0.000000000000000000e+00 2.756232925313106819e-01 -7.571670581985046056e-02 0.000000000000000000e+00 1.912000000000000171e+02
-5.323802088123519738e+00 -2.706824090874232880e+01 0.000000000000000000e+00 2.768919213110709876e-01 -7.726342463882929223e-02 0.000000000000000000e+00 1.913000000000000114e+02
-5.296112895992413527e+00 -2.707596725120621173e+01 0.000000000000000000e+00 2.768919213110621058e-01 -7.726342463882929223e-02 0.000000000000000000e+00 1.914000000000000057e+02
-5.268423703861306429e+00 -2.708369359367009110e+01 0.000000000000000000e+00 2.768919213110709876e-01 -7.726342463879376510e-02 0.000000000000000000e+00 1.915000000000000000e+02
-5.240734511730199330e+00 -2.709141993613397403e+01 0.000000000000000000e+00 2.768919213110709876e-01 -7.726342463882929223e-02 0.000000000000000000e+00 1.916000000000000227e+02
-5.213045319599093119e+00 -2.709914627859785696e+01 0.000000000000000000e+00 2.768919213110621058e-01 -7.726342463882929223e-02 0.000000000000000000e+00 1.917000000000000171e+02
-5.185356127467986020e+00 -2.710687262106173634e+01 0.000000000000000000e+00 2.768919213110709876e-01 -7.726342463879376510e-02 0.000000000000000000e+00 1.918000000000000114e+02
-5.155103655910440175e+00 -2.711486669252540693e+01 0.000000000000000000e+00 3.025247155754584583e-01 -7.994071463670593403e-02 0.000000000000000000e+00 1.919000000000000057e+02
-5.124734256175031533e+00 -2.712287297688470744e+01 0.000000000000000000e+00 3.036939973540864202e-01 -8.006284359300508413e-02 0.000000000000000000e+00 1.920000000000000000e+02
-5.094364856439623779e+00 -2.713087926124400795e+01 0.000000000000000000e+00 3.036939973540775384e-01 -8.006284359300508413e-02 0.000000000000000000e+00 1.921000000000000227e+02
-5.063995456704216025e+00 -2.713888554560330846e+01 0.000000000000000000e+00 3.036939973540775384e-01 -8.006284359300508413e-02 0.000000000000000000e+00 1.922000000000000171e+02
-5.033626056968808271e+00 -2.714689182996260897e+01 0.000000000000000000e+00 3.036939973540775384e-01 -8.006284359300508413e-02 0.000000000000000000e+00 1.923000000000000114e+02
-5.003256657233400517e+00 -2.715489811432190947e+01 0.000000000000000000e+00 3.036939973540775384e-01 -8.006284359300508413e-02 0.000000000000000000e+00 1.924000000000000057e+02
-4.972887257497992763e+00 -2.716290439868120998e+01 0.000000000000000000e+00 3.036939973540775384e-01 -8.006284359300508413e-02 0.000000000000000000e+00 1.925000000000000000e+02
-4.941502051723248634e+00 -2.717120757736675785e+01 0.000000000000000000e+00 3.138520577474412931e-01 -8.303178685547862869e-02 0.000000000000000000e+00 1.926000000000000227e+02
-4.909761296600495761e+00 -2.717961467410362886e+01 0.000000000000000000e+00 3.174075512275287281e-01 -8.407096736871011444e-02 0.000000000000000000e+00 1.927000000000000171e+02
-4.878020541477742000e+00 -2.718802177084049632e+01 0.000000000000000000e+00 3.174075512275376099e-01 -8.407096736867458731e-02 0.000000000000000000e+00 1.928000000000000114e+02
-4.846279786354989128e+00 -2.719642886757736377e+01 0.000000000000000000e+00 3.174075512275287281e-01 -8.407096736867458731e-02 0.000000000000000000e+00 1.929000000000000057e+02
-4.814539031232235367e+00 -2.720483596431423123e+01 0.000000000000000000e+00 3.174075512275376099e-01 -8.407096736867458731e-02 0.000000000000000000e+00 1.930000000000000000e+02
-4.782798276109482494e+00 -2.721324306105109869e+01 0.000000000000000000e+00 3.174075512275287281e-01 -8.407096736867458731e-02 0.000000000000000000e+00 1.931000000000000227e+02
-4.751057520986728733e+00 -2.722165015778796970e+01 0.000000000000000000e+00 3.174075512275376099e-01 -8.407096736871011444e-02 0.000000000000000000e+00 1.932000000000000171e+02
-4.719253290924847910e+00 -2.723015053014440312e+01 0.000000000000000000e+00 3.180423006188082269e-01 -8.500372356433416599e-02 0.000000000000000000e+00 1.933000000000000114e+02
-4.687274643580001232e+00 -2.723890720649033526e+01 0.000000000000000000e+00 3.197864734484667792e-01 -8.756676345932135064e-02 0.000000000000000000e+00 1.934000000000000057e+02
-4.655295996235154554e+00 -2.724766388283626739e+01 0.000000000000000000e+00 3.197864734484667792e-01 -8.756676345932135064e-02 0.000000000000000000e+00 1.935000000000000000e+02
-4.623317348890307876e+00 -2.725642055918219953e+01 0.000000000000000000e+00 3.197864734484667792e-01 -8.756676345932135064e-02 0.000000000000000000e+00 1.936000000000000227e+02
-4.591338701545461198e+00 -2.726517723552813521e+01 0.000000000000000000e+00 3.197864734484667792e-01 -8.756676345935687777e-02 0.000000000000000000e+00 1.937000000000000171e+02
-4.559360054200614520e+00 -2.727393391187406735e+01 0.000000000000000000e+00 3.197864734484667792e-01 -8.756676345932135064e-02 0.000000000000000000e+00 1.938000000000000114e+02
-4.527381406855767843e+00 -2.728269058821999948e+01 0.000000000000000000e+00 3.197864734484667792e-01 -8.756676345932135064e-02 0.000000000000000000e+00 1.939000000000000057e+02
-4.495402759510921165e+00 -2.729144726456593162e+01 0.000000000000000000e+00 3.197864734484667792e-01 -8.756676345932135064e-02 0.000000000000000000e+00 1.940000000000000000e+02
-4.462061251318682586e+00 -2.729710798167801755e+01 0.000000000000000000e+00 3.334150819223857809e-01 -5.660717112085933422e-02 0.000000000000000000e+00 1.941000000000000227e+02
-4.428274591863832654e+00 -2.730175746557097227e+01 0.000000000000000000e+00 3.378665945484993216e-01 -4.649483892954719977e-02 0.000000000000000000e+00 1.942000000000000171e+02
-4.394487932408982722e+00 -2.730640694946392344e+01 0.000000000000000000e+00 3.378665945484993216e-01 -4.649483892951167263e-02 0.000000000000000000e+00 1.943000000000000114e+02
-4.360701272954133678e+00 -2.731105643335687816e+01 0.000000000000000000e+00 3.378665945484904398e-01 -4.649483892954719977e-02 0.000000000000000000e+00 1.944000000000000057e+02
-4.326914613499283746e+00 -2.731570591724982933e+01 0.000000000000000000e+00 3.378665945484993216e-01 -4.649483892951167263e-02 0.000000000000000000e+00 1.945000000000000000e+02
-4.293127954044433814e+00 -2.732035540114278405e+01 0.000000000000000000e+00 3.378665945484993216e-01 -4.649483892954719977e-02 0.000000000000000000e+00 1.946000000000000227e+02
-4.259341294589584770e+00 -2.732500488503573521e+01 0.000000000000000000e+00 3.378665945484904398e-01 -4.649483892951167263e-02 0.000000000000000000e+00 1.947000000000000171e+02
-4.225554635134734838e+00 -2.732965436892868993e+01 0.000000000000000000e+00 3.378665945484993216e-01 -4.649483892954719977e-02 0.000000000000000000e+00 1.948000000000000114e+02
-4.198865279535879402e+00 -2.730475451827370037e+01 0.000000000000000000e+00 2.668935559885543540e-01 2.489985065498956374e-01 0.000000000000000000e+00 1.949000000000000057e+02
-4.173314508283697322e+00 -2.727511421822361726e+01 0.000000000000000000e+00 2.555077125218208067e-01 2.964030005008311264e-01 0.000000000000000000e+00 1.950000000000000000e+02
-4.147763737031516129e+00 -2.724547391817353770e+01 0.000000000000000000e+00 2.555077125218119249e-01 2.964030005007955992e-01 0.000000000000000000e+00 1.951000000000000227e+02
-4.122212965779334048e+00 -2.721583361812345814e+01 0.000000000000000000e+00 2.555077125218208067e-01 2.964030005007955992e-01 0.000000000000000000e+00 1.952000000000000171e+02
-4.096662194527151968e+00 -2.718619331807337858e+01 0.000000000000000000e+00 2.555077125218208067e-01 2.964030005007955992e-01 0.000000000000000000e+00 1.953000000000000114e+02
-4.071111423274970775e+00 -2.715655301802329902e+01 0.000000000000000000e+00 2.555077125218119249e-01 2.964030005007955992e-01 0.000000000000000000e+00 1.954000000000000057e+02
-4.045560652022788695e+00 -2.712691271797321946e+01 0.000000000000000000e+00 2.555077125218208067e-01 2.964030005007955992e-01 0.000000000000000000e+00 1.955000000000000000e+02
-4.020009880770606614e+00 -2.709727241792313635e+01 0.000000000000000000e+00 2.555077125218208067e-01 2.964030005008311264e-01 0.000000000000000000e+00 1.956000000000000227e+02
-3.994459109518424977e+00 -2.706763211787305679e+01 0.000000000000000000e+00 2.555077125218163658e-01 2.964030005007955992e-01 0.000000000000000000e+00 1.957000000000000171e+02
-3.968419649532085813e+00 -2.703904730688920921e+01 0.000000000000000000e+00 2.603945998633916403e-01 2.858481098384757502e-01 0.000000000000000000e+00 1.958000000000000114e+02
-3.941824016829405419e+00 -2.701166373951914679e+01 0.000000000000000000e+00 2.659563270268039403e-01 2.738356737006242270e-01 0.000000000000000000e+00 1.959000000000000057e+02
-3.915228384126724581e+00 -2.698428017214908436e+01 0.000000000000000000e+00 2.659563270268083812e-01 2.738356737006242270e-01 0.000000000000000000e+00 1.960000000000000000e+02
-3.888632751424044187e+00 -2.695689660477902194e+01 0.000000000000000000e+00 2.659563270268039403e-01 2.738356737006242270e-01 0.000000000000000000e+00 1.961000000000000227e+02
-3.862037118721363349e+00 -2.692951303740895952e+01 0.000000000000000000e+00 2.659563270268083812e-01 2.738356737006242270e-01 0.000000000000000000e+00 1.962000000000000171e+02
-3.835441486018682955e+00 -2.690212947003889354e+01 0.000000000000000000e+00 2.659563270268039403e-01 2.738356737006597541e-01 0.000000000000000000e+00 1.963000000000000114e+02
-3.808845853316002117e+00 -2.687474590266883112e+01 0.000000000000000000e+00 2.659563270268083812e-01 2.738356737006242270e-01 0.000000000000000000e+00 1.964000000000000057e+02
-3.782250220613321723e+00 -2.684736233529876870e+01 0.000000000000000000e+00 2.659563270268039403e-01 2.738356737006242270e-01 0.000000000000000000e+00 1.965000000000000000e+02
-3.755654587910640885e+00 -2.681997876792870628e+01 0.000000000000000000e+00 2.659563270268083812e-01 2.738356737006242270e-01 0.000000000000000000e+00 1.966000000000000227e+02
-3.726625645336328230e+00 -2.680703761642839567e+01 0.000000000000000000e+00 2.902894257431265501e-01 1.294115150031061034e-01 0.000000000000000000e+00 1.967000000000000171e+02
-3.694006988204453279e+00 -2.681540248562787809e+01 0.000000000000000000e+00 3.261865713187495075e-01 -8.364869199482427575e-02 0.000000000000000000e+00 1.968000000000000114e+02
-3.661388331072578772e+00 -2.682376735482736407e+01 0.000000000000000000e+00 3.261865713187450666e-01 -8.364869199485980289e-02 0.000000000000000000e+00 1.969000000000000057e+02
-3.628769673940703822e+00 -2.683213222402685005e+01 0.000000000000000000e+00 3.261865713187495075e-01 -8.364869199485980289e-02 0.000000000000000000e+00 1.970000000000000000e+02
-3.596151016808828871e+00 -2.684049709322633248e+01 0.000000000000000000e+00 3.261865713187495075e-01 -8.364869199482427575e-02 0.000000000000000000e+00 1.971000000000000227e+02
-3.563532359676954364e+00 -2.684886196242581846e+01 0.000000000000000000e+00 3.261865713187450666e-01 -8.364869199485980289e-02 0.000000000000000000e+00 1.972000000000000171e+02
-3.530913702545079413e+00 -2.685722683162530444e+01 0.000000000000000000e+00 3.261865713187495075e-01 -8.364869199485980289e-02 0.000000000000000000e+00 1.973000000000000114e+02
-3.498295045413204463e+00 -2.686559170082478687e+01 0.000000000000000000e+00 3.261865713187495075e-01 -8.364869199482427575e-02 0.000000000000000000e+00 1.974000000000000057e+02
-3.466503690411872896e+00 -2.687823993191090111e+01 0.000000000000000000e+00 3.179135500133156711e-01 -1.264823108611423663e-01 0.000000000000000000e+00 1.975000000000000000e+02
-3.435008956841068439e+00 -2.689242392228418765e+01 0.000000000000000000e+00 3.149473357080445624e-01 -1.418399037328654799e-01 0.000000000000000000e+00 1.976000000000000227e+02
-3.403514223270263983e+00 -2.690660791265747065e+01 0.000000000000000000e+00 3.149473357080445624e-01 -1.418399037328299528e-01 0.000000000000000000e+00 1.977000000000000171e+02
-3.372019489699459083e+00 -2.692079190303075364e+01 0.000000000000000000e+00 3.149473357080490032e-01 -1.418399037328299528e-01 0.000000000000000000e+00 1.978000000000000114e+02
-3.340524756128654627e+00 -2.693497589340404019e+01 0.000000000000000000e+00 3.149473357080445624e-01 -1.418399037328654799e-01 0.000000000000000000e+00 1.979000000000000057e+02
-3.309030022557850170e+00 -2.694915988377732319e+01 0.000000000000000000e+00 3.149473357080445624e-01 -1.418399037328299528e-01 0.000000000000000000e+00 1.980000000000000000e+02
-3.277535288987045270e+00 -2.696334387415060618e+01 0.000000000000000000e+00 3.149473357080490032e-01 -1.418399037328299528e-01 0.000000000000000000e+00 1.981000000000000227e+02
-3.246040555416240814e+00 -2.697752786452388918e+01 0.000000000000000000e+00 3.149473357080445624e-01 -1.418399037328299528e-01 0.000000000000000000e+00 1.982000000000000171e+02
-3.213356741123371663e+00 -2.698974998882284382e+01 0.000000000000000000e+00 3.268381429286915107e-01 -1.222212429895463970e-01 0.000000000000000000e+00 1.983000000000000114e+02
-3.180634409992239231e+00 -2.700190856413232865e+01 0.000000000000000000e+00 3.272233113113243164e-01 -1.215857530948483145e-01 0.000000000000000000e+00 1.984000000000000057e+02
-3.147912078861106355e+00 -2.701406713944181703e+01 0.000000000000000000e+00 3.272233113113287573e-01 -1.215857530948838416e-01 0.000000000000000000e+00 1.985000000000000000e+02
-3.115189747729973480e+00 -2.702622571475130187e+01 0.000000000000000000e+00 3.272233113113287573e-01 -1.215857530948483145e-01 0.000000000000000000e+00 1.986000000000000227e+02
-3.082467416598840604e+00 -2.703838429006079025e+01 0.000000000000000000e+00 3.272233113113287573e-01 -1.215857530948838416e-01 0.000000000000000000e+00 1.987000000000000171e+02
-3.049745085467707728e+00 -2.705054286537027508e+01 0.000000000000000000e+00 3.272233113113287573e-01 -1.215857530948483145e-01 0.000000000000000000e+00 1.988000000000000114e+02
-3.017022754336574852e+00 -2.706270144067976346e+01 0.000000000000000000e+00 3.272233113113287573e-01 -1.215857530948838416e-01 0.000000000000000000e+00 1.989000000000000057e+02
-2.984300423205442421e+00 -2.707486001598924830e+01 0.000000000000000000e+00 3.272233113113243164e-01 -1.215857530948483145e-01 0.000000000000000000e+00 1.990000000000000000e+02
-2.953354258322618442e+00 -2.708569035624608645e+01 0.000000000000000000e+00 3.094616488282397881e-01 -1.083034025683815571e-01 0.000000000000000000e+00 1.991000000000000227e+02
-2.922866446516963368e+00 -2.709617793544428821e+01 0.000000000000000000e+00 3.048781180565507398e-01 -1.048757919820175744e-01 0.000000000000000000e+00 1.992000000000000171e+02
-2.892378634711308294e+00 -2.710666551464248997e+01 0.000000000000000000e+00 3.048781180565507398e-01 -1.048757919820175744e-01 0.000000000000000000e+00 1.993000000000000114e+02
-2.861890822905653220e+00 -2.711715309384069172e+01 0.000000000000000000e+00 3.048781180565507398e-01 -1.048757919820175744e-01 0.000000000000000000e+00 1.994000000000000057e+02
-2.831403011099998146e+00 -2.712764067303889348e+01 0.000000000000000000e+00 3.048781180565507398e-01 -1.048757919820175744e-01 0.000000000000000000e+00 1.995000000000000000e+02
-2.800915199294343072e+00 -2.713812825223709524e+01 0.000000000000000000e+00 3.048781180565507398e-01 -1.048757919820175744e-01 0.000000000000000000e+00 1.996000000000000227e+02
-2.770427387488687554e+00 -2.714861583143529344e+01 0.000000000000000000e+00 3.048781180565551807e-01 -1.048757919819820472e-01 0.000000000000000000e+00 1.997000000000000171e+02
-2.740011386896506806e+00 -2.715888276280321278e+01 0.000000000000000000e+00 3.041600059218074747e-01 -1.026693136791934080e-01 0.000000000000000000e+00 1.998000000000000114e+02
-2.709829484065998884e+00 -2.716843040312050306e+01 0.000000000000000000e+00 3.018190283050792289e-01 -9.547640317290273515e-02 0.000000000000000000e+00 1.999000000000000057e+02
-2.679647581235490517e+00 -2.717797804343779333e+01 0.000000000000000000e+00 3.018190283050836697e-01 -9.547640317290273515e-02 0.000000000000000000e+00 2.000000000000000000e+02
-2.649465678404982594e+00 -2.718752568375508361e+01 0.000000000000000000e+00 3.018190283050792289e-01 -9.547640317290273515e-02 0.000000000000000000e+00 2.001000000000000227e+02
-2.619283775574474671e+00 -2.719707332407237388e+01 0.000000000000000000e+00 3.018190283050792289e-01 -9.547640317290273515e-02 0.000000000000000000e+00 2.002000000000000171e+02
-2.589101872743966304e+00 -2.720662096438966415e+01 0.000000000000000000e+00 3.018190283050836697e-01 -9.547640317290273515e-02 0.000000000000000000e+00 2.003000000000000114e+02
-2.558919969913458381e+00 -2.721616860470695443e+01 0.000000000000000000e+00 3.018190283050792289e-01 -9.547640317290273515e-02 0.000000000000000000e+00 2.004000000000000057e+02
-2.528738067082950458e+00 -2.722571624502424470e+01 0.000000000000000000e+00 3.018190283050792289e-01 -9.547640317290273515e-02 0.000000000000000000e+00 2.005000000000000000e+02
-2.500409806234403121e+00 -2.723472091100658687e+01 0.000000000000000000e+00 2.832826084854733750e-01 -9.004665982342174857e-02 0.000000000000000000e+00 2.006000000000000227e+02
-2.472548193593103960e+00 -2.724358888500501408e+01 0.000000000000000000e+00 2.786161264129916049e-01 -8.867973998427203242e-02 0.000000000000000000e+00 2.007000000000000171e+02
-2.444686580951805244e+00 -2.725245685900343773e+01 0.000000000000000000e+00 2.786161264129871640e-01 -8.867973998423650528e-02 0.000000000000000000e+00 2.008000000000000114e+02
-2.416824968310506083e+00 -2.726132483300186493e+01 0.000000000000000000e+00 2.786161264129916049e-01 -8.867973998427203242e-02 0.000000000000000000e+00 2.009000000000000057e+02
-2.388963355669207367e+00 -2.727019280700028858e+01 0.000000000000000000e+00 2.786161264129871640e-01 -8.867973998423650528e-02 0.000000000000000000e+00 2.010000000000000000e+02
-2.361101743027908206e+00 -2.727906078099871579e+01 0.000000000000000000e+00 2.786161264129916049e-01 -8.867973998427203242e-02 0.000000000000000000e+00 2.011000000000000227e+02
-2.333240130386609490e+00 -2.728792875499714299e+01 0.000000000000000000e+00 2.786161264129871640e-01 -8.867973998427203242e-02 0.000000000000000000e+00 2.012000000000000171e+02
-2.305772502510800237e+00 -2.729598506969376004e+01 0.000000000000000000e+00 2.746762787580925291e-01 -8.056314696617050686e-02 0.000000000000000000e+00 2.013000000000000114e+02
-2.278342819637789951e+00 -2.730396321280311156e+01 0.000000000000000000e+00 2.742968287301028596e-01 -7.978143109351520934e-02 0.000000000000000000e+00 2.014000000000000057e+02
-2.250913136764779665e+00 -2.731194135591246308e+01 0.000000000000000000e+00 2.742968287301028596e-01 -7.978143109351520934e-02 0.000000000000000000e+00 2.015000000000000000e+02
-2.223483453891769379e+00 -2.731991949902181105e+01 0.000000000000000000e+00 2.742968287301028596e-01 -7.978143109347968220e-02 0.000000000000000000e+00 2.016000000000000227e+02
-2.196053771018759093e+00 -2.732789764213116257e+01 0.000000000000000000e+00 2.742968287301028596e-01 -7.978143109351520934e-02 0.000000000000000000e+00 2.017000000000000171e+02
-2.168624088145748363e+00 -2.733587578524051409e+01 0.000000000000000000e+00 2.742968287301073005e-01 -7.978143109351520934e-02 0.000000000000000000e+00 2.018000000000000114e+02
-2.140687294268701191e+00 -2.734218333848838967e+01 0.000000000000000000e+00 2.793679387704717243e-01 -6.307553247875574698e-02 0.000000000000000000e+00 2.019000000000000057e+02
-2.108837786245559176e+00 -2.733560112888103788e+01 0.000000000000000000e+00 3.184950802314201468e-01 6.582209607351785507e-02 0.000000000000000000e+00 2.020000000000000000e+02
-2.076988278222416717e+00 -2.732901891927368609e+01 0.000000000000000000e+00 3.184950802314245877e-01 6.582209607351785507e-02 0.000000000000000000e+00 2.021000000000000227e+02
-2.045138770199274703e+00 -2.732243670966633076e+01 0.000000000000000000e+00 3.184950802314201468e-01 6.582209607355338221e-02 0.000000000000000000e+00 2.022000000000000171e+02
-2.013289262176132688e+00 -2.731585450005897897e+01 0.000000000000000000e+00 3.184950802314201468e-01 6.582209607351785507e-02 0.000000000000000000e+00 2.023000000000000114e+02
-1.981439754152990673e+00 -2.730927229045162719e+01 0.000000000000000000e+00 3.184950802314201468e-01 6.582209607351785507e-02 0.000000000000000000e+00 2.024000000000000057e+02
-1.949590246129848659e+00 -2.730269008084427540e+01 0.000000000000000000e+00 3.184950802314201468e-01 6.582209607351785507e-02 0.000000000000000000e+00 2.025000000000000000e+02
-1.917740738106706422e+00 -2.729610787123692361e+01 0.000000000000000000e+00 3.184950802314223672e-01 6.582209607351785507e-02 0.000000000000000000e+00 2.026000000000000227e+02
-1.884923024804251668e+00 -2.728929375154811510e+01 0.000000000000000000e+00 3.281771330245475404e-01 6.814119688808517594e-02 0.000000000000000000e+00 2.027000000000000171e+02
-1.851419935109525294e+00 -2.728231546657498541e+01 0.000000000000000000e+00 3.350308969472637344e-01 6.978284973129689206e-02 0.000000000000000000e+00 2.028000000000000114e+02
-1.817916845414798699e+00 -2.727533718160185572e+01 0.000000000000000000e+00 3.350308969472659548e-01 6.978284973129689206e-02 0.000000000000000000e+00 2.029000000000000057e+02
-1.784413755720072325e+00 -2.726835889662872603e+01 0.000000000000000000e+00 3.350308969472637344e-01 6.978284973129689206e-02 0.000000000000000000e+00 2.030000000000000000e+02
-1.750910666025345952e+00 -2.726138061165559634e+01 0.000000000000000000e+00 3.350308969472637344e-01 6.978284973129689206e-02 0.000000000000000000e+00 2.031000000000000227e+02
-1.717407576330619579e+00 -2.725440232668246665e+01 0.000000000000000000e+00 3.350308969472637344e-01 6.978284973129689206e-02 0.000000000000000000e+00 2.032000000000000171e+02
-1.683904486635892983e+00 -2.724742404170933696e+01 0.000000000000000000e+00 3.350308969472659548e-01 6.978284973129689206e-02 0.000000000000000000e+00 2.033000000000000114e+02
-1.650401396941166610e+00 -2.724044575673620727e+01 0.000000000000000000e+00 3.350308969472637344e-01 6.978284973129689206e-02 0.000000000000000000e+00 2.034000000000000057e+02
-1.616774885733129219e+00 -2.723409391543582458e+01 0.000000000000000000e+00 3.362651120803739069e-01 6.351841300382687905e-02 0.000000000000000000e+00 2.035000000000000000e+02
-1.583059071219961700e+00 -2.722819534592698787e+01 0.000000000000000000e+00 3.371581451316751910e-01 5.898569508836715158e-02 0.000000000000000000e+00 2.036000000000000227e+02
-1.549343256706794181e+00 -2.722229677641815115e+01 0.000000000000000000e+00 3.371581451316751910e-01 5.898569508836715158e-02 0.000000000000000000e+00 2.037000000000000171e+02
-1.515627442193626662e+00 -2.721639820690931444e+01 0.000000000000000000e+00 3.371581451316751910e-01 5.898569508836715158e-02 0.000000000000000000e+00 2.038000000000000114e+02
-1.481911627680459143e+00 -2.721049963740047772e+01 0.000000000000000000e+00 3.371581451316751910e-01 5.898569508836715158e-02 0.000000000000000000e+00 2.039000000000000057e+02
-1.448195813167291846e+00 -2.720460106789164101e+01 0.000000000000000000e+00 3.371581451316729705e-01 5.898569508836715158e-02 0.000000000000000000e+00 2.040000000000000000e+02
-1.414479998654124326e+00 -2.719870249838280785e+01 0.000000000000000000e+00 3.371581451316751910e-01 5.898569508833162445e-02 0.000000000000000000e+00 2.041000000000000227e+02
-1.380764184140956807e+00 -2.719280392887397113e+01 0.000000000000000000e+00 3.371581451316751910e-01 5.898569508836715158e-02 0.000000000000000000e+00 2.042000000000000171e+02
-1.348050017137454315e+00 -2.718932687418424266e+01 0.000000000000000000e+00 3.271416700350249229e-01 3.477054689728475978e-02 0.000000000000000000e+00 2.043000000000000114e+02
-1.320471205064527975e+00 -2.719826470391821971e+01 0.000000000000000000e+00 2.757881207292633974e-01 -8.937829733977054048e-02 0.000000000000000000e+00 2.044000000000000057e+02
-1.292892392991601636e+00 -2.720720253365219321e+01 0.000000000000000000e+00 2.757881207292633974e-01 -8.937829733973501334e-02 0.000000000000000000e+00 2.045000000000000000e+02
-1.265313580918675296e+00 -2.721614036338617026e+01 0.000000000000000000e+00 2.757881207292633974e-01 -8.937829733977054048e-02 0.000000000000000000e+00 2.046000000000000227e+02
-1.237734768845748956e+00 -2.722507819312014377e+01 0.000000000000000000e+00 2.757881207292633974e-01 -8.937829733973501334e-02 0.000000000000000000e+00 2.047000000000000171e+02
-1.210155956772822838e+00 -2.723401602285411727e+01 0.000000000000000000e+00 2.757881207292611769e-01 -8.937829733973501334e-02 0.000000000000000000e+00 2.048000000000000114e+02
-1.182577144699896499e+00 -2.724295385258809432e+01 0.000000000000000000e+00 2.757881207292633974e-01 -8.937829733977054048e-02 0.000000000000000000e+00 2.049000000000000057e+02
-1.157076864381068049e+00 -2.725167103833034687e+01 0.000000000000000000e+00 2.550028031882844992e-01 -8.717185742252553382e-02 0.000000000000000000e+00 2.050000000000000000e+02
-1.133359391066211641e+00 -2.726019897237940626e+01 0.000000000000000000e+00 2.371747331485640764e-01 -8.527934049059382460e-02 0.000000000000000000e+00 2.051000000000000227e+02
-1.109641917751355233e+00 -2.726872690642846564e+01 0.000000000000000000e+00 2.371747331485640764e-01 -8.527934049059382460e-02 0.000000000000000000e+00 2.052000000000000171e+02
-1.085924444436498826e+00 -2.727725484047752502e+01 0.000000000000000000e+00 2.371747331485640764e-01 -8.527934049059382460e-02 0.000000000000000000e+00 2.053000000000000114e+02
-1.062206971121642196e+00 -2.728578277452658085e+01 0.000000000000000000e+00 2.371747331485662968e-01 -8.527934049055829746e-02 0.000000000000000000e+00 2.054000000000000057e+02
-1.038489497806785788e+00 -2.729431070857564023e+01 0.000000000000000000e+00 2.371747331485640764e-01 -8.527934049059382460e-02 0.000000000000000000e+00 2.055000000000000000e+02
-1.016131741698439672e+00 -2.730253981843084077e+01 0.000000000000000000e+00 2.235775610834611626e-01 -8.229109855200533730e-02 0.000000000000000000e+00 2.056000000000000227e+02
-9.941065212378337179e-01 -2.731069584713623044e+01 0.000000000000000000e+00 2.202522046060595429e-01 -8.156028705389672950e-02 0.000000000000000000e+00 2.057000000000000171e+02
-9.720813007772278747e-01 -2.731885187584162367e+01 0.000000000000000000e+00 2.202522046060584326e-01 -8.156028705393225664e-02 0.000000000000000000e+00 2.058000000000000114e+02
-9.500560803166220314e-01 -2.732700790454701334e+01 0.000000000000000000e+00 2.202522046060584326e-01 -8.156028705389672950e-02 0.000000000000000000e+00 2.059000000000000057e+02
-9.280308598560160771e-01 -2.733516393325240657e+01 0.000000000000000000e+00 2.202522046060595429e-01 -8.156028705393225664e-02 0.000000000000000000e+00 2.060000000000000000e+02
-9.053941183264629933e-01 -2.734355886614712716e+01 0.000000000000000000e+00 2.263674152955308383e-01 -8.394932894720597005e-02 0.000000000000000000e+00 2.061000000000000227e+02
-8.808794763922922488e-01 -2.735268744224170590e+01 0.000000000000000000e+00 2.451464193417074444e-01 -9.128576094578733091e-02 0.000000000000000000e+00 2.062000000000000171e+02
-8.563648344581215044e-01 -2.736181601833628818e+01 0.000000000000000000e+00 2.451464193417074444e-01 -9.128576094582285805e-02 0.000000000000000000e+00 2.063000000000000114e+02
-8.318501925239507599e-01 -2.737094459443086691e+01 0.000000000000000000e+00 2.451464193417074444e-01 -9.128576094578733091e-02 0.000000000000000000e+00 2.064000000000000057e+02
-8.073355505897800155e-01 -2.738007317052544920e+01 0.000000000000000000e+00 2.451464193417074444e-01 -9.128576094582285805e-02 0.000000000000000000e+00 2.065000000000000000e+02
-7.828209086556092711e-01 -2.738920174662002793e+01 0.000000000000000000e+00 2.451464193417074444e-01 -9.128576094578733091e-02 0.000000000000000000e+00 2.066000000000000227e+02
-7.577021856993025883e-01 -2.739842950904442631e+01 0.000000000000000000e+00 2.511872295630668273e-01 -9.227762424398378016e-02 0.000000000000000000e+00 2.067000000000000171e+02
-7.295716285630579057e-01 -2.740815179582464012e+01 0.000000000000000000e+00 2.813055713624468268e-01 -9.722286780213806878e-02 0.000000000000000000e+00 2.068000000000000114e+02
-7.014410714268132230e-01 -2.741787408260485392e+01 0.000000000000000000e+00 2.813055713624468268e-01 -9.722286780213806878e-02 0.000000000000000000e+00 2.069000000000000057e+02
-6.733105142905686513e-01 -2.742759636938506418e+01 0.000000000000000000e+00 2.813055713624457166e-01 -9.722286780210254165e-02 0.000000000000000000e+00 2.070000000000000000e+02
-6.451799571543239686e-01 -2.743731865616527799e+01 0.000000000000000000e+00 2.813055713624468268e-01 -9.722286780213806878e-02 0.000000000000000000e+00 2.071000000000000227e+02
-6.170494000180792860e-01 -2.744704094294549179e+01 0.000000000000000000e+00 2.813055713624468268e-01 -9.722286780213806878e-02 0.000000000000000000e+00 2.072000000000000171e+02
-5.889188428818346033e-01 -2.745676322972570205e+01 0.000000000000000000e+00 2.813055713624468268e-01 -9.722286780210254165e-02 0.000000000000000000e+00 2.073000000000000114e+02
-5.589575352984800238e-01 -2.746545659438115550e+01 0.000000000000000000e+00 2.996130758335457944e-01 -8.693364655453450496e-02 0.000000000000000000e+00 2.074000000000000057e+02
-5.232344867066884841e-01 -2.747091173352635352e+01 0.000000000000000000e+00 3.572304859179153969e-01 -5.455139145198018014e-02 0.000000000000000000e+00 2.075000000000000000e+02
-4.875114381148968334e-01 -2.747636687267155509e+01 0.000000000000000000e+00 3.572304859179165071e-01 -5.455139145201570727e-02 0.000000000000000000e+00 2.076000000000000227e+02
-4.517883895231052382e-01 -2.748182201181675666e+01 0.000000000000000000e+00 3.572304859179159520e-01 -5.455139145201570727e-02 0.000000000000000000e+00 2.077000000000000171e+02
-4.160653409313136430e-01 -2.748727715096195823e+01 0.000000000000000000e+00 3.572304859179159520e-01 -5.455139145201570727e-02 0.000000000000000000e+00 2.078000000000000114e+02
-3.803422923395219923e-01 -2.749273229010715980e+01 0.000000000000000000e+00 3.572304859179165071e-01 -5.455139145201570727e-02 0.000000000000000000e+00 2.079000000000000057e+02
-3.446192437477304527e-01 -2.749818742925235782e+01 0.000000000000000000e+00 3.572304859179153969e-01 -5.455139145198018014e-02 0.000000000000000000e+00 2.080000000000000000e+02
-3.088961951559388019e-01 -2.750364256839755939e+01 0.000000000000000000e+00 3.572304859179165071e-01 -5.455139145201570727e-02 0.000000000000000000e+00 2.081000000000000227e+02
-2.731731465641472067e-01 -2.750909770754276096e+01 0.000000000000000000e+00 3.572304859179159520e-01 -5.455139145201570727e-02 0.000000000000000000e+00 2.082000000000000171e+02
-2.392030560322479515e-01 -2.751346035456310801e+01 0.000000000000000000e+00 3.397009053189925520e-01 -4.362647020347054649e-02 0.000000000000000000e+00 2.083000000000000114e+02
-2.068086786545798583e-01 -2.751684097340411128e+01 0.000000000000000000e+00 3.239437737766809322e-01 -3.380618841003268926e-02 0.000000000000000000e+00 2.084000000000000057e+02
-1.744143012769117373e-01 -2.752022159224511100e+01 0.000000000000000000e+00 3.239437737766812098e-01 -3.380618840999716213e-02 0.000000000000000000e+00 2.085000000000000000e+02
-1.420199238992436441e-01 -2.752360221108611071e+01 0.000000000000000000e+00 3.239437737766809322e-01 -3.380618840999716213e-02 0.000000000000000000e+00 2.086000000000000227e+02
-1.096255465215755232e-01 -2.752698282992711398e+01 0.000000000000000000e+00 3.239437737766812098e-01 -3.380618841003268926e-02 0.000000000000000000e+00 2.087000000000000171e+02
-7.723116914390742993e-02 -2.753036344876811370e+01 0.000000000000000000e+00 3.239437737766809322e-01 -3.380618840999716213e-02 0.000000000000000000e+00 2.088000000000000114e+02
-4.483679176623930895e-02 -2.753374406760911342e+01 0.000000000000000000e+00 3.239437737766812098e-01 -3.380618840999716213e-02 0.000000000000000000e+00 2.089000000000000057e+02
-1.244241438857118798e-02 -2.753712468645011668e+01 0.000000000000000000e+00 3.239437737766812098e-01 -3.380618841003268926e-02 0.000000000000000000e+00 2.090000000000000000e+02
1.917388109675789709e-02 -2.753985079954254545e+01 0.000000000000000000e+00 3.161629548532908229e-01 -2.726113092428761320e-02 0.000000000000000000e+00 2.091000000000000227e+02
5.074862131627316114e-02 -2.754254195723936860e+01 0.000000000000000000e+00 3.157474021951526266e-01 -2.691157696823154311e-02 0.000000000000000000e+00 2.092000000000000171e+02
8.232336153578842519e-02 -2.754523311493619531e+01 0.000000000000000000e+00 3.157474021951526266e-01 -2.691157696826707024e-02 0.000000000000000000e+00 2.093000000000000114e+02
1.138981017553036962e-01 -2.754792427263302201e+01 0.000000000000000000e+00 3.157474021951526821e-01 -2.691157696826707024e-02 0.000000000000000000e+00 2.094000000000000057e+02
1.454728419748189672e-01 -2.755061543032984517e+01 0.000000000000000000e+00 3.157474021951526821e-01 -2.691157696823154311e-02 0.000000000000000000e+00 2.095000000000000000e+02
1.770475821943342243e-01 -2.755330658802667188e+01 0.000000000000000000e+00 3.157474021951525711e-01 -2.691157696826707024e-02 0.000000000000000000e+00 2.096000000000000227e+02
2.086223224138495091e-01 -2.755599774572349858e+01 0.000000000000000000e+00 3.157474021951528487e-01 -2.691157696826707024e-02 0.000000000000000000e+00 2.097000000000000171e+02
2.409360101730427250e-01 -2.755859276153964288e+01 0.000000000000000000e+00 3.231368775919321590e-01 -2.595015816144297105e-02 0.000000000000000000e+00 2.098000000000000114e+02
2.738791498355337972e-01 -2.756110588156951380e+01 0.000000000000000000e+00 3.294313966249107217e-01 -2.513120029870918870e-02 0.000000000000000000e+00 2.099000000000000057e+02
3.068222894980249249e-01 -2.756361900159938116e+01 0.000000000000000000e+00 3.294313966249112768e-01 -2.513120029867366156e-02 0.000000000000000000e+00 2.100000000000000000e+02
3.397654291605159971e-01 -2.756613212162924853e+01 0.000000000000000000e+00 3.294313966249107217e-01 -2.513120029867366156e-02 0.000000000000000000e+00 2.101000000000000227e+02
3.727085688230070692e-01 -2.756864524165911945e+01 0.000000000000000000e+00 3.294313966249107217e-01 -2.513120029870918870e-02 0.000000000000000000e+00 2.102000000000000171e+02
4.056517084854981414e-01 -2.757115836168898682e+01 0.000000000000000000e+00 3.294313966249107217e-01 -2.513120029867366156e-02 0.000000000000000000e+00 2.103000000000000114e+02
4.385948481479892136e-01 -2.757367148171885418e+01 0.000000000000000000e+00 3.294313966249107217e-01 -2.513120029867366156e-02 0.000000000000000000e+00 2.104000000000000057e+02
4.715379878104802858e-01 -2.757618460174872510e+01 0.000000000000000000e+00 3.294313966249107217e-01 -2.513120029870918870e-02 0.000000000000000000e+00 2.105000000000000000e+02
5.029027961203097474e-01 -2.757898955062612956e+01 0.000000000000000000e+00 3.136480830982946166e-01 -2.804948877404456198e-02 0.000000000000000000e+00 2.106000000000000227e+02
5.338758697304528678e-01 -2.758186693010294732e+01 0.000000000000000000e+00 3.097307361014312033e-01 -2.877379476817765180e-02 0.000000000000000000e+00 2.107000000000000171e+02
5.648489433405959881e-01 -2.758474430957976864e+01 0.000000000000000000e+00 3.097307361014312033e-01 -2.877379476821317894e-02 0.000000000000000000e+00 2.108000000000000114e+02
5.958220169507391084e-01 -2.758762168905658996e+01 0.000000000000000000e+00 3.097307361014312033e-01 -2.877379476821317894e-02 0.000000000000000000e+00 2.109000000000000057e+02
6.267950905608823398e-01 -2.759049906853340772e+01 0.000000000000000000e+00 3.097307361014323135e-01 -2.877379476817765180e-02 0.000000000000000000e+00 2.110000000000000000e+02
6.577681641710254601e-01 -2.759337644801022904e+01 0.000000000000000000e+00 3.097307361014312033e-01 -2.877379476821317894e-02 0.000000000000000000e+00 2.111000000000000227e+02
6.887412377811685804e-01 -2.759625382748705036e+01 0.000000000000000000e+00 3.097307361014312033e-01 -2.877379476821317894e-02 0.000000000000000000e+00 2.112000000000000171e+02
7.198248554197506088e-01 -2.759867034066533975e+01 0.000000000000000000e+00 3.108361763858202842e-01 -2.416513178289392272e-02 0.000000000000000000e+00 2.113000000000000114e+02
7.509981264333347450e-01 -2.760071308223722042e+01 0.000000000000000000e+00 3.117327101358413621e-01 -2.042741571880668516e-02 0.000000000000000000e+00 2.114000000000000057e+02
7.821713974469187702e-01 -2.760275582380910464e+01 0.000000000000000000e+00 3.117327101358402519e-01 -2.042741571884221230e-02 0.000000000000000000e+00 2.115000000000000000e+02
8.133446684605029064e-01 -2.760479856538098886e+01 0.000000000000000000e+00 3.117327101358413621e-01 -2.042741571884221230e-02 0.000000000000000000e+00 2.116000000000000227e+02
8.445179394740869316e-01 -2.760684130695287308e+01 0.000000000000000000e+00 3.117327101358402519e-01 -2.042741571884221230e-02 0.000000000000000000e+00 2.117000000000000171e+02
8.756912104876710679e-01 -2.760888404852475730e+01 0.000000000000000000e+00 3.117327101358413621e-01 -2.042741571884221230e-02 0.000000000000000000e+00 2.118000000000000114e+02
9.068644815012550930e-01 -2.761092679009664153e+01 0.000000000000000000e+00 3.117327101358402519e-01 -2.042741571884221230e-02 0.000000000000000000e+00 2.119000000000000057e+02
9.371893322738702459e-01 -2.761029049932666979e+01 0.000000000000000000e+00 3.032485077261515283e-01 6.362907699717368359e-03 0.000000000000000000e+00 2.120000000000000000e+02
9.649137353218354418e-01 -2.760144284911331525e+01 0.000000000000000000e+00 2.772440304796519595e-01 8.847650213354540938e-02 0.000000000000000000e+00 2.121000000000000227e+02
9.926381383698005267e-01 -2.759259519889995715e+01 0.000000000000000000e+00 2.772440304796508492e-01 8.847650213358093652e-02 0.000000000000000000e+00 2.122000000000000171e+02
1.020362541417765723e+00 -2.758374754868659906e+01 0.000000000000000000e+00 2.772440304796519595e-01 8.847650213358093652e-02 0.000000000000000000e+00 2.123000000000000114e+02
1.048086944465730808e+00 -2.757489989847324452e+01 0.000000000000000000e+00 2.772440304796508492e-01 8.847650213354540938e-02 0.000000000000000000e+00 2.124000000000000057e+02
1.075811347513696115e+00 -2.756605224825988643e+01 0.000000000000000000e+00 2.772440304796530697e-01 8.847650213358093652e-02 0.000000000000000000e+00 2.125000000000000000e+02
1.103535750561661199e+00 -2.755720459804652833e+01 0.000000000000000000e+00 2.772440304796508492e-01 8.847650213358093652e-02 0.000000000000000000e+00 2.126000000000000227e+02
1.130488506064750043e+00 -2.754834926180588894e+01 0.000000000000000000e+00 2.695275550308884327e-01 8.855336240639388734e-02 0.000000000000000000e+00 2.127000000000000171e+02
1.156151861446935936e+00 -2.753948108244201975e+01 0.000000000000000000e+00 2.566335538218589285e-01 8.868179363869188592e-02 0.000000000000000000e+00 2.128000000000000114e+02
1.181815216829122051e+00 -2.753061290307815057e+01 0.000000000000000000e+00 2.566335538218611489e-01 8.868179363869188592e-02 0.000000000000000000e+00 2.129000000000000057e+02
1.207478572211307943e+00 -2.752174472371427782e+01 0.000000000000000000e+00 2.566335538218589285e-01 8.868179363872741305e-02 0.000000000000000000e+00 2.130000000000000000e+02
1.233141927593493836e+00 -2.751287654435040864e+01 0.000000000000000000e+00 2.566335538218589285e-01 8.868179363869188592e-02 0.000000000000000000e+00 2.131000000000000227e+02
1.258805282975679951e+00 -2.750400836498653945e+01 0.000000000000000000e+00 2.566335538218611489e-01 8.868179363869188592e-02 0.000000000000000000e+00 2.132000000000000171e+02
1.284468638357865844e+00 -2.749514018562267026e+01 0.000000000000000000e+00 2.566335538218589285e-01 8.868179363869188592e-02 0.000000000000000000e+00 2.133000000000000114e+02
1.311131336351141208e+00 -2.748575732207136113e+01 0.000000000000000000e+00 2.666269799327536383e-01 9.382863551309128525e-02 0.000000000000000000e+00 2.134000000000000057e+02
1.337825534463819022e+00 -2.747635823524168686e+01 0.000000000000000000e+00 2.669419811267781384e-01 9.399086829674274668e-02 0.000000000000000000e+00 2.135000000000000000e+02
1.364519732576496613e+00 -2.746695914841201613e+01 0.000000000000000000e+00 2.669419811267759179e-01 9.399086829670721954e-02 0.000000000000000000e+00 2.136000000000000227e+02
1.391213930689174427e+00 -2.745756006158234541e+01 0.000000000000000000e+00 2.669419811267781384e-01 9.399086829670721954e-02 0.000000000000000000e+00 2.137000000000000171e+02
1.417908128801852019e+00 -2.744816097475267469e+01 0.000000000000000000e+00 2.669419811267759179e-01 9.399086829670721954e-02 0.000000000000000000e+00 2.138000000000000114e+02
1.444602326914529833e+00 -2.743876188792300042e+01 0.000000000000000000e+00 2.669419811267781384e-01 9.399086829674274668e-02 0.000000000000000000e+00 2.139000000000000057e+02
1.472352716351870816e+00 -2.742895673105535082e+01 0.000000000000000000e+00 2.775038943734098318e-01 9.805156867649600372e-02 0.000000000000000000e+00 2.140000000000000000e+02
1.502181234620606931e+00 -2.741835260355257020e+01 0.000000000000000000e+00 2.982851826873611500e-01 1.060412750278061367e-01 0.000000000000000000e+00 2.141000000000000227e+02
1.532009752889343268e+00 -2.740774847604978603e+01 0.000000000000000000e+00 2.982851826873633705e-01 1.060412750278416638e-01 0.000000000000000000e+00 2.142000000000000171e+02
1.561838271158079383e+00 -2.739714434854700542e+01 0.000000000000000000e+00 2.982851826873611500e-01 1.060412750278061367e-01 0.000000000000000000e+00 2.143000000000000114e+02
1.591666789426815498e+00 -2.738654022104422481e+01 0.000000000000000000e+00 2.982851826873611500e-01 1.060412750278061367e-01 0.000000000000000000e+00 2.144000000000000057e+02
1.621495307695551613e+00 -2.737593609354144064e+01 0.000000000000000000e+00 2.982851826873611500e-01 1.060412750278416638e-01 0.000000000000000000e+00 2.145000000000000000e+02
1.651323825964287728e+00 -2.736533196603866003e+01 0.000000000000000000e+00 2.982851826873611500e-01 1.060412750278061367e-01 0.000000000000000000e+00 2.146000000000000227e+02
1.681152344233023843e+00 -2.735472783853587586e+01 0.000000000000000000e+00 2.982851826873611500e-01 1.060412750278416638e-01 0.000000000000000000e+00 2.147000000000000171e+02
1.709663568981137249e+00 -2.734518099962331306e+01 0.000000000000000000e+00 2.851122474811340624e-01 9.546838912562805035e-02 0.000000000000000000e+00 2.148000000000000114e+02
1.738065016009391117e+00 -2.733572227070965610e+01 0.000000000000000000e+00 2.840144702825386780e-01 9.458728913656955228e-02 0.000000000000000000e+00 2.149000000000000057e+02
1.766466463037644985e+00 -2.732626354179600270e+01 0.000000000000000000e+00 2.840144702825386780e-01 9.458728913653402515e-02 0.000000000000000000e+00 2.150000000000000000e+02
1.794867910065899075e+00 -2.731680481288234930e+01 0.000000000000000000e+00 2.840144702825408984e-01 9.458728913653402515e-02 0.000000000000000000e+00 2.151000000000000227e+02
1.823269357094152943e+00 -2.730734608396869589e+01 0.000000000000000000e+00 2.840144702825386780e-01 9.458728913653402515e-02 0.000000000000000000e+00 2.152000000000000171e+02
1.851670804122406810e+00 -2.729788735505504249e+01 0.000000000000000000e+00 2.840144702825386780e-01 9.458728913653402515e-02 0.000000000000000000e+00 2.153000000000000114e+02
1.880072251150660678e+00 -2.728842862614138909e+01 0.000000000000000000e+00 2.840144702825386780e-01 9.458728913653402515e-02 0.000000000000000000e+00 2.154000000000000057e+02
1.906824024500139547e+00 -2.728530312095474386e+01 0.000000000000000000e+00 2.675177334947886898e-01 3.125505186645227695e-02 0.000000000000000000e+00 2.155000000000000000e+02
1.933404633830541286e+00 -2.728283472755982686e+01 0.000000000000000000e+00 2.658060933040173879e-01 2.468393394917001160e-02 0.000000000000000000e+00 2.156000000000000227e+02
1.959985243160943025e+00 -2.728036633416491341e+01 0.000000000000000000e+00 2.658060933040173879e-01 2.468393394913448446e-02 0.000000000000000000e+00 2.157000000000000171e+02
1.986565852491344986e+00 -2.727789794076999641e+01 0.000000000000000000e+00 2.658060933040196083e-01 2.468393394917001160e-02 0.000000000000000000e+00 2.158000000000000114e+02
2.013146461821746946e+00 -2.727542954737507941e+01 0.000000000000000000e+00 2.658060933040196083e-01 2.468393394917001160e-02 0.000000000000000000e+00 2.159000000000000057e+02
2.039727071152148685e+00 -2.727296115398016596e+01 0.000000000000000000e+00 2.658060933040173879e-01 2.468393394913448446e-02 0.000000000000000000e+00 2.160000000000000000e+02
2.066131720286884743e+00 -2.727035507992028585e+01 0.000000000000000000e+00 2.640464913473605790e-01 2.606074059880114646e-02 0.000000000000000000e+00 2.161000000000000227e+02
2.092446019586370554e+00 -2.726767831131866870e+01 0.000000000000000000e+00 2.631429929948581048e-01 2.676768601617141030e-02 0.000000000000000000e+00 2.162000000000000171e+02
2.118760318885856808e+00 -2.726500154271705156e+01 0.000000000000000000e+00 2.631429929948625457e-01 2.676768601617141030e-02 0.000000000000000000e+00 2.163000000000000114e+02
2.145074618185342619e+00 -2.726232477411543442e+01 0.000000000000000000e+00 2.631429929948581048e-01 2.676768601617141030e-02 0.000000000000000000e+00 2.164000000000000057e+02
2.171388917484828873e+00 -2.725964800551381728e+01 0.000000000000000000e+00 2.631429929948625457e-01 2.676768601617141030e-02 0.000000000000000000e+00 2.165000000000000000e+02
2.197703216784314684e+00 -2.725697123691220014e+01 0.000000000000000000e+00 2.631429929948581048e-01 2.676768601617141030e-02 0.000000000000000000e+00 2.166000000000000227e+02
2.224130219323481761e+00 -2.725418038496324158e+01 0.000000000000000000e+00 2.642700253916707709e-01 2.790851948958561479e-02 0.000000000000000000e+00 2.167000000000000171e+02
2.250687640518777677e+00 -2.725125751731633983e+01 0.000000000000000000e+00 2.655742119529591605e-01 2.922867646901750049e-02 0.000000000000000000e+00 2.168000000000000114e+02
2.277245061714074037e+00 -2.724833464966943453e+01 0.000000000000000000e+00 2.655742119529636014e-01 2.922867646905302763e-02 0.000000000000000000e+00 2.169000000000000057e+02
2.303802482909369953e+00 -2.724541178202253278e+01 0.000000000000000000e+00 2.655742119529591605e-01 2.922867646901750049e-02 0.000000000000000000e+00 2.170000000000000000e+02
2.330359904104666313e+00 -2.724248891437563103e+01 0.000000000000000000e+00 2.655742119529636014e-01 2.922867646901750049e-02 0.000000000000000000e+00 2.171000000000000227e+02
2.356917325299962229e+00 -2.723956604672872572e+01 0.000000000000000000e+00 2.655742119529591605e-01 2.922867646905302763e-02 0.000000000000000000e+00 2.172000000000000171e+02
2.383542062440856757e+00 -2.723661723188082462e+01 0.000000000000000000e+00 2.662473714089452770e-01 2.948814847901104486e-02 0.000000000000000000e+00 2.173000000000000114e+02
2.410414598977261846e+00 -2.723357290176286938e+01 0.000000000000000000e+00 2.687253653640508944e-01 3.044330117955240667e-02 0.000000000000000000e+00 2.174000000000000057e+02
2.437287135513667380e+00 -2.723052857164491414e+01 0.000000000000000000e+00 2.687253653640553352e-01 3.044330117955240667e-02 0.000000000000000000e+00 2.175000000000000000e+02
2.464159672050072469e+00 -2.722748424152695890e+01 0.000000000000000000e+00 2.687253653640508944e-01 3.044330117955240667e-02 0.000000000000000000e+00 2.176000000000000227e+02
2.491032208586477559e+00 -2.722443991140900010e+01 0.000000000000000000e+00 2.687253653640508944e-01 3.044330117958793380e-02 0.000000000000000000e+00 2.177000000000000171e+02
2.517904745122882648e+00 -2.722139558129104486e+01 0.000000000000000000e+00 2.687253653640508944e-01 3.044330117955240667e-02 0.000000000000000000e+00 2.178000000000000114e+02
2.544777281659287738e+00 -2.721835125117308962e+01 0.000000000000000000e+00 2.687253653640508944e-01 3.044330117955240667e-02 0.000000000000000000e+00 2.179000000000000057e+02
2.574302856582396881e+00 -2.721502177814887347e+01 0.000000000000000000e+00 2.952557492310914355e-01 3.329473024216156318e-02 0.000000000000000000e+00 2.180000000000000000e+02
2.604149511130002370e+00 -2.721165779617155422e+01 0.000000000000000000e+00 2.984665454760548897e-01 3.363981977319241423e-02 0.000000000000000000e+00 2.181000000000000227e+02
2.633996165677607859e+00 -2.720829381419423498e+01 0.000000000000000000e+00 2.984665454760548897e-01 3.363981977319241423e-02 0.000000000000000000e+00 2.182000000000000171e+02
2.663842820225213348e+00 -2.720492983221691219e+01 0.000000000000000000e+00 2.984665454760548897e-01 3.363981977322794137e-02 0.000000000000000000e+00 2.183000000000000114e+02
2.693689474772818837e+00 -2.720156585023959295e+01 0.000000000000000000e+00 2.984665454760548897e-01 3.363981977319241423e-02 0.000000000000000000e+00 2.184000000000000057e+02
2.723536129320424326e+00 -2.719820186826227371e+01 0.000000000000000000e+00 2.984665454760548897e-01 3.363981977319241423e-02 0.000000000000000000e+00 2.185000000000000000e+02
2.753382783868029815e+00 -2.719483788628495446e+01 0.000000000000000000e+00 2.984665454760548897e-01 3.363981977319241423e-02 0.000000000000000000e+00 2.186000000000000227e+02
2.785624279323232866e+00 -2.719145237608525889e+01 0.000000000000000000e+00 3.224149545520305082e-01 3.385510199695573874e-02 0.000000000000000000e+00 2.187000000000000171e+02
2.818172786722104028e+00 -2.718806410602732981e+01 0.000000000000000000e+00 3.254850739887116262e-01 3.388270057929076984e-02 0.000000000000000000e+00 2.188000000000000114e+02
2.850721294120975635e+00 -2.718467583596940074e+01 0.000000000000000000e+00 3.254850739887160671e-01 3.388270057929076984e-02 0.000000000000000000e+00 2.189000000000000057e+02
2.883269801519846798e+00 -2.718128756591147521e+01 0.000000000000000000e+00 3.254850739887116262e-01 3.388270057925524270e-02 0.000000000000000000e+00 2.190000000000000000e+02
2.915818308918718404e+00 -2.717789929585354614e+01 0.000000000000000000e+00 3.254850739887160671e-01 3.388270057929076984e-02 0.000000000000000000e+00 2.191000000000000227e+02
2.948366816317589567e+00 -2.717451102579561706e+01 0.000000000000000000e+00 3.254850739887116262e-01 3.388270057929076984e-02 0.000000000000000000e+00 2.192000000000000171e+02
2.980915323716461174e+00 -2.717112275573769153e+01 0.000000000000000000e+00 3.254850739887160671e-01 3.388270057925524270e-02 0.000000000000000000e+00 2.193000000000000114e+02
3.013381177947433098e+00 -2.716711459146485552e+01 0.000000000000000000e+00 3.246585423097192447e-01 4.008164272836012287e-02 0.000000000000000000e+00 2.194000000000000057e+02
3.045646932926155070e+00 -2.716160569380176426e+01 0.000000000000000000e+00 3.226575497872197218e-01 5.508897663091261165e-02 0.000000000000000000e+00 2.195000000000000000e+02
3.077912687904877043e+00 -2.715609679613867300e+01 0.000000000000000000e+00 3.226575497872197218e-01 5.508897663091261165e-02 0.000000000000000000e+00 2.196000000000000227e+02
3.110178442883599015e+00 -2.715058789847558529e+01 0.000000000000000000e+00 3.226575497872197218e-01 5.508897663087708452e-02 0.000000000000000000e+00 2.197000000000000171e+02
3.142444197862320987e+00 -2.714507900081249403e+01 0.000000000000000000e+00 3.226575497872197218e-01 5.508897663091261165e-02 0.000000000000000000e+00 2.198000000000000114e+02
3.174709952841042959e+00 -2.713957010314940277e+01 0.000000000000000000e+00 3.226575497872197218e-01 5.508897663091261165e-02 0.000000000000000000e+00 2.199000000000000057e+02
3.206975707819764487e+00 -2.713406120548631506e+01 0.000000000000000000e+00 3.226575497872152809e-01 5.508897663087708452e-02 0.000000000000000000e+00 2.200000000000000000e+02
3.239241462798486459e+00 -2.712855230782322380e+01 0.000000000000000000e+00 3.226575497872197218e-01 5.508897663091261165e-02 0.000000000000000000e+00 2.201000000000000227e+02
3.262207721358171053e+00 -2.711221907797606079e+01 0.000000000000000000e+00 2.296625855968459362e-01 1.633322984716301107e-01 0.000000000000000000e+00 2.202000000000000171e+02
3.281362462051098383e+00 -2.709144935676890853e+01 0.000000000000000000e+00 1.915474069292733006e-01 2.076972120715225856e-01 0.000000000000000000e+00 2.203000000000000114e+02
3.300517202744025713e+00 -2.707067963556175627e+01 0.000000000000000000e+00 1.915474069292733006e-01 2.076972120715225856e-01 0.000000000000000000e+00 2.204000000000000057e+02
3.319671943436953487e+00 -2.704990991435460401e+01 0.000000000000000000e+00 1.915474069292777415e-01 2.076972120715225856e-01 0.000000000000000000e+00 2.205000000000000000e+02
3.338826684129880817e+00 -2.702914019314745175e+01 0.000000000000000000e+00 1.915474069292733006e-01 2.076972120715225856e-01 0.000000000000000000e+00 2.206000000000000227e+02
3.357981424822808147e+00 -2.700837047194029950e+01 0.000000000000000000e+00 1.915474069292733006e-01 2.076972120715225856e-01 0.000000000000000000e+00 2.207000000000000171e+02
3.377136165515735478e+00 -2.698760075073314724e+01 0.000000000000000000e+00 1.915474069292733006e-01 2.076972120715225856e-01 0.000000000000000000e+00 2.208000000000000114e+02
3.397281296597057576e+00 -2.696390098204983943e+01 0.000000000000000000e+00 2.014513108132209851e-01 2.369976868330780917e-01 0.000000000000000000e+00 2.209000000000000057e+02
3.417550136835894925e+00 -2.693983522263297203e+01 0.000000000000000000e+00 2.026884023883734898e-01 2.406575941686739384e-01 0.000000000000000000e+00 2.210000000000000000e+02
3.437818977074732274e+00 -2.691576946321610819e+01 0.000000000000000000e+00 2.026884023883734898e-01 2.406575941686384112e-01 0.000000000000000000e+00 2.211000000000000227e+02
3.458087817313570067e+00 -2.689170370379924080e+01 0.000000000000000000e+00 2.026884023883779307e-01 2.406575941686739384e-01 0.000000000000000000e+00 2.212000000000000171e+02
3.478356657552407416e+00 -2.686763794438237696e+01 0.000000000000000000e+00 2.026884023883734898e-01 2.406575941686384112e-01 0.000000000000000000e+00 2.213000000000000114e+02
3.498625497791244765e+00 -2.684357218496550956e+01 0.000000000000000000e+00 2.026884023883734898e-01 2.406575941686739384e-01 0.000000000000000000e+00 2.214000000000000057e+02
3.518894338030082558e+00 -2.681950642554864572e+01 0.000000000000000000e+00 2.026884023883779307e-01 2.406575941686384112e-01 0.000000000000000000e+00 2.215000000000000000e+02
3.539466266439744047e+00 -2.679476365330242871e+01 0.000000000000000000e+00 2.057192840966148850e-01 2.474277224621701521e-01 0.000000000000000000e+00 2.216000000000000227e+02
3.560423364940298097e+00 -2.676916052054690454e+01 0.000000000000000000e+00 2.095709850055404999e-01 2.560313275552417167e-01 0.000000000000000000e+00 2.217000000000000171e+02
3.581380463440851702e+00 -2.674355738779138392e+01 0.000000000000000000e+00 2.095709850055360590e-01 2.560313275552061896e-01 0.000000000000000000e+00 2.218000000000000114e+02
3.602337561941405308e+00 -2.671795425503585975e+01 0.000000000000000000e+00 2.095709850055360590e-01 2.560313275552417167e-01 0.000000000000000000e+00 2.219000000000000057e+02
3.623294660441959358e+00 -2.669235112228033557e+01 0.000000000000000000e+00 2.095709850055404999e-01 2.560313275552417167e-01 0.000000000000000000e+00 2.220000000000000000e+02
3.644251758942512964e+00 -2.666674798952481140e+01 0.000000000000000000e+00 2.095709850055360590e-01 2.560313275552417167e-01 0.000000000000000000e+00 2.221000000000000227e+02
3.665208857443067014e+00 -2.664114485676928723e+01 0.000000000000000000e+00 2.095709850055404999e-01 2.560313275552417167e-01 0.000000000000000000e+00 2.222000000000000171e+02
3.686165955943620620e+00 -2.661554172401376306e+01 0.000000000000000000e+00 2.095709850055360590e-01 2.560313275552417167e-01 0.000000000000000000e+00 2.223000000000000114e+02
3.705478903404844537e+00 -2.659181275407769718e+01 0.000000000000000000e+00 1.931294746122391714e-01 2.372896993606588012e-01 0.000000000000000000e+00 2.224000000000000057e+02
3.723946767728130602e+00 -2.656904709186615321e+01 0.000000000000000000e+00 1.846786432328606509e-01 2.276566221154396885e-01 0.000000000000000000e+00 2.225000000000000000e+02
3.742414632051417112e+00 -2.654628142965460924e+01 0.000000000000000000e+00 1.846786432328650918e-01 2.276566221154396885e-01 0.000000000000000000e+00 2.226000000000000227e+02
3.760882496374703621e+00 -2.652351576744306527e+01 0.000000000000000000e+00 1.846786432328650918e-01 2.276566221154396885e-01 0.000000000000000000e+00 2.227000000000000171e+02
3.779350360697990130e+00 -2.650075010523152130e+01 0.000000000000000000e+00 1.846786432328650918e-01 2.276566221154396885e-01 0.000000000000000000e+00 2.228000000000000114e+02
3.797818225021276639e+00 -2.647798444301997378e+01 0.000000000000000000e+00 1.846786432328650918e-01 2.276566221154752157e-01 0.000000000000000000e+00 2.229000000000000057e+02
3.816286089344563148e+00 -2.645521878080842981e+01 0.000000000000000000e+00 1.846786432328650918e-01 2.276566221154396885e-01 0.000000000000000000e+00 2.230000000000000000e+02
3.834784209955174994e+00 -2.643232438142056751e+01 0.000000000000000000e+00 1.849812061061184565e-01 2.289439938786230755e-01 0.000000000000000000e+00 2.231000000000000227e+02
3.853289891392724709e+00 -2.640939781154528632e+01 0.000000000000000000e+00 1.850568143754971473e-01 2.292656987528118862e-01 0.000000000000000000e+00 2.232000000000000171e+02
3.871795572830274423e+00 -2.638647124167000868e+01 0.000000000000000000e+00 1.850568143754971473e-01 2.292656987527763590e-01 0.000000000000000000e+00 2.233000000000000114e+02
3.890301254267824582e+00 -2.636354467179472749e+01 0.000000000000000000e+00 1.850568143755015882e-01 2.292656987528118862e-01 0.000000000000000000e+00 2.234000000000000057e+02
3.908806935705374297e+00 -2.634061810191944986e+01 0.000000000000000000e+00 1.850568143754971473e-01 2.292656987527763590e-01 0.000000000000000000e+00 2.235000000000000000e+02
3.927312617142924456e+00 -2.631769153204416867e+01 0.000000000000000000e+00 1.850568143755015882e-01 2.292656987528118862e-01 0.000000000000000000e+00 2.236000000000000227e+02
3.945818298580474170e+00 -2.629476496216888748e+01 0.000000000000000000e+00 1.850568143754971473e-01 2.292656987528118862e-01 0.000000000000000000e+00 2.237000000000000171e+02
3.966422413726030438e+00 -2.626903176095871473e+01 0.000000000000000000e+00 2.060411514555626766e-01 2.573320121017275142e-01 0.000000000000000000e+00 2.238000000000000114e+02
3.987191960814218561e+00 -2.624307729639759046e+01 0.000000000000000000e+00 2.076954708818812279e-01 2.595446456112426858e-01 0.000000000000000000e+00 2.239000000000000057e+02
4.007961507902407128e+00 -2.621712283183646619e+01 0.000000000000000000e+00 2.076954708818856687e-01 2.595446456112426858e-01 0.000000000000000000e+00 2.240000000000000000e+02
4.028731054990594806e+00 -2.619116836727534192e+01 0.000000000000000000e+00 2.076954708818767870e-01 2.595446456112426858e-01 0.000000000000000000e+00 2.241000000000000227e+02
4.049500602078783373e+00 -2.616521390271421765e+01 0.000000000000000000e+00 2.076954708818856687e-01 2.595446456112426858e-01 0.000000000000000000e+00 2.242000000000000171e+02
4.070270149166971052e+00 -2.613925943815309338e+01 0.000000000000000000e+00 2.076954708818767870e-01 2.595446456112426858e-01 0.000000000000000000e+00 2.243000000000000114e+02
4.091039696255159619e+00 -2.611330497359196912e+01 0.000000000000000000e+00 2.076954708818856687e-01 2.595446456112426858e-01 0.000000000000000000e+00 2.244000000000000057e+02
4.112015593215450515e+00 -2.608706222645531980e+01 0.000000000000000000e+00 2.097589696029089623e-01 2.624274713664931369e-01 0.000000000000000000e+00 2.245000000000000000e+02
4.134212483214799505e+00 -2.605911368219648239e+01 0.000000000000000000e+00 2.219688999934898987e-01 2.794854425883741555e-01 0.000000000000000000e+00 2.246000000000000227e+02
4.156409373214148495e+00 -2.603116513793764497e+01 0.000000000000000000e+00 2.219688999934898987e-01 2.794854425883741555e-01 0.000000000000000000e+00 2.247000000000000171e+02
4.178606263213497485e+00 -2.600321659367880756e+01 0.000000000000000000e+00 2.219688999934898987e-01 2.794854425883741555e-01 0.000000000000000000e+00 2.248000000000000114e+02
4.200803153212847363e+00 -2.597526804941996659e+01 0.000000000000000000e+00 2.219688999934987805e-01 2.794854425884096827e-01 0.000000000000000000e+00 2.249000000000000057e+02
4.223000043212196353e+00 -2.594731950516112917e+01 0.000000000000000000e+00 2.219688999934898987e-01 2.794854425883741555e-01 0.000000000000000000e+00 2.250000000000000000e+02
4.245196933211545343e+00 -2.591937096090229176e+01 0.000000000000000000e+00 2.219688999934898987e-01 2.794854425883741555e-01 0.000000000000000000e+00 2.251000000000000227e+02
4.267393823210894332e+00 -2.589142241664345434e+01 0.000000000000000000e+00 2.219688999934898987e-01 2.794854425883741555e-01 0.000000000000000000e+00 2.252000000000000171e+02
4.289590713210244211e+00 -2.586347387238461693e+01 0.000000000000000000e+00 2.219688999934987805e-01 2.794854425883741555e-01 0.000000000000000000e+00 2.253000000000000114e+02
4.311282843881817151e+00 -2.583642538521096554e+01 0.000000000000000000e+00 2.169213067157294006e-01 2.704848717365138100e-01 0.000000000000000000e+00 2.254000000000000057e+02
4.332882563815934951e+00 -2.580954167941809985e+01 0.000000000000000000e+00 2.159971993411780034e-01 2.688370579286569750e-01 0.000000000000000000e+00 2.255000000000000000e+02
4.354482283750051863e+00 -2.578265797362523415e+01 0.000000000000000000e+00 2.159971993411691216e-01 2.688370579286569750e-01 0.000000000000000000e+00 2.256000000000000227e+02
4.376082003684169663e+00 -2.575577426783237200e+01 0.000000000000000000e+00 2.159971993411780034e-01 2.688370579286214479e-01 0.000000000000000000e+00 2.257000000000000171e+02
4.397681723618286576e+00 -2.572889056203950631e+01 0.000000000000000000e+00 2.159971993411691216e-01 2.688370579286569750e-01 0.000000000000000000e+00 2.258000000000000114e+02
4.419281443552403488e+00 -2.570200685624664061e+01 0.000000000000000000e+00 2.159971993411691216e-01 2.688370579286569750e-01 0.000000000000000000e+00 2.259000000000000057e+02
4.440881163486521288e+00 -2.567512315045377491e+01 0.000000000000000000e+00 2.159971993411780034e-01 2.688370579286569750e-01 0.000000000000000000e+00 2.260000000000000000e+02
4.462480883420638200e+00 -2.564823944466091277e+01 0.000000000000000000e+00 2.159971993411691216e-01 2.688370579286214479e-01 0.000000000000000000e+00 2.261000000000000227e+02
4.482079973312259824e+00 -2.562094771382543357e+01 0.000000000000000000e+00 1.959908989162162385e-01 2.729173083547919987e-01 0.000000000000000000e+00 2.262000000000000171e+02
4.501484094534625946e+00 -2.559361621946651510e+01 0.000000000000000000e+00 1.940412122236612191e-01 2.733149435891846224e-01 0.000000000000000000e+00 2.263000000000000114e+02
4.520888215756992068e+00 -2.556628472510760020e+01 0.000000000000000000e+00 1.940412122236612191e-01 2.733149435891490953e-01 0.000000000000000000e+00 2.264000000000000057e+02
4.540292336979358190e+00 -2.553895323074868529e+01 0.000000000000000000e+00 1.940412122236612191e-01 2.733149435891490953e-01 0.000000000000000000e+00 2.265000000000000000e+02
4.559696458201724312e+00 -2.551162173638977038e+01 0.000000000000000000e+00 1.940412122236612191e-01 2.733149435891490953e-01 0.000000000000000000e+00 2.266000000000000227e+02
4.579100579424090434e+00 -2.548429024203085191e+01 0.000000000000000000e+00 1.940412122236612191e-01 2.733149435891846224e-01 0.000000000000000000e+00 2.267000000000000171e+02
4.598504700646455667e+00 -2.545695874767193700e+01 0.000000000000000000e+00 1.940412122236523373e-01 2.733149435891490953e-01 0.000000000000000000e+00 2.268000000000000114e+02
4.617442029683950011e+00 -2.542939923551674042e+01 0.000000000000000000e+00 1.893732903749434371e-01 2.755951215519658604e-01 0.000000000000000000e+00 2.269000000000000057e+02
4.619230165566055035e+00 -2.539346271672340905e+01 0.000000000000000000e+00 1.788135882105024166e-02 3.593651879333137344e-01 0.000000000000000000e+00 2.270000000000000000e+02
4.621018301448160948e+00 -2.535752619793008122e+01 0.000000000000000000e+00 1.788135882105912344e-02 3.593651879332782073e-01 0.000000000000000000e+00 2.271000000000000227e+02
4.622806437330266860e+00 -2.532158967913675340e+01 0.000000000000000000e+00 1.788135882105912344e-02 3.593651879332782073e-01 0.000000000000000000e+00 2.272000000000000171e+02
4.624594573212372772e+00 -2.528565316034342203e+01 0.000000000000000000e+00 1.788135882105912344e-02 3.593651879333137344e-01 0.000000000000000000e+00 2.273000000000000114e+02
4.626382709094478685e+00 -2.524971664155009421e+01 0.000000000000000000e+00 1.788135882105912344e-02 3.593651879332782073e-01 0.000000000000000000e+00 2.274000000000000057e+02
4.628170844976584597e+00 -2.521378012275676639e+01 0.000000000000000000e+00 1.788135882105912344e-02 3.593651879332782073e-01 0.000000000000000000e+00 2.275000000000000000e+02
4.629958980858690509e+00 -2.517784360396343502e+01 0.000000000000000000e+00 1.788135882105912344e-02 3.593651879333137344e-01 0.000000000000000000e+00 2.276000000000000227e+02
4.631747116740796422e+00 -2.514190708517010719e+01 0.000000000000000000e+00 1.788135882105912344e-02 3.593651879332782073e-01 0.000000000000000000e+00 2.277000000000000171e+02
4.632291993032420230e+00 -2.510855325372236990e+01 0.000000000000000000e+00 5.448762916238081289e-03 3.335383144773729214e-01 0.000000000000000000e+00 2.278000000000000114e+02
4.631920960571853207e+00 -2.507710208682040687e+01 0.000000000000000000e+00 -3.710324605670223264e-03 3.145116690196303466e-01 0.000000000000000000e+00 2.279000000000000057e+02
4.631549928111286185e+00 -2.504565091991844028e+01 0.000000000000000000e+00 -3.710324605670223264e-03 3.145116690196658737e-01 0.000000000000000000e+00 2.280000000000000000e+02
4.631178895650720051e+00 -2.501419975301647725e+01 0.000000000000000000e+00 -3.710324605661341479e-03 3.145116690196303466e-01 0.000000000000000000e+00 2.281000000000000227e+02
4.630807863190153029e+00 -2.498274858611451066e+01 0.000000000000000000e+00 -3.710324605670223264e-03 3.145116690196658737e-01 0.000000000000000000e+00 2.282000000000000171e+02
4.630436830729586006e+00 -2.495129741921254407e+01 0.000000000000000000e+00 -3.710324605670223264e-03 3.145116690196658737e-01 0.000000000000000000e+00 2.283000000000000114e+02
4.630065798269019872e+00 -2.491984625231058104e+01 0.000000000000000000e+00 -3.710324605661341479e-03 3.145116690196303466e-01 0.000000000000000000e+00 2.284000000000000057e+02
4.629732239987124132e+00 -2.488834747291608451e+01 0.000000000000000000e+00 -3.335582818957405493e-03 3.149877939449652331e-01 0.000000000000000000e+00 2.285000000000000000e+02
4.629842028370728890e+00 -2.485628540326284153e+01 0.000000000000000000e+00 1.097883836047586215e-03 3.206206965324298608e-01 0.000000000000000000e+00 2.286000000000000227e+02
4.629951816754333649e+00 -2.482422333360960209e+01 0.000000000000000000e+00 1.097883836047586215e-03 3.206206965323943336e-01 0.000000000000000000e+00 2.287000000000000171e+02
4.630061605137938407e+00 -2.479216126395635911e+01 0.000000000000000000e+00 1.097883836047586215e-03 3.206206965324298608e-01 0.000000000000000000e+00 2.288000000000000114e+02
4.630171393521543166e+00 -2.476009919430311612e+01 0.000000000000000000e+00 1.097883836047586215e-03 3.206206965324298608e-01 0.000000000000000000e+00 2.289000000000000057e+02
4.630281181905147037e+00 -2.472803712464987669e+01 0.000000000000000000e+00 1.097883836038704430e-03 3.206206965323943336e-01 0.000000000000000000e+00 2.290000000000000000e+02
4.630390970288751795e+00 -2.469597505499663370e+01 0.000000000000000000e+00 1.097883836047586215e-03 3.206206965324298608e-01 0.000000000000000000e+00 2.291000000000000227e+02
4.630500758672356554e+00 -2.466391298534339072e+01 0.000000000000000000e+00 1.097883836047586215e-03 3.206206965324298608e-01 0.000000000000000000e+00 2.292000000000000171e+02
4.630450080486897768e+00 -2.463218427695632684e+01 0.000000000000000000e+00 -5.067818545878566283e-04 3.172870838706387531e-01 0.000000000000000000e+00 2.293000000000000114e+02
4.630243830264981320e+00 -2.460077876168891819e+01 0.000000000000000000e+00 -2.062502219164485950e-03 3.140551526740864574e-01 0.000000000000000000e+00 2.294000000000000057e+02
4.630037580043064871e+00 -2.456937324642150600e+01 0.000000000000000000e+00 -2.062502219164485950e-03 3.140551526741219845e-01 0.000000000000000000e+00 2.295000000000000000e+02
4.629831329821148422e+00 -2.453796773115409380e+01 0.000000000000000000e+00 -2.062502219164485950e-03 3.140551526741219845e-01 0.000000000000000000e+00 2.296000000000000227e+02
4.629625079599231974e+00 -2.450656221588668160e+01 0.000000000000000000e+00 -2.062502219164485950e-03 3.140551526741219845e-01 0.000000000000000000e+00 2.297000000000000171e+02
4.629418829377315525e+00 -2.447515670061927295e+01 0.000000000000000000e+00 -2.062502219164485950e-03 3.140551526740864574e-01 0.000000000000000000e+00 2.298000000000000114e+02
4.629212579155399077e+00 -2.444375118535186076e+01 0.000000000000000000e+00 -2.062502219164485950e-03 3.140551526741219845e-01 0.000000000000000000e+00 2.299000000000000057e+02
4.628958585693183636e+00 -2.441233521400876327e+01 0.000000000000000000e+00 -2.539934622154405020e-03 3.141597134309748185e-01 0.000000000000000000e+00 2.300000000000000000e+02
4.628359202090305935e+00 -2.438084360001072781e+01 0.000000000000000000e+00 -5.993836028777010938e-03 3.149161399803546146e-01 0.000000000000000000e+00 2.301000000000000227e+02
4.627759818487428234e+00 -2.434935198601269235e+01 0.000000000000000000e+00 -5.993836028777010938e-03 3.149161399803546146e-01 0.000000000000000000e+00 2.302000000000000171e+02
4.627160434884550533e+00 -2.431786037201465334e+01 0.000000000000000000e+00 -5.993836028777010938e-03 3.149161399803901418e-01 0.000000000000000000e+00 2.303000000000000114e+02
4.626561051281671944e+00 -2.428636875801661787e+01 0.000000000000000000e+00 -5.993836028785892722e-03 3.149161399803546146e-01 0.000000000000000000e+00 2.304000000000000057e+02
4.625961667678794242e+00 -2.425487714401858241e+01 0.000000000000000000e+00 -5.993836028777010938e-03 3.149161399803546146e-01 0.000000000000000000e+00 2.305000000000000000e+02
4.625362284075916541e+00 -2.422338553002054340e+01 0.000000000000000000e+00 -5.993836028777010938e-03 3.149161399803901418e-01 0.000000000000000000e+00 2.306000000000000227e+02
4.624762900473038840e+00 -2.419189391602250794e+01 0.000000000000000000e+00 -5.993836028777010938e-03 3.149161399803546146e-01 0.000000000000000000e+00 2.307000000000000171e+02
4.624317179427163360e+00 -2.416059014852416453e+01 0.000000000000000000e+00 -4.457210458754801152e-03 3.130376749834340444e-01 0.000000000000000000e+00 2.308000000000000114e+02
4.623932200521198688e+00 -2.412936063592947988e+01 0.000000000000000000e+00 -3.849789059646724354e-03 3.122951259468464968e-01 0.000000000000000000e+00 2.309000000000000057e+02
4.623547221615234015e+00 -2.409813112333479523e+01 0.000000000000000000e+00 -3.849789059646724354e-03 3.122951259468464968e-01 0.000000000000000000e+00 2.310000000000000000e+02
4.623162242709269343e+00 -2.406690161074011058e+01 0.000000000000000000e+00 -3.849789059646724354e-03 3.122951259468464968e-01 0.000000000000000000e+00 2.311000000000000227e+02
4.622777263803304670e+00 -2.403567209814542593e+01 0.000000000000000000e+00 -3.849789059646724354e-03 3.122951259468464968e-01 0.000000000000000000e+00 2.312000000000000171e+02
4.622392284897339998e+00 -2.400444258555074484e+01 0.000000000000000000e+00 -3.849789059646724354e-03 3.122951259468109697e-01 0.000000000000000000e+00 2.313000000000000114e+02
4.622007305991375326e+00 -2.397321307295606019e+01 0.000000000000000000e+00 -3.849789059646724354e-03 3.122951259468464968e-01 0.000000000000000000e+00 2.314000000000000057e+02
4.621767193760668135e+00 -2.394170990248269248e+01 0.000000000000000000e+00 -2.401122307071901218e-03 3.150317047336770315e-01 0.000000000000000000e+00 2.315000000000000000e+02
4.621784929311987256e+00 -2.390971964913173053e+01 0.000000000000000000e+00 1.773555131912019078e-04 3.199025335096195022e-01 0.000000000000000000e+00 2.316000000000000227e+02
4.621802664863306376e+00 -2.387772939578076503e+01 0.000000000000000000e+00 1.773555131912019078e-04 3.199025335096550293e-01 0.000000000000000000e+00 2.317000000000000171e+02
4.621820400414625496e+00 -2.384573914242980308e+01 0.000000000000000000e+00 1.773555131912019078e-04 3.199025335096195022e-01 0.000000000000000000e+00 2.318000000000000114e+02
4.621838135965944616e+00 -2.381374888907883758e+01 0.000000000000000000e+00 1.773555131912019078e-04 3.199025335096550293e-01 0.000000000000000000e+00 2.319000000000000057e+02
4.621855871517263736e+00 -2.378175863572787563e+01 0.000000000000000000e+00 1.773555131912019078e-04 3.199025335096195022e-01 0.000000000000000000e+00 2.320000000000000000e+02
4.621873607068581968e+00 -2.374976838237691013e+01 0.000000000000000000e+00 1.773555131823201236e-04 3.199025335096550293e-01 0.000000000000000000e+00 2.321000000000000227e+02
4.621891342619901089e+00 -2.371777812902594818e+01 0.000000000000000000e+00 1.773555131912019078e-04 3.199025335096195022e-01 0.000000000000000000e+00 2.322000000000000171e+02
4.618457667972363012e+00 -2.368861968046446620e+01 0.000000000000000000e+00 -3.433674647538076385e-02 2.915844856148197550e-01 0.000000000000000000e+00 2.323000000000000114e+02
4.614158277382664153e+00 -2.366017153244974125e+01 0.000000000000000000e+00 -4.299390589698859344e-02 2.844814801472494992e-01 0.000000000000000000e+00 2.324000000000000057e+02
4.609858886792965293e+00 -2.363172338443501630e+01 0.000000000000000000e+00 -4.299390589698859344e-02 2.844814801472494992e-01 0.000000000000000000e+00 2.325000000000000000e+02
4.605559496203266434e+00 -2.360327523642029135e+01 0.000000000000000000e+00 -4.299390589698859344e-02 2.844814801472494992e-01 0.000000000000000000e+00 2.326000000000000227e+02
4.601260105613566687e+00 -2.357482708840556995e+01 0.000000000000000000e+00 -4.299390589699747522e-02 2.844814801472139720e-01 0.000000000000000000e+00 2.327000000000000171e+02
4.596960715023867827e+00 -2.354637894039084500e+01 0.000000000000000000e+00 -4.299390589698859344e-02 2.844814801472494992e-01 0.000000000000000000e+00 2.328000000000000114e+02
4.592501949936425909e+00 -2.351792454107524577e+01 0.000000000000000000e+00 -4.458765087441918240e-02 2.845439931559923252e-01 0.000000000000000000e+00 2.329000000000000057e+02
4.586290825677573402e+00 -2.348940140727216885e+01 0.000000000000000000e+00 -6.211124258852507296e-02 2.852313380307691659e-01 0.000000000000000000e+00 2.330000000000000000e+02
4.580079701418720894e+00 -2.346087827346909194e+01 0.000000000000000000e+00 -6.211124258852507296e-02 2.852313380307691659e-01 0.000000000000000000e+00 2.331000000000000227e+02
4.573868577159868387e+00 -2.343235513966601147e+01 0.000000000000000000e+00 -6.211124258852507296e-02 2.852313380308046931e-01 0.000000000000000000e+00 2.332000000000000171e+02
4.567657452901015880e+00 -2.340383200586293455e+01 0.000000000000000000e+00 -6.211124258852507296e-02 2.852313380307691659e-01 0.000000000000000000e+00 2.333000000000000114e+02
4.561446328642163373e+00 -2.337530887205985763e+01 0.000000000000000000e+00 -6.211124258852507296e-02 2.852313380307691659e-01 0.000000000000000000e+00 2.334000000000000057e+02
4.555235204383310865e+00 -2.334678573825678072e+01 0.000000000000000000e+00 -6.211124258852507296e-02 2.852313380307691659e-01 0.000000000000000000e+00 2.335000000000000000e+02
4.548155883207217087e+00 -2.331822267050258546e+01 0.000000000000000000e+00 -7.079321176093777979e-02 2.856306775419525934e-01 0.000000000000000000e+00 2.336000000000000227e+02
4.536430387725648217e+00 -2.328944589535792176e+01 0.000000000000000000e+00 -1.172549548156887056e-01 2.877677514466370212e-01 0.000000000000000000e+00 2.337000000000000171e+02
4.524704892244079346e+00 -2.326066912021326161e+01 0.000000000000000000e+00 -1.172549548156887056e-01 2.877677514466014941e-01 0.000000000000000000e+00 2.338000000000000114e+02
4.512979396762510476e+00 -2.323189234506859790e+01 0.000000000000000000e+00 -1.172549548156887056e-01 2.877677514466370212e-01 0.000000000000000000e+00 2.339000000000000057e+02
4.501253901280941605e+00 -2.320311556992393776e+01 0.000000000000000000e+00 -1.172549548156887056e-01 2.877677514466014941e-01 0.000000000000000000e+00 2.340000000000000000e+02
4.489528405799372734e+00 -2.317433879477927761e+01 0.000000000000000000e+00 -1.172549548156887056e-01 2.877677514466014941e-01 0.000000000000000000e+00 2.341000000000000227e+02
4.477802910317802976e+00 -2.314556201963461390e+01 0.000000000000000000e+00 -1.172549548156975874e-01 2.877677514466370212e-01 0.000000000000000000e+00 2.342000000000000171e+02
4.466077414836234105e+00 -2.311678524448995375e+01 0.000000000000000000e+00 -1.172549548156887056e-01 2.877677514466014941e-01 0.000000000000000000e+00 2.343000000000000114e+02
4.454633060832527747e+00 -2.308705848133450544e+01 0.000000000000000000e+00 -1.144435400370635847e-01 2.972676315544831027e-01 0.000000000000000000e+00 2.344000000000000057e+02
4.443191513355859712e+00 -2.305732223481481569e+01 0.000000000000000000e+00 -1.144154747666803473e-01 2.973624651968975741e-01 0.000000000000000000e+00 2.345000000000000000e+02
4.431749965879191677e+00 -2.302758598829512593e+01 0.000000000000000000e+00 -1.144154747666803473e-01 2.973624651968975741e-01 0.000000000000000000e+00 2.346000000000000227e+02
4.420308418402522754e+00 -2.299784974177543617e+01 0.000000000000000000e+00 -1.144154747666892291e-01 2.973624651968975741e-01 0.000000000000000000e+00 2.347000000000000171e+02
4.408866870925854720e+00 -2.296811349525574641e+01 0.000000000000000000e+00 -1.144154747666803473e-01 2.973624651968975741e-01 0.000000000000000000e+00 2.348000000000000114e+02
4.397425323449185797e+00 -2.293837724873605666e+01 0.000000000000000000e+00 -1.144154747666892291e-01 2.973624651968975741e-01 0.000000000000000000e+00 2.349000000000000057e+02
4.385983775972517762e+00 -2.290864100221636690e+01 0.000000000000000000e+00 -1.144154747666803473e-01 2.973624651968975741e-01 0.000000000000000000e+00 2.350000000000000000e+02
4.374391692567764167e+00 -2.287759198778131875e+01 0.000000000000000000e+00 -1.159208340475359478e-01 3.104901443504815006e-01 0.000000000000000000e+00 2.351000000000000227e+02
4.362683105320680710e+00 -2.284552698661026326e+01 0.000000000000000000e+00 -1.170858724708345733e-01 3.206500117105548497e-01 0.000000000000000000e+00 2.352000000000000171e+02
4.350974518073596364e+00 -2.281346198543921133e+01 0.000000000000000000e+00 -1.170858724708434551e-01 3.206500117105193226e-01 0.000000000000000000e+00 2.353000000000000114e+02
4.339265930826512907e+00 -2.278139698426815585e+01 0.000000000000000000e+00 -1.170858724708345733e-01 3.206500117105548497e-01 0.000000000000000000e+00 2.354000000000000057e+02
4.327557343579428561e+00 -2.274933198309710392e+01 0.000000000000000000e+00 -1.170858724708434551e-01 3.206500117105193226e-01 0.000000000000000000e+00 2.355000000000000000e+02
4.315848756332345104e+00 -2.271726698192604843e+01 0.000000000000000000e+00 -1.170858724708345733e-01 3.206500117105548497e-01 0.000000000000000000e+00 2.356000000000000227e+02
4.304140169085260759e+00 -2.268520198075499650e+01 0.000000000000000000e+00 -1.170858724708434551e-01 3.206500117105193226e-01 0.000000000000000000e+00 2.357000000000000171e+02
4.292431581838177301e+00 -2.265313697958394101e+01 0.000000000000000000e+00 -1.170858724708345733e-01 3.206500117105548497e-01 0.000000000000000000e+00 2.358000000000000114e+02
4.281580194093689506e+00 -2.262303960817104098e+01 0.000000000000000000e+00 -1.085138774448779486e-01 3.009737141290003137e-01 0.000000000000000000e+00 2.359000000000000057e+02
4.271481301813977005e+00 -2.259466952715539279e+01 0.000000000000000000e+00 -1.009889227971250136e-01 2.837008101564819640e-01 0.000000000000000000e+00 2.360000000000000000e+02
4.261382409534264504e+00 -2.256629944613974814e+01 0.000000000000000000e+00 -1.009889227971250136e-01 2.837008101564464368e-01 0.000000000000000000e+00 2.361000000000000227e+02
4.251283517254552002e+00 -2.253792936512409995e+01 0.000000000000000000e+00 -1.009889227971250136e-01 2.837008101564819640e-01 0.000000000000000000e+00 2.362000000000000171e+02
4.241184624974839501e+00 -2.250955928410845175e+01 0.000000000000000000e+00 -1.009889227971250136e-01 2.837008101564819640e-01 0.000000000000000000e+00 2.363000000000000114e+02
4.231085732695127000e+00 -2.248118920309280711e+01 0.000000000000000000e+00 -1.009889227971250136e-01 2.837008101564464368e-01 0.000000000000000000e+00 2.364000000000000057e+02
4.220986840415414498e+00 -2.245281912207715891e+01 0.000000000000000000e+00 -1.009889227971250136e-01 2.837008101564819640e-01 0.000000000000000000e+00 2.365000000000000000e+02
4.211237072591181629e+00 -2.242528633276639383e+01 0.000000000000000000e+00 -9.749767824232868918e-02 2.753278931076508229e-01 0.000000000000000000e+00 2.366000000000000227e+02
4.201812334538497673e+00 -2.239853304981011917e+01 0.000000000000000000e+00 -9.424738052683956369e-02 2.675328295627465991e-01 0.000000000000000000e+00 2.367000000000000171e+02
4.192387596485812828e+00 -2.237177976685384806e+01 0.000000000000000000e+00 -9.424738052684844547e-02 2.675328295627110720e-01 0.000000000000000000e+00 2.368000000000000114e+02
4.182962858433128872e+00 -2.234502648389757340e+01 0.000000000000000000e+00 -9.424738052683956369e-02 2.675328295627465991e-01 0.000000000000000000e+00 2.369000000000000057e+02
4.173538120380444916e+00 -2.231827320094130229e+01 0.000000000000000000e+00 -9.424738052683956369e-02 2.675328295627110720e-01 0.000000000000000000e+00 2.370000000000000000e+02
4.164113382327760071e+00 -2.229151991798502763e+01 0.000000000000000000e+00 -9.424738052684844547e-02 2.675328295627465991e-01 0.000000000000000000e+00 2.371000000000000227e+02
4.154688644275076115e+00 -2.226476663502875653e+01 0.000000000000000000e+00 -9.424738052683956369e-02 2.675328295627110720e-01 0.000000000000000000e+00 2.372000000000000171e+02
4.144753786276533347e+00 -2.223601502031340971e+01 0.000000000000000000e+00 -9.934857998542767632e-02 2.875161471534681823e-01 0.000000000000000000e+00 2.373000000000000114e+02
4.134743579601321883e+00 -2.220696823648182772e+01 0.000000000000000000e+00 -1.001020667521146379e-01 2.904678383158199040e-01 0.000000000000000000e+00 2.374000000000000057e+02
4.124733372926111308e+00 -2.217792145265024928e+01 0.000000000000000000e+00 -1.001020667521057561e-01 2.904678383157843768e-01 0.000000000000000000e+00 2.375000000000000000e+02
4.114723166250899844e+00 -2.214887466881867084e+01 0.000000000000000000e+00 -1.001020667521146379e-01 2.904678383157843768e-01 0.000000000000000000e+00 2.376000000000000227e+02
4.104712959575688380e+00 -2.211982788498709240e+01 0.000000000000000000e+00 -1.001020667521146379e-01 2.904678383157843768e-01 0.000000000000000000e+00 2.377000000000000171e+02
4.094702752900477805e+00 -2.209078110115551397e+01 0.000000000000000000e+00 -1.001020667521057561e-01 2.904678383157843768e-01 0.000000000000000000e+00 2.378000000000000114e+02
4.084692546225266341e+00 -2.206173431732393198e+01 0.000000000000000000e+00 -1.001020667521146379e-01 2.904678383158199040e-01 0.000000000000000000e+00 2.379000000000000057e+02
4.075020538955871352e+00 -2.203350249718436160e+01 0.000000000000000000e+00 -9.672007269394988782e-02 2.823182013957037384e-01 0.000000000000000000e+00 2.380000000000000000e+02
4.065509636277798045e+00 -2.200565889296204247e+01 0.000000000000000000e+00 -9.510902678073307470e-02 2.784360422231912935e-01 0.000000000000000000e+00 2.381000000000000227e+02
4.055998733599724737e+00 -2.197781528873971979e+01 0.000000000000000000e+00 -9.510902678073307470e-02 2.784360422232268206e-01 0.000000000000000000e+00 2.382000000000000171e+02
4.046487830921651430e+00 -2.194997168451740066e+01 0.000000000000000000e+00 -9.510902678073307470e-02 2.784360422231912935e-01 0.000000000000000000e+00 2.383000000000000114e+02
4.036976928243578122e+00 -2.192212808029508153e+01 0.000000000000000000e+00 -9.510902678073307470e-02 2.784360422231912935e-01 0.000000000000000000e+00 2.384000000000000057e+02
4.027466025565504815e+00 -2.189428447607275885e+01 0.000000000000000000e+00 -9.510902678073307470e-02 2.784360422232268206e-01 0.000000000000000000e+00 2.385000000000000000e+02
4.017955122887431507e+00 -2.186644087185043972e+01 0.000000000000000000e+00 -9.510902678073307470e-02 2.784360422231912935e-01 0.000000000000000000e+00 2.386000000000000227e+02
4.009306423712254208e+00 -2.184102369944538324e+01 0.000000000000000000e+00 -8.648699175177299026e-02 2.541717240505647624e-01 0.000000000000000000e+00 2.387000000000000171e+02
4.000860669357598987e+00 -2.181617765876040238e+01 0.000000000000000000e+00 -8.445754354655221618e-02 2.484604068498086349e-01 0.000000000000000000e+00 2.388000000000000114e+02
3.992414915002942877e+00 -2.179133161807541796e+01 0.000000000000000000e+00 -8.445754354656109797e-02 2.484604068498441620e-01 0.000000000000000000e+00 2.389000000000000057e+02
3.983969160648287211e+00 -2.176648557739043710e+01 0.000000000000000000e+00 -8.445754354655665708e-02 2.484604068498086349e-01 0.000000000000000000e+00 2.390000000000000000e+02
3.975523406293631545e+00 -2.174163953670545268e+01 0.000000000000000000e+00 -8.445754354655665708e-02 2.484604068498441620e-01 0.000000000000000000e+00 2.391000000000000227e+02
3.967077651938975880e+00 -2.171679349602047182e+01 0.000000000000000000e+00 -8.445754354655665708e-02 2.484604068498086349e-01 0.000000000000000000e+00 2.392000000000000171e+02
3.958899345929351998e+00 -2.169230935635977531e+01 0.000000000000000000e+00 -8.178306009623881323e-02 2.448413966069651337e-01 0.000000000000000000e+00 2.393000000000000114e+02
3.950833695040013360e+00 -2.166797765736352588e+01 0.000000000000000000e+00 -8.065650889338638052e-02 2.433169899624942900e-01 0.000000000000000000e+00 2.394000000000000057e+02
3.942768044150675166e+00 -2.164364595836728000e+01 0.000000000000000000e+00 -8.065650889338193963e-02 2.433169899624587629e-01 0.000000000000000000e+00 2.395000000000000000e+02
3.934702393261336528e+00 -2.161931425937103057e+01 0.000000000000000000e+00 -8.065650889338638052e-02 2.433169899624942900e-01 0.000000000000000000e+00 2.396000000000000227e+02
3.926636742371998334e+00 -2.159498256037478470e+01 0.000000000000000000e+00 -8.065650889338193963e-02 2.433169899624587629e-01 0.000000000000000000e+00 2.397000000000000171e+02
3.918571091482659696e+00 -2.157065086137853527e+01 0.000000000000000000e+00 -8.065650889338638052e-02 2.433169899624942900e-01 0.000000000000000000e+00 2.398000000000000114e+02
3.912804098639846018e+00 -2.154372325644198582e+01 0.000000000000000000e+00 -5.766992842813678521e-02 2.692760493654944298e-01 0.000000000000000000e+00 2.399000000000000057e+02
3.907664509827164956e+00 -2.151608711556149345e+01 0.000000000000000000e+00 -5.139588812681061825e-02 2.763614088049237694e-01 0.000000000000000000e+00 2.400000000000000000e+02
3.902524921014484338e+00 -2.148845097468099752e+01 0.000000000000000000e+00 -5.139588812680617735e-02 2.763614088049592965e-01 0.000000000000000000e+00 2.401000000000000227e+02
3.897385332201803276e+00 -2.146081483380050514e+01 0.000000000000000000e+00 -5.139588812681061825e-02 2.763614088049237694e-01 0.000000000000000000e+00 2.402000000000000171e+02
3.892245743389122659e+00 -2.143317869292001276e+01 0.000000000000000000e+00 -5.139588812680617735e-02 2.763614088049237694e-01 0.000000000000000000e+00 2.403000000000000114e+02
3.887106154576442041e+00 -2.140554255203952039e+01 0.000000000000000000e+00 -5.139588812680617735e-02 2.763614088049237694e-01 0.000000000000000000e+00 2.404000000000000057e+02
3.885751997753410514e+00 -2.137785427405500371e+01 0.000000000000000000e+00 -1.354156823031527068e-02 2.768827798451667377e-01 0.000000000000000000e+00 2.405000000000000000e+02
3.901544144175555395e+00 -2.134992983845404169e+01 0.000000000000000000e+00 1.579214642214488151e-01 2.792443560096202759e-01 0.000000000000000000e+00 2.406000000000000227e+02
3.917336290597699833e+00 -2.132200540285307611e+01 0.000000000000000000e+00 1.579214642214443742e-01 2.792443560096558031e-01 0.000000000000000000e+00 2.407000000000000171e+02
3.933128437019844714e+00 -2.129408096725211408e+01 0.000000000000000000e+00 1.579214642214488151e-01 2.792443560096202759e-01 0.000000000000000000e+00 2.408000000000000114e+02
3.948920583441989596e+00 -2.126615653165115205e+01 0.000000000000000000e+00 1.579214642214488151e-01 2.792443560096202759e-01 0.000000000000000000e+00 2.409000000000000057e+02
3.964712729864134477e+00 -2.123823209605019002e+01 0.000000000000000000e+00 1.579214642214488151e-01 2.792443560096202759e-01 0.000000000000000000e+00 2.410000000000000000e+02
3.980504876286278915e+00 -2.121030766044922444e+01 0.000000000000000000e+00 1.579214642214443742e-01 2.792443560096558031e-01 0.000000000000000000e+00 2.411000000000000227e+02
3.996297022708423796e+00 -2.118238322484826242e+01 0.000000000000000000e+00 1.579214642214488151e-01 2.792443560096202759e-01 0.000000000000000000e+00 2.412000000000000171e+02
4.012613149794665546e+00 -2.115456708472005687e+01 0.000000000000000000e+00 1.631612708624174957e-01 2.781614012820554649e-01 0.000000000000000000e+00 2.413000000000000114e+02
4.029466970567891160e+00 -2.112686207424991380e+01 0.000000000000000000e+00 1.685382077322561400e-01 2.770501047014306550e-01 0.000000000000000000e+00 2.414000000000000057e+02
4.046320791341115886e+00 -2.109915706377976718e+01 0.000000000000000000e+00 1.685382077322472583e-01 2.770501047014661822e-01 0.000000000000000000e+00 2.415000000000000000e+02
4.063174612114341500e+00 -2.107145205330962057e+01 0.000000000000000000e+00 1.685382077322561400e-01 2.770501047014661822e-01 0.000000000000000000e+00 2.416000000000000227e+02
4.080028432887567114e+00 -2.104374704283947395e+01 0.000000000000000000e+00 1.685382077322561400e-01 2.770501047014661822e-01 0.000000000000000000e+00 2.417000000000000171e+02
4.096882253660792728e+00 -2.101604203236932733e+01 0.000000000000000000e+00 1.685382077322561400e-01 2.770501047014661822e-01 0.000000000000000000e+00 2.418000000000000114e+02
4.113736074434017453e+00 -2.098833702189918426e+01 0.000000000000000000e+00 1.685382077322472583e-01 2.770501047014306550e-01 0.000000000000000000e+00 2.419000000000000057e+02
4.130589895207243067e+00 -2.096063201142903765e+01 0.000000000000000000e+00 1.685382077322561400e-01 2.770501047014661822e-01 0.000000000000000000e+00 2.420000000000000000e+02
4.134978559368227558e+00 -2.093325436338164991e+01 0.000000000000000000e+00 4.388664160984490081e-02 2.737764804738773705e-01 0.000000000000000000e+00 2.421000000000000227e+02
4.138944325436383131e+00 -2.090588782156811121e+01 0.000000000000000000e+00 3.965766068155573976e-02 2.736654181353870285e-01 0.000000000000000000e+00 2.422000000000000171e+02
4.142910091504537817e+00 -2.087852127975456895e+01 0.000000000000000000e+00 3.965766068154685797e-02 2.736654181354225557e-01 0.000000000000000000e+00 2.423000000000000114e+02
4.146875857572692503e+00 -2.085115473794102670e+01 0.000000000000000000e+00 3.965766068154685797e-02 2.736654181354225557e-01 0.000000000000000000e+00 2.424000000000000057e+02
4.150841623640848077e+00 -2.082378819612748799e+01 0.000000000000000000e+00 3.965766068155573976e-02 2.736654181353870285e-01 0.000000000000000000e+00 2.425000000000000000e+02
4.154807389709002763e+00 -2.079642165431394574e+01 0.000000000000000000e+00 3.965766068154685797e-02 2.736654181354225557e-01 0.000000000000000000e+00 2.426000000000000227e+02
4.158511041493839322e+00 -2.076825892449197042e+01 0.000000000000000000e+00 3.703651784836559102e-02 2.816272982197531860e-01 0.000000000000000000e+00 2.427000000000000171e+02
4.161411657696795885e+00 -2.073765692546060890e+01 0.000000000000000000e+00 2.900616202956562972e-02 3.060199903136151534e-01 0.000000000000000000e+00 2.428000000000000114e+02
4.164312273899752448e+00 -2.070705492642924739e+01 0.000000000000000000e+00 2.900616202956562972e-02 3.060199903136151534e-01 0.000000000000000000e+00 2.429000000000000057e+02
4.167212890102709011e+00 -2.067645292739788587e+01 0.000000000000000000e+00 2.900616202956562972e-02 3.060199903136151534e-01 0.000000000000000000e+00 2.430000000000000000e+02
4.170113506305666462e+00 -2.064585092836652791e+01 0.000000000000000000e+00 2.900616202957451151e-02 3.060199903135796262e-01 0.000000000000000000e+00 2.431000000000000227e+02
4.173014122508623025e+00 -2.061524892933516639e+01 0.000000000000000000e+00 2.900616202956562972e-02 3.060199903136151534e-01 0.000000000000000000e+00 2.432000000000000171e+02
4.175914738711579588e+00 -2.058464693030380488e+01 0.000000000000000000e+00 2.900616202956562972e-02 3.060199903136151534e-01 0.000000000000000000e+00 2.433000000000000114e+02
4.178815354914536151e+00 -2.055404493127244336e+01 0.000000000000000000e+00 2.900616202956562972e-02 3.060199903136151534e-01 0.000000000000000000e+00 2.434000000000000057e+02
4.181409115617426231e+00 -2.052009423095515217e+01 0.000000000000000000e+00 2.593760702890079983e-02 3.395070031729119364e-01 0.000000000000000000e+00 2.435000000000000000e+02
4.183985675238223401e+00 -2.048595581594572934e+01 0.000000000000000000e+00 2.576559620797169714e-02 3.413841500942282892e-01 0.000000000000000000e+00 2.436000000000000227e+02
4.186562234859021459e+00 -2.045181740093631007e+01 0.000000000000000000e+00 2.576559620798057892e-02 3.413841500941927620e-01 0.000000000000000000e+00 2.437000000000000171e+02
4.189138794479818628e+00 -2.041767898592688724e+01 0.000000000000000000e+00 2.576559620797169714e-02 3.413841500942282892e-01 0.000000000000000000e+00 2.438000000000000114e+02
4.191715354100615798e+00 -2.038354057091746441e+01 0.000000000000000000e+00 2.576559620797169714e-02 3.413841500942282892e-01 0.000000000000000000e+00 2.439000000000000057e+02
4.194291913721412968e+00 -2.034940215590804513e+01 0.000000000000000000e+00 2.576559620797169714e-02 3.413841500941927620e-01 0.000000000000000000e+00 2.440000000000000000e+02
4.196868473342211026e+00 -2.031526374089862230e+01 0.000000000000000000e+00 2.576559620798057892e-02 3.413841500942282892e-01 0.000000000000000000e+00 2.441000000000000227e+02
4.199445032963008195e+00 -2.028112532588919947e+01 0.000000000000000000e+00 2.576559620797169714e-02 3.413841500942282892e-01 0.000000000000000000e+00 2.442000000000000171e+02
4.201613070894278046e+00 -2.024978693351880210e+01 0.000000000000000000e+00 2.168037931269850560e-02 3.133839237039737213e-01 0.000000000000000000e+00 2.443000000000000114e+02
4.203726885066620511e+00 -2.021882019278027798e+01 0.000000000000000000e+00 2.113814172342465270e-02 3.096674073852412334e-01 0.000000000000000000e+00 2.444000000000000057e+02
4.205840699238962976e+00 -2.018785345204175741e+01 0.000000000000000000e+00 2.113814172342465270e-02 3.096674073852057063e-01 0.000000000000000000e+00 2.445000000000000000e+02
4.207954513411305442e+00 -2.015688671130323684e+01 0.000000000000000000e+00 2.113814172342465270e-02 3.096674073852057063e-01 0.000000000000000000e+00 2.446000000000000227e+02
4.210068327583647907e+00 -2.012591997056471627e+01 0.000000000000000000e+00 2.113814172342465270e-02 3.096674073852057063e-01 0.000000000000000000e+00 2.447000000000000171e+02
4.212182141755990372e+00 -2.009495322982619214e+01 0.000000000000000000e+00 2.113814172342465270e-02 3.096674073852412334e-01 0.000000000000000000e+00 2.448000000000000114e+02
4.214295955928332837e+00 -2.006398648908767157e+01 0.000000000000000000e+00 2.113814172342465270e-02 3.096674073852057063e-01 0.000000000000000000e+00 2.449000000000000057e+02
4.216330513777605482e+00 -2.003301412406456805e+01 0.000000000000000000e+00 2.034557849272644603e-02 3.097236502310352080e-01 0.000000000000000000e+00 2.450000000000000000e+02
4.218309416913144538e+00 -2.000203780960328359e+01 0.000000000000000000e+00 1.978903135539056279e-02 3.097631446128445987e-01 0.000000000000000000e+00 2.451000000000000227e+02
4.220288320048684483e+00 -1.997106149514199913e+01 0.000000000000000000e+00 1.978903135539944458e-02 3.097631446128445987e-01 0.000000000000000000e+00 2.452000000000000171e+02
4.222267223184223539e+00 -1.994008518068071467e+01 0.000000000000000000e+00 1.978903135539056279e-02 3.097631446128445987e-01 0.000000000000000000e+00 2.453000000000000114e+02
4.224246126319763484e+00 -1.990910886621943021e+01 0.000000000000000000e+00 1.978903135539944458e-02 3.097631446128445987e-01 0.000000000000000000e+00 2.454000000000000057e+02
4.226225029455303428e+00 -1.987813255175814575e+01 0.000000000000000000e+00 1.978903135539944458e-02 3.097631446128445987e-01 0.000000000000000000e+00 2.455000000000000000e+02
4.228203932590842484e+00 -1.984715623729686129e+01 0.000000000000000000e+00 1.978903135539056279e-02 3.097631446128445987e-01 0.000000000000000000e+00 2.456000000000000227e+02
4.230246863597914242e+00 -1.981502504107218954e+01 0.000000000000000000e+00 2.042931007071757676e-02 3.213119622467175418e-01 0.000000000000000000e+00 2.457000000000000171e+02
4.232428230372599742e+00 -1.978039685502742273e+01 0.000000000000000000e+00 2.181366774685500332e-02 3.462818604476680662e-01 0.000000000000000000e+00 2.458000000000000114e+02
4.234609597147285243e+00 -1.974576866898265592e+01 0.000000000000000000e+00 2.181366774685500332e-02 3.462818604476680662e-01 0.000000000000000000e+00 2.459000000000000057e+02
4.236790963921970743e+00 -1.971114048293788912e+01 0.000000000000000000e+00 2.181366774685500332e-02 3.462818604476680662e-01 0.000000000000000000e+00 2.460000000000000000e+02
4.238972330696655355e+00 -1.967651229689312231e+01 0.000000000000000000e+00 2.181366774684612153e-02 3.462818604476680662e-01 0.000000000000000000e+00 2.461000000000000227e+02
4.241153697471340855e+00 -1.964188411084835550e+01 0.000000000000000000e+00 2.181366774685500332e-02 3.462818604476680662e-01 0.000000000000000000e+00 2.462000000000000171e+02
4.243335064246026356e+00 -1.960725592480358870e+01 0.000000000000000000e+00 2.181366774685500332e-02 3.462818604476680662e-01 0.000000000000000000e+00 2.463000000000000114e+02
4.245516431020711856e+00 -1.957262773875882189e+01 0.000000000000000000e+00 2.181366774685500332e-02 3.462818604476680662e-01 0.000000000000000000e+00 2.464000000000000057e+02
4.247801513219308767e+00 -1.953796021931688642e+01 0.000000000000000000e+00 2.285082198596910530e-02 3.466751944193546819e-01 0.000000000000000000e+00 2.465000000000000000e+02
4.250507113670623838e+00 -1.950313322107395209e+01 0.000000000000000000e+00 2.705600451315071098e-02 3.482699824293433721e-01 0.000000000000000000e+00 2.466000000000000227e+02
4.253212714121939797e+00 -1.946830622283101775e+01 0.000000000000000000e+00 2.705600451315959276e-02 3.482699824293433721e-01 0.000000000000000000e+00 2.467000000000000171e+02
4.255918314573254868e+00 -1.943347922458808341e+01 0.000000000000000000e+00 2.705600451315071098e-02 3.482699824293433721e-01 0.000000000000000000e+00 2.468000000000000114e+02
4.258623915024569939e+00 -1.939865222634514907e+01 0.000000000000000000e+00 2.705600451315071098e-02 3.482699824293433721e-01 0.000000000000000000e+00 2.469000000000000057e+02
4.261329515475885010e+00 -1.936382522810221474e+01 0.000000000000000000e+00 2.705600451315071098e-02 3.482699824293433721e-01 0.000000000000000000e+00 2.470000000000000000e+02
4.264035115927200081e+00 -1.932899822985928040e+01 0.000000000000000000e+00 2.705600451315071098e-02 3.482699824293433721e-01 0.000000000000000000e+00 2.471000000000000227e+02
4.266740716378515152e+00 -1.929417123161634606e+01 0.000000000000000000e+00 2.705600451315071098e-02 3.482699824293433721e-01 0.000000000000000000e+00 2.472000000000000171e+02
4.269084298352421314e+00 -1.925937419304767317e+01 0.000000000000000000e+00 2.343581973906161409e-02 3.479703856867288891e-01 0.000000000000000000e+00 2.473000000000000114e+02
4.268613598379041640e+00 -1.922481005687399858e+01 0.000000000000000000e+00 -4.706999733796735086e-03 3.456413617367459779e-01 0.000000000000000000e+00 2.474000000000000057e+02
4.268142898405661967e+00 -1.919024592070032753e+01 0.000000000000000000e+00 -4.706999733796735086e-03 3.456413617367104507e-01 0.000000000000000000e+00 2.475000000000000000e+02
4.267672198432283182e+00 -1.915568178452665293e+01 0.000000000000000000e+00 -4.706999733787853302e-03 3.456413617367459779e-01 0.000000000000000000e+00 2.476000000000000227e+02
4.267201498458903508e+00 -1.912111764835297834e+01 0.000000000000000000e+00 -4.706999733796735086e-03 3.456413617367459779e-01 0.000000000000000000e+00 2.477000000000000171e+02
4.266730798485524723e+00 -1.908655351217930374e+01 0.000000000000000000e+00 -4.706999733787853302e-03 3.456413617367459779e-01 0.000000000000000000e+00 2.478000000000000114e+02
4.266260098512145049e+00 -1.905198937600562914e+01 0.000000000000000000e+00 -4.706999733796735086e-03 3.456413617367459779e-01 0.000000000000000000e+00 2.479000000000000057e+02
4.265789398538765376e+00 -1.901742523983195809e+01 0.000000000000000000e+00 -4.706999733796735086e-03 3.456413617367104507e-01 0.000000000000000000e+00 2.480000000000000000e+02
4.259066056466309647e+00 -1.898373484384628185e+01 0.000000000000000000e+00 -6.723342072455729124e-02 3.369039598567624694e-01 0.000000000000000000e+00 2.481000000000000227e+02
4.231509234506320105e+00 -1.895295570494923965e+01 0.000000000000000000e+00 -2.755682195998954143e-01 3.077913889704220196e-01 0.000000000000000000e+00 2.482000000000000171e+02
4.203952412546329676e+00 -1.892217656605219744e+01 0.000000000000000000e+00 -2.755682195999042960e-01 3.077913889704220196e-01 0.000000000000000000e+00 2.483000000000000114e+02
4.176395590586340134e+00 -1.889139742715515524e+01 0.000000000000000000e+00 -2.755682195998954143e-01 3.077913889704220196e-01 0.000000000000000000e+00 2.484000000000000057e+02
4.148838768626349705e+00 -1.886061828825811304e+01 0.000000000000000000e+00 -2.755682195999042960e-01 3.077913889704220196e-01 0.000000000000000000e+00 2.485000000000000000e+02
4.121281946666360163e+00 -1.882983914936107084e+01 0.000000000000000000e+00 -2.755682195998954143e-01 3.077913889704220196e-01 0.000000000000000000e+00 2.486000000000000227e+02
4.093725124706369733e+00 -1.879906001046402864e+01 0.000000000000000000e+00 -2.755682195999042960e-01 3.077913889704220196e-01 0.000000000000000000e+00 2.487000000000000171e+02
4.066168302746380192e+00 -1.876828087156698288e+01 0.000000000000000000e+00 -2.755682195998954143e-01 3.077913889704575467e-01 0.000000000000000000e+00 2.488000000000000114e+02
4.038611480786389762e+00 -1.873750173266994068e+01 0.000000000000000000e+00 -2.755682195999042960e-01 3.077913889704220196e-01 0.000000000000000000e+00 2.489000000000000057e+02
4.011054658826400221e+00 -1.870672259377289848e+01 0.000000000000000000e+00 -2.755682195998954143e-01 3.077913889704220196e-01 0.000000000000000000e+00 2.490000000000000000e+02
3.983757781164491973e+00 -1.867639651672623557e+01 0.000000000000000000e+00 -2.729687766190824760e-01 3.032607704666290260e-01 0.000000000000000000e+00 2.491000000000000227e+02
3.957329765176326397e+00 -1.864758479518008727e+01 0.000000000000000000e+00 -2.642801598816557629e-01 2.881172154614830561e-01 0.000000000000000000e+00 2.492000000000000171e+02
3.930901749188160377e+00 -1.861877307363394252e+01 0.000000000000000000e+00 -2.642801598816602038e-01 2.881172154614475289e-01 0.000000000000000000e+00 2.493000000000000114e+02
3.904473733199994800e+00 -1.858996135208779421e+01 0.000000000000000000e+00 -2.642801598816557629e-01 2.881172154614830561e-01 0.000000000000000000e+00 2.494000000000000057e+02
3.878045717211829224e+00 -1.856114963054164946e+01 0.000000000000000000e+00 -2.642801598816557629e-01 2.881172154614475289e-01 0.000000000000000000e+00 2.495000000000000000e+02
3.851617701223663204e+00 -1.853233790899550115e+01 0.000000000000000000e+00 -2.642801598816602038e-01 2.881172154614830561e-01 0.000000000000000000e+00 2.496000000000000227e+02
3.825189685235497628e+00 -1.850352618744935640e+01 0.000000000000000000e+00 -2.642801598816557629e-01 2.881172154614475289e-01 0.000000000000000000e+00 2.497000000000000171e+02
3.798761669247331607e+00 -1.847471446590321165e+01 0.000000000000000000e+00 -2.642801598816602038e-01 2.881172154614475289e-01 0.000000000000000000e+00 2.498000000000000114e+02
3.772333653259166031e+00 -1.844590274435706334e+01 0.000000000000000000e+00 -2.642801598816557629e-01 2.881172154614830561e-01 0.000000000000000000e+00 2.499000000000000057e+02
3.745905637271000455e+00 -1.841709102281091859e+01 0.000000000000000000e+00 -2.642801598816557629e-01 2.881172154614475289e-01 0.000000000000000000e+00 2.500000000000000000e+02
3.725668296543386493e+00 -1.839056189079483516e+01 0.000000000000000000e+00 -2.023734072761396163e-01 2.652913201608342320e-01 0.000000000000000000e+00 2.501000000000000227e+02
3.705553685261806063e+00 -1.836407801086140523e+01 0.000000000000000000e+00 -2.011461128158043010e-01 2.648387993342993241e-01 0.000000000000000000e+00 2.502000000000000171e+02
3.685439073980225633e+00 -1.833759413092797530e+01 0.000000000000000000e+00 -2.011461128158043010e-01 2.648387993342993241e-01 0.000000000000000000e+00 2.503000000000000114e+02
3.665324462698645203e+00 -1.831111025099454537e+01 0.000000000000000000e+00 -2.011461128158043010e-01 2.648387993342993241e-01 0.000000000000000000e+00 2.504000000000000057e+02
3.645209851417064773e+00 -1.828462637106111544e+01 0.000000000000000000e+00 -2.011461128158043010e-01 2.648387993342993241e-01 0.000000000000000000e+00 2.505000000000000000e+02
3.625095240135484342e+00 -1.825814249112768195e+01 0.000000000000000000e+00 -2.011461128158043010e-01 2.648387993343348512e-01 0.000000000000000000e+00 2.506000000000000227e+02
3.604980628853903912e+00 -1.823165861119425202e+01 0.000000000000000000e+00 -2.011461128158043010e-01 2.648387993342993241e-01 0.000000000000000000e+00 2.507000000000000171e+02
3.594641847093650089e+00 -1.820451283228737438e+01 0.000000000000000000e+00 -1.033878176025382345e-01 2.714577890687763784e-01 0.000000000000000000e+00 2.508000000000000114e+02
3.599427116625934175e+00 -1.817634303858941891e+01 0.000000000000000000e+00 4.785269532284086580e-02 2.816979369795546972e-01 0.000000000000000000e+00 2.509000000000000057e+02
3.604212386158218262e+00 -1.814817324489146344e+01 0.000000000000000000e+00 4.785269532284086580e-02 2.816979369795546972e-01 0.000000000000000000e+00 2.510000000000000000e+02
3.608997655690502793e+00 -1.812000345119350797e+01 0.000000000000000000e+00 4.785269532284530669e-02 2.816979369795546972e-01 0.000000000000000000e+00 2.511000000000000227e+02
3.613782925222786879e+00 -1.809183365749555250e+01 0.000000000000000000e+00 4.785269532284086580e-02 2.816979369795546972e-01 0.000000000000000000e+00 2.512000000000000171e+02
3.618568194755071410e+00 -1.806366386379760058e+01 0.000000000000000000e+00 4.785269532284530669e-02 2.816979369795191701e-01 0.000000000000000000e+00 2.513000000000000114e+02
3.623353464287355497e+00 -1.803549407009964511e+01 0.000000000000000000e+00 4.785269532284086580e-02 2.816979369795546972e-01 0.000000000000000000e+00 2.514000000000000057e+02
3.629260120217012275e+00 -1.800813213027617010e+01 0.000000000000000000e+00 5.906655929656778881e-02 2.736193982347501219e-01 0.000000000000000000e+00 2.515000000000000000e+02
3.636142534068991683e+00 -1.798147313264991709e+01 0.000000000000000000e+00 6.882413851979407582e-02 2.665899762625301150e-01 0.000000000000000000e+00 2.516000000000000227e+02
3.643024947920970646e+00 -1.795481413502366408e+01 0.000000000000000000e+00 6.882413851978963493e-02 2.665899762625301150e-01 0.000000000000000000e+00 2.517000000000000171e+02
3.649907361772949610e+00 -1.792815513739741107e+01 0.000000000000000000e+00 6.882413851978963493e-02 2.665899762625301150e-01 0.000000000000000000e+00 2.518000000000000114e+02
3.656789775624929018e+00 -1.790149613977115806e+01 0.000000000000000000e+00 6.882413851979407582e-02 2.665899762625301150e-01 0.000000000000000000e+00 2.519000000000000057e+02
3.663672189476907981e+00 -1.787483714214490504e+01 0.000000000000000000e+00 6.882413851978963493e-02 2.665899762625301150e-01 0.000000000000000000e+00 2.520000000000000000e+02
3.670548471876424301e+00 -1.784817880340018803e+01 0.000000000000000000e+00 6.876282399516320254e-02 2.665833874471701392e-01 0.000000000000000000e+00 2.521000000000000227e+02
3.676043428772555632e+00 -1.782166890091444600e+01 0.000000000000000000e+00 5.494956896131331092e-02 2.650990248574203179e-01 0.000000000000000000e+00 2.522000000000000171e+02
3.681538385668686519e+00 -1.779515899842870752e+01 0.000000000000000000e+00 5.494956896130887003e-02 2.650990248573847907e-01 0.000000000000000000e+00 2.523000000000000114e+02
3.687033342564817406e+00 -1.776864909594296904e+01 0.000000000000000000e+00 5.494956896130887003e-02 2.650990248573847907e-01 0.000000000000000000e+00 2.524000000000000057e+02
3.692528299460948737e+00 -1.774213919345722701e+01 0.000000000000000000e+00 5.494956896131331092e-02 2.650990248574203179e-01 0.000000000000000000e+00 2.525000000000000000e+02
3.698023256357079624e+00 -1.771562929097148853e+01 0.000000000000000000e+00 5.494956896130887003e-02 2.650990248573847907e-01 0.000000000000000000e+00 2.526000000000000227e+02
3.703518213253210511e+00 -1.768911938848575005e+01 0.000000000000000000e+00 5.494956896130887003e-02 2.650990248573847907e-01 0.000000000000000000e+00 2.527000000000000171e+02
3.709086887578773251e+00 -1.766110270066379684e+01 0.000000000000000000e+00 5.568674325562739114e-02 2.801668782195321228e-01 0.000000000000000000e+00 2.528000000000000114e+02
3.714695555998310805e+00 -1.763226853297581442e+01 0.000000000000000000e+00 5.608668419537554684e-02 2.883416768798241492e-01 0.000000000000000000e+00 2.529000000000000057e+02
3.720304224417847916e+00 -1.760343436528783201e+01 0.000000000000000000e+00 5.608668419537110594e-02 2.883416768798241492e-01 0.000000000000000000e+00 2.530000000000000000e+02
3.725912892837385026e+00 -1.757460019759985315e+01 0.000000000000000000e+00 5.608668419537110594e-02 2.883416768797886220e-01 0.000000000000000000e+00 2.531000000000000227e+02
3.731521561256922137e+00 -1.754576602991187073e+01 0.000000000000000000e+00 5.608668419537110594e-02 2.883416768798241492e-01 0.000000000000000000e+00 2.532000000000000171e+02
3.737130229676459248e+00 -1.751693186222388832e+01 0.000000000000000000e+00 5.608668419537110594e-02 2.883416768798241492e-01 0.000000000000000000e+00 2.533000000000000114e+02
3.742738898095996358e+00 -1.748809769453590590e+01 0.000000000000000000e+00 5.608668419537110594e-02 2.883416768798241492e-01 0.000000000000000000e+00 2.534000000000000057e+02
3.747903910421629181e+00 -1.746122488841836429e+01 0.000000000000000000e+00 5.165012325632822865e-02 2.687280611754161441e-01 0.000000000000000000e+00 2.535000000000000000e+02
3.752936369678914197e+00 -1.743493808686127622e+01 0.000000000000000000e+00 5.032459257285015752e-02 2.628680155708806865e-01 0.000000000000000000e+00 2.536000000000000227e+02
3.757968828936199213e+00 -1.740865128530418815e+01 0.000000000000000000e+00 5.032459257285015752e-02 2.628680155708806865e-01 0.000000000000000000e+00 2.537000000000000171e+02
3.763001288193484228e+00 -1.738236448374710008e+01 0.000000000000000000e+00 5.032459257285015752e-02 2.628680155708806865e-01 0.000000000000000000e+00 2.538000000000000114e+02
3.768033747450768800e+00 -1.735607768219001201e+01 0.000000000000000000e+00 5.032459257284571663e-02 2.628680155708806865e-01 0.000000000000000000e+00 2.539000000000000057e+02
3.773066206708053816e+00 -1.732979088063292394e+01 0.000000000000000000e+00 5.032459257285015752e-02 2.628680155708806865e-01 0.000000000000000000e+00 2.540000000000000000e+02
3.778085104780825265e+00 -1.730344246525434215e+01 0.000000000000000000e+00 5.018898072771449392e-02 2.634841537858179095e-01 0.000000000000000000e+00 2.541000000000000227e+02
3.783090571293662219e+00 -1.727703302498996862e+01 0.000000000000000000e+00 5.005466512836953541e-02 2.640944026437352932e-01 0.000000000000000000e+00 2.542000000000000171e+02
3.788096037806499172e+00 -1.725062358472559509e+01 0.000000000000000000e+00 5.005466512836953541e-02 2.640944026437352932e-01 0.000000000000000000e+00 2.543000000000000114e+02
3.793101504319336126e+00 -1.722421414446122157e+01 0.000000000000000000e+00 5.005466512836953541e-02 2.640944026437352932e-01 0.000000000000000000e+00 2.544000000000000057e+02
3.798106970832173079e+00 -1.719780470419684804e+01 0.000000000000000000e+00 5.005466512836953541e-02 2.640944026437352932e-01 0.000000000000000000e+00 2.545000000000000000e+02
3.803112437345010033e+00 -1.717139526393247451e+01 0.000000000000000000e+00 5.005466512836953541e-02 2.640944026437352932e-01 0.000000000000000000e+00 2.546000000000000227e+02
3.808224540031180272e+00 -1.714428705518751883e+01 0.000000000000000000e+00 5.112102686170238997e-02 2.710820874495567523e-01 0.000000000000000000e+00 2.547000000000000171e+02
3.813748768323273364e+00 -1.711447825831701053e+01 0.000000000000000000e+00 5.524228292093091852e-02 2.980879687050830285e-01 0.000000000000000000e+00 2.548000000000000114e+02
3.819272996615366011e+00 -1.708466946144650223e+01 0.000000000000000000e+00 5.524228292092647763e-02 2.980879687050830285e-01 0.000000000000000000e+00 2.549000000000000057e+02
3.824797224907459103e+00 -1.705486066457599037e+01 0.000000000000000000e+00 5.524228292093091852e-02 2.980879687051185556e-01 0.000000000000000000e+00 2.550000000000000000e+02
3.830321453199551751e+00 -1.702505186770548207e+01 0.000000000000000000e+00 5.524228292092647763e-02 2.980879687050830285e-01 0.000000000000000000e+00 2.551000000000000227e+02
3.835845681491644843e+00 -1.699524307083497376e+01 0.000000000000000000e+00 5.524228292093091852e-02 2.980879687050830285e-01 0.000000000000000000e+00 2.552000000000000171e+02
3.841369909783737491e+00 -1.696543427396446191e+01 0.000000000000000000e+00 5.524228292092647763e-02 2.980879687051185556e-01 0.000000000000000000e+00 2.553000000000000114e+02
3.846915304752496656e+00 -1.693548078755969399e+01 0.000000000000000000e+00 5.545394968759165266e-02 2.995348640476791502e-01 0.000000000000000000e+00 2.554000000000000057e+02
3.852654042421629565e+00 -1.690420566404998226e+01 0.000000000000000000e+00 5.738737669132909502e-02 3.127512350971173305e-01 0.000000000000000000e+00 2.555000000000000000e+02
3.858392780090762475e+00 -1.687293054054027408e+01 0.000000000000000000e+00 5.738737669132909502e-02 3.127512350970818034e-01 0.000000000000000000e+00 2.556000000000000227e+02
3.864131517759895385e+00 -1.684165541703056235e+01 0.000000000000000000e+00 5.738737669132909502e-02 3.127512350971173305e-01 0.000000000000000000e+00 2.557000000000000171e+02
3.869870255429028294e+00 -1.681038029352085417e+01 0.000000000000000000e+00 5.738737669132909502e-02 3.127512350970818034e-01 0.000000000000000000e+00 2.558000000000000114e+02
3.875608993098161204e+00 -1.677910517001114599e+01 0.000000000000000000e+00 5.738737669132909502e-02 3.127512350970818034e-01 0.000000000000000000e+00 2.559000000000000057e+02
3.881347730767294557e+00 -1.674783004650143425e+01 0.000000000000000000e+00 5.738737669133353592e-02 3.127512350971173305e-01 0.000000000000000000e+00 2.560000000000000000e+02
3.887086468436427467e+00 -1.671655492299172607e+01 0.000000000000000000e+00 5.738737669132909502e-02 3.127512350970818034e-01 0.000000000000000000e+00 2.561000000000000227e+02
3.892321206746634399e+00 -1.668753734819030399e+01 0.000000000000000000e+00 5.234738310206932255e-02 2.901757480142208578e-01 0.000000000000000000e+00 2.561999999999999886e+02
3.897325337133428658e+00 -1.665955272831313394e+01 0.000000000000000000e+00 5.004130386794258811e-02 2.798461987717004718e-01 0.000000000000000000e+00 2.563000000000000114e+02
3.902329467520222916e+00 -1.663156810843596389e+01 0.000000000000000000e+00 5.004130386794258811e-02 2.798461987717004718e-01 0.000000000000000000e+00 2.564000000000000341e+02
3.907333597907017619e+00 -1.660358348855879385e+01 0.000000000000000000e+00 5.004130386794702900e-02 2.798461987717004718e-01 0.000000000000000000e+00 2.565000000000000000e+02
3.912337728293811878e+00 -1.657559886868162380e+01 0.000000000000000000e+00 5.004130386794258811e-02 2.798461987717004718e-01 0.000000000000000000e+00 2.566000000000000227e+02
3.917341858680606581e+00 -1.654761424880445020e+01 0.000000000000000000e+00 5.004130386794702900e-02 2.798461987717359989e-01 0.000000000000000000e+00 2.566999999999999886e+02
3.922238561284657532e+00 -1.651960353435745077e+01 0.000000000000000000e+00 4.896702604050950924e-02 2.801071444699942958e-01 0.000000000000000000e+00 2.568000000000000114e+02
3.925267704382116918e+00 -1.649113918342356655e+01 0.000000000000000000e+00 3.029143097459385814e-02 2.846435093388421933e-01 0.000000000000000000e+00 2.569000000000000341e+02
3.928296847479575860e+00 -1.646267483248968233e+01 0.000000000000000000e+00 3.029143097458941725e-02 2.846435093388421933e-01 0.000000000000000000e+00 2.570000000000000000e+02
3.931325990577034801e+00 -1.643421048155579811e+01 0.000000000000000000e+00 3.029143097458941725e-02 2.846435093388421933e-01 0.000000000000000000e+00 2.571000000000000227e+02
3.934355133674493743e+00 -1.640574613062191744e+01 0.000000000000000000e+00 3.029143097458941725e-02 2.846435093388066662e-01 0.000000000000000000e+00 2.571999999999999886e+02
3.937384276771952685e+00 -1.637728177968803323e+01 0.000000000000000000e+00 3.029143097458941725e-02 2.846435093388421933e-01 0.000000000000000000e+00 2.573000000000000114e+02
3.940413419869412071e+00 -1.634881742875414901e+01 0.000000000000000000e+00 3.029143097459385814e-02 2.846435093388421933e-01 0.000000000000000000e+00 2.574000000000000341e+02
3.933523068999666528e+00 -1.631890460335096549e+01 0.000000000000000000e+00 -6.890350869745542894e-02 2.991282540318351835e-01 0.000000000000000000e+00 2.575000000000000000e+02
3.919323927842293998e+00 -1.628792452631498122e+01 0.000000000000000000e+00 -1.419914115737253013e-01 3.098007703598426588e-01 0.000000000000000000e+00 2.576000000000000227e+02
3.905124786684921023e+00 -1.625694444927899340e+01 0.000000000000000000e+00 -1.419914115737297422e-01 3.098007703598781859e-01 0.000000000000000000e+00 2.576999999999999886e+02
3.890925645527548493e+00 -1.622596437224300558e+01 0.000000000000000000e+00 -1.419914115737253013e-01 3.098007703598781859e-01 0.000000000000000000e+00 2.578000000000000114e+02
3.876726504370175963e+00 -1.619498429520702132e+01 0.000000000000000000e+00 -1.419914115737253013e-01 3.098007703598426588e-01 0.000000000000000000e+00 2.579000000000000341e+02
3.862527363212803433e+00 -1.616400421817103350e+01 0.000000000000000000e+00 -1.419914115737253013e-01 3.098007703598781859e-01 0.000000000000000000e+00 2.580000000000000000e+02
3.848328222055430903e+00 -1.613302414113504568e+01 0.000000000000000000e+00 -1.419914115737253013e-01 3.098007703598781859e-01 0.000000000000000000e+00 2.581000000000000227e+02
3.834129080898058373e+00 -1.610204406409906142e+01 0.000000000000000000e+00 -1.419914115737253013e-01 3.098007703598426588e-01 0.000000000000000000e+00 2.581999999999999886e+02
3.820187411567832481e+00 -1.607134083599989793e+01 0.000000000000000000e+00 -1.394166933022589205e-01 3.070322809916348206e-01 0.000000000000000000e+00 2.583000000000000114e+02
3.806774340079428054e+00 -1.604120598756440330e+01 0.000000000000000000e+00 -1.341307148840442665e-01 3.013484843549463221e-01 0.000000000000000000e+00 2.584000000000000341e+02
3.793361268591023183e+00 -1.601107113912890512e+01 0.000000000000000000e+00 -1.341307148840487073e-01 3.013484843549818493e-01 0.000000000000000000e+00 2.585000000000000000e+02
3.779948197102618757e+00 -1.598093629069341048e+01 0.000000000000000000e+00 -1.341307148840442665e-01 3.013484843549463221e-01 0.000000000000000000e+00 2.586000000000000227e+02
3.766535125614214330e+00 -1.595080144225791408e+01 0.000000000000000000e+00 -1.341307148840442665e-01 3.013484843549640857e-01 0.000000000000000000e+00 2.586999999999999886e+02
3.753122054125809903e+00 -1.592066659382241767e+01 0.000000000000000000e+00 -1.341307148840442665e-01 3.013484843549640857e-01 0.000000000000000000e+00 2.588000000000000114e+02
3.739708982637405033e+00 -1.589053174538692126e+01 0.000000000000000000e+00 -1.341307148840487073e-01 3.013484843549640857e-01 0.000000000000000000e+00 2.589000000000000341e+02
3.726295911149000606e+00 -1.586039689695142485e+01 0.000000000000000000e+00 -1.341307148840442665e-01 3.013484843549640857e-01 0.000000000000000000e+00 2.590000000000000000e+02
3.713985618582479109e+00 -1.583189829742781640e+01 0.000000000000000000e+00 -1.231029256652149684e-01 2.849859952360844773e-01 0.000000000000000000e+00 2.591000000000000227e+02
3.703050350016032333e+00 -1.580543989062035060e+01 0.000000000000000000e+00 -1.093526856644677636e-01 2.645840680746580631e-01 0.000000000000000000e+00 2.591999999999999886e+02
3.692115081449585556e+00 -1.577898148381288479e+01 0.000000000000000000e+00 -1.093526856644677636e-01 2.645840680746580631e-01 0.000000000000000000e+00 2.593000000000000114e+02
3.681179812883138336e+00 -1.575252307700541721e+01 0.000000000000000000e+00 -1.093526856644722045e-01 2.645840680746758267e-01 0.000000000000000000e+00 2.594000000000000341e+02
3.670244544316691560e+00 -1.572606467019795140e+01 0.000000000000000000e+00 -1.093526856644677636e-01 2.645840680746580631e-01 0.000000000000000000e+00 2.595000000000000000e+02
3.659309275750244783e+00 -1.569960626339048559e+01 0.000000000000000000e+00 -1.093526856644677636e-01 2.645840680746580631e-01 0.000000000000000000e+00 2.596000000000000227e+02
3.648374007183798007e+00 -1.567314785658301979e+01 0.000000000000000000e+00 -1.093526856644677636e-01 2.645840680746580631e-01 0.000000000000000000e+00 2.596999999999999886e+02
3.640340040465624760e+00 -1.564818927195808129e+01 0.000000000000000000e+00 -8.033966718173246591e-02 2.495858462493849572e-01 0.000000000000000000e+00 2.598000000000000114e+02
3.633513399009493217e+00 -1.562385481171048696e+01 0.000000000000000000e+00 -6.826641456131543606e-02 2.433446024759433612e-01 0.000000000000000000e+00 2.599000000000000341e+02
3.626686757553361229e+00 -1.559952035146289084e+01 0.000000000000000000e+00 -6.826641456131987695e-02 2.433446024759611248e-01 0.000000000000000000e+00 2.600000000000000000e+02
3.619860116097229685e+00 -1.557518589121529473e+01 0.000000000000000000e+00 -6.826641456131543606e-02 2.433446024759611248e-01 0.000000000000000000e+00 2.601000000000000227e+02
3.613033474641098142e+00 -1.555085143096769862e+01 0.000000000000000000e+00 -6.826641456131543606e-02 2.433446024759611248e-01 0.000000000000000000e+00 2.601999999999999886e+02
3.606206833184966598e+00 -1.552651697072010251e+01 0.000000000000000000e+00 -6.826641456131543606e-02 2.433446024759611248e-01 0.000000000000000000e+00 2.603000000000000114e+02
3.611148784075130624e+00 -1.550228754702424538e+01 0.000000000000000000e+00 4.941950890164026333e-02 2.422942369585712186e-01 0.000000000000000000e+00 2.604000000000000341e+02
3.623535206082225901e+00 -1.547812456641288392e+01 0.000000000000000000e+00 1.238642200709527685e-01 2.416298061136146202e-01 0.000000000000000000e+00 2.605000000000000000e+02
3.635921628089321622e+00 -1.545396158580152068e+01 0.000000000000000000e+00 1.238642200709572094e-01 2.416298061136323838e-01 0.000000000000000000e+00 2.606000000000000227e+02
3.648308050096416899e+00 -1.542979860519015745e+01 0.000000000000000000e+00 1.238642200709527685e-01 2.416298061136323838e-01 0.000000000000000000e+00 2.606999999999999886e+02
3.660694472103512176e+00 -1.540563562457879421e+01 0.000000000000000000e+00 1.238642200709527685e-01 2.416298061136323838e-01 0.000000000000000000e+00 2.608000000000000114e+02
3.673080894110607453e+00 -1.538147264396743097e+01 0.000000000000000000e+00 1.238642200709527685e-01 2.416298061136323838e-01 0.000000000000000000e+00 2.609000000000000341e+02
3.686018309704696350e+00 -1.535720750458598083e+01 0.000000000000000000e+00 1.293741559408889685e-01 2.426513938145014038e-01 0.000000000000000000e+00 2.610000000000000000e+02
3.702060920009914380e+00 -1.533236663641192088e+01 0.000000000000000000e+00 1.604261030521803022e-01 2.484086817405994907e-01 0.000000000000000000e+00 2.611000000000000227e+02
3.718103530315132854e+00 -1.530752576823786093e+01 0.000000000000000000e+00 1.604261030521847431e-01 2.484086817405994907e-01 0.000000000000000000e+00 2.611999999999999886e+02
3.734146140620350884e+00 -1.528268490006380098e+01 0.000000000000000000e+00 1.604261030521803022e-01 2.484086817405994907e-01 0.000000000000000000e+00 2.613000000000000114e+02
3.750188750925569359e+00 -1.525784403188974103e+01 0.000000000000000000e+00 1.604261030521847431e-01 2.484086817405994907e-01 0.000000000000000000e+00 2.614000000000000341e+02
3.766231361230787389e+00 -1.523300316371568108e+01 0.000000000000000000e+00 1.604261030521803022e-01 2.484086817405994907e-01 0.000000000000000000e+00 2.615000000000000000e+02
3.782273971536005419e+00 -1.520816229554162113e+01 0.000000000000000000e+00 1.604261030521803022e-01 2.484086817405994907e-01 0.000000000000000000e+00 2.616000000000000227e+02
3.798615911513188781e+00 -1.518228992605991401e+01 0.000000000000000000e+00 1.634193997718336178e-01 2.587236948170712481e-01 0.000000000000000000e+00 2.616999999999999886e+02
3.815839558120500019e+00 -1.515337916236901528e+01 0.000000000000000000e+00 1.722364660731123820e-01 2.891076369089873310e-01 0.000000000000000000e+00 2.618000000000000114e+02
3.833063204727811701e+00 -1.512446839867811477e+01 0.000000000000000000e+00 1.722364660731168229e-01 2.891076369090050946e-01 0.000000000000000000e+00 2.619000000000000341e+02
3.850286851335123384e+00 -1.509555763498721603e+01 0.000000000000000000e+00 1.722364660731168229e-01 2.891076369089873310e-01 0.000000000000000000e+00 2.620000000000000000e+02
3.867510497942435066e+00 -1.506664687129631552e+01 0.000000000000000000e+00 1.722364660731168229e-01 2.891076369090050946e-01 0.000000000000000000e+00 2.621000000000000227e+02
3.884734144549746748e+00 -1.503773610760541501e+01 0.000000000000000000e+00 1.722364660731168229e-01 2.891076369090050946e-01 0.000000000000000000e+00 2.621999999999999886e+02
3.901957791157057986e+00 -1.500882534391451628e+01 0.000000000000000000e+00 1.722364660731123820e-01 2.891076369089873310e-01 0.000000000000000000e+00 2.623000000000000114e+02
3.919181437764369669e+00 -1.497991458022361577e+01 0.000000000000000000e+00 1.722364660731168229e-01 2.891076369090050946e-01 0.000000000000000000e+00 2.624000000000000341e+02
3.936568632701332948e+00 -1.494999721707560347e+01 0.000000000000000000e+00 1.738719493696327945e-01 2.991736314801229923e-01 0.000000000000000000e+00 2.625000000000000000e+02
3.954371476862018397e+00 -1.491752163591436009e+01 0.000000000000000000e+00 1.780284416068544928e-01 3.247558116124338312e-01 0.000000000000000000e+00 2.626000000000000227e+02
3.972174321022704291e+00 -1.488504605475311671e+01 0.000000000000000000e+00 1.780284416068589337e-01 3.247558116124338312e-01 0.000000000000000000e+00 2.626999999999999886e+02
3.989977165183389740e+00 -1.485257047359187332e+01 0.000000000000000000e+00 1.780284416068544928e-01 3.247558116124338312e-01 0.000000000000000000e+00 2.628000000000000114e+02
4.007780009344075189e+00 -1.482009489243062994e+01 0.000000000000000000e+00 1.780284416068544928e-01 3.247558116124338312e-01 0.000000000000000000e+00 2.629000000000000341e+02
4.025582853504761083e+00 -1.478761931126938833e+01 0.000000000000000000e+00 1.780284416068589337e-01 3.247558116124160676e-01 0.000000000000000000e+00 2.630000000000000000e+02
4.043385697665446976e+00 -1.475514373010814495e+01 0.000000000000000000e+00 1.780284416068589337e-01 3.247558116124338312e-01 0.000000000000000000e+00 2.631000000000000227e+02
4.061188541826131981e+00 -1.472266814894690157e+01 0.000000000000000000e+00 1.780284416068500519e-01 3.247558116124338312e-01 0.000000000000000000e+00 2.631999999999999886e+02
4.078991385986817875e+00 -1.469019256778565818e+01 0.000000000000000000e+00 1.780284416068589337e-01 3.247558116124338312e-01 0.000000000000000000e+00 2.633000000000000114e+02
4.095917006742890720e+00 -1.465809051425850562e+01 0.000000000000000000e+00 1.692562075607284555e-01 3.210205352715256311e-01 0.000000000000000000e+00 2.634000000000000341e+02
4.112354615930720492e+00 -1.462619625934403977e+01 0.000000000000000000e+00 1.643760918782977143e-01 3.189425491446584715e-01 0.000000000000000000e+00 2.635000000000000000e+02
4.128792225118549375e+00 -1.459430200442957215e+01 0.000000000000000000e+00 1.643760918782888325e-01 3.189425491446762351e-01 0.000000000000000000e+00 2.636000000000000227e+02
4.145229834306379146e+00 -1.456240774951510630e+01 0.000000000000000000e+00 1.643760918782977143e-01 3.189425491446584715e-01 0.000000000000000000e+00 2.636999999999999886e+02
4.161667443494208918e+00 -1.453051349460064046e+01 0.000000000000000000e+00 1.643760918782977143e-01 3.189425491446584715e-01 0.000000000000000000e+00 2.638000000000000114e+02
4.178105052682037801e+00 -1.449861923968617283e+01 0.000000000000000000e+00 1.643760918782888325e-01 3.189425491446762351e-01 0.000000000000000000e+00 2.639000000000000341e+02
4.194542661869867572e+00 -1.446672498477170699e+01 0.000000000000000000e+00 1.643760918782977143e-01 3.189425491446584715e-01 0.000000000000000000e+00 2.640000000000000000e+02
4.210980271057697344e+00 -1.443483072985724114e+01 0.000000000000000000e+00 1.643760918782977143e-01 3.189425491446584715e-01 0.000000000000000000e+00 2.641000000000000227e+02
4.226945415312751919e+00 -1.440371089673854144e+01 0.000000000000000000e+00 1.596514425505457524e-01 3.111983311869970237e-01 0.000000000000000000e+00 2.641999999999999886e+02
4.241200445191328328e+00 -1.437539412847086417e+01 0.000000000000000000e+00 1.425502987857640846e-01 2.831676826767726141e-01 0.000000000000000000e+00 2.643000000000000114e+02
4.255455475069904736e+00 -1.434707736020318514e+01 0.000000000000000000e+00 1.425502987857640846e-01 2.831676826767903776e-01 0.000000000000000000e+00 2.644000000000000341e+02
4.269710504948481145e+00 -1.431876059193550610e+01 0.000000000000000000e+00 1.425502987857640846e-01 2.831676826767903776e-01 0.000000000000000000e+00 2.645000000000000000e+02
4.283965534827057553e+00 -1.429044382366782884e+01 0.000000000000000000e+00 1.425502987857640846e-01 2.831676826767726141e-01 0.000000000000000000e+00 2.646000000000000227e+02
4.298220564705633961e+00 -1.426212705540014980e+01 0.000000000000000000e+00 1.425502987857640846e-01 2.831676826767903776e-01 0.000000000000000000e+00 2.646999999999999886e+02
4.312475594584210370e+00 -1.423381028713247076e+01 0.000000000000000000e+00 1.425502987857640846e-01 2.831676826767903776e-01 0.000000000000000000e+00 2.648000000000000114e+02
4.326730624462787667e+00 -1.420549351886479172e+01 0.000000000000000000e+00 1.425502987857729664e-01 2.831676826767903776e-01 0.000000000000000000e+00 2.649000000000000341e+02
4.339771865560898334e+00 -1.417904641319355363e+01 0.000000000000000000e+00 1.304124109811066745e-01 2.644710567123809142e-01 0.000000000000000000e+00 2.650000000000000000e+02
4.352607931987824585e+00 -1.415291534884237379e+01 0.000000000000000000e+00 1.283606642692625144e-01 2.613106435117984461e-01 0.000000000000000000e+00 2.651000000000000227e+02
4.365443998414749949e+00 -1.412678428449119572e+01 0.000000000000000000e+00 1.283606642692536326e-01 2.613106435117806825e-01 0.000000000000000000e+00 2.651999999999999886e+02
4.378280064841676200e+00 -1.410065322014001765e+01 0.000000000000000000e+00 1.283606642692625144e-01 2.613106435117806825e-01 0.000000000000000000e+00 2.653000000000000114e+02
4.391116131268601563e+00 -1.407452215578883781e+01 0.000000000000000000e+00 1.283606642692536326e-01 2.613106435117984461e-01 0.000000000000000000e+00 2.654000000000000341e+02
4.403952197695527815e+00 -1.404839109143765974e+01 0.000000000000000000e+00 1.283606642692625144e-01 2.613106435117806825e-01 0.000000000000000000e+00 2.655000000000000000e+02
4.416751024545329862e+00 -1.402229962011964481e+01 0.000000000000000000e+00 1.279882684980204743e-01 2.609147131801492492e-01 0.000000000000000000e+00 2.656000000000000227e+02
4.428602598189582018e+00 -1.399721526624172085e+01 0.000000000000000000e+00 1.185157364425215576e-01 2.508435387792395943e-01 0.000000000000000000e+00 2.656999999999999886e+02
4.440454171833834174e+00 -1.397213091236379512e+01 0.000000000000000000e+00 1.185157364425215576e-01 2.508435387792573579e-01 0.000000000000000000e+00 2.658000000000000114e+02
4.452305745478086330e+00 -1.394704655848586938e+01 0.000000000000000000e+00 1.185157364425215576e-01 2.508435387792573579e-01 0.000000000000000000e+00 2.659000000000000341e+02
4.464157319122338485e+00 -1.392196220460794365e+01 0.000000000000000000e+00 1.185157364425215576e-01 2.508435387792573579e-01 0.000000000000000000e+00 2.660000000000000000e+02
4.476008892766590641e+00 -1.389687785073001791e+01 0.000000000000000000e+00 1.185157364425215576e-01 2.508435387792573579e-01 0.000000000000000000e+00 2.661000000000000227e+02
4.487860466410842797e+00 -1.387179349685209218e+01 0.000000000000000000e+00 1.185157364425215576e-01 2.508435387792573579e-01 0.000000000000000000e+00 2.661999999999999886e+02
4.499328423896542084e+00 -1.384772867460978141e+01 0.000000000000000000e+00 1.146795748569928719e-01 2.406482224231076827e-01 0.000000000000000000e+00 2.663000000000000114e+02
4.510362859307038619e+00 -1.382481601830353135e+01 0.000000000000000000e+00 1.103443541049653476e-01 2.291265630625005656e-01 0.000000000000000000e+00 2.664000000000000341e+02
4.521397294717534265e+00 -1.380190336199728129e+01 0.000000000000000000e+00 1.103443541049564658e-01 2.291265630625005656e-01 0.000000000000000000e+00 2.665000000000000000e+02
4.532431730128029912e+00 -1.377899070569103301e+01 0.000000000000000000e+00 1.103443541049564658e-01 2.291265630624828020e-01 0.000000000000000000e+00 2.666000000000000227e+02
4.543466165538525559e+00 -1.375607804938478296e+01 0.000000000000000000e+00 1.103443541049564658e-01 2.291265630625005656e-01 0.000000000000000000e+00 2.666999999999999886e+02
4.554500600949021205e+00 -1.373316539307853290e+01 0.000000000000000000e+00 1.103443541049564658e-01 2.291265630625005656e-01 0.000000000000000000e+00 2.668000000000000114e+02
4.563746330387711936e+00 -1.371009160687762396e+01 0.000000000000000000e+00 9.245729438690730717e-02 2.307378620090894117e-01 0.000000000000000000e+00 2.669000000000000341e+02
4.569558186468310801e+00 -1.368670849110484156e+01 0.000000000000000000e+00 5.811856080598865049e-02 2.338311577278240350e-01 0.000000000000000000e+00 2.670000000000000000e+02
4.575370042548908778e+00 -1.366332537533205738e+01 0.000000000000000000e+00 5.811856080597976870e-02 2.338311577278417985e-01 0.000000000000000000e+00 2.671000000000000227e+02
4.581181898629507643e+00 -1.363994225955927497e+01 0.000000000000000000e+00 5.811856080598865049e-02 2.338311577278240350e-01 0.000000000000000000e+00 2.671999999999999886e+02
4.586993754710105620e+00 -1.361655914378649257e+01 0.000000000000000000e+00 5.811856080597976870e-02 2.338311577278240350e-01 0.000000000000000000e+00 2.673000000000000114e+02
4.592805610790704485e+00 -1.359317602801371017e+01 0.000000000000000000e+00 5.811856080598865049e-02 2.338311577278240350e-01 0.000000000000000000e+00 2.674000000000000341e+02
4.598617466871303350e+00 -1.356979291224092776e+01 0.000000000000000000e+00 5.811856080598865049e-02 2.338311577278240350e-01 0.000000000000000000e+00 2.675000000000000000e+02
4.586981853977067480e+00 -1.354457813278541956e+01 0.000000000000000000e+00 -1.163561289423586942e-01 2.521477945550820721e-01 0.000000000000000000e+00 2.676000000000000227e+02
4.563428869962211643e+00 -1.351811224831825164e+01 0.000000000000000000e+00 -2.355298401485583781e-01 2.646588446716791054e-01 0.000000000000000000e+00 2.676999999999999886e+02
4.539875885947355805e+00 -1.349164636385108551e+01 0.000000000000000000e+00 -2.355298401485583781e-01 2.646588446716613419e-01 0.000000000000000000e+00 2.678000000000000114e+02
4.516322901932499967e+00 -1.346518047938391760e+01 0.000000000000000000e+00 -2.355298401485583781e-01 2.646588446716791054e-01 0.000000000000000000e+00 2.679000000000000341e+02
4.492769917917644129e+00 -1.343871459491675147e+01 0.000000000000000000e+00 -2.355298401485583781e-01 2.646588446716613419e-01 0.000000000000000000e+00 2.680000000000000000e+02
4.469216933902788291e+00 -1.341224871044958356e+01 0.000000000000000000e+00 -2.355298401485583781e-01 2.646588446716791054e-01 0.000000000000000000e+00 2.681000000000000227e+02
4.445663949887932453e+00 -1.338578282598241742e+01 0.000000000000000000e+00 -2.355298401485583781e-01 2.646588446716613419e-01 0.000000000000000000e+00 2.681999999999999886e+02
4.422110965873076616e+00 -1.335931694151524951e+01 0.000000000000000000e+00 -2.355298401485583781e-01 2.646588446716791054e-01 0.000000000000000000e+00 2.683000000000000114e+02
4.396696468738434227e+00 -1.333498175209243897e+01 0.000000000000000000e+00 -2.541449713464238869e-01 2.433518942281054365e-01 0.000000000000000000e+00 2.684000000000000341e+02
4.370183284531218959e+00 -1.331190412409960011e+01 0.000000000000000000e+00 -2.651318420721526792e-01 2.307762799283885613e-01 0.000000000000000000e+00 2.685000000000000000e+02
4.343670100324003691e+00 -1.328882649610675948e+01 0.000000000000000000e+00 -2.651318420721526792e-01 2.307762799284063249e-01 0.000000000000000000e+00 2.686000000000000227e+02
4.317156916116788423e+00 -1.326574886811392062e+01 0.000000000000000000e+00 -2.651318420721526792e-01 2.307762799283885613e-01 0.000000000000000000e+00 2.686999999999999886e+02
4.290643731909573155e+00 -1.324267124012108177e+01 0.000000000000000000e+00 -2.651318420721526792e-01 2.307762799283885613e-01 0.000000000000000000e+00 2.688000000000000114e+02
4.264130547702357887e+00 -1.321959361212824113e+01 0.000000000000000000e+00 -2.651318420721526792e-01 2.307762799284063249e-01 0.000000000000000000e+00 2.689000000000000341e+02
4.237617363495142619e+00 -1.319651598413540228e+01 0.000000000000000000e+00 -2.651318420721526792e-01 2.307762799283885613e-01 0.000000000000000000e+00 2.690000000000000000e+02
4.211104179287927352e+00 -1.317343835614256342e+01 0.000000000000000000e+00 -2.651318420721526792e-01 2.307762799283885613e-01 0.000000000000000000e+00 2.691000000000000227e+02
4.187508227240779313e+00 -1.315356742341725926e+01 0.000000000000000000e+00 -2.359595204714803884e-01 1.987093272530415788e-01 0.000000000000000000e+00 2.691999999999999886e+02
4.165570048771166434e+00 -1.313551875727687168e+01 0.000000000000000000e+00 -2.193817846961287898e-01 1.804866614038758144e-01 0.000000000000000000e+00 2.693000000000000114e+02
4.143631870301553555e+00 -1.311747009113648232e+01 0.000000000000000000e+00 -2.193817846961287898e-01 1.804866614038935779e-01 0.000000000000000000e+00 2.694000000000000341e+02
4.121693691831939788e+00 -1.309942142499609297e+01 0.000000000000000000e+00 -2.193817846961376716e-01 1.804866614038935779e-01 0.000000000000000000e+00 2.695000000000000000e+02
4.099755513362326909e+00 -1.308137275885570538e+01 0.000000000000000000e+00 -2.193817846961287898e-01 1.804866614038758144e-01 0.000000000000000000e+00 2.696000000000000227e+02
4.077817334892714030e+00 -1.306332409271531603e+01 0.000000000000000000e+00 -2.193817846961287898e-01 1.804866614038935779e-01 0.000000000000000000e+00 2.696999999999999886e+02
4.055879156423101151e+00 -1.304527542657492845e+01 0.000000000000000000e+00 -2.193817846961287898e-01 1.804866614038758144e-01 0.000000000000000000e+00 2.698000000000000114e+02
4.034997757895243176e+00 -1.302486959145115897e+01 0.000000000000000000e+00 -2.088139852785797501e-01 2.040583512376947795e-01 0.000000000000000000e+00 2.699000000000000341e+02
4.015242310002214765e+00 -1.300195230071741115e+01 0.000000000000000000e+00 -1.975544789302841053e-01 2.291729073374781933e-01 0.000000000000000000e+00 2.700000000000000000e+02
3.995486862109186355e+00 -1.297903500998366333e+01 0.000000000000000000e+00 -1.975544789302841053e-01 2.291729073374781933e-01 0.000000000000000000e+00 2.701000000000000227e+02
3.975731414216157944e+00 -1.295611771924991551e+01 0.000000000000000000e+00 -1.975544789302841053e-01 2.291729073374781933e-01 0.000000000000000000e+00 2.701999999999999886e+02
3.955975966323129533e+00 -1.293320042851616769e+01 0.000000000000000000e+00 -1.975544789302841053e-01 2.291729073374781933e-01 0.000000000000000000e+00 2.703000000000000114e+02
3.936220518430101123e+00 -1.291028313778241987e+01 0.000000000000000000e+00 -1.975544789302841053e-01 2.291729073374781933e-01 0.000000000000000000e+00 2.704000000000000341e+02
3.916465070537072712e+00 -1.288736584704867205e+01 0.000000000000000000e+00 -1.975544789302841053e-01 2.291729073374781933e-01 0.000000000000000000e+00 2.705000000000000000e+02
3.896709622644044302e+00 -1.286444855631492423e+01 0.000000000000000000e+00 -1.975544789302841053e-01 2.291729073374781933e-01 0.000000000000000000e+00 2.706000000000000227e+02
3.885566827496065301e+00 -1.284039578301804418e+01 0.000000000000000000e+00 -1.114279514797900106e-01 2.405277329688004784e-01 0.000000000000000000e+00 2.706999999999999886e+02
3.921589187453502934e+00 -1.281012480810605503e+01 0.000000000000000000e+00 3.602235995743763297e-01 3.027097491198915691e-01 0.000000000000000000e+00 2.708000000000000114e+02
3.957611547410940567e+00 -1.277985383319406587e+01 0.000000000000000000e+00 3.602235995743763297e-01 3.027097491198915691e-01 0.000000000000000000e+00 2.709000000000000341e+02
3.993633907368378200e+00 -1.274958285828207849e+01 0.000000000000000000e+00 3.602235995743763297e-01 3.027097491198738055e-01 0.000000000000000000e+00 2.710000000000000000e+02
4.029656267325815833e+00 -1.271931188337008933e+01 0.000000000000000000e+00 3.602235995743763297e-01 3.027097491198915691e-01 0.000000000000000000e+00 2.711000000000000227e+02
4.065678627283253910e+00 -1.268904090845810018e+01 0.000000000000000000e+00 3.602235995743807706e-01 3.027097491198915691e-01 0.000000000000000000e+00 2.711999999999999886e+02
4.101700987240691099e+00 -1.265876993354611280e+01 0.000000000000000000e+00 3.602235995743718888e-01 3.027097491198738055e-01 0.000000000000000000e+00 2.713000000000000114e+02
4.137723347198129176e+00 -1.262849895863412364e+01 0.000000000000000000e+00 3.602235995743807706e-01 3.027097491198915691e-01 0.000000000000000000e+00 2.714000000000000341e+02
4.173745707155566365e+00 -1.259822798372213448e+01 0.000000000000000000e+00 3.602235995743718888e-01 3.027097491198915691e-01 0.000000000000000000e+00 2.715000000000000000e+02
4.209768067113004442e+00 -1.256795700881014710e+01 0.000000000000000000e+00 3.602235995743807706e-01 3.027097491198738055e-01 0.000000000000000000e+00 2.716000000000000227e+02
4.245790427070441631e+00 -1.253768603389815794e+01 0.000000000000000000e+00 3.602235995743718888e-01 3.027097491198915691e-01 0.000000000000000000e+00 2.716999999999999886e+02
4.281940195308064467e+00 -1.251672467295114899e+01 0.000000000000000000e+00 3.614976823762283686e-01 2.096136094700895569e-01 0.000000000000000000e+00 2.718000000000000114e+02
4.318122029872949241e+00 -1.249810637108668132e+01 0.000000000000000000e+00 3.618183456488477390e-01 1.861830186446766788e-01 0.000000000000000000e+00 2.719000000000000341e+02
4.354303864437833127e+00 -1.247948806922221365e+01 0.000000000000000000e+00 3.618183456488388572e-01 1.861830186446766788e-01 0.000000000000000000e+00 2.720000000000000000e+02
4.390485699002717901e+00 -1.246086976735774599e+01 0.000000000000000000e+00 3.618183456488477390e-01 1.861830186446766788e-01 0.000000000000000000e+00 2.721000000000000227e+02
4.426667533567601787e+00 -1.244225146549327832e+01 0.000000000000000000e+00 3.618183456488388572e-01 1.861830186446766788e-01 0.000000000000000000e+00 2.721999999999999886e+02
4.462849368132486561e+00 -1.242363316362881065e+01 0.000000000000000000e+00 3.618183456488477390e-01 1.861830186446766788e-01 0.000000000000000000e+00 2.723000000000000114e+02
4.499031202697370446e+00 -1.240501486176434298e+01 0.000000000000000000e+00 3.618183456488388572e-01 1.861830186446766788e-01 0.000000000000000000e+00 2.724000000000000341e+02
4.535213037262254332e+00 -1.238639655989987531e+01 0.000000000000000000e+00 3.618183456488388572e-01 1.861830186446766788e-01 0.000000000000000000e+00 2.725000000000000000e+02
4.571394871827139106e+00 -1.236777825803540765e+01 0.000000000000000000e+00 3.618183456488477390e-01 1.861830186446766788e-01 0.000000000000000000e+00 2.726000000000000227e+02
4.606476821282599055e+00 -1.235099940475529756e+01 0.000000000000000000e+00 3.508194945545994869e-01 1.677885328011008426e-01 0.000000000000000000e+00 2.726999999999999886e+02
4.640765528703282072e+00 -1.233554716997871914e+01 0.000000000000000000e+00 3.428870742068301780e-01 1.545223477657842182e-01 0.000000000000000000e+00 2.728000000000000114e+02
4.675054236123965978e+00 -1.232009493520214249e+01 0.000000000000000000e+00 3.428870742068390598e-01 1.545223477657664546e-01 0.000000000000000000e+00 2.729000000000000341e+02
4.709342943544648996e+00 -1.230464270042556585e+01 0.000000000000000000e+00 3.428870742068301780e-01 1.545223477657664546e-01 0.000000000000000000e+00 2.730000000000000000e+02
4.743631650965332014e+00 -1.228919046564898743e+01 0.000000000000000000e+00 3.428870742068301780e-01 1.545223477657842182e-01 0.000000000000000000e+00 2.731000000000000227e+02
4.777920358386015920e+00 -1.227373823087241078e+01 0.000000000000000000e+00 3.428870742068390598e-01 1.545223477657664546e-01 0.000000000000000000e+00 2.731999999999999886e+02
4.812209065806698938e+00 -1.225828599609583236e+01 0.000000000000000000e+00 3.428870742068301780e-01 1.545223477657842182e-01 0.000000000000000000e+00 2.733000000000000114e+02
4.846497773227381956e+00 -1.224283376131925571e+01 0.000000000000000000e+00 3.428870742068301780e-01 1.545223477657664546e-01 0.000000000000000000e+00 2.734000000000000341e+02
4.880786480648065861e+00 -1.222738152654267907e+01 0.000000000000000000e+00 3.428870742068390598e-01 1.545223477657664546e-01 0.000000000000000000e+00 2.735000000000000000e+02
4.913997982485523330e+00 -1.221816689700209935e+01 0.000000000000000000e+00 3.321150183745746887e-01 9.214629540579721834e-02 0.000000000000000000e+00 2.736000000000000227e+02
4.945706358590615359e+00 -1.221765618163034617e+01 0.000000000000000000e+00 3.170837610509202875e-01 5.107153717531787152e-03 0.000000000000000000e+00 2.736999999999999886e+02
4.977414734695707388e+00 -1.221714546625859477e+01 0.000000000000000000e+00 3.170837610509202875e-01 5.107153717514023583e-03 0.000000000000000000e+00 2.738000000000000114e+02
5.009123110800799417e+00 -1.221663475088684159e+01 0.000000000000000000e+00 3.170837610509202875e-01 5.107153717531787152e-03 0.000000000000000000e+00 2.739000000000000341e+02
5.040831486905891445e+00 -1.221612403551508841e+01 0.000000000000000000e+00 3.170837610509202875e-01 5.107153717531787152e-03 0.000000000000000000e+00 2.740000000000000000e+02
5.072539863010982586e+00 -1.221561332014333523e+01 0.000000000000000000e+00 3.170837610509114057e-01 5.107153717531787152e-03 0.000000000000000000e+00 2.741000000000000227e+02
5.104248239116074615e+00 -1.221510260477158205e+01 0.000000000000000000e+00 3.170837610509202875e-01 5.107153717531787152e-03 0.000000000000000000e+00 2.741999999999999886e+02
5.135335598754300790e+00 -1.221470189413749452e+01 0.000000000000000000e+00 3.108735963822617521e-01 4.007106340875310480e-03 0.000000000000000000e+00 2.743000000000000114e+02
5.162234060324182749e+00 -1.221504319061222787e+01 0.000000000000000000e+00 2.689846156988195958e-01 -3.412964747333546711e-03 0.000000000000000000e+00 2.744000000000000341e+02
5.189132521894063821e+00 -1.221538448708696123e+01 0.000000000000000000e+00 2.689846156988107140e-01 -3.412964747333546711e-03 0.000000000000000000e+00 2.745000000000000000e+02
5.216030983463944892e+00 -1.221572578356169458e+01 0.000000000000000000e+00 2.689846156988107140e-01 -3.412964747333546711e-03 0.000000000000000000e+00 2.746000000000000227e+02
5.242929445033825964e+00 -1.221606708003642794e+01 0.000000000000000000e+00 2.689846156988107140e-01 -3.412964747333546711e-03 0.000000000000000000e+00 2.746999999999999886e+02
5.269827906603707923e+00 -1.221640837651116307e+01 0.000000000000000000e+00 2.689846156988195958e-01 -3.412964747351310280e-03 0.000000000000000000e+00 2.748000000000000114e+02
5.296726368173588995e+00 -1.221674967298589642e+01 0.000000000000000000e+00 2.689846156988107140e-01 -3.412964747333546711e-03 0.000000000000000000e+00 2.749000000000000341e+02
5.325151799059747226e+00 -1.221825593288728307e+01 0.000000000000000000e+00 2.842543088615823166e-01 -1.506259901386641786e-02 0.000000000000000000e+00 2.750000000000000000e+02
5.354015081627459871e+00 -1.222009624088634538e+01 0.000000000000000000e+00 2.886328256771264478e-01 -1.840307999062318345e-02 0.000000000000000000e+00 2.751000000000000227e+02
5.382878364195172516e+00 -1.222193654888540770e+01 0.000000000000000000e+00 2.886328256771264478e-01 -1.840307999062318345e-02 0.000000000000000000e+00 2.751999999999999886e+02
5.411741646762885161e+00 -1.222377685688446824e+01 0.000000000000000000e+00 2.886328256771264478e-01 -1.840307999060541988e-02 0.000000000000000000e+00 2.753000000000000114e+02
5.440604929330597805e+00 -1.222561716488353056e+01 0.000000000000000000e+00 2.886328256771264478e-01 -1.840307999062318345e-02 0.000000000000000000e+00 2.754000000000000341e+02
5.469468211898310450e+00 -1.222745747288259288e+01 0.000000000000000000e+00 2.886328256771264478e-01 -1.840307999062318345e-02 0.000000000000000000e+00 2.755000000000000000e+02
5.499270009321720387e+00 -1.223429776592822904e+01 0.000000000000000000e+00 2.980179742340993698e-01 -6.840293045636158809e-02 0.000000000000000000e+00 2.756000000000000227e+02
5.531116775556296439e+00 -1.225203273305863760e+01 0.000000000000000000e+00 3.184676623457605160e-01 -1.773496713040856321e-01 0.000000000000000000e+00 2.756999999999999886e+02
5.562963541790872490e+00 -1.226976770018904617e+01 0.000000000000000000e+00 3.184676623457605160e-01 -1.773496713040856321e-01 0.000000000000000000e+00 2.758000000000000114e+02
5.594810308025448542e+00 -1.228750266731945473e+01 0.000000000000000000e+00 3.184676623457605160e-01 -1.773496713040856321e-01 0.000000000000000000e+00 2.759000000000000341e+02
5.626657074260024594e+00 -1.230523763444986329e+01 0.000000000000000000e+00 3.184676623457605160e-01 -1.773496713040856321e-01 0.000000000000000000e+00 2.760000000000000000e+02
5.658503840494600645e+00 -1.232297260158027186e+01 0.000000000000000000e+00 3.184676623457605160e-01 -1.773496713040856321e-01 0.000000000000000000e+00 2.761000000000000227e+02
5.690350606729176697e+00 -1.234070756871068042e+01 0.000000000000000000e+00 3.184676623457605160e-01 -1.773496713040856321e-01 0.000000000000000000e+00 2.761999999999999886e+02
5.722197372963752748e+00 -1.235844253584109076e+01 0.000000000000000000e+00 3.184676623457605160e-01 -1.773496713041033956e-01 0.000000000000000000e+00 2.763000000000000114e+02
5.754044139198328800e+00 -1.237617750297149932e+01 0.000000000000000000e+00 3.184676623457605160e-01 -1.773496713040856321e-01 0.000000000000000000e+00 2.764000000000000341e+02
5.784749422084216164e+00 -1.239222396741384280e+01 0.000000000000000000e+00 3.070528288588736388e-01 -1.604646444234347769e-01 0.000000000000000000e+00 2.765000000000000000e+02
5.813049206705459326e+00 -1.240471217558319417e+01 0.000000000000000000e+00 2.829978462124316252e-01 -1.248820816935136691e-01 0.000000000000000000e+00 2.766000000000000227e+02
5.841348991326702489e+00 -1.241720038375254731e+01 0.000000000000000000e+00 2.829978462124316252e-01 -1.248820816935314326e-01 0.000000000000000000e+00 2.766999999999999886e+02
5.869648775947945651e+00 -1.242968859192189868e+01 0.000000000000000000e+00 2.829978462124316252e-01 -1.248820816935136691e-01 0.000000000000000000e+00 2.768000000000000114e+02
5.897948560569188814e+00 -1.244217680009125182e+01 0.000000000000000000e+00 2.829978462124316252e-01 -1.248820816935314326e-01 0.000000000000000000e+00 2.769000000000000341e+02
5.926248345190431976e+00 -1.245466500826060319e+01 0.000000000000000000e+00 2.829978462124316252e-01 -1.248820816935136691e-01 0.000000000000000000e+00 2.770000000000000000e+02
5.954548129811674251e+00 -1.246715321642995455e+01 0.000000000000000000e+00 2.829978462124227434e-01 -1.248820816935136691e-01 0.000000000000000000e+00 2.771000000000000227e+02
5.982847914432917413e+00 -1.247964142459930770e+01 0.000000000000000000e+00 2.829978462124316252e-01 -1.248820816935314326e-01 0.000000000000000000e+00 2.771999999999999886e+02
6.008681407878111003e+00 -1.247401631177820747e+01 0.000000000000000000e+00 2.583349344519358937e-01 5.625112821100231031e-02 0.000000000000000000e+00 2.773000000000000114e+02
6.033797990393960475e+00 -1.246312594969908538e+01 0.000000000000000000e+00 2.511658251584947266e-01 1.089036207912208454e-01 0.000000000000000000e+00 2.774000000000000341e+02
6.058914572909809948e+00 -1.245223558761996152e+01 0.000000000000000000e+00 2.511658251584947266e-01 1.089036207912386089e-01 0.000000000000000000e+00 2.775000000000000000e+02
6.084031155425659421e+00 -1.244134522554083766e+01 0.000000000000000000e+00 2.511658251584947266e-01 1.089036207912386089e-01 0.000000000000000000e+00 2.776000000000000227e+02
6.109147737941508893e+00 -1.243045486346171380e+01 0.000000000000000000e+00 2.511658251584947266e-01 1.089036207912386089e-01 0.000000000000000000e+00 2.776999999999999886e+02
6.134264320457359254e+00 -1.241956450138258994e+01 0.000000000000000000e+00 2.511658251585036083e-01 1.089036207912386089e-01 0.000000000000000000e+00 2.778000000000000114e+02
6.160790252799441369e+00 -1.240658663457748823e+01 0.000000000000000000e+00 2.652593234208211470e-01 1.297786680510171209e-01 0.000000000000000000e+00 2.779000000000000341e+02
6.188324608273520155e+00 -1.239211510877115963e+01 0.000000000000000000e+00 2.753435547407878659e-01 1.447152580632860008e-01 0.000000000000000000e+00 2.780000000000000000e+02
6.215858963747598942e+00 -1.237764358296483103e+01 0.000000000000000000e+00 2.753435547407878659e-01 1.447152580632860008e-01 0.000000000000000000e+00 2.781000000000000227e+02
6.243393319221676840e+00 -1.236317205715850243e+01 0.000000000000000000e+00 2.753435547407789841e-01 1.447152580632860008e-01 0.000000000000000000e+00 2.781999999999999886e+02
6.270927674695755627e+00 -1.234870053135217560e+01 0.000000000000000000e+00 2.753435547407878659e-01 1.447152580632682373e-01 0.000000000000000000e+00 2.783000000000000114e+02
6.298462030169834414e+00 -1.233422900554584700e+01 0.000000000000000000e+00 2.753435547407878659e-01 1.447152580632860008e-01 0.000000000000000000e+00 2.784000000000000341e+02
6.325996385643912312e+00 -1.231975747973951840e+01 0.000000000000000000e+00 2.753435547407789841e-01 1.447152580632860008e-01 0.000000000000000000e+00 2.785000000000000000e+02
6.355936887077701769e+00 -1.230401151764182544e+01 0.000000000000000000e+00 2.994050143378945705e-01 1.574596209769296706e-01 0.000000000000000000e+00 2.786000000000000227e+02
6.389494768872422625e+00 -1.228634957833874708e+01 0.000000000000000000e+00 3.355788179472085631e-01 1.766193930307835558e-01 0.000000000000000000e+00 2.786999999999999886e+02
6.423052650667142593e+00 -1.226868763903566695e+01 0.000000000000000000e+00 3.355788179471996813e-01 1.766193930308013194e-01 0.000000000000000000e+00 2.788000000000000114e+02
6.456610532461863450e+00 -1.225102569973258682e+01 0.000000000000000000e+00 3.355788179472085631e-01 1.766193930308013194e-01 0.000000000000000000e+00 2.789000000000000341e+02
6.490168414256583418e+00 -1.223336376042950846e+01 0.000000000000000000e+00 3.355788179471996813e-01 1.766193930307835558e-01 0.000000000000000000e+00 2.790000000000000000e+02
6.523726296051304274e+00 -1.221570182112642833e+01 0.000000000000000000e+00 3.355788179472085631e-01 1.766193930308013194e-01 0.000000000000000000e+00 2.791000000000000227e+02
6.557284177846024242e+00 -1.219803988182334820e+01 0.000000000000000000e+00 3.355788179471996813e-01 1.766193930308013194e-01 0.000000000000000000e+00 2.791999999999999886e+02
6.590842059640745099e+00 -1.218037794252026806e+01 0.000000000000000000e+00 3.355788179472085631e-01 1.766193930308013194e-01 0.000000000000000000e+00 2.793000000000000114e+02
6.624399941435465067e+00 -1.216271600321718971e+01 0.000000000000000000e+00 3.355788179471996813e-01 1.766193930307835558e-01 0.000000000000000000e+00 2.794000000000000341e+02
6.663105806064355541e+00 -1.212601638348153266e+01 0.000000000000000000e+00 3.870586462889047397e-01 3.669961973565705193e-01 0.000000000000000000e+00 2.795000000000000000e+02
6.704110478812718377e+00 -1.208081557487946434e+01 0.000000000000000000e+00 4.100467274836283593e-01 4.520080860206832085e-01 0.000000000000000000e+00 2.796000000000000227e+02
6.745115151561081213e+00 -1.203561476627739424e+01 0.000000000000000000e+00 4.100467274836283593e-01 4.520080860207009721e-01 0.000000000000000000e+00 2.796999999999999886e+02
6.786119824309444049e+00 -1.199041395767532592e+01 0.000000000000000000e+00 4.100467274836283593e-01 4.520080860206832085e-01 0.000000000000000000e+00 2.798000000000000114e+02
6.827124497057806884e+00 -1.194521314907325760e+01 0.000000000000000000e+00 4.100467274836283593e-01 4.520080860206832085e-01 0.000000000000000000e+00 2.799000000000000341e+02
6.868129169806169720e+00 -1.190001234047118750e+01 0.000000000000000000e+00 4.100467274836283593e-01 4.520080860207009721e-01 0.000000000000000000e+00 2.800000000000000000e+02
6.909133842554533445e+00 -1.185481153186911918e+01 0.000000000000000000e+00 4.100467274836372411e-01 4.520080860206832085e-01 0.000000000000000000e+00 2.801000000000000227e+02
6.950138515302896280e+00 -1.180961072326704908e+01 0.000000000000000000e+00 4.100467274836283593e-01 4.520080860207009721e-01 0.000000000000000000e+00 2.801999999999999886e+02
6.991143188051259116e+00 -1.176440991466498076e+01 0.000000000000000000e+00 4.100467274836283593e-01 4.520080860206832085e-01 0.000000000000000000e+00 2.803000000000000114e+02
7.032147860799621952e+00 -1.171920910606291066e+01 0.000000000000000000e+00 4.100467274836283593e-01 4.520080860207009721e-01 0.000000000000000000e+00 2.804000000000000341e+02
7.073152533547984788e+00 -1.167400829746084234e+01 0.000000000000000000e+00 4.100467274836283593e-01 4.520080860206832085e-01 0.000000000000000000e+00 2.805000000000000000e+02
7.114157206296347624e+00 -1.162880748885877225e+01 0.000000000000000000e+00 4.100467274836283593e-01 4.520080860207009721e-01 0.000000000000000000e+00 2.806000000000000227e+02
7.155161879044710460e+00 -1.158360668025670392e+01 0.000000000000000000e+00 4.100467274836283593e-01 4.520080860206832085e-01 0.000000000000000000e+00 2.806999999999999886e+02
7.196166551793073296e+00 -1.153840587165463383e+01 0.000000000000000000e+00 4.100467274836283593e-01 4.520080860207009721e-01 0.000000000000000000e+00 2.808000000000000114e+02
7.237171224541436132e+00 -1.149320506305256551e+01 0.000000000000000000e+00 4.100467274836283593e-01 4.520080860206832085e-01 0.000000000000000000e+00 2.809000000000000341e+02
7.278486430299838439e+00 -1.143757829195068787e+01 0.000000000000000000e+00 4.131520575840230691e-01 5.562677110187763674e-01 0.000000000000000000e+00 2.810000000000000000e+02
7.319858637660792589e+00 -1.138003772569196848e+01 0.000000000000000000e+00 4.137220736095414964e-01 5.754056625871939445e-01 0.000000000000000000e+00 2.811000000000000227e+02
7.361230845021747626e+00 -1.132249715943324730e+01 0.000000000000000000e+00 4.137220736095503781e-01 5.754056625872117081e-01 0.000000000000000000e+00 2.811999999999999886e+02
7.402603052382702664e+00 -1.126495659317452613e+01 0.000000000000000000e+00 4.137220736095503781e-01 5.754056625872117081e-01 0.000000000000000000e+00 2.813000000000000114e+02
7.443975259743657702e+00 -1.120741602691580674e+01 0.000000000000000000e+00 4.137220736095503781e-01 5.754056625871939445e-01 0.000000000000000000e+00 2.814000000000000341e+02
7.485347467104612740e+00 -1.114987546065708557e+01 0.000000000000000000e+00 4.137220736095503781e-01 5.754056625872117081e-01 0.000000000000000000e+00 2.815000000000000000e+02
7.526719674465567778e+00 -1.109233489439836440e+01 0.000000000000000000e+00 4.137220736095503781e-01 5.754056625872117081e-01 0.000000000000000000e+00 2.816000000000000227e+02
7.568091881826522815e+00 -1.103479432813964500e+01 0.000000000000000000e+00 4.137220736095503781e-01 5.754056625871939445e-01 0.000000000000000000e+00 2.816999999999999886e+02
7.609464089187477853e+00 -1.097725376188092383e+01 0.000000000000000000e+00 4.137220736095503781e-01 5.754056625872117081e-01 0.000000000000000000e+00 2.818000000000000114e+02
7.650836296548432891e+00 -1.091971319562220266e+01 0.000000000000000000e+00 4.137220736095503781e-01 5.754056625872117081e-01 0.000000000000000000e+00 2.819000000000000341e+02
7.692208503909387929e+00 -1.086217262936348149e+01 0.000000000000000000e+00 4.137220736095503781e-01 5.754056625872117081e-01 0.000000000000000000e+00 2.820000000000000000e+02
7.733580711270342967e+00 -1.080463206310476210e+01 0.000000000000000000e+00 4.137220736095503781e-01 5.754056625871939445e-01 0.000000000000000000e+00 2.821000000000000227e+02
7.774952918631298004e+00 -1.074709149684604093e+01 0.000000000000000000e+00 4.137220736095503781e-01 5.754056625872117081e-01 0.000000000000000000e+00 2.821999999999999886e+02
7.816325125992253042e+00 -1.068955093058731975e+01 0.000000000000000000e+00 4.137220736095503781e-01 5.754056625872117081e-01 0.000000000000000000e+00 2.823000000000000114e+02
7.857697333353208080e+00 -1.063201036432860036e+01 0.000000000000000000e+00 4.137220736095503781e-01 5.754056625871939445e-01 0.000000000000000000e+00 2.824000000000000341e+02
7.899069540714163118e+00 -1.057446979806987919e+01 0.000000000000000000e+00 4.137220736095503781e-01 5.754056625872117081e-01 0.000000000000000000e+00 2.825000000000000000e+02
7.940441748075118156e+00 -1.051692923181115802e+01 0.000000000000000000e+00 4.137220736095503781e-01 5.754056625872117081e-01 0.000000000000000000e+00 2.826000000000000227e+02
7.974448713525988275e+00 -1.046988779344270881e+01 0.000000000000000000e+00 3.400696545087011913e-01 4.704143836844920656e-01 0.000000000000000000e+00 2.826999999999999886e+02
7.999142251839529649e+00 -1.043612261453800372e+01 0.000000000000000000e+00 2.469353831354137441e-01 3.376517890470509542e-01 0.000000000000000000e+00 2.828000000000000114e+02
8.023835790153071912e+00 -1.040235743563329862e+01 0.000000000000000000e+00 2.469353831354226259e-01 3.376517890470509542e-01 0.000000000000000000e+00 2.829000000000000341e+02
8.048529328466612398e+00 -1.036859225672859353e+01 0.000000000000000000e+00 2.469353831354048623e-01 3.376517890470509542e-01 0.000000000000000000e+00 2.830000000000000000e+02
8.073222866780154661e+00 -1.033482707782388843e+01 0.000000000000000000e+00 2.469353831354226259e-01 3.376517890470509542e-01 0.000000000000000000e+00 2.831000000000000227e+02
8.097916405093695147e+00 -1.030106189891918334e+01 0.000000000000000000e+00 2.469353831354048623e-01 3.376517890470509542e-01 0.000000000000000000e+00 2.831999999999999886e+02
8.122609943407237409e+00 -1.026729672001447824e+01 0.000000000000000000e+00 2.469353831354226259e-01 3.376517890470509542e-01 0.000000000000000000e+00 2.833000000000000114e+02
8.147303481720777896e+00 -1.023353154110977314e+01 0.000000000000000000e+00 2.469353831354048623e-01 3.376517890470509542e-01 0.000000000000000000e+00 2.834000000000000341e+02
8.171997020034320158e+00 -1.019976636220506805e+01 0.000000000000000000e+00 2.469353831354226259e-01 3.376517890470509542e-01 0.000000000000000000e+00 2.835000000000000000e+02
8.196690558347860645e+00 -1.016600118330036295e+01 0.000000000000000000e+00 2.469353831354048623e-01 3.376517890470509542e-01 0.000000000000000000e+00 2.836000000000000227e+02
8.219697046567995713e+00 -1.013416342701680861e+01 0.000000000000000000e+00 2.300648822013506845e-01 3.183775628355434151e-01 0.000000000000000000e+00 2.836999999999999886e+02
8.236415594819611385e+00 -1.010950952246542123e+01 0.000000000000000000e+00 1.671854825161567248e-01 2.465390455138738446e-01 0.000000000000000000e+00 2.838000000000000114e+02
8.253134143071228834e+00 -1.008485561791403207e+01 0.000000000000000000e+00 1.671854825161744884e-01 2.465390455138916082e-01 0.000000000000000000e+00 2.839000000000000341e+02
8.269852691322844507e+00 -1.006020171336264468e+01 0.000000000000000000e+00 1.671854825161567248e-01 2.465390455138738446e-01 0.000000000000000000e+00 2.840000000000000000e+02
8.286571239574460179e+00 -1.003554780881125552e+01 0.000000000000000000e+00 1.671854825161567248e-01 2.465390455138916082e-01 0.000000000000000000e+00 2.841000000000000227e+02
8.303289787826077628e+00 -1.001089390425986636e+01 0.000000000000000000e+00 1.671854825161744884e-01 2.465390455138916082e-01 0.000000000000000000e+00 2.841999999999999886e+02
8.320008336077693301e+00 -9.986239999708478976e+00 0.000000000000000000e+00 1.671854825161567248e-01 2.465390455138738446e-01 0.000000000000000000e+00 2.843000000000000114e+02
8.332851208533615051e+00 -9.960276561760457170e+00 0.000000000000000000e+00 1.284287245592174997e-01 2.596343794802180582e-01 0.000000000000000000e+00 2.844000000000000341e+02
8.341529820165645148e+00 -9.932906081812888033e+00 0.000000000000000000e+00 8.678611632030097667e-02 2.737047994756913738e-01 0.000000000000000000e+00 2.845000000000000000e+02
8.350208431797675246e+00 -9.905535601865318895e+00 0.000000000000000000e+00 8.678611632030097667e-02 2.737047994756913738e-01 0.000000000000000000e+00 2.846000000000000227e+02
8.358887043429705344e+00 -9.878165121917749758e+00 0.000000000000000000e+00 8.678611632030097667e-02 2.737047994756913738e-01 0.000000000000000000e+00 2.846999999999999886e+02
8.367565655061733665e+00 -9.850794641970178844e+00 0.000000000000000000e+00 8.678611632028321310e-02 2.737047994757091374e-01 0.000000000000000000e+00 2.848000000000000114e+02
8.376244266693763763e+00 -9.823424162022609707e+00 0.000000000000000000e+00 8.678611632030097667e-02 2.737047994756913738e-01 0.000000000000000000e+00 2.849000000000000341e+02
8.384922878325793860e+00 -9.796053682075040570e+00 0.000000000000000000e+00 8.678611632030097667e-02 2.737047994756913738e-01 0.000000000000000000e+00 2.850000000000000000e+02
8.364936854519394061e+00 -9.763897890723944428e+00 0.000000000000000000e+00 -1.998602380639979970e-01 3.215579135109614128e-01 0.000000000000000000e+00 2.851000000000000227e+02
8.335515873646162532e+00 -9.730167015407776177e+00 0.000000000000000000e+00 -2.942098087323152811e-01 3.373087531616825174e-01 0.000000000000000000e+00 2.851999999999999886e+02
8.306094892772929228e+00 -9.696436140091609701e+00 0.000000000000000000e+00 -2.942098087323330446e-01 3.373087531616647539e-01 0.000000000000000000e+00 2.853000000000000114e+02
8.276673911899697700e+00 -9.662705264775441449e+00 0.000000000000000000e+00 -2.942098087323152811e-01 3.373087531616825174e-01 0.000000000000000000e+00 2.854000000000000341e+02
8.247252931026464395e+00 -9.628974389459273198e+00 0.000000000000000000e+00 -2.942098087323330446e-01 3.373087531616825174e-01 0.000000000000000000e+00 2.855000000000000000e+02
8.217831950153232867e+00 -9.595243514143106722e+00 0.000000000000000000e+00 -2.942098087323152811e-01 3.373087531616647539e-01 0.000000000000000000e+00 2.856000000000000227e+02
8.188410969280001339e+00 -9.561512638826938471e+00 0.000000000000000000e+00 -2.942098087323152811e-01 3.373087531616825174e-01 0.000000000000000000e+00 2.856999999999999886e+02
8.158989988406768035e+00 -9.527781763510771995e+00 0.000000000000000000e+00 -2.942098087323330446e-01 3.373087531616647539e-01 0.000000000000000000e+00 2.858000000000000114e+02
8.129569007533536507e+00 -9.494050888194603743e+00 0.000000000000000000e+00 -2.942098087323152811e-01 3.373087531616825174e-01 0.000000000000000000e+00 2.859000000000000341e+02
8.100148026660304978e+00 -9.460320012878435492e+00 0.000000000000000000e+00 -2.942098087323152811e-01 3.373087531616825174e-01 0.000000000000000000e+00 2.860000000000000000e+02
8.070727045787071674e+00 -9.426589137562269016e+00 0.000000000000000000e+00 -2.942098087323330446e-01 3.373087531616647539e-01 0.000000000000000000e+00 2.861000000000000227e+02
8.041306064913840146e+00 -9.392858262246100765e+00 0.000000000000000000e+00 -2.942098087323152811e-01 3.373087531616825174e-01 0.000000000000000000e+00 2.861999999999999886e+02
8.008911964586774346e+00 -9.350886065965877236e+00 0.000000000000000000e+00 -3.239410032706580012e-01 4.197219628022352822e-01 0.000000000000000000e+00 2.863000000000000114e+02
7.976114513644573911e+00 -9.307795804322992694e+00 0.000000000000000000e+00 -3.279745094220043455e-01 4.309026164288454197e-01 0.000000000000000000e+00 2.864000000000000341e+02
7.943317062702373477e+00 -9.264705542680109929e+00 0.000000000000000000e+00 -3.279745094220043455e-01 4.309026164288276561e-01 0.000000000000000000e+00 2.865000000000000000e+02
7.910519611760173042e+00 -9.221615281037225387e+00 0.000000000000000000e+00 -3.279745094220043455e-01 4.309026164288454197e-01 0.000000000000000000e+00 2.866000000000000227e+02
7.877722160817972608e+00 -9.178525019394342621e+00 0.000000000000000000e+00 -3.279745094220043455e-01 4.309026164288276561e-01 0.000000000000000000e+00 2.866999999999999886e+02
7.844924709875771285e+00 -9.135434757751458079e+00 0.000000000000000000e+00 -3.279745094220132273e-01 4.309026164288454197e-01 0.000000000000000000e+00 2.868000000000000114e+02
7.812127258933570850e+00 -9.092344496108575314e+00 0.000000000000000000e+00 -3.279745094220043455e-01 4.309026164288276561e-01 0.000000000000000000e+00 2.869000000000000341e+02
7.779329807991370416e+00 -9.049254234465690772e+00 0.000000000000000000e+00 -3.279745094220043455e-01 4.309026164288454197e-01 0.000000000000000000e+00 2.870000000000000000e+02
7.746532357049169981e+00 -9.006163972822808006e+00 0.000000000000000000e+00 -3.279745094220043455e-01 4.309026164288276561e-01 0.000000000000000000e+00 2.871000000000000227e+02
7.713734906106969547e+00 -8.963073711179923464e+00 0.000000000000000000e+00 -3.279745094220043455e-01 4.309026164288454197e-01 0.000000000000000000e+00 2.871999999999999886e+02
7.680937455164768224e+00 -8.919983449537038922e+00 0.000000000000000000e+00 -3.279745094220132273e-01 4.309026164288454197e-01 0.000000000000000000e+00 2.873000000000000114e+02
7.648140004222567789e+00 -8.876893187894156156e+00 0.000000000000000000e+00 -3.279745094220043455e-01 4.309026164288276561e-01 0.000000000000000000e+00 2.874000000000000341e+02
7.616723268304551375e+00 -8.836434393262369014e+00 0.000000000000000000e+00 -3.141673591801641408e-01 4.045879463178714275e-01 0.000000000000000000e+00 2.875000000000000000e+02
7.587819231333267744e+00 -8.800764482847334591e+00 0.000000000000000000e+00 -2.890403697128363092e-01 3.566991041503442261e-01 0.000000000000000000e+00 2.876000000000000227e+02
7.558915194361984113e+00 -8.765094572432300168e+00 0.000000000000000000e+00 -2.890403697128363092e-01 3.566991041503442261e-01 0.000000000000000000e+00 2.876999999999999886e+02
7.530011157390700482e+00 -8.729424662017265746e+00 0.000000000000000000e+00 -2.890403697128363092e-01 3.566991041503442261e-01 0.000000000000000000e+00 2.878000000000000114e+02
7.501107120419416852e+00 -8.693754751602231323e+00 0.000000000000000000e+00 -2.890403697128363092e-01 3.566991041503442261e-01 0.000000000000000000e+00 2.879000000000000341e+02
7.472203083448134109e+00 -8.658084841187196901e+00 0.000000000000000000e+00 -2.890403697128274274e-01 3.566991041503442261e-01 0.000000000000000000e+00 2.880000000000000000e+02
7.443299046476850478e+00 -8.622414930772162478e+00 0.000000000000000000e+00 -2.890403697128363092e-01 3.566991041503442261e-01 0.000000000000000000e+00 2.881000000000000227e+02
7.414395009505566847e+00 -8.586745020357128055e+00 0.000000000000000000e+00 -2.890403697128363092e-01 3.566991041503442261e-01 0.000000000000000000e+00 2.881999999999999886e+02
7.385490972534283216e+00 -8.551075109942093633e+00 0.000000000000000000e+00 -2.890403697128363092e-01 3.566991041503442261e-01 0.000000000000000000e+00 2.883000000000000114e+02
7.356586935562999585e+00 -8.515405199527057434e+00 0.000000000000000000e+00 -2.890403697128363092e-01 3.566991041503619897e-01 0.000000000000000000e+00 2.884000000000000341e+02
7.327682898591715954e+00 -8.479735289112023011e+00 0.000000000000000000e+00 -2.890403697128363092e-01 3.566991041503442261e-01 0.000000000000000000e+00 2.885000000000000000e+02
7.282179992905732036e+00 -8.456592273466153387e+00 0.000000000000000000e+00 -4.550290568598391872e-01 2.314301564586962456e-01 0.000000000000000000e+00 2.886000000000000227e+02
7.236082201617619170e+00 -8.433898208255738993e+00 0.000000000000000000e+00 -4.609779128811286597e-01 2.269406521041439362e-01 0.000000000000000000e+00 2.886999999999999886e+02
7.189984410329507192e+00 -8.411204143045326376e+00 0.000000000000000000e+00 -4.609779128811197779e-01 2.269406521041261726e-01 0.000000000000000000e+00 2.888000000000000114e+02
7.143886619041394326e+00 -8.388510077834911982e+00 0.000000000000000000e+00 -4.609779128811286597e-01 2.269406521041439362e-01 0.000000000000000000e+00 2.889000000000000341e+02
7.097788827753282348e+00 -8.365816012624497588e+00 0.000000000000000000e+00 -4.609779128811197779e-01 2.269406521041439362e-01 0.000000000000000000e+00 2.890000000000000000e+02
7.051691036465169482e+00 -8.343121947414083195e+00 0.000000000000000000e+00 -4.609779128811286597e-01 2.269406521041439362e-01 0.000000000000000000e+00 2.891000000000000227e+02
7.005593245177057504e+00 -8.320427882203670578e+00 0.000000000000000000e+00 -4.609779128811197779e-01 2.269406521041261726e-01 0.000000000000000000e+00 2.891999999999999886e+02
6.959495453888945526e+00 -8.297733816993256184e+00 0.000000000000000000e+00 -4.609779128811197779e-01 2.269406521041439362e-01 0.000000000000000000e+00 2.893000000000000114e+02
6.913397662600832660e+00 -8.275039751782841790e+00 0.000000000000000000e+00 -4.609779128811286597e-01 2.269406521041439362e-01 0.000000000000000000e+00 2.894000000000000341e+02
6.867299871312720683e+00 -8.252345686572429173e+00 0.000000000000000000e+00 -4.609779128811197779e-01 2.269406521041261726e-01 0.000000000000000000e+00 2.895000000000000000e+02
6.821202080024607817e+00 -8.229651621362014779e+00 0.000000000000000000e+00 -4.609779128811286597e-01 2.269406521041439362e-01 0.000000000000000000e+00 2.896000000000000227e+02
6.775104288736495839e+00 -8.206957556151600386e+00 0.000000000000000000e+00 -4.609779128811197779e-01 2.269406521041439362e-01 0.000000000000000000e+00 2.896999999999999886e+02
6.729006497448382973e+00 -8.184263490941185992e+00 0.000000000000000000e+00 -4.609779128811286597e-01 2.269406521041439362e-01 0.000000000000000000e+00 2.898000000000000114e+02
6.710080061276022967e+00 -8.155739428857947004e+00 0.000000000000000000e+00 -1.892643617236000608e-01 2.852406208323898795e-01 0.000000000000000000e+00 2.899000000000000341e+02
6.718991065677441199e+00 -8.121242451886908853e+00 0.000000000000000000e+00 8.911004401418232135e-02 3.449697697103815131e-01 0.000000000000000000e+00 2.900000000000000000e+02
6.727902070078859431e+00 -8.086745474915868925e+00 0.000000000000000000e+00 8.911004401418232135e-02 3.449697697103992766e-01 0.000000000000000000e+00 2.901000000000000227e+02
6.736813074480277663e+00 -8.052248497944830774e+00 0.000000000000000000e+00 8.911004401418232135e-02 3.449697697103815131e-01 0.000000000000000000e+00 2.901999999999999886e+02
6.745724078881695895e+00 -8.017751520973790846e+00 0.000000000000000000e+00 8.911004401418232135e-02 3.449697697103992766e-01 0.000000000000000000e+00 2.903000000000000114e+02
6.754635083283114128e+00 -7.983254544002750919e+00 0.000000000000000000e+00 8.911004401418232135e-02 3.449697697103992766e-01 0.000000000000000000e+00 2.904000000000000341e+02
6.763546087684531471e+00 -7.948757567031711879e+00 0.000000000000000000e+00 8.911004401417343956e-02 3.449697697103903948e-01 0.000000000000000000e+00 2.905000000000000000e+02
6.772457092085949704e+00 -7.914260590060672840e+00 0.000000000000000000e+00 8.911004401418232135e-02 3.449697697103903948e-01 0.000000000000000000e+00 2.906000000000000227e+02
6.783700357779631318e+00 -7.884719849981453699e+00 0.000000000000000000e+00 1.124326569368161444e-01 2.954074007921914102e-01 0.000000000000000000e+00 2.906999999999999886e+02
6.796676113237055006e+00 -7.858860785583365427e+00 0.000000000000000000e+00 1.297575545742368774e-01 2.585906439808827173e-01 0.000000000000000000e+00 2.908000000000000114e+02
6.809651868694479582e+00 -7.833001721185276267e+00 0.000000000000000000e+00 1.297575545742457592e-01 2.585906439808915991e-01 0.000000000000000000e+00 2.909000000000000341e+02
6.822627624151904158e+00 -7.807142656787187995e+00 0.000000000000000000e+00 1.297575545742457592e-01 2.585906439808827173e-01 0.000000000000000000e+00 2.910000000000000000e+02
6.835603379609328734e+00 -7.781283592389099724e+00 0.000000000000000000e+00 1.297575545742457592e-01 2.585906439808827173e-01 0.000000000000000000e+00 2.911000000000000227e+02
6.848579135066753310e+00 -7.755424527991011452e+00 0.000000000000000000e+00 1.297575545742457592e-01 2.585906439808827173e-01 0.000000000000000000e+00 2.911999999999999886e+02
6.860931624332625489e+00 -7.730127314235429203e+00 0.000000000000000000e+00 1.235248926587217966e-01 2.529721375558224850e-01 0.000000000000000000e+00 2.913000000000000114e+02
6.871096727981338859e+00 -7.706801944983958208e+00 0.000000000000000000e+00 1.016510364871336947e-01 2.332536925147099538e-01 0.000000000000000000e+00 2.914000000000000341e+02
6.881261831630051340e+00 -7.683476575732487213e+00 0.000000000000000000e+00 1.016510364871248129e-01 2.332536925147099538e-01 0.000000000000000000e+00 2.915000000000000000e+02
6.891426935278764709e+00 -7.660151206481016217e+00 0.000000000000000000e+00 1.016510364871336947e-01 2.332536925147099538e-01 0.000000000000000000e+00 2.916000000000000227e+02
6.901592038927478079e+00 -7.636825837229546110e+00 0.000000000000000000e+00 1.016510364871336947e-01 2.332536925147010720e-01 0.000000000000000000e+00 2.916999999999999886e+02
6.911757142576191448e+00 -7.613500467978075115e+00 0.000000000000000000e+00 1.016510364871336947e-01 2.332536925147099538e-01 0.000000000000000000e+00 2.918000000000000114e+02
6.921989347307559548e+00 -7.589415710538067295e+00 0.000000000000000000e+00 1.023220473136809971e-01 2.408475744000782015e-01 0.000000000000000000e+00 2.919000000000000341e+02
6.932669065523635155e+00 -7.560266408070583921e+00 0.000000000000000000e+00 1.067971821607560656e-01 2.914930246748337339e-01 0.000000000000000000e+00 2.920000000000000000e+02
6.943348783739710761e+00 -7.531117105603101436e+00 0.000000000000000000e+00 1.067971821607560656e-01 2.914930246748248521e-01 0.000000000000000000e+00 2.921000000000000227e+02
6.954028501955786368e+00 -7.501967803135618951e+00 0.000000000000000000e+00 1.067971821607560656e-01 2.914930246748248521e-01 0.000000000000000000e+00 2.921999999999999886e+02
6.964708220171861974e+00 -7.472818500668135577e+00 0.000000000000000000e+00 1.067971821607560656e-01 2.914930246748337339e-01 0.000000000000000000e+00 2.923000000000000114e+02
6.975387938387937581e+00 -7.443669198200653092e+00 0.000000000000000000e+00 1.067971821607560656e-01 2.914930246748248521e-01 0.000000000000000000e+00 2.924000000000000341e+02
6.986067656604013187e+00 -7.414519895733170607e+00 0.000000000000000000e+00 1.067971821607560656e-01 2.914930246748248521e-01 0.000000000000000000e+00 2.925000000000000000e+02
6.996747374820088794e+00 -7.385370593265687233e+00 0.000000000000000000e+00 1.067971821607560656e-01 2.914930246748337339e-01 0.000000000000000000e+00 2.926000000000000227e+02
7.006909445171170425e+00 -7.360301464513719694e+00 0.000000000000000000e+00 1.016207035108163126e-01 2.506912875196753987e-01 0.000000000000000000e+00 2.926999999999999886e+02
7.017014800386695228e+00 -7.335679372485021332e+00 0.000000000000000000e+00 1.010535521552480276e-01 2.462209202869836133e-01 0.000000000000000000e+00 2.928000000000000114e+02
7.027120155602220031e+00 -7.311057280456322971e+00 0.000000000000000000e+00 1.010535521552480276e-01 2.462209202869836133e-01 0.000000000000000000e+00 2.929000000000000341e+02
7.037225510817744834e+00 -7.286435188427623721e+00 0.000000000000000000e+00 1.010535521552480276e-01 2.462209202869924951e-01 0.000000000000000000e+00 2.930000000000000000e+02
7.047330866033269636e+00 -7.261813096398925360e+00 0.000000000000000000e+00 1.010535521552480276e-01 2.462209202869836133e-01 0.000000000000000000e+00 2.931000000000000227e+02
7.057436221248794439e+00 -7.237191004370226111e+00 0.000000000000000000e+00 1.010535521552480276e-01 2.462209202869924951e-01 0.000000000000000000e+00 2.931999999999999886e+02
7.067214308744097728e+00 -7.214303487430817619e+00 0.000000000000000000e+00 9.778087495303289245e-02 2.288751693940849208e-01 0.000000000000000000e+00 2.933000000000000114e+02
7.076331644134503662e+00 -7.194918070058618831e+00 0.000000000000000000e+00 9.117335390405933992e-02 1.938541737219878769e-01 0.000000000000000000e+00 2.934000000000000341e+02
7.085448979524908708e+00 -7.175532652686420931e+00 0.000000000000000000e+00 9.117335390405045814e-02 1.938541737219789951e-01 0.000000000000000000e+00 2.935000000000000000e+02
7.094566314915314642e+00 -7.156147235314222144e+00 0.000000000000000000e+00 9.117335390405933992e-02 1.938541737219878769e-01 0.000000000000000000e+00 2.936000000000000227e+02
7.103683650305720576e+00 -7.136761817942023356e+00 0.000000000000000000e+00 9.117335390405933992e-02 1.938541737219878769e-01 0.000000000000000000e+00 2.936999999999999886e+02
7.112800985696126510e+00 -7.117376400569825456e+00 0.000000000000000000e+00 9.117335390405933992e-02 1.938541737219789951e-01 0.000000000000000000e+00 2.938000000000000114e+02
7.122004439404108211e+00 -7.102636964813216380e+00 0.000000000000000000e+00 9.203453707981701370e-02 1.473943575660907612e-01 0.000000000000000000e+00 2.939000000000000341e+02
7.131230570536053470e+00 -7.089120949320618870e+00 0.000000000000000000e+00 9.226131131945258801e-02 1.351601549259751067e-01 0.000000000000000000e+00 2.940000000000000000e+02
7.140456701667999617e+00 -7.075604933828021359e+00 0.000000000000000000e+00 9.226131131946146979e-02 1.351601549259751067e-01 0.000000000000000000e+00 2.941000000000000227e+02
7.149682832799945764e+00 -7.062088918335422960e+00 0.000000000000000000e+00 9.226131131946146979e-02 1.351601549259839885e-01 0.000000000000000000e+00 2.941999999999999886e+02
7.158908963931891023e+00 -7.048572902842825449e+00 0.000000000000000000e+00 9.226131131945258801e-02 1.351601549259751067e-01 0.000000000000000000e+00 2.943000000000000114e+02
7.168135095063837170e+00 -7.035056887350227939e+00 0.000000000000000000e+00 9.226131131946146979e-02 1.351601549259751067e-01 0.000000000000000000e+00 2.944000000000000341e+02
7.175000000000002487e+00 -7.024999999999998579e+00 0.000000000000000000e+00 6.864904936165316940e-02 1.005688735022935987e-01 0.000000000000000000e+00 2.945000000000000000e+02
