-1.224999999999999645e+00 -1.474999999999994316e+00 0.000000000000000000e+00 0.000000000000000000e+00 0.000000000000000000e+00 0.000000000000000000e+00 0.000000000000000000e+00
-1.221127304412114700e+00 -1.464700892323165027e+00 0.000000000000000000e+00 3.872695587884944501e-02 1.029910767682928885e-01 0.000000000000000000e+00 1.000000000000000056e-01
-1.217254608824229756e+00 -1.454401784646335516e+00 0.000000000000000000e+00 3.872695587884944501e-02 1.029910767682951089e-01 0.000000000000000000e+00 2.000000000000000111e-01
-1.213381913236344811e+00 -1.444102676969506227e+00 0.000000000000000000e+00 3.872695587884944501e-02 1.029910767682928885e-01 0.000000000000000000e+00 3.000000000000000444e-01
-1.209509217648459645e+00 -1.433803569292676716e+00 0.000000000000000000e+00 3.872695587885166546e-02 1.029910767682951089e-01 0.000000000000000000e+00 4.000000000000000222e-01
-1.205715450249293719e+00 -1.422701070376154231e+00 0.000000000000000000e+00 3.793767399165925980e-02 1.110249891652248522e-01 0.000000000000000000e+00 5.000000000000000000e-01
-1.202290308396816387e+00 -1.407846419791841219e+00 0.000000000000000000e+00 3.425141852477331383e-02 1.485465058431301166e-01 0.000000000000000000e+00 6.000000000000000888e-01
-1.198865166544339278e+00 -1.392991769207527986e+00 0.000000000000000000e+00 3.425141852477109339e-02 1.485465058431323371e-01 0.000000000000000000e+00 7.000000000000000666e-01
-1.195440024691862169e+00 -1.378137118623214752e+00 0.000000000000000000e+00 3.425141852477109339e-02 1.485465058431323371e-01 0.000000000000000000e+00 8.000000000000000444e-01
-1.192014882839385059e+00 -1.363282468038901740e+00 0.000000000000000000e+00 3.425141852477109339e-02 1.485465058431301166e-01 0.000000000000000000e+00 9.000000000000000222e-01
-1.187391905718559570e+00 -1.347104438047042940e+00 0.000000000000000000e+00 4.622977120825488839e-02 1.617802999185879997e-01 0.000000000000000000e+00 1.000000000000000000e+00
-1.182162710304698550e+00 -1.330256652516438765e+00 0.000000000000000000e+00 5.229195413861020825e-02 1.684778553060417572e-01 0.000000000000000000e+00 1.100000000000000089e+00
-1.176933514890837529e+00 -1.313408866985834589e+00 0.000000000000000000e+00 5.229195413861020825e-02 1.684778553060417572e-01 0.000000000000000000e+00 1.200000000000000178e+00
-1.171704319476976508e+00 -1.296561081455230635e+00 0.000000000000000000e+00 5.229195413861020825e-02 1.684778553060395367e-01 0.000000000000000000e+00 1.300000000000000044e+00
-1.166180698027496243e+00 -1.279393572823678493e+00 0.000000000000000000e+00 5.523621449480264900e-02 1.716750863155214191e-01 0.000000000000000000e+00 1.400000000000000133e+00
-1.160263231912336934e+00 -1.261798380419060006e+00 0.000000000000000000e+00 5.917466115159308870e-02 1.759519240461848710e-01 0.000000000000000000e+00 1.500000000000000000e+00
-1.154345765797177847e+00 -1.244203188014441519e+00 0.000000000000000000e+00 5.917466115159086826e-02 1.759519240461848710e-01 0.000000000000000000e+00 1.600000000000000089e+00
-1.148428299682018761e+00 -1.226607995609823032e+00 0.000000000000000000e+00 5.917466115159086826e-02 1.759519240461848710e-01 0.000000000000000000e+00 1.700000000000000178e+00
-1.142510833566859452e+00 -1.209012803205204545e+00 0.000000000000000000e+00 5.917466115159308870e-02 1.759519240461848710e-01 0.000000000000000000e+00 1.800000000000000044e+00
-1.137301101136596992e+00 -1.190451362351335529e+00 0.000000000000000000e+00 5.209732430262459246e-02 1.856144085386901565e-01 0.000000000000000000e+00 1.900000000000000133e+00
-1.132104810854087207e+00 -1.171871569319666184e+00 0.000000000000000000e+00 5.196290282509785641e-02 1.857979303166934493e-01 0.000000000000000000e+00 2.000000000000000000e+00
-1.126908520571577643e+00 -1.153291776287996839e+00 0.000000000000000000e+00 5.196290282509563596e-02 1.857979303166934493e-01 0.000000000000000000e+00 2.100000000000000089e+00
-1.121712230289067858e+00 -1.134711983256327272e+00 0.000000000000000000e+00 5.196290282509785641e-02 1.857979303166956697e-01 0.000000000000000000e+00 2.200000000000000178e+00
-1.116629360923135472e+00 -1.116432904238780610e+00 0.000000000000000000e+00 5.082869365932385364e-02 1.827907901754666220e-01 0.000000000000000000e+00 2.300000000000000266e+00
-1.111824635602194355e+00 -1.098891271318459761e+00 0.000000000000000000e+00 4.804725320941116706e-02 1.754163292032084875e-01 0.000000000000000000e+00 2.400000000000000355e+00
-1.107019910281253239e+00 -1.081349638398139135e+00 0.000000000000000000e+00 4.804725320941116706e-02 1.754163292032062671e-01 0.000000000000000000e+00 2.500000000000000000e+00
-1.102215184960312344e+00 -1.063808005477818508e+00 0.000000000000000000e+00 4.804725320940894662e-02 1.754163292032062671e-01 0.000000000000000000e+00 2.600000000000000089e+00
-1.097445000353319822e+00 -1.046189370464724266e+00 0.000000000000000000e+00 4.770184606992522447e-02 1.761863501309424151e-01 0.000000000000000000e+00 2.700000000000000178e+00
-1.092901672152087000e+00 -1.028065001319190541e+00 0.000000000000000000e+00 4.543328201232821328e-02 1.812436914553372524e-01 0.000000000000000000e+00 2.800000000000000266e+00
-1.088358343950854401e+00 -1.009940632173656816e+00 0.000000000000000000e+00 4.543328201232599284e-02 1.812436914553372524e-01 0.000000000000000000e+00 2.900000000000000355e+00
-1.083815015749621802e+00 -9.918162630281232017e-01 0.000000000000000000e+00 4.543328201232599284e-02 1.812436914553361422e-01 0.000000000000000000e+00 3.000000000000000000e+00
-1.079271687548389203e+00 -9.736918938825894765e-01 0.000000000000000000e+00 4.543328201232599284e-02 1.812436914553372524e-01 0.000000000000000000e+00 3.100000000000000089e+00
-1.074702774595548860e+00 -9.551840038035960267e-01 0.000000000000000000e+00 4.568912952840342712e-02 1.850789007899344973e-01 0.000000000000000000e+00 3.200000000000000178e+00
-1.070126901943278419e+00 -9.365717863321409986e-01 0.000000000000000000e+00 4.575872652270440710e-02 1.861221747145502814e-01 0.000000000000000000e+00 3.300000000000000266e+00
-1.065551029291008200e+00 -9.179595688606860815e-01 0.000000000000000000e+00 4.575872652270218666e-02 1.861221747145491712e-01 0.000000000000000000e+00 3.400000000000000355e+00
-1.060975156638737760e+00 -8.993473513892311644e-01 0.000000000000000000e+00 4.575872652270440710e-02 1.861221747145491712e-01 0.000000000000000000e+00 3.500000000000000000e+00
-1.056298097649318812e+00 -8.802944795170716263e-01 0.000000000000000000e+00 4.677058989418947377e-02 1.905287187215953804e-01 0.000000000000000000e+00 3.600000000000000089e+00
-1.051432886215409201e+00 -8.604222262441759694e-01 0.000000000000000000e+00 4.865211433909610861e-02 1.987225327289565691e-01 0.000000000000000000e+00 3.700000000000000178e+00
-1.046567674781499591e+00 -8.405499729712803125e-01 0.000000000000000000e+00 4.865211433909610861e-02 1.987225327289565691e-01 0.000000000000000000e+00 3.800000000000000266e+00
-1.041702463347589758e+00 -8.206777196983845446e-01 0.000000000000000000e+00 4.865211433909832905e-02 1.987225327289576793e-01 0.000000000000000000e+00 3.900000000000000355e+00
-1.036837251913680147e+00 -8.008054664254889987e-01 0.000000000000000000e+00 4.865211433909610861e-02 1.987225327289554588e-01 0.000000000000000000e+00 4.000000000000000000e+00
-1.031937280411586721e+00 -7.809151280115995686e-01 0.000000000000000000e+00 4.899971502093425357e-02 1.989033841388943014e-01 0.000000000000000000e+00 4.100000000000000533e+00
-1.027014254808382265e+00 -7.610127948954306110e-01 0.000000000000000000e+00 4.923025603204456146e-02 1.990233311616895762e-01 0.000000000000000000e+00 4.200000000000000178e+00
-1.022091229205177587e+00 -7.411104617792616533e-01 0.000000000000000000e+00 4.923025603204678191e-02 1.990233311616895762e-01 0.000000000000000000e+00 4.299999999999999822e+00
-1.017168203601972909e+00 -7.212081286630925847e-01 0.000000000000000000e+00 4.923025603204678191e-02 1.990233311616906864e-01 0.000000000000000000e+00 4.400000000000000355e+00
-1.012245177998768453e+00 -7.013057955469236271e-01 0.000000000000000000e+00 4.923025603204456146e-02 1.990233311616895762e-01 0.000000000000000000e+00 4.500000000000000000e+00
-1.006939960899833952e+00 -6.794305185329390095e-01 0.000000000000000000e+00 5.305217098934500441e-02 2.187527701398461755e-01 0.000000000000000000e+00 4.600000000000000533e+00
-1.001586775180959288e+00 -6.573076185418486039e-01 0.000000000000000000e+00 5.353185718874664545e-02 2.212289999109040561e-01 0.000000000000000000e+00 4.700000000000000178e+00
-9.962335894620848453e-01 -6.351847185507580873e-01 0.000000000000000000e+00 5.353185718874442500e-02 2.212289999109051664e-01 0.000000000000000000e+00 4.800000000000000711e+00
-9.908804037432104028e-01 -6.130618185596676817e-01 0.000000000000000000e+00 5.353185718874442500e-02 2.212289999109040561e-01 0.000000000000000000e+00 4.900000000000000355e+00
-9.855272180243358493e-01 -5.909389185685771650e-01 0.000000000000000000e+00 5.353185718874553523e-02 2.212289999109051664e-01 0.000000000000000000e+00 5.000000000000000000e+00
-9.800423162181837178e-01 -5.707530731402771229e-01 0.000000000000000000e+00 5.484901806152131520e-02 2.018584542830004214e-01 0.000000000000000000e+00 5.100000000000000533e+00
-9.744856590241686156e-01 -5.516224830292109083e-01 0.000000000000000000e+00 5.556657194015102164e-02 1.913059011106621465e-01 0.000000000000000000e+00 5.200000000000000178e+00
-9.689290018301535135e-01 -5.324918929181446936e-01 0.000000000000000000e+00 5.556657194015102164e-02 1.913059011106621465e-01 0.000000000000000000e+00 5.300000000000000711e+00
-9.633723446361384113e-01 -5.133613028070785900e-01 0.000000000000000000e+00 5.556657194015102164e-02 1.913059011106610363e-01 0.000000000000000000e+00 5.400000000000000355e+00
-9.578156874421233091e-01 -4.942307126960123753e-01 0.000000000000000000e+00 5.556657194015102164e-02 1.913059011106621465e-01 0.000000000000000000e+00 5.500000000000000000e+00
-9.520146594587476363e-01 -4.771223841971764523e-01 0.000000000000000000e+00 5.801027983375672825e-02 1.710832849883592299e-01 0.000000000000000000e+00 5.600000000000000533e+00
-9.461722881751472025e-01 -4.603561872975637792e-01 0.000000000000000000e+00 5.842371283600433784e-02 1.676619689961267312e-01 0.000000000000000000e+00 5.700000000000000178e+00
-9.403299168915468798e-01 -4.435899903979511616e-01 0.000000000000000000e+00 5.842371283600322762e-02 1.676619689961261761e-01 0.000000000000000000e+00 5.800000000000000711e+00
-9.344875456079464460e-01 -4.268237934983385440e-01 0.000000000000000000e+00 5.842371283600433784e-02 1.676619689961261761e-01 0.000000000000000000e+00 5.900000000000000355e+00
-9.287193611824731132e-01 -4.113477649123411517e-01 0.000000000000000000e+00 5.768184425473332766e-02 1.547602858599739228e-01 0.000000000000000000e+00 6.000000000000000000e+00
-9.231065204829453918e-01 -3.985732869512630394e-01 0.000000000000000000e+00 5.612840699527721355e-02 1.277447796107811229e-01 0.000000000000000000e+00 6.100000000000000533e+00
-9.174936797834175595e-01 -3.857988089901849826e-01 0.000000000000000000e+00 5.612840699527832378e-02 1.277447796107805678e-01 0.000000000000000000e+00 6.200000000000000178e+00
-9.118808390838898381e-01 -3.730243310291069259e-01 0.000000000000000000e+00 5.612840699527721355e-02 1.277447796107805678e-01 0.000000000000000000e+00 6.300000000000000711e+00
-9.062330611303109906e-01 -3.614933131959622292e-01 0.000000000000000000e+00 5.647777953578847487e-02 1.153101783314469664e-01 0.000000000000000000e+00 6.400000000000000355e+00
-9.004144236236832910e-01 -3.560433983991952434e-01 0.000000000000000000e+00 5.818637506627699629e-02 5.449914796766985869e-02 0.000000000000000000e+00 6.500000000000000000e+00
-8.945957861170555914e-01 -3.505934836024282575e-01 0.000000000000000000e+00 5.818637506627699629e-02 5.449914796766985869e-02 0.000000000000000000e+00 6.600000000000000533e+00
-8.887771486104277807e-01 -3.451435688056612161e-01 0.000000000000000000e+00 5.818637506627810652e-02 5.449914796767041381e-02 0.000000000000000000e+00 6.700000000000000178e+00
-8.829585111038000811e-01 -3.396936540088942302e-01 0.000000000000000000e+00 5.818637506627699629e-02 5.449914796766985869e-02 0.000000000000000000e+00 6.800000000000000711e+00
-8.806047393073468399e-01 -3.453785315801791156e-01 0.000000000000000000e+00 2.353771796453241194e-02 -5.684877571284885356e-02 0.000000000000000000e+00 6.900000000000000355e+00
-8.789535338676136567e-01 -3.533211966564418494e-01 0.000000000000000000e+00 1.651205439733183233e-02 -7.942665076262733770e-02 0.000000000000000000e+00 7.000000000000000000e+00
-8.773023284278805844e-01 -3.612638617327045276e-01 0.000000000000000000e+00 1.651205439733072211e-02 -7.942665076262678259e-02 0.000000000000000000e+00 7.100000000000000533e+00
-8.756511229881474012e-01 -3.692065268089672059e-01 0.000000000000000000e+00 1.651205439733183233e-02 -7.942665076262678259e-02 0.000000000000000000e+00 7.200000000000000178e+00
-8.759418715003864930e-01 -3.812827455733936444e-01 0.000000000000000000e+00 -2.907485122390918164e-03 -1.207621876442643849e-01 0.000000000000000000e+00 7.300000000000000711e+00
-8.780220765565390773e-01 -3.971679190709587193e-01 0.000000000000000000e+00 -2.080205056152584220e-02 -1.588517349756507491e-01 0.000000000000000000e+00 7.400000000000000355e+00
-8.801022816126916615e-01 -4.130530925685237942e-01 0.000000000000000000e+00 -2.080205056152584220e-02 -1.588517349756507491e-01 0.000000000000000000e+00 7.500000000000000000e+00
-8.821824866688441347e-01 -4.289382660660888691e-01 0.000000000000000000e+00 -2.080205056152473198e-02 -1.588517349756507491e-01 0.000000000000000000e+00 7.600000000000000533e+00
-8.842626917249967189e-01 -4.448234395636539440e-01 0.000000000000000000e+00 -2.080205056152584220e-02 -1.588517349756507491e-01 0.000000000000000000e+00 7.700000000000000178e+00
-8.868136491151686895e-01 -4.617588611972975876e-01 0.000000000000000000e+00 -2.550957390171970651e-02 -1.693542163364364361e-01 0.000000000000000000e+00 7.800000000000000711e+00
-8.905516319872313069e-01 -4.813425358713221969e-01 0.000000000000000000e+00 -3.737982872062617368e-02 -1.958367467402460926e-01 0.000000000000000000e+00 7.900000000000000355e+00
-8.942896148592939243e-01 -5.009262105453468061e-01 0.000000000000000000e+00 -3.737982872062617368e-02 -1.958367467402460926e-01 0.000000000000000000e+00 8.000000000000000000e+00
-8.980275977313566527e-01 -5.205098852193714709e-01 0.000000000000000000e+00 -3.737982872062728390e-02 -1.958367467402466477e-01 0.000000000000000000e+00 8.099999999999999645e+00
-9.017655806034192700e-01 -5.400935598933960247e-01 0.000000000000000000e+00 -3.737982872062617368e-02 -1.958367467402455375e-01 0.000000000000000000e+00 8.200000000000001066e+00
-9.059712652824647439e-01 -5.612187214024405568e-01 0.000000000000000000e+00 -4.205684679045473828e-02 -2.112516150904453216e-01 0.000000000000000000e+00 8.300000000000000711e+00
-9.107555327394109002e-01 -5.842508196001763299e-01 0.000000000000000000e+00 -4.784267456946156294e-02 -2.303209819773577305e-01 0.000000000000000000e+00 8.400000000000000355e+00
-9.155398001963569454e-01 -6.072829177979121029e-01 0.000000000000000000e+00 -4.784267456946045272e-02 -2.303209819773577305e-01 0.000000000000000000e+00 8.500000000000000000e+00
-9.203240676533029907e-01 -6.303150159956478760e-01 0.000000000000000000e+00 -4.784267456946045272e-02 -2.303209819773577305e-01 0.000000000000000000e+00 8.599999999999999645e+00
-9.251083351102491470e-01 -6.533471141933837600e-01 0.000000000000000000e+00 -4.784267456946156294e-02 -2.303209819773588407e-01 0.000000000000000000e+00 8.700000000000001066e+00
-9.298926025671951923e-01 -6.763792123911195331e-01 0.000000000000000000e+00 -4.784267456946045272e-02 -2.303209819773577305e-01 0.000000000000000000e+00 8.800000000000000711e+00
-9.344611693588371626e-01 -6.980006226748567411e-01 0.000000000000000000e+00 -4.568566791641970326e-02 -2.162141028373720797e-01 0.000000000000000000e+00 8.900000000000000355e+00
-9.390117990285389293e-01 -7.195047237185073774e-01 0.000000000000000000e+00 -4.550629669701766744e-02 -2.150410104365063635e-01 0.000000000000000000e+00 9.000000000000000000e+00
-9.435624286982406961e-01 -7.410088247621580138e-01 0.000000000000000000e+00 -4.550629669701766744e-02 -2.150410104365063635e-01 0.000000000000000000e+00 9.099999999999999645e+00
-9.481130583679424628e-01 -7.625129258058086501e-01 0.000000000000000000e+00 -4.550629669701766744e-02 -2.150410104365063635e-01 0.000000000000000000e+00 9.200000000000001066e+00
-9.526636880376442296e-01 -7.840170268494592865e-01 0.000000000000000000e+00 -4.550629669701766744e-02 -2.150410104365063635e-01 0.000000000000000000e+00 9.300000000000000711e+00
-9.569369023059421941e-01 -8.042573838892983495e-01 0.000000000000000000e+00 -4.273214268297964580e-02 -2.024035703983906309e-01 0.000000000000000000e+00 9.400000000000000355e+00
-9.611712302224940663e-01 -8.243205972175755569e-01 0.000000000000000000e+00 -4.234327916551872129e-02 -2.006321332827720738e-01 0.000000000000000000e+00 9.500000000000000000e+00
-9.654055581390460494e-01 -8.443838105458527643e-01 0.000000000000000000e+00 -4.234327916551983151e-02 -2.006321332827720738e-01 0.000000000000000000e+00 9.600000000000001421e+00
-9.696398860555980326e-01 -8.644470238741299717e-01 0.000000000000000000e+00 -4.234327916551983151e-02 -2.006321332827720738e-01 0.000000000000000000e+00 9.700000000000001066e+00
-9.739165138190007953e-01 -8.846176983255235049e-01 0.000000000000000000e+00 -4.276627763402762739e-02 -2.017067445139353321e-01 0.000000000000000000e+00 9.800000000000000711e+00
-9.784362071515515513e-01 -9.054058714440804678e-01 0.000000000000000000e+00 -4.519693332550756004e-02 -2.078817311855696293e-01 0.000000000000000000e+00 9.900000000000000355e+00
-9.829559004841023073e-01 -9.261940445626375418e-01 0.000000000000000000e+00 -4.519693332550756004e-02 -2.078817311855707395e-01 0.000000000000000000e+00 1.000000000000000000e+01
-9.874755938166530633e-01 -9.469822176811945047e-01 0.000000000000000000e+00 -4.519693332550756004e-02 -2.078817311855696293e-01 0.000000000000000000e+00 1.010000000000000142e+01
-9.919952871492038193e-01 -9.677703907997514676e-01 0.000000000000000000e+00 -4.519693332550756004e-02 -2.078817311855696293e-01 0.000000000000000000e+00 1.020000000000000107e+01
-9.964258971373187723e-01 -9.882716449039647966e-01 0.000000000000000000e+00 -4.430609988114952991e-02 -2.050125410421332894e-01 0.000000000000000000e+00 1.030000000000000071e+01
-1.000544570723080007e+00 -1.007768216419440810e+00 0.000000000000000000e+00 -4.118673585761234435e-02 -1.949657151547601330e-01 0.000000000000000000e+00 1.040000000000000036e+01
-1.004663244308841241e+00 -1.027264787934916823e+00 0.000000000000000000e+00 -4.118673585761234435e-02 -1.949657151547601330e-01 0.000000000000000000e+00 1.050000000000000000e+01
-1.008781917894602476e+00 -1.046761359450392836e+00 0.000000000000000000e+00 -4.118673585761234435e-02 -1.949657151547601330e-01 0.000000000000000000e+00 1.060000000000000142e+01
-1.012900591480363710e+00 -1.066257930965868850e+00 0.000000000000000000e+00 -4.118673585761234435e-02 -1.949657151547601330e-01 0.000000000000000000e+00 1.070000000000000107e+01
-1.017045005817820646e+00 -1.086224962341371558e+00 0.000000000000000000e+00 -4.144414337456936437e-02 -1.996703137550270846e-01 0.000000000000000000e+00 1.080000000000000071e+01
-1.021206098474611412e+00 -1.106496820859149022e+00 0.000000000000000000e+00 -4.161092656790765787e-02 -2.027185851777746350e-01 0.000000000000000000e+00 1.090000000000000036e+01
-1.025367191131402178e+00 -1.126768679376926485e+00 0.000000000000000000e+00 -4.161092656790765787e-02 -2.027185851777746350e-01 0.000000000000000000e+00 1.100000000000000000e+01
-1.029528283788192944e+00 -1.147040537894703949e+00 0.000000000000000000e+00 -4.161092656790765787e-02 -2.027185851777746350e-01 0.000000000000000000e+00 1.110000000000000142e+01
-1.033689376444983710e+00 -1.167312396412481190e+00 0.000000000000000000e+00 -4.161092656790765787e-02 -2.027185851777724146e-01 0.000000000000000000e+00 1.120000000000000107e+01
-1.037868807866940024e+00 -1.186276037489722990e+00 0.000000000000000000e+00 -4.179431421956314452e-02 -1.896364107724179959e-01 0.000000000000000000e+00 1.130000000000000071e+01
-1.042058014789087217e+00 -1.204542331732322502e+00 0.000000000000000000e+00 -4.189206922147192813e-02 -1.826629424259951229e-01 0.000000000000000000e+00 1.140000000000000036e+01
-1.046247221711234410e+00 -1.222808625974922236e+00 0.000000000000000000e+00 -4.189206922147192813e-02 -1.826629424259973433e-01 0.000000000000000000e+00 1.150000000000000000e+01
-1.050436428633381603e+00 -1.241074920217521971e+00 0.000000000000000000e+00 -4.189206922147192813e-02 -1.826629424259973433e-01 0.000000000000000000e+00 1.160000000000000142e+01
-1.054422985249983791e+00 -1.259245396129600403e+00 0.000000000000000000e+00 -3.986556616602188186e-02 -1.817047591207843205e-01 0.000000000000000000e+00 1.170000000000000107e+01
-1.058116738294719639e+00 -1.277277426904123381e+00 0.000000000000000000e+00 -3.693753044735847979e-02 -1.803203077452297798e-01 0.000000000000000000e+00 1.180000000000000071e+01
-1.061810491339455487e+00 -1.295309457678646359e+00 0.000000000000000000e+00 -3.693753044735847979e-02 -1.803203077452297798e-01 0.000000000000000000e+00 1.190000000000000036e+01
-1.065504244384191557e+00 -1.313341488453169337e+00 0.000000000000000000e+00 -3.693753044736070024e-02 -1.803203077452297798e-01 0.000000000000000000e+00 1.200000000000000000e+01
-1.069248582486647781e+00 -1.331588461701307402e+00 0.000000000000000000e+00 -3.744338102456223893e-02 -1.824697324813806532e-01 0.000000000000000000e+00 1.210000000000000142e+01
-1.073335607962950577e+00 -1.351291558064264375e+00 0.000000000000000000e+00 -4.087025476302796889e-02 -1.970309636295697331e-01 0.000000000000000000e+00 1.220000000000000107e+01
-1.077422633439253152e+00 -1.370994654427221127e+00 0.000000000000000000e+00 -4.087025476302574845e-02 -1.970309636295675126e-01 0.000000000000000000e+00 1.230000000000000071e+01
-1.081509658915555727e+00 -1.390697750790177878e+00 0.000000000000000000e+00 -4.087025476302574845e-02 -1.970309636295675126e-01 0.000000000000000000e+00 1.240000000000000036e+01
-1.085596684391858302e+00 -1.410400847153134629e+00 0.000000000000000000e+00 -4.087025476302574845e-02 -1.970309636295675126e-01 0.000000000000000000e+00 1.250000000000000000e+01
-1.089434675897973159e+00 -1.429490908342922584e+00 0.000000000000000000e+00 -3.837991506114857287e-02 -1.909006118978795463e-01 0.000000000000000000e+00 1.260000000000000142e+01
-1.092857871431868633e+00 -1.447559885861003259e+00 0.000000000000000000e+00 -3.423195533895473375e-02 -1.806897751808067554e-01 0.000000000000000000e+00 1.270000000000000107e+01
-1.096281066965764328e+00 -1.465628863379083935e+00 0.000000000000000000e+00 -3.423195533895695419e-02 -1.806897751808067554e-01 0.000000000000000000e+00 1.280000000000000071e+01
-1.099704262499659801e+00 -1.483697840897164610e+00 0.000000000000000000e+00 -3.423195533895473375e-02 -1.806897751808067554e-01 0.000000000000000000e+00 1.290000000000000036e+01
-1.103160380867892254e+00 -1.501797263035787200e+00 0.000000000000000000e+00 -3.456118368232452553e-02 -1.809942213862258953e-01 0.000000000000000000e+00 1.300000000000000000e+01
-1.106967378800920443e+00 -1.520221152840127044e+00 0.000000000000000000e+00 -3.806997933028188896e-02 -1.842388980433984358e-01 0.000000000000000000e+00 1.310000000000000142e+01
-1.110774376733948854e+00 -1.538645042644466887e+00 0.000000000000000000e+00 -3.806997933028410941e-02 -1.842388980433984358e-01 0.000000000000000000e+00 1.320000000000000107e+01
-1.114581374666977043e+00 -1.557068932448806731e+00 0.000000000000000000e+00 -3.806997933028188896e-02 -1.842388980433984358e-01 0.000000000000000000e+00 1.330000000000000071e+01
-1.118388372600005454e+00 -1.575492822253146574e+00 0.000000000000000000e+00 -3.806997933028410941e-02 -1.842388980433984358e-01 0.000000000000000000e+00 1.340000000000000036e+01
-1.121195663110758689e+00 -1.594995630608989190e+00 0.000000000000000000e+00 -2.807290510753235324e-02 -1.950280835584261574e-01 0.000000000000000000e+00 1.350000000000000000e+01
-1.123534196004157604e+00 -1.615004338269221629e+00 0.000000000000000000e+00 -2.338532893398914680e-02 -2.000870766023243874e-01 0.000000000000000000e+00 1.360000000000000142e+01
-1.125872728897556740e+00 -1.635013045929453845e+00 0.000000000000000000e+00 -2.338532893399136725e-02 -2.000870766023221670e-01 0.000000000000000000e+00 1.370000000000000107e+01
-1.128211261790955655e+00 -1.655021753589686062e+00 0.000000000000000000e+00 -2.338532893398914680e-02 -2.000870766023221670e-01 0.000000000000000000e+00 1.380000000000000071e+01
-1.130549794684354570e+00 -1.675030461249918501e+00 0.000000000000000000e+00 -2.338532893398914680e-02 -2.000870766023243874e-01 0.000000000000000000e+00 1.390000000000000036e+01
-1.133723732274075413e+00 -1.693810707783427905e+00 0.000000000000000000e+00 -3.173937589720843278e-02 -1.878024653350940376e-01 0.000000000000000000e+00 1.400000000000000000e+01
-1.137297506011200277e+00 -1.712002995970154151e+00 0.000000000000000000e+00 -3.573773737124863459e-02 -1.819228818672624648e-01 0.000000000000000000e+00 1.410000000000000142e+01
-1.140871279748325140e+00 -1.730195284156880398e+00 0.000000000000000000e+00 -3.573773737124863459e-02 -1.819228818672624648e-01 0.000000000000000000e+00 1.420000000000000107e+01
-1.144445053485450003e+00 -1.748387572343606644e+00 0.000000000000000000e+00 -3.573773737124863459e-02 -1.819228818672624648e-01 0.000000000000000000e+00 1.430000000000000071e+01
-1.147980627305564161e+00 -1.766605643525746672e+00 0.000000000000000000e+00 -3.535573820114157328e-02 -1.821807118214002763e-01 0.000000000000000000e+00 1.440000000000000036e+01
-1.151428947535684255e+00 -1.784882606430348240e+00 0.000000000000000000e+00 -3.448320230120094365e-02 -1.827696290460156803e-01 0.000000000000000000e+00 1.450000000000000000e+01
-1.154877267765804350e+00 -1.803159569334949586e+00 0.000000000000000000e+00 -3.448320230120094365e-02 -1.827696290460134598e-01 0.000000000000000000e+00 1.460000000000000142e+01
-1.158325587995924444e+00 -1.821436532239550932e+00 0.000000000000000000e+00 -3.448320230120094365e-02 -1.827696290460134598e-01 0.000000000000000000e+00 1.470000000000000107e+01
-1.161773908226044538e+00 -1.839713495144152278e+00 0.000000000000000000e+00 -3.448320230120094365e-02 -1.827696290460134598e-01 0.000000000000000000e+00 1.480000000000000071e+01
-1.166478401278527421e+00 -1.857943179200924222e+00 0.000000000000000000e+00 -4.704493052482883186e-02 -1.822968405677194426e-01 0.000000000000000000e+00 1.490000000000000036e+01
-1.171298011174877196e+00 -1.876168530580180072e+00 0.000000000000000000e+00 -4.819609896349774658e-02 -1.822535137925584969e-01 0.000000000000000000e+00 1.500000000000000000e+01
-1.176117621071226971e+00 -1.894393881959435921e+00 0.000000000000000000e+00 -4.819609896349774658e-02 -1.822535137925584969e-01 0.000000000000000000e+00 1.510000000000000142e+01
-1.180937230967576745e+00 -1.912619233338691771e+00 0.000000000000000000e+00 -4.819609896349774658e-02 -1.822535137925584969e-01 0.000000000000000000e+00 1.520000000000000107e+01
-1.187295338987450544e+00 -1.929673212025296847e+00 0.000000000000000000e+00 -6.358108019873798256e-02 -1.705397868660507577e-01 0.000000000000000000e+00 1.530000000000000071e+01
-1.196048244223027357e+00 -1.944903854030485935e+00 0.000000000000000000e+00 -8.752905235576813325e-02 -1.523064200518908784e-01 0.000000000000000000e+00 1.540000000000000036e+01
-1.204801149458603948e+00 -1.960134496035675244e+00 0.000000000000000000e+00 -8.752905235576591281e-02 -1.523064200518930988e-01 0.000000000000000000e+00 1.550000000000000000e+01
-1.213554054694180762e+00 -1.975365138040864332e+00 0.000000000000000000e+00 -8.752905235576813325e-02 -1.523064200518908784e-01 0.000000000000000000e+00 1.560000000000000142e+01
-1.222306959929757353e+00 -1.990595780046053420e+00 0.000000000000000000e+00 -8.752905235576591281e-02 -1.523064200518908784e-01 0.000000000000000000e+00 1.570000000000000107e+01
-1.232464864838858309e+00 -2.003990136313628323e+00 0.000000000000000000e+00 -1.015790490910095656e-01 -1.339435626757490283e-01 0.000000000000000000e+00 1.580000000000000071e+01
-1.249913189978341554e+00 -2.007856166744166337e+00 0.000000000000000000e+00 -1.744832513948324504e-01 -3.866030430538014429e-02 0.000000000000000000e+00 1.590000000000000036e+01
-1.267361515117825022e+00 -2.011722197174704352e+00 0.000000000000000000e+00 -1.744832513948346708e-01 -3.866030430538014429e-02 0.000000000000000000e+00 1.600000000000000000e+01
-1.284809840257308489e+00 -2.015588227605242366e+00 0.000000000000000000e+00 -1.744832513948346708e-01 -3.866030430538014429e-02 0.000000000000000000e+00 1.610000000000000142e+01
-1.302258165396792400e+00 -2.019454258035780381e+00 0.000000000000000000e+00 -1.744832513948391117e-01 -3.866030430538014429e-02 0.000000000000000000e+00 1.619999999999999929e+01
-1.320685546379338104e+00 -2.021582152823773182e+00 0.000000000000000000e+00 -1.842738098254570467e-01 -2.127894787992801184e-02 0.000000000000000000e+00 1.630000000000000071e+01
-1.340887405294283630e+00 -2.020559784669084813e+00 0.000000000000000000e+00 -2.020185891494552521e-01 1.022368154688368946e-02 0.000000000000000000e+00 1.640000000000000213e+01
-1.361089264209229377e+00 -2.019537416514396000e+00 0.000000000000000000e+00 -2.020185891494574726e-01 1.022368154688813036e-02 0.000000000000000000e+00 1.650000000000000000e+01
-1.381291123124174902e+00 -2.018515048359707631e+00 0.000000000000000000e+00 -2.020185891494552521e-01 1.022368154688368946e-02 0.000000000000000000e+00 1.660000000000000142e+01
-1.401492982039120427e+00 -2.017492680205018818e+00 0.000000000000000000e+00 -2.020185891494552521e-01 1.022368154688813036e-02 0.000000000000000000e+00 1.669999999999999929e+01
-1.421806843992708069e+00 -2.016281676762639030e+00 0.000000000000000000e+00 -2.031386195358764191e-01 1.211003442379787742e-02 0.000000000000000000e+00 1.680000000000000071e+01
-1.442385448528330061e+00 -2.014624794407225750e+00 0.000000000000000000e+00 -2.057860453562199154e-01 1.656882355413280550e-02 0.000000000000000000e+00 1.690000000000000213e+01
-1.462964053063951830e+00 -2.012967912051812469e+00 0.000000000000000000e+00 -2.057860453562176950e-01 1.656882355413280550e-02 0.000000000000000000e+00 1.700000000000000000e+01
-1.483542657599573822e+00 -2.011311029696399633e+00 0.000000000000000000e+00 -2.057860453562199154e-01 1.656882355412836461e-02 0.000000000000000000e+00 1.710000000000000142e+01
-1.504121262135195591e+00 -2.009654147340986352e+00 0.000000000000000000e+00 -2.057860453562176950e-01 1.656882355413280550e-02 0.000000000000000000e+00 1.719999999999999929e+01
-1.523863780253630562e+00 -2.007586760812057669e+00 0.000000000000000000e+00 -1.974251811843497073e-01 2.067386528928683020e-02 0.000000000000000000e+00 1.730000000000000071e+01
-1.542597801852997108e+00 -2.005024219689605758e+00 0.000000000000000000e+00 -1.873402159936654598e-01 2.562541122451911235e-02 0.000000000000000000e+00 1.740000000000000213e+01
-1.561331823452363876e+00 -2.002461678567153402e+00 0.000000000000000000e+00 -1.873402159936676803e-01 2.562541122452355324e-02 0.000000000000000000e+00 1.750000000000000000e+01
-1.580065845051730644e+00 -1.999899137444701269e+00 0.000000000000000000e+00 -1.873402159936676803e-01 2.562541122452133280e-02 0.000000000000000000e+00 1.760000000000000142e+01
-1.598802077472861294e+00 -1.997336684988873179e+00 0.000000000000000000e+00 -1.873623242113064968e-01 2.562452455828090336e-02 0.000000000000000000e+00 1.769999999999999929e+01
-1.617809757954575822e+00 -1.994785119156104125e+00 0.000000000000000000e+00 -1.900768048171452840e-01 2.551565832769053799e-02 0.000000000000000000e+00 1.780000000000000071e+01
-1.636817438436290351e+00 -1.992233553323335071e+00 0.000000000000000000e+00 -1.900768048171452840e-01 2.551565832769053799e-02 0.000000000000000000e+00 1.790000000000000213e+01
-1.655825118918004879e+00 -1.989681987490566240e+00 0.000000000000000000e+00 -1.900768048171452840e-01 2.551565832768831754e-02 0.000000000000000000e+00 1.800000000000000000e+01
-1.674832799399719407e+00 -1.987130421657797186e+00 0.000000000000000000e+00 -1.900768048171452840e-01 2.551565832769053799e-02 0.000000000000000000e+00 1.810000000000000142e+01
-1.694117540898128826e+00 -1.984575151902225665e+00 0.000000000000000000e+00 -1.928474149840941898e-01 2.555269755571520918e-02 0.000000000000000000e+00 1.819999999999999929e+01
-1.713677171103058949e+00 -1.982016207264636121e+00 0.000000000000000000e+00 -1.955963020493012294e-01 2.558944637589544158e-02 0.000000000000000000e+00 1.830000000000000071e+01
-1.733236801307988850e+00 -1.979457262627046576e+00 0.000000000000000000e+00 -1.955963020492990090e-01 2.558944637589544158e-02 0.000000000000000000e+00 1.840000000000000213e+01
-1.752796431512918973e+00 -1.976898317989457032e+00 0.000000000000000000e+00 -1.955963020493012294e-01 2.558944637589544158e-02 0.000000000000000000e+00 1.850000000000000000e+01
-1.772356061717849096e+00 -1.974339373351867488e+00 0.000000000000000000e+00 -1.955963020493012294e-01 2.558944637589544158e-02 0.000000000000000000e+00 1.860000000000000142e+01
-1.790843483758314925e+00 -1.971954377294406813e+00 0.000000000000000000e+00 -1.848742204046582849e-01 2.384996057460675445e-02 0.000000000000000000e+00 1.869999999999999929e+01
-1.809169045754317251e+00 -1.969595640433478456e+00 0.000000000000000000e+00 -1.832556199600232638e-01 2.358736860928356549e-02 0.000000000000000000e+00 1.880000000000000071e+01
-1.827494607750319577e+00 -1.967236903572549878e+00 0.000000000000000000e+00 -1.832556199600232638e-01 2.358736860928578594e-02 0.000000000000000000e+00 1.890000000000000213e+01
-1.845820169746321904e+00 -1.964878166711621521e+00 0.000000000000000000e+00 -1.832556199600232638e-01 2.358736860928356549e-02 0.000000000000000000e+00 1.900000000000000000e+01
-1.864256010614546266e+00 -1.962536862940749582e+00 0.000000000000000000e+00 -1.843584086822436241e-01 2.341303770871938639e-02 0.000000000000000000e+00 1.910000000000000142e+01
-1.882789369652576816e+00 -1.960210975024267110e+00 0.000000000000000000e+00 -1.853335903803055018e-01 2.325887916482471951e-02 0.000000000000000000e+00 1.920000000000000284e+01
-1.901322728690607589e+00 -1.957885087107784416e+00 0.000000000000000000e+00 -1.853335903803077223e-01 2.325887916482693996e-02 0.000000000000000000e+00 1.930000000000000071e+01
-1.919856087728638139e+00 -1.955559199191301945e+00 0.000000000000000000e+00 -1.853335903803055018e-01 2.325887916482471951e-02 0.000000000000000000e+00 1.940000000000000213e+01
-1.938256015359549167e+00 -1.953254104025427873e+00 0.000000000000000000e+00 -1.839992763091102823e-01 2.305095165874071483e-02 0.000000000000000000e+00 1.950000000000000000e+01
-1.955873783271501853e+00 -1.951070893596612787e+00 0.000000000000000000e+00 -1.761776791195268643e-01 2.183210428815085535e-02 0.000000000000000000e+00 1.960000000000000142e+01
-1.973491551183454762e+00 -1.948887683167797702e+00 0.000000000000000000e+00 -1.761776791195290848e-01 2.183210428815085535e-02 0.000000000000000000e+00 1.970000000000000284e+01
-1.991109319095407448e+00 -1.946704472738982838e+00 0.000000000000000000e+00 -1.761776791195268643e-01 2.183210428814863491e-02 0.000000000000000000e+00 1.980000000000000071e+01
-2.008727087007360357e+00 -1.944521262310167753e+00 0.000000000000000000e+00 -1.761776791195290848e-01 2.183210428815085535e-02 0.000000000000000000e+00 1.990000000000000213e+01
-2.027422672439797235e+00 -1.942279059749487224e+00 0.000000000000000000e+00 -1.869558543243687865e-01 2.242202560680528478e-02 0.000000000000000000e+00 2.000000000000000000e+01
-2.046141397383223204e+00 -1.940035590695121437e+00 0.000000000000000000e+00 -1.871872494342596838e-01 2.243469054365787585e-02 0.000000000000000000e+00 2.010000000000000142e+01
-2.064860122326649616e+00 -1.937792121640755871e+00 0.000000000000000000e+00 -1.871872494342641247e-01 2.243469054365565540e-02 0.000000000000000000e+00 2.020000000000000284e+01
-2.083578847270075585e+00 -1.935548652586390084e+00 0.000000000000000000e+00 -1.871872494342596838e-01 2.243469054365787585e-02 0.000000000000000000e+00 2.030000000000000071e+01
-2.101723388001834003e+00 -1.933380302398600481e+00 0.000000000000000000e+00 -1.814454073175841842e-01 2.168350187789602757e-02 0.000000000000000000e+00 2.040000000000000213e+01
-2.119404884682383194e+00 -1.931272530930313813e+00 0.000000000000000000e+00 -1.768149668054919132e-01 2.107771468286667726e-02 0.000000000000000000e+00 2.050000000000000000e+01
-2.137086381362932386e+00 -1.929164759462026923e+00 0.000000000000000000e+00 -1.768149668054919132e-01 2.107771468286889771e-02 0.000000000000000000e+00 2.060000000000000142e+01
-2.154767878043481577e+00 -1.927056987993740256e+00 0.000000000000000000e+00 -1.768149668054919132e-01 2.107771468286667726e-02 0.000000000000000000e+00 2.070000000000000284e+01
-2.172806695266355170e+00 -1.924933677757675765e+00 0.000000000000000000e+00 -1.803881722287359324e-01 2.123310236064490653e-02 0.000000000000000000e+00 2.080000000000000071e+01
-2.191443887060894546e+00 -1.922784346057934135e+00 0.000000000000000000e+00 -1.863719179453937613e-01 2.149331699741630075e-02 0.000000000000000000e+00 2.090000000000000213e+01
-2.210081078855434367e+00 -1.920635014358192505e+00 0.000000000000000000e+00 -1.863719179453982022e-01 2.149331699741630075e-02 0.000000000000000000e+00 2.100000000000000000e+01
-2.228718270649973743e+00 -1.918485682658450875e+00 0.000000000000000000e+00 -1.863719179453937613e-01 2.149331699741630075e-02 0.000000000000000000e+00 2.110000000000000142e+01
-2.247355462444513119e+00 -1.916336350958709245e+00 0.000000000000000000e+00 -1.863719179453937613e-01 2.149331699741630075e-02 0.000000000000000000e+00 2.120000000000000284e+01
-2.265034539131111746e+00 -1.914373990227810296e+00 0.000000000000000000e+00 -1.767907668659862708e-01 1.962360730898948802e-02 0.000000000000000000e+00 2.130000000000000071e+01
-2.282682770836987896e+00 -1.912417648727671393e+00 0.000000000000000000e+00 -1.764823170587614953e-01 1.956341500138902845e-02 0.000000000000000000e+00 2.140000000000000213e+01
-2.300331002542864045e+00 -1.910461307227532490e+00 0.000000000000000000e+00 -1.764823170587614953e-01 1.956341500138902845e-02 0.000000000000000000e+00 2.150000000000000000e+01
-2.317979234248740195e+00 -1.908504965727393810e+00 0.000000000000000000e+00 -1.764823170587614953e-01 1.956341500138680800e-02 0.000000000000000000e+00 2.160000000000000142e+01
-2.337458505682148413e+00 -1.909361679205643814e+00 0.000000000000000000e+00 -1.947927143340821843e-01 -8.567134782500041013e-03 0.000000000000000000e+00 2.170000000000000284e+01
-2.357299071014767655e+00 -1.910773454153371631e+00 0.000000000000000000e+00 -1.984056533261924216e-01 -1.411774947727817420e-02 0.000000000000000000e+00 2.180000000000000071e+01
-2.377139636347386897e+00 -1.912185229101099671e+00 0.000000000000000000e+00 -1.984056533261924216e-01 -1.411774947728039464e-02 0.000000000000000000e+00 2.190000000000000213e+01
-2.396980201680005695e+00 -1.913597004048827710e+00 0.000000000000000000e+00 -1.984056533261879807e-01 -1.411774947728039464e-02 0.000000000000000000e+00 2.200000000000000000e+01
-2.416738074990672391e+00 -1.914994158049263762e+00 0.000000000000000000e+00 -1.975787331066669594e-01 -1.397154000436051646e-02 0.000000000000000000e+00 2.210000000000000142e+01
-2.435940010206037343e+00 -1.916293015486173035e+00 0.000000000000000000e+00 -1.920193521536495140e-01 -1.298857436909273133e-02 0.000000000000000000e+00 2.220000000000000284e+01
-2.455141945421401850e+00 -1.917591872923082086e+00 0.000000000000000000e+00 -1.920193521536450731e-01 -1.298857436909051088e-02 0.000000000000000000e+00 2.230000000000000071e+01
-2.474343880636766801e+00 -1.918890730359991359e+00 0.000000000000000000e+00 -1.920193521536495140e-01 -1.298857436909273133e-02 0.000000000000000000e+00 2.240000000000000213e+01
-2.493545815852131753e+00 -1.920189587796900410e+00 0.000000000000000000e+00 -1.920193521536495140e-01 -1.298857436909051088e-02 0.000000000000000000e+00 2.250000000000000000e+01
-2.513298934658252826e+00 -1.921492005470431863e+00 0.000000000000000000e+00 -1.975311880612107274e-01 -1.302417673531452991e-02 0.000000000000000000e+00 2.260000000000000142e+01
-2.533395532902324554e+00 -1.922796641766024273e+00 0.000000000000000000e+00 -2.009659824407172835e-01 -1.304636295592409567e-02 0.000000000000000000e+00 2.270000000000000284e+01
-2.553492131146395838e+00 -1.924101278061616460e+00 0.000000000000000000e+00 -2.009659824407128426e-01 -1.304636295592187523e-02 0.000000000000000000e+00 2.280000000000000071e+01
-2.573588729390467567e+00 -1.925405914357208870e+00 0.000000000000000000e+00 -2.009659824407172835e-01 -1.304636295592409567e-02 0.000000000000000000e+00 2.290000000000000213e+01
-2.593685327634538851e+00 -1.926710550652801057e+00 0.000000000000000000e+00 -2.009659824407128426e-01 -1.304636295592187523e-02 0.000000000000000000e+00 2.300000000000000000e+01
-2.612876515189707760e+00 -1.927929345521085081e+00 0.000000000000000000e+00 -1.919118755516890928e-01 -1.218794868284023281e-02 0.000000000000000000e+00 2.310000000000000142e+01
-2.631959204311883127e+00 -1.929137853720056528e+00 0.000000000000000000e+00 -1.908268912217536695e-01 -1.208508198971447456e-02 0.000000000000000000e+00 2.320000000000000284e+01
-2.651041893434058938e+00 -1.930346361919027975e+00 0.000000000000000000e+00 -1.908268912217581104e-01 -1.208508198971447456e-02 0.000000000000000000e+00 2.330000000000000071e+01
-2.670124582556234305e+00 -1.931554870117999423e+00 0.000000000000000000e+00 -1.908268912217536695e-01 -1.208508198971447456e-02 0.000000000000000000e+00 2.340000000000000213e+01
-2.689317185292145584e+00 -1.932752587483626217e+00 0.000000000000000000e+00 -1.919260273591127941e-01 -1.197717365626793651e-02 0.000000000000000000e+00 2.350000000000000000e+01
-2.708669178856432325e+00 -1.933934656561409726e+00 0.000000000000000000e+00 -1.935199356428674022e-01 -1.182069077783509670e-02 0.000000000000000000e+00 2.360000000000000142e+01
-2.728021172420719065e+00 -1.935116725639193014e+00 0.000000000000000000e+00 -1.935199356428674022e-01 -1.182069077783287625e-02 0.000000000000000000e+00 2.370000000000000284e+01
-2.747373165985005805e+00 -1.936298794716976301e+00 0.000000000000000000e+00 -1.935199356428674022e-01 -1.182069077783287625e-02 0.000000000000000000e+00 2.380000000000000071e+01
-2.766725159549292545e+00 -1.937480863794759589e+00 0.000000000000000000e+00 -1.935199356428674022e-01 -1.182069077783287625e-02 0.000000000000000000e+00 2.390000000000000213e+01
-2.786739361372432722e+00 -1.938654088529656150e+00 0.000000000000000000e+00 -2.001420182314017637e-01 -1.173224734896560761e-02 0.000000000000000000e+00 2.400000000000000000e+01
-2.806861581460423860e+00 -1.939825870590651258e+00 0.000000000000000000e+00 -2.012222008799113837e-01 -1.171782060995107955e-02 0.000000000000000000e+00 2.410000000000000142e+01
-2.826983801548414998e+00 -1.940997652651646144e+00 0.000000000000000000e+00 -2.012222008799113837e-01 -1.171782060994885910e-02 0.000000000000000000e+00 2.420000000000000284e+01
-2.847106021636405693e+00 -1.942169434712641252e+00 0.000000000000000000e+00 -2.012222008799069428e-01 -1.171782060995107955e-02 0.000000000000000000e+00 2.430000000000000071e+01
-2.867711095149108935e+00 -1.942943646165620875e+00 0.000000000000000000e+00 -2.060507351270324250e-01 -7.742114529796229050e-03 0.000000000000000000e+00 2.440000000000000213e+01
-2.890516071664884112e+00 -1.941906507155409134e+00 0.000000000000000000e+00 -2.280497651577517715e-01 1.037139010211740597e-02 0.000000000000000000e+00 2.450000000000000000e+01
-2.913321048180659290e+00 -1.940869368145197393e+00 0.000000000000000000e+00 -2.280497651577517715e-01 1.037139010211740597e-02 0.000000000000000000e+00 2.460000000000000142e+01
-2.936126024696434023e+00 -1.939832229134985653e+00 0.000000000000000000e+00 -2.280497651577473306e-01 1.037139010211740597e-02 0.000000000000000000e+00 2.470000000000000284e+01
-2.958931001212209200e+00 -1.938795090124773690e+00 0.000000000000000000e+00 -2.280497651577517715e-01 1.037139010211962642e-02 0.000000000000000000e+00 2.480000000000000071e+01
-2.981735977727984377e+00 -1.937757951114561950e+00 0.000000000000000000e+00 -2.280497651577517715e-01 1.037139010211740597e-02 0.000000000000000000e+00 2.490000000000000213e+01
-3.002528812301100913e+00 -1.936688789049064718e+00 0.000000000000000000e+00 -2.079283457311653649e-01 1.069162065497231140e-02 0.000000000000000000e+00 2.500000000000000000e+01
-3.022800286156708260e+00 -1.935611329575354755e+00 0.000000000000000000e+00 -2.027147385560734705e-01 1.077459473709962978e-02 0.000000000000000000e+00 2.510000000000000142e+01
-3.043071760012316052e+00 -1.934533870101644792e+00 0.000000000000000000e+00 -2.027147385560779114e-01 1.077459473709962978e-02 0.000000000000000000e+00 2.520000000000000284e+01
-3.063343233867923399e+00 -1.933456410627934829e+00 0.000000000000000000e+00 -2.027147385560734705e-01 1.077459473709962978e-02 0.000000000000000000e+00 2.530000000000000071e+01
-3.083551522204567963e+00 -1.932378015242278035e+00 0.000000000000000000e+00 -2.020828833664456425e-01 1.078395385656794048e-02 0.000000000000000000e+00 2.540000000000000213e+01
-3.102647219699855352e+00 -1.931283140019508515e+00 0.000000000000000000e+00 -1.909569749528738924e-01 1.094875222769520207e-02 0.000000000000000000e+00 2.550000000000000000e+01
-3.121742917195142741e+00 -1.930188264796738995e+00 0.000000000000000000e+00 -1.909569749528738924e-01 1.094875222769520207e-02 0.000000000000000000e+00 2.560000000000000142e+01
-3.140838614690430131e+00 -1.929093389573969475e+00 0.000000000000000000e+00 -1.909569749528738924e-01 1.094875222769520207e-02 0.000000000000000000e+00 2.570000000000000284e+01
-3.159934312185717520e+00 -1.927998514351199955e+00 0.000000000000000000e+00 -1.909569749528738924e-01 1.094875222769520207e-02 0.000000000000000000e+00 2.580000000000000071e+01
-3.178997191288710056e+00 -1.926858072728190985e+00 0.000000000000000000e+00 -1.906287910299253596e-01 1.140441623008969785e-02 0.000000000000000000e+00 2.590000000000000213e+01
-3.198036832729113321e+00 -1.925685366982532232e+00 0.000000000000000000e+00 -1.903964144040326545e-01 1.172705745658753074e-02 0.000000000000000000e+00 2.600000000000000000e+01
-3.217076474169516143e+00 -1.924512661236873479e+00 0.000000000000000000e+00 -1.903964144040282136e-01 1.172705745658753074e-02 0.000000000000000000e+00 2.610000000000000142e+01
-3.236116115609919408e+00 -1.923339955491214726e+00 0.000000000000000000e+00 -1.903964144040326545e-01 1.172705745658753074e-02 0.000000000000000000e+00 2.620000000000000284e+01
-3.255189668251539548e+00 -1.922149389092358884e+00 0.000000000000000000e+00 -1.907355264162013953e-01 1.190566398855841257e-02 0.000000000000000000e+00 2.630000000000000071e+01
-3.274489976920758494e+00 -1.920839392811225066e+00 0.000000000000000000e+00 -1.930030866921894628e-01 1.309996281133818385e-02 0.000000000000000000e+00 2.640000000000000213e+01
-3.293790285589977440e+00 -1.919529396530091025e+00 0.000000000000000000e+00 -1.930030866921894628e-01 1.309996281134040430e-02 0.000000000000000000e+00 2.650000000000000000e+01
-3.313090594259196386e+00 -1.918219400248956985e+00 0.000000000000000000e+00 -1.930030866921894628e-01 1.309996281134040430e-02 0.000000000000000000e+00 2.660000000000000142e+01
-3.332390902928415333e+00 -1.916909403967823167e+00 0.000000000000000000e+00 -1.930030866921894628e-01 1.309996281133818385e-02 0.000000000000000000e+00 2.670000000000000284e+01
-3.351543851040867938e+00 -1.915557221895656914e+00 0.000000000000000000e+00 -1.915294811245260576e-01 1.352182072166252524e-02 0.000000000000000000e+00 2.680000000000000071e+01
-3.370603076937181530e+00 -1.914178209402163100e+00 0.000000000000000000e+00 -1.905922589631359187e-01 1.379012493493814162e-02 0.000000000000000000e+00 2.690000000000000213e+01
-3.389662302833495122e+00 -1.912799196908669286e+00 0.000000000000000000e+00 -1.905922589631359187e-01 1.379012493493814162e-02 0.000000000000000000e+00 2.700000000000000000e+01
-3.408721528729808714e+00 -1.911420184415175472e+00 0.000000000000000000e+00 -1.905922589631359187e-01 1.379012493493814162e-02 0.000000000000000000e+00 2.710000000000000142e+01
-3.427796034130884628e+00 -1.910014051602045182e+00 0.000000000000000000e+00 -1.907450540107591408e-01 1.406132813130289705e-02 0.000000000000000000e+00 2.720000000000000284e+01
-3.446958481672077745e+00 -1.908451826102238513e+00 0.000000000000000000e+00 -1.916244754119311722e-01 1.562225499806668694e-02 0.000000000000000000e+00 2.730000000000000071e+01
-3.466120929213270419e+00 -1.906889600602432067e+00 0.000000000000000000e+00 -1.916244754119267313e-01 1.562225499806446649e-02 0.000000000000000000e+00 2.740000000000000213e+01
-3.485283376754463092e+00 -1.905327375102625398e+00 0.000000000000000000e+00 -1.916244754119267313e-01 1.562225499806668694e-02 0.000000000000000000e+00 2.750000000000000000e+01
-3.504445824295655765e+00 -1.903765149602818729e+00 0.000000000000000000e+00 -1.916244754119267313e-01 1.562225499806668694e-02 0.000000000000000000e+00 2.760000000000000142e+01
-3.526008467749139896e+00 -1.901773527548215714e+00 0.000000000000000000e+00 -2.156264345348413158e-01 1.991622054603015002e-02 0.000000000000000000e+00 2.770000000000000284e+01
-3.548383788178595566e+00 -1.899636517072668340e+00 0.000000000000000000e+00 -2.237532042945566957e-01 2.137010475547374000e-02 0.000000000000000000e+00 2.780000000000000071e+01
-3.570759108608051235e+00 -1.897499506597121188e+00 0.000000000000000000e+00 -2.237532042945566957e-01 2.137010475547151955e-02 0.000000000000000000e+00 2.790000000000000213e+01
-3.593134429037506905e+00 -1.895362496121573814e+00 0.000000000000000000e+00 -2.237532042945566957e-01 2.137010475547374000e-02 0.000000000000000000e+00 2.800000000000000000e+01
-3.615509749466962575e+00 -1.893225485646026440e+00 0.000000000000000000e+00 -2.237532042945566957e-01 2.137010475547374000e-02 0.000000000000000000e+00 2.810000000000000142e+01
-3.637137757761571333e+00 -1.891142639275337878e+00 0.000000000000000000e+00 -2.162800829460875818e-01 2.082846370688562487e-02 0.000000000000000000e+00 2.820000000000000284e+01
-3.657452545919829934e+00 -1.889154973204621335e+00 0.000000000000000000e+00 -2.031478815825860096e-01 1.987666070716542777e-02 0.000000000000000000e+00 2.830000000000000071e+01
-3.677767334078088979e+00 -1.887167307133905014e+00 0.000000000000000000e+00 -2.031478815825904505e-01 1.987666070716320732e-02 0.000000000000000000e+00 2.840000000000000213e+01
-3.698082122236347580e+00 -1.885179641063188694e+00 0.000000000000000000e+00 -2.031478815825860096e-01 1.987666070716320732e-02 0.000000000000000000e+00 2.850000000000000000e+01
-3.718396910394606181e+00 -1.883191974992472373e+00 0.000000000000000000e+00 -2.031478815825860096e-01 1.987666070716320732e-02 0.000000000000000000e+00 2.860000000000000142e+01
-3.737562975368220020e+00 -1.881370542377931887e+00 0.000000000000000000e+00 -1.916606497361383887e-01 1.821432614540485773e-02 0.000000000000000000e+00 2.870000000000000284e+01
-3.755924344376253554e+00 -1.879665558524344027e+00 0.000000000000000000e+00 -1.836136900803353456e-01 1.704983853587860310e-02 0.000000000000000000e+00 2.880000000000000071e+01
-3.774285713384286645e+00 -1.877960574670755944e+00 0.000000000000000000e+00 -1.836136900803309047e-01 1.704983853588082354e-02 0.000000000000000000e+00 2.890000000000000213e+01
-3.792647082392320179e+00 -1.876255590817168084e+00 0.000000000000000000e+00 -1.836136900803353456e-01 1.704983853587860310e-02 0.000000000000000000e+00 2.900000000000000000e+01
-3.811127049569703384e+00 -1.874501501708110585e+00 0.000000000000000000e+00 -1.847996717738320527e-01 1.754089109057499485e-02 0.000000000000000000e+00 2.910000000000000142e+01
-3.829943384855514221e+00 -1.872608140281556643e+00 0.000000000000000000e+00 -1.881633528581083681e-01 1.893361426553941129e-02 0.000000000000000000e+00 2.920000000000000284e+01
-3.848759720141325058e+00 -1.870714778855002924e+00 0.000000000000000000e+00 -1.881633528581083681e-01 1.893361426553719085e-02 0.000000000000000000e+00 2.930000000000000071e+01
-3.867576055427135451e+00 -1.868821417428448983e+00 0.000000000000000000e+00 -1.881633528581039272e-01 1.893361426553941129e-02 0.000000000000000000e+00 2.940000000000000213e+01
-3.886392390712946288e+00 -1.866928056001895042e+00 0.000000000000000000e+00 -1.881633528581083681e-01 1.893361426553941129e-02 0.000000000000000000e+00 2.950000000000000000e+01
-3.904981201655899792e+00 -1.864922084020514514e+00 0.000000000000000000e+00 -1.858881094295350422e-01 2.005971981380527680e-02 0.000000000000000000e+00 2.960000000000000142e+01
-3.923514837930351717e+00 -1.862888803971987306e+00 0.000000000000000000e+00 -1.853363627445192563e-01 2.033280048527208450e-02 0.000000000000000000e+00 2.970000000000000284e+01
-3.942048474204804087e+00 -1.860855523923459875e+00 0.000000000000000000e+00 -1.853363627445236972e-01 2.033280048527430495e-02 0.000000000000000000e+00 2.980000000000000071e+01
-3.960582110479256457e+00 -1.858822243874932445e+00 0.000000000000000000e+00 -1.853363627445236972e-01 2.033280048527430495e-02 0.000000000000000000e+00 2.990000000000000213e+01
-3.978252299648867396e+00 -1.855858866575114119e+00 0.000000000000000000e+00 -1.767018916961093922e-01 2.963377299818326094e-02 0.000000000000000000e+00 3.000000000000000000e+01
-3.994547699557062348e+00 -1.851414578972883085e+00 0.000000000000000000e+00 -1.629539990819495188e-01 4.444287602231034029e-02 0.000000000000000000e+00 3.010000000000000142e+01
-4.010843099465257744e+00 -1.846970291370652051e+00 0.000000000000000000e+00 -1.629539990819539597e-01 4.444287602231034029e-02 0.000000000000000000e+00 3.020000000000000284e+01
-4.027138499373452696e+00 -1.842526003768421239e+00 0.000000000000000000e+00 -1.629539990819495188e-01 4.444287602230811984e-02 0.000000000000000000e+00 3.030000000000000071e+01
-4.042949431247176761e+00 -1.836838709739383901e+00 0.000000000000000000e+00 -1.581093187372406561e-01 5.687294029037337495e-02 0.000000000000000000e+00 3.040000000000000213e+01
-4.056228432285450047e+00 -1.824655205275889758e+00 0.000000000000000000e+00 -1.327900103827328593e-01 1.218350446349414362e-01 0.000000000000000000e+00 3.050000000000000000e+01
-4.069507433323723333e+00 -1.812471700812395614e+00 0.000000000000000000e+00 -1.327900103827328593e-01 1.218350446349414362e-01 0.000000000000000000e+00 3.060000000000000142e+01
-4.082786434361996619e+00 -1.800288196348901693e+00 0.000000000000000000e+00 -1.327900103827328593e-01 1.218350446349392158e-01 0.000000000000000000e+00 3.070000000000000284e+01
-4.096065435400269905e+00 -1.788104691885407549e+00 0.000000000000000000e+00 -1.327900103827328593e-01 1.218350446349414362e-01 0.000000000000000000e+00 3.080000000000000071e+01
-4.107204932960928367e+00 -1.774583571603564280e+00 0.000000000000000000e+00 -1.113949756065846231e-01 1.352112028184326853e-01 0.000000000000000000e+00 3.090000000000000213e+01
-4.117897610422811105e+00 -1.760783099762664561e+00 0.000000000000000000e+00 -1.069267746188273804e-01 1.380047184089971957e-01 0.000000000000000000e+00 3.100000000000000000e+01
-4.128590287884693844e+00 -1.746982627921764841e+00 0.000000000000000000e+00 -1.069267746188273804e-01 1.380047184089971957e-01 0.000000000000000000e+00 3.110000000000000142e+01
-4.139282965346577470e+00 -1.733182156080865344e+00 0.000000000000000000e+00 -1.069267746188362622e-01 1.380047184089949752e-01 0.000000000000000000e+00 3.120000000000000284e+01
-4.150901847399162570e+00 -1.718225205651702225e+00 0.000000000000000000e+00 -1.161888205258509998e-01 1.495695042916311834e-01 0.000000000000000000e+00 3.130000000000000071e+01
-4.162866883483687275e+00 -1.702836039996876938e+00 0.000000000000000000e+00 -1.196503608452470502e-01 1.538916565482528753e-01 0.000000000000000000e+00 3.140000000000000213e+01
-4.174831919568212868e+00 -1.687446874342051428e+00 0.000000000000000000e+00 -1.196503608452559320e-01 1.538916565482550958e-01 0.000000000000000000e+00 3.150000000000000000e+01
-4.186796955652738461e+00 -1.672057708687226141e+00 0.000000000000000000e+00 -1.196503608452559320e-01 1.538916565482528753e-01 0.000000000000000000e+00 3.160000000000000142e+01
-4.199586581517632311e+00 -1.655759880719709587e+00 0.000000000000000000e+00 -1.278962586489384989e-01 1.629782796751655383e-01 0.000000000000000000e+00 3.170000000000000284e+01
-4.213737687208913840e+00 -1.637961760804390376e+00 0.000000000000000000e+00 -1.415110569128152918e-01 1.779811991531921045e-01 0.000000000000000000e+00 3.180000000000000071e+01
-4.227888792900195369e+00 -1.620163640889070944e+00 0.000000000000000000e+00 -1.415110569128152918e-01 1.779811991531943249e-01 0.000000000000000000e+00 3.190000000000000213e+01
-4.242039898591476899e+00 -1.602365520973751511e+00 0.000000000000000000e+00 -1.415110569128152918e-01 1.779811991531943249e-01 0.000000000000000000e+00 3.200000000000000000e+01
-4.256191004282758428e+00 -1.584567401058432301e+00 0.000000000000000000e+00 -1.415110569128152918e-01 1.779811991531921045e-01 0.000000000000000000e+00 3.210000000000000142e+01
-4.270342109974039957e+00 -1.566769281143112869e+00 0.000000000000000000e+00 -1.415110569128152918e-01 1.779811991531943249e-01 0.000000000000000000e+00 3.220000000000000284e+01
-4.283626205114411611e+00 -1.550168351176891335e+00 0.000000000000000000e+00 -1.328409514037165451e-01 1.660092996622153372e-01 0.000000000000000000e+00 3.230000000000000426e+01
-4.296657935562100405e+00 -1.533915892718045848e+00 0.000000000000000000e+00 -1.303173044768879407e-01 1.625245845884548679e-01 0.000000000000000000e+00 3.239999999999999858e+01
-4.309689666009789200e+00 -1.517663434259200139e+00 0.000000000000000000e+00 -1.303173044768879407e-01 1.625245845884570883e-01 0.000000000000000000e+00 3.250000000000000000e+01
-4.322721396457477994e+00 -1.501410975800354652e+00 0.000000000000000000e+00 -1.303173044768879407e-01 1.625245845884548679e-01 0.000000000000000000e+00 3.260000000000000142e+01
-4.335753126905166788e+00 -1.485158517341508944e+00 0.000000000000000000e+00 -1.303173044768879407e-01 1.625245845884570883e-01 0.000000000000000000e+00 3.270000000000000284e+01
-4.347630571496383212e+00 -1.470351494347266863e+00 0.000000000000000000e+00 -1.187744459121642393e-01 1.480702299424208057e-01 0.000000000000000000e+00 3.280000000000000426e+01
-4.359360778215899401e+00 -1.455728847554373262e+00 0.000000000000000000e+00 -1.173020671951618965e-01 1.462264679289360103e-01 0.000000000000000000e+00 3.289999999999999858e+01
-4.371090984935416479e+00 -1.441106200761479439e+00 0.000000000000000000e+00 -1.173020671951707783e-01 1.462264679289382308e-01 0.000000000000000000e+00 3.300000000000000000e+01
-4.382821191654933557e+00 -1.426483553968585838e+00 0.000000000000000000e+00 -1.173020671951707783e-01 1.462264679289360103e-01 0.000000000000000000e+00 3.310000000000000142e+01
-4.394769505455326630e+00 -1.411602131932823356e+00 0.000000000000000000e+00 -1.194831380039307334e-01 1.488142203576248157e-01 0.000000000000000000e+00 3.320000000000000284e+01
-4.406945876000128770e+00 -1.396450129780243188e+00 0.000000000000000000e+00 -1.217637054480213976e-01 1.515200215258016847e-01 0.000000000000000000e+00 3.330000000000000426e+01
-4.419122246544930022e+00 -1.381298127627663019e+00 0.000000000000000000e+00 -1.217637054480125158e-01 1.515200215258016847e-01 0.000000000000000000e+00 3.339999999999999858e+01
-4.431298617089732161e+00 -1.366146125475082851e+00 0.000000000000000000e+00 -1.217637054480213976e-01 1.515200215258016847e-01 0.000000000000000000e+00 3.350000000000000000e+01
-4.443474987634533413e+00 -1.350994123322502682e+00 0.000000000000000000e+00 -1.217637054480125158e-01 1.515200215258016847e-01 0.000000000000000000e+00 3.360000000000000142e+01
-4.455883528998595189e+00 -1.335552507520254562e+00 0.000000000000000000e+00 -1.240854136406177588e-01 1.544161580224812091e-01 0.000000000000000000e+00 3.370000000000000284e+01
-4.468309710189072526e+00 -1.320088887512120168e+00 0.000000000000000000e+00 -1.242618119047733671e-01 1.546362000813439330e-01 0.000000000000000000e+00 3.380000000000000426e+01
-4.480735891379548974e+00 -1.304625267503985775e+00 0.000000000000000000e+00 -1.242618119047644853e-01 1.546362000813439330e-01 0.000000000000000000e+00 3.389999999999999858e+01
-4.493162072570026311e+00 -1.289161647495851382e+00 0.000000000000000000e+00 -1.242618119047733671e-01 1.546362000813439330e-01 0.000000000000000000e+00 3.400000000000000000e+01
-4.505699484287283951e+00 -1.273566281670472256e+00 0.000000000000000000e+00 -1.253741171725764048e-01 1.559536582537912608e-01 0.000000000000000000e+00 3.410000000000000142e+01
-4.518527532493639143e+00 -1.257626674539351175e+00 0.000000000000000000e+00 -1.282804820635519150e-01 1.593960713112108074e-01 0.000000000000000000e+00 3.420000000000000284e+01
-4.531355580699993446e+00 -1.241687067408230316e+00 0.000000000000000000e+00 -1.282804820635430332e-01 1.593960713112085870e-01 0.000000000000000000e+00 3.430000000000000426e+01
-4.544183628906348638e+00 -1.225747460277109235e+00 0.000000000000000000e+00 -1.282804820635519150e-01 1.593960713112108074e-01 0.000000000000000000e+00 3.439999999999999858e+01
-4.557011677112703829e+00 -1.209807853145988155e+00 0.000000000000000000e+00 -1.282804820635519150e-01 1.593960713112108074e-01 0.000000000000000000e+00 3.450000000000000000e+01
-4.569943362701821776e+00 -1.193993615746086201e+00 0.000000000000000000e+00 -1.293168558911794719e-01 1.581423739990195365e-01 0.000000000000000000e+00 3.460000000000000142e+01
-4.582988192055754695e+00 -1.178316247910097037e+00 0.000000000000000000e+00 -1.304482935393291854e-01 1.567736783598916439e-01 0.000000000000000000e+00 3.470000000000000284e+01
-4.596033021409688502e+00 -1.162638880074107872e+00 0.000000000000000000e+00 -1.304482935393380671e-01 1.567736783598916439e-01 0.000000000000000000e+00 3.480000000000000426e+01
-4.609077850763621420e+00 -1.146961512238118708e+00 0.000000000000000000e+00 -1.304482935393291854e-01 1.567736783598916439e-01 0.000000000000000000e+00 3.489999999999999858e+01
-4.622122680117554339e+00 -1.131284144402129543e+00 0.000000000000000000e+00 -1.304482935393291854e-01 1.567736783598916439e-01 0.000000000000000000e+00 3.500000000000000000e+01
-4.635741602941631179e+00 -1.118023982296763030e+00 0.000000000000000000e+00 -1.361892282407684007e-01 1.326016210536651307e-01 0.000000000000000000e+00 3.510000000000000142e+01
-4.649624600461472745e+00 -1.105875699878442475e+00 0.000000000000000000e+00 -1.388299751984156671e-01 1.214828241832055511e-01 0.000000000000000000e+00 3.520000000000000284e+01
-4.663507597981314312e+00 -1.093727417460121698e+00 0.000000000000000000e+00 -1.388299751984156671e-01 1.214828241832077715e-01 0.000000000000000000e+00 3.530000000000000426e+01
-4.677390595501156767e+00 -1.081579135041801143e+00 0.000000000000000000e+00 -1.388299751984245489e-01 1.214828241832055511e-01 0.000000000000000000e+00 3.539999999999999858e+01
-4.691592619884539239e+00 -1.069269280912232833e+00 0.000000000000000000e+00 -1.420202438338247219e-01 1.230985412956830949e-01 0.000000000000000000e+00 3.550000000000000000e+01
-4.706372656862775727e+00 -1.056666691296265226e+00 0.000000000000000000e+00 -1.478003697823648821e-01 1.260258961596760763e-01 0.000000000000000000e+00 3.560000000000000142e+01
-4.721152693841012216e+00 -1.044064101680297618e+00 0.000000000000000000e+00 -1.478003697823648821e-01 1.260258961596760763e-01 0.000000000000000000e+00 3.570000000000000284e+01
-4.735932730819248704e+00 -1.031461512064330011e+00 0.000000000000000000e+00 -1.478003697823648821e-01 1.260258961596760763e-01 0.000000000000000000e+00 3.580000000000000426e+01
-4.750712767797485192e+00 -1.018858922448362403e+00 0.000000000000000000e+00 -1.478003697823648821e-01 1.260258961596760763e-01 0.000000000000000000e+00 3.589999999999999858e+01
-4.765395509133373508e+00 -1.006255965579892164e+00 0.000000000000000000e+00 -1.468274133588831631e-01 1.260295686847023866e-01 0.000000000000000000e+00 3.600000000000000000e+01
-4.780053876072747343e+00 -9.936529167077320368e-01 0.000000000000000000e+00 -1.465836693937383473e-01 1.260304887216012748e-01 0.000000000000000000e+00 3.610000000000000142e+01
-4.794712243012121178e+00 -9.810498678355717983e-01 0.000000000000000000e+00 -1.465836693937383473e-01 1.260304887216023850e-01 0.000000000000000000e+00 3.620000000000000284e+01
-4.809370609951495013e+00 -9.684468189634116708e-01 0.000000000000000000e+00 -1.465836693937383473e-01 1.260304887216012748e-01 0.000000000000000000e+00 3.630000000000000426e+01
-4.824100104869430083e+00 -9.557515717035286462e-01 0.000000000000000000e+00 -1.472949491793507093e-01 1.269524725988302460e-01 0.000000000000000000e+00 3.639999999999999858e+01
-4.839025663297948476e+00 -9.428021805760328222e-01 0.000000000000000000e+00 -1.492555842851839287e-01 1.294939112749582399e-01 0.000000000000000000e+00 3.650000000000000000e+01
-4.853951221726467757e+00 -9.298527894485371093e-01 0.000000000000000000e+00 -1.492555842851928105e-01 1.294939112749571297e-01 0.000000000000000000e+00 3.660000000000000142e+01
-4.868876780154986150e+00 -9.169033983210413963e-01 0.000000000000000000e+00 -1.492555842851839287e-01 1.294939112749571297e-01 0.000000000000000000e+00 3.670000000000000284e+01
-4.883802338583504543e+00 -9.039540071935455723e-01 0.000000000000000000e+00 -1.492555842851839287e-01 1.294939112749582399e-01 0.000000000000000000e+00 3.680000000000000426e+01
-4.898844906840298385e+00 -8.908245672981832675e-01 0.000000000000000000e+00 -1.504256825679384235e-01 1.312943989536230482e-01 0.000000000000000000e+00 3.689999999999999858e+01
-4.913955393360239121e+00 -8.775906182365775798e-01 0.000000000000000000e+00 -1.511048651994073566e-01 1.323394906160568762e-01 0.000000000000000000e+00 3.700000000000000000e+01
-4.929065879880179857e+00 -8.643566691749717812e-01 0.000000000000000000e+00 -1.511048651994073566e-01 1.323394906160579865e-01 0.000000000000000000e+00 3.710000000000000142e+01
-4.944176366400120592e+00 -8.511227201133660936e-01 0.000000000000000000e+00 -1.511048651994073566e-01 1.323394906160568762e-01 0.000000000000000000e+00 3.720000000000000284e+01
-4.959286852920061328e+00 -8.378887710517602949e-01 0.000000000000000000e+00 -1.511048651994073566e-01 1.323394906160579865e-01 0.000000000000000000e+00 3.730000000000000426e+01
-4.976337114542874751e+00 -8.228399750714104899e-01 0.000000000000000000e+00 -1.705026162281342295e-01 1.504879598034980503e-01 0.000000000000000000e+00 3.739999999999999858e+01
-4.993420958962190959e+00 -8.077597591420857537e-01 0.000000000000000000e+00 -1.708384441931620756e-01 1.508021592932473620e-01 0.000000000000000000e+00 3.750000000000000000e+01
-5.010504803381507166e+00 -7.926795432127609065e-01 0.000000000000000000e+00 -1.708384441931620756e-01 1.508021592932484722e-01 0.000000000000000000e+00 3.760000000000000142e+01
-5.027588647800823374e+00 -7.775993272834360592e-01 0.000000000000000000e+00 -1.708384441931620756e-01 1.508021592932484722e-01 0.000000000000000000e+00 3.770000000000000284e+01
-5.044672492220139581e+00 -7.625191113541112120e-01 0.000000000000000000e+00 -1.708384441931620756e-01 1.508021592932484722e-01 0.000000000000000000e+00 3.780000000000000426e+01
-5.060650014458695445e+00 -7.483864580269471434e-01 0.000000000000000000e+00 -1.597752223855586351e-01 1.413265332716406864e-01 0.000000000000000000e+00 3.789999999999999858e+01
-5.075789528934626205e+00 -7.349715565716993249e-01 0.000000000000000000e+00 -1.513951447593075983e-01 1.341490145524781852e-01 0.000000000000000000e+00 3.800000000000000000e+01
-5.090929043410557853e+00 -7.215566551164513953e-01 0.000000000000000000e+00 -1.513951447593164801e-01 1.341490145524792954e-01 0.000000000000000000e+00 3.810000000000000142e+01
-5.106068557886488612e+00 -7.081417536612035768e-01 0.000000000000000000e+00 -1.513951447593075983e-01 1.341490145524781852e-01 0.000000000000000000e+00 3.820000000000000284e+01
-5.121208072362420261e+00 -6.947268522059557583e-01 0.000000000000000000e+00 -1.513951447593164801e-01 1.341490145524781852e-01 0.000000000000000000e+00 3.830000000000000426e+01
-5.134953970252903233e+00 -6.825051095189758055e-01 0.000000000000000000e+00 -1.374589789048297206e-01 1.222174268697995281e-01 0.000000000000000000e+00 3.840000000000000568e+01
-5.148374293384577527e+00 -6.705621109157392512e-01 0.000000000000000000e+00 -1.342032313167429436e-01 1.194299860323655427e-01 0.000000000000000000e+00 3.850000000000000000e+01
-5.161794616516250933e+00 -6.586191123125028080e-01 0.000000000000000000e+00 -1.342032313167340618e-01 1.194299860323644324e-01 0.000000000000000000e+00 3.860000000000000142e+01
-5.175214939647925227e+00 -6.466761137092662537e-01 0.000000000000000000e+00 -1.342032313167429436e-01 1.194299860323655427e-01 0.000000000000000000e+00 3.870000000000000284e+01
-5.189176001905712710e+00 -6.341957083005740348e-01 0.000000000000000000e+00 -1.396106225778748211e-01 1.248040540869221893e-01 0.000000000000000000e+00 3.880000000000000426e+01
-5.203458817222703203e+00 -6.213955326453041161e-01 0.000000000000000000e+00 -1.428281531699049367e-01 1.280017565526991863e-01 0.000000000000000000e+00 3.890000000000000568e+01
-5.217741632539693697e+00 -6.085953569900341975e-01 0.000000000000000000e+00 -1.428281531699049367e-01 1.280017565526991863e-01 0.000000000000000000e+00 3.900000000000000000e+01
-5.232024447856683302e+00 -5.957951813347642789e-01 0.000000000000000000e+00 -1.428281531698960549e-01 1.280017565526991863e-01 0.000000000000000000e+00 3.910000000000000142e+01
-5.246263870320311717e+00 -5.830304154946563955e-01 0.000000000000000000e+00 -1.423942246362841502e-01 1.276476584010788340e-01 0.000000000000000000e+00 3.920000000000000284e+01
-5.260211831792799941e+00 -5.705034901979429973e-01 0.000000000000000000e+00 -1.394796147248822393e-01 1.252692529671339816e-01 0.000000000000000000e+00 3.930000000000000426e+01
-5.274159793265288165e+00 -5.579765649012295992e-01 0.000000000000000000e+00 -1.394796147248822393e-01 1.252692529671339816e-01 0.000000000000000000e+00 3.940000000000000568e+01
-5.288107754737775501e+00 -5.454496396045162010e-01 0.000000000000000000e+00 -1.394796147248733575e-01 1.252692529671339816e-01 0.000000000000000000e+00 3.950000000000000000e+01
-5.302055716210263725e+00 -5.329227143078028028e-01 0.000000000000000000e+00 -1.394796147248822393e-01 1.252692529671339816e-01 0.000000000000000000e+00 3.960000000000000142e+01
-5.315780111384214024e+00 -5.205987231940445437e-01 0.000000000000000000e+00 -1.372439517395029895e-01 1.232399111375825917e-01 0.000000000000000000e+00 3.970000000000000284e+01
-5.329423033383653419e+00 -5.083486863936613753e-01 0.000000000000000000e+00 -1.364292199943939465e-01 1.225003680038316833e-01 0.000000000000000000e+00 3.980000000000000426e+01
-5.343065955383091925e+00 -4.960986495932782625e-01 0.000000000000000000e+00 -1.364292199943850648e-01 1.225003680038311282e-01 0.000000000000000000e+00 3.990000000000000568e+01
-5.356708877382531320e+00 -4.838486127928951497e-01 0.000000000000000000e+00 -1.364292199943939465e-01 1.225003680038311282e-01 0.000000000000000000e+00 4.000000000000000000e+01
-5.370818969675325683e+00 -4.711743183832294846e-01 0.000000000000000000e+00 -1.411009229279436283e-01 1.267429440966566512e-01 0.000000000000000000e+00 4.010000000000000142e+01
-5.385540539982756947e+00 -4.579447142625048262e-01 0.000000000000000000e+00 -1.472157030743126427e-01 1.322960412072465841e-01 0.000000000000000000e+00 4.020000000000000284e+01
-5.400262110290188211e+00 -4.447151101417801677e-01 0.000000000000000000e+00 -1.472157030743126427e-01 1.322960412072465841e-01 0.000000000000000000e+00 4.030000000000000426e+01
-5.414983680597619475e+00 -4.314855060210555093e-01 0.000000000000000000e+00 -1.472157030743126427e-01 1.322960412072465841e-01 0.000000000000000000e+00 4.040000000000000568e+01
-5.429705250905050740e+00 -4.182559019003309064e-01 0.000000000000000000e+00 -1.472157030743126427e-01 1.322960412072460290e-01 0.000000000000000000e+00 4.050000000000000000e+01
-5.443844414089198835e+00 -4.053002569221781926e-01 0.000000000000000000e+00 -1.413916318414809581e-01 1.295564497815271388e-01 0.000000000000000000e+00 4.060000000000000142e+01
-5.457831704761153091e+00 -3.924160514260611188e-01 0.000000000000000000e+00 -1.398729067195425557e-01 1.288420549611707377e-01 0.000000000000000000e+00 4.070000000000000284e+01
-5.471818995433106458e+00 -3.795318459299440450e-01 0.000000000000000000e+00 -1.398729067195336739e-01 1.288420549611707377e-01 0.000000000000000000e+00 4.080000000000000426e+01
-5.485806286105059826e+00 -3.666476404338270267e-01 0.000000000000000000e+00 -1.398729067195336739e-01 1.288420549611701826e-01 0.000000000000000000e+00 4.090000000000000568e+01
-5.499077123987658133e+00 -3.520656126682116804e-01 0.000000000000000000e+00 -1.327083788259830754e-01 1.458202776561534630e-01 0.000000000000000000e+00 4.100000000000000000e+01
-5.511050577834303077e+00 -3.344090941042393572e-01 0.000000000000000000e+00 -1.197345384664494361e-01 1.765651856397232322e-01 0.000000000000000000e+00 4.110000000000000142e+01
-5.523024031680948021e+00 -3.167525755402670895e-01 0.000000000000000000e+00 -1.197345384664494361e-01 1.765651856397226771e-01 0.000000000000000000e+00 4.120000000000000284e+01
-5.534997485527593852e+00 -2.990960569762947663e-01 0.000000000000000000e+00 -1.197345384664583179e-01 1.765651856397232322e-01 0.000000000000000000e+00 4.130000000000000426e+01
-5.546970939374238796e+00 -2.814395384123224986e-01 0.000000000000000000e+00 -1.197345384664494361e-01 1.765651856397226771e-01 0.000000000000000000e+00 4.140000000000000568e+01
-5.558510251996725771e+00 -2.643284794820341954e-01 0.000000000000000000e+00 -1.153931262248697465e-01 1.711105893028830316e-01 0.000000000000000000e+00 4.150000000000000000e+01
-5.568946070105345925e+00 -2.486038627503032727e-01 0.000000000000000000e+00 -1.043581810862015402e-01 1.572461673173092267e-01 0.000000000000000000e+00 4.160000000000000142e+01
-5.579381888213965190e+00 -2.328792460185723223e-01 0.000000000000000000e+00 -1.043581810861926584e-01 1.572461673173095043e-01 0.000000000000000000e+00 4.170000000000000284e+01
-5.589817706322585344e+00 -2.171546292868413719e-01 0.000000000000000000e+00 -1.043581810862015402e-01 1.572461673173095043e-01 0.000000000000000000e+00 4.180000000000000426e+01
-5.600253524431204610e+00 -2.014300125551104215e-01 0.000000000000000000e+00 -1.043581810861926584e-01 1.572461673173095043e-01 0.000000000000000000e+00 4.190000000000000568e+01
-5.610610223763732307e+00 -1.858342621846978959e-01 0.000000000000000000e+00 -1.035669933252769681e-01 1.559575037041252554e-01 0.000000000000000000e+00 4.200000000000000000e+01
-5.620957155698825147e+00 -1.702544206671414428e-01 0.000000000000000000e+00 -1.034693193509284015e-01 1.557984151755645308e-01 0.000000000000000000e+00 4.210000000000000142e+01
-5.631304087633917099e+00 -1.546745791495849898e-01 0.000000000000000000e+00 -1.034693193509195197e-01 1.557984151755645308e-01 0.000000000000000000e+00 4.220000000000000284e+01
-5.641651019569009939e+00 -1.390947376320285367e-01 0.000000000000000000e+00 -1.034693193509284015e-01 1.557984151755645308e-01 0.000000000000000000e+00 4.230000000000000426e+01
-5.652503456520279634e+00 -1.227467326950931470e-01 0.000000000000000000e+00 -1.085243695126969499e-01 1.634800493693538970e-01 0.000000000000000000e+00 4.240000000000000568e+01
-5.663860072366972531e+00 -1.056325795066229978e-01 0.000000000000000000e+00 -1.135661584669289681e-01 1.711415318847014921e-01 0.000000000000000000e+00 4.250000000000000000e+01
-5.675216688213665428e+00 -8.851842631815284856e-02 0.000000000000000000e+00 -1.135661584669289681e-01 1.711415318847014921e-01 0.000000000000000000e+00 4.260000000000000142e+01
-5.686573304060357437e+00 -7.140427312968269935e-02 0.000000000000000000e+00 -1.135661584669200863e-01 1.711415318847014921e-01 0.000000000000000000e+00 4.270000000000000284e+01
-5.697929919907050333e+00 -5.429011994121255014e-02 0.000000000000000000e+00 -1.135661584669289681e-01 1.711415318847014921e-01 0.000000000000000000e+00 4.280000000000000426e+01
-5.708572665069101326e+00 -3.826766262158400739e-02 0.000000000000000000e+00 -1.064274516205099275e-01 1.602245731962854136e-01 0.000000000000000000e+00 4.290000000000000568e+01
-5.718878326264448475e+00 -2.276069526648447083e-02 0.000000000000000000e+00 -1.030566119534714886e-01 1.550696735509953517e-01 0.000000000000000000e+00 4.300000000000000000e+01
-5.729183987459794736e+00 -7.253727911384934279e-03 0.000000000000000000e+00 -1.030566119534626068e-01 1.550696735509953517e-01 0.000000000000000000e+00 4.310000000000000142e+01
-5.739489648655141885e+00 8.253239443714602275e-03 0.000000000000000000e+00 -1.030566119534714886e-01 1.550696735509953517e-01 0.000000000000000000e+00 4.320000000000000284e+01
-5.749786720027432629e+00 2.375489030939939572e-02 0.000000000000000000e+00 -1.029707137229074476e-01 1.550165086568479345e-01 0.000000000000000000e+00 4.330000000000000426e+01
-5.760064441198144536e+00 3.924456477682851385e-02 0.000000000000000000e+00 -1.027772117071190650e-01 1.548967446742911813e-01 0.000000000000000000e+00 4.340000000000000568e+01
-5.770342162368856442e+00 5.473423924425763198e-02 0.000000000000000000e+00 -1.027772117071190650e-01 1.548967446742911813e-01 0.000000000000000000e+00 4.350000000000000000e+01
-5.780619883539569237e+00 7.022391371168675012e-02 0.000000000000000000e+00 -1.027772117071279467e-01 1.548967446742911813e-01 0.000000000000000000e+00 4.360000000000000142e+01
-5.790897604710281144e+00 8.571358817911586825e-02 0.000000000000000000e+00 -1.027772117071190650e-01 1.548967446742911813e-01 0.000000000000000000e+00 4.370000000000000284e+01
-5.802467545477099975e+00 1.031982795137801195e-01 0.000000000000000000e+00 -1.156994076681883143e-01 1.748469133466425129e-01 0.000000000000000000e+00 4.380000000000000426e+01
-5.814067354160484591e+00 1.207290829779295305e-01 0.000000000000000000e+00 -1.159980868338461590e-01 1.753080346414941093e-01 0.000000000000000000e+00 4.390000000000000568e+01
-5.825667162843868319e+00 1.382598864420789553e-01 0.000000000000000000e+00 -1.159980868338372773e-01 1.753080346414942481e-01 0.000000000000000000e+00 4.400000000000000000e+01
-5.837266971527252934e+00 1.557906899062283523e-01 0.000000000000000000e+00 -1.159980868338461590e-01 1.753080346414939705e-01 0.000000000000000000e+00 4.410000000000000142e+01
-5.848866740815834575e+00 1.733214369739670691e-01 0.000000000000000000e+00 -1.159976928858164058e-01 1.753074706773871672e-01 0.000000000000000000e+00 4.420000000000000284e+01
-5.859356663837672841e+00 1.892633616309819244e-01 0.000000000000000000e+00 -1.048992302183826553e-01 1.594192465701485539e-01 0.000000000000000000e+00 4.430000000000000426e+01
-5.869846586859510218e+00 2.052052862879967521e-01 0.000000000000000000e+00 -1.048992302183737735e-01 1.594192465701482764e-01 0.000000000000000000e+00 4.440000000000000568e+01
-5.880336509881348483e+00 2.211472109450116075e-01 0.000000000000000000e+00 -1.048992302183826553e-01 1.594192465701485539e-01 0.000000000000000000e+00 4.450000000000000000e+01
-5.890826432903185861e+00 2.370891356020264351e-01 0.000000000000000000e+00 -1.048992302183737735e-01 1.594192465701482764e-01 0.000000000000000000e+00 4.460000000000000142e+01
-5.900531667547528336e+00 2.551983998040299184e-01 0.000000000000000000e+00 -9.705234644342475292e-02 1.810926420200348330e-01 0.000000000000000000e+00 4.470000000000000284e+01
-5.909691460464600254e+00 2.748141950811731626e-01 0.000000000000000000e+00 -9.159792917071918339e-02 1.961579527714324422e-01 0.000000000000000000e+00 4.480000000000000426e+01
-5.918851253381672173e+00 2.944299903583164069e-01 0.000000000000000000e+00 -9.159792917071918339e-02 1.961579527714324422e-01 0.000000000000000000e+00 4.490000000000000568e+01
-5.928011046298744091e+00 3.140457856354597066e-01 0.000000000000000000e+00 -9.159792917071918339e-02 1.961579527714329974e-01 0.000000000000000000e+00 4.500000000000000000e+01
-5.937170839215816898e+00 3.336615809126029508e-01 0.000000000000000000e+00 -9.159792917072806517e-02 1.961579527714324422e-01 0.000000000000000000e+00 4.510000000000000142e+01
-5.945926957871447094e+00 3.527528892751536915e-01 0.000000000000000000e+00 -8.756118655630196201e-02 1.909130836255074071e-01 0.000000000000000000e+00 4.520000000000000284e+01
-5.954265259563362278e+00 3.713013353571592567e-01 0.000000000000000000e+00 -8.338301691915184222e-02 1.854844608200556522e-01 0.000000000000000000e+00 4.530000000000000426e+01
-5.962603561255277462e+00 3.898497814391647665e-01 0.000000000000000000e+00 -8.338301691915184222e-02 1.854844608200550971e-01 0.000000000000000000e+00 4.540000000000000568e+01
-5.970941862947192647e+00 4.083982275211702762e-01 0.000000000000000000e+00 -8.338301691915184222e-02 1.854844608200550971e-01 0.000000000000000000e+00 4.550000000000000000e+01
-5.979280164639106943e+00 4.269466736031757859e-01 0.000000000000000000e+00 -8.338301691914296043e-02 1.854844608200550971e-01 0.000000000000000000e+00 4.560000000000000142e+01
-5.987606943016878347e+00 4.456340426398465171e-01 0.000000000000000000e+00 -8.326778377771404394e-02 1.868736903667073124e-01 0.000000000000000000e+00 4.570000000000000284e+01
-5.995930281131026440e+00 4.643628868616389016e-01 0.000000000000000000e+00 -8.323338114148093325e-02 1.872884422179238451e-01 0.000000000000000000e+00 4.580000000000000426e+01
-6.004253619245175422e+00 4.830917310834313416e-01 0.000000000000000000e+00 -8.323338114148981504e-02 1.872884422179244002e-01 0.000000000000000000e+00 4.590000000000000568e+01
-6.012576957359323515e+00 5.018205753052237261e-01 0.000000000000000000e+00 -8.323338114148093325e-02 1.872884422179238451e-01 0.000000000000000000e+00 4.600000000000000000e+01
-6.020898498433761681e+00 5.205492293806971427e-01 0.000000000000000000e+00 -8.321541074438165708e-02 1.872865407547341654e-01 0.000000000000000000e+00 4.610000000000000142e+01
-6.029030116783912874e+00 5.392577875691856315e-01 0.000000000000000000e+00 -8.131618350151192942e-02 1.870855818848848884e-01 0.000000000000000000e+00 4.620000000000000284e+01
-6.037161735134063179e+00 5.579663457576740093e-01 0.000000000000000000e+00 -8.131618350150304764e-02 1.870855818848837782e-01 0.000000000000000000e+00 4.630000000000000426e+01
-6.045293353484214371e+00 5.766749039461623871e-01 0.000000000000000000e+00 -8.131618350151192942e-02 1.870855818848837782e-01 0.000000000000000000e+00 4.640000000000000568e+01
-6.053424971834365564e+00 5.953834621346508760e-01 0.000000000000000000e+00 -8.131618350151192942e-02 1.870855818848848884e-01 0.000000000000000000e+00 4.650000000000000000e+01
-6.061372274791945181e+00 6.137235171576936876e-01 0.000000000000000000e+00 -7.947302957579616134e-02 1.834005502304281165e-01 0.000000000000000000e+00 4.660000000000000142e+01
-6.068742649324168070e+00 6.309101147943884103e-01 0.000000000000000000e+00 -7.370374532222889741e-02 1.718659763669472262e-01 0.000000000000000000e+00 4.670000000000000284e+01
-6.076113023856391848e+00 6.480967124310831329e-01 0.000000000000000000e+00 -7.370374532223777919e-02 1.718659763669472262e-01 0.000000000000000000e+00 4.680000000000000426e+01
-6.083483398388615626e+00 6.652833100677779665e-01 0.000000000000000000e+00 -7.370374532223777919e-02 1.718659763669483365e-01 0.000000000000000000e+00 4.690000000000000568e+01
-6.090853772920839404e+00 6.824699077044726891e-01 0.000000000000000000e+00 -7.370374532223777919e-02 1.718659763669472262e-01 0.000000000000000000e+00 4.700000000000000000e+01
-6.097937371892840019e+00 6.989511616882201350e-01 0.000000000000000000e+00 -7.083598972000615390e-02 1.648125398374744588e-01 0.000000000000000000e+00 4.710000000000000142e+01
-6.104987274326873603e+00 7.153495367852066300e-01 0.000000000000000000e+00 -7.049902434033583631e-02 1.639837509698649498e-01 0.000000000000000000e+00 4.720000000000000284e+01
-6.112037176760907187e+00 7.317479118821930140e-01 0.000000000000000000e+00 -7.049902434033583631e-02 1.639837509698638396e-01 0.000000000000000000e+00 4.730000000000000426e+01
-6.119087079194940770e+00 7.481462869791793979e-01 0.000000000000000000e+00 -7.049902434033583631e-02 1.639837509698638396e-01 0.000000000000000000e+00 4.740000000000000568e+01
-6.126147815151924192e+00 7.645950508236809551e-01 0.000000000000000000e+00 -7.060735956983421602e-02 1.644876384450155715e-01 0.000000000000000000e+00 4.750000000000000000e+01
-6.133212845176240435e+00 7.810637871808824295e-01 0.000000000000000000e+00 -7.065030024316243384e-02 1.646873635720147444e-01 0.000000000000000000e+00 4.760000000000000142e+01
-6.140277875200557567e+00 7.975325235380839040e-01 0.000000000000000000e+00 -7.065030024317131563e-02 1.646873635720147444e-01 0.000000000000000000e+00 4.770000000000000284e+01
-6.147342905224873810e+00 8.140012598952852674e-01 0.000000000000000000e+00 -7.065030024316243384e-02 1.646873635720136342e-01 0.000000000000000000e+00 4.780000000000000426e+01
-6.154419445392019128e+00 8.304484492651860172e-01 0.000000000000000000e+00 -7.076540167145317639e-02 1.644718936990074987e-01 0.000000000000000000e+00 4.790000000000000568e+01
-6.161507166341626096e+00 8.468747082103920132e-01 0.000000000000000000e+00 -7.087720949606968190e-02 1.642625894520599594e-01 0.000000000000000000e+00 4.800000000000000000e+01
-6.168594887291232176e+00 8.633009671555980091e-01 0.000000000000000000e+00 -7.087720949606080012e-02 1.642625894520599594e-01 0.000000000000000000e+00 4.810000000000000142e+01
-6.175682608240839144e+00 8.797272261008040051e-01 0.000000000000000000e+00 -7.087720949606968190e-02 1.642625894520599594e-01 0.000000000000000000e+00 4.820000000000000284e+01
-6.182625062308171771e+00 8.960724601628743402e-01 0.000000000000000000e+00 -6.942454067332626266e-02 1.634523406207033513e-01 0.000000000000000000e+00 4.830000000000000426e+01
-6.189206997597155535e+00 9.122166092190104880e-01 0.000000000000000000e+00 -6.581935288983764565e-02 1.614414905613614781e-01 0.000000000000000000e+00 4.840000000000000568e+01
-6.195788932886138412e+00 9.283607582751466358e-01 0.000000000000000000e+00 -6.581935288982876386e-02 1.614414905613614781e-01 0.000000000000000000e+00 4.850000000000000000e+01
-6.202370868175121288e+00 9.445049073312827836e-01 0.000000000000000000e+00 -6.581935288982876386e-02 1.614414905613614781e-01 0.000000000000000000e+00 4.860000000000000142e+01
-6.207878323576403901e+00 9.614457969371175139e-01 0.000000000000000000e+00 -5.507455401282612684e-02 1.694088960583473025e-01 0.000000000000000000e+00 4.870000000000000284e+01
-6.210835997686156240e+00 9.802773819120130794e-01 0.000000000000000000e+00 -2.957674109752339575e-02 1.883158497489556549e-01 0.000000000000000000e+00 4.880000000000000426e+01
-6.213793671795909468e+00 9.991089668869087559e-01 0.000000000000000000e+00 -2.957674109753227754e-02 1.883158497489567651e-01 0.000000000000000000e+00 4.890000000000000568e+01
-6.216751345905661807e+00 1.017940551861804321e+00 0.000000000000000000e+00 -2.957674109752339575e-02 1.883158497489556549e-01 0.000000000000000000e+00 4.900000000000000000e+01
-6.219709020015414147e+00 1.036772136836699998e+00 0.000000000000000000e+00 -2.957674109752339575e-02 1.883158497489567651e-01 0.000000000000000000e+00 4.910000000000000142e+01
-6.221084708877367753e+00 1.055445707609645289e+00 0.000000000000000000e+00 -1.375688861953605624e-02 1.867357077294529155e-01 0.000000000000000000e+00 4.920000000000000284e+01
-6.210108878970411084e+00 1.072885565625874227e+00 0.000000000000000000e+00 1.097582990695666894e-01 1.743985801622893739e-01 0.000000000000000000e+00 4.930000000000000426e+01
-6.199133049063453527e+00 1.090325423642103386e+00 0.000000000000000000e+00 1.097582990695755711e-01 1.743985801622915943e-01 0.000000000000000000e+00 4.940000000000000568e+01
-6.188157219156495970e+00 1.107765281658332324e+00 0.000000000000000000e+00 1.097582990695755711e-01 1.743985801622893739e-01 0.000000000000000000e+00 4.950000000000000000e+01
-6.177181389249539301e+00 1.125205139674561483e+00 0.000000000000000000e+00 1.097582990695666894e-01 1.743985801622915943e-01 0.000000000000000000e+00 4.960000000000000142e+01
-6.166205559342581743e+00 1.142644997690790643e+00 0.000000000000000000e+00 1.097582990695755711e-01 1.743985801622915943e-01 0.000000000000000000e+00 4.970000000000000284e+01
-6.153171145418233401e+00 1.156317658786230052e+00 0.000000000000000000e+00 1.303441392434834256e-01 1.367266109543940900e-01 0.000000000000000000e+00 4.980000000000000426e+01
-6.140001223064442293e+00 1.169742340234577904e+00 0.000000000000000000e+00 1.316992235379110809e-01 1.342468144834785271e-01 0.000000000000000000e+00 4.990000000000000568e+01
-6.126831300710650297e+00 1.183167021682925535e+00 0.000000000000000000e+00 1.316992235379199627e-01 1.342468144834763066e-01 0.000000000000000000e+00 5.000000000000000000e+01
-6.113661378356858300e+00 1.196591703131273388e+00 0.000000000000000000e+00 1.316992235379199627e-01 1.342468144834785271e-01 0.000000000000000000e+00 5.010000000000000142e+01
-6.099937737487516998e+00 1.210616282640367913e+00 0.000000000000000000e+00 1.372364086934130256e-01 1.402457950909452578e-01 0.000000000000000000e+00 5.020000000000000284e+01
-6.085826819994212045e+00 1.225060437238905564e+00 0.000000000000000000e+00 1.411091749330495304e-01 1.444415459853765071e-01 0.000000000000000000e+00 5.030000000000000426e+01
-6.071715902500907092e+00 1.239504591837443215e+00 0.000000000000000000e+00 1.411091749330495304e-01 1.444415459853765071e-01 0.000000000000000000e+00 5.040000000000000568e+01
-6.057604985007601250e+00 1.253948746435980865e+00 0.000000000000000000e+00 1.411091749330584122e-01 1.444415459853765071e-01 0.000000000000000000e+00 5.050000000000000000e+01
-6.043494067514296297e+00 1.268392901034518738e+00 0.000000000000000000e+00 1.411091749330495304e-01 1.444415459853787276e-01 0.000000000000000000e+00 5.060000000000000142e+01
-6.028522564102948955e+00 1.283793068071693355e+00 0.000000000000000000e+00 1.497150341134734219e-01 1.540016703717461688e-01 0.000000000000000000e+00 5.070000000000000284e+01
-6.013455619286593112e+00 1.299299259584096200e+00 0.000000000000000000e+00 1.506694481635584282e-01 1.550619151240284488e-01 0.000000000000000000e+00 5.080000000000000426e+01
-5.998388674470237270e+00 1.314805451096499045e+00 0.000000000000000000e+00 1.506694481635584282e-01 1.550619151240284488e-01 0.000000000000000000e+00 5.090000000000000568e+01
-5.983321729653881427e+00 1.330311642608901890e+00 0.000000000000000000e+00 1.506694481635584282e-01 1.550619151240284488e-01 0.000000000000000000e+00 5.100000000000000000e+01
-5.968254784837524696e+00 1.345817834121304735e+00 0.000000000000000000e+00 1.506694481635673100e-01 1.550619151240284488e-01 0.000000000000000000e+00 5.110000000000000142e+01
-5.954422242869913617e+00 1.360082775444352965e+00 0.000000000000000000e+00 1.383254196761107835e-01 1.426494132304823026e-01 0.000000000000000000e+00 5.120000000000000284e+01
-5.940779082718736781e+00 1.374157284433459303e+00 0.000000000000000000e+00 1.364316015117683634e-01 1.407450898910633796e-01 0.000000000000000000e+00 5.130000000000000426e+01
-5.927135922567560833e+00 1.388231793422565641e+00 0.000000000000000000e+00 1.364316015117594816e-01 1.407450898910633796e-01 0.000000000000000000e+00 5.140000000000000568e+01
-5.913492762416383997e+00 1.402306302411671979e+00 0.000000000000000000e+00 1.364316015117683634e-01 1.407450898910633796e-01 0.000000000000000000e+00 5.150000000000000000e+01
-5.900018285786773120e+00 1.416224243223377588e+00 0.000000000000000000e+00 1.347447662961087644e-01 1.391794081170560915e-01 0.000000000000000000e+00 5.160000000000000142e+01
-5.886947611288346316e+00 1.429767384154672305e+00 0.000000000000000000e+00 1.307067449842680418e-01 1.354314093129471708e-01 0.000000000000000000e+00 5.170000000000000284e+01
-5.873876936789919512e+00 1.443310525085967244e+00 0.000000000000000000e+00 1.307067449842680418e-01 1.354314093129493912e-01 0.000000000000000000e+00 5.180000000000000426e+01
-5.860806262291491819e+00 1.456853666017261961e+00 0.000000000000000000e+00 1.307067449842769236e-01 1.354314093129471708e-01 0.000000000000000000e+00 5.190000000000000568e+01
-5.847735587793065015e+00 1.470396806948556678e+00 0.000000000000000000e+00 1.307067449842680418e-01 1.354314093129471708e-01 0.000000000000000000e+00 5.200000000000000000e+01
-5.834841551191343179e+00 1.483819054679494265e+00 0.000000000000000000e+00 1.289403660172183663e-01 1.342224773093758650e-01 0.000000000000000000e+00 5.210000000000000142e+01
-5.821967767420317408e+00 1.497227441118122115e+00 0.000000000000000000e+00 1.287378377102577076e-01 1.340838643862785062e-01 0.000000000000000000e+00 5.220000000000000284e+01
-5.809093983649291637e+00 1.510635827556749966e+00 0.000000000000000000e+00 1.287378377102577076e-01 1.340838643862785062e-01 0.000000000000000000e+00 5.230000000000000426e+01
-5.796220199878265866e+00 1.524044213995378039e+00 0.000000000000000000e+00 1.287378377102577076e-01 1.340838643862807267e-01 0.000000000000000000e+00 5.240000000000000568e+01
-5.783549949763334475e+00 1.537271790612103395e+00 0.000000000000000000e+00 1.267025011493139175e-01 1.322757661672535612e-01 0.000000000000000000e+00 5.250000000000000000e+01
-5.771047322242011113e+00 1.550350459122529889e+00 0.000000000000000000e+00 1.250262752132336175e-01 1.307866851042649436e-01 0.000000000000000000e+00 5.260000000000000142e+01
-5.758544694720687751e+00 1.563429127632956384e+00 0.000000000000000000e+00 1.250262752132336175e-01 1.307866851042649436e-01 0.000000000000000000e+00 5.270000000000000284e+01
-5.746042067199364389e+00 1.576507796143382656e+00 0.000000000000000000e+00 1.250262752132336175e-01 1.307866851042627232e-01 0.000000000000000000e+00 5.280000000000000426e+01
-5.733324520102306643e+00 1.589841604600867653e+00 0.000000000000000000e+00 1.271754709705774644e-01 1.333380845748499688e-01 0.000000000000000000e+00 5.290000000000000568e+01
-5.720130506432883344e+00 1.603741046298754247e+00 0.000000000000000000e+00 1.319401366942329901e-01 1.389944169788659423e-01 0.000000000000000000e+00 5.300000000000000000e+01
-5.706936492763460045e+00 1.617640487996640841e+00 0.000000000000000000e+00 1.319401366942329901e-01 1.389944169788659423e-01 0.000000000000000000e+00 5.310000000000000142e+01
-5.693742479094036746e+00 1.631539929694527213e+00 0.000000000000000000e+00 1.319401366942329901e-01 1.389944169788637218e-01 0.000000000000000000e+00 5.320000000000000284e+01
-5.680541066152249741e+00 1.645447403441456791e+00 0.000000000000000000e+00 1.320141294178700520e-01 1.390747374692957727e-01 0.000000000000000000e+00 5.330000000000000426e+01
-5.665339527588348467e+00 1.661526051095576495e+00 0.000000000000000000e+00 1.520153856390127345e-01 1.607864765411970431e-01 0.000000000000000000e+00 5.340000000000000568e+01
-5.650137989024447194e+00 1.677604698749696199e+00 0.000000000000000000e+00 1.520153856390127345e-01 1.607864765411970431e-01 0.000000000000000000e+00 5.350000000000000000e+01
-5.634936450460546808e+00 1.693683346403815904e+00 0.000000000000000000e+00 1.520153856390038527e-01 1.607864765411970431e-01 0.000000000000000000e+00 5.360000000000000142e+01
-5.619734911896645535e+00 1.709761994057935608e+00 0.000000000000000000e+00 1.520153856390127345e-01 1.607864765411970431e-01 0.000000000000000000e+00 5.370000000000000284e+01
-5.604533373332744262e+00 1.725840641712055312e+00 0.000000000000000000e+00 1.520153856390127345e-01 1.607864765411970431e-01 0.000000000000000000e+00 5.380000000000000426e+01
-5.590399823464241358e+00 1.740827792153285980e+00 0.000000000000000000e+00 1.413354986850290373e-01 1.498715044123066775e-01 0.000000000000000000e+00 5.390000000000000568e+01
-5.577023333394955706e+00 1.755041218430208882e+00 0.000000000000000000e+00 1.337649006928565143e-01 1.421342627692290250e-01 0.000000000000000000e+00 5.400000000000000000e+01
-5.563646843325670943e+00 1.769254644707132007e+00 0.000000000000000000e+00 1.337649006928476325e-01 1.421342627692312455e-01 0.000000000000000000e+00 5.410000000000000142e+01
-5.550270353256385292e+00 1.783468070984054910e+00 0.000000000000000000e+00 1.337649006928565143e-01 1.421342627692290250e-01 0.000000000000000000e+00 5.420000000000000284e+01
-5.536906402681966988e+00 1.797670891080004330e+00 0.000000000000000000e+00 1.336395057441830403e-01 1.420282009594941997e-01 0.000000000000000000e+00 5.430000000000000426e+01
-5.523780532454646064e+00 1.811672337574038005e+00 0.000000000000000000e+00 1.312587022732092379e-01 1.400144649403367580e-01 0.000000000000000000e+00 5.440000000000000568e+01
-5.510654662227325140e+00 1.825673784068071459e+00 0.000000000000000000e+00 1.312587022732092379e-01 1.400144649403345376e-01 0.000000000000000000e+00 5.450000000000000000e+01
-5.497528792000005105e+00 1.839675230562105135e+00 0.000000000000000000e+00 1.312587022732003561e-01 1.400144649403367580e-01 0.000000000000000000e+00 5.460000000000000142e+01
-5.484402921772684181e+00 1.853676677056138589e+00 0.000000000000000000e+00 1.312587022732092379e-01 1.400144649403345376e-01 0.000000000000000000e+00 5.470000000000000284e+01
-5.471322625360697245e+00 1.867660183986784572e+00 0.000000000000000000e+00 1.308029641198693582e-01 1.398350693064598360e-01 0.000000000000000000e+00 5.480000000000000426e+01
-5.458279728369705097e+00 1.881628969102311144e+00 0.000000000000000000e+00 1.304289699099214772e-01 1.396878511552657187e-01 0.000000000000000000e+00 5.490000000000000568e+01
-5.445236831378713838e+00 1.895597754217837938e+00 0.000000000000000000e+00 1.304289699099125954e-01 1.396878511552679392e-01 0.000000000000000000e+00 5.500000000000000000e+01
-5.432193934387722578e+00 1.909566539333364510e+00 0.000000000000000000e+00 1.304289699099125954e-01 1.396878511552657187e-01 0.000000000000000000e+00 5.510000000000000142e+01
-5.419178878423871915e+00 1.923507965523158836e+00 0.000000000000000000e+00 1.301505596385066355e-01 1.394142618979432591e-01 0.000000000000000000e+00 5.520000000000000284e+01
-5.406554417927126543e+00 1.937065559883694332e+00 0.000000000000000000e+00 1.262446049674537107e-01 1.355759436053549649e-01 0.000000000000000000e+00 5.530000000000000426e+01
-5.393929957430381172e+00 1.950623154244229829e+00 0.000000000000000000e+00 1.262446049674537107e-01 1.355759436053549649e-01 0.000000000000000000e+00 5.540000000000000568e+01
-5.381305496933634913e+00 1.964180748604765325e+00 0.000000000000000000e+00 1.262446049674625925e-01 1.355759436053549649e-01 0.000000000000000000e+00 5.550000000000000000e+01
-5.368681036436889542e+00 1.977738342965300600e+00 0.000000000000000000e+00 1.262446049674537107e-01 1.355759436053527445e-01 0.000000000000000000e+00 5.560000000000000142e+01
-5.356593515477044321e+00 1.990731900640569929e+00 0.000000000000000000e+00 1.208752095984522157e-01 1.299355767526932937e-01 0.000000000000000000e+00 5.570000000000000284e+01
-5.344713379688150745e+00 2.003507607261188372e+00 0.000000000000000000e+00 1.188013578889357547e-01 1.277570662061844331e-01 0.000000000000000000e+00 5.580000000000000426e+01
-5.332833243899257170e+00 2.016283313881807260e+00 0.000000000000000000e+00 1.188013578889357547e-01 1.277570662061888740e-01 0.000000000000000000e+00 5.590000000000000568e+01
-5.320953108110364482e+00 2.029059020502425703e+00 0.000000000000000000e+00 1.188013578889268729e-01 1.277570662061844331e-01 0.000000000000000000e+00 5.600000000000000000e+01
-5.308219761488498278e+00 2.042801470451510504e+00 0.000000000000000000e+00 1.273334662186620392e-01 1.374244994908480066e-01 0.000000000000000000e+00 5.610000000000000142e+01
-5.294983408315713014e+00 2.057113859515857790e+00 0.000000000000000000e+00 1.323635317278526458e-01 1.431238906434728619e-01 0.000000000000000000e+00 5.620000000000000284e+01
-5.281747055142926861e+00 2.071426248580205076e+00 0.000000000000000000e+00 1.323635317278615275e-01 1.431238906434728619e-01 0.000000000000000000e+00 5.630000000000000426e+01
-5.268510701970140708e+00 2.085738637644552806e+00 0.000000000000000000e+00 1.323635317278615275e-01 1.431238906434773028e-01 0.000000000000000000e+00 5.640000000000000568e+01
-5.255168148717861420e+00 2.100171103365747083e+00 0.000000000000000000e+00 1.334255325227928779e-01 1.443246572119427640e-01 0.000000000000000000e+00 5.650000000000000000e+01
-5.240291265391632258e+00 2.116338381590455953e+00 0.000000000000000000e+00 1.487688332622916221e-01 1.616727822470886977e-01 0.000000000000000000e+00 5.660000000000000142e+01
-5.225414382065403096e+00 2.132505659815164378e+00 0.000000000000000000e+00 1.487688332622916221e-01 1.616727822470842568e-01 0.000000000000000000e+00 5.670000000000000284e+01
-5.210537498739173934e+00 2.148672938039872804e+00 0.000000000000000000e+00 1.487688332622916221e-01 1.616727822470842568e-01 0.000000000000000000e+00 5.680000000000000426e+01
-5.195660615412944772e+00 2.164840216264581674e+00 0.000000000000000000e+00 1.487688332622916221e-01 1.616727822470886977e-01 0.000000000000000000e+00 5.690000000000000568e+01
-5.180783732086715609e+00 2.181007494489290099e+00 0.000000000000000000e+00 1.487688332622916221e-01 1.616727822470842568e-01 0.000000000000000000e+00 5.700000000000000000e+01
-5.167385242780947685e+00 2.195558825762676136e+00 0.000000000000000000e+00 1.339848930576792441e-01 1.455133127338603671e-01 0.000000000000000000e+00 5.710000000000000142e+01
-5.154228719782430801e+00 2.209845677667832575e+00 0.000000000000000000e+00 1.315652299851688412e-01 1.428685190515643910e-01 0.000000000000000000e+00 5.720000000000000284e+01
-5.141072196783914805e+00 2.224132529572989014e+00 0.000000000000000000e+00 1.315652299851599594e-01 1.428685190515643910e-01 0.000000000000000000e+00 5.730000000000000426e+01
-5.127915673785397921e+00 2.238419381478145453e+00 0.000000000000000000e+00 1.315652299851688412e-01 1.428685190515643910e-01 0.000000000000000000e+00 5.740000000000000568e+01
-5.114711549456202988e+00 2.252764807673346414e+00 0.000000000000000000e+00 1.320412432919493284e-01 1.434542619520096096e-01 0.000000000000000000e+00 5.750000000000000000e+01
-5.101417052078091707e+00 2.267221439524017335e+00 0.000000000000000000e+00 1.329449737811128074e-01 1.445663185067092016e-01 0.000000000000000000e+00 5.760000000000000142e+01
-5.088122554699980427e+00 2.281678071374688699e+00 0.000000000000000000e+00 1.329449737811128074e-01 1.445663185067136425e-01 0.000000000000000000e+00 5.770000000000000284e+01
-5.074828057321870034e+00 2.296134703225360063e+00 0.000000000000000000e+00 1.329449737811039256e-01 1.445663185067136425e-01 0.000000000000000000e+00 5.780000000000000426e+01
-5.061533559943758753e+00 2.310591335076030983e+00 0.000000000000000000e+00 1.329449737811128074e-01 1.445663185067092016e-01 0.000000000000000000e+00 5.790000000000000568e+01
-5.048028956386835908e+00 2.325301056098747488e+00 0.000000000000000000e+00 1.350460355692284509e-01 1.470972102271650428e-01 0.000000000000000000e+00 5.800000000000000000e+01
-5.034449526977472722e+00 2.340100910658463373e+00 0.000000000000000000e+00 1.357942940936318621e-01 1.479985455971588593e-01 0.000000000000000000e+00 5.810000000000000142e+01
-5.020870097568108648e+00 2.354900765218179259e+00 0.000000000000000000e+00 1.357942940936407439e-01 1.479985455971588593e-01 0.000000000000000000e+00 5.820000000000000284e+01
-5.007290668158745461e+00 2.369700619777895145e+00 0.000000000000000000e+00 1.357942940936318621e-01 1.479985455971588593e-01 0.000000000000000000e+00 5.830000000000000426e+01
-4.993732335342633277e+00 2.384477752561919850e+00 0.000000000000000000e+00 1.355833281611218410e-01 1.477713278402470465e-01 0.000000000000000000e+00 5.840000000000000568e+01
-4.980994374886331677e+00 2.398371315353341693e+00 0.000000000000000000e+00 1.273796045630160023e-01 1.389356279142184292e-01 0.000000000000000000e+00 5.850000000000000000e+01
-4.968256414430029189e+00 2.412264878144763536e+00 0.000000000000000000e+00 1.273796045630248841e-01 1.389356279142184292e-01 0.000000000000000000e+00 5.860000000000000142e+01
-4.955518453973727588e+00 2.426158440936185379e+00 0.000000000000000000e+00 1.273796045630160023e-01 1.389356279142184292e-01 0.000000000000000000e+00 5.870000000000000284e+01
-4.942780493517425100e+00 2.440052003727607666e+00 0.000000000000000000e+00 1.273796045630248841e-01 1.389356279142228701e-01 0.000000000000000000e+00 5.880000000000000426e+01
-4.929991254476790985e+00 2.455927689281875548e+00 0.000000000000000000e+00 1.278923904063411499e-01 1.587568555426788208e-01 0.000000000000000000e+00 5.890000000000000568e+01
-4.917173673082503527e+00 2.472898920375447229e+00 0.000000000000000000e+00 1.281758139428745835e-01 1.697123109357168147e-01 0.000000000000000000e+00 5.900000000000000000e+01
-4.904356091688216956e+00 2.489870151469018911e+00 0.000000000000000000e+00 1.281758139428657017e-01 1.697123109357168147e-01 0.000000000000000000e+00 5.910000000000000142e+01
-4.891538510293929498e+00 2.506841382562590592e+00 0.000000000000000000e+00 1.281758139428745835e-01 1.697123109357168147e-01 0.000000000000000000e+00 5.920000000000000284e+01
-4.878720928899642928e+00 2.523812613656162274e+00 0.000000000000000000e+00 1.281758139428657017e-01 1.697123109357168147e-01 0.000000000000000000e+00 5.930000000000000426e+01
-4.866779157986449889e+00 2.539645018542737276e+00 0.000000000000000000e+00 1.194177091319303941e-01 1.583240488657500222e-01 0.000000000000000000e+00 5.940000000000000568e+01
-4.855392133778105190e+00 2.554756080057244194e+00 0.000000000000000000e+00 1.138702420834469820e-01 1.511106151450691826e-01 0.000000000000000000e+00 5.950000000000000000e+01
-4.844005109569759604e+00 2.569867141571750668e+00 0.000000000000000000e+00 1.138702420834558637e-01 1.511106151450647417e-01 0.000000000000000000e+00 5.960000000000000142e+01
-4.832618085361414906e+00 2.584978203086257142e+00 0.000000000000000000e+00 1.138702420834469820e-01 1.511106151450647417e-01 0.000000000000000000e+00 5.970000000000000284e+01
-4.821284059691889112e+00 2.600013670457029580e+00 0.000000000000000000e+00 1.133402566952579349e-01 1.503546737077243733e-01 0.000000000000000000e+00 5.980000000000000426e+01
-4.810203438788819952e+00 2.614687695479287921e+00 0.000000000000000000e+00 1.108062090306916048e-01 1.467402502225834127e-01 0.000000000000000000e+00 5.990000000000000568e+01
-4.799122817885749903e+00 2.629361720501546706e+00 0.000000000000000000e+00 1.108062090307004866e-01 1.467402502225878536e-01 0.000000000000000000e+00 6.000000000000000000e+01
-4.788042196982680743e+00 2.644035745523805492e+00 0.000000000000000000e+00 1.108062090306916048e-01 1.467402502225878536e-01 0.000000000000000000e+00 6.010000000000000142e+01
-4.776961576079611582e+00 2.658709770546064277e+00 0.000000000000000000e+00 1.108062090306916048e-01 1.467402502225878536e-01 0.000000000000000000e+00 6.020000000000000284e+01
-4.765705251848515900e+00 2.673594441607775263e+00 0.000000000000000000e+00 1.125632423109568236e-01 1.488467106171098564e-01 0.000000000000000000e+00 6.030000000000000426e+01
-4.754419897414576823e+00 2.688513916206348053e+00 0.000000000000000000e+00 1.128535443393907656e-01 1.491947459857279057e-01 0.000000000000000000e+00 6.040000000000000568e+01
-4.743134542980636859e+00 2.703433390804920400e+00 0.000000000000000000e+00 1.128535443393996474e-01 1.491947459857234648e-01 0.000000000000000000e+00 6.050000000000000000e+01
-4.731849188546697782e+00 2.718352865403492746e+00 0.000000000000000000e+00 1.128535443393907656e-01 1.491947459857234648e-01 0.000000000000000000e+00 6.060000000000000142e+01
-4.720616398146607828e+00 2.733187696839833425e+00 0.000000000000000000e+00 1.123279040008995366e-01 1.483483143634067858e-01 0.000000000000000000e+00 6.070000000000000284e+01
-4.709443455192388051e+00 2.747926156732765079e+00 0.000000000000000000e+00 1.117294295421977779e-01 1.473845989293165459e-01 0.000000000000000000e+00 6.080000000000000426e+01
-4.698270512238168273e+00 2.762664616625696734e+00 0.000000000000000000e+00 1.117294295421977779e-01 1.473845989293165459e-01 0.000000000000000000e+00 6.090000000000000568e+01
-4.687097569283947607e+00 2.777403076518627945e+00 0.000000000000000000e+00 1.117294295422066597e-01 1.473845989293121050e-01 0.000000000000000000e+00 6.100000000000000000e+01
-4.675943821761980423e+00 2.792113168702100356e+00 0.000000000000000000e+00 1.115374752196718333e-01 1.471009218347241188e-01 0.000000000000000000e+00 6.110000000000000142e+01
-4.664923656495767013e+00 2.806625848158924352e+00 0.000000000000000000e+00 1.102016526621341086e-01 1.451267945682399585e-01 0.000000000000000000e+00 6.120000000000000284e+01
-4.653903491229554490e+00 2.821138527615748792e+00 0.000000000000000000e+00 1.102016526621252268e-01 1.451267945682443994e-01 0.000000000000000000e+00 6.130000000000000426e+01
-4.642883325963341079e+00 2.835651207072572788e+00 0.000000000000000000e+00 1.102016526621341086e-01 1.451267945682399585e-01 0.000000000000000000e+00 6.140000000000000568e+01
-4.631863160697128556e+00 2.850163886529396784e+00 0.000000000000000000e+00 1.102016526621252268e-01 1.451267945682399585e-01 0.000000000000000000e+00 6.150000000000000000e+01
-4.620263984247647393e+00 2.865402813956221539e+00 0.000000000000000000e+00 1.159917644948116333e-01 1.523892742682475543e-01 0.000000000000000000e+00 6.160000000000000142e+01
-4.608559665242223602e+00 2.880773620645520783e+00 0.000000000000000000e+00 1.170431900542379111e-01 1.537080668929924343e-01 0.000000000000000000e+00 6.170000000000000284e+01
-4.596855346236799811e+00 2.896144427334820026e+00 0.000000000000000000e+00 1.170431900542379111e-01 1.537080668929924343e-01 0.000000000000000000e+00 6.180000000000000426e+01
-4.585151027231376020e+00 2.911515234024119714e+00 0.000000000000000000e+00 1.170431900542379111e-01 1.537080668929968752e-01 0.000000000000000000e+00 6.190000000000000568e+01
-4.572766333668820238e+00 2.927760775433490448e+00 0.000000000000000000e+00 1.238469356255578191e-01 1.624554140937073399e-01 0.000000000000000000e+00 6.200000000000000000e+01
-4.559378334413001888e+00 2.945296233280126685e+00 0.000000000000000000e+00 1.338799925581835026e-01 1.753545784663623763e-01 0.000000000000000000e+00 6.210000000000000142e+01
-4.545990335157183537e+00 2.962831691126762479e+00 0.000000000000000000e+00 1.338799925581835026e-01 1.753545784663579354e-01 0.000000000000000000e+00 6.220000000000000284e+01
-4.532602335901365187e+00 2.980367148973398272e+00 0.000000000000000000e+00 1.338799925581835026e-01 1.753545784663579354e-01 0.000000000000000000e+00 6.230000000000000426e+01
-4.519214336645546837e+00 2.997902606820034510e+00 0.000000000000000000e+00 1.338799925581835026e-01 1.753545784663623763e-01 0.000000000000000000e+00 6.240000000000000568e+01
-4.505843028350386525e+00 3.015415859831246159e+00 0.000000000000000000e+00 1.337130829516031127e-01 1.751325301121164912e-01 0.000000000000000000e+00 6.250000000000000000e+01
-4.494115641068061606e+00 3.030742120955800534e+00 0.000000000000000000e+00 1.172738728232491923e-01 1.532626112455437450e-01 0.000000000000000000e+00 6.260000000000000142e+01
-4.482388253785737575e+00 3.046068382080354908e+00 0.000000000000000000e+00 1.172738728232403105e-01 1.532626112455437450e-01 0.000000000000000000e+00 6.270000000000000284e+01
-4.470660866503412656e+00 3.061394643204908839e+00 0.000000000000000000e+00 1.172738728232491923e-01 1.532626112455393042e-01 0.000000000000000000e+00 6.280000000000000426e+01
-4.458933479221087737e+00 3.076720904329463213e+00 0.000000000000000000e+00 1.172738728232491923e-01 1.532626112455437450e-01 0.000000000000000000e+00 6.290000000000000568e+01
-4.447272401918827001e+00 3.091963762748954458e+00 0.000000000000000000e+00 1.166107730226073613e-01 1.524285841949124531e-01 0.000000000000000000e+00 6.300000000000000000e+01
-4.435659397607627064e+00 3.107146156401435544e+00 0.000000000000000000e+00 1.161300431119993704e-01 1.518239365248108541e-01 0.000000000000000000e+00 6.310000000000000142e+01
-4.424046393296427127e+00 3.122328550053916629e+00 0.000000000000000000e+00 1.161300431119993704e-01 1.518239365248108541e-01 0.000000000000000000e+00 6.320000000000000284e+01
-4.412433388985227189e+00 3.137510943706398159e+00 0.000000000000000000e+00 1.161300431119993704e-01 1.518239365248152950e-01 0.000000000000000000e+00 6.330000000000000426e+01
-4.400835425580742921e+00 3.152672480766170793e+00 0.000000000000000000e+00 1.159796340448426832e-01 1.516153705977263400e-01 0.000000000000000000e+00 6.340000000000000568e+01
-4.389409082027020403e+00 3.167596039797377916e+00 0.000000000000000000e+00 1.142634355372251775e-01 1.492355903120712313e-01 0.000000000000000000e+00 6.350000000000000000e+01
-4.377982738473297886e+00 3.182519598828585039e+00 0.000000000000000000e+00 1.142634355372251775e-01 1.492355903120712313e-01 0.000000000000000000e+00 6.360000000000000142e+01
-4.366556394919575368e+00 3.197443157859792162e+00 0.000000000000000000e+00 1.142634355372251775e-01 1.492355903120712313e-01 0.000000000000000000e+00 6.370000000000000284e+01
-4.355130051365853738e+00 3.212366716890998841e+00 0.000000000000000000e+00 1.142634355372162958e-01 1.492355903120667904e-01 0.000000000000000000e+00 6.380000000000000426e+01
-4.344207202982094174e+00 3.226633777648762802e+00 0.000000000000000000e+00 1.092284838375956468e-01 1.426706075776396077e-01 0.000000000000000000e+00 6.390000000000000568e+01
-4.333551971009003800e+00 3.240551898194127922e+00 0.000000000000000000e+00 1.065523197309037329e-01 1.391812054536512022e-01 0.000000000000000000e+00 6.400000000000000000e+01
-4.322896739035914315e+00 3.254470018739492154e+00 0.000000000000000000e+00 1.065523197308948511e-01 1.391812054536423204e-01 0.000000000000000000e+00 6.410000000000000853e+01
-4.312241507062824830e+00 3.268388139284855942e+00 0.000000000000000000e+00 1.065523197308948511e-01 1.391812054536378795e-01 0.000000000000000000e+00 6.420000000000000284e+01
-4.301152950399785624e+00 3.282403498649766327e+00 0.000000000000000000e+00 1.108855666303920628e-01 1.401535936491038470e-01 0.000000000000000000e+00 6.429999999999999716e+01
-4.289664559061730387e+00 3.296508581616202527e+00 0.000000000000000000e+00 1.148839133805523716e-01 1.410508296643619985e-01 0.000000000000000000e+00 6.440000000000000568e+01
-4.278176167723674261e+00 3.310613664582638282e+00 0.000000000000000000e+00 1.148839133805612533e-01 1.410508296643575576e-01 0.000000000000000000e+00 6.450000000000000000e+01
-4.266687776385618136e+00 3.324718747549074482e+00 0.000000000000000000e+00 1.148839133805612533e-01 1.410508296643619985e-01 0.000000000000000000e+00 6.460000000000000853e+01
-4.255174973483804024e+00 3.338885566877258793e+00 0.000000000000000000e+00 1.151280290181411203e-01 1.416681932818431022e-01 0.000000000000000000e+00 6.470000000000000284e+01
-4.243601256324440740e+00 3.353206437157563169e+00 0.000000000000000000e+00 1.157371715936328371e-01 1.432087028030437637e-01 0.000000000000000000e+00 6.479999999999999716e+01
-4.232027539165078345e+00 3.367527307437867545e+00 0.000000000000000000e+00 1.157371715936239553e-01 1.432087028030437637e-01 0.000000000000000000e+00 6.490000000000000568e+01
-4.220453822005715061e+00 3.381848177718171478e+00 0.000000000000000000e+00 1.157371715936328371e-01 1.432087028030393228e-01 0.000000000000000000e+00 6.500000000000000000e+01
-4.208880104846351777e+00 3.396169047998475854e+00 0.000000000000000000e+00 1.157371715936328371e-01 1.432087028030437637e-01 0.000000000000000000e+00 6.510000000000000853e+01
-4.197566676539778108e+00 3.410232982762695375e+00 0.000000000000000000e+00 1.131342830657366960e-01 1.406393476421952116e-01 0.000000000000000000e+00 6.520000000000000284e+01
-4.186253741177026200e+00 3.424296430933754909e+00 0.000000000000000000e+00 1.131293536275190803e-01 1.406344817105953382e-01 0.000000000000000000e+00 6.529999999999999716e+01
-4.174940805814274292e+00 3.438359879104814887e+00 0.000000000000000000e+00 1.131293536275190803e-01 1.406344817105997791e-01 0.000000000000000000e+00 6.540000000000000568e+01
-4.163627870451522384e+00 3.452423327275874421e+00 0.000000000000000000e+00 1.131293536275190803e-01 1.406344817105953382e-01 0.000000000000000000e+00 6.550000000000000000e+01
-4.152192095543971284e+00 3.466736267326879783e+00 0.000000000000000000e+00 1.143577490755109949e-01 1.431294005100536282e-01 0.000000000000000000e+00 6.560000000000000853e+01
-4.140724358050562159e+00 3.481114124629463902e+00 0.000000000000000000e+00 1.146773749340912474e-01 1.437785730258411832e-01 0.000000000000000000e+00 6.570000000000000284e+01
-4.129256620557153923e+00 3.495491981932047576e+00 0.000000000000000000e+00 1.146773749340823656e-01 1.437785730258367423e-01 0.000000000000000000e+00 6.579999999999999716e+01
-4.117788883063744798e+00 3.509869839234631694e+00 0.000000000000000000e+00 1.146773749340912474e-01 1.437785730258411832e-01 0.000000000000000000e+00 6.590000000000000568e+01
-4.106818989259709340e+00 3.524941118808141205e+00 0.000000000000000000e+00 1.096989380403545766e-01 1.507127957350951064e-01 0.000000000000000000e+00 6.600000000000000000e+01
-4.096329269911872295e+00 3.540681210036723314e+00 0.000000000000000000e+00 1.048971934783704540e-01 1.574009122858210930e-01 0.000000000000000000e+00 6.610000000000000853e+01
-4.085839550564034361e+00 3.556421301265305868e+00 0.000000000000000000e+00 1.048971934783793358e-01 1.574009122858255338e-01 0.000000000000000000e+00 6.620000000000000284e+01
-4.075349831216197316e+00 3.572161392493887977e+00 0.000000000000000000e+00 1.048971934783704540e-01 1.574009122858210930e-01 0.000000000000000000e+00 6.629999999999999716e+01
-4.064837490604305437e+00 3.587934865800869400e+00 0.000000000000000000e+00 1.051234061189187940e-01 1.577347330698142258e-01 0.000000000000000000e+00 6.640000000000000568e+01
-4.054001451861831917e+00 3.604186018708197103e+00 0.000000000000000000e+00 1.083603874247351939e-01 1.625115290732770390e-01 0.000000000000000000e+00 6.650000000000000000e+01
-4.043165413119358398e+00 3.620437171615524363e+00 0.000000000000000000e+00 1.083603874247351939e-01 1.625115290732725981e-01 0.000000000000000000e+00 6.660000000000000853e+01
-4.032329374376884878e+00 3.636688324522852067e+00 0.000000000000000000e+00 1.083603874247351939e-01 1.625115290732770390e-01 0.000000000000000000e+00 6.670000000000000284e+01
-4.021493335634411359e+00 3.652939477430179771e+00 0.000000000000000000e+00 1.083603874247351939e-01 1.625115290732770390e-01 0.000000000000000000e+00 6.679999999999999716e+01
-4.011227619740933115e+00 3.668325785110603476e+00 0.000000000000000000e+00 1.026571589347824442e-01 1.538630768042370534e-01 0.000000000000000000e+00 6.690000000000000568e+01
-4.001584747955503119e+00 3.682767603621602159e+00 0.000000000000000000e+00 9.642871785429996123e-02 1.444181851099868297e-01 0.000000000000000000e+00 6.700000000000000000e+01
-3.991941876170074011e+00 3.697209422132600842e+00 0.000000000000000000e+00 9.642871785429107945e-02 1.444181851099868297e-01 0.000000000000000000e+00 6.710000000000000853e+01
-3.982299004384644459e+00 3.711651240643599525e+00 0.000000000000000000e+00 9.642871785429552034e-02 1.444181851099868297e-01 0.000000000000000000e+00 6.720000000000000284e+01
-3.972645797161004300e+00 3.726101832400054992e+00 0.000000000000000000e+00 9.653207223640158929e-02 1.445059175645546645e-01 0.000000000000000000e+00 6.729999999999999716e+01
-3.962977278170749518e+00 3.740565421562535686e+00 0.000000000000000000e+00 9.668518990254781897e-02 1.446358916248069448e-01 0.000000000000000000e+00 6.740000000000000568e+01
-3.953308759180494736e+00 3.755029010725016825e+00 0.000000000000000000e+00 9.668518990254781897e-02 1.446358916248113857e-01 0.000000000000000000e+00 6.750000000000000000e+01
-3.943640240190240398e+00 3.769492599887497519e+00 0.000000000000000000e+00 9.668518990254337808e-02 1.446358916248069448e-01 0.000000000000000000e+00 6.760000000000000853e+01
-3.933585952272160569e+00 3.784531495153358183e+00 0.000000000000000000e+00 1.005428791807982947e-01 1.503889526586066339e-01 0.000000000000000000e+00 6.770000000000000284e+01
-3.922712544060956041e+00 3.800791963412911478e+00 0.000000000000000000e+00 1.087340821120452716e-01 1.626046825955329567e-01 0.000000000000000000e+00 6.779999999999999716e+01
-3.911839135849751514e+00 3.817052431672464330e+00 0.000000000000000000e+00 1.087340821120452716e-01 1.626046825955285158e-01 0.000000000000000000e+00 6.790000000000000568e+01
-3.900965727638546987e+00 3.833312899932017181e+00 0.000000000000000000e+00 1.087340821120452716e-01 1.626046825955285158e-01 0.000000000000000000e+00 6.800000000000000000e+01
-3.890092319427342460e+00 3.849573368191570033e+00 0.000000000000000000e+00 1.087340821120452716e-01 1.626046825955285158e-01 0.000000000000000000e+00 6.810000000000000853e+01
-3.880091438105067070e+00 3.864514089174031053e+00 0.000000000000000000e+00 1.000088132227539006e-01 1.494072098246101987e-01 0.000000000000000000e+00 6.820000000000000284e+01
-3.870414757893535729e+00 3.878964437265336684e+00 0.000000000000000000e+00 9.676680211531341058e-02 1.445034809130563147e-01 0.000000000000000000e+00 6.829999999999999716e+01
-3.860738077682004388e+00 3.893414785356642316e+00 0.000000000000000000e+00 9.676680211531341058e-02 1.445034809130563147e-01 0.000000000000000000e+00 6.840000000000000568e+01
-3.851061397470473047e+00 3.907865133447947947e+00 0.000000000000000000e+00 9.676680211531341058e-02 1.445034809130563147e-01 0.000000000000000000e+00 6.850000000000000000e+01
-3.841375584047189928e+00 3.922321860172248265e+00 0.000000000000000000e+00 9.685813423283118340e-02 1.445672672430031724e-01 0.000000000000000000e+00 6.860000000000000853e+01
-3.831684850241443119e+00 3.936782023290533505e+00 0.000000000000000000e+00 9.690733805746809537e-02 1.446016311828524081e-01 0.000000000000000000e+00 6.870000000000000284e+01
-3.821994116435695865e+00 3.951242186408818746e+00 0.000000000000000000e+00 9.690733805747253626e-02 1.446016311828524081e-01 0.000000000000000000e+00 6.879999999999999716e+01
-3.812303382629949056e+00 3.965702349527103987e+00 0.000000000000000000e+00 9.690733805746809537e-02 1.446016311828524081e-01 0.000000000000000000e+00 6.890000000000000568e+01
-3.801938701814827404e+00 3.981170635231198851e+00 0.000000000000000000e+00 1.036468081512165185e-01 1.546828570409486403e-01 0.000000000000000000e+00 6.900000000000000000e+01
-3.791056971634316319e+00 3.997412348424366435e+00 0.000000000000000000e+00 1.088173018051108443e-01 1.624171319316758400e-01 0.000000000000000000e+00 6.910000000000000853e+01
-3.780175241453804791e+00 4.013654061617534019e+00 0.000000000000000000e+00 1.088173018051152852e-01 1.624171319316758400e-01 0.000000000000000000e+00 6.920000000000000284e+01
-3.769293511273293262e+00 4.029895774810700715e+00 0.000000000000000000e+00 1.088173018051152852e-01 1.624171319316669582e-01 0.000000000000000000e+00 6.929999999999999716e+01
-3.758411781092781734e+00 4.046137488003868299e+00 0.000000000000000000e+00 1.088173018051152852e-01 1.624171319316758400e-01 0.000000000000000000e+00 6.940000000000000568e+01
-3.748702182262327653e+00 4.060612267021605604e+00 0.000000000000000000e+00 9.709598830454080343e-02 1.447477901773730480e-01 0.000000000000000000e+00 6.950000000000000000e+01
-3.739019606702983278e+00 4.075046309699295044e+00 0.000000000000000000e+00 9.682575559344375193e-02 1.443404267768944038e-01 0.000000000000000000e+00 6.960000000000000853e+01
-3.729337031143639347e+00 4.089480352376984484e+00 0.000000000000000000e+00 9.682575559343931104e-02 1.443404267768944038e-01 0.000000000000000000e+00 6.970000000000000284e+01
-3.719654455584295416e+00 4.103914395054673037e+00 0.000000000000000000e+00 9.682575559343931104e-02 1.443404267768855220e-01 0.000000000000000000e+00 6.979999999999999716e+01
-3.709994688502013638e+00 4.118307490750829913e+00 0.000000000000000000e+00 9.659767082281778272e-02 1.439309569615687678e-01 0.000000000000000000e+00 6.990000000000000568e+01
-3.700337438537284473e+00 4.132696067584739730e+00 0.000000000000000000e+00 9.657249964729164304e-02 1.438857683390981634e-01 0.000000000000000000e+00 7.000000000000000000e+01
-3.690680188572554865e+00 4.147084644418648658e+00 0.000000000000000000e+00 9.657249964729608394e-02 1.438857683390892817e-01 0.000000000000000000e+00 7.010000000000000853e+01
-3.681022938607825257e+00 4.161473221252557586e+00 0.000000000000000000e+00 9.657249964729608394e-02 1.438857683390892817e-01 0.000000000000000000e+00 7.020000000000000284e+01
-3.670372865655047612e+00 4.177346849158236175e+00 0.000000000000000000e+00 1.065007295277764499e-01 1.587362790567858895e-01 0.000000000000000000e+00 7.029999999999999716e+01
-3.659524928485440753e+00 4.193516439658258044e+00 0.000000000000000000e+00 1.084793716960685828e-01 1.616959050002186871e-01 0.000000000000000000e+00 7.040000000000000568e+01
-3.648676991315834339e+00 4.209686030158279912e+00 0.000000000000000000e+00 1.084793716960641419e-01 1.616959050002186871e-01 0.000000000000000000e+00 7.050000000000000000e+01
-3.637829054146227481e+00 4.225855620658301781e+00 0.000000000000000000e+00 1.084793716960685828e-01 1.616959050002186871e-01 0.000000000000000000e+00 7.060000000000000853e+01
-3.626980561901258948e+00 4.242037033114719691e+00 0.000000000000000000e+00 1.084849224496853282e-01 1.618141245641790960e-01 0.000000000000000000e+00 7.070000000000000284e+01
-3.616130517062331684e+00 4.258251512609136924e+00 0.000000000000000000e+00 1.085004483892726412e-01 1.621447949441723324e-01 0.000000000000000000e+00 7.079999999999999716e+01
-3.605280472223403976e+00 4.274465992103554157e+00 0.000000000000000000e+00 1.085004483892770821e-01 1.621447949441723324e-01 0.000000000000000000e+00 7.090000000000000568e+01
-3.594430427384476712e+00 4.290680471597971390e+00 0.000000000000000000e+00 1.085004483892726412e-01 1.621447949441723324e-01 0.000000000000000000e+00 7.100000000000000000e+01
-3.583580382545549448e+00 4.306894951092389512e+00 0.000000000000000000e+00 1.085004483892726412e-01 1.621447949441812142e-01 0.000000000000000000e+00 7.110000000000000853e+01
-3.572143364411540567e+00 4.324979993680647894e+00 0.000000000000000000e+00 1.143701813400888057e-01 1.808504258825838207e-01 0.000000000000000000e+00 7.120000000000000284e+01
-3.560492434856149746e+00 4.343746727946431463e+00 0.000000000000000000e+00 1.165092955539082098e-01 1.876673426578356896e-01 0.000000000000000000e+00 7.129999999999999716e+01
-3.548841505300759369e+00 4.362513462212215032e+00 0.000000000000000000e+00 1.165092955539037689e-01 1.876673426578356896e-01 0.000000000000000000e+00 7.140000000000000568e+01
-3.537190575745368992e+00 4.381280196477999489e+00 0.000000000000000000e+00 1.165092955539037689e-01 1.876673426578445714e-01 0.000000000000000000e+00 7.150000000000000000e+01
-3.525539646189978615e+00 4.400046930743783058e+00 0.000000000000000000e+00 1.165092955539037689e-01 1.876673426578356896e-01 0.000000000000000000e+00 7.160000000000000853e+01
-3.514539279743964073e+00 4.417763846990689913e+00 0.000000000000000000e+00 1.100036644601454228e-01 1.771691624690685529e-01 0.000000000000000000e+00 7.170000000000000284e+01
-3.504171660177451297e+00 4.434459695387429790e+00 0.000000000000000000e+00 1.036761956651277572e-01 1.669584839673987631e-01 0.000000000000000000e+00 7.179999999999999716e+01
-3.493804040610938522e+00 4.451155543784169666e+00 0.000000000000000000e+00 1.036761956651277572e-01 1.669584839673987631e-01 0.000000000000000000e+00 7.190000000000000568e+01
-3.483436421044425302e+00 4.467851392180908654e+00 0.000000000000000000e+00 1.036761956651321981e-01 1.669584839673898813e-01 0.000000000000000000e+00 7.200000000000000000e+01
-3.473068801477912526e+00 4.484547240577648530e+00 0.000000000000000000e+00 1.036761956651277572e-01 1.669584839673987631e-01 0.000000000000000000e+00 7.210000000000000853e+01
-3.462840341076827588e+00 4.501014077666559920e+00 0.000000000000000000e+00 1.022846040108493781e-01 1.646683708891139020e-01 0.000000000000000000e+00 7.220000000000000284e+01
-3.452627008241111906e+00 4.517456019639731757e+00 0.000000000000000000e+00 1.021333283571568273e-01 1.644194197317183637e-01 0.000000000000000000e+00 7.229999999999999716e+01
-3.442413675405396223e+00 4.533897961612902705e+00 0.000000000000000000e+00 1.021333283571568273e-01 1.644194197317094819e-01 0.000000000000000000e+00 7.240000000000000568e+01
-3.432200342569680540e+00 4.550339903586074541e+00 0.000000000000000000e+00 1.021333283571568273e-01 1.644194197317183637e-01 0.000000000000000000e+00 7.250000000000000000e+01
-3.421859130372219227e+00 4.566985718006984385e+00 0.000000000000000000e+00 1.034121219746131359e-01 1.664581442090984353e-01 0.000000000000000000e+00 7.260000000000000853e+01
-3.411295658298850064e+00 4.583985871582522797e+00 0.000000000000000000e+00 1.056347207336916227e-01 1.700015357553841255e-01 0.000000000000000000e+00 7.270000000000000284e+01
-3.400732186225480902e+00 4.600986025158060322e+00 0.000000000000000000e+00 1.056347207336916227e-01 1.700015357553752438e-01 0.000000000000000000e+00 7.279999999999999716e+01
-3.390168714152112184e+00 4.617986178733598734e+00 0.000000000000000000e+00 1.056347207336871818e-01 1.700015357553841255e-01 0.000000000000000000e+00 7.290000000000000568e+01
-3.379605242078743021e+00 4.634986332309136259e+00 0.000000000000000000e+00 1.056347207336916227e-01 1.700015357553752438e-01 0.000000000000000000e+00 7.300000000000000000e+01
-3.368784315885933189e+00 4.652398214967210066e+00 0.000000000000000000e+00 1.082092619280983214e-01 1.741188265807380731e-01 0.000000000000000000e+00 7.310000000000000853e+01
-3.357838169185041188e+00 4.670010354374017680e+00 0.000000000000000000e+00 1.094614670089200104e-01 1.761213940680761425e-01 0.000000000000000000e+00 7.320000000000000284e+01
-3.346892022484149631e+00 4.687622493780825295e+00 0.000000000000000000e+00 1.094614670089155695e-01 1.761213940680761425e-01 0.000000000000000000e+00 7.329999999999999716e+01
-3.335945875783257630e+00 4.705234633187632909e+00 0.000000000000000000e+00 1.094614670089200104e-01 1.761213940680761425e-01 0.000000000000000000e+00 7.340000000000000568e+01
-3.324999729082365629e+00 4.722846772594440523e+00 0.000000000000000000e+00 1.094614670089200104e-01 1.761213940680761425e-01 0.000000000000000000e+00 7.350000000000000000e+01
-3.314479911812939328e+00 4.739771990679080282e+00 0.000000000000000000e+00 1.051981726942630146e-01 1.692521808463975930e-01 0.000000000000000000e+00 7.360000000000000853e+01
-3.304060075183292700e+00 4.756536115420872513e+00 0.000000000000000000e+00 1.041983662964662827e-01 1.676412474179223011e-01 0.000000000000000000e+00 7.370000000000000284e+01
-3.293640238553646071e+00 4.773300240162665631e+00 0.000000000000000000e+00 1.041983662964662827e-01 1.676412474179311829e-01 0.000000000000000000e+00 7.379999999999999716e+01
-3.283220401923999443e+00 4.790064364904458749e+00 0.000000000000000000e+00 1.041983662964662827e-01 1.676412474179311829e-01 0.000000000000000000e+00 7.390000000000000568e+01
-3.272347765940454511e+00 4.807556255375093457e+00 0.000000000000000000e+00 1.087263598354493155e-01 1.749189047063470781e-01 0.000000000000000000e+00 7.400000000000000000e+01
-3.260410736799918663e+00 4.826758901073187502e+00 0.000000000000000000e+00 1.193702914053584863e-01 1.920264569809404520e-01 0.000000000000000000e+00 7.410000000000000853e+01
-3.248473707659382814e+00 4.845961546771282435e+00 0.000000000000000000e+00 1.193702914053584863e-01 1.920264569809493338e-01 0.000000000000000000e+00 7.420000000000000284e+01
-3.236536678518846966e+00 4.865164192469376481e+00 0.000000000000000000e+00 1.193702914053584863e-01 1.920264569809404520e-01 0.000000000000000000e+00 7.429999999999999716e+01
-3.224599649378311117e+00 4.884366838167470526e+00 0.000000000000000000e+00 1.193702914053584863e-01 1.920264569809404520e-01 0.000000000000000000e+00 7.440000000000000568e+01
-3.212662620237775268e+00 4.903569483865565459e+00 0.000000000000000000e+00 1.193702914053584863e-01 1.920264569809493338e-01 0.000000000000000000e+00 7.450000000000000000e+01
-3.201868722974741122e+00 4.920932637723010927e+00 0.000000000000000000e+00 1.079389726303414676e-01 1.736315385744546802e-01 0.000000000000000000e+00 7.460000000000000853e+01
-3.191451385083330372e+00 4.937689844090710878e+00 0.000000000000000000e+00 1.041733789141074951e-01 1.675720636769995053e-01 0.000000000000000000e+00 7.470000000000000284e+01
-3.181034047191919623e+00 4.954447050458409940e+00 0.000000000000000000e+00 1.041733789141074951e-01 1.675720636769906235e-01 0.000000000000000000e+00 7.479999999999999716e+01
-3.170616709300508873e+00 4.971204256826109003e+00 0.000000000000000000e+00 1.041733789141074951e-01 1.675720636769906235e-01 0.000000000000000000e+00 7.490000000000000568e+01
-3.160233697345876891e+00 4.987904106929188508e+00 0.000000000000000000e+00 1.038301195463198212e-01 1.669985010307950546e-01 0.000000000000000000e+00 7.500000000000000000e+01
-3.149957170522892369e+00 5.004426027747243211e+00 0.000000000000000000e+00 1.027652682298452191e-01 1.652192081805470281e-01 0.000000000000000000e+00 7.510000000000000853e+01
-3.139680643699908291e+00 5.020947948565297914e+00 0.000000000000000000e+00 1.027652682298407782e-01 1.652192081805470281e-01 0.000000000000000000e+00 7.520000000000000284e+01
-3.129404116876923769e+00 5.037469869383352616e+00 0.000000000000000000e+00 1.027652682298452191e-01 1.652192081805470281e-01 0.000000000000000000e+00 7.529999999999999716e+01
-3.119127590053939691e+00 5.053991790201407319e+00 0.000000000000000000e+00 1.027652682298407782e-01 1.652192081805470281e-01 0.000000000000000000e+00 7.540000000000000568e+01
-3.108944617550601919e+00 5.070360442818126145e+00 0.000000000000000000e+00 1.018297250333777271e-01 1.636865261671882621e-01 0.000000000000000000e+00 7.550000000000000000e+01
-3.098805922803011814e+00 5.086656556058703593e+00 0.000000000000000000e+00 1.013869474759010458e-01 1.629611324057744781e-01 0.000000000000000000e+00 7.560000000000000853e+01
-3.088667228055422154e+00 5.102952669299280153e+00 0.000000000000000000e+00 1.013869474758966049e-01 1.629611324057655963e-01 0.000000000000000000e+00 7.570000000000000284e+01
-3.078528533307832049e+00 5.119248782539856713e+00 0.000000000000000000e+00 1.013869474759010458e-01 1.629611324057655963e-01 0.000000000000000000e+00 7.579999999999999716e+01
-3.068343559423841516e+00 5.135618987592668994e+00 0.000000000000000000e+00 1.018497388399053349e-01 1.637020505281228111e-01 0.000000000000000000e+00 7.590000000000000568e+01
-3.057941885218943501e+00 5.152336124778115867e+00 0.000000000000000000e+00 1.040167420489801486e-01 1.671713718544687310e-01 0.000000000000000000e+00 7.600000000000000000e+01
-3.047540211014045042e+00 5.169053261963562740e+00 0.000000000000000000e+00 1.040167420489845895e-01 1.671713718544687310e-01 0.000000000000000000e+00 7.610000000000000853e+01
-3.037138536809147027e+00 5.185770399149009613e+00 0.000000000000000000e+00 1.040167420489801486e-01 1.671713718544687310e-01 0.000000000000000000e+00 7.620000000000000284e+01
-3.026736862604249012e+00 5.202487536334456486e+00 0.000000000000000000e+00 1.040167420489801486e-01 1.671713718544687310e-01 0.000000000000000000e+00 7.629999999999999716e+01
-3.016689642803179972e+00 5.218630506261618507e+00 0.000000000000000000e+00 1.004721980106904056e-01 1.614296992716202084e-01 0.000000000000000000e+00 7.640000000000000568e+01
-3.006924771806305241e+00 5.234316110059220151e+00 0.000000000000000000e+00 9.764870996874730480e-02 1.568560379760164381e-01 0.000000000000000000e+00 7.650000000000000000e+01
-2.997159900809430511e+00 5.250001713856821794e+00 0.000000000000000000e+00 9.764870996874730480e-02 1.568560379760164381e-01 0.000000000000000000e+00 7.660000000000000853e+01
-2.987395029812555780e+00 5.265687317654423438e+00 0.000000000000000000e+00 9.764870996874730480e-02 1.568560379760164381e-01 0.000000000000000000e+00 7.670000000000000284e+01
-2.977649817933829546e+00 5.281340765461892239e+00 0.000000000000000000e+00 9.745211878726234289e-02 1.565344780746880105e-01 0.000000000000000000e+00 7.680000000000001137e+01
-2.967973579641484783e+00 5.296881394680734267e+00 0.000000000000000000e+00 9.676238292344763181e-02 1.554062921884202808e-01 0.000000000000000000e+00 7.690000000000000568e+01
-2.958297341349140464e+00 5.312422023899576295e+00 0.000000000000000000e+00 9.676238292344319092e-02 1.554062921884202808e-01 0.000000000000000000e+00 7.700000000000000000e+01
-2.948621103056795700e+00 5.327962653118419212e+00 0.000000000000000000e+00 9.676238292344763181e-02 1.554062921884291626e-01 0.000000000000000000e+00 7.710000000000000853e+01
-2.938944864764451381e+00 5.343503282337261240e+00 0.000000000000000000e+00 9.676238292344319092e-02 1.554062921884202808e-01 0.000000000000000000e+00 7.720000000000000284e+01
-2.929551322919472511e+00 5.358585334681309043e+00 0.000000000000000000e+00 9.393541844978869904e-02 1.508205234404780271e-01 0.000000000000000000e+00 7.730000000000001137e+01
-2.920180117496785854e+00 5.373631153932141302e+00 0.000000000000000000e+00 9.371205422686657016e-02 1.504581925083225968e-01 0.000000000000000000e+00 7.740000000000000568e+01
-2.910808912074099641e+00 5.388676973182973562e+00 0.000000000000000000e+00 9.371205422686212927e-02 1.504581925083225968e-01 0.000000000000000000e+00 7.750000000000000000e+01
-2.901437706651413428e+00 5.403722792433805822e+00 0.000000000000000000e+00 9.371205422686212927e-02 1.504581925083225968e-01 0.000000000000000000e+00 7.760000000000000853e+01
-2.891754877311857541e+00 5.419270552906445992e+00 0.000000000000000000e+00 9.682829339555887316e-02 1.554776047264017080e-01 0.000000000000000000e+00 7.770000000000000284e+01
-2.881978085292547842e+00 5.434969661654127648e+00 0.000000000000000000e+00 9.776792019309699100e-02 1.569910874768165598e-01 0.000000000000000000e+00 7.780000000000001137e+01
-2.872201293273237699e+00 5.450668770401810193e+00 0.000000000000000000e+00 9.776792019310143189e-02 1.569910874768254416e-01 0.000000000000000000e+00 7.790000000000000568e+01
-2.862424501253928000e+00 5.466367879149492737e+00 0.000000000000000000e+00 9.776792019309699100e-02 1.569910874768254416e-01 0.000000000000000000e+00 7.800000000000000000e+01
-2.852788293310142720e+00 5.481839133384633023e+00 0.000000000000000000e+00 9.636207943785279895e-02 1.547125423514028597e-01 0.000000000000000000e+00 7.810000000000000853e+01
-2.843338702974370413e+00 5.497007923318984801e+00 0.000000000000000000e+00 9.449590335772306560e-02 1.516878993435177847e-01 0.000000000000000000e+00 7.820000000000000284e+01
-2.833889112638598107e+00 5.512176713253336580e+00 0.000000000000000000e+00 9.449590335772306560e-02 1.516878993435177847e-01 0.000000000000000000e+00 7.830000000000001137e+01
-2.824439522302825356e+00 5.527345503187688358e+00 0.000000000000000000e+00 9.449590335772750649e-02 1.516878993435177847e-01 0.000000000000000000e+00 7.840000000000000568e+01
-2.814897179990240250e+00 5.542664011091308573e+00 0.000000000000000000e+00 9.542342312585105901e-02 1.531850790362021542e-01 0.000000000000000000e+00 7.850000000000000000e+01
-2.805056883151042957e+00 5.558463469894212139e+00 0.000000000000000000e+00 9.840296839197293366e-02 1.579945880290356541e-01 0.000000000000000000e+00 7.860000000000000853e+01
-2.795216586311845663e+00 5.574262928697116593e+00 0.000000000000000000e+00 9.840296839197293366e-02 1.579945880290445359e-01 0.000000000000000000e+00 7.870000000000000284e+01
-2.785376289472648370e+00 5.590062387500020158e+00 0.000000000000000000e+00 9.840296839197293366e-02 1.579945880290356541e-01 0.000000000000000000e+00 7.880000000000001137e+01
-2.775535992633451077e+00 5.605861846302924612e+00 0.000000000000000000e+00 9.840296839197293366e-02 1.579945880290445359e-01 0.000000000000000000e+00 7.890000000000000568e+01
-2.765985360776823665e+00 5.621192298980794533e+00 0.000000000000000000e+00 9.550631856627411764e-02 1.533045267786992127e-01 0.000000000000000000e+00 7.900000000000000000e+01
-2.756477487060333686e+00 5.636453520544011830e+00 0.000000000000000000e+00 9.507873716489978477e-02 1.526122156321729761e-01 0.000000000000000000e+00 7.910000000000000853e+01
-2.746969613343843708e+00 5.651714742107229128e+00 0.000000000000000000e+00 9.507873716489978477e-02 1.526122156321729761e-01 0.000000000000000000e+00 7.920000000000000284e+01
-2.737461739627353730e+00 5.666975963670446426e+00 0.000000000000000000e+00 9.507873716489978477e-02 1.526122156321729761e-01 0.000000000000000000e+00 7.930000000000001137e+01
-2.727698352713785912e+00 5.682650553554331019e+00 0.000000000000000000e+00 9.763386913567817516e-02 1.567458988388459318e-01 0.000000000000000000e+00 7.940000000000000568e+01
-2.717799788910226777e+00 5.698543832119066010e+00 0.000000000000000000e+00 9.898563803559135010e-02 1.589327856473499168e-01 0.000000000000000000e+00 7.950000000000000000e+01
-2.707901225106667642e+00 5.714437110683801002e+00 0.000000000000000000e+00 9.898563803559135010e-02 1.589327856473499168e-01 0.000000000000000000e+00 7.960000000000000853e+01
-2.698002661303108507e+00 5.730330389248536882e+00 0.000000000000000000e+00 9.898563803559135010e-02 1.589327856473587985e-01 0.000000000000000000e+00 7.970000000000000284e+01
-2.688185904856634778e+00 5.746091413392939273e+00 0.000000000000000000e+00 9.816756446473728914e-02 1.576102414440239130e-01 0.000000000000000000e+00 7.980000000000001137e+01
-2.678598895737214214e+00 5.761481014958190094e+00 0.000000000000000000e+00 9.587009119420564218e-02 1.538960156525082112e-01 0.000000000000000000e+00 7.990000000000000568e+01
-2.669011886617794094e+00 5.776870616523440027e+00 0.000000000000000000e+00 9.587009119420120129e-02 1.538960156524993295e-01 0.000000000000000000e+00 8.000000000000000000e+01
-2.659424877498373974e+00 5.792260218088689960e+00 0.000000000000000000e+00 9.587009119420120129e-02 1.538960156524993295e-01 0.000000000000000000e+00 8.010000000000000853e+01
-2.649835037196917931e+00 5.807654419029842252e+00 0.000000000000000000e+00 9.589840301456042937e-02 1.539420094115229176e-01 0.000000000000000000e+00 8.020000000000000284e+01
-2.639971234074857342e+00 5.823493684251302760e+00 0.000000000000000000e+00 9.863803122060588180e-02 1.583926522146050786e-01 0.000000000000000000e+00 8.030000000000001137e+01
-2.630107430952796310e+00 5.839332949472764156e+00 0.000000000000000000e+00 9.863803122061032269e-02 1.583926522146139604e-01 0.000000000000000000e+00 8.040000000000000568e+01
-2.620243627830735278e+00 5.855172214694224664e+00 0.000000000000000000e+00 9.863803122061032269e-02 1.583926522146050786e-01 0.000000000000000000e+00 8.050000000000000000e+01
-2.610379824708674690e+00 5.871011479915686060e+00 0.000000000000000000e+00 9.863803122060588180e-02 1.583926522146139604e-01 0.000000000000000000e+00 8.060000000000000853e+01
-2.600705733349180981e+00 5.886544983305092238e+00 0.000000000000000000e+00 9.674091359493708353e-02 1.553350338940617803e-01 0.000000000000000000e+00 8.070000000000000284e+01
-2.591141085662685750e+00 5.901902094374329444e+00 0.000000000000000000e+00 9.564647686495231227e-02 1.535711106923720592e-01 0.000000000000000000e+00 8.080000000000001137e+01
-2.581576437976190519e+00 5.917259205443565762e+00 0.000000000000000000e+00 9.564647686495231227e-02 1.535711106923631775e-01 0.000000000000000000e+00 8.090000000000000568e+01
-2.572011790289695288e+00 5.932616316512802968e+00 0.000000000000000000e+00 9.564647686495231227e-02 1.535711106923720592e-01 0.000000000000000000e+00 8.100000000000000000e+01
-2.562418928966721410e+00 5.948019837296370405e+00 0.000000000000000000e+00 9.592861322973877947e-02 1.540352078356743704e-01 0.000000000000000000e+00 8.110000000000000853e+01
-2.552782166248467099e+00 5.963495573202408195e+00 0.000000000000000000e+00 9.636762718254310300e-02 1.547573590603779081e-01 0.000000000000000000e+00 8.120000000000000284e+01
-2.543145403530213233e+00 5.978971309108445986e+00 0.000000000000000000e+00 9.636762718253866211e-02 1.547573590603779081e-01 0.000000000000000000e+00 8.130000000000001137e+01
-2.533508640811958923e+00 5.994447045014483777e+00 0.000000000000000000e+00 9.636762718254310300e-02 1.547573590603779081e-01 0.000000000000000000e+00 8.140000000000000568e+01
-2.523847228730936365e+00 6.009962987375406129e+00 0.000000000000000000e+00 9.661412081022557885e-02 1.551594236092235235e-01 0.000000000000000000e+00 8.150000000000000000e+01
-2.513997571656439334e+00 6.025785982860109691e+00 0.000000000000000000e+00 9.849657074497031317e-02 1.582299548470356143e-01 0.000000000000000000e+00 8.160000000000000853e+01
-2.504147914581942747e+00 6.041608978344813252e+00 0.000000000000000000e+00 9.849657074496587228e-02 1.582299548470356143e-01 0.000000000000000000e+00 8.170000000000000284e+01
-2.494298257507446159e+00 6.057431973829516814e+00 0.000000000000000000e+00 9.849657074496587228e-02 1.582299548470356143e-01 0.000000000000000000e+00 8.180000000000001137e+01
-2.484448600432949572e+00 6.073254969314220375e+00 0.000000000000000000e+00 9.849657074496587228e-02 1.582299548470356143e-01 0.000000000000000000e+00 8.190000000000000568e+01
-2.474766702728265599e+00 6.088808180767559364e+00 0.000000000000000000e+00 9.681897704683972705e-02 1.555321145333898869e-01 0.000000000000000000e+00 8.200000000000000000e+01
-2.465142281404649083e+00 6.104268960961708679e+00 0.000000000000000000e+00 9.624421323616516588e-02 1.546078019414931504e-01 0.000000000000000000e+00 8.210000000000000853e+01
-2.455517860081032566e+00 6.119729741155857106e+00 0.000000000000000000e+00 9.624421323616516588e-02 1.546078019414842686e-01 0.000000000000000000e+00 8.220000000000000284e+01
-2.445893438757416494e+00 6.135190521350006421e+00 0.000000000000000000e+00 9.624421323616072499e-02 1.546078019414931504e-01 0.000000000000000000e+00 8.230000000000001137e+01
-2.436161237934349355e+00 6.150827890087398941e+00 0.000000000000000000e+00 9.732200823067138629e-02 1.563736873739252076e-01 0.000000000000000000e+00 8.240000000000000568e+01
-2.426309376488519298e+00 6.166661313688332591e+00 0.000000000000000000e+00 9.851861445830056851e-02 1.583342360093364931e-01 0.000000000000000000e+00 8.250000000000000000e+01
-2.416457515042689241e+00 6.182494737289265352e+00 0.000000000000000000e+00 9.851861445830056851e-02 1.583342360093276113e-01 0.000000000000000000e+00 8.260000000000000853e+01
-2.406605653596859185e+00 6.198328160890198113e+00 0.000000000000000000e+00 9.851861445830056851e-02 1.583342360093276113e-01 0.000000000000000000e+00 8.270000000000000284e+01
-2.396778458400647960e+00 6.214121928632705405e+00 0.000000000000000000e+00 9.827195196211224726e-02 1.579376774250729198e-01 0.000000000000000000e+00 8.280000000000001137e+01
-2.387171898803185144e+00 6.229560981158964061e+00 0.000000000000000000e+00 9.606559597462815958e-02 1.543905252625865643e-01 0.000000000000000000e+00 8.290000000000000568e+01
-2.377565339205722328e+00 6.245000033685221830e+00 0.000000000000000000e+00 9.606559597462815958e-02 1.543905252625776825e-01 0.000000000000000000e+00 8.300000000000000000e+01
-2.367958779608259512e+00 6.260439086211480486e+00 0.000000000000000000e+00 9.606559597462815958e-02 1.543905252625865643e-01 0.000000000000000000e+00 8.310000000000000853e+01
-2.358352220010796696e+00 6.275878138737738254e+00 0.000000000000000000e+00 9.606559597462815958e-02 1.543905252625776825e-01 0.000000000000000000e+00 8.320000000000000284e+01
-2.348533197127588235e+00 6.291666068139326384e+00 0.000000000000000000e+00 9.819022883208461394e-02 1.578792940158812996e-01 0.000000000000000000e+00 8.330000000000001137e+01
-2.338672543334444853e+00 6.307522357877733299e+00 0.000000000000000000e+00 9.860653793143381307e-02 1.585628973840691458e-01 0.000000000000000000e+00 8.340000000000000568e+01
-2.328811889541301028e+00 6.323378647616140213e+00 0.000000000000000000e+00 9.860653793143825396e-02 1.585628973840691458e-01 0.000000000000000000e+00 8.350000000000000000e+01
-2.318951235748157647e+00 6.339234937354548016e+00 0.000000000000000000e+00 9.860653793143381307e-02 1.585628973840780276e-01 0.000000000000000000e+00 8.360000000000000853e+01
-2.309211380829935045e+00 6.354896803883539391e+00 0.000000000000000000e+00 9.739854918222601299e-02 1.566186652899137499e-01 0.000000000000000000e+00 8.370000000000000284e+01
-2.299614921928793798e+00 6.370327877585390652e+00 0.000000000000000000e+00 9.596458901141247111e-02 1.543107370185126115e-01 0.000000000000000000e+00 8.380000000000001137e+01
-2.290018463027652107e+00 6.385758951287242802e+00 0.000000000000000000e+00 9.596458901141691200e-02 1.543107370185214933e-01 0.000000000000000000e+00 8.390000000000000568e+01
-2.280422004126510860e+00 6.401190024989094063e+00 0.000000000000000000e+00 9.596458901141247111e-02 1.543107370185126115e-01 0.000000000000000000e+00 8.400000000000000000e+01
-2.270768952806908825e+00 6.416715306149788134e+00 0.000000000000000000e+00 9.653051319602035107e-02 1.552528116069407105e-01 0.000000000000000000e+00 8.410000000000000853e+01
-2.260883482435072533e+00 6.432627487338669958e+00 0.000000000000000000e+00 9.885470371836291292e-02 1.591218118888182431e-01 0.000000000000000000e+00 8.420000000000000284e+01
-2.250998012063235798e+00 6.448539668527550894e+00 0.000000000000000000e+00 9.885470371836735382e-02 1.591218118888093613e-01 0.000000000000000000e+00 8.430000000000001137e+01
-2.241112541691399507e+00 6.464451849716432719e+00 0.000000000000000000e+00 9.885470371836291292e-02 1.591218118888182431e-01 0.000000000000000000e+00 8.440000000000000568e+01
-2.231227071319563215e+00 6.480364030905314543e+00 0.000000000000000000e+00 9.885470371836291292e-02 1.591218118888182431e-01 0.000000000000000000e+00 8.450000000000000000e+01
-2.220999662020351817e+00 6.497238006254383968e+00 0.000000000000000000e+00 1.022740929921139852e-01 1.687397534906942553e-01 0.000000000000000000e+00 8.460000000000000853e+01
-2.210688351602875912e+00 6.514347975809201330e+00 0.000000000000000000e+00 1.031131041747590515e-01 1.710996955481736137e-01 0.000000000000000000e+00 8.470000000000000284e+01
-2.200377041185399563e+00 6.531457945364018691e+00 0.000000000000000000e+00 1.031131041747634924e-01 1.710996955481736137e-01 0.000000000000000000e+00 8.480000000000001137e+01
-2.190065730767923657e+00 6.548567914918835164e+00 0.000000000000000000e+00 1.031131041747590515e-01 1.710996955481647319e-01 0.000000000000000000e+00 8.490000000000000568e+01
-2.179700709411619197e+00 6.565723170696942113e+00 0.000000000000000000e+00 1.036502135630446020e-01 1.715525577810694813e-01 0.000000000000000000e+00 8.500000000000000000e+01
-2.168997964954677560e+00 6.583163176734104560e+00 0.000000000000000000e+00 1.070274445694163745e-01 1.744000603716244768e-01 0.000000000000000000e+00 8.510000000000000853e+01
-2.158295220497735478e+00 6.600603182771267008e+00 0.000000000000000000e+00 1.070274445694208154e-01 1.744000603716244768e-01 0.000000000000000000e+00 8.520000000000000284e+01
-2.147592476040793841e+00 6.618043188808429456e+00 0.000000000000000000e+00 1.070274445694163745e-01 1.744000603716244768e-01 0.000000000000000000e+00 8.530000000000001137e+01
-2.136889731583852203e+00 6.635483194845591903e+00 0.000000000000000000e+00 1.070274445694163745e-01 1.744000603716244768e-01 0.000000000000000000e+00 8.540000000000000568e+01
-2.126007326007924192e+00 6.653116948784782991e+00 0.000000000000000000e+00 1.088240557592801139e-01 1.763375393919108802e-01 0.000000000000000000e+00 8.550000000000000000e+01
-2.114802968073752787e+00 6.671097898568652873e+00 0.000000000000000000e+00 1.120435793417140502e-01 1.798094978386988174e-01 0.000000000000000000e+00 8.560000000000000853e+01
-2.103598610139580938e+00 6.689078848352523643e+00 0.000000000000000000e+00 1.120435793417184911e-01 1.798094978387076992e-01 0.000000000000000000e+00 8.570000000000000284e+01
-2.092394252205409533e+00 6.707059798136394413e+00 0.000000000000000000e+00 1.120435793417140502e-01 1.798094978387076992e-01 0.000000000000000000e+00 8.580000000000001137e+01
-2.081189894271237684e+00 6.725040747920265183e+00 0.000000000000000000e+00 1.120435793417184911e-01 1.798094978387076992e-01 0.000000000000000000e+00 8.590000000000000568e+01
-2.070201660166423707e+00 6.742637515153340644e+00 0.000000000000000000e+00 1.098823410481397644e-01 1.759676723307546098e-01 0.000000000000000000e+00 8.600000000000000000e+01
-2.059524480440667382e+00 6.759681350925142773e+00 0.000000000000000000e+00 1.067717972575632501e-01 1.704383577180212939e-01 0.000000000000000000e+00 8.610000000000000853e+01
-2.048847300714911501e+00 6.776725186696944903e+00 0.000000000000000000e+00 1.067717972575588092e-01 1.704383577180212939e-01 0.000000000000000000e+00 8.620000000000000284e+01
-2.038170120989155176e+00 6.793769022468747032e+00 0.000000000000000000e+00 1.067717972575632501e-01 1.704383577180212939e-01 0.000000000000000000e+00 8.630000000000001137e+01
-2.027492941263399295e+00 6.810812858240549161e+00 0.000000000000000000e+00 1.067717972575588092e-01 1.704383577180212939e-01 0.000000000000000000e+00 8.640000000000000568e+01
-2.016495498607196346e+00 6.828155492517428371e+00 0.000000000000000000e+00 1.099744265620294925e-01 1.734263427687920966e-01 0.000000000000000000e+00 8.650000000000000000e+01
-2.005370424549664410e+00 6.845617204178208404e+00 0.000000000000000000e+00 1.112507405753193623e-01 1.746171166078003267e-01 0.000000000000000000e+00 8.660000000000000853e+01
-1.994245350492132696e+00 6.863078915838988436e+00 0.000000000000000000e+00 1.112507405753171419e-01 1.746171166078003267e-01 0.000000000000000000e+00 8.670000000000000284e+01
-1.983120276434600759e+00 6.880540627499768469e+00 0.000000000000000000e+00 1.112507405753193623e-01 1.746171166078003267e-01 0.000000000000000000e+00 8.680000000000001137e+01
-1.971995202377069045e+00 6.898002339160548502e+00 0.000000000000000000e+00 1.112507405753171419e-01 1.746171166078003267e-01 0.000000000000000000e+00 8.690000000000000568e+01
-1.961261583661119801e+00 6.914786721618169096e+00 0.000000000000000000e+00 1.073361871594924466e-01 1.678438245762059466e-01 0.000000000000000000e+00 8.700000000000000000e+01
-1.950580979204915799e+00 6.931479374311254382e+00 0.000000000000000000e+00 1.068060445620400145e-01 1.669265269308528588e-01 0.000000000000000000e+00 8.710000000000000853e+01
-1.939900374748711576e+00 6.948172027004340556e+00 0.000000000000000000e+00 1.068060445620422350e-01 1.669265269308617405e-01 0.000000000000000000e+00 8.720000000000000284e+01
-1.929219770292507352e+00 6.964864679697425842e+00 0.000000000000000000e+00 1.068060445620422350e-01 1.669265269308528588e-01 0.000000000000000000e+00 8.730000000000001137e+01
-1.918448627398140927e+00 6.981649657355220917e+00 0.000000000000000000e+00 1.077114289436642558e-01 1.678497765779507489e-01 0.000000000000000000e+00 8.740000000000000568e+01
-1.907415064288231266e+00 6.998702233368261361e+00 0.000000000000000000e+00 1.103356310990966094e-01 1.705257601304044357e-01 0.000000000000000000e+00 8.750000000000000000e+01
-1.896381501178321605e+00 7.015754809381302692e+00 0.000000000000000000e+00 1.103356310990966094e-01 1.705257601304133175e-01 0.000000000000000000e+00 8.760000000000000853e+01
-1.885347938068411722e+00 7.032807385394344024e+00 0.000000000000000000e+00 1.103356310990988298e-01 1.705257601304133175e-01 0.000000000000000000e+00 8.770000000000000284e+01
-1.874314374958502061e+00 7.049859961407385356e+00 0.000000000000000000e+00 1.103356310990966094e-01 1.705257601304133175e-01 0.000000000000000000e+00 8.780000000000001137e+01
-1.863531283642743119e+00 7.066496243776825281e+00 0.000000000000000000e+00 1.078309131575894142e-01 1.663628236943992533e-01 0.000000000000000000e+00 8.790000000000000568e+01
-1.852980459857120898e+00 7.082746488681493702e+00 0.000000000000000000e+00 1.055082378562222090e-01 1.625024490466842053e-01 0.000000000000000000e+00 8.800000000000000000e+01
-1.842429636071498678e+00 7.098996733586161234e+00 0.000000000000000000e+00 1.055082378562222090e-01 1.625024490466753235e-01 0.000000000000000000e+00 8.810000000000000853e+01
-1.831878812285876457e+00 7.115246978490829655e+00 0.000000000000000000e+00 1.055082378562222090e-01 1.625024490466842053e-01 0.000000000000000000e+00 8.820000000000000284e+01
-1.821328380834685845e+00 7.131496527979742872e+00 0.000000000000000000e+00 1.055043145119061165e-01 1.624954948891321749e-01 0.000000000000000000e+00 8.830000000000001137e+01
-1.811059771454958334e+00 7.147246545710181920e+00 0.000000000000000000e+00 1.026860937972751131e-01 1.575001773043904763e-01 0.000000000000000000e+00 8.840000000000000568e+01
-1.800791162075230600e+00 7.162996563440620967e+00 0.000000000000000000e+00 1.026860937972773336e-01 1.575001773043904763e-01 0.000000000000000000e+00 8.850000000000000000e+01
-1.790522552695503089e+00 7.178746581171060015e+00 0.000000000000000000e+00 1.026860937972751131e-01 1.575001773043904763e-01 0.000000000000000000e+00 8.860000000000000853e+01
-1.780253943315775578e+00 7.194496598901499063e+00 0.000000000000000000e+00 1.026860937972751131e-01 1.575001773043904763e-01 0.000000000000000000e+00 8.870000000000000284e+01
-1.769793610709764486e+00 7.210458185992633773e+00 0.000000000000000000e+00 1.046033260601109127e-01 1.596158709113471019e-01 0.000000000000000000e+00 8.880000000000001137e+01
-1.759215341801978472e+00 7.226549917503164444e+00 0.000000000000000000e+00 1.057826890778601481e-01 1.609173151053067130e-01 0.000000000000000000e+00 8.890000000000000568e+01
-1.748637072894192679e+00 7.242641649013695115e+00 0.000000000000000000e+00 1.057826890778579276e-01 1.609173151053067130e-01 0.000000000000000000e+00 8.900000000000000000e+01
-1.738058803986406664e+00 7.258733380524225787e+00 0.000000000000000000e+00 1.057826890778601481e-01 1.609173151053067130e-01 0.000000000000000000e+00 8.910000000000000853e+01
-1.727525569946733786e+00 7.274762731212672584e+00 0.000000000000000000e+00 1.053323403967287852e-01 1.602935068844679734e-01 0.000000000000000000e+00 8.920000000000000284e+01
-1.717284775772871974e+00 7.290387003791555465e+00 0.000000000000000000e+00 1.024079417386181134e-01 1.562427257888288068e-01 0.000000000000000000e+00 8.930000000000001137e+01
-1.707043981599010385e+00 7.306011276370439234e+00 0.000000000000000000e+00 1.024079417386158930e-01 1.562427257888376886e-01 0.000000000000000000e+00 8.940000000000000568e+01
-1.696803187425148574e+00 7.321635548949323002e+00 0.000000000000000000e+00 1.024079417386181134e-01 1.562427257888376886e-01 0.000000000000000000e+00 8.950000000000000000e+01
-1.686562393251286762e+00 7.337259821528205883e+00 0.000000000000000000e+00 1.024079417386181134e-01 1.562427257888288068e-01 0.000000000000000000e+00 8.960000000000000853e+01
-1.676467682941668036e+00 7.353062856961870786e+00 0.000000000000000000e+00 1.009471030961872628e-01 1.580303543366490260e-01 0.000000000000000000e+00 8.970000000000000284e+01
-1.666411757178691389e+00 7.368913353053254234e+00 0.000000000000000000e+00 1.005592576297664742e-01 1.585049609138344806e-01 0.000000000000000000e+00 8.980000000000001137e+01
-1.656355831415714519e+00 7.384763849144638570e+00 0.000000000000000000e+00 1.005592576297686946e-01 1.585049609138433624e-01 0.000000000000000000e+00 8.990000000000000568e+01
-1.646299905652737650e+00 7.400614345236022018e+00 0.000000000000000000e+00 1.005592576297686946e-01 1.585049609138344806e-01 0.000000000000000000e+00 9.000000000000000000e+01
-1.635006180689538624e+00 7.417519807098415185e+00 0.000000000000000000e+00 1.129372496319902552e-01 1.690546186239316739e-01 0.000000000000000000e+00 9.010000000000000853e+01
-1.622218580152392953e+00 7.435698486455518896e+00 0.000000000000000000e+00 1.278760053714567135e-01 1.817867935710371086e-01 0.000000000000000000e+00 9.020000000000000284e+01
-1.609430979615247059e+00 7.453877165812622607e+00 0.000000000000000000e+00 1.278760053714589340e-01 1.817867935710371086e-01 0.000000000000000000e+00 9.030000000000001137e+01
-1.596643379078101388e+00 7.472055845169726318e+00 0.000000000000000000e+00 1.278760053714567135e-01 1.817867935710371086e-01 0.000000000000000000e+00 9.040000000000000568e+01
-1.583855778540955495e+00 7.490234524526830029e+00 0.000000000000000000e+00 1.278760053714589340e-01 1.817867935710371086e-01 0.000000000000000000e+00 9.050000000000000000e+01
-1.571210733631888345e+00 7.508255433008048207e+00 0.000000000000000000e+00 1.264504490906714906e-01 1.802090848121817857e-01 0.000000000000000000e+00 9.060000000000000853e+01
-1.559874641430970543e+00 7.524827681635979815e+00 0.000000000000000000e+00 1.133609220091780223e-01 1.657224862793160725e-01 0.000000000000000000e+00 9.070000000000000284e+01
-1.548538549230052741e+00 7.541399930263912310e+00 0.000000000000000000e+00 1.133609220091780223e-01 1.657224862793249542e-01 0.000000000000000000e+00 9.080000000000001137e+01
-1.537202457029134939e+00 7.557972178891844806e+00 0.000000000000000000e+00 1.133609220091780223e-01 1.657224862793249542e-01 0.000000000000000000e+00 9.090000000000000568e+01
-1.525866364828217137e+00 7.574544427519777301e+00 0.000000000000000000e+00 1.133609220091780223e-01 1.657224862793249542e-01 0.000000000000000000e+00 9.100000000000000000e+01
-1.514902962578738910e+00 7.590809033342965861e+00 0.000000000000000000e+00 1.096340224947822684e-01 1.626460582318856041e-01 0.000000000000000000e+00 9.110000000000000853e+01
-1.504410647264071033e+00 7.606684773017918566e+00 0.000000000000000000e+00 1.049231531466787715e-01 1.587573967495270466e-01 0.000000000000000000e+00 9.120000000000000284e+01
-1.493918331949403155e+00 7.622560512692871271e+00 0.000000000000000000e+00 1.049231531466787715e-01 1.587573967495270466e-01 0.000000000000000000e+00 9.130000000000001137e+01
-1.483426016634735500e+00 7.638436252367823087e+00 0.000000000000000000e+00 1.049231531466765510e-01 1.587573967495181648e-01 0.000000000000000000e+00 9.140000000000000568e+01
-1.472933701320067623e+00 7.654311992042775792e+00 0.000000000000000000e+00 1.049231531466787715e-01 1.587573967495270466e-01 0.000000000000000000e+00 9.150000000000000000e+01
-1.462937274311296942e+00 7.669955066609453809e+00 0.000000000000000000e+00 9.996427008770680800e-02 1.564307456667801688e-01 0.000000000000000000e+00 9.160000000000000853e+01
-1.452948143712824436e+00 7.685594717784065999e+00 0.000000000000000000e+00 9.989130598472506506e-02 1.563965117461219023e-01 0.000000000000000000e+00 9.170000000000000284e+01
-1.442959013114352151e+00 7.701234368958678189e+00 0.000000000000000000e+00 9.989130598472284461e-02 1.563965117461219023e-01 0.000000000000000000e+00 9.180000000000001137e+01
-1.432969882515879645e+00 7.716874020133290379e+00 0.000000000000000000e+00 9.989130598472506506e-02 1.563965117461219023e-01 0.000000000000000000e+00 9.190000000000000568e+01
-1.423176881823983608e+00 7.732279004179400062e+00 0.000000000000000000e+00 9.793000691896036614e-02 1.540498404610968208e-01 0.000000000000000000e+00 9.200000000000000000e+01
-1.413511582683424139e+00 7.747531194819951672e+00 0.000000000000000000e+00 9.665299140559469038e-02 1.525219064055161056e-01 0.000000000000000000e+00 9.210000000000000853e+01
-1.403846283542864670e+00 7.762783385460503283e+00 0.000000000000000000e+00 9.665299140559469038e-02 1.525219064055161056e-01 0.000000000000000000e+00 9.220000000000000284e+01
-1.394180984402305201e+00 7.778035576101055781e+00 0.000000000000000000e+00 9.665299140559469038e-02 1.525219064055249873e-01 0.000000000000000000e+00 9.230000000000001137e+01
-1.384296072107926490e+00 7.793921394087832688e+00 0.000000000000000000e+00 9.884912294378711550e-02 1.588581798677690671e-01 0.000000000000000000e+00 9.240000000000000568e+01
-1.374119425729867450e+00 7.810648922555201601e+00 0.000000000000000000e+00 1.017664637805903993e-01 1.672752846736891286e-01 0.000000000000000000e+00 9.250000000000000000e+01
-1.363942779351808410e+00 7.827376451022571402e+00 0.000000000000000000e+00 1.017664637805903993e-01 1.672752846736980104e-01 0.000000000000000000e+00 9.260000000000000853e+01
-1.353766132973749370e+00 7.844103979489941203e+00 0.000000000000000000e+00 1.017664637805903993e-01 1.672752846736980104e-01 0.000000000000000000e+00 9.270000000000000284e+01
-1.343589486595690330e+00 7.860831507957311004e+00 0.000000000000000000e+00 1.017664637805903993e-01 1.672752846736980104e-01 0.000000000000000000e+00 9.280000000000001137e+01
-1.333559332121488916e+00 7.876869997898413800e+00 0.000000000000000000e+00 1.003015447420141371e-01 1.603848994110279591e-01 0.000000000000000000e+00 9.290000000000000568e+01
-1.323602177778304689e+00 7.892565124818290201e+00 0.000000000000000000e+00 9.957154343184226875e-02 1.569512691987640096e-01 0.000000000000000000e+00 9.300000000000000000e+01
-1.313645023435120462e+00 7.908260251738167490e+00 0.000000000000000000e+00 9.957154343184226875e-02 1.569512691987728914e-01 0.000000000000000000e+00 9.310000000000000853e+01
-1.303687869091936458e+00 7.923955378658043891e+00 0.000000000000000000e+00 9.957154343184004830e-02 1.569512691987640096e-01 0.000000000000000000e+00 9.320000000000000284e+01
-1.293886404428323145e+00 7.939602900733464530e+00 0.000000000000000000e+00 9.801464663613312922e-02 1.564752207542063900e-01 0.000000000000000000e+00 9.330000000000001137e+01
-1.284459562292795676e+00 7.955135875414167224e+00 0.000000000000000000e+00 9.426842135527468969e-02 1.553297468070269360e-01 0.000000000000000000e+00 9.340000000000000568e+01
-1.275032720157267985e+00 7.970668850094869029e+00 0.000000000000000000e+00 9.426842135527691013e-02 1.553297468070180543e-01 0.000000000000000000e+00 9.350000000000000000e+01
-1.265605878021740294e+00 7.986201824775570834e+00 0.000000000000000000e+00 9.426842135527691013e-02 1.553297468070180543e-01 0.000000000000000000e+00 9.360000000000000853e+01
-1.256179035886212825e+00 8.001734799456272640e+00 0.000000000000000000e+00 9.426842135527468969e-02 1.553297468070180543e-01 0.000000000000000000e+00 9.370000000000000284e+01
-1.246239986751510598e+00 8.015174877392681196e+00 0.000000000000000000e+00 9.939049134702226951e-02 1.344007793640855652e-01 0.000000000000000000e+00 9.380000000000001137e+01
-1.236260311088410280e+00 8.028448953831349044e+00 0.000000000000000000e+00 9.979675663100318062e-02 1.327407643866784781e-01 0.000000000000000000e+00 9.390000000000000568e+01
-1.226280635425309962e+00 8.041723030270015116e+00 0.000000000000000000e+00 9.979675663100318062e-02 1.327407643866607145e-01 0.000000000000000000e+00 9.400000000000000000e+01
-1.216300959762209422e+00 8.054997106708681187e+00 0.000000000000000000e+00 9.979675663100540106e-02 1.327407643866607145e-01 0.000000000000000000e+00 9.410000000000000853e+01
-1.203949171216277980e+00 8.064108619485857332e+00 0.000000000000000000e+00 1.235178854593144138e-01 9.111512777176145050e-02 0.000000000000000000e+00 9.420000000000000284e+01
-1.191105801677182496e+00 8.072357510086140664e+00 0.000000000000000000e+00 1.284336953909548384e-01 8.248890600283331764e-02 0.000000000000000000e+00 9.430000000000001137e+01
-1.178262432138087235e+00 8.080606400686423996e+00 0.000000000000000000e+00 1.284336953909526180e-01 8.248890600283331764e-02 0.000000000000000000e+00 9.440000000000000568e+01
-1.165419062598991751e+00 8.088855291286707327e+00 0.000000000000000000e+00 1.284336953909548384e-01 8.248890600283331764e-02 0.000000000000000000e+00 9.450000000000000000e+01
-1.151769511796306045e+00 8.092699601998166514e+00 0.000000000000000000e+00 1.364955080268570597e-01 3.844310711459186791e-02 0.000000000000000000e+00 9.460000000000000853e+01
-1.136717227325073853e+00 8.088880062425708672e+00 0.000000000000000000e+00 1.505228447123219127e-01 -3.819539572457841814e-02 0.000000000000000000e+00 9.470000000000000284e+01
-1.121664942853841662e+00 8.085060522853250831e+00 0.000000000000000000e+00 1.505228447123219127e-01 -3.819539572457841814e-02 0.000000000000000000e+00 9.480000000000001137e+01
-1.106612658382609693e+00 8.081240983280792989e+00 0.000000000000000000e+00 1.505228447123196922e-01 -3.819539572457841814e-02 0.000000000000000000e+00 9.490000000000000568e+01
-1.091570059952825300e+00 8.075589489557730261e+00 0.000000000000000000e+00 1.504259842978439288e-01 -5.651493723062728236e-02 0.000000000000000000e+00 9.500000000000000000e+01
-1.076552023255109125e+00 8.065292551434007251e+00 0.000000000000000000e+00 1.501803669771617500e-01 -1.029693812372300954e-01 0.000000000000000000e+00 9.510000000000000853e+01
-1.061533986557393172e+00 8.054995613310284241e+00 0.000000000000000000e+00 1.501803669771595295e-01 -1.029693812372300954e-01 0.000000000000000000e+00 9.520000000000000284e+01
-1.046515949859676997e+00 8.044698675186563008e+00 0.000000000000000000e+00 1.501803669771617500e-01 -1.029693812372123318e-01 0.000000000000000000e+00 9.530000000000001137e+01
-1.031497913161960822e+00 8.034401737062839999e+00 0.000000000000000000e+00 1.501803669771617500e-01 -1.029693812372300954e-01 0.000000000000000000e+00 9.540000000000000568e+01
-1.015126042954326069e+00 8.021917427917159671e+00 0.000000000000000000e+00 1.637187020763475331e-01 -1.248430914568032790e-01 0.000000000000000000e+00 9.550000000000000000e+01
-9.982396188332816056e-01 8.008601760771266953e+00 0.000000000000000000e+00 1.688642412104446322e-01 -1.331566714589271783e-01 0.000000000000000000e+00 9.560000000000000853e+01
-9.813531947122372534e-01 7.995286093625375123e+00 0.000000000000000000e+00 1.688642412104435220e-01 -1.331566714589182965e-01 0.000000000000000000e+00 9.570000000000000284e+01
-9.644667705911927902e-01 7.981970426479482406e+00 0.000000000000000000e+00 1.688642412104446322e-01 -1.331566714589271783e-01 0.000000000000000000e+00 9.580000000000001137e+01
-9.475803464701483270e-01 7.968654759333588800e+00 0.000000000000000000e+00 1.688642412104446322e-01 -1.331566714589360600e-01 0.000000000000000000e+00 9.590000000000000568e+01
-9.310084178438053915e-01 7.955587353209808477e+00 0.000000000000000000e+00 1.657192862634293551e-01 -1.306740612378032296e-01 0.000000000000000000e+00 9.600000000000000000e+01
-9.151018477028884934e-01 7.943045177432553672e+00 0.000000000000000000e+00 1.590657014091689803e-01 -1.254217577725480481e-01 0.000000000000000000e+00 9.610000000000000853e+01
-8.991952775619714844e-01 7.930503001655298867e+00 0.000000000000000000e+00 1.590657014091700905e-01 -1.254217577725480481e-01 0.000000000000000000e+00 9.620000000000000284e+01
-8.832887074210544753e-01 7.917960825878043174e+00 0.000000000000000000e+00 1.590657014091700905e-01 -1.254217577725569299e-01 0.000000000000000000e+00 9.630000000000001137e+01
-8.673821372801375773e-01 7.905418650100788369e+00 0.000000000000000000e+00 1.590657014091689803e-01 -1.254217577725480481e-01 0.000000000000000000e+00 9.640000000000000568e+01
-8.502713343532003476e-01 7.891957985219723248e+00 0.000000000000000000e+00 1.711080292693722971e-01 -1.346066488106512082e-01 0.000000000000000000e+00 9.650000000000000000e+01
-8.323564420139836217e-01 7.877884027483454510e+00 0.000000000000000000e+00 1.791489233921672586e-01 -1.407395773626873847e-01 0.000000000000000000e+00 9.660000000000000853e+01
-8.144415496747670069e-01 7.863810069747185771e+00 0.000000000000000000e+00 1.791489233921661484e-01 -1.407395773626873847e-01 0.000000000000000000e+00 9.670000000000000284e+01
-7.965266573355503921e-01 7.849736112010917033e+00 0.000000000000000000e+00 1.791489233921661484e-01 -1.407395773626873847e-01 0.000000000000000000e+00 9.680000000000001137e+01
-7.786117649963337772e-01 7.835662154274648294e+00 0.000000000000000000e+00 1.791489233921661484e-01 -1.407395773626873847e-01 0.000000000000000000e+00 9.690000000000000568e+01
-7.611994920953764066e-01 7.821989675237045248e+00 0.000000000000000000e+00 1.741227290095737068e-01 -1.367247903760304695e-01 0.000000000000000000e+00 9.700000000000000000e+01
-7.453094177797475739e-01 7.809533086912433753e+00 0.000000000000000000e+00 1.589007431562883266e-01 -1.245658832461149501e-01 0.000000000000000000e+00 9.710000000000000853e+01
-7.294193434641188523e-01 7.797076498587822257e+00 0.000000000000000000e+00 1.589007431562872164e-01 -1.245658832461149501e-01 0.000000000000000000e+00 9.720000000000000284e+01
-7.135292691484900196e-01 7.784619910263209874e+00 0.000000000000000000e+00 1.589007431562883266e-01 -1.245658832461238319e-01 0.000000000000000000e+00 9.730000000000001137e+01
-6.976391948328612980e-01 7.772163321938598379e+00 0.000000000000000000e+00 1.589007431562872164e-01 -1.245658832461149501e-01 0.000000000000000000e+00 9.740000000000000568e+01
-6.818392360472148583e-01 7.759804096056831746e+00 0.000000000000000000e+00 1.579995878564643963e-01 -1.235922588176663339e-01 0.000000000000000000e+00 9.750000000000000000e+01
-6.661119852260778407e-01 7.747523425170417255e+00 0.000000000000000000e+00 1.572725082113701767e-01 -1.228067088641449089e-01 0.000000000000000000e+00 9.760000000000000853e+01
-6.503847344049407120e-01 7.735242754284002764e+00 0.000000000000000000e+00 1.572725082113712869e-01 -1.228067088641449089e-01 0.000000000000000000e+00 9.770000000000000284e+01
-6.346574835838036943e-01 7.722962083397589161e+00 0.000000000000000000e+00 1.572725082113701767e-01 -1.228067088641360272e-01 0.000000000000000000e+00 9.780000000000001137e+01
-6.189302327626666766e-01 7.710681412511174670e+00 0.000000000000000000e+00 1.572725082113701767e-01 -1.228067088641449089e-01 0.000000000000000000e+00 9.790000000000000568e+01
-6.020727979845773570e-01 7.697563346399430628e+00 0.000000000000000000e+00 1.685743477808931967e-01 -1.311806611174404225e-01 0.000000000000000000e+00 9.800000000000000000e+01
-5.850647115385314567e-01 7.684333656877480045e+00 0.000000000000000000e+00 1.700808644604590025e-01 -1.322968952195058279e-01 0.000000000000000000e+00 9.810000000000000853e+01
-5.680566250924854454e-01 7.671103967355530351e+00 0.000000000000000000e+00 1.700808644604601128e-01 -1.322968952194969461e-01 0.000000000000000000e+00 9.820000000000000284e+01
-5.510485386464395452e-01 7.657874277833580656e+00 0.000000000000000000e+00 1.700808644604590025e-01 -1.322968952194969461e-01 0.000000000000000000e+00 9.830000000000001137e+01
-5.340404522003936449e-01 7.644644588311630962e+00 0.000000000000000000e+00 1.700808644604590025e-01 -1.322968952194969461e-01 0.000000000000000000e+00 9.840000000000000568e+01
-5.182379079633387953e-01 7.632409462649738074e+00 0.000000000000000000e+00 1.580254423705484967e-01 -1.223512566189288719e-01 0.000000000000000000e+00 9.850000000000000000e+01
-5.026729021691832555e-01 7.620370304535824424e+00 0.000000000000000000e+00 1.556500579415553975e-01 -1.203915811391365054e-01 0.000000000000000000e+00 9.860000000000000853e+01
-4.871078963750276603e-01 7.608331146421910773e+00 0.000000000000000000e+00 1.556500579415559526e-01 -1.203915811391365054e-01 0.000000000000000000e+00 9.870000000000000284e+01
-4.715428905808721205e-01 7.596291988307997123e+00 0.000000000000000000e+00 1.556500579415553975e-01 -1.203915811391365054e-01 0.000000000000000000e+00 9.880000000000001137e+01
-4.561090295169980546e-01 7.584365772274383133e+00 0.000000000000000000e+00 1.543386106387406587e-01 -1.192621603361398996e-01 0.000000000000000000e+00 9.890000000000000568e+01
-4.411280341534744021e-01 7.572829565005771535e+00 0.000000000000000000e+00 1.498099536352365257e-01 -1.153620726861159795e-01 0.000000000000000000e+00 9.900000000000000000e+01
-4.261470387899507495e-01 7.561293357737160825e+00 0.000000000000000000e+00 1.498099536352365257e-01 -1.153620726861070978e-01 0.000000000000000000e+00 9.910000000000000853e+01
-4.111660434264270969e-01 7.549757150468550115e+00 0.000000000000000000e+00 1.498099536352365257e-01 -1.153620726861070978e-01 0.000000000000000000e+00 9.920000000000000284e+01
-3.961850480629034443e-01 7.538220943199939406e+00 0.000000000000000000e+00 1.498099536352365257e-01 -1.153620726861070978e-01 0.000000000000000000e+00 9.930000000000001137e+01
-3.808318032977492384e-01 7.526422356047022255e+00 0.000000000000000000e+00 1.535324476515420589e-01 -1.179858715291715043e-01 0.000000000000000000e+00 9.940000000000000568e+01
-3.653812605627128063e-01 7.514555188447854306e+00 0.000000000000000000e+00 1.545054273503643216e-01 -1.186716759916794928e-01 0.000000000000000000e+00 9.950000000000000000e+01
-3.499307178276763741e-01 7.502688020848685468e+00 0.000000000000000000e+00 1.545054273503643216e-01 -1.186716759916883746e-01 0.000000000000000000e+00 9.960000000000000853e+01
-3.344801750926398864e-01 7.490820853249516631e+00 0.000000000000000000e+00 1.545054273503648767e-01 -1.186716759916883746e-01 0.000000000000000000e+00 9.970000000000000284e+01
-3.185267495216949074e-01 7.478568014426776323e+00 0.000000000000000000e+00 1.595342557094497904e-01 -1.225283882274030844e-01 0.000000000000000000e+00 9.980000000000001137e+01
-3.010742967935136072e-01 7.465165540745540618e+00 0.000000000000000000e+00 1.745245272818130022e-01 -1.340247368123570482e-01 0.000000000000000000e+00 9.990000000000000568e+01
-2.836218440653323070e-01 7.451763067064304025e+00 0.000000000000000000e+00 1.745245272818130022e-01 -1.340247368123659299e-01 0.000000000000000000e+00 1.000000000000000000e+02
-2.661693913371510067e-01 7.438360593383068320e+00 0.000000000000000000e+00 1.745245272818130022e-01 -1.340247368123570482e-01 0.000000000000000000e+00 1.001000000000000085e+02
-2.487169386089697343e-01 7.424958119701832615e+00 0.000000000000000000e+00 1.745245272818127247e-01 -1.340247368123570482e-01 0.000000000000000000e+00 1.002000000000000028e+02
-2.313675114517237397e-01 7.411638209903698815e+00 0.000000000000000000e+00 1.734942715724599460e-01 -1.331990979813379994e-01 0.000000000000000000e+00 1.003000000000000114e+02
-2.158503765324079615e-01 7.399786684709198425e+00 0.000000000000000000e+00 1.551713491931577815e-01 -1.185152519450038966e-01 0.000000000000000000e+00 1.004000000000000057e+02
-2.003332416130921834e-01 7.387935159514698924e+00 0.000000000000000000e+00 1.551713491931577815e-01 -1.185152519449950148e-01 0.000000000000000000e+00 1.005000000000000000e+02
-1.848161066937764052e-01 7.376083634320198534e+00 0.000000000000000000e+00 1.551713491931577815e-01 -1.185152519450038966e-01 0.000000000000000000e+00 1.006000000000000085e+02
-1.692989717744606271e-01 7.364232109125698145e+00 0.000000000000000000e+00 1.551713491931577815e-01 -1.185152519450038966e-01 0.000000000000000000e+00 1.007000000000000028e+02
-1.540328065613197905e-01 7.352584130164633969e+00 0.000000000000000000e+00 1.526616521314083652e-01 -1.164797896106417596e-01 0.000000000000000000e+00 1.008000000000000114e+02
-1.390311254270039376e-01 7.341150658121033956e+00 0.000000000000000000e+00 1.500168113431585293e-01 -1.143347204360001257e-01 0.000000000000000000e+00 1.009000000000000057e+02
-1.240294442926881124e-01 7.329717186077434832e+00 0.000000000000000000e+00 1.500168113431582517e-01 -1.143347204359912439e-01 0.000000000000000000e+00 1.010000000000000000e+02
-1.090277631583722595e-01 7.318283714033834819e+00 0.000000000000000000e+00 1.500168113431585293e-01 -1.143347204360001257e-01 0.000000000000000000e+00 1.011000000000000085e+02
-9.399630268491172835e-02 7.306827357153706792e+00 0.000000000000000000e+00 1.503146047346053116e-01 -1.145635688012802689e-01 0.000000000000000000e+00 1.012000000000000028e+02
-7.852575950111057024e-02 7.295033573845150165e+00 0.000000000000000000e+00 1.547054318380115812e-01 -1.179378330855662682e-01 0.000000000000000000e+00 1.013000000000000114e+02
-6.305521631730939824e-02 7.283239790536594427e+00 0.000000000000000000e+00 1.547054318380117199e-01 -1.179378330855573864e-01 0.000000000000000000e+00 1.014000000000000057e+02
-4.758467313350824013e-02 7.271446007228037800e+00 0.000000000000000000e+00 1.547054318380115812e-01 -1.179378330855662682e-01 0.000000000000000000e+00 1.015000000000000000e+02
-3.211412994970708201e-02 7.259652223919482061e+00 0.000000000000000000e+00 1.547054318380115812e-01 -1.179378330855573864e-01 0.000000000000000000e+00 1.016000000000000085e+02
-1.638100229960626208e-02 7.247658980677741170e+00 0.000000000000000000e+00 1.573312765010081993e-01 -1.199324324174089185e-01 0.000000000000000000e+00 1.017000000000000028e+02
-3.861016091204552692e-04 7.235466893864328952e+00 0.000000000000000000e+00 1.599490069048580543e-01 -1.219208681341221734e-01 0.000000000000000000e+00 1.018000000000000114e+02
1.560879908136535502e-02 7.223274807050916735e+00 0.000000000000000000e+00 1.599490069048580820e-01 -1.219208681341221734e-01 0.000000000000000000e+00 1.019000000000000057e+02
3.160369977185116530e-02 7.211082720237504518e+00 0.000000000000000000e+00 1.599490069048580820e-01 -1.219208681341221734e-01 0.000000000000000000e+00 1.020000000000000000e+02
4.759860046233696518e-02 7.198890633424091412e+00 0.000000000000000000e+00 1.599490069048579988e-01 -1.219208681341310552e-01 0.000000000000000000e+00 1.021000000000000085e+02
6.311008370027390568e-02 7.187048664402224674e+00 0.000000000000000000e+00 1.551148323793694050e-01 -1.184196902186673839e-01 0.000000000000000000e+00 1.022000000000000028e+02
7.848770346999524306e-02 7.175303646745297748e+00 0.000000000000000000e+00 1.537761976972133737e-01 -1.174501765692692601e-01 0.000000000000000000e+00 1.023000000000000114e+02
9.386532323971658043e-02 7.163558629088369933e+00 0.000000000000000000e+00 1.537761976972133737e-01 -1.174501765692781419e-01 0.000000000000000000e+00 1.024000000000000057e+02
1.092429430094379039e-01 7.151813611431443007e+00 0.000000000000000000e+00 1.537761976972132349e-01 -1.174501765692692601e-01 0.000000000000000000e+00 1.025000000000000000e+02
1.254207808011989500e-01 7.139459796002221026e+00 0.000000000000000000e+00 1.617783779176104608e-01 -1.235381542922198150e-01 0.000000000000000000e+00 1.026000000000000085e+02
1.430312413248834014e-01 7.126016055697887097e+00 0.000000000000000000e+00 1.761046052368445136e-01 -1.344374030433392875e-01 0.000000000000000000e+00 1.027000000000000028e+02
1.606417018485678527e-01 7.112572315393553168e+00 0.000000000000000000e+00 1.761046052368445136e-01 -1.344374030433392875e-01 0.000000000000000000e+00 1.028000000000000114e+02
1.782521623722522763e-01 7.099128575089219240e+00 0.000000000000000000e+00 1.761046052368442361e-01 -1.344374030433392875e-01 0.000000000000000000e+00 1.029000000000000057e+02
1.958626228959366999e-01 7.085684834784885311e+00 0.000000000000000000e+00 1.761046052368442361e-01 -1.344374030433392875e-01 0.000000000000000000e+00 1.030000000000000000e+02
2.134253428817507181e-01 7.072278369924869246e+00 0.000000000000000000e+00 1.756271998581401816e-01 -1.340646486001606519e-01 0.000000000000000000e+00 1.031000000000000085e+02
2.290255269619821676e-01 7.060404237986389830e+00 0.000000000000000000e+00 1.560018408023144953e-01 -1.187413193847941528e-01 0.000000000000000000e+00 1.032000000000000028e+02
2.446257110422135894e-01 7.048530106047910415e+00 0.000000000000000000e+00 1.560018408023142178e-01 -1.187413193847941528e-01 0.000000000000000000e+00 1.033000000000000114e+02
2.602258951224450390e-01 7.036655974109431000e+00 0.000000000000000000e+00 1.560018408023144953e-01 -1.187413193847941528e-01 0.000000000000000000e+00 1.034000000000000057e+02
2.758260792026764885e-01 7.024781842170951585e+00 0.000000000000000000e+00 1.560018408023144953e-01 -1.187413193847941528e-01 0.000000000000000000e+00 1.035000000000000000e+02
2.922089812733033032e-01 7.012279130287607742e+00 0.000000000000000000e+00 1.638290207062681469e-01 -1.250271188334384220e-01 0.000000000000000000e+00 1.036000000000000085e+02
3.095668278089465653e-01 6.998993466503851124e+00 0.000000000000000000e+00 1.735784653564326208e-01 -1.328566378375661827e-01 0.000000000000000000e+00 1.037000000000000028e+02
3.269246743445898273e-01 6.985707802720095394e+00 0.000000000000000000e+00 1.735784653564326208e-01 -1.328566378375573009e-01 0.000000000000000000e+00 1.038000000000000114e+02
3.442825208802330894e-01 6.972422138936338776e+00 0.000000000000000000e+00 1.735784653564326208e-01 -1.328566378375661827e-01 0.000000000000000000e+00 1.039000000000000057e+02
3.616403674158763515e-01 6.959136475152582157e+00 0.000000000000000000e+00 1.735784653564326208e-01 -1.328566378375661827e-01 0.000000000000000000e+00 1.040000000000000000e+02
3.784008417516274703e-01 6.946332019807067049e+00 0.000000000000000000e+00 1.676047433575111878e-01 -1.280445534551510889e-01 0.000000000000000000e+00 1.041000000000000085e+02
3.938607268206919532e-01 6.934575243831178959e+00 0.000000000000000000e+00 1.545988506906448290e-01 -1.175677597588808965e-01 0.000000000000000000e+00 1.042000000000000028e+02
4.093206118897563806e-01 6.922818467855289981e+00 0.000000000000000000e+00 1.545988506906442739e-01 -1.175677597588897783e-01 0.000000000000000000e+00 1.043000000000000114e+02
4.247804969588208635e-01 6.911061691879401891e+00 0.000000000000000000e+00 1.545988506906448290e-01 -1.175677597588808965e-01 0.000000000000000000e+00 1.044000000000000057e+02
4.402403820278852908e-01 6.899304915903512914e+00 0.000000000000000000e+00 1.545988506906442739e-01 -1.175677597588897783e-01 0.000000000000000000e+00 1.045000000000000000e+02
4.559612116505949442e-01 6.887323207071860409e+00 0.000000000000000000e+00 1.572082962270965334e-01 -1.198170883165250444e-01 0.000000000000000000e+00 1.046000000000000085e+02
4.717643016607381279e-01 6.875270590211651545e+00 0.000000000000000000e+00 1.580309001014318371e-01 -1.205261686020886458e-01 0.000000000000000000e+00 1.047000000000000028e+02
4.875673916708813671e-01 6.863217973351442680e+00 0.000000000000000000e+00 1.580309001014323922e-01 -1.205261686020886458e-01 0.000000000000000000e+00 1.048000000000000114e+02
5.033704816810244953e-01 6.851165356491233815e+00 0.000000000000000000e+00 1.580309001014312820e-01 -1.205261686020886458e-01 0.000000000000000000e+00 1.049000000000000057e+02
5.192456531833411493e-01 6.839055248975540735e+00 0.000000000000000000e+00 1.587517150231665397e-01 -1.211010751569308042e-01 0.000000000000000000e+00 1.050000000000000000e+02
5.358048417002998498e-01 6.826399584128157727e+00 0.000000000000000000e+00 1.655918851695870053e-01 -1.265566484738300801e-01 0.000000000000000000e+00 1.051000000000000085e+02
5.523640302172586614e-01 6.813743919280774719e+00 0.000000000000000000e+00 1.655918851695881155e-01 -1.265566484738300801e-01 0.000000000000000000e+00 1.052000000000000028e+02
5.689232187342174729e-01 6.801088254433392599e+00 0.000000000000000000e+00 1.655918851695881155e-01 -1.265566484738211983e-01 0.000000000000000000e+00 1.053000000000000114e+02
5.854824072511761734e-01 6.788432589586009591e+00 0.000000000000000000e+00 1.655918851695870053e-01 -1.265566484738300801e-01 0.000000000000000000e+00 1.054000000000000057e+02
6.020904263981639026e-01 6.775729366427245992e+00 0.000000000000000000e+00 1.660801914698772919e-01 -1.270322315876359909e-01 0.000000000000000000e+00 1.055000000000000000e+02
6.188920948000145028e-01 6.762837539690030653e+00 0.000000000000000000e+00 1.680166840185060018e-01 -1.289182673721533945e-01 0.000000000000000000e+00 1.056000000000000085e+02
6.356937632018649920e-01 6.749945712952816201e+00 0.000000000000000000e+00 1.680166840185048915e-01 -1.289182673721445127e-01 0.000000000000000000e+00 1.057000000000000028e+02
6.524954316037155921e-01 6.737053886215601750e+00 0.000000000000000000e+00 1.680166840185060018e-01 -1.289182673721445127e-01 0.000000000000000000e+00 1.058000000000000114e+02
6.692971000055660813e-01 6.724162059478386411e+00 0.000000000000000000e+00 1.680166840185048915e-01 -1.289182673721533945e-01 0.000000000000000000e+00 1.059000000000000057e+02
6.868344523994325268e-01 6.710688013742283076e+00 0.000000000000000000e+00 1.753735239386644551e-01 -1.347404573610333500e-01 0.000000000000000000e+00 1.060000000000000000e+02
7.059864585914419344e-01 6.695936133870721285e+00 0.000000000000000000e+00 1.915200619200940757e-01 -1.475187987156179048e-01 0.000000000000000000e+00 1.061000000000000085e+02
7.251384647834512309e-01 6.681184253999160383e+00 0.000000000000000000e+00 1.915200619200929655e-01 -1.475187987156090230e-01 0.000000000000000000e+00 1.062000000000000028e+02
7.442904709754606385e-01 6.666432374127599481e+00 0.000000000000000000e+00 1.915200619200940757e-01 -1.475187987156090230e-01 0.000000000000000000e+00 1.063000000000000114e+02
7.634424771674700461e-01 6.651680494256037690e+00 0.000000000000000000e+00 1.915200619200940757e-01 -1.475187987156179048e-01 0.000000000000000000e+00 1.064000000000000057e+02
7.825944833594793426e-01 6.636928614384476788e+00 0.000000000000000000e+00 1.915200619200929655e-01 -1.475187987156090230e-01 0.000000000000000000e+00 1.065000000000000000e+02
8.006872412596502953e-01 6.623073067097736022e+00 0.000000000000000000e+00 1.809275790017095265e-01 -1.385554728674076586e-01 0.000000000000000000e+00 1.066000000000000085e+02
8.178833750163807537e-01 6.609976240351111976e+00 0.000000000000000000e+00 1.719613375673045841e-01 -1.309682674662404622e-01 0.000000000000000000e+00 1.067000000000000028e+02
8.350795087731112121e-01 6.596879413604487929e+00 0.000000000000000000e+00 1.719613375673045841e-01 -1.309682674662404622e-01 0.000000000000000000e+00 1.068000000000000114e+02
8.522756425298416705e-01 6.583782586857864771e+00 0.000000000000000000e+00 1.719613375673045841e-01 -1.309682674662315804e-01 0.000000000000000000e+00 1.069000000000000057e+02
8.694717762865722399e-01 6.570685760111240725e+00 0.000000000000000000e+00 1.719613375673056943e-01 -1.309682674662404622e-01 0.000000000000000000e+00 1.070000000000000000e+02
8.858062578220137206e-01 6.558138782761126606e+00 0.000000000000000000e+00 1.633448153544148074e-01 -1.254697735011411908e-01 0.000000000000000000e+00 1.071000000000000085e+02
9.011242296244015293e-01 6.546240474618212346e+00 0.000000000000000000e+00 1.531797180238780864e-01 -1.189830814291426009e-01 0.000000000000000000e+00 1.072000000000000028e+02
9.164422014267893379e-01 6.534342166475297198e+00 0.000000000000000000e+00 1.531797180238780864e-01 -1.189830814291514827e-01 0.000000000000000000e+00 1.073000000000000114e+02
9.317601732291770356e-01 6.522443858332382938e+00 0.000000000000000000e+00 1.531797180238769762e-01 -1.189830814291426009e-01 0.000000000000000000e+00 1.074000000000000057e+02
9.470781450315648442e-01 6.510545550189468678e+00 0.000000000000000000e+00 1.531797180238780864e-01 -1.189830814291426009e-01 0.000000000000000000e+00 1.075000000000000000e+02
9.604226467990417682e-01 6.496486536729664252e+00 0.000000000000000000e+00 1.334450176747692396e-01 -1.405901345980442585e-01 0.000000000000000000e+00 1.076000000000000085e+02
9.735083614088835269e-01 6.482144183377410052e+00 0.000000000000000000e+00 1.308571460984175872e-01 -1.434235335225420016e-01 0.000000000000000000e+00 1.077000000000000028e+02
9.865940760187253966e-01 6.467801830025155851e+00 0.000000000000000000e+00 1.308571460984186974e-01 -1.434235335225420016e-01 0.000000000000000000e+00 1.078000000000000114e+02
9.996797906285671553e-01 6.453459476672901651e+00 0.000000000000000000e+00 1.308571460984175872e-01 -1.434235335225420016e-01 0.000000000000000000e+00 1.079000000000000057e+02
1.012683273572025477e+00 6.439047074265081605e+00 0.000000000000000000e+00 1.300348294345832212e-01 -1.441240240782004634e-01 0.000000000000000000e+00 1.080000000000000000e+02
1.025535628162484780e+00 6.424505933150358672e+00 0.000000000000000000e+00 1.285235459045930284e-01 -1.454114111472293303e-01 0.000000000000000000e+00 1.081000000000000085e+02
1.038387982752943861e+00 6.409964792035634851e+00 0.000000000000000000e+00 1.285235459045908080e-01 -1.454114111472382120e-01 0.000000000000000000e+00 1.082000000000000028e+02
1.051240337343402942e+00 6.395423650920911918e+00 0.000000000000000000e+00 1.285235459045908080e-01 -1.454114111472293303e-01 0.000000000000000000e+00 1.083000000000000114e+02
1.064092691933862245e+00 6.380882509806188096e+00 0.000000000000000000e+00 1.285235459045930284e-01 -1.454114111472382120e-01 0.000000000000000000e+00 1.084000000000000057e+02
1.076935622133232018e+00 6.366320396625091860e+00 0.000000000000000000e+00 1.284293019936977309e-01 -1.456211318109623676e-01 0.000000000000000000e+00 1.085000000000000000e+02
1.089776442674749601e+00 6.351753588829342156e+00 0.000000000000000000e+00 1.284082054151758356e-01 -1.456680779574970330e-01 0.000000000000000000e+00 1.086000000000000085e+02
1.102617263216267185e+00 6.337186781033592453e+00 0.000000000000000000e+00 1.284082054151758356e-01 -1.456680779574970330e-01 0.000000000000000000e+00 1.087000000000000028e+02
1.115458083757784991e+00 6.322619973237842750e+00 0.000000000000000000e+00 1.284082054151780561e-01 -1.456680779574970330e-01 0.000000000000000000e+00 1.088000000000000114e+02
1.128408367574613047e+00 6.307911463274161079e+00 0.000000000000000000e+00 1.295028381682805652e-01 -1.470850996368167074e-01 0.000000000000000000e+00 1.089000000000000057e+02
1.141647295629775627e+00 6.292829298180785180e+00 0.000000000000000000e+00 1.323892805516257987e-01 -1.508216509337589883e-01 0.000000000000000000e+00 1.090000000000000000e+02
1.154886223684938207e+00 6.277747133087408393e+00 0.000000000000000000e+00 1.323892805516257987e-01 -1.508216509337678701e-01 0.000000000000000000e+00 1.091000000000000085e+02
1.168125151740100787e+00 6.262664967994032494e+00 0.000000000000000000e+00 1.323892805516257987e-01 -1.508216509337589883e-01 0.000000000000000000e+00 1.092000000000000028e+02
1.181364079795263589e+00 6.247582802900656596e+00 0.000000000000000000e+00 1.323892805516280191e-01 -1.508216509337589883e-01 0.000000000000000000e+00 1.093000000000000114e+02
1.194494340280473077e+00 6.232589939721232319e+00 0.000000000000000000e+00 1.313026048520948841e-01 -1.499286317942427615e-01 0.000000000000000000e+00 1.094000000000000057e+02
1.207545247211503137e+00 6.217662288492994627e+00 0.000000000000000000e+00 1.305090693103005961e-01 -1.492765122823769275e-01 0.000000000000000000e+00 1.095000000000000000e+02
1.220596154142532974e+00 6.202734637264756046e+00 0.000000000000000000e+00 1.305090693102983757e-01 -1.492765122823858093e-01 0.000000000000000000e+00 1.096000000000000085e+02
1.233647061073563034e+00 6.187806986036517465e+00 0.000000000000000000e+00 1.305090693103005961e-01 -1.492765122823858093e-01 0.000000000000000000e+00 1.097000000000000028e+02
1.246697968004593093e+00 6.172879334808278884e+00 0.000000000000000000e+00 1.305090693103005961e-01 -1.492765122823858093e-01 0.000000000000000000e+00 1.098000000000000114e+02
1.259234295575998974e+00 6.158514765186516193e+00 0.000000000000000000e+00 1.253632757140588083e-01 -1.436456962176269059e-01 0.000000000000000000e+00 1.099000000000000057e+02
1.271734982513518908e+00 6.144189195546017501e+00 0.000000000000000000e+00 1.250068693751993365e-01 -1.432556964049869208e-01 0.000000000000000000e+00 1.100000000000000000e+02
1.284235669451038842e+00 6.129863625905519697e+00 0.000000000000000000e+00 1.250068693751993365e-01 -1.432556964049780390e-01 0.000000000000000000e+00 1.101000000000000085e+02
1.296736356388558775e+00 6.115538056265021005e+00 0.000000000000000000e+00 1.250068693751993365e-01 -1.432556964049869208e-01 0.000000000000000000e+00 1.102000000000000028e+02
1.308926969743245072e+00 6.101559182937175585e+00 0.000000000000000000e+00 1.219061335468629714e-01 -1.397887332784542025e-01 0.000000000000000000e+00 1.103000000000000114e+02
1.320784567000094833e+00 6.087952658172916642e+00 0.000000000000000000e+00 1.185759725684976118e-01 -1.360652476425894264e-01 0.000000000000000000e+00 1.104000000000000057e+02
1.332642164256944817e+00 6.074346133408656812e+00 0.000000000000000000e+00 1.185759725684998322e-01 -1.360652476425983082e-01 0.000000000000000000e+00 1.105000000000000000e+02
1.344499761513794578e+00 6.060739608644397869e+00 0.000000000000000000e+00 1.185759725684976118e-01 -1.360652476425894264e-01 0.000000000000000000e+00 1.106000000000000085e+02
1.356433430351719149e+00 6.047026893092148470e+00 0.000000000000000000e+00 1.193366883792457145e-01 -1.371271555224939931e-01 0.000000000000000000e+00 1.107000000000000028e+02
1.368589613813873562e+00 6.033003562156959987e+00 0.000000000000000000e+00 1.215618346215441292e-01 -1.402333093518848273e-01 0.000000000000000000e+00 1.108000000000000114e+02
1.380745797276028197e+00 6.018980231221770616e+00 0.000000000000000000e+00 1.215618346215463497e-01 -1.402333093518937090e-01 0.000000000000000000e+00 1.109000000000000057e+02
1.392901980738182610e+00 6.004956900286582133e+00 0.000000000000000000e+00 1.215618346215441292e-01 -1.402333093518848273e-01 0.000000000000000000e+00 1.110000000000000000e+02
1.405058164200337245e+00 5.990933569351393650e+00 0.000000000000000000e+00 1.215618346215463497e-01 -1.402333093518848273e-01 0.000000000000000000e+00 1.111000000000000085e+02
1.417167781500123791e+00 5.976929843302697165e+00 0.000000000000000000e+00 1.210961729978654589e-01 -1.400372604869648541e-01 0.000000000000000000e+00 1.112000000000000028e+02
1.429272612716037338e+00 5.962928132250003621e+00 0.000000000000000000e+00 1.210483121591354738e-01 -1.400171105269354399e-01 0.000000000000000000e+00 1.113000000000000114e+02
1.441377443931950886e+00 5.948926421197310965e+00 0.000000000000000000e+00 1.210483121591354738e-01 -1.400171105269265581e-01 0.000000000000000000e+00 1.114000000000000057e+02
1.453482275147864433e+00 5.934924710144618309e+00 0.000000000000000000e+00 1.210483121591354738e-01 -1.400171105269265581e-01 0.000000000000000000e+00 1.115000000000000000e+02
1.465641296945814576e+00 5.920819293568981401e+00 0.000000000000000000e+00 1.215902179795014248e-01 -1.410541657563690876e-01 0.000000000000000000e+00 1.116000000000000085e+02
1.477841089621741322e+00 5.906635853007210279e+00 0.000000000000000000e+00 1.219979267592674610e-01 -1.418344056177112122e-01 0.000000000000000000e+00 1.117000000000000028e+02
1.490040882297668068e+00 5.892452412445438270e+00 0.000000000000000000e+00 1.219979267592674610e-01 -1.418344056177200940e-01 0.000000000000000000e+00 1.118000000000000114e+02
1.502240674973595036e+00 5.878268971883667149e+00 0.000000000000000000e+00 1.219979267592696814e-01 -1.418344056177112122e-01 0.000000000000000000e+00 1.119000000000000057e+02
1.514433988995243618e+00 5.864083815900841046e+00 0.000000000000000000e+00 1.219331402164858247e-01 -1.418515598282610313e-01 0.000000000000000000e+00 1.120000000000000000e+02
1.526599153763144701e+00 5.849891206545684064e+00 0.000000000000000000e+00 1.216516476790108214e-01 -1.419260935515698208e-01 0.000000000000000000e+00 1.121000000000000085e+02
1.538764318531045783e+00 5.835698597190527082e+00 0.000000000000000000e+00 1.216516476790108214e-01 -1.419260935515698208e-01 0.000000000000000000e+00 1.122000000000000028e+02
1.550929483298946865e+00 5.821505987835370100e+00 0.000000000000000000e+00 1.216516476790108214e-01 -1.419260935515698208e-01 0.000000000000000000e+00 1.123000000000000114e+02
1.563094648066847947e+00 5.807313378480214006e+00 0.000000000000000000e+00 1.216516476790108214e-01 -1.419260935515609390e-01 0.000000000000000000e+00 1.124000000000000057e+02
1.575308413867890556e+00 5.793018530025411117e+00 0.000000000000000000e+00 1.221376580104260867e-01 -1.429484845480288868e-01 0.000000000000000000e+00 1.125000000000000000e+02
1.587533798715663913e+00 5.778699239273814570e+00 0.000000000000000000e+00 1.222538484777335732e-01 -1.431929075159654730e-01 0.000000000000000000e+00 1.126000000000000085e+02
1.599759183563437492e+00 5.764379948522218911e+00 0.000000000000000000e+00 1.222538484777357937e-01 -1.431929075159565912e-01 0.000000000000000000e+00 1.127000000000000028e+02
1.611984568411210850e+00 5.750060657770623251e+00 0.000000000000000000e+00 1.222538484777335732e-01 -1.431929075159565912e-01 0.000000000000000000e+00 1.128000000000000114e+02
1.624207251816566222e+00 5.735732710544817259e+00 0.000000000000000000e+00 1.222268340535537234e-01 -1.432794722580599256e-01 0.000000000000000000e+00 1.129000000000000057e+02
1.636425798770100748e+00 5.721391508515476509e+00 0.000000000000000000e+00 1.221854695353452591e-01 -1.434120202934074939e-01 0.000000000000000000e+00 1.130000000000000000e+02
1.648644345723635496e+00 5.707050306486136648e+00 0.000000000000000000e+00 1.221854695353474796e-01 -1.434120202933986121e-01 0.000000000000000000e+00 1.131000000000000085e+02
1.660862892677170022e+00 5.692709104456796787e+00 0.000000000000000000e+00 1.221854695353452591e-01 -1.434120202933986121e-01 0.000000000000000000e+00 1.132000000000000028e+02
1.673081439630704548e+00 5.678367902427456926e+00 0.000000000000000000e+00 1.221854695353452591e-01 -1.434120202933986121e-01 0.000000000000000000e+00 1.133000000000000114e+02
1.685266634640187666e+00 5.664033247615488875e+00 0.000000000000000000e+00 1.218519500948311851e-01 -1.433465481196805058e-01 0.000000000000000000e+00 1.134000000000000057e+02
1.697451178678010431e+00 5.649698720593762324e+00 0.000000000000000000e+00 1.218454403782276430e-01 -1.433452702172655080e-01 0.000000000000000000e+00 1.135000000000000000e+02
1.709635722715833195e+00 5.635364193572034885e+00 0.000000000000000000e+00 1.218454403782276430e-01 -1.433452702172743898e-01 0.000000000000000000e+00 1.136000000000000085e+02
1.721820266753655959e+00 5.621029666550308335e+00 0.000000000000000000e+00 1.218454403782276430e-01 -1.433452702172655080e-01 0.000000000000000000e+00 1.137000000000000028e+02
1.734013926573543918e+00 5.606663229148017180e+00 0.000000000000000000e+00 1.219365981988795866e-01 -1.436643740229115451e-01 0.000000000000000000e+00 1.138000000000000114e+02
1.746214374399793101e+00 5.592273029893509495e+00 0.000000000000000000e+00 1.220044782624918334e-01 -1.439019925450768511e-01 0.000000000000000000e+00 1.139000000000000057e+02
1.758414822226042284e+00 5.577882830639002698e+00 0.000000000000000000e+00 1.220044782624918334e-01 -1.439019925450679693e-01 0.000000000000000000e+00 1.140000000000000000e+02
1.770615270052291690e+00 5.563492631384495013e+00 0.000000000000000000e+00 1.220044782624940538e-01 -1.439019925450768511e-01 0.000000000000000000e+00 1.141000000000000085e+02
1.782804475517189458e+00 5.549113674976346111e+00 0.000000000000000000e+00 1.218920546489776768e-01 -1.437895640814890186e-01 0.000000000000000000e+00 1.142000000000000028e+02
1.794931435093543248e+00 5.534796967142090907e+00 0.000000000000000000e+00 1.212695957635379074e-01 -1.431670783425520455e-01 0.000000000000000000e+00 1.143000000000000114e+02
1.807058394669897261e+00 5.520480259307835702e+00 0.000000000000000000e+00 1.212695957635401278e-01 -1.431670783425520455e-01 0.000000000000000000e+00 1.144000000000000057e+02
1.819185354246251274e+00 5.506163551473580497e+00 0.000000000000000000e+00 1.212695957635401278e-01 -1.431670783425520455e-01 0.000000000000000000e+00 1.145000000000000000e+02
1.831312313822605287e+00 5.491846843639325293e+00 0.000000000000000000e+00 1.212695957635401278e-01 -1.431670783425520455e-01 0.000000000000000000e+00 1.146000000000000085e+02
1.843463964113809084e+00 5.477479806958486463e+00 0.000000000000000000e+00 1.215165029120379714e-01 -1.436703668083882945e-01 0.000000000000000000e+00 1.147000000000000028e+02
1.855623525076299796e+00 5.463096645391674500e+00 0.000000000000000000e+00 1.215956096249071194e-01 -1.438316156681196389e-01 0.000000000000000000e+00 1.148000000000000114e+02
1.867783086038790286e+00 5.448713483824861648e+00 0.000000000000000000e+00 1.215956096249048990e-01 -1.438316156681285207e-01 0.000000000000000000e+00 1.149000000000000057e+02
1.879942647001280998e+00 5.434330322258049684e+00 0.000000000000000000e+00 1.215956096249071194e-01 -1.438316156681196389e-01 0.000000000000000000e+00 1.150000000000000000e+02
1.892064472879711134e+00 5.419995189313878470e+00 0.000000000000000000e+00 1.212182587843013692e-01 -1.433513294417121386e-01 0.000000000000000000e+00 1.151000000000000085e+02
1.904114461652475665e+00 5.405751489510128849e+00 0.000000000000000000e+00 1.204998877276453051e-01 -1.424369980374962097e-01 0.000000000000000000e+00 1.152000000000000028e+02
1.916164450425240418e+00 5.391507789706378340e+00 0.000000000000000000e+00 1.204998877276475255e-01 -1.424369980375050915e-01 0.000000000000000000e+00 1.153000000000000114e+02
1.928214439198004948e+00 5.377264089902628719e+00 0.000000000000000000e+00 1.204998877276453051e-01 -1.424369980374962097e-01 0.000000000000000000e+00 1.154000000000000057e+02
1.940264427970769479e+00 5.363020390098878210e+00 0.000000000000000000e+00 1.204998877276453051e-01 -1.424369980375050915e-01 0.000000000000000000e+00 1.155000000000000000e+02
1.952361132472313576e+00 5.348704304822075706e+00 0.000000000000000000e+00 1.209670450154409771e-01 -1.431608527680250376e-01 0.000000000000000000e+00 1.156000000000000085e+02
1.964459113201229679e+00 5.334386242045948912e+00 0.000000000000000000e+00 1.209798072891610232e-01 -1.431806277612679423e-01 0.000000000000000000e+00 1.157000000000000028e+02
1.976557093930145781e+00 5.320068179269823005e+00 0.000000000000000000e+00 1.209798072891610232e-01 -1.431806277612590605e-01 0.000000000000000000e+00 1.158000000000000114e+02
1.988655074659061661e+00 5.305750116493696211e+00 0.000000000000000000e+00 1.209798072891588028e-01 -1.431806277612679423e-01 0.000000000000000000e+00 1.159000000000000057e+02
2.000667514882756848e+00 5.291553933796891762e+00 0.000000000000000000e+00 1.201244022369518660e-01 -1.419618269680444911e-01 0.000000000000000000e+00 1.160000000000000000e+02
2.012618240239133716e+00 5.277445683862520553e+00 0.000000000000000000e+00 1.195072535637686784e-01 -1.410824993437120867e-01 0.000000000000000000e+00 1.161000000000000085e+02
2.024568965595510139e+00 5.263337433928150233e+00 0.000000000000000000e+00 1.195072535637642375e-01 -1.410824993437032049e-01 0.000000000000000000e+00 1.162000000000000028e+02
2.036519690951886563e+00 5.249229183993779024e+00 0.000000000000000000e+00 1.195072535637642375e-01 -1.410824993437120867e-01 0.000000000000000000e+00 1.163000000000000114e+02
2.048486117347514845e+00 5.235100396533865386e+00 0.000000000000000000e+00 1.196642639562828236e-01 -1.412878745991363871e-01 0.000000000000000000e+00 1.164000000000000057e+02
2.060499914106096675e+00 5.220909646930964598e+00 0.000000000000000000e+00 1.201379675858182949e-01 -1.419074960290078735e-01 0.000000000000000000e+00 1.165000000000000000e+02
2.072513710864678504e+00 5.206718897328063811e+00 0.000000000000000000e+00 1.201379675858182949e-01 -1.419074960290078735e-01 0.000000000000000000e+00 1.166000000000000085e+02
2.084527507623260778e+00 5.192528147725163024e+00 0.000000000000000000e+00 1.201379675858227358e-01 -1.419074960290078735e-01 0.000000000000000000e+00 1.167000000000000028e+02
2.096541304381842608e+00 5.178337398122262236e+00 0.000000000000000000e+00 1.201379675858182949e-01 -1.419074960290078735e-01 0.000000000000000000e+00 1.168000000000000114e+02
2.108384275461707702e+00 5.164404628794729391e+00 0.000000000000000000e+00 1.184297107986509445e-01 -1.393276932753284569e-01 0.000000000000000000e+00 1.169000000000000057e+02
2.120206372351486124e+00 5.150503383587850870e+00 0.000000000000000000e+00 1.182209688977842177e-01 -1.390124520687852083e-01 0.000000000000000000e+00 1.170000000000000000e+02
2.132028469241264101e+00 5.136602138380972349e+00 0.000000000000000000e+00 1.182209688977797768e-01 -1.390124520687852083e-01 0.000000000000000000e+00 1.171000000000000085e+02
2.143850566131042523e+00 5.122700893174094716e+00 0.000000000000000000e+00 1.182209688977842177e-01 -1.390124520687763265e-01 0.000000000000000000e+00 1.172000000000000028e+02
2.155720183549559188e+00 5.108743504418860049e+00 0.000000000000000000e+00 1.186961741851666474e-01 -1.395738875523466760e-01 0.000000000000000000e+00 1.173000000000000114e+02
2.167619514131265301e+00 5.094751010784562162e+00 0.000000000000000000e+00 1.189933058170611346e-01 -1.399249363429788673e-01 0.000000000000000000e+00 1.174000000000000057e+02
2.179518844712971859e+00 5.080758517150264275e+00 0.000000000000000000e+00 1.189933058170655755e-01 -1.399249363429788673e-01 0.000000000000000000e+00 1.175000000000000000e+02
2.191418175294678417e+00 5.066766023515967277e+00 0.000000000000000000e+00 1.189933058170655755e-01 -1.399249363429699855e-01 0.000000000000000000e+00 1.176000000000000085e+02
2.203240790388446335e+00 5.052892135368299620e+00 0.000000000000000000e+00 1.182261509376791864e-01 -1.387388814766765677e-01 0.000000000000000000e+00 1.177000000000000028e+02
2.214891948862426574e+00 5.039283326624702575e+00 0.000000000000000000e+00 1.165115847398023874e-01 -1.360880874359704507e-01 0.000000000000000000e+00 1.178000000000000114e+02
2.226543107336407257e+00 5.025674517881105530e+00 0.000000000000000000e+00 1.165115847398068283e-01 -1.360880874359704507e-01 0.000000000000000000e+00 1.179000000000000057e+02
2.238194265810387495e+00 5.012065709137508485e+00 0.000000000000000000e+00 1.165115847398023874e-01 -1.360880874359704507e-01 0.000000000000000000e+00 1.180000000000000000e+02
2.249855375882590991e+00 4.998445766450042349e+00 0.000000000000000000e+00 1.166111007220349549e-01 -1.361994268746613557e-01 0.000000000000000000e+00 1.181000000000000085e+02
2.261596012233869413e+00 4.984736848996151437e+00 0.000000000000000000e+00 1.174063635127842176e-01 -1.370891745389091199e-01 0.000000000000000000e+00 1.182000000000000028e+02
2.273336648585147834e+00 4.971027931542260525e+00 0.000000000000000000e+00 1.174063635127842176e-01 -1.370891745389091199e-01 0.000000000000000000e+00 1.183000000000000114e+02
2.285077284936426700e+00 4.957319014088369613e+00 0.000000000000000000e+00 1.174063635127886585e-01 -1.370891745389091199e-01 0.000000000000000000e+00 1.184000000000000057e+02
2.296817921287705122e+00 4.943610096634479589e+00 0.000000000000000000e+00 1.174063635127842176e-01 -1.370891745389002381e-01 0.000000000000000000e+00 1.185000000000000000e+02
2.308273870903708058e+00 4.930340078610696786e+00 0.000000000000000000e+00 1.145594961600293615e-01 -1.327001802378280360e-01 0.000000000000000000e+00 1.186000000000000085e+02
2.319690554754598733e+00 4.917130596326008352e+00 0.000000000000000000e+00 1.141668385089067428e-01 -1.320948228468843411e-01 0.000000000000000000e+00 1.187000000000000028e+02
2.331107238605489851e+00 4.903921114041320806e+00 0.000000000000000000e+00 1.141668385089111837e-01 -1.320948228468754593e-01 0.000000000000000000e+00 1.188000000000000114e+02
2.342523922456380969e+00 4.890711631756632372e+00 0.000000000000000000e+00 1.141668385089111837e-01 -1.320948228468843411e-01 0.000000000000000000e+00 1.189000000000000057e+02
2.354275021689132164e+00 4.876868342715161120e+00 0.000000000000000000e+00 1.175109923275119428e-01 -1.384328904147125172e-01 0.000000000000000000e+00 1.190000000000000000e+02
2.366115908612935304e+00 4.862854881940115170e+00 0.000000000000000000e+00 1.184088692380314001e-01 -1.401346077504594945e-01 0.000000000000000000e+00 1.191000000000000085e+02
2.377956795536737999e+00 4.848841421165069221e+00 0.000000000000000000e+00 1.184088692380269592e-01 -1.401346077504594945e-01 0.000000000000000000e+00 1.192000000000000028e+02
2.389797682460541139e+00 4.834827960390024160e+00 0.000000000000000000e+00 1.184088692380314001e-01 -1.401346077504506127e-01 0.000000000000000000e+00 1.193000000000000114e+02
2.402736168407008766e+00 4.819331128190737168e+00 0.000000000000000000e+00 1.293848594646762606e-01 -1.549683219928699174e-01 0.000000000000000000e+00 1.194000000000000057e+02
2.416628128072538129e+00 4.802545705495819384e+00 0.000000000000000000e+00 1.389195966552936312e-01 -1.678542269491778427e-01 0.000000000000000000e+00 1.195000000000000000e+02
2.430520087738067048e+00 4.785760282800901599e+00 0.000000000000000000e+00 1.389195966552891903e-01 -1.678542269491778427e-01 0.000000000000000000e+00 1.196000000000000085e+02
2.444412047403595967e+00 4.768974860105983815e+00 0.000000000000000000e+00 1.389195966552891903e-01 -1.678542269491778427e-01 0.000000000000000000e+00 1.197000000000000028e+02
2.458304007069125330e+00 4.752189437411066031e+00 0.000000000000000000e+00 1.389195966552936312e-01 -1.678542269491778427e-01 0.000000000000000000e+00 1.198000000000000114e+02
2.471891531423869637e+00 4.735887307889954378e+00 0.000000000000000000e+00 1.358752435474430698e-01 -1.630212952111165237e-01 0.000000000000000000e+00 1.199000000000000057e+02
2.484733712088014190e+00 4.720768416662972200e+00 0.000000000000000000e+00 1.284218066414455350e-01 -1.511889122698217847e-01 0.000000000000000000e+00 1.200000000000000000e+02
2.497575892752159188e+00 4.705649525435990022e+00 0.000000000000000000e+00 1.284218066414499759e-01 -1.511889122698217847e-01 0.000000000000000000e+00 1.201000000000000085e+02
2.510418073416304185e+00 4.690530634209007843e+00 0.000000000000000000e+00 1.284218066414499759e-01 -1.511889122698217847e-01 0.000000000000000000e+00 1.202000000000000028e+02
2.523260254080449183e+00 4.675411742982026553e+00 0.000000000000000000e+00 1.284218066414499759e-01 -1.511889122698129029e-01 0.000000000000000000e+00 1.203000000000000114e+02
2.535659663197698865e+00 4.660926689309686566e+00 0.000000000000000000e+00 1.239940911724968231e-01 -1.448505367233998697e-01 0.000000000000000000e+00 1.204000000000000057e+02
2.547772310897927550e+00 4.646852141137543413e+00 0.000000000000000000e+00 1.211264770022868476e-01 -1.407454817214315312e-01 0.000000000000000000e+00 1.205000000000000000e+02
2.559884958598155791e+00 4.632777592965399371e+00 0.000000000000000000e+00 1.211264770022824067e-01 -1.407454817214404130e-01 0.000000000000000000e+00 1.206000000000000085e+02
2.571997606298384476e+00 4.618703044793256218e+00 0.000000000000000000e+00 1.211264770022868476e-01 -1.407454817214315312e-01 0.000000000000000000e+00 1.207000000000000028e+02
2.583576000081191815e+00 4.604173335718077631e+00 0.000000000000000000e+00 1.157839378280733911e-01 -1.452970907517858734e-01 0.000000000000000000e+00 1.208000000000000114e+02
2.593201490559757794e+00 4.587979838690180223e+00 0.000000000000000000e+00 9.625490478565978947e-02 -1.619349702789740775e-01 0.000000000000000000e+00 1.209000000000000057e+02
2.602826981038323773e+00 4.571786341662282815e+00 0.000000000000000000e+00 9.625490478565978947e-02 -1.619349702789740775e-01 0.000000000000000000e+00 1.210000000000000000e+02
2.612452471516890196e+00 4.555592844634385408e+00 0.000000000000000000e+00 9.625490478566423036e-02 -1.619349702789740775e-01 0.000000000000000000e+00 1.211000000000000085e+02
2.622077961995456175e+00 4.539399347606488888e+00 0.000000000000000000e+00 9.625490478565978947e-02 -1.619349702789651957e-01 0.000000000000000000e+00 1.212000000000000028e+02
2.626946961675619363e+00 4.520880964829111726e+00 0.000000000000000000e+00 4.868999680163188515e-02 -1.851838277737716254e-01 0.000000000000000000e+00 1.213000000000000114e+02
2.628205657320665356e+00 4.500597931438860222e+00 0.000000000000000000e+00 1.258695645045992961e-02 -2.028303339025150365e-01 0.000000000000000000e+00 1.214000000000000057e+02
2.629464352965711349e+00 4.480314898048608718e+00 0.000000000000000000e+00 1.258695645045992961e-02 -2.028303339025150365e-01 0.000000000000000000e+00 1.215000000000000000e+02
2.630723048610757342e+00 4.460031864658357215e+00 0.000000000000000000e+00 1.258695645045992961e-02 -2.028303339025150365e-01 0.000000000000000000e+00 1.216000000000000085e+02
2.631981744255802891e+00 4.439748831268105711e+00 0.000000000000000000e+00 1.258695645045548872e-02 -2.028303339025150365e-01 0.000000000000000000e+00 1.217000000000000028e+02
2.631179287791892474e+00 4.418387959989633629e+00 0.000000000000000000e+00 -8.024564639104170283e-03 -2.136087127847208222e-01 0.000000000000000000e+00 1.218000000000000114e+02
2.629390039166642712e+00 4.396511065670131835e+00 0.000000000000000000e+00 -1.789248625249761915e-02 -2.187689431950179397e-01 0.000000000000000000e+00 1.219000000000000057e+02
2.627600790541393394e+00 4.374634171350629153e+00 0.000000000000000000e+00 -1.789248625249317826e-02 -2.187689431950268215e-01 0.000000000000000000e+00 1.220000000000000000e+02
2.625811541916144076e+00 4.352757277031127359e+00 0.000000000000000000e+00 -1.789248625249317826e-02 -2.187689431950179397e-01 0.000000000000000000e+00 1.221000000000000085e+02
2.624022293290894758e+00 4.330880382711624677e+00 0.000000000000000000e+00 -1.789248625249317826e-02 -2.187689431950268215e-01 0.000000000000000000e+00 1.222000000000000028e+02
2.622386382844476671e+00 4.307407217877035954e+00 0.000000000000000000e+00 -1.635910446418087361e-02 -2.347316483458872227e-01 0.000000000000000000e+00 1.223000000000000114e+02
2.620868858273186053e+00 4.282701640584508418e+00 0.000000000000000000e+00 -1.517524571290618240e-02 -2.470557729252753631e-01 0.000000000000000000e+00 1.224000000000000057e+02
2.619351333701895435e+00 4.257996063291981770e+00 0.000000000000000000e+00 -1.517524571290618240e-02 -2.470557729252664814e-01 0.000000000000000000e+00 1.225000000000000000e+02
2.617833809130604816e+00 4.233290485999455122e+00 0.000000000000000000e+00 -1.517524571290618240e-02 -2.470557729252664814e-01 0.000000000000000000e+00 1.226000000000000085e+02
2.616316284559314198e+00 4.208584908706928474e+00 0.000000000000000000e+00 -1.517524571290618240e-02 -2.470557729252664814e-01 0.000000000000000000e+00 1.227000000000000028e+02
2.614798759988024024e+00 4.183879331414400937e+00 0.000000000000000000e+00 -1.517524571290174151e-02 -2.470557729252753631e-01 0.000000000000000000e+00 1.228000000000000114e+02
2.613188095560484925e+00 4.160763446184405190e+00 0.000000000000000000e+00 -1.610664427539099108e-02 -2.311588522999574735e-01 0.000000000000000000e+00 1.229000000000000057e+02
2.611546287799829003e+00 4.138179109009671564e+00 0.000000000000000000e+00 -1.641807760655922266e-02 -2.258433717473362634e-01 0.000000000000000000e+00 1.230000000000000000e+02
2.609904480039173080e+00 4.115594771834937937e+00 0.000000000000000000e+00 -1.641807760655922266e-02 -2.258433717473362634e-01 0.000000000000000000e+00 1.231000000000000085e+02
2.608262672278517158e+00 4.093010434660204311e+00 0.000000000000000000e+00 -1.641807760655922266e-02 -2.258433717473362634e-01 0.000000000000000000e+00 1.232000000000000028e+02
2.606620864517861236e+00 4.070426097485469796e+00 0.000000000000000000e+00 -1.641807760655922266e-02 -2.258433717473451452e-01 0.000000000000000000e+00 1.233000000000000114e+02
2.604555510155305065e+00 4.046361024922338956e+00 0.000000000000000000e+00 -2.065354362556170997e-02 -2.406507256313084042e-01 0.000000000000000000e+00 1.234000000000000057e+02
2.602095474909501327e+00 4.020916132645561802e+00 0.000000000000000000e+00 -2.460035245803737780e-02 -2.544489227677715348e-01 0.000000000000000000e+00 1.235000000000000000e+02
2.599635439663697145e+00 3.995471240368784649e+00 0.000000000000000000e+00 -2.460035245804181869e-02 -2.544489227677715348e-01 0.000000000000000000e+00 1.236000000000000085e+02
2.597175404417893407e+00 3.970026348092007495e+00 0.000000000000000000e+00 -2.460035245803737780e-02 -2.544489227677715348e-01 0.000000000000000000e+00 1.237000000000000028e+02
2.594715369172089225e+00 3.944581455815230342e+00 0.000000000000000000e+00 -2.460035245804181869e-02 -2.544489227677715348e-01 0.000000000000000000e+00 1.238000000000000114e+02
2.592255333926285488e+00 3.919136563538453188e+00 0.000000000000000000e+00 -2.460035245803737780e-02 -2.544489227677715348e-01 0.000000000000000000e+00 1.239000000000000057e+02
2.589720160417633199e+00 3.894911953941015081e+00 0.000000000000000000e+00 -2.535173508652288632e-02 -2.422460959743810704e-01 0.000000000000000000e+00 1.240000000000000000e+02
2.587095594952775635e+00 3.872139114077047584e+00 0.000000000000000000e+00 -2.624565464857564479e-02 -2.277283986396749782e-01 0.000000000000000000e+00 1.241000000000000085e+02
2.584471029487918514e+00 3.849366274213080086e+00 0.000000000000000000e+00 -2.624565464857120389e-02 -2.277283986396749782e-01 0.000000000000000000e+00 1.242000000000000028e+02
2.581846464023060950e+00 3.826593434349113032e+00 0.000000000000000000e+00 -2.624565464857564479e-02 -2.277283986396705373e-01 0.000000000000000000e+00 1.243000000000000114e+02
2.579221898558203829e+00 3.803820594485145534e+00 0.000000000000000000e+00 -2.624565464857120389e-02 -2.277283986396749782e-01 0.000000000000000000e+00 1.244000000000000057e+02
2.576628267100732561e+00 3.780939329832154083e+00 0.000000000000000000e+00 -2.593631457471268220e-02 -2.288126465299145096e-01 0.000000000000000000e+00 1.245000000000000000e+02
2.574397227374973784e+00 3.756787168346357841e+00 0.000000000000000000e+00 -2.231039725758776626e-02 -2.415216148579624189e-01 0.000000000000000000e+00 1.246000000000000085e+02
2.572166187649215008e+00 3.732635006860561155e+00 0.000000000000000000e+00 -2.231039725758776626e-02 -2.415216148579668598e-01 0.000000000000000000e+00 1.247000000000000028e+02
2.569935147923456675e+00 3.708482845374764914e+00 0.000000000000000000e+00 -2.231039725758332537e-02 -2.415216148579624189e-01 0.000000000000000000e+00 1.248000000000000114e+02
2.567704108197697899e+00 3.684330683888968228e+00 0.000000000000000000e+00 -2.231039725758776626e-02 -2.415216148579668598e-01 0.000000000000000000e+00 1.249000000000000057e+02
2.565473068471939122e+00 3.660178522403171986e+00 0.000000000000000000e+00 -2.231039725758776626e-02 -2.415216148579624189e-01 0.000000000000000000e+00 1.250000000000000000e+02
2.563217625667527866e+00 3.634442779633240139e+00 0.000000000000000000e+00 -2.255442804411256219e-02 -2.573574276993184640e-01 0.000000000000000000e+00 1.251000000000000085e+02
2.560934889687660920e+00 3.606935909439125343e+00 0.000000000000000000e+00 -2.282735979866945542e-02 -2.750687019411479639e-01 0.000000000000000000e+00 1.252000000000000028e+02
2.558652153707793975e+00 3.579429039245010546e+00 0.000000000000000000e+00 -2.282735979866945542e-02 -2.750687019411479639e-01 0.000000000000000000e+00 1.253000000000000114e+02
2.556369417727927029e+00 3.551922169050895306e+00 0.000000000000000000e+00 -2.282735979866945542e-02 -2.750687019411524048e-01 0.000000000000000000e+00 1.254000000000000057e+02
2.554086681748059640e+00 3.524415298856780510e+00 0.000000000000000000e+00 -2.282735979867389631e-02 -2.750687019411479639e-01 0.000000000000000000e+00 1.255000000000000000e+02
2.551803945768192694e+00 3.496908428662665713e+00 0.000000000000000000e+00 -2.282735979866945542e-02 -2.750687019411479639e-01 0.000000000000000000e+00 1.256000000000000085e+02
2.549521209788325748e+00 3.469401558468550917e+00 0.000000000000000000e+00 -2.282735979866945542e-02 -2.750687019411479639e-01 0.000000000000000000e+00 1.257000000000000028e+02
2.547656829980922133e+00 3.442813531560828366e+00 0.000000000000000000e+00 -1.864379807403615530e-02 -2.658802690772255062e-01 0.000000000000000000e+00 1.258000000000000114e+02
2.545820067055627245e+00 3.416286160114615722e+00 0.000000000000000000e+00 -1.836762925294888049e-02 -2.652737144621264420e-01 0.000000000000000000e+00 1.259000000000000057e+02
2.543983304130331913e+00 3.389758788668403078e+00 0.000000000000000000e+00 -1.836762925295332138e-02 -2.652737144621264420e-01 0.000000000000000000e+00 1.260000000000000000e+02
2.542146541205037025e+00 3.363231417222190434e+00 0.000000000000000000e+00 -1.836762925294888049e-02 -2.652737144621264420e-01 0.000000000000000000e+00 1.261000000000000085e+02
2.540309778279741693e+00 3.336704045775977789e+00 0.000000000000000000e+00 -1.836762925295332138e-02 -2.652737144621264420e-01 0.000000000000000000e+00 1.262000000000000028e+02
2.538473015354446360e+00 3.310176674329765589e+00 0.000000000000000000e+00 -1.836762925295332138e-02 -2.652737144621220011e-01 0.000000000000000000e+00 1.263000000000000114e+02
2.536769525344853449e+00 3.285549845909356392e+00 0.000000000000000000e+00 -1.703490009592911747e-02 -2.462682842040919695e-01 0.000000000000000000e+00 1.264000000000000057e+02
2.535142510468193944e+00 3.262013593768285702e+00 0.000000000000000000e+00 -1.627014876659504949e-02 -2.353625214107069041e-01 0.000000000000000000e+00 1.265000000000000000e+02
2.533515495591533995e+00 3.238477341627215456e+00 0.000000000000000000e+00 -1.627014876659949039e-02 -2.353625214107024632e-01 0.000000000000000000e+00 1.266000000000000085e+02
2.531888480714874046e+00 3.214941089486144765e+00 0.000000000000000000e+00 -1.627014876659949039e-02 -2.353625214107069041e-01 0.000000000000000000e+00 1.267000000000000028e+02
2.530261465838214541e+00 3.191404837345074519e+00 0.000000000000000000e+00 -1.627014876659504949e-02 -2.353625214107024632e-01 0.000000000000000000e+00 1.268000000000000114e+02
2.528629874137218181e+00 3.167904625596940971e+00 0.000000000000000000e+00 -1.631591700996359862e-02 -2.350021174813354818e-01 0.000000000000000000e+00 1.269000000000000057e+02
2.526972722329357879e+00 3.144605687969727281e+00 0.000000000000000000e+00 -1.657151807860302029e-02 -2.329893762721368944e-01 0.000000000000000000e+00 1.270000000000000000e+02
2.525315570521497577e+00 3.121306750342513148e+00 0.000000000000000000e+00 -1.657151807860302029e-02 -2.329893762721413353e-01 0.000000000000000000e+00 1.271000000000000085e+02
2.523658418713637275e+00 3.098007812715299458e+00 0.000000000000000000e+00 -1.657151807860302029e-02 -2.329893762721368944e-01 0.000000000000000000e+00 1.272000000000000028e+02
2.522001266905776973e+00 3.074708875088085325e+00 0.000000000000000000e+00 -1.657151807860302029e-02 -2.329893762721413353e-01 0.000000000000000000e+00 1.273000000000000114e+02
2.520344115097916671e+00 3.051409937460871635e+00 0.000000000000000000e+00 -1.657151807860302029e-02 -2.329893762721368944e-01 0.000000000000000000e+00 1.274000000000000057e+02
2.520659059390007339e+00 3.025986025637703580e+00 0.000000000000000000e+00 3.149442920906686538e-03 -2.542391182316805498e-01 0.000000000000000000e+00 1.275000000000000000e+02
2.521897354569142990e+00 2.999567184201911818e+00 0.000000000000000000e+00 1.238295179135651125e-02 -2.641884143579176225e-01 0.000000000000000000e+00 1.276000000000000085e+02
2.523135649748278642e+00 2.973148342766120056e+00 0.000000000000000000e+00 1.238295179135651125e-02 -2.641884143579176225e-01 0.000000000000000000e+00 1.277000000000000028e+02
2.524373944927414293e+00 2.946729501330328738e+00 0.000000000000000000e+00 1.238295179135651125e-02 -2.641884143579131816e-01 0.000000000000000000e+00 1.278000000000000114e+02
2.525612240106549944e+00 2.920310659894536975e+00 0.000000000000000000e+00 1.238295179135651125e-02 -2.641884143579176225e-01 0.000000000000000000e+00 1.279000000000000057e+02
2.526850535285685595e+00 2.893891818458745213e+00 0.000000000000000000e+00 1.238295179135651125e-02 -2.641884143579176225e-01 0.000000000000000000e+00 1.280000000000000000e+02
2.529916533778141741e+00 2.868103941217584829e+00 0.000000000000000000e+00 3.065998492456145641e-02 -2.578787724116038405e-01 0.000000000000000000e+00 1.280999999999999943e+02
2.547959263402123753e+00 2.847486367618053738e+00 0.000000000000000000e+00 1.804272962398201230e-01 -2.061757359953109159e-01 0.000000000000000000e+00 1.282000000000000171e+02
2.566001993026105765e+00 2.826868794018523090e+00 0.000000000000000000e+00 1.804272962398201230e-01 -2.061757359953064750e-01 0.000000000000000000e+00 1.283000000000000114e+02
2.584044722650087778e+00 2.806251220418991998e+00 0.000000000000000000e+00 1.804272962398201230e-01 -2.061757359953109159e-01 0.000000000000000000e+00 1.284000000000000057e+02
2.602087452274070234e+00 2.785633646819461351e+00 0.000000000000000000e+00 1.804272962398245639e-01 -2.061757359953064750e-01 0.000000000000000000e+00 1.285000000000000000e+02
2.620130181898052246e+00 2.765016073219930259e+00 0.000000000000000000e+00 1.804272962398201230e-01 -2.061757359953109159e-01 0.000000000000000000e+00 1.285999999999999943e+02
2.638172911522034259e+00 2.744398499620399612e+00 0.000000000000000000e+00 1.804272962398201230e-01 -2.061757359953064750e-01 0.000000000000000000e+00 1.287000000000000171e+02
2.656281847603315871e+00 2.725623464518995842e+00 0.000000000000000000e+00 1.810893608128161247e-01 -1.877503510140376974e-01 0.000000000000000000e+00 1.288000000000000114e+02
2.674412552339236360e+00 2.707454255282021105e+00 0.000000000000000000e+00 1.813070473592048870e-01 -1.816920923697473711e-01 0.000000000000000000e+00 1.289000000000000057e+02
2.692543257075156848e+00 2.689285046045045924e+00 0.000000000000000000e+00 1.813070473592048870e-01 -1.816920923697518120e-01 0.000000000000000000e+00 1.290000000000000000e+02
2.710673961811077337e+00 2.671115836808070743e+00 0.000000000000000000e+00 1.813070473592048870e-01 -1.816920923697518120e-01 0.000000000000000000e+00 1.290999999999999943e+02
2.728804666546997826e+00 2.652946627571096005e+00 0.000000000000000000e+00 1.813070473592048870e-01 -1.816920923697473711e-01 0.000000000000000000e+00 1.292000000000000171e+02
2.746935371282918315e+00 2.634777418334120824e+00 0.000000000000000000e+00 1.813070473592048870e-01 -1.816920923697518120e-01 0.000000000000000000e+00 1.293000000000000114e+02
2.763623861621896438e+00 2.617936586796983711e+00 0.000000000000000000e+00 1.668849033897812362e-01 -1.684083153713711312e-01 0.000000000000000000e+00 1.294000000000000057e+02
2.779155356741422889e+00 2.602161426668754718e+00 0.000000000000000000e+00 1.553149511952645057e-01 -1.577516012822899327e-01 0.000000000000000000e+00 1.295000000000000000e+02
2.794686851860949783e+00 2.586386266540525725e+00 0.000000000000000000e+00 1.553149511952689465e-01 -1.577516012822899327e-01 0.000000000000000000e+00 1.295999999999999943e+02
2.810218346980476234e+00 2.570611106412296731e+00 0.000000000000000000e+00 1.553149511952645057e-01 -1.577516012822899327e-01 0.000000000000000000e+00 1.297000000000000171e+02
2.825749842100003129e+00 2.554835946284067738e+00 0.000000000000000000e+00 1.553149511952689465e-01 -1.577516012822899327e-01 0.000000000000000000e+00 1.298000000000000114e+02
2.840921062561595711e+00 2.539462815579923038e+00 0.000000000000000000e+00 1.517122046159258275e-01 -1.537313070414469962e-01 0.000000000000000000e+00 1.299000000000000057e+02
2.855866965458035089e+00 2.524341116079610092e+00 0.000000000000000000e+00 1.494590289643937808e-01 -1.512169950031294618e-01 0.000000000000000000e+00 1.300000000000000000e+02
2.870812868354474912e+00 2.509219416579297590e+00 0.000000000000000000e+00 1.494590289643982217e-01 -1.512169950031250210e-01 0.000000000000000000e+00 1.300999999999999943e+02
2.885758771250914290e+00 2.494097717078984644e+00 0.000000000000000000e+00 1.494590289643937808e-01 -1.512169950031294618e-01 0.000000000000000000e+00 1.302000000000000171e+02
2.900704674147353668e+00 2.478976017578672142e+00 0.000000000000000000e+00 1.494590289643937808e-01 -1.512169950031250210e-01 0.000000000000000000e+00 1.303000000000000114e+02
2.917541746324187280e+00 2.461734657608556809e+00 0.000000000000000000e+00 1.683707217683361179e-01 -1.724135997011533306e-01 0.000000000000000000e+00 1.304000000000000057e+02
2.934690948054915705e+00 2.444143456572541950e+00 0.000000000000000000e+00 1.714920173072842502e-01 -1.759120103601485852e-01 0.000000000000000000e+00 1.305000000000000000e+02
2.951840149785644130e+00 2.426552255536527536e+00 0.000000000000000000e+00 1.714920173072842502e-01 -1.759120103601441443e-01 0.000000000000000000e+00 1.305999999999999943e+02
2.968989351516372555e+00 2.408961054500513121e+00 0.000000000000000000e+00 1.714920173072842502e-01 -1.759120103601441443e-01 0.000000000000000000e+00 1.307000000000000171e+02
2.986138553247101424e+00 2.391369853464498707e+00 0.000000000000000000e+00 1.714920173072886911e-01 -1.759120103601441443e-01 0.000000000000000000e+00 1.308000000000000114e+02
3.003801230205488615e+00 2.373187492492354611e+00 0.000000000000000000e+00 1.766267695838719121e-01 -1.818236097214409597e-01 0.000000000000000000e+00 1.309000000000000057e+02
3.024521435427136584e+00 2.351485023605627500e+00 0.000000000000000000e+00 2.072020522164796930e-01 -2.170246888672711094e-01 0.000000000000000000e+00 1.310000000000000000e+02
3.045241640648784998e+00 2.329782554718900389e+00 0.000000000000000000e+00 2.072020522164841339e-01 -2.170246888672711094e-01 0.000000000000000000e+00 1.310999999999999943e+02
3.065961845870433411e+00 2.308080085832173278e+00 0.000000000000000000e+00 2.072020522164841339e-01 -2.170246888672711094e-01 0.000000000000000000e+00 1.312000000000000171e+02
3.086682051092081380e+00 2.286377616945446167e+00 0.000000000000000000e+00 2.072020522164796930e-01 -2.170246888672711094e-01 0.000000000000000000e+00 1.313000000000000114e+02
3.107402256313729794e+00 2.264675148058719056e+00 0.000000000000000000e+00 2.072020522164841339e-01 -2.170246888672711094e-01 0.000000000000000000e+00 1.314000000000000057e+02
3.128122461535378207e+00 2.242972679171991945e+00 0.000000000000000000e+00 2.072020522164841339e-01 -2.170246888672711094e-01 0.000000000000000000e+00 1.315000000000000000e+02
3.148842666757026176e+00 2.221270210285264834e+00 0.000000000000000000e+00 2.072020522164796930e-01 -2.170246888672711094e-01 0.000000000000000000e+00 1.315999999999999943e+02
3.168610340089620170e+00 2.201062233997238327e+00 0.000000000000000000e+00 1.976767333259399351e-01 -2.020797628802650792e-01 0.000000000000000000e+00 1.317000000000000171e+02
3.185727271338952171e+00 2.185013188732963574e+00 0.000000000000000000e+00 1.711693124933200139e-01 -1.604904526427475275e-01 0.000000000000000000e+00 1.318000000000000114e+02
3.202844202588283729e+00 2.168964143468688377e+00 0.000000000000000000e+00 1.711693124933155730e-01 -1.604904526427519684e-01 0.000000000000000000e+00 1.319000000000000057e+02
3.219961133837615286e+00 2.152915098204413624e+00 0.000000000000000000e+00 1.711693124933155730e-01 -1.604904526427475275e-01 0.000000000000000000e+00 1.320000000000000000e+02
3.237078065086947287e+00 2.136866052940138871e+00 0.000000000000000000e+00 1.711693124933200139e-01 -1.604904526427475275e-01 0.000000000000000000e+00 1.320999999999999943e+02
3.254194996336278844e+00 2.120817007675863675e+00 0.000000000000000000e+00 1.711693124933155730e-01 -1.604904526427519684e-01 0.000000000000000000e+00 1.322000000000000171e+02
3.268635541170117786e+00 2.105804747812654476e+00 0.000000000000000000e+00 1.444054483383894194e-01 -1.501225986320919858e-01 0.000000000000000000e+00 1.323000000000000114e+02
3.282347905388121934e+00 2.091074572415076549e+00 0.000000000000000000e+00 1.371236421800414718e-01 -1.473017539757792704e-01 0.000000000000000000e+00 1.324000000000000057e+02
3.296060269606126081e+00 2.076344397017498622e+00 0.000000000000000000e+00 1.371236421800414718e-01 -1.473017539757792704e-01 0.000000000000000000e+00 1.325000000000000000e+02
3.309772633824129784e+00 2.061614221619920251e+00 0.000000000000000000e+00 1.371236421800370309e-01 -1.473017539757837113e-01 0.000000000000000000e+00 1.325999999999999943e+02
3.322425630934716878e+00 2.045354723706291900e+00 0.000000000000000000e+00 1.265299711058709420e-01 -1.625949791362835128e-01 0.000000000000000000e+00 1.327000000000000171e+02
3.333593617971840839e+00 2.026951436990833244e+00 0.000000000000000000e+00 1.116798703712396090e-01 -1.840328671545865546e-01 0.000000000000000000e+00 1.328000000000000114e+02
3.344761605008964356e+00 2.008548150275374589e+00 0.000000000000000000e+00 1.116798703712351681e-01 -1.840328671545865546e-01 0.000000000000000000e+00 1.329000000000000057e+02
3.355929592046088317e+00 1.990144863559915933e+00 0.000000000000000000e+00 1.116798703712396090e-01 -1.840328671545865546e-01 0.000000000000000000e+00 1.330000000000000000e+02
3.367097579083212278e+00 1.971741576844457278e+00 0.000000000000000000e+00 1.116798703712396090e-01 -1.840328671545865546e-01 0.000000000000000000e+00 1.330999999999999943e+02
3.371249108374769765e+00 1.947631383951074158e+00 0.000000000000000000e+00 4.151529291557487511e-02 -2.411019289338311999e-01 0.000000000000000000e+00 1.332000000000000171e+02
3.371706528915523471e+00 1.920516550708334158e+00 0.000000000000000000e+00 4.574205407537057511e-03 -2.711483324273999962e-01 0.000000000000000000e+00 1.333000000000000114e+02
3.372163949456277621e+00 1.893401717465594158e+00 0.000000000000000000e+00 4.574205407541498403e-03 -2.711483324273999962e-01 0.000000000000000000e+00 1.334000000000000057e+02
3.372621369997031326e+00 1.866286884222854159e+00 0.000000000000000000e+00 4.574205407537057511e-03 -2.711483324273999962e-01 0.000000000000000000e+00 1.335000000000000000e+02
3.373078790537785476e+00 1.839172050980114159e+00 0.000000000000000000e+00 4.574205407541498403e-03 -2.711483324273999962e-01 0.000000000000000000e+00 1.335999999999999943e+02
3.373536211078539182e+00 1.812057217737374160e+00 0.000000000000000000e+00 4.574205407537057511e-03 -2.711483324273999962e-01 0.000000000000000000e+00 1.337000000000000171e+02
3.373993631619292888e+00 1.784942384494634160e+00 0.000000000000000000e+00 4.574205407537057511e-03 -2.711483324273999962e-01 0.000000000000000000e+00 1.338000000000000114e+02
3.372758650769248412e+00 1.757941873350355344e+00 0.000000000000000000e+00 -1.234980850044475886e-02 -2.700051114427881593e-01 0.000000000000000000e+00 1.339000000000000057e+02
3.370657166859604370e+00 1.730999894684621232e+00 0.000000000000000000e+00 -2.101483909644041859e-02 -2.694197866573411204e-01 0.000000000000000000e+00 1.340000000000000000e+02
3.368555682949960772e+00 1.704057916018887342e+00 0.000000000000000000e+00 -2.101483909643597769e-02 -2.694197866573389000e-01 0.000000000000000000e+00 1.340999999999999943e+02
3.366454199040316730e+00 1.677115937353153452e+00 0.000000000000000000e+00 -2.101483909644041859e-02 -2.694197866573389000e-01 0.000000000000000000e+00 1.342000000000000171e+02
3.364352715130672689e+00 1.650173958687419340e+00 0.000000000000000000e+00 -2.101483909644041859e-02 -2.694197866573411204e-01 0.000000000000000000e+00 1.343000000000000114e+02
3.362251231221028647e+00 1.623231980021685450e+00 0.000000000000000000e+00 -2.101483909644041859e-02 -2.694197866573389000e-01 0.000000000000000000e+00 1.344000000000000057e+02
3.359941400561581748e+00 1.595973768611618659e+00 0.000000000000000000e+00 -2.309830659446898693e-02 -2.725821141006679049e-01 0.000000000000000000e+00 1.345000000000000000e+02
3.357376567307357007e+00 1.568328509309349306e+00 0.000000000000000000e+00 -2.564833254224740955e-02 -2.764525930226935380e-01 0.000000000000000000e+00 1.345999999999999943e+02
3.354811734053132710e+00 1.540683250007079730e+00 0.000000000000000000e+00 -2.564833254224296866e-02 -2.764525930226957584e-01 0.000000000000000000e+00 1.347000000000000171e+02
3.352246900798907969e+00 1.513037990704810376e+00 0.000000000000000000e+00 -2.564833254224740955e-02 -2.764525930226935380e-01 0.000000000000000000e+00 1.348000000000000114e+02
3.349682067544683228e+00 1.485392731402540800e+00 0.000000000000000000e+00 -2.564833254224740955e-02 -2.764525930226957584e-01 0.000000000000000000e+00 1.349000000000000057e+02
3.347117234290458487e+00 1.457747472100271446e+00 0.000000000000000000e+00 -2.564833254224740955e-02 -2.764525930226935380e-01 0.000000000000000000e+00 1.350000000000000000e+02
3.344552401036233746e+00 1.430102212798001871e+00 0.000000000000000000e+00 -2.564833254224740955e-02 -2.764525930226957584e-01 0.000000000000000000e+00 1.350999999999999943e+02
3.341363905864599193e+00 1.405564297475379698e+00 0.000000000000000000e+00 -3.188495171634553316e-02 -2.453791532262217245e-01 0.000000000000000000e+00 1.352000000000000171e+02
3.337903813708496870e+00 1.382379591689874232e+00 0.000000000000000000e+00 -3.460092156102323457e-02 -2.318470578550546612e-01 0.000000000000000000e+00 1.353000000000000114e+02
3.334443721552394546e+00 1.359194885904368988e+00 0.000000000000000000e+00 -3.460092156102323457e-02 -2.318470578550524408e-01 0.000000000000000000e+00 1.354000000000000057e+02
3.330983629396292223e+00 1.336010180118863522e+00 0.000000000000000000e+00 -3.460092156102323457e-02 -2.318470578550546612e-01 0.000000000000000000e+00 1.355000000000000000e+02
3.327523537240189899e+00 1.312825474333358278e+00 0.000000000000000000e+00 -3.460092156102323457e-02 -2.318470578550524408e-01 0.000000000000000000e+00 1.355999999999999943e+02
3.324311271531802614e+00 1.288538317885908668e+00 0.000000000000000000e+00 -3.212265708387285201e-02 -2.428715644744960933e-01 0.000000000000000000e+00 1.357000000000000171e+02
3.321470212408190736e+00 1.262599856870781911e+00 0.000000000000000000e+00 -2.841059123611877624e-02 -2.593846101512675695e-01 0.000000000000000000e+00 1.358000000000000114e+02
3.318629153284578859e+00 1.236661395855655154e+00 0.000000000000000000e+00 -2.841059123611877624e-02 -2.593846101512675695e-01 0.000000000000000000e+00 1.359000000000000057e+02
3.315788094160966537e+00 1.210722934840528620e+00 0.000000000000000000e+00 -2.841059123612321713e-02 -2.593846101512653490e-01 0.000000000000000000e+00 1.360000000000000000e+02
3.312947035037354659e+00 1.184784473825401863e+00 0.000000000000000000e+00 -2.841059123611877624e-02 -2.593846101512675695e-01 0.000000000000000000e+00 1.360999999999999943e+02
3.309713884940507000e+00 1.156821968892714825e+00 0.000000000000000000e+00 -3.233150096847658972e-02 -2.796250493268703785e-01 0.000000000000000000e+00 1.362000000000000171e+02
3.304721564186547944e+00 1.119778309555746310e+00 0.000000000000000000e+00 -4.992320753959056390e-02 -3.704365933696851521e-01 0.000000000000000000e+00 1.363000000000000114e+02
3.299729243432589332e+00 1.082734650218778016e+00 0.000000000000000000e+00 -4.992320753958612300e-02 -3.704365933696829316e-01 0.000000000000000000e+00 1.364000000000000057e+02
3.294736922678630275e+00 1.045690990881809501e+00 0.000000000000000000e+00 -4.992320753959056390e-02 -3.704365933696851521e-01 0.000000000000000000e+00 1.365000000000000000e+02
3.289744601924671219e+00 1.008647331544841208e+00 0.000000000000000000e+00 -4.992320753959056390e-02 -3.704365933696829316e-01 0.000000000000000000e+00 1.365999999999999943e+02
3.284752281170712607e+00 9.716036722078728038e-01 0.000000000000000000e+00 -4.992320753958612300e-02 -3.704365933696840418e-01 0.000000000000000000e+00 1.367000000000000171e+02
3.279759960416753550e+00 9.345600128709043997e-01 0.000000000000000000e+00 -4.992320753959056390e-02 -3.704365933696840418e-01 0.000000000000000000e+00 1.368000000000000114e+02
3.274767639662794494e+00 8.975163535339361065e-01 0.000000000000000000e+00 -4.992320753959056390e-02 -3.704365933696829316e-01 0.000000000000000000e+00 1.369000000000000057e+02
3.269775318908835882e+00 8.604726941969675913e-01 0.000000000000000000e+00 -4.992320753958612300e-02 -3.704365933696851521e-01 0.000000000000000000e+00 1.370000000000000000e+02
3.264782998154876825e+00 8.234290348599992981e-01 0.000000000000000000e+00 -4.992320753959056390e-02 -3.704365933696829316e-01 0.000000000000000000e+00 1.370999999999999943e+02
3.259790677400918213e+00 7.863853755230307829e-01 0.000000000000000000e+00 -4.992320753958612300e-02 -3.704365933696851521e-01 0.000000000000000000e+00 1.372000000000000171e+02
3.254719425988118697e+00 7.570921258008690424e-01 0.000000000000000000e+00 -5.071251412799515634e-02 -2.929324972216174050e-01 0.000000000000000000e+00 1.373000000000000114e+02
3.249643526037465424e+00 7.282553282736576872e-01 0.000000000000000000e+00 -5.075899950653273152e-02 -2.883679752721135525e-01 0.000000000000000000e+00 1.374000000000000057e+02
3.244567626086812595e+00 6.994185307464462209e-01 0.000000000000000000e+00 -5.075899950652829062e-02 -2.883679752721146627e-01 0.000000000000000000e+00 1.375000000000000000e+02
3.239491726136159322e+00 6.705817332192348657e-01 0.000000000000000000e+00 -5.075899950653273152e-02 -2.883679752721135525e-01 0.000000000000000000e+00 1.375999999999999943e+02
3.234415826185506493e+00 6.417449356920235104e-01 0.000000000000000000e+00 -5.075899950652829062e-02 -2.883679752721135525e-01 0.000000000000000000e+00 1.377000000000000171e+02
3.229339926234853220e+00 6.129081381648120441e-01 0.000000000000000000e+00 -5.075899950653273152e-02 -2.883679752721146627e-01 0.000000000000000000e+00 1.378000000000000114e+02
3.224645525517195743e+00 5.839176252779119114e-01 0.000000000000000000e+00 -4.694400717657476463e-02 -2.899051288690013273e-01 0.000000000000000000e+00 1.379000000000000057e+02
3.220320289599299723e+00 5.547783668757612086e-01 0.000000000000000000e+00 -4.325235917896019799e-02 -2.913925840215070284e-01 0.000000000000000000e+00 1.380000000000000000e+02
3.215995053681403260e+00 5.256391084736105057e-01 0.000000000000000000e+00 -4.325235917896463889e-02 -2.913925840215070284e-01 0.000000000000000000e+00 1.380999999999999943e+02
3.211669817763506796e+00 4.964998500714596918e-01 0.000000000000000000e+00 -4.325235917896463889e-02 -2.913925840215081386e-01 0.000000000000000000e+00 1.382000000000000171e+02
3.207344581845610776e+00 4.673605916693089890e-01 0.000000000000000000e+00 -4.325235917896019799e-02 -2.913925840215070284e-01 0.000000000000000000e+00 1.383000000000000114e+02
3.203019345927714312e+00 4.382213332671582307e-01 0.000000000000000000e+00 -4.325235917896463889e-02 -2.913925840215075835e-01 0.000000000000000000e+00 1.384000000000000057e+02
3.198694110009817848e+00 4.090820748650074723e-01 0.000000000000000000e+00 -4.325235917896463889e-02 -2.913925840215075835e-01 0.000000000000000000e+00 1.385000000000000000e+02
3.194582811388336996e+00 3.815515294322939233e-01 0.000000000000000000e+00 -4.111298621480852233e-02 -2.753054543271354904e-01 0.000000000000000000e+00 1.385999999999999943e+02
3.190820142453267394e+00 3.566425236163587309e-01 0.000000000000000000e+00 -3.762668935069601872e-02 -2.490900581593519236e-01 0.000000000000000000e+00 1.387000000000000171e+02
3.187057473518197348e+00 3.317335178004234830e-01 0.000000000000000000e+00 -3.762668935070045961e-02 -2.490900581593524787e-01 0.000000000000000000e+00 1.388000000000000114e+02
3.183294804583127302e+00 3.068245119844882352e-01 0.000000000000000000e+00 -3.762668935070045961e-02 -2.490900581593524787e-01 0.000000000000000000e+00 1.389000000000000057e+02
3.179532135648057256e+00 2.819155061685530428e-01 0.000000000000000000e+00 -3.762668935070045961e-02 -2.490900581593519236e-01 0.000000000000000000e+00 1.390000000000000000e+02
3.175769466712987210e+00 2.570065003526178504e-01 0.000000000000000000e+00 -3.762668935070045961e-02 -2.490900581593519236e-01 0.000000000000000000e+00 1.390999999999999943e+02
3.171878687247723594e+00 2.319714902534983914e-01 0.000000000000000000e+00 -3.890779465263616288e-02 -2.503501009911945907e-01 0.000000000000000000e+00 1.392000000000000171e+02
3.167928843584959520e+00 2.068783870229511102e-01 0.000000000000000000e+00 -3.949843662764074281e-02 -2.509310323054728120e-01 0.000000000000000000e+00 1.393000000000000114e+02
3.163978999922195445e+00 1.817852837924038567e-01 0.000000000000000000e+00 -3.949843662764074281e-02 -2.509310323054725345e-01 0.000000000000000000e+00 1.394000000000000057e+02
3.160029156259431371e+00 1.566921805618565755e-01 0.000000000000000000e+00 -3.949843662764074281e-02 -2.509310323054728120e-01 0.000000000000000000e+00 1.395000000000000000e+02
3.156079312596667297e+00 1.315990773313093221e-01 0.000000000000000000e+00 -3.949843662764074281e-02 -2.509310323054725345e-01 0.000000000000000000e+00 1.395999999999999943e+02
3.152129468933903667e+00 1.065059741007620409e-01 0.000000000000000000e+00 -3.949843662763630192e-02 -2.509310323054728120e-01 0.000000000000000000e+00 1.397000000000000171e+02
3.148316343403287032e+00 8.291391640720423284e-02 0.000000000000000000e+00 -3.813125530616634506e-02 -2.359205769355780802e-01 0.000000000000000000e+00 1.398000000000000114e+02
3.144556906668589225e+00 5.991131474434194942e-02 0.000000000000000000e+00 -3.759436734697807481e-02 -2.300260166286228203e-01 0.000000000000000000e+00 1.399000000000000057e+02
3.140797469933891417e+00 3.690871308147965213e-02 0.000000000000000000e+00 -3.759436734697807481e-02 -2.300260166286229591e-01 0.000000000000000000e+00 1.400000000000000000e+02
3.137038033199193610e+00 1.390611141861737565e-02 0.000000000000000000e+00 -3.759436734697807481e-02 -2.300260166286227648e-01 0.000000000000000000e+00 1.400999999999999943e+02
3.133278596464495802e+00 -9.096490244244928580e-03 0.000000000000000000e+00 -3.759436734697807481e-02 -2.300260166286230423e-01 0.000000000000000000e+00 1.402000000000000171e+02
3.129456248005916041e+00 -3.226949971588289473e-02 0.000000000000000000e+00 -3.822348458579760688e-02 -2.317300947163796476e-01 0.000000000000000000e+00 1.403000000000000114e+02
3.125429817699137303e+00 -5.599530186933952824e-02 0.000000000000000000e+00 -4.026430306778738810e-02 -2.372580215345663213e-01 0.000000000000000000e+00 1.404000000000000057e+02
3.121403387392358120e+00 -7.972110402279616870e-02 0.000000000000000000e+00 -4.026430306779182899e-02 -2.372580215345664045e-01 0.000000000000000000e+00 1.405000000000000000e+02
3.117376957085579381e+00 -1.034469061762528230e-01 0.000000000000000000e+00 -4.026430306778738810e-02 -2.372580215345665433e-01 0.000000000000000000e+00 1.405999999999999943e+02
3.113350526778800642e+00 -1.271727083297094496e-01 0.000000000000000000e+00 -4.026430306778738810e-02 -2.372580215345662658e-01 0.000000000000000000e+00 1.407000000000000171e+02
3.109324096472021459e+00 -1.508985104831660762e-01 0.000000000000000000e+00 -4.026430306779182899e-02 -2.372580215345662658e-01 0.000000000000000000e+00 1.408000000000000114e+02
3.105061257293698418e+00 -1.748371918710948103e-01 0.000000000000000000e+00 -4.262839178323041267e-02 -2.393868138792873412e-01 0.000000000000000000e+00 1.409000000000000057e+02
3.100617069329190567e+00 -1.989391725063114902e-01 0.000000000000000000e+00 -4.444187964507850808e-02 -2.410198063521667988e-01 0.000000000000000000e+00 1.410000000000000000e+02
3.096172881364682272e+00 -2.230411531415281701e-01 0.000000000000000000e+00 -4.444187964508294897e-02 -2.410198063521667988e-01 0.000000000000000000e+00 1.410999999999999943e+02
3.091728693400174421e+00 -2.471431337767448499e-01 0.000000000000000000e+00 -4.444187964507850808e-02 -2.410198063521667988e-01 0.000000000000000000e+00 1.412000000000000171e+02
3.087284505435666571e+00 -2.712451144119615298e-01 0.000000000000000000e+00 -4.444187964507850808e-02 -2.410198063521667988e-01 0.000000000000000000e+00 1.413000000000000114e+02
3.082840317471158720e+00 -2.953470950471782652e-01 0.000000000000000000e+00 -4.444187964507850808e-02 -2.410198063521673539e-01 0.000000000000000000e+00 1.414000000000000057e+02
3.078161117016590342e+00 -3.173881693537631832e-01 0.000000000000000000e+00 -4.679200454568377410e-02 -2.204107430658491795e-01 0.000000000000000000e+00 1.415000000000000000e+02
3.073388883339486899e+00 -3.386134029488799269e-01 0.000000000000000000e+00 -4.772233677103443483e-02 -2.122523359511674368e-01 0.000000000000000000e+00 1.415999999999999943e+02
3.068616649662383900e+00 -3.598386365439966705e-01 0.000000000000000000e+00 -4.772233677102999394e-02 -2.122523359511674368e-01 0.000000000000000000e+00 1.417000000000000171e+02
3.063844415985280456e+00 -3.810638701391134142e-01 0.000000000000000000e+00 -4.772233677103443483e-02 -2.122523359511674368e-01 0.000000000000000000e+00 1.418000000000000114e+02
3.059072182308177457e+00 -4.022891037342301579e-01 0.000000000000000000e+00 -4.772233677102999394e-02 -2.122523359511674368e-01 0.000000000000000000e+00 1.419000000000000057e+02
3.054674881698189015e+00 -4.249300842930155420e-01 0.000000000000000000e+00 -4.397300609988441522e-02 -2.264098055878538407e-01 0.000000000000000000e+00 1.420000000000000000e+02
3.050561851991114626e+00 -4.486444715554445684e-01 0.000000000000000000e+00 -4.113029707074389307e-02 -2.371438726242902639e-01 0.000000000000000000e+00 1.420999999999999943e+02
3.046448822284039792e+00 -4.723588588178735392e-01 0.000000000000000000e+00 -4.113029707074833397e-02 -2.371438726242897088e-01 0.000000000000000000e+00 1.422000000000000171e+02
3.042335792576965403e+00 -4.960732460803025101e-01 0.000000000000000000e+00 -4.113029707074389307e-02 -2.371438726242897088e-01 0.000000000000000000e+00 1.423000000000000114e+02
3.038222762869890570e+00 -5.197876333427314810e-01 0.000000000000000000e+00 -4.113029707074833397e-02 -2.371438726242897088e-01 0.000000000000000000e+00 1.424000000000000057e+02
3.034827687685558217e+00 -5.438711401332362305e-01 0.000000000000000000e+00 -3.395075184332352336e-02 -2.408350679050474952e-01 0.000000000000000000e+00 1.425000000000000000e+02
3.040147480187164852e+00 -5.724351923421183708e-01 0.000000000000000000e+00 5.319792501606634971e-02 -2.856405220888214025e-01 0.000000000000000000e+00 1.425999999999999943e+02
3.045467272688771487e+00 -6.009992445510005110e-01 0.000000000000000000e+00 5.319792501606634971e-02 -2.856405220888214025e-01 0.000000000000000000e+00 1.427000000000000171e+02
3.050787065190377678e+00 -6.295632967598826513e-01 0.000000000000000000e+00 5.319792501606190882e-02 -2.856405220888214025e-01 0.000000000000000000e+00 1.428000000000000114e+02
3.056106857691984313e+00 -6.581273489687647915e-01 0.000000000000000000e+00 5.319792501606634971e-02 -2.856405220888214025e-01 0.000000000000000000e+00 1.429000000000000057e+02
3.061426650193590948e+00 -6.866914011776469318e-01 0.000000000000000000e+00 5.319792501606634971e-02 -2.856405220888214025e-01 0.000000000000000000e+00 1.430000000000000000e+02
3.066746442695197583e+00 -7.152554533865290720e-01 0.000000000000000000e+00 5.319792501606634971e-02 -2.856405220888214025e-01 0.000000000000000000e+00 1.430999999999999943e+02
3.072757797446618255e+00 -7.447584862004799078e-01 0.000000000000000000e+00 6.011354751420672216e-02 -2.950303281395083577e-01 0.000000000000000000e+00 1.432000000000000171e+02
3.080784836703802654e+00 -7.769983495128526263e-01 0.000000000000000000e+00 8.027039257184398480e-02 -3.223986331237271852e-01 0.000000000000000000e+00 1.433000000000000114e+02
3.088811875960986608e+00 -8.092382128252253448e-01 0.000000000000000000e+00 8.027039257183954390e-02 -3.223986331237271852e-01 0.000000000000000000e+00 1.434000000000000057e+02
3.096838915218171007e+00 -8.414780761375981744e-01 0.000000000000000000e+00 8.027039257184398480e-02 -3.223986331237282954e-01 0.000000000000000000e+00 1.435000000000000000e+02
3.104865954475355405e+00 -8.737179394499708929e-01 0.000000000000000000e+00 8.027039257184398480e-02 -3.223986331237271852e-01 0.000000000000000000e+00 1.435999999999999943e+02
3.112892993732539360e+00 -9.059578027623436114e-01 0.000000000000000000e+00 8.027039257183954390e-02 -3.223986331237271852e-01 0.000000000000000000e+00 1.437000000000000171e+02
3.120920032989723758e+00 -9.381976660747164409e-01 0.000000000000000000e+00 8.027039257184398480e-02 -3.223986331237282954e-01 0.000000000000000000e+00 1.438000000000000114e+02
3.128947072246908157e+00 -9.704375293870891594e-01 0.000000000000000000e+00 8.027039257184398480e-02 -3.223986331237271852e-01 0.000000000000000000e+00 1.439000000000000057e+02
3.136866830597420108e+00 -1.001688774929092585e+00 0.000000000000000000e+00 7.919758350511951761e-02 -3.125124554200342519e-01 0.000000000000000000e+00 1.440000000000000000e+02
3.144586753331981566e+00 -1.031098490163322001e+00 0.000000000000000000e+00 7.719922734561457389e-02 -2.940971523422941658e-01 0.000000000000000000e+00 1.440999999999999943e+02
3.152306676066542579e+00 -1.060508205397551640e+00 0.000000000000000000e+00 7.719922734561013300e-02 -2.940971523422963863e-01 0.000000000000000000e+00 1.442000000000000171e+02
3.160026598801104036e+00 -1.089917920631781056e+00 0.000000000000000000e+00 7.719922734561457389e-02 -2.940971523422941658e-01 0.000000000000000000e+00 1.443000000000000114e+02
3.167746521535665494e+00 -1.119327635866010695e+00 0.000000000000000000e+00 7.719922734561457389e-02 -2.940971523422963863e-01 0.000000000000000000e+00 1.444000000000000057e+02
3.175466444270226507e+00 -1.148737351100240112e+00 0.000000000000000000e+00 7.719922734561013300e-02 -2.940971523422941658e-01 0.000000000000000000e+00 1.445000000000000000e+02
3.183186367004787964e+00 -1.178147066334469750e+00 0.000000000000000000e+00 7.719922734561457389e-02 -2.940971523422963863e-01 0.000000000000000000e+00 1.445999999999999943e+02
3.190806854637358025e+00 -1.207041563248115734e+00 0.000000000000000000e+00 7.620487632570061010e-02 -2.889449691364598394e-01 0.000000000000000000e+00 1.447000000000000171e+02
3.198195895904823782e+00 -1.234736831668539647e+00 0.000000000000000000e+00 7.389041267465756846e-02 -2.769526842042391301e-01 0.000000000000000000e+00 1.448000000000000114e+02
3.205584937172289539e+00 -1.262432100088963560e+00 0.000000000000000000e+00 7.389041267465756846e-02 -2.769526842042391301e-01 0.000000000000000000e+00 1.449000000000000057e+02
3.212973978439754852e+00 -1.290127368509387473e+00 0.000000000000000000e+00 7.389041267465312757e-02 -2.769526842042391301e-01 0.000000000000000000e+00 1.450000000000000000e+02
3.220363019707220609e+00 -1.317822636929811164e+00 0.000000000000000000e+00 7.389041267465756846e-02 -2.769526842042369097e-01 0.000000000000000000e+00 1.450999999999999943e+02
3.227752060974686366e+00 -1.345517905350235077e+00 0.000000000000000000e+00 7.389041267465756846e-02 -2.769526842042391301e-01 0.000000000000000000e+00 1.452000000000000171e+02
3.235141102242152122e+00 -1.373213173770658990e+00 0.000000000000000000e+00 7.389041267465756846e-02 -2.769526842042391301e-01 0.000000000000000000e+00 1.453000000000000114e+02
3.242145462493803976e+00 -1.399622197611646746e+00 0.000000000000000000e+00 7.004360251651853275e-02 -2.640902384098775535e-01 0.000000000000000000e+00 1.454000000000000057e+02
3.248236638697865608e+00 -1.422977839603895456e+00 0.000000000000000000e+00 6.091176204061632404e-02 -2.335564199224871018e-01 0.000000000000000000e+00 1.455000000000000000e+02
3.254327814901927240e+00 -1.446333481596144166e+00 0.000000000000000000e+00 6.091176204061632404e-02 -2.335564199224871018e-01 0.000000000000000000e+00 1.455999999999999943e+02
3.260418991105988873e+00 -1.469689123588392876e+00 0.000000000000000000e+00 6.091176204061632404e-02 -2.335564199224871018e-01 0.000000000000000000e+00 1.457000000000000171e+02
3.266510167310050949e+00 -1.493044765580641586e+00 0.000000000000000000e+00 6.091176204062076494e-02 -2.335564199224871018e-01 0.000000000000000000e+00 1.458000000000000114e+02
3.272601343514112582e+00 -1.516400407572890296e+00 0.000000000000000000e+00 6.091176204061632404e-02 -2.335564199224871018e-01 0.000000000000000000e+00 1.459000000000000057e+02
3.277946201700147721e+00 -1.538415313168481235e+00 0.000000000000000000e+00 5.344858186035139624e-02 -2.201490559559093896e-01 0.000000000000000000e+00 1.460000000000000000e+02
3.283287218811318464e+00 -1.560423318396200187e+00 0.000000000000000000e+00 5.341017111170742737e-02 -2.200800522771895196e-01 0.000000000000000000e+00 1.460999999999999943e+02
3.288628235922488763e+00 -1.582431323623919361e+00 0.000000000000000000e+00 5.341017111170298648e-02 -2.200800522771917400e-01 0.000000000000000000e+00 1.462000000000000171e+02
3.293969253033659061e+00 -1.604439328851638313e+00 0.000000000000000000e+00 5.341017111170298648e-02 -2.200800522771895196e-01 0.000000000000000000e+00 1.463000000000000114e+02
3.299310270144829360e+00 -1.626447334079357487e+00 0.000000000000000000e+00 5.341017111170298648e-02 -2.200800522771917400e-01 0.000000000000000000e+00 1.464000000000000057e+02
3.305217385588508083e+00 -1.651551175155902884e+00 0.000000000000000000e+00 5.907115443678723210e-02 -2.510384107654539676e-01 0.000000000000000000e+00 1.465000000000000000e+02
3.311193643712721180e+00 -1.677033138506955234e+00 0.000000000000000000e+00 5.976258124213096323e-02 -2.548196335105235022e-01 0.000000000000000000e+00 1.465999999999999943e+02
3.317169901836933832e+00 -1.702515101858007585e+00 0.000000000000000000e+00 5.976258124212652234e-02 -2.548196335105235022e-01 0.000000000000000000e+00 1.467000000000000171e+02
3.323146159961146928e+00 -1.727997065209059935e+00 0.000000000000000000e+00 5.976258124213096323e-02 -2.548196335105235022e-01 0.000000000000000000e+00 1.468000000000000114e+02
3.329122418085360025e+00 -1.753479028560112285e+00 0.000000000000000000e+00 5.976258124213096323e-02 -2.548196335105235022e-01 0.000000000000000000e+00 1.469000000000000057e+02
3.335098676209573121e+00 -1.778960991911164635e+00 0.000000000000000000e+00 5.976258124213096323e-02 -2.548196335105235022e-01 0.000000000000000000e+00 1.470000000000000000e+02
3.341525557062974272e+00 -1.806175809668890686e+00 0.000000000000000000e+00 6.426880853401151228e-02 -2.721481775772605083e-01 0.000000000000000000e+00 1.470999999999999943e+02
3.348241630890908649e+00 -1.834502709192224579e+00 0.000000000000000000e+00 6.716073827934376794e-02 -2.832689952333389272e-01 0.000000000000000000e+00 1.472000000000000171e+02
3.354957704718843470e+00 -1.862829608715558471e+00 0.000000000000000000e+00 6.716073827934820883e-02 -2.832689952333389272e-01 0.000000000000000000e+00 1.473000000000000114e+02
3.361673778546777847e+00 -1.891156508238892364e+00 0.000000000000000000e+00 6.716073827934376794e-02 -2.832689952333389272e-01 0.000000000000000000e+00 1.474000000000000057e+02
3.368389852374712223e+00 -1.919483407762226257e+00 0.000000000000000000e+00 6.716073827934376794e-02 -2.832689952333389272e-01 0.000000000000000000e+00 1.475000000000000000e+02
3.375105926202646600e+00 -1.947810307285560372e+00 0.000000000000000000e+00 6.716073827934376794e-02 -2.832689952333411476e-01 0.000000000000000000e+00 1.475999999999999943e+02
3.381822000030581421e+00 -1.976137206808894264e+00 0.000000000000000000e+00 6.716073827934820883e-02 -2.832689952333389272e-01 0.000000000000000000e+00 1.477000000000000171e+02
3.388538073858515798e+00 -2.004464106332228379e+00 0.000000000000000000e+00 6.716073827934376794e-02 -2.832689952333411476e-01 0.000000000000000000e+00 1.478000000000000114e+02
3.393613491476541455e+00 -2.026753146876630218e+00 0.000000000000000000e+00 5.075417618025657163e-02 -2.228904054440183913e-01 0.000000000000000000e+00 1.479000000000000057e+02
3.398636565997400272e+00 -2.048849557034906788e+00 0.000000000000000000e+00 5.023074520858816783e-02 -2.209641015827656929e-01 0.000000000000000000e+00 1.480000000000000000e+02
3.403659640518259089e+00 -2.070945967193182913e+00 0.000000000000000000e+00 5.023074520858816783e-02 -2.209641015827612520e-01 0.000000000000000000e+00 1.480999999999999943e+02
3.408682715039117905e+00 -2.093042377351459038e+00 0.000000000000000000e+00 5.023074520858816783e-02 -2.209641015827612520e-01 0.000000000000000000e+00 1.482000000000000171e+02
3.413705789559976722e+00 -2.115138787509735607e+00 0.000000000000000000e+00 5.023074520858816783e-02 -2.209641015827656929e-01 0.000000000000000000e+00 1.483000000000000114e+02
3.418856390624465558e+00 -2.134853604771153712e+00 0.000000000000000000e+00 5.150601064488835590e-02 -1.971481726141810498e-01 0.000000000000000000e+00 1.484000000000000057e+02
3.424017201341114092e+00 -2.154377754000869061e+00 0.000000000000000000e+00 5.160810716648533969e-02 -1.952414922971534850e-01 0.000000000000000000e+00 1.485000000000000000e+02
3.429178012057763070e+00 -2.173901903230583965e+00 0.000000000000000000e+00 5.160810716648978058e-02 -1.952414922971490441e-01 0.000000000000000000e+00 1.485999999999999943e+02
3.434338822774412048e+00 -2.193426052460299314e+00 0.000000000000000000e+00 5.160810716648978058e-02 -1.952414922971534850e-01 0.000000000000000000e+00 1.487000000000000171e+02
3.439447199402861699e+00 -2.213702421018799882e+00 0.000000000000000000e+00 5.108376628449651236e-02 -2.027636855850056818e-01 0.000000000000000000e+00 1.488000000000000114e+02
3.444485079297874286e+00 -2.234990135580042558e+00 0.000000000000000000e+00 5.037879895012586928e-02 -2.128771456124267658e-01 0.000000000000000000e+00 1.489000000000000057e+02
3.449522959192887317e+00 -2.256277850141285235e+00 0.000000000000000000e+00 5.037879895013031017e-02 -2.128771456124267658e-01 0.000000000000000000e+00 1.490000000000000000e+02
3.454560839087899904e+00 -2.277565564702528356e+00 0.000000000000000000e+00 5.037879895012586928e-02 -2.128771456124312067e-01 0.000000000000000000e+00 1.490999999999999943e+02
3.459598718982912935e+00 -2.298853279263771032e+00 0.000000000000000000e+00 5.037879895013031017e-02 -2.128771456124267658e-01 0.000000000000000000e+00 1.492000000000000171e+02
3.464636598877925522e+00 -2.320140993825013709e+00 0.000000000000000000e+00 5.037879895012586928e-02 -2.128771456124267658e-01 0.000000000000000000e+00 1.493000000000000114e+02
3.475518926317181734e+00 -2.338891843734069109e+00 0.000000000000000000e+00 1.088232743925621193e-01 -1.875084990905540039e-01 0.000000000000000000e+00 1.494000000000000057e+02
3.486842645267839824e+00 -2.357451101449922870e+00 0.000000000000000000e+00 1.132371895065809042e-01 -1.855925771585376083e-01 0.000000000000000000e+00 1.495000000000000000e+02
3.498166364218498359e+00 -2.376010359165777075e+00 0.000000000000000000e+00 1.132371895065853451e-01 -1.855925771585420492e-01 0.000000000000000000e+00 1.495999999999999943e+02
3.509490083169156449e+00 -2.394569616881630836e+00 0.000000000000000000e+00 1.132371895065809042e-01 -1.855925771585376083e-01 0.000000000000000000e+00 1.497000000000000171e+02
3.520813802119814984e+00 -2.413128874597485041e+00 0.000000000000000000e+00 1.132371895065853451e-01 -1.855925771585420492e-01 0.000000000000000000e+00 1.498000000000000114e+02
3.544434760828244713e+00 -2.422271008567815631e+00 0.000000000000000000e+00 2.362095870842972900e-01 -9.142133970330590387e-02 0.000000000000000000e+00 1.499000000000000057e+02
3.574138985954276038e+00 -2.426754627801509301e+00 0.000000000000000000e+00 2.970422512603132503e-01 -4.483619233693669770e-02 0.000000000000000000e+00 1.500000000000000000e+02
3.603843211080307363e+00 -2.431238247035202971e+00 0.000000000000000000e+00 2.970422512603132503e-01 -4.483619233693669770e-02 0.000000000000000000e+00 1.500999999999999943e+02
3.633547436206338688e+00 -2.435721866268896640e+00 0.000000000000000000e+00 2.970422512603132503e-01 -4.483619233693669770e-02 0.000000000000000000e+00 1.502000000000000171e+02
3.663251661332370013e+00 -2.440205485502590310e+00 0.000000000000000000e+00 2.970422512603132503e-01 -4.483619233693669770e-02 0.000000000000000000e+00 1.503000000000000114e+02
3.692955886458401338e+00 -2.444689104736283536e+00 0.000000000000000000e+00 2.970422512603132503e-01 -4.483619233693225681e-02 0.000000000000000000e+00 1.504000000000000057e+02
3.722660111584432663e+00 -2.449172723969977206e+00 0.000000000000000000e+00 2.970422512603132503e-01 -4.483619233693669770e-02 0.000000000000000000e+00 1.505000000000000000e+02
3.752364336710463988e+00 -2.453656343203670875e+00 0.000000000000000000e+00 2.970422512603132503e-01 -4.483619233693669770e-02 0.000000000000000000e+00 1.505999999999999943e+02
3.780332927574054480e+00 -2.454709117213733194e+00 0.000000000000000000e+00 2.796859086359049229e-01 -1.052774010062318411e-02 0.000000000000000000e+00 1.507000000000000171e+02
3.807012209686364557e+00 -2.453213302003798280e+00 0.000000000000000000e+00 2.667928211231007651e-01 1.495815209934914236e-02 0.000000000000000000e+00 1.508000000000000114e+02
3.833691491798674633e+00 -2.451717486793863365e+00 0.000000000000000000e+00 2.667928211231007651e-01 1.495815209934914236e-02 0.000000000000000000e+00 1.509000000000000057e+02
3.860370773910985154e+00 -2.450221671583928007e+00 0.000000000000000000e+00 2.667928211231052060e-01 1.495815209935358325e-02 0.000000000000000000e+00 1.510000000000000000e+02
3.887050056023295230e+00 -2.448725856373993093e+00 0.000000000000000000e+00 2.667928211231007651e-01 1.495815209934914236e-02 0.000000000000000000e+00 1.510999999999999943e+02
3.913729338135605307e+00 -2.447230041164057734e+00 0.000000000000000000e+00 2.667928211231007651e-01 1.495815209935358325e-02 0.000000000000000000e+00 1.512000000000000171e+02
3.939974519455970103e+00 -2.446113781273060006e+00 0.000000000000000000e+00 2.624518132036479656e-01 1.116259890997728377e-02 0.000000000000000000e+00 1.513000000000000114e+02
3.963335094353408472e+00 -2.447519672299951043e+00 0.000000000000000000e+00 2.336057489743836868e-01 -1.405891026891037399e-02 0.000000000000000000e+00 1.514000000000000057e+02
3.986695669250846841e+00 -2.448925563326842525e+00 0.000000000000000000e+00 2.336057489743836868e-01 -1.405891026891481488e-02 0.000000000000000000e+00 1.515000000000000000e+02
4.010056244148285209e+00 -2.450331454353733562e+00 0.000000000000000000e+00 2.336057489743836868e-01 -1.405891026891037399e-02 0.000000000000000000e+00 1.515999999999999943e+02
4.033416819045722690e+00 -2.451737345380625044e+00 0.000000000000000000e+00 2.336057489743748050e-01 -1.405891026891481488e-02 0.000000000000000000e+00 1.517000000000000171e+02
4.056336300367931358e+00 -2.453706304690301820e+00 0.000000000000000000e+00 2.291948132220866796e-01 -1.968959309676776570e-02 0.000000000000000000e+00 1.518000000000000114e+02
4.075089631315465866e+00 -2.460993471448519543e+00 0.000000000000000000e+00 1.875333094753450780e-01 -7.287166758217722418e-02 0.000000000000000000e+00 1.519000000000000057e+02
4.093842962263000373e+00 -2.468280638206736821e+00 0.000000000000000000e+00 1.875333094753450780e-01 -7.287166758217278328e-02 0.000000000000000000e+00 1.520000000000000000e+02
4.112596293210535769e+00 -2.475567804964954099e+00 0.000000000000000000e+00 1.875333094753539598e-01 -7.287166758217278328e-02 0.000000000000000000e+00 1.520999999999999943e+02
4.131349624158070277e+00 -2.482854971723171822e+00 0.000000000000000000e+00 1.875333094753450780e-01 -7.287166758217722418e-02 0.000000000000000000e+00 1.522000000000000171e+02
4.150102955105605673e+00 -2.490142138481389100e+00 0.000000000000000000e+00 1.875333094753539598e-01 -7.287166758217278328e-02 0.000000000000000000e+00 1.523000000000000114e+02
4.156425886373055434e+00 -2.512980307919737477e+00 0.000000000000000000e+00 6.322931267449760639e-02 -2.283816943834837687e-01 0.000000000000000000e+00 1.524000000000000057e+02
4.161600990486617135e+00 -2.537254462009089551e+00 0.000000000000000000e+00 5.175104113561701524e-02 -2.427415408935207353e-01 0.000000000000000000e+00 1.525000000000000000e+02
4.166776094600178837e+00 -2.561528616098441624e+00 0.000000000000000000e+00 5.175104113561701524e-02 -2.427415408935207353e-01 0.000000000000000000e+00 1.525999999999999943e+02
4.171951198713740538e+00 -2.585802770187793698e+00 0.000000000000000000e+00 5.175104113561701524e-02 -2.427415408935207353e-01 0.000000000000000000e+00 1.527000000000000171e+02
4.177126302827302240e+00 -2.610076924277145771e+00 0.000000000000000000e+00 5.175104113561701524e-02 -2.427415408935207353e-01 0.000000000000000000e+00 1.528000000000000114e+02
4.182301406940863941e+00 -2.634351078366497845e+00 0.000000000000000000e+00 5.175104113561701524e-02 -2.427415408935207353e-01 0.000000000000000000e+00 1.529000000000000057e+02
4.185160362165581738e+00 -2.660556589926173388e+00 0.000000000000000000e+00 2.858955224717796284e-02 -2.620551155967554280e-01 0.000000000000000000e+00 1.530000000000000000e+02
4.183737068614740373e+00 -2.690332922516525560e+00 0.000000000000000000e+00 -1.423293550841364663e-02 -2.977633259035217250e-01 0.000000000000000000e+00 1.530999999999999943e+02
4.182313775063898120e+00 -2.720109255106878177e+00 0.000000000000000000e+00 -1.423293550842252841e-02 -2.977633259035261659e-01 0.000000000000000000e+00 1.532000000000000171e+02
4.180890481513056756e+00 -2.749885587697230349e+00 0.000000000000000000e+00 -1.423293550841364663e-02 -2.977633259035217250e-01 0.000000000000000000e+00 1.533000000000000114e+02
4.179467187962214503e+00 -2.779661920287582966e+00 0.000000000000000000e+00 -1.423293550842252841e-02 -2.977633259035261659e-01 0.000000000000000000e+00 1.534000000000000057e+02
4.178043894411373138e+00 -2.809438252877935582e+00 0.000000000000000000e+00 -1.423293550841364663e-02 -2.977633259035261659e-01 0.000000000000000000e+00 1.535000000000000000e+02
4.176620600860530885e+00 -2.839214585468287755e+00 0.000000000000000000e+00 -1.423293550842252841e-02 -2.977633259035217250e-01 0.000000000000000000e+00 1.536000000000000227e+02
4.175318932921898707e+00 -2.868558974391048455e+00 0.000000000000000000e+00 -1.301667938632178334e-02 -2.934438892276070021e-01 0.000000000000000000e+00 1.537000000000000171e+02
4.174833597381713446e+00 -2.895004223866515680e+00 0.000000000000000000e+00 -4.853355401852610385e-03 -2.644524947546722515e-01 0.000000000000000000e+00 1.538000000000000114e+02
4.174348261841529073e+00 -2.921449473341982905e+00 0.000000000000000000e+00 -4.853355401843728600e-03 -2.644524947546722515e-01 0.000000000000000000e+00 1.539000000000000057e+02
4.173862926301343812e+00 -2.947894722817450130e+00 0.000000000000000000e+00 -4.853355401852610385e-03 -2.644524947546722515e-01 0.000000000000000000e+00 1.540000000000000000e+02
4.173377590761158551e+00 -2.974339972292917356e+00 0.000000000000000000e+00 -4.853355401852610385e-03 -2.644524947546722515e-01 0.000000000000000000e+00 1.541000000000000227e+02
4.172892255220973290e+00 -3.000785221768384581e+00 0.000000000000000000e+00 -4.853355401852610385e-03 -2.644524947546722515e-01 0.000000000000000000e+00 1.542000000000000171e+02
4.172389682304918246e+00 -3.027316444851019916e+00 0.000000000000000000e+00 -5.025729160550440611e-03 -2.653122308263533569e-01 0.000000000000000000e+00 1.543000000000000114e+02
4.171721406593151826e+00 -3.054674131727969755e+00 0.000000000000000000e+00 -6.682757117664195334e-03 -2.735768687694983825e-01 0.000000000000000000e+00 1.544000000000000057e+02
4.171053130881385407e+00 -3.082031818604919149e+00 0.000000000000000000e+00 -6.682757117664195334e-03 -2.735768687694939416e-01 0.000000000000000000e+00 1.545000000000000000e+02
4.170384855169618099e+00 -3.109389505481868987e+00 0.000000000000000000e+00 -6.682757117673077119e-03 -2.735768687694983825e-01 0.000000000000000000e+00 1.546000000000000227e+02
4.169716579457851680e+00 -3.136747192358818825e+00 0.000000000000000000e+00 -6.682757117664195334e-03 -2.735768687694983825e-01 0.000000000000000000e+00 1.547000000000000171e+02
4.169048303746085260e+00 -3.164104879235768220e+00 0.000000000000000000e+00 -6.682757117664195334e-03 -2.735768687694939416e-01 0.000000000000000000e+00 1.548000000000000114e+02
4.168261967737777240e+00 -3.193347123346170768e+00 0.000000000000000000e+00 -7.863360083080195295e-03 -2.924224411040254878e-01 0.000000000000000000e+00 1.549000000000000057e+02
4.167135510827233880e+00 -3.228018604256178037e+00 0.000000000000000000e+00 -1.126456910543360834e-02 -3.467148091000726851e-01 0.000000000000000000e+00 1.550000000000000000e+02
4.166009053916690519e+00 -3.262690085166185749e+00 0.000000000000000000e+00 -1.126456910543360834e-02 -3.467148091000771259e-01 0.000000000000000000e+00 1.551000000000000227e+02
4.164882597006148046e+00 -3.297361566076193462e+00 0.000000000000000000e+00 -1.126456910542472656e-02 -3.467148091000771259e-01 0.000000000000000000e+00 1.552000000000000171e+02
4.163756140095604685e+00 -3.332033046986201175e+00 0.000000000000000000e+00 -1.126456910543360834e-02 -3.467148091000771259e-01 0.000000000000000000e+00 1.553000000000000114e+02
4.162629683185061324e+00 -3.366704527896208443e+00 0.000000000000000000e+00 -1.126456910543360834e-02 -3.467148091000726851e-01 0.000000000000000000e+00 1.554000000000000057e+02
4.161503226274517964e+00 -3.401376008806216156e+00 0.000000000000000000e+00 -1.126456910543360834e-02 -3.467148091000771259e-01 0.000000000000000000e+00 1.555000000000000000e+02
4.160376769363975491e+00 -3.436047489716223868e+00 0.000000000000000000e+00 -1.126456910542472656e-02 -3.467148091000771259e-01 0.000000000000000000e+00 1.556000000000000227e+02
4.159250312453432130e+00 -3.470718970626231137e+00 0.000000000000000000e+00 -1.126456910543360834e-02 -3.467148091000726851e-01 0.000000000000000000e+00 1.557000000000000171e+02
4.158135735781986142e+00 -3.505178844578959563e+00 0.000000000000000000e+00 -1.114576671445988154e-02 -3.445987395272842591e-01 0.000000000000000000e+00 1.558000000000000114e+02
4.157454067967097266e+00 -3.531927886690218177e+00 0.000000000000000000e+00 -6.816678148888755118e-03 -2.674904211125861409e-01 0.000000000000000000e+00 1.559000000000000057e+02
4.156772400152208391e+00 -3.558676928801476347e+00 0.000000000000000000e+00 -6.816678148888755118e-03 -2.674904211125817000e-01 0.000000000000000000e+00 1.560000000000000000e+02
4.156090732337319515e+00 -3.585425970912734961e+00 0.000000000000000000e+00 -6.816678148888755118e-03 -2.674904211125861409e-01 0.000000000000000000e+00 1.561000000000000227e+02
4.155409064522430640e+00 -3.612175013023993575e+00 0.000000000000000000e+00 -6.816678148888755118e-03 -2.674904211125861409e-01 0.000000000000000000e+00 1.562000000000000171e+02
4.154727396707541764e+00 -3.638924055135252189e+00 0.000000000000000000e+00 -6.816678148888755118e-03 -2.674904211125861409e-01 0.000000000000000000e+00 1.563000000000000114e+02
4.154211140978481431e+00 -3.665400482805743820e+00 0.000000000000000000e+00 -5.162557290603331239e-03 -2.647642767049163126e-01 0.000000000000000000e+00 1.564000000000000057e+02
4.153966798291209628e+00 -3.691428772594090635e+00 0.000000000000000000e+00 -2.443426872718035270e-03 -2.602828978834681450e-01 0.000000000000000000e+00 1.565000000000000000e+02
4.153722455603937824e+00 -3.717457062382437449e+00 0.000000000000000000e+00 -2.443426872718035270e-03 -2.602828978834681450e-01 0.000000000000000000e+00 1.566000000000000227e+02
4.153478112916666021e+00 -3.743485352170784264e+00 0.000000000000000000e+00 -2.443426872718035270e-03 -2.602828978834681450e-01 0.000000000000000000e+00 1.567000000000000171e+02
4.153233770229394217e+00 -3.769513641959131078e+00 0.000000000000000000e+00 -2.443426872718035270e-03 -2.602828978834681450e-01 0.000000000000000000e+00 1.568000000000000114e+02
4.152989427542122414e+00 -3.795541931747477893e+00 0.000000000000000000e+00 -2.443426872718035270e-03 -2.602828978834681450e-01 0.000000000000000000e+00 1.569000000000000057e+02
4.152827224145913654e+00 -3.826134896728189627e+00 0.000000000000000000e+00 -1.622033962087598979e-03 -3.059296498071173431e-01 0.000000000000000000e+00 1.570000000000000000e+02
4.152694523958140316e+00 -3.858367424966628878e+00 0.000000000000000000e+00 -1.327001877733380297e-03 -3.223252823843925086e-01 0.000000000000000000e+00 1.571000000000000227e+02
4.152561823770366978e+00 -3.890599953205068129e+00 0.000000000000000000e+00 -1.327001877733380297e-03 -3.223252823843925086e-01 0.000000000000000000e+00 1.572000000000000171e+02
4.152429123582594528e+00 -3.922832481443507380e+00 0.000000000000000000e+00 -1.327001877724498513e-03 -3.223252823843925086e-01 0.000000000000000000e+00 1.573000000000000114e+02
4.152296423394821190e+00 -3.955065009681947075e+00 0.000000000000000000e+00 -1.327001877733380297e-03 -3.223252823843969495e-01 0.000000000000000000e+00 1.574000000000000057e+02
4.152163723207047852e+00 -3.987297537920386326e+00 0.000000000000000000e+00 -1.327001877733380297e-03 -3.223252823843925086e-01 0.000000000000000000e+00 1.575000000000000000e+02
4.152031023019274514e+00 -4.019530066158825576e+00 0.000000000000000000e+00 -1.327001877733380297e-03 -3.223252823843925086e-01 0.000000000000000000e+00 1.576000000000000227e+02
4.151898322831501176e+00 -4.051762594397264827e+00 0.000000000000000000e+00 -1.327001877733380297e-03 -3.223252823843925086e-01 0.000000000000000000e+00 1.577000000000000171e+02
4.151858110014522651e+00 -4.082311880574347462e+00 0.000000000000000000e+00 -4.021281697852430170e-04 -3.054928617708263516e-01 0.000000000000000000e+00 1.578000000000000114e+02
4.152073837333991158e+00 -4.108203133993479028e+00 0.000000000000000000e+00 2.157273194685060957e-03 -2.589125341913156575e-01 0.000000000000000000e+00 1.579000000000000057e+02
4.152289564653459664e+00 -4.134094387412610594e+00 0.000000000000000000e+00 2.157273194685060957e-03 -2.589125341913156575e-01 0.000000000000000000e+00 1.580000000000000000e+02
4.152505291972927282e+00 -4.159985640831742160e+00 0.000000000000000000e+00 2.157273194676179173e-03 -2.589125341913156575e-01 0.000000000000000000e+00 1.581000000000000227e+02
4.152721019292395788e+00 -4.185876894250873725e+00 0.000000000000000000e+00 2.157273194685060957e-03 -2.589125341913156575e-01 0.000000000000000000e+00 1.582000000000000171e+02
4.152936746611864294e+00 -4.211768147670005291e+00 0.000000000000000000e+00 2.157273194685060957e-03 -2.589125341913156575e-01 0.000000000000000000e+00 1.583000000000000114e+02
4.153437523864623948e+00 -4.238060106131842808e+00 0.000000000000000000e+00 5.007772527596543455e-03 -2.629195846183751684e-01 0.000000000000000000e+00 1.584000000000000057e+02
4.154067031284276013e+00 -4.264533025264069188e+00 0.000000000000000000e+00 6.295074196520644705e-03 -2.647291913222638016e-01 0.000000000000000000e+00 1.585000000000000000e+02
4.154696538703928965e+00 -4.291005944396295568e+00 0.000000000000000000e+00 6.295074196529526489e-03 -2.647291913222638016e-01 0.000000000000000000e+00 1.586000000000000227e+02
4.155326046123581918e+00 -4.317478863528521948e+00 0.000000000000000000e+00 6.295074196529526489e-03 -2.647291913222638016e-01 0.000000000000000000e+00 1.587000000000000171e+02
4.155955553543233982e+00 -4.343951782660748329e+00 0.000000000000000000e+00 6.295074196520644705e-03 -2.647291913222638016e-01 0.000000000000000000e+00 1.588000000000000114e+02
4.156571516332780547e+00 -4.370611204952168372e+00 0.000000000000000000e+00 6.159627895465646930e-03 -2.665942229142004294e-01 0.000000000000000000e+00 1.589000000000000057e+02
4.156725327778024948e+00 -4.403634232972110318e+00 0.000000000000000000e+00 1.538114452444006020e-03 -3.302302801994194681e-01 0.000000000000000000e+00 1.590000000000000000e+02
4.156879139223269348e+00 -4.436657260992052265e+00 0.000000000000000000e+00 1.538114452444006020e-03 -3.302302801994194681e-01 0.000000000000000000e+00 1.591000000000000227e+02
4.157032950668513749e+00 -4.469680289011994212e+00 0.000000000000000000e+00 1.538114452444006020e-03 -3.302302801994194681e-01 0.000000000000000000e+00 1.592000000000000171e+02
4.157186762113758149e+00 -4.502703317031937047e+00 0.000000000000000000e+00 1.538114452444006020e-03 -3.302302801994283499e-01 0.000000000000000000e+00 1.593000000000000114e+02
4.157340573559002550e+00 -4.535726345051878994e+00 0.000000000000000000e+00 1.538114452444006020e-03 -3.302302801994194681e-01 0.000000000000000000e+00 1.594000000000000057e+02
4.157494385004246951e+00 -4.568749373071820941e+00 0.000000000000000000e+00 1.538114452444006020e-03 -3.302302801994194681e-01 0.000000000000000000e+00 1.595000000000000000e+02
4.157648196449491351e+00 -4.601772401091762887e+00 0.000000000000000000e+00 1.538114452444006020e-03 -3.302302801994194681e-01 0.000000000000000000e+00 1.596000000000000227e+02
4.157802007894735752e+00 -4.634795429111705722e+00 0.000000000000000000e+00 1.538114452444006020e-03 -3.302302801994283499e-01 0.000000000000000000e+00 1.597000000000000171e+02
4.152581661048764694e+00 -4.663890594543801171e+00 0.000000000000000000e+00 -5.220346845971057803e-02 -2.909516543209544892e-01 0.000000000000000000e+00 1.598000000000000114e+02
4.144763648538926759e+00 -4.691087179170506438e+00 0.000000000000000000e+00 -7.818012509837934942e-02 -2.719658462670526688e-01 0.000000000000000000e+00 1.599000000000000057e+02
4.136945636029088824e+00 -4.718283763797211705e+00 0.000000000000000000e+00 -7.818012509837934942e-02 -2.719658462670526688e-01 0.000000000000000000e+00 1.600000000000000000e+02
4.129127623519250889e+00 -4.745480348423916084e+00 0.000000000000000000e+00 -7.818012509837934942e-02 -2.719658462670437871e-01 0.000000000000000000e+00 1.601000000000000227e+02
4.121309611009412954e+00 -4.772676933050621351e+00 0.000000000000000000e+00 -7.818012509837934942e-02 -2.719658462670526688e-01 0.000000000000000000e+00 1.602000000000000171e+02
4.113491598499575908e+00 -4.799873517677326618e+00 0.000000000000000000e+00 -7.818012509837046764e-02 -2.719658462670526688e-01 0.000000000000000000e+00 1.603000000000000114e+02
4.105673585989737973e+00 -4.827070102304030996e+00 0.000000000000000000e+00 -7.818012509837934942e-02 -2.719658462670437871e-01 0.000000000000000000e+00 1.604000000000000057e+02
4.097621173104230685e+00 -4.850185776396775950e+00 0.000000000000000000e+00 -8.052412885507287399e-02 -2.311567409274495333e-01 0.000000000000000000e+00 1.605000000000000000e+02
4.089495956935298437e+00 -4.872033945327094884e+00 0.000000000000000000e+00 -8.125216168932247740e-02 -2.184816893031893414e-01 0.000000000000000000e+00 1.606000000000000227e+02
4.081370740766367078e+00 -4.893882114257413818e+00 0.000000000000000000e+00 -8.125216168931359562e-02 -2.184816893031893414e-01 0.000000000000000000e+00 1.607000000000000171e+02
4.073245524597434830e+00 -4.915730283187733640e+00 0.000000000000000000e+00 -8.125216168932247740e-02 -2.184816893031982232e-01 0.000000000000000000e+00 1.608000000000000114e+02
4.065120308428503471e+00 -4.937578452118052574e+00 0.000000000000000000e+00 -8.125216168931359562e-02 -2.184816893031893414e-01 0.000000000000000000e+00 1.609000000000000057e+02
4.057269680950921220e+00 -4.959995985332425583e+00 0.000000000000000000e+00 -7.850627477582250435e-02 -2.241753321437300883e-01 0.000000000000000000e+00 1.610000000000000000e+02
4.049603262065989639e+00 -4.982795478171411219e+00 0.000000000000000000e+00 -7.666418884931580635e-02 -2.279949283898563550e-01 0.000000000000000000e+00 1.611000000000000227e+02
4.041936843181057171e+00 -5.005594971010396854e+00 0.000000000000000000e+00 -7.666418884932468814e-02 -2.279949283898563550e-01 0.000000000000000000e+00 1.612000000000000171e+02
4.034270424296125590e+00 -5.028394463849381602e+00 0.000000000000000000e+00 -7.666418884931580635e-02 -2.279949283898474732e-01 0.000000000000000000e+00 1.613000000000000114e+02
4.026604005411194009e+00 -5.051193956688367237e+00 0.000000000000000000e+00 -7.666418884931580635e-02 -2.279949283898563550e-01 0.000000000000000000e+00 1.614000000000000057e+02
4.018864304550533006e+00 -5.074177596815180102e+00 0.000000000000000000e+00 -7.739700860661002935e-02 -2.298364012681286539e-01 0.000000000000000000e+00 1.615000000000000000e+02
4.009883813228036331e+00 -5.100279168684919817e+00 0.000000000000000000e+00 -8.980491322496675366e-02 -2.610157186973971477e-01 0.000000000000000000e+00 1.616000000000000227e+02
4.000903321905539656e+00 -5.126380740554659532e+00 0.000000000000000000e+00 -8.980491322496675366e-02 -2.610157186973971477e-01 0.000000000000000000e+00 1.617000000000000171e+02
3.991922830583042980e+00 -5.152482312424400135e+00 0.000000000000000000e+00 -8.980491322496675366e-02 -2.610157186974060295e-01 0.000000000000000000e+00 1.618000000000000114e+02
3.982942339260546305e+00 -5.178583884294139850e+00 0.000000000000000000e+00 -8.980491322496675366e-02 -2.610157186973971477e-01 0.000000000000000000e+00 1.619000000000000057e+02
3.973961847938049630e+00 -5.204685456163879564e+00 0.000000000000000000e+00 -8.980491322496675366e-02 -2.610157186973971477e-01 0.000000000000000000e+00 1.620000000000000000e+02
3.964981356615552954e+00 -5.230787028033620167e+00 0.000000000000000000e+00 -8.980491322496675366e-02 -2.610157186974060295e-01 0.000000000000000000e+00 1.621000000000000227e+02
3.955608662393218733e+00 -5.256136622221828425e+00 0.000000000000000000e+00 -9.372694222334221337e-02 -2.534959418820825761e-01 0.000000000000000000e+00 1.622000000000000171e+02
3.945766037571205143e+00 -5.280585210010099395e+00 0.000000000000000000e+00 -9.842624822013590347e-02 -2.444858778827097012e-01 0.000000000000000000e+00 1.623000000000000114e+02
3.935923412749191108e+00 -5.305033797798371253e+00 0.000000000000000000e+00 -9.842624822014034436e-02 -2.444858778827185830e-01 0.000000000000000000e+00 1.624000000000000057e+02
3.926080787927177518e+00 -5.329482385586642224e+00 0.000000000000000000e+00 -9.842624822013590347e-02 -2.444858778827097012e-01 0.000000000000000000e+00 1.625000000000000000e+02
3.916238163105163483e+00 -5.353930973374913194e+00 0.000000000000000000e+00 -9.842624822014034436e-02 -2.444858778827097012e-01 0.000000000000000000e+00 1.626000000000000227e+02
3.906395538283149893e+00 -5.378379561163184164e+00 0.000000000000000000e+00 -9.842624822013590347e-02 -2.444858778827097012e-01 0.000000000000000000e+00 1.627000000000000171e+02
3.895202652766454499e+00 -5.402648707181609389e+00 0.000000000000000000e+00 -1.119288551669539444e-01 -2.426914601842522501e-01 0.000000000000000000e+00 1.628000000000000114e+02
3.879540681151646186e+00 -5.426323937727121738e+00 0.000000000000000000e+00 -1.566197161480831213e-01 -2.367523054551234907e-01 0.000000000000000000e+00 1.629000000000000057e+02
3.863878709536837874e+00 -5.449999168272634087e+00 0.000000000000000000e+00 -1.566197161480831213e-01 -2.367523054551234907e-01 0.000000000000000000e+00 1.630000000000000000e+02
3.848216737922029562e+00 -5.473674398818146436e+00 0.000000000000000000e+00 -1.566197161480831213e-01 -2.367523054551234907e-01 0.000000000000000000e+00 1.631000000000000227e+02
3.832554766307221250e+00 -5.497349629363657897e+00 0.000000000000000000e+00 -1.566197161480831213e-01 -2.367523054551146089e-01 0.000000000000000000e+00 1.632000000000000171e+02
3.816892794692413382e+00 -5.521024859909170246e+00 0.000000000000000000e+00 -1.566197161480786804e-01 -2.367523054551234907e-01 0.000000000000000000e+00 1.633000000000000114e+02
3.801230823077605070e+00 -5.544700090454682595e+00 0.000000000000000000e+00 -1.566197161480831213e-01 -2.367523054551234907e-01 0.000000000000000000e+00 1.634000000000000057e+02
3.785909297136073715e+00 -5.569053297160181160e+00 0.000000000000000000e+00 -1.532152594153135539e-01 -2.435320670549856459e-01 0.000000000000000000e+00 1.635000000000000000e+02
3.770851616111931648e+00 -5.593931934434971609e+00 0.000000000000000000e+00 -1.505768102414206666e-01 -2.487863727479044940e-01 0.000000000000000000e+00 1.636000000000000227e+02
3.755793935087789581e+00 -5.618810571709762058e+00 0.000000000000000000e+00 -1.505768102414206666e-01 -2.487863727479044940e-01 0.000000000000000000e+00 1.637000000000000171e+02
3.740736254063647959e+00 -5.643689208984553396e+00 0.000000000000000000e+00 -1.505768102414162257e-01 -2.487863727479133757e-01 0.000000000000000000e+00 1.638000000000000114e+02
3.725678573039505892e+00 -5.668567846259343845e+00 0.000000000000000000e+00 -1.505768102414206666e-01 -2.487863727479044940e-01 0.000000000000000000e+00 1.639000000000000057e+02
3.710620892015363825e+00 -5.693446483534134295e+00 0.000000000000000000e+00 -1.505768102414206666e-01 -2.487863727479044940e-01 0.000000000000000000e+00 1.640000000000000000e+02
3.695563210991221759e+00 -5.718325120808925632e+00 0.000000000000000000e+00 -1.505768102414206666e-01 -2.487863727479133757e-01 0.000000000000000000e+00 1.641000000000000227e+02
3.681440244645953985e+00 -5.741078671936057809e+00 0.000000000000000000e+00 -1.412296634526777339e-01 -2.275355112713217665e-01 0.000000000000000000e+00 1.642000000000000171e+02
3.667989741750361077e+00 -5.762303368543186366e+00 0.000000000000000000e+00 -1.345050289559290846e-01 -2.122469660712855699e-01 0.000000000000000000e+00 1.643000000000000114e+02
3.654539238854768168e+00 -5.783528065150315811e+00 0.000000000000000000e+00 -1.345050289559290846e-01 -2.122469660712944517e-01 0.000000000000000000e+00 1.644000000000000057e+02
3.641088735959175260e+00 -5.804752761757445256e+00 0.000000000000000000e+00 -1.345050289559290846e-01 -2.122469660712944517e-01 0.000000000000000000e+00 1.645000000000000000e+02
3.627638233063581907e+00 -5.825977458364574701e+00 0.000000000000000000e+00 -1.345050289559335255e-01 -2.122469660712944517e-01 0.000000000000000000e+00 1.646000000000000227e+02
3.614187730167988999e+00 -5.847202154971704147e+00 0.000000000000000000e+00 -1.345050289559290846e-01 -2.122469660712944517e-01 0.000000000000000000e+00 1.647000000000000171e+02
3.601372386140444526e+00 -5.867974031828555148e+00 0.000000000000000000e+00 -1.281534402754447299e-01 -2.077187685685100149e-01 0.000000000000000000e+00 1.648000000000000114e+02
3.588674945850149012e+00 -5.888661852327945034e+00 0.000000000000000000e+00 -1.269744029029551413e-01 -2.068782049938988621e-01 0.000000000000000000e+00 1.649000000000000057e+02
3.575977505559853942e+00 -5.909349672827334032e+00 0.000000000000000000e+00 -1.269744029029507004e-01 -2.068782049938899803e-01 0.000000000000000000e+00 1.650000000000000000e+02
3.563280065269558428e+00 -5.930037493326723919e+00 0.000000000000000000e+00 -1.269744029029551413e-01 -2.068782049938988621e-01 0.000000000000000000e+00 1.651000000000000227e+02
3.550582624979263358e+00 -5.950725313826112917e+00 0.000000000000000000e+00 -1.269744029029507004e-01 -2.068782049938899803e-01 0.000000000000000000e+00 1.652000000000000171e+02
3.537680503642778529e+00 -5.971800972809640840e+00 0.000000000000000000e+00 -1.290212133648482862e-01 -2.107565898352792289e-01 0.000000000000000000e+00 1.653000000000000114e+02
3.523665181465430507e+00 -5.994985972812771458e+00 0.000000000000000000e+00 -1.401532217734802188e-01 -2.318500000313061804e-01 0.000000000000000000e+00 1.654000000000000057e+02
3.509649859288082485e+00 -6.018170972815902076e+00 0.000000000000000000e+00 -1.401532217734802188e-01 -2.318500000313061804e-01 0.000000000000000000e+00 1.655000000000000000e+02
3.495634537110734463e+00 -6.041355972819032694e+00 0.000000000000000000e+00 -1.401532217734802188e-01 -2.318500000313061804e-01 0.000000000000000000e+00 1.656000000000000227e+02
3.481619214933386441e+00 -6.064540972822164200e+00 0.000000000000000000e+00 -1.401532217734802188e-01 -2.318500000313150622e-01 0.000000000000000000e+00 1.657000000000000171e+02
3.467603892756038420e+00 -6.087725972825294818e+00 0.000000000000000000e+00 -1.401532217734802188e-01 -2.318500000313061804e-01 0.000000000000000000e+00 1.658000000000000114e+02
3.453588570578690398e+00 -6.110910972828425436e+00 0.000000000000000000e+00 -1.401532217734802188e-01 -2.318500000313061804e-01 0.000000000000000000e+00 1.659000000000000057e+02
3.439798893858437623e+00 -6.133413193708602051e+00 0.000000000000000000e+00 -1.378967672025277480e-01 -2.250222088017661548e-01 0.000000000000000000e+00 1.660000000000000000e+02
3.426062523980584640e+00 -6.155754113760614210e+00 0.000000000000000000e+00 -1.373636987785298302e-01 -2.234092005201215869e-01 0.000000000000000000e+00 1.661000000000000227e+02
3.412326154102731657e+00 -6.178095033812626369e+00 0.000000000000000000e+00 -1.373636987785298302e-01 -2.234092005201215869e-01 0.000000000000000000e+00 1.662000000000000171e+02
3.398589784224878674e+00 -6.200435953864638527e+00 0.000000000000000000e+00 -1.373636987785298302e-01 -2.234092005201215869e-01 0.000000000000000000e+00 1.663000000000000114e+02
3.384853414347025691e+00 -6.222776873916649798e+00 0.000000000000000000e+00 -1.373636987785298302e-01 -2.234092005201127051e-01 0.000000000000000000e+00 1.664000000000000057e+02
3.371117044469172708e+00 -6.245117793968661957e+00 0.000000000000000000e+00 -1.373636987785298302e-01 -2.234092005201215869e-01 0.000000000000000000e+00 1.665000000000000000e+02
3.355427170492877753e+00 -6.270438122987967766e+00 0.000000000000000000e+00 -1.568987397629495462e-01 -2.532032901930580948e-01 0.000000000000000000e+00 1.666000000000000227e+02
3.339363511803187023e+00 -6.296328534009053790e+00 0.000000000000000000e+00 -1.606365868969072963e-01 -2.589041102108602388e-01 0.000000000000000000e+00 1.667000000000000171e+02
3.323299853113495850e+00 -6.322218945030140702e+00 0.000000000000000000e+00 -1.606365868969117372e-01 -2.589041102108691206e-01 0.000000000000000000e+00 1.668000000000000114e+02
3.307236194423805120e+00 -6.348109356051226726e+00 0.000000000000000000e+00 -1.606365868969072963e-01 -2.589041102108602388e-01 0.000000000000000000e+00 1.669000000000000057e+02
3.291172535734114390e+00 -6.373999767072313638e+00 0.000000000000000000e+00 -1.606365868969072963e-01 -2.589041102108691206e-01 0.000000000000000000e+00 1.670000000000000000e+02
3.275108877044423661e+00 -6.399890178093400550e+00 0.000000000000000000e+00 -1.606365868969072963e-01 -2.589041102108691206e-01 0.000000000000000000e+00 1.671000000000000227e+02
3.259045218354732931e+00 -6.425780589114486574e+00 0.000000000000000000e+00 -1.606365868969072963e-01 -2.589041102108602388e-01 0.000000000000000000e+00 1.672000000000000171e+02
3.243257012568165454e+00 -6.451239874354162573e+00 0.000000000000000000e+00 -1.578820578656747742e-01 -2.545928523967599943e-01 0.000000000000000000e+00 1.673000000000000114e+02
3.230235609184601397e+00 -6.472368692082048902e+00 0.000000000000000000e+00 -1.302140338356405636e-01 -2.112881772788632873e-01 0.000000000000000000e+00 1.674000000000000057e+02
3.217214205801037341e+00 -6.493497509809934343e+00 0.000000000000000000e+00 -1.302140338356405636e-01 -2.112881772788544055e-01 0.000000000000000000e+00 1.675000000000000000e+02
3.204192802417472841e+00 -6.514626327537820671e+00 0.000000000000000000e+00 -1.302140338356450044e-01 -2.112881772788632873e-01 0.000000000000000000e+00 1.676000000000000227e+02
3.191171399033908784e+00 -6.535755145265707000e+00 0.000000000000000000e+00 -1.302140338356405636e-01 -2.112881772788632873e-01 0.000000000000000000e+00 1.677000000000000171e+02
3.178149995650344728e+00 -6.556883962993593329e+00 0.000000000000000000e+00 -1.302140338356405636e-01 -2.112881772788632873e-01 0.000000000000000000e+00 1.678000000000000114e+02
3.165564499577579571e+00 -6.576977164090954453e+00 0.000000000000000000e+00 -1.258549607276515658e-01 -2.009320109736112414e-01 0.000000000000000000e+00 1.679000000000000057e+02
3.153104763566897617e+00 -6.596771587882857446e+00 0.000000000000000000e+00 -1.245973601068195435e-01 -1.979442379190299306e-01 0.000000000000000000e+00 1.680000000000000000e+02
3.140645027556216107e+00 -6.616566011674761327e+00 0.000000000000000000e+00 -1.245973601068151027e-01 -1.979442379190388124e-01 0.000000000000000000e+00 1.681000000000000227e+02
3.128185291545534596e+00 -6.636360435466664320e+00 0.000000000000000000e+00 -1.245973601068151027e-01 -1.979442379190299306e-01 0.000000000000000000e+00 1.682000000000000171e+02
3.115725555534853086e+00 -6.656154859258567313e+00 0.000000000000000000e+00 -1.245973601068151027e-01 -1.979442379190299306e-01 0.000000000000000000e+00 1.683000000000000114e+02
3.103034175059195654e+00 -6.676571991323909216e+00 0.000000000000000000e+00 -1.269138047565743221e-01 -2.041713206534190306e-01 0.000000000000000000e+00 1.684000000000000057e+02
3.089935250562970914e+00 -6.698084686080221672e+00 0.000000000000000000e+00 -1.309892449622473976e-01 -2.151269475631245598e-01 0.000000000000000000e+00 1.685000000000000000e+02
3.076836326066746174e+00 -6.719597380836535017e+00 0.000000000000000000e+00 -1.309892449622473976e-01 -2.151269475631334416e-01 0.000000000000000000e+00 1.686000000000000227e+02
3.063737401570521435e+00 -6.741110075592847473e+00 0.000000000000000000e+00 -1.309892449622473976e-01 -2.151269475631245598e-01 0.000000000000000000e+00 1.687000000000000171e+02
3.050638477074296695e+00 -6.762622770349159929e+00 0.000000000000000000e+00 -1.309892449622473976e-01 -2.151269475631245598e-01 0.000000000000000000e+00 1.688000000000000114e+02
3.037539552578071955e+00 -6.784135465105473273e+00 0.000000000000000000e+00 -1.309892449622473976e-01 -2.151269475631334416e-01 0.000000000000000000e+00 1.689000000000000057e+02
3.027254234905036867e+00 -6.806197770570769023e+00 0.000000000000000000e+00 -1.028531767303508815e-01 -2.206230546529575065e-01 0.000000000000000000e+00 1.690000000000000000e+02
3.019319000183860791e+00 -6.828719141868112352e+00 0.000000000000000000e+00 -7.935234721176076533e-02 -2.252137129734332888e-01 0.000000000000000000e+00 1.691000000000000227e+02
3.011383765462685158e+00 -6.851240513165454793e+00 0.000000000000000000e+00 -7.935234721175632444e-02 -2.252137129734244070e-01 0.000000000000000000e+00 1.692000000000000171e+02
3.003448530741509082e+00 -6.873761884462797234e+00 0.000000000000000000e+00 -7.935234721176076533e-02 -2.252137129734244070e-01 0.000000000000000000e+00 1.693000000000000114e+02
2.995513296020333005e+00 -6.896283255760140563e+00 0.000000000000000000e+00 -7.935234721176076533e-02 -2.252137129734332888e-01 0.000000000000000000e+00 1.694000000000000057e+02
2.987578061299156928e+00 -6.918804627057483003e+00 0.000000000000000000e+00 -7.935234721176076533e-02 -2.252137129734244070e-01 0.000000000000000000e+00 1.695000000000000000e+02
2.991017124498481117e+00 -6.941104231457103424e+00 0.000000000000000000e+00 3.439063199324188247e-02 -2.229960439962042074e-01 0.000000000000000000e+00 1.696000000000000227e+02
2.999509108788042333e+00 -6.963305318071938643e+00 0.000000000000000000e+00 8.491984289561216315e-02 -2.220108661483521928e-01 0.000000000000000000e+00 1.697000000000000171e+02
3.008001093077603549e+00 -6.985506404686773863e+00 0.000000000000000000e+00 8.491984289561216315e-02 -2.220108661483521928e-01 0.000000000000000000e+00 1.698000000000000114e+02
3.016493077367164766e+00 -7.007707491301609082e+00 0.000000000000000000e+00 8.491984289561216315e-02 -2.220108661483521928e-01 0.000000000000000000e+00 1.699000000000000057e+02
3.024985061656725982e+00 -7.029908577916444301e+00 0.000000000000000000e+00 8.491984289561216315e-02 -2.220108661483521928e-01 0.000000000000000000e+00 1.700000000000000000e+02
3.033477045946286754e+00 -7.052109664531279520e+00 0.000000000000000000e+00 8.491984289560772226e-02 -2.220108661483521928e-01 0.000000000000000000e+00 1.701000000000000227e+02
3.047298890042045905e+00 -7.075852480774372566e+00 0.000000000000000000e+00 1.382184409575915041e-01 -2.374281624309304561e-01 0.000000000000000000e+00 1.702000000000000171e+02
3.061385386925032037e+00 -7.099671851196769801e+00 0.000000000000000000e+00 1.408649688298613256e-01 -2.381937042239723468e-01 0.000000000000000000e+00 1.703000000000000114e+02
3.075471883808018170e+00 -7.123491221619167035e+00 0.000000000000000000e+00 1.408649688298613256e-01 -2.381937042239723468e-01 0.000000000000000000e+00 1.704000000000000057e+02
3.089558380691003858e+00 -7.147310592041564270e+00 0.000000000000000000e+00 1.408649688298568847e-01 -2.381937042239723468e-01 0.000000000000000000e+00 1.705000000000000000e+02
3.103644877573989991e+00 -7.171129962463960617e+00 0.000000000000000000e+00 1.408649688298613256e-01 -2.381937042239634650e-01 0.000000000000000000e+00 1.706000000000000227e+02
3.117731374456976123e+00 -7.194949332886357851e+00 0.000000000000000000e+00 1.408649688298613256e-01 -2.381937042239723468e-01 0.000000000000000000e+00 1.707000000000000171e+02
3.132725460792147754e+00 -7.220265744527909924e+00 0.000000000000000000e+00 1.499408633517163025e-01 -2.531641164155207235e-01 0.000000000000000000e+00 1.708000000000000114e+02
3.148912847836290219e+00 -7.247550469423734931e+00 0.000000000000000000e+00 1.618738704414246499e-01 -2.728472489582500771e-01 0.000000000000000000e+00 1.709000000000000057e+02
3.165100234880433128e+00 -7.274835194319559939e+00 0.000000000000000000e+00 1.618738704414290908e-01 -2.728472489582500771e-01 0.000000000000000000e+00 1.710000000000000000e+02
3.181287621924575593e+00 -7.302119919215384947e+00 0.000000000000000000e+00 1.618738704414246499e-01 -2.728472489582500771e-01 0.000000000000000000e+00 1.711000000000000227e+02
3.197475008968718058e+00 -7.329404644111209954e+00 0.000000000000000000e+00 1.618738704414246499e-01 -2.728472489582500771e-01 0.000000000000000000e+00 1.712000000000000171e+02
3.213662396012860967e+00 -7.356689369007035850e+00 0.000000000000000000e+00 1.618738704414290908e-01 -2.728472489582589589e-01 0.000000000000000000e+00 1.713000000000000114e+02
3.229849783057003432e+00 -7.383974093902860858e+00 0.000000000000000000e+00 1.618738704414246499e-01 -2.728472489582500771e-01 0.000000000000000000e+00 1.714000000000000057e+02
3.246037170101145897e+00 -7.411258818798685866e+00 0.000000000000000000e+00 1.618738704414246499e-01 -2.728472489582500771e-01 0.000000000000000000e+00 1.715000000000000000e+02
3.260981386945023264e+00 -7.436440695375491572e+00 0.000000000000000000e+00 1.494421684387736704e-01 -2.518187657680570624e-01 0.000000000000000000e+00 1.716000000000000227e+02
3.273948754095153291e+00 -7.458278689469784339e+00 0.000000000000000000e+00 1.296736715013002694e-01 -2.183799409429276750e-01 0.000000000000000000e+00 1.717000000000000171e+02
3.286916121245283762e+00 -7.480116683564076219e+00 0.000000000000000000e+00 1.296736715013047103e-01 -2.183799409429187932e-01 0.000000000000000000e+00 1.718000000000000114e+02
3.299883488395413789e+00 -7.501954677658368986e+00 0.000000000000000000e+00 1.296736715013002694e-01 -2.183799409429276750e-01 0.000000000000000000e+00 1.719000000000000057e+02
3.312850855545543816e+00 -7.523792671752660866e+00 0.000000000000000000e+00 1.296736715013002694e-01 -2.183799409429187932e-01 0.000000000000000000e+00 1.720000000000000000e+02
3.325818222695674287e+00 -7.545630665846953633e+00 0.000000000000000000e+00 1.296736715013047103e-01 -2.183799409429276750e-01 0.000000000000000000e+00 1.721000000000000227e+02
3.338544440672754909e+00 -7.567024967316779538e+00 0.000000000000000000e+00 1.272621797708062275e-01 -2.139430146982590486e-01 0.000000000000000000e+00 1.722000000000000171e+02
3.351246297589721479e+00 -7.588374446643695315e+00 0.000000000000000000e+00 1.270185691696656960e-01 -2.134947932691577677e-01 0.000000000000000000e+00 1.723000000000000114e+02
3.363948154506688049e+00 -7.609723925970611980e+00 0.000000000000000000e+00 1.270185691696656960e-01 -2.134947932691666495e-01 0.000000000000000000e+00 1.724000000000000057e+02
3.376650011423654618e+00 -7.631073405297527756e+00 0.000000000000000000e+00 1.270185691696656960e-01 -2.134947932691577677e-01 0.000000000000000000e+00 1.725000000000000000e+02
3.389351868340621188e+00 -7.652422884624443533e+00 0.000000000000000000e+00 1.270185691696656960e-01 -2.134947932691577677e-01 0.000000000000000000e+00 1.726000000000000227e+02
3.403498680579982949e+00 -7.676568919309279870e+00 0.000000000000000000e+00 1.414681223936176124e-01 -2.414603468483633719e-01 0.000000000000000000e+00 1.727000000000000171e+02
3.418897513645917208e+00 -7.703138105420676673e+00 0.000000000000000000e+00 1.539883306593425871e-01 -2.656918611139680308e-01 0.000000000000000000e+00 1.728000000000000114e+02
3.434296346711851466e+00 -7.729707291532073477e+00 0.000000000000000000e+00 1.539883306593425871e-01 -2.656918611139680308e-01 0.000000000000000000e+00 1.729000000000000057e+02
3.449695179777785725e+00 -7.756276477643470280e+00 0.000000000000000000e+00 1.539883306593425871e-01 -2.656918611139680308e-01 0.000000000000000000e+00 1.730000000000000000e+02
3.465094012843720428e+00 -7.782845663754867083e+00 0.000000000000000000e+00 1.539883306593470280e-01 -2.656918611139680308e-01 0.000000000000000000e+00 1.731000000000000227e+02
3.480492845909654687e+00 -7.809414849866263886e+00 0.000000000000000000e+00 1.539883306593425871e-01 -2.656918611139680308e-01 0.000000000000000000e+00 1.732000000000000171e+02
3.495891678975588945e+00 -7.835984035977660689e+00 0.000000000000000000e+00 1.539883306593425871e-01 -2.656918611139680308e-01 0.000000000000000000e+00 1.733000000000000114e+02
3.511290512041523204e+00 -7.862553222089057492e+00 0.000000000000000000e+00 1.539883306593425871e-01 -2.656918611139680308e-01 0.000000000000000000e+00 1.734000000000000057e+02
3.525704143379281064e+00 -7.887614840779630931e+00 0.000000000000000000e+00 1.441363133775785954e-01 -2.506161869057343949e-01 0.000000000000000000e+00 1.735000000000000000e+02
3.537603068054491651e+00 -7.908828425378342075e+00 0.000000000000000000e+00 1.189892467521058705e-01 -2.121358459871114377e-01 0.000000000000000000e+00 1.736000000000000227e+02
3.549501992729702238e+00 -7.930042009977053219e+00 0.000000000000000000e+00 1.189892467521058705e-01 -2.121358459871114377e-01 0.000000000000000000e+00 1.737000000000000171e+02
3.561400917404912381e+00 -7.951255594575764363e+00 0.000000000000000000e+00 1.189892467521014296e-01 -2.121358459871114377e-01 0.000000000000000000e+00 1.738000000000000114e+02
3.573299842080122968e+00 -7.972469179174474618e+00 0.000000000000000000e+00 1.189892467521058705e-01 -2.121358459871025559e-01 0.000000000000000000e+00 1.739000000000000057e+02
3.585051788893507840e+00 -7.993330484304628669e+00 0.000000000000000000e+00 1.175194681338487257e-01 -2.086130513015405086e-01 0.000000000000000000e+00 1.740000000000000000e+02
3.596028865027067312e+00 -8.012334563945858079e+00 0.000000000000000000e+00 1.097707613355947132e-01 -1.900407964122940996e-01 0.000000000000000000e+00 1.741000000000000227e+02
3.607005941160626783e+00 -8.031338643587087489e+00 0.000000000000000000e+00 1.097707613355947132e-01 -1.900407964122940996e-01 0.000000000000000000e+00 1.742000000000000171e+02
3.617983017294186254e+00 -8.050342723228318675e+00 0.000000000000000000e+00 1.097707613355947132e-01 -1.900407964123118632e-01 0.000000000000000000e+00 1.743000000000000114e+02
3.628960093427745726e+00 -8.069346802869548085e+00 0.000000000000000000e+00 1.097707613355947132e-01 -1.900407964122940996e-01 0.000000000000000000e+00 1.744000000000000057e+02
3.639964672723976058e+00 -8.088399314940517115e+00 0.000000000000000000e+00 1.100457929623033237e-01 -1.905251207096902988e-01 0.000000000000000000e+00 1.745000000000000000e+02
3.652128273189384267e+00 -8.109492836331588350e+00 0.000000000000000000e+00 1.216360046540820861e-01 -2.109352139107123492e-01 0.000000000000000000e+00 1.746000000000000227e+02
3.664291873654792031e+00 -8.130586357722661361e+00 0.000000000000000000e+00 1.216360046540776452e-01 -2.109352139107301127e-01 0.000000000000000000e+00 1.747000000000000171e+02
3.676455474120199796e+00 -8.151679879113732596e+00 0.000000000000000000e+00 1.216360046540776452e-01 -2.109352139107123492e-01 0.000000000000000000e+00 1.748000000000000114e+02
3.688619074585608004e+00 -8.172773400504803831e+00 0.000000000000000000e+00 1.216360046540820861e-01 -2.109352139107123492e-01 0.000000000000000000e+00 1.749000000000000057e+02
3.700782675051015769e+00 -8.193866921895876843e+00 0.000000000000000000e+00 1.216360046540776452e-01 -2.109352139107301127e-01 0.000000000000000000e+00 1.750000000000000000e+02
3.712919127130433150e+00 -8.215665979228166549e+00 0.000000000000000000e+00 1.213645207941738136e-01 -2.179905733228970632e-01 0.000000000000000000e+00 1.751000000000000227e+02
3.725001778782490280e+00 -8.238863209371503515e+00 0.000000000000000000e+00 1.208265165205713032e-01 -2.319723014333696653e-01 0.000000000000000000e+00 1.752000000000000171e+02
3.737084430434547411e+00 -8.262060439514840482e+00 0.000000000000000000e+00 1.208265165205713032e-01 -2.319723014333696653e-01 0.000000000000000000e+00 1.753000000000000114e+02
3.749167082086604541e+00 -8.285257669658175672e+00 0.000000000000000000e+00 1.208265165205713032e-01 -2.319723014333519018e-01 0.000000000000000000e+00 1.754000000000000057e+02
3.761249733738661671e+00 -8.308454899801512639e+00 0.000000000000000000e+00 1.208265165205713032e-01 -2.319723014333696653e-01 0.000000000000000000e+00 1.755000000000000000e+02
3.773332385390718802e+00 -8.331652129944849605e+00 0.000000000000000000e+00 1.208265165205713032e-01 -2.319723014333696653e-01 0.000000000000000000e+00 1.756000000000000227e+02
3.782985910314288436e+00 -8.356648230951893908e+00 0.000000000000000000e+00 9.653524923569634097e-02 -2.499610100704430238e-01 0.000000000000000000e+00 1.757000000000000171e+02
3.785968177413102875e+00 -8.386584679938522413e+00 0.000000000000000000e+00 2.982267098814439521e-02 -2.993644898662850551e-01 0.000000000000000000e+00 1.758000000000000114e+02
3.788950444511916871e+00 -8.416521128925150919e+00 0.000000000000000000e+00 2.982267098813995432e-02 -2.993644898662850551e-01 0.000000000000000000e+00 1.759000000000000057e+02
3.791932711610731310e+00 -8.446457577911781200e+00 0.000000000000000000e+00 2.982267098814439521e-02 -2.993644898663028187e-01 0.000000000000000000e+00 1.760000000000000000e+02
3.794914978709545750e+00 -8.476394026898409706e+00 0.000000000000000000e+00 2.982267098814439521e-02 -2.993644898662850551e-01 0.000000000000000000e+00 1.761000000000000227e+02
3.797897245808360189e+00 -8.506330475885038211e+00 0.000000000000000000e+00 2.982267098814439521e-02 -2.993644898662850551e-01 0.000000000000000000e+00 1.762000000000000171e+02
3.800879512907174629e+00 -8.536266924871666717e+00 0.000000000000000000e+00 2.982267098814439521e-02 -2.993644898662850551e-01 0.000000000000000000e+00 1.763000000000000114e+02
3.803704143306041896e+00 -8.566242918718529609e+00 0.000000000000000000e+00 2.824630398867267189e-02 -2.997599384686289170e-01 0.000000000000000000e+00 1.764000000000000057e+02
3.804990958091508446e+00 -8.596604690138246241e+00 0.000000000000000000e+00 1.286814785466550148e-02 -3.036177141971663218e-01 0.000000000000000000e+00 1.765000000000000000e+02
3.806277772876974996e+00 -8.626966461557961097e+00 0.000000000000000000e+00 1.286814785466550148e-02 -3.036177141971485582e-01 0.000000000000000000e+00 1.766000000000000227e+02
3.807564587662441546e+00 -8.657328232977675952e+00 0.000000000000000000e+00 1.286814785466550148e-02 -3.036177141971485582e-01 0.000000000000000000e+00 1.767000000000000171e+02
3.808851402447908097e+00 -8.687690004397392585e+00 0.000000000000000000e+00 1.286814785466550148e-02 -3.036177141971663218e-01 0.000000000000000000e+00 1.768000000000000114e+02
3.810138217233374647e+00 -8.718051775817107441e+00 0.000000000000000000e+00 1.286814785466550148e-02 -3.036177141971485582e-01 0.000000000000000000e+00 1.769000000000000057e+02
3.811425032018841197e+00 -8.748413547236824073e+00 0.000000000000000000e+00 1.286814785466550148e-02 -3.036177141971663218e-01 0.000000000000000000e+00 1.770000000000000000e+02
3.812711846804307747e+00 -8.778775318656538929e+00 0.000000000000000000e+00 1.286814785466550148e-02 -3.036177141971485582e-01 0.000000000000000000e+00 1.771000000000000227e+02
3.813465813740204879e+00 -8.808609362827047207e+00 0.000000000000000000e+00 7.539669358971323732e-03 -2.983404417050827817e-01 0.000000000000000000e+00 1.772000000000000171e+02
3.814198831916309818e+00 -8.838422659552692906e+00 0.000000000000000000e+00 7.330181761049381350e-03 -2.981329672564569933e-01 0.000000000000000000e+00 1.773000000000000114e+02
3.814931850092414756e+00 -8.868235956278338605e+00 0.000000000000000000e+00 7.330181761049381350e-03 -2.981329672564569933e-01 0.000000000000000000e+00 1.774000000000000057e+02
3.815664868268519694e+00 -8.898049253003984305e+00 0.000000000000000000e+00 7.330181761049381350e-03 -2.981329672564569933e-01 0.000000000000000000e+00 1.775000000000000000e+02
3.816397886444624632e+00 -8.927862549729630004e+00 0.000000000000000000e+00 7.330181761049381350e-03 -2.981329672564569933e-01 0.000000000000000000e+00 1.776000000000000227e+02
3.817130904620729570e+00 -8.957675846455275703e+00 0.000000000000000000e+00 7.330181761049381350e-03 -2.981329672564569933e-01 0.000000000000000000e+00 1.777000000000000171e+02
3.817863922796834508e+00 -8.987489143180921403e+00 0.000000000000000000e+00 7.330181761049381350e-03 -2.981329672564569933e-01 0.000000000000000000e+00 1.778000000000000114e+02
3.817905415178480144e+00 -9.016926531209165319e+00 0.000000000000000000e+00 4.149238164563584519e-04 -2.943738802824391598e-01 0.000000000000000000e+00 1.779000000000000057e+02
3.817926959951868593e+00 -9.046353075853840409e+00 0.000000000000000000e+00 2.154477338844884571e-04 -2.942654464467509001e-01 0.000000000000000000e+00 1.780000000000000000e+02
3.817948504725257486e+00 -9.075779620498515499e+00 0.000000000000000000e+00 2.154477338889293492e-04 -2.942654464467509001e-01 0.000000000000000000e+00 1.781000000000000227e+02
3.817970049498645935e+00 -9.105206165143190589e+00 0.000000000000000000e+00 2.154477338844884571e-04 -2.942654464467509001e-01 0.000000000000000000e+00 1.782000000000000171e+02
3.817991594272034384e+00 -9.134632709787867455e+00 0.000000000000000000e+00 2.154477338844884571e-04 -2.942654464467686637e-01 0.000000000000000000e+00 1.783000000000000114e+02
3.818013139045422832e+00 -9.164059254432542545e+00 0.000000000000000000e+00 2.154477338844884571e-04 -2.942654464467509001e-01 0.000000000000000000e+00 1.784000000000000057e+02
3.818034683818811281e+00 -9.193485799077217635e+00 0.000000000000000000e+00 2.154477338844884571e-04 -2.942654464467509001e-01 0.000000000000000000e+00 1.785000000000000000e+02
3.817669481885644256e+00 -9.219633748694805675e+00 0.000000000000000000e+00 -3.652019331670253166e-03 -2.614794961758803993e-01 0.000000000000000000e+00 1.786000000000000227e+02
3.817300596843105964e+00 -9.245750475230554599e+00 0.000000000000000000e+00 -3.688850425382916853e-03 -2.611672653574892422e-01 0.000000000000000000e+00 1.787000000000000171e+02
3.816931711800567673e+00 -9.271867201766305300e+00 0.000000000000000000e+00 -3.688850425382916853e-03 -2.611672653575070058e-01 0.000000000000000000e+00 1.788000000000000114e+02
3.816562826758029381e+00 -9.297983928302054224e+00 0.000000000000000000e+00 -3.688850425382916853e-03 -2.611672653574892422e-01 0.000000000000000000e+00 1.789000000000000057e+02
3.816193941715491089e+00 -9.324100654837803148e+00 0.000000000000000000e+00 -3.688850425382916853e-03 -2.611672653574892422e-01 0.000000000000000000e+00 1.790000000000000000e+02
3.815825056672952797e+00 -9.350217381373553849e+00 0.000000000000000000e+00 -3.688850425382916853e-03 -2.611672653575070058e-01 0.000000000000000000e+00 1.791000000000000227e+02
3.817380733448252794e+00 -9.374962158179421579e+00 0.000000000000000000e+00 1.555676775299996706e-02 -2.474477680586772976e-01 0.000000000000000000e+00 1.792000000000000171e+02
3.819152838754016788e+00 -9.399552651001707559e+00 0.000000000000000000e+00 1.772105305763993499e-02 -2.459049282228598088e-01 0.000000000000000000e+00 1.793000000000000114e+02
3.820924944059780781e+00 -9.424143143823991764e+00 0.000000000000000000e+00 1.772105305763993499e-02 -2.459049282228420452e-01 0.000000000000000000e+00 1.794000000000000057e+02
3.822697049365544775e+00 -9.448733636646277745e+00 0.000000000000000000e+00 1.772105305763993499e-02 -2.459049282228598088e-01 0.000000000000000000e+00 1.795000000000000000e+02
3.824469154671308768e+00 -9.473324129468561949e+00 0.000000000000000000e+00 1.772105305763993499e-02 -2.459049282228420452e-01 0.000000000000000000e+00 1.796000000000000227e+02
3.826290530020950875e+00 -9.498862794804972864e+00 0.000000000000000000e+00 1.821375349642107011e-02 -2.553866533641091507e-01 0.000000000000000000e+00 1.797000000000000171e+02
3.828261918264521224e+00 -9.527288368526129148e+00 0.000000000000000000e+00 1.971388243570348919e-02 -2.842557372115628311e-01 0.000000000000000000e+00 1.798000000000000114e+02
3.830233306508092017e+00 -9.555713942247285431e+00 0.000000000000000000e+00 1.971388243570793009e-02 -2.842557372115628311e-01 0.000000000000000000e+00 1.799000000000000057e+02
3.832204694751662810e+00 -9.584139515968441714e+00 0.000000000000000000e+00 1.971388243570793009e-02 -2.842557372115628311e-01 0.000000000000000000e+00 1.800000000000000000e+02
3.834176082995233603e+00 -9.612565089689599773e+00 0.000000000000000000e+00 1.971388243570793009e-02 -2.842557372115805947e-01 0.000000000000000000e+00 1.801000000000000227e+02
3.836147471238803952e+00 -9.640990663410756056e+00 0.000000000000000000e+00 1.971388243570348919e-02 -2.842557372115628311e-01 0.000000000000000000e+00 1.802000000000000171e+02
3.838118859482374745e+00 -9.669416237131912339e+00 0.000000000000000000e+00 1.971388243570793009e-02 -2.842557372115628311e-01 0.000000000000000000e+00 1.803000000000000114e+02
3.839020648821513060e+00 -9.698300940653872715e+00 0.000000000000000000e+00 9.017893391383147161e-03 -2.888470352196037538e-01 0.000000000000000000e+00 1.804000000000000057e+02
3.838640616164266994e+00 -9.727735871625979414e+00 0.000000000000000000e+00 -3.800326572460654972e-03 -2.943493097210669873e-01 0.000000000000000000e+00 1.805000000000000000e+02
3.838260583507020485e+00 -9.757170802598086112e+00 0.000000000000000000e+00 -3.800326572465095865e-03 -2.943493097210669873e-01 0.000000000000000000e+00 1.806000000000000227e+02
3.837880550849774419e+00 -9.786605733570192811e+00 0.000000000000000000e+00 -3.800326572460654972e-03 -2.943493097210669873e-01 0.000000000000000000e+00 1.807000000000000171e+02
3.837500518192527910e+00 -9.816040664542299510e+00 0.000000000000000000e+00 -3.800326572465095865e-03 -2.943493097210669873e-01 0.000000000000000000e+00 1.808000000000000114e+02
3.837120485535281844e+00 -9.845475595514406209e+00 0.000000000000000000e+00 -3.800326572460654972e-03 -2.943493097210669873e-01 0.000000000000000000e+00 1.809000000000000057e+02
3.836740452878035779e+00 -9.874910526486512907e+00 0.000000000000000000e+00 -3.800326572460654972e-03 -2.943493097210669873e-01 0.000000000000000000e+00 1.810000000000000000e+02
3.833765124896061138e+00 -9.902255045111115095e+00 0.000000000000000000e+00 -2.975327981974640323e-02 -2.734451862460218763e-01 0.000000000000000000e+00 1.811000000000000227e+02
3.828318594154180854e+00 -9.927609103261611168e+00 0.000000000000000000e+00 -5.446530741880284410e-02 -2.535405815049607270e-01 0.000000000000000000e+00 1.812000000000000171e+02
3.822872063412300569e+00 -9.952963161412109017e+00 0.000000000000000000e+00 -5.446530741880284410e-02 -2.535405815049784906e-01 0.000000000000000000e+00 1.813000000000000114e+02
3.817425532670420285e+00 -9.978317219562605089e+00 0.000000000000000000e+00 -5.446530741880284410e-02 -2.535405815049607270e-01 0.000000000000000000e+00 1.814000000000000057e+02
3.811979001928540001e+00 -1.000367127771310294e+01 0.000000000000000000e+00 -5.446530741880284410e-02 -2.535405815049784906e-01 0.000000000000000000e+00 1.815000000000000000e+02
3.806532471186659716e+00 -1.002902533586359901e+01 0.000000000000000000e+00 -5.446530741880284410e-02 -2.535405815049607270e-01 0.000000000000000000e+00 1.816000000000000227e+02
3.801452552103009808e+00 -1.005494236855877510e+01 0.000000000000000000e+00 -5.079919083649908629e-02 -2.591703269517608987e-01 0.000000000000000000e+00 1.817000000000000171e+02
3.796778992022589172e+00 -1.008148341243767199e+01 0.000000000000000000e+00 -4.673560080420635643e-02 -2.654104387889688610e-01 0.000000000000000000e+00 1.818000000000000114e+02
3.792105431942168536e+00 -1.010802445631656887e+01 0.000000000000000000e+00 -4.673560080420635643e-02 -2.654104387889688610e-01 0.000000000000000000e+00 1.819000000000000057e+02
3.787431871861747901e+00 -1.013456550019546576e+01 0.000000000000000000e+00 -4.673560080420635643e-02 -2.654104387889688610e-01 0.000000000000000000e+00 1.820000000000000000e+02
3.782758311781327265e+00 -1.016110654407436265e+01 0.000000000000000000e+00 -4.673560080420635643e-02 -2.654104387889688610e-01 0.000000000000000000e+00 1.821000000000000227e+02
3.778084751700906629e+00 -1.018764758795325953e+01 0.000000000000000000e+00 -4.673560080420635643e-02 -2.654104387889688610e-01 0.000000000000000000e+00 1.822000000000000171e+02
3.773456887833038564e+00 -1.021384745907341163e+01 0.000000000000000000e+00 -4.627863867868065029e-02 -2.619987112015209618e-01 0.000000000000000000e+00 1.823000000000000114e+02
3.769126461303779152e+00 -1.023782663154703165e+01 0.000000000000000000e+00 -4.330426529259412405e-02 -2.397917247362002513e-01 0.000000000000000000e+00 1.824000000000000057e+02
3.764796034774519740e+00 -1.026180580402065168e+01 0.000000000000000000e+00 -4.330426529259412405e-02 -2.397917247362002513e-01 0.000000000000000000e+00 1.825000000000000000e+02
3.760465608245260327e+00 -1.028578497649427170e+01 0.000000000000000000e+00 -4.330426529259412405e-02 -2.397917247362002513e-01 0.000000000000000000e+00 1.826000000000000227e+02
3.756135181716001359e+00 -1.030976414896788995e+01 0.000000000000000000e+00 -4.330426529258968316e-02 -2.397917247361824877e-01 0.000000000000000000e+00 1.827000000000000171e+02
3.751804755186741946e+00 -1.033374332144150998e+01 0.000000000000000000e+00 -4.330426529259412405e-02 -2.397917247362002513e-01 0.000000000000000000e+00 1.828000000000000114e+02
3.747508087636000962e+00 -1.035787321344881740e+01 0.000000000000000000e+00 -4.296667550740984609e-02 -2.412989200730741857e-01 0.000000000000000000e+00 1.829000000000000057e+02
3.743262843075704449e+00 -1.038223268731792182e+01 0.000000000000000000e+00 -4.245244560296512759e-02 -2.435947386910441992e-01 0.000000000000000000e+00 1.830000000000000000e+02
3.739017598515407936e+00 -1.040659216118702801e+01 0.000000000000000000e+00 -4.245244560296512759e-02 -2.435947386910619628e-01 0.000000000000000000e+00 1.831000000000000227e+02
3.734772353955111424e+00 -1.043095163505613243e+01 0.000000000000000000e+00 -4.245244560296512759e-02 -2.435947386910441992e-01 0.000000000000000000e+00 1.832000000000000171e+02
3.730527109394814911e+00 -1.045531110892523685e+01 0.000000000000000000e+00 -4.245244560296512759e-02 -2.435947386910441992e-01 0.000000000000000000e+00 1.833000000000000114e+02
3.726281864834518398e+00 -1.047967058279434127e+01 0.000000000000000000e+00 -4.245244560296512759e-02 -2.435947386910441992e-01 0.000000000000000000e+00 1.834000000000000057e+02
3.721824377503728076e+00 -1.050457678578259468e+01 0.000000000000000000e+00 -4.457487330790321778e-02 -2.490620298825341195e-01 0.000000000000000000e+00 1.835000000000000000e+02
3.717194035171890398e+00 -1.052992825652834696e+01 0.000000000000000000e+00 -4.630342331837677960e-02 -2.535147074575228032e-01 0.000000000000000000e+00 1.836000000000000227e+02
3.712563692840053164e+00 -1.055527972727409747e+01 0.000000000000000000e+00 -4.630342331837233871e-02 -2.535147074575050397e-01 0.000000000000000000e+00 1.837000000000000171e+02
3.707933350508215931e+00 -1.058063119801984797e+01 0.000000000000000000e+00 -4.630342331837233871e-02 -2.535147074575050397e-01 0.000000000000000000e+00 1.838000000000000114e+02
3.703303008176378253e+00 -1.060598266876559848e+01 0.000000000000000000e+00 -4.630342331837677960e-02 -2.535147074575050397e-01 0.000000000000000000e+00 1.839000000000000057e+02
3.698672665844541019e+00 -1.063133413951134898e+01 0.000000000000000000e+00 -4.630342331837233871e-02 -2.535147074575050397e-01 0.000000000000000000e+00 1.840000000000000000e+02
3.694188443726550197e+00 -1.065533974664040251e+01 0.000000000000000000e+00 -4.484222117990821488e-02 -2.400560712905353000e-01 0.000000000000000000e+00 1.841000000000000227e+02
3.689958419556076841e+00 -1.067700402288855521e+01 0.000000000000000000e+00 -4.230024170473356548e-02 -2.166427624815270292e-01 0.000000000000000000e+00 1.842000000000000171e+02
3.685728395385603040e+00 -1.069866829913670792e+01 0.000000000000000000e+00 -4.230024170473800638e-02 -2.166427624815270292e-01 0.000000000000000000e+00 1.843000000000000114e+02
3.681498371215129684e+00 -1.072033257538486062e+01 0.000000000000000000e+00 -4.230024170473356548e-02 -2.166427624815270292e-01 0.000000000000000000e+00 1.844000000000000057e+02
3.677268347044655883e+00 -1.074199685163301332e+01 0.000000000000000000e+00 -4.230024170473800638e-02 -2.166427624815270292e-01 0.000000000000000000e+00 1.845000000000000000e+02
3.673700394480392095e+00 -1.076407849660760618e+01 0.000000000000000000e+00 -3.567952564263787707e-02 -2.208164497459286224e-01 0.000000000000000000e+00 1.846000000000000227e+02
3.673485362754504546e+00 -1.078827381673009000e+01 0.000000000000000000e+00 -2.150317258875489301e-03 -2.419532012248382102e-01 0.000000000000000000e+00 1.847000000000000171e+02
3.673270331028616997e+00 -1.081246913685257205e+01 0.000000000000000000e+00 -2.150317258875489301e-03 -2.419532012248204467e-01 0.000000000000000000e+00 1.848000000000000114e+02
3.673055299302729004e+00 -1.083666445697505409e+01 0.000000000000000000e+00 -2.150317258879930193e-03 -2.419532012248204467e-01 0.000000000000000000e+00 1.849000000000000057e+02
3.672840267576841455e+00 -1.086085977709753614e+01 0.000000000000000000e+00 -2.150317258875489301e-03 -2.419532012248204467e-01 0.000000000000000000e+00 1.850000000000000000e+02
3.672625235850953906e+00 -1.088505509722001818e+01 0.000000000000000000e+00 -2.150317258875489301e-03 -2.419532012248204467e-01 0.000000000000000000e+00 1.851000000000000227e+02
3.677491488490199689e+00 -1.090825823457491417e+01 0.000000000000000000e+00 4.866252639245782774e-02 -2.320313735489598628e-01 0.000000000000000000e+00 1.852000000000000171e+02
3.698419633360692238e+00 -1.092832509150511200e+01 0.000000000000000000e+00 2.092814487049254879e-01 -2.006685693019782946e-01 0.000000000000000000e+00 1.853000000000000114e+02
3.719347778231184343e+00 -1.094839194843531160e+01 0.000000000000000000e+00 2.092814487049210470e-01 -2.006685693019960581e-01 0.000000000000000000e+00 1.854000000000000057e+02
3.740275923101676891e+00 -1.096845880536550943e+01 0.000000000000000000e+00 2.092814487049254879e-01 -2.006685693019782946e-01 0.000000000000000000e+00 1.855000000000000000e+02
3.761204067972168996e+00 -1.098852566229570904e+01 0.000000000000000000e+00 2.092814487049210470e-01 -2.006685693019960581e-01 0.000000000000000000e+00 1.856000000000000227e+02
3.782132212842661545e+00 -1.100859251922590865e+01 0.000000000000000000e+00 2.092814487049254879e-01 -2.006685693019960581e-01 0.000000000000000000e+00 1.857000000000000171e+02
3.803060357713154094e+00 -1.102865937615610648e+01 0.000000000000000000e+00 2.092814487049254879e-01 -2.006685693019782946e-01 0.000000000000000000e+00 1.858000000000000114e+02
3.824267436601410441e+00 -1.104826436001235557e+01 0.000000000000000000e+00 2.120707888825634768e-01 -1.960498385624909190e-01 0.000000000000000000e+00 1.859000000000000057e+02
3.847125445755665840e+00 -1.106513564991851872e+01 0.000000000000000000e+00 2.285800915425539870e-01 -1.687128990616315605e-01 0.000000000000000000e+00 1.860000000000000000e+02
3.869983454909921239e+00 -1.108200693982468366e+01 0.000000000000000000e+00 2.285800915425539870e-01 -1.687128990616493240e-01 0.000000000000000000e+00 1.861000000000000227e+02
3.892841464064176638e+00 -1.109887822973084859e+01 0.000000000000000000e+00 2.285800915425539870e-01 -1.687128990616493240e-01 0.000000000000000000e+00 1.862000000000000171e+02
3.915699473218432036e+00 -1.111574951963701174e+01 0.000000000000000000e+00 2.285800915425539870e-01 -1.687128990616315605e-01 0.000000000000000000e+00 1.863000000000000114e+02
3.938557482372687435e+00 -1.113262080954317668e+01 0.000000000000000000e+00 2.285800915425539870e-01 -1.687128990616493240e-01 0.000000000000000000e+00 1.864000000000000057e+02
3.962360227928380052e+00 -1.115034847164964660e+01 0.000000000000000000e+00 2.380274555569261707e-01 -1.772766210646992135e-01 0.000000000000000000e+00 1.865000000000000000e+02
3.991530161934096377e+00 -1.117294131199569129e+01 0.000000000000000000e+00 2.916993400571632478e-01 -2.259284034604469582e-01 0.000000000000000000e+00 1.866000000000000227e+02
4.020700095939812257e+00 -1.119553415234173421e+01 0.000000000000000000e+00 2.916993400571588069e-01 -2.259284034604291946e-01 0.000000000000000000e+00 1.867000000000000171e+02
4.049870029945529026e+00 -1.121812699268777713e+01 0.000000000000000000e+00 2.916993400571676887e-01 -2.259284034604291946e-01 0.000000000000000000e+00 1.868000000000000114e+02
4.079039963951244907e+00 -1.124071983303382183e+01 0.000000000000000000e+00 2.916993400571588069e-01 -2.259284034604469582e-01 0.000000000000000000e+00 1.869000000000000057e+02
4.108209897956960788e+00 -1.126331267337986475e+01 0.000000000000000000e+00 2.916993400571588069e-01 -2.259284034604291946e-01 0.000000000000000000e+00 1.870000000000000000e+02
4.137379831962676668e+00 -1.128590551372590767e+01 0.000000000000000000e+00 2.916993400571588069e-01 -2.259284034604291946e-01 0.000000000000000000e+00 1.871000000000000227e+02
4.166549765968393437e+00 -1.130849835407195236e+01 0.000000000000000000e+00 2.916993400571676887e-01 -2.259284034604469582e-01 0.000000000000000000e+00 1.872000000000000171e+02
4.195719699974109318e+00 -1.133109119441799528e+01 0.000000000000000000e+00 2.916993400571588069e-01 -2.259284034604291946e-01 0.000000000000000000e+00 1.873000000000000114e+02
4.224889633979825199e+00 -1.135368403476403820e+01 0.000000000000000000e+00 2.916993400571588069e-01 -2.259284034604291946e-01 0.000000000000000000e+00 1.874000000000000057e+02
4.254059567985541968e+00 -1.137627687511008290e+01 0.000000000000000000e+00 2.916993400571676887e-01 -2.259284034604469582e-01 0.000000000000000000e+00 1.875000000000000000e+02
4.274884405059273362e+00 -1.139272591586067485e+01 0.000000000000000000e+00 2.082483707373139481e-01 -1.644904075059194781e-01 0.000000000000000000e+00 1.876000000000000227e+02
4.294542522976319887e+00 -1.140831599850194245e+01 0.000000000000000000e+00 1.965811791704652478e-01 -1.559008264126759968e-01 0.000000000000000000e+00 1.877000000000000171e+02
4.314200640893366412e+00 -1.142390608114320827e+01 0.000000000000000000e+00 1.965811791704652478e-01 -1.559008264126582333e-01 0.000000000000000000e+00 1.878000000000000114e+02
4.333858758810412937e+00 -1.143949616378447409e+01 0.000000000000000000e+00 1.965811791704652478e-01 -1.559008264126582333e-01 0.000000000000000000e+00 1.879000000000000057e+02
4.353516876727458573e+00 -1.145508624642573992e+01 0.000000000000000000e+00 1.965811791704563660e-01 -1.559008264126582333e-01 0.000000000000000000e+00 1.880000000000000000e+02
4.371150746736609527e+00 -1.146886803784702913e+01 0.000000000000000000e+00 1.763387000915095371e-01 -1.378179142128921342e-01 0.000000000000000000e+00 1.881000000000000227e+02
4.388549831172617210e+00 -1.148244009177083313e+01 0.000000000000000000e+00 1.739908443600768351e-01 -1.357205392380400610e-01 0.000000000000000000e+00 1.882000000000000171e+02
4.405948915608624894e+00 -1.149601214569463714e+01 0.000000000000000000e+00 1.739908443600768351e-01 -1.357205392380400610e-01 0.000000000000000000e+00 1.883000000000000114e+02
4.423348000044632577e+00 -1.150958419961844115e+01 0.000000000000000000e+00 1.739908443600768351e-01 -1.357205392380400610e-01 0.000000000000000000e+00 1.884000000000000057e+02
4.440747084480640261e+00 -1.152315625354224515e+01 0.000000000000000000e+00 1.739908443600768351e-01 -1.357205392380400610e-01 0.000000000000000000e+00 1.885000000000000000e+02
4.459380474340184364e+00 -1.153774593862558184e+01 0.000000000000000000e+00 1.863338985954410276e-01 -1.458968508333668979e-01 0.000000000000000000e+00 1.886000000000000227e+02
4.478149641371802048e+00 -1.155244756608429846e+01 0.000000000000000000e+00 1.876916703161768396e-01 -1.470162745871661514e-01 0.000000000000000000e+00 1.887000000000000171e+02
4.496918808403420620e+00 -1.156714919354301507e+01 0.000000000000000000e+00 1.876916703161857214e-01 -1.470162745871661514e-01 0.000000000000000000e+00 1.888000000000000114e+02
4.515687975435039192e+00 -1.158185082100172991e+01 0.000000000000000000e+00 1.876916703161857214e-01 -1.470162745871483878e-01 0.000000000000000000e+00 1.889000000000000057e+02
4.534457142466657764e+00 -1.159655244846044653e+01 0.000000000000000000e+00 1.876916703161857214e-01 -1.470162745871661514e-01 0.000000000000000000e+00 1.890000000000000000e+02
4.552668844005137494e+00 -1.161086565659854841e+01 0.000000000000000000e+00 1.821170153847972983e-01 -1.431320813810188497e-01 0.000000000000000000e+00 1.891000000000000227e+02
4.569271719795930053e+00 -1.162405790027948171e+01 0.000000000000000000e+00 1.660287579079255948e-01 -1.319224368093330213e-01 0.000000000000000000e+00 1.892000000000000171e+02
4.585874595586721725e+00 -1.163725014396041502e+01 0.000000000000000000e+00 1.660287579079167131e-01 -1.319224368093330213e-01 0.000000000000000000e+00 1.893000000000000114e+02
4.602477471377514284e+00 -1.165044238764134832e+01 0.000000000000000000e+00 1.660287579079255948e-01 -1.319224368093330213e-01 0.000000000000000000e+00 1.894000000000000057e+02
4.619080347168305956e+00 -1.166363463132227984e+01 0.000000000000000000e+00 1.660287579079167131e-01 -1.319224368093152577e-01 0.000000000000000000e+00 1.895000000000000000e+02
4.636591627717662867e+00 -1.167714048076476097e+01 0.000000000000000000e+00 1.751128054935691125e-01 -1.350584944248112151e-01 0.000000000000000000e+00 1.896000000000000227e+02
4.656114028660111259e+00 -1.169134062307228028e+01 0.000000000000000000e+00 1.952240094244839241e-01 -1.420014230751931450e-01 0.000000000000000000e+00 1.897000000000000171e+02
4.675636429602560540e+00 -1.170554076537979782e+01 0.000000000000000000e+00 1.952240094244928059e-01 -1.420014230751753814e-01 0.000000000000000000e+00 1.898000000000000114e+02
4.695158830545008932e+00 -1.171974090768731713e+01 0.000000000000000000e+00 1.952240094244839241e-01 -1.420014230751931450e-01 0.000000000000000000e+00 1.899000000000000057e+02
4.714681231487457325e+00 -1.173394104999483645e+01 0.000000000000000000e+00 1.952240094244839241e-01 -1.420014230751931450e-01 0.000000000000000000e+00 1.900000000000000000e+02
4.734203632429906605e+00 -1.174814119230235399e+01 0.000000000000000000e+00 1.952240094244928059e-01 -1.420014230751753814e-01 0.000000000000000000e+00 1.901000000000000227e+02
4.761283166564396652e+00 -1.175629900576439901e+01 0.000000000000000000e+00 2.707953413449004643e-01 -8.157813462045027109e-02 0.000000000000000000e+00 1.902000000000000171e+02
4.790113772076388443e+00 -1.176305674477679553e+01 0.000000000000000000e+00 2.883060551199179145e-01 -6.757739012396513090e-02 0.000000000000000000e+00 1.903000000000000114e+02
4.818944377588380235e+00 -1.176981448378919026e+01 0.000000000000000000e+00 2.883060551199179145e-01 -6.757739012394736733e-02 0.000000000000000000e+00 1.904000000000000057e+02
4.847774983100372026e+00 -1.177657222280158678e+01 0.000000000000000000e+00 2.883060551199179145e-01 -6.757739012396513090e-02 0.000000000000000000e+00 1.905000000000000000e+02
4.876605588612363817e+00 -1.178332996181398329e+01 0.000000000000000000e+00 2.883060551199179145e-01 -6.757739012396513090e-02 0.000000000000000000e+00 1.906000000000000227e+02
4.905436194124355609e+00 -1.179008770082637980e+01 0.000000000000000000e+00 2.883060551199179145e-01 -6.757739012396513090e-02 0.000000000000000000e+00 1.907000000000000171e+02
4.934266799636347400e+00 -1.179684543983877631e+01 0.000000000000000000e+00 2.883060551199179145e-01 -6.757739012396513090e-02 0.000000000000000000e+00 1.908000000000000114e+02
4.961633131375248418e+00 -1.180297863749111187e+01 0.000000000000000000e+00 2.736633173890101745e-01 -6.133197652335553585e-02 0.000000000000000000e+00 1.909000000000000057e+02
4.985982524138072414e+00 -1.180782505175227648e+01 0.000000000000000000e+00 2.434939276282399589e-01 -4.846414261164611048e-02 0.000000000000000000e+00 1.910000000000000000e+02
5.010331916900896410e+00 -1.181267146601344109e+01 0.000000000000000000e+00 2.434939276282399589e-01 -4.846414261164611048e-02 0.000000000000000000e+00 1.911000000000000227e+02
5.034681309663719517e+00 -1.181751788027460570e+01 0.000000000000000000e+00 2.434939276282310772e-01 -4.846414261164611048e-02 0.000000000000000000e+00 1.912000000000000171e+02
5.059030702426543513e+00 -1.182236429453577031e+01 0.000000000000000000e+00 2.434939276282399589e-01 -4.846414261164611048e-02 0.000000000000000000e+00 1.913000000000000114e+02
5.083380095189367509e+00 -1.182721070879693492e+01 0.000000000000000000e+00 2.434939276282399589e-01 -4.846414261164611048e-02 0.000000000000000000e+00 1.914000000000000057e+02
5.107603349849455299e+00 -1.183236145599217792e+01 0.000000000000000000e+00 2.422325466008778960e-01 -5.150747195242999510e-02 0.000000000000000000e+00 1.915000000000000000e+02
5.131793736068424039e+00 -1.183759150475377808e+01 0.000000000000000000e+00 2.419038621896874020e-01 -5.230048761600158969e-02 0.000000000000000000e+00 1.916000000000000227e+02
5.155984122287393667e+00 -1.184282155351537646e+01 0.000000000000000000e+00 2.419038621896962837e-01 -5.230048761598382612e-02 0.000000000000000000e+00 1.917000000000000171e+02
5.180174508506362407e+00 -1.184805160227697662e+01 0.000000000000000000e+00 2.419038621896874020e-01 -5.230048761600158969e-02 0.000000000000000000e+00 1.918000000000000114e+02
5.204364894725332036e+00 -1.185328165103857678e+01 0.000000000000000000e+00 2.419038621896962837e-01 -5.230048761600158969e-02 0.000000000000000000e+00 1.919000000000000057e+02
5.230010914545164091e+00 -1.185883049564108127e+01 0.000000000000000000e+00 2.564601981983205548e-01 -5.548844602504487966e-02 0.000000000000000000e+00 1.920000000000000000e+02
5.258826550805161482e+00 -1.186507351255301046e+01 0.000000000000000000e+00 2.881563625999739031e-01 -6.243016911929188950e-02 0.000000000000000000e+00 1.921000000000000227e+02
5.287642187065158872e+00 -1.187131652946493965e+01 0.000000000000000000e+00 2.881563625999739031e-01 -6.243016911929188950e-02 0.000000000000000000e+00 1.922000000000000171e+02
5.316457823325156262e+00 -1.187755954637686884e+01 0.000000000000000000e+00 2.881563625999739031e-01 -6.243016911929188950e-02 0.000000000000000000e+00 1.923000000000000114e+02
5.345273459585154541e+00 -1.188380256328879803e+01 0.000000000000000000e+00 2.881563625999827849e-01 -6.243016911929188950e-02 0.000000000000000000e+00 1.924000000000000057e+02
5.374089095845151931e+00 -1.189004558020072722e+01 0.000000000000000000e+00 2.881563625999739031e-01 -6.243016911929188950e-02 0.000000000000000000e+00 1.925000000000000000e+02
5.402904732105149321e+00 -1.189628859711265640e+01 0.000000000000000000e+00 2.881563625999739031e-01 -6.243016911929188950e-02 0.000000000000000000e+00 1.926000000000000227e+02
5.431720368365146712e+00 -1.190253161402458559e+01 0.000000000000000000e+00 2.881563625999739031e-01 -6.243016911929188950e-02 0.000000000000000000e+00 1.927000000000000171e+02
5.456693141176558015e+00 -1.190805459296853819e+01 0.000000000000000000e+00 2.497277281141130345e-01 -5.522978943952594477e-02 0.000000000000000000e+00 1.928000000000000114e+02
5.481035251996450697e+00 -1.191345940466951703e+01 0.000000000000000000e+00 2.434211081989268166e-01 -5.404811700978839895e-02 0.000000000000000000e+00 1.929000000000000057e+02
5.505377362816342490e+00 -1.191886421637049409e+01 0.000000000000000000e+00 2.434211081989179348e-01 -5.404811700977063538e-02 0.000000000000000000e+00 1.930000000000000000e+02
5.529719473636235172e+00 -1.192426902807147293e+01 0.000000000000000000e+00 2.434211081989268166e-01 -5.404811700978839895e-02 0.000000000000000000e+00 1.931000000000000227e+02
5.554061584456127854e+00 -1.192967383977245177e+01 0.000000000000000000e+00 2.434211081989268166e-01 -5.404811700978839895e-02 0.000000000000000000e+00 1.932000000000000171e+02
5.578659570803703005e+00 -1.193469307902205578e+01 0.000000000000000000e+00 2.459798634757515146e-01 -5.019239249604012798e-02 0.000000000000000000e+00 1.933000000000000114e+02
5.604022023305734734e+00 -1.193856036328856796e+01 0.000000000000000000e+00 2.536245250203172930e-01 -3.867284266512172053e-02 0.000000000000000000e+00 1.934000000000000057e+02
5.629384475807766464e+00 -1.194242764755507835e+01 0.000000000000000000e+00 2.536245250203172930e-01 -3.867284266510395696e-02 0.000000000000000000e+00 1.935000000000000000e+02
5.654746928309798193e+00 -1.194629493182159052e+01 0.000000000000000000e+00 2.536245250203172930e-01 -3.867284266512172053e-02 0.000000000000000000e+00 1.936000000000000227e+02
5.680109380811830810e+00 -1.195016221608810092e+01 0.000000000000000000e+00 2.536245250203261747e-01 -3.867284266510395696e-02 0.000000000000000000e+00 1.937000000000000171e+02
5.705471833313862540e+00 -1.195402950035461309e+01 0.000000000000000000e+00 2.536245250203172930e-01 -3.867284266512172053e-02 0.000000000000000000e+00 1.938000000000000114e+02
5.730663020584874978e+00 -1.195545564146092055e+01 0.000000000000000000e+00 2.519118727101243849e-01 -1.426141106307454720e-02 0.000000000000000000e+00 1.939000000000000057e+02
5.755218974702034807e+00 -1.194782743417769844e+01 0.000000000000000000e+00 2.455595411715982834e-01 7.628207283222110391e-02 0.000000000000000000e+00 1.940000000000000000e+02
5.779774928819194635e+00 -1.194019922689447810e+01 0.000000000000000000e+00 2.455595411715982834e-01 7.628207283220334034e-02 0.000000000000000000e+00 1.941000000000000227e+02
5.804330882936354463e+00 -1.193257101961125599e+01 0.000000000000000000e+00 2.455595411715982834e-01 7.628207283222110391e-02 0.000000000000000000e+00 1.942000000000000171e+02
5.828886837053515180e+00 -1.192494281232803566e+01 0.000000000000000000e+00 2.455595411716071652e-01 7.628207283220334034e-02 0.000000000000000000e+00 1.943000000000000114e+02
5.853442791170675008e+00 -1.191731460504481355e+01 0.000000000000000000e+00 2.455595411715982834e-01 7.628207283222110391e-02 0.000000000000000000e+00 1.944000000000000057e+02
5.877926959820668706e+00 -1.190969235625459710e+01 0.000000000000000000e+00 2.448416864999369835e-01 7.622248790216445968e-02 0.000000000000000000e+00 1.945000000000000000e+02
5.902155792104508691e+00 -1.190209130144711125e+01 0.000000000000000000e+00 2.422883228383998500e-01 7.601054807485851939e-02 0.000000000000000000e+00 1.946000000000000227e+02
5.926384624388348676e+00 -1.189449024663962362e+01 0.000000000000000000e+00 2.422883228383998500e-01 7.601054807487628295e-02 0.000000000000000000e+00 1.947000000000000171e+02
5.950613456672188661e+00 -1.188688919183213777e+01 0.000000000000000000e+00 2.422883228383998500e-01 7.601054807485851939e-02 0.000000000000000000e+00 1.948000000000000114e+02
5.974842288956028646e+00 -1.187928813702465192e+01 0.000000000000000000e+00 2.422883228383998500e-01 7.601054807485851939e-02 0.000000000000000000e+00 1.949000000000000057e+02
5.999071121239867743e+00 -1.187168708221716429e+01 0.000000000000000000e+00 2.422883228383909682e-01 7.601054807487628295e-02 0.000000000000000000e+00 1.950000000000000000e+02
6.023728517691692375e+00 -1.186583634220896144e+01 0.000000000000000000e+00 2.465739645182463136e-01 5.850740008202848230e-02 0.000000000000000000e+00 1.951000000000000227e+02
6.049118159902519665e+00 -1.186297619423910810e+01 0.000000000000000000e+00 2.538964221082729011e-01 2.860147969853343852e-02 0.000000000000000000e+00 1.952000000000000171e+02
6.074507802113347843e+00 -1.186011604626925475e+01 0.000000000000000000e+00 2.538964221082817829e-01 2.860147969853343852e-02 0.000000000000000000e+00 1.953000000000000114e+02
6.099897444324175133e+00 -1.185725589829939963e+01 0.000000000000000000e+00 2.538964221082729011e-01 2.860147969855120209e-02 0.000000000000000000e+00 1.954000000000000057e+02
6.125287086535003311e+00 -1.185439575032954629e+01 0.000000000000000000e+00 2.538964221082817829e-01 2.860147969853343852e-02 0.000000000000000000e+00 1.955000000000000000e+02
6.150676728745830601e+00 -1.185153560235969294e+01 0.000000000000000000e+00 2.538964221082729011e-01 2.860147969853343852e-02 0.000000000000000000e+00 1.956000000000000227e+02
6.176066370956658780e+00 -1.184867545438983960e+01 0.000000000000000000e+00 2.538964221082817829e-01 2.860147969853343852e-02 0.000000000000000000e+00 1.957000000000000171e+02
6.199191126559031595e+00 -1.184686740998127519e+01 0.000000000000000000e+00 2.312475560237281513e-01 1.808044408564413175e-02 0.000000000000000000e+00 1.958000000000000114e+02
6.220158574230926440e+00 -1.184606149581092360e+01 0.000000000000000000e+00 2.096744767189484548e-01 8.059141703515848576e-03 0.000000000000000000e+00 1.959000000000000057e+02
6.241126021902821286e+00 -1.184525558164057202e+01 0.000000000000000000e+00 2.096744767189484548e-01 8.059141703515848576e-03 0.000000000000000000e+00 1.960000000000000000e+02
6.262093469574716131e+00 -1.184444966747022043e+01 0.000000000000000000e+00 2.096744767189484548e-01 8.059141703515848576e-03 0.000000000000000000e+00 1.961000000000000227e+02
6.283060917246610977e+00 -1.184364375329986707e+01 0.000000000000000000e+00 2.096744767189484548e-01 8.059141703533612144e-03 0.000000000000000000e+00 1.962000000000000171e+02
6.302425892896636128e+00 -1.184269352938533615e+01 0.000000000000000000e+00 1.936497565002515131e-01 9.502239145309232526e-03 0.000000000000000000e+00 1.963000000000000114e+02
6.321037931288026712e+00 -1.184167550011651748e+01 0.000000000000000000e+00 1.861203839139058402e-01 1.018029268818665400e-02 0.000000000000000000e+00 1.964000000000000057e+02
6.339649969679416408e+00 -1.184065747084769882e+01 0.000000000000000000e+00 1.861203839138969585e-01 1.018029268818665400e-02 0.000000000000000000e+00 1.965000000000000000e+02
6.358262008070806104e+00 -1.183963944157888015e+01 0.000000000000000000e+00 1.861203839138969585e-01 1.018029268818665400e-02 0.000000000000000000e+00 1.966000000000000227e+02
6.377251702056669025e+00 -1.183409376474710584e+01 0.000000000000000000e+00 1.898969398586292101e-01 5.545676831774315474e-02 0.000000000000000000e+00 1.967000000000000171e+02
6.396512513242687881e+00 -1.182529771072371005e+01 0.000000000000000000e+00 1.926081118601885578e-01 8.796054023395782906e-02 0.000000000000000000e+00 1.968000000000000114e+02
6.415773324428706736e+00 -1.181650165670031427e+01 0.000000000000000000e+00 1.926081118601885578e-01 8.796054023395782906e-02 0.000000000000000000e+00 1.969000000000000057e+02
6.435034135614725592e+00 -1.180770560267691849e+01 0.000000000000000000e+00 1.926081118601885578e-01 8.796054023395782906e-02 0.000000000000000000e+00 1.970000000000000000e+02
6.454294946800744448e+00 -1.179890954865352271e+01 0.000000000000000000e+00 1.926081118601885578e-01 8.796054023395782906e-02 0.000000000000000000e+00 1.971000000000000227e+02
6.468433395411177678e+00 -1.178098966653455371e+01 0.000000000000000000e+00 1.413844861043322965e-01 1.791988211896899941e-01 0.000000000000000000e+00 1.972000000000000171e+02
6.472034588216062367e+00 -1.174430107971141091e+01 0.000000000000000000e+00 3.601192804884689735e-02 3.668858682314279918e-01 0.000000000000000000e+00 1.973000000000000114e+02
6.475635781020947057e+00 -1.170761249288826633e+01 0.000000000000000000e+00 3.601192804884689735e-02 3.668858682314457553e-01 0.000000000000000000e+00 1.974000000000000057e+02
6.479236973825831747e+00 -1.167092390606512176e+01 0.000000000000000000e+00 3.601192804884689735e-02 3.668858682314457553e-01 0.000000000000000000e+00 1.975000000000000000e+02
6.482838166630715548e+00 -1.163423531924197718e+01 0.000000000000000000e+00 3.601192804883801557e-02 3.668858682314457553e-01 0.000000000000000000e+00 1.976000000000000227e+02
6.486439359435600238e+00 -1.159754673241883438e+01 0.000000000000000000e+00 3.601192804884689735e-02 3.668858682314279918e-01 0.000000000000000000e+00 1.977000000000000171e+02
6.490040552240484928e+00 -1.156085814559568981e+01 0.000000000000000000e+00 3.601192804884689735e-02 3.668858682314457553e-01 0.000000000000000000e+00 1.978000000000000114e+02
6.493641745045369618e+00 -1.152416955877254523e+01 0.000000000000000000e+00 3.601192804884689735e-02 3.668858682314457553e-01 0.000000000000000000e+00 1.979000000000000057e+02
6.497242937850254307e+00 -1.148748097194940243e+01 0.000000000000000000e+00 3.601192804884689735e-02 3.668858682314279918e-01 0.000000000000000000e+00 1.980000000000000000e+02
6.500844130655138109e+00 -1.145079238512625786e+01 0.000000000000000000e+00 3.601192804883801557e-02 3.668858682314457553e-01 0.000000000000000000e+00 1.981000000000000227e+02
6.504445323460022799e+00 -1.141410379830311328e+01 0.000000000000000000e+00 3.601192804884689735e-02 3.668858682314457553e-01 0.000000000000000000e+00 1.982000000000000171e+02
6.504426663290391986e+00 -1.138688877462005422e+01 0.000000000000000000e+00 -1.866016963081307267e-04 2.721502368305905861e-01 0.000000000000000000e+00 1.983000000000000114e+02
6.503622651725283532e+00 -1.136172910403685776e+01 0.000000000000000000e+00 -8.040115651084533965e-03 2.515967058319645844e-01 0.000000000000000000e+00 1.984000000000000057e+02
6.502818640160174191e+00 -1.133656943345366130e+01 0.000000000000000000e+00 -8.040115651093415750e-03 2.515967058319645844e-01 0.000000000000000000e+00 1.985000000000000000e+02
6.502014628595064849e+00 -1.131140976287046485e+01 0.000000000000000000e+00 -8.040115651093415750e-03 2.515967058319645844e-01 0.000000000000000000e+00 1.986000000000000227e+02
6.501210617029955507e+00 -1.128625009228726839e+01 0.000000000000000000e+00 -8.040115651093415750e-03 2.515967058319645844e-01 0.000000000000000000e+00 1.987000000000000171e+02
6.503196281423278435e+00 -1.126328099880380762e+01 0.000000000000000000e+00 1.985664393322927879e-02 2.296909348346076740e-01 0.000000000000000000e+00 1.988000000000000114e+02
6.506182845834867834e+00 -1.124109785633824821e+01 0.000000000000000000e+00 2.986564411589398560e-02 2.218314246555941338e-01 0.000000000000000000e+00 1.989000000000000057e+02
6.509169410246457232e+00 -1.121891471387268702e+01 0.000000000000000000e+00 2.986564411589398560e-02 2.218314246556118974e-01 0.000000000000000000e+00 1.990000000000000000e+02
6.512155974658046631e+00 -1.119673157140712760e+01 0.000000000000000000e+00 2.986564411589398560e-02 2.218314246555941338e-01 0.000000000000000000e+00 1.991000000000000227e+02
6.515142539069636030e+00 -1.117454842894156641e+01 0.000000000000000000e+00 2.986564411589398560e-02 2.218314246556118974e-01 0.000000000000000000e+00 1.992000000000000171e+02
6.518187083372643187e+00 -1.115141135266921601e+01 0.000000000000000000e+00 3.044544303007157282e-02 2.313707627235039865e-01 0.000000000000000000e+00 1.993000000000000114e+02
6.521264558673101952e+00 -1.112773246800449556e+01 0.000000000000000000e+00 3.077475300458765162e-02 2.367888466472045650e-01 0.000000000000000000e+00 1.994000000000000057e+02
6.524342033973559829e+00 -1.110405358333977333e+01 0.000000000000000000e+00 3.077475300457876983e-02 2.367888466472223286e-01 0.000000000000000000e+00 1.995000000000000000e+02
6.527419509274017706e+00 -1.108037469867505109e+01 0.000000000000000000e+00 3.077475300457876983e-02 2.367888466472223286e-01 0.000000000000000000e+00 1.996000000000000227e+02
6.530496984574475583e+00 -1.105669581401033064e+01 0.000000000000000000e+00 3.077475300457876983e-02 2.367888466472045650e-01 0.000000000000000000e+00 1.997000000000000171e+02
6.533560425974585861e+00 -1.103294321802186317e+01 0.000000000000000000e+00 3.063441400110278323e-02 2.375259598846746201e-01 0.000000000000000000e+00 1.998000000000000114e+02
6.536330883571720207e+00 -1.100765176088868635e+01 0.000000000000000000e+00 2.770457597134345917e-02 2.529145713317682009e-01 0.000000000000000000e+00 1.999000000000000057e+02
6.539101341168855441e+00 -1.098236030375550953e+01 0.000000000000000000e+00 2.770457597135234096e-02 2.529145713317682009e-01 0.000000000000000000e+00 2.000000000000000000e+02
6.541871798765989787e+00 -1.095706884662233271e+01 0.000000000000000000e+00 2.770457597134345917e-02 2.529145713317682009e-01 0.000000000000000000e+00 2.001000000000000227e+02
6.544642256363124133e+00 -1.093177738948915589e+01 0.000000000000000000e+00 2.770457597134345917e-02 2.529145713317682009e-01 0.000000000000000000e+00 2.002000000000000171e+02
6.547412713960259367e+00 -1.090648593235597907e+01 0.000000000000000000e+00 2.770457597135234096e-02 2.529145713317682009e-01 0.000000000000000000e+00 2.003000000000000114e+02
6.550465505214508433e+00 -1.087868539220467490e+01 0.000000000000000000e+00 3.052791254249065389e-02 2.780054015130417611e-01 0.000000000000000000e+00 2.004000000000000057e+02
6.553853591067692719e+00 -1.084790510818273468e+01 0.000000000000000000e+00 3.388085853184286123e-02 3.078028402194021851e-01 0.000000000000000000e+00 2.005000000000000000e+02
6.557241676920877893e+00 -1.081712482416079624e+01 0.000000000000000000e+00 3.388085853185174301e-02 3.078028402193844215e-01 0.000000000000000000e+00 2.006000000000000227e+02
6.560629762774063067e+00 -1.078634454013885779e+01 0.000000000000000000e+00 3.388085853185174301e-02 3.078028402193844215e-01 0.000000000000000000e+00 2.007000000000000171e+02
6.564017848627247353e+00 -1.075556425611691935e+01 0.000000000000000000e+00 3.388085853184286123e-02 3.078028402193844215e-01 0.000000000000000000e+00 2.008000000000000114e+02
6.567405934480432528e+00 -1.072478397209498091e+01 0.000000000000000000e+00 3.388085853185174301e-02 3.078028402193844215e-01 0.000000000000000000e+00 2.009000000000000057e+02
6.570794020333617702e+00 -1.069400368807304247e+01 0.000000000000000000e+00 3.388085853185174301e-02 3.078028402193844215e-01 0.000000000000000000e+00 2.010000000000000000e+02
6.574182106186801988e+00 -1.066322340405110225e+01 0.000000000000000000e+00 3.388085853184286123e-02 3.078028402194021851e-01 0.000000000000000000e+00 2.011000000000000227e+02
6.578085578458016336e+00 -1.063146401254800821e+01 0.000000000000000000e+00 3.903472271214347700e-02 3.175939150309403658e-01 0.000000000000000000e+00 2.012000000000000171e+02
6.582134352512470699e+00 -1.059942858338071048e+01 0.000000000000000000e+00 4.048774054454362670e-02 3.203542916729773538e-01 0.000000000000000000e+00 2.013000000000000114e+02
6.586183126566925061e+00 -1.056739315421341274e+01 0.000000000000000000e+00 4.048774054454362670e-02 3.203542916729773538e-01 0.000000000000000000e+00 2.014000000000000057e+02
6.590231900621379424e+00 -1.053535772504611323e+01 0.000000000000000000e+00 4.048774054454362670e-02 3.203542916729951173e-01 0.000000000000000000e+00 2.015000000000000000e+02
6.594280674675833787e+00 -1.050332229587881550e+01 0.000000000000000000e+00 4.048774054454362670e-02 3.203542916729773538e-01 0.000000000000000000e+00 2.016000000000000227e+02
6.598329448730288149e+00 -1.047128686671151776e+01 0.000000000000000000e+00 4.048774054454362670e-02 3.203542916729773538e-01 0.000000000000000000e+00 2.017000000000000171e+02
6.602378222784742512e+00 -1.043925143754421825e+01 0.000000000000000000e+00 4.048774054454362670e-02 3.203542916729951173e-01 0.000000000000000000e+00 2.018000000000000114e+02
6.606852028951990974e+00 -1.040376064801513856e+01 0.000000000000000000e+00 4.473806167248461918e-02 3.549078952907969153e-01 0.000000000000000000e+00 2.019000000000000057e+02
6.611737037235435821e+00 -1.036492693109252450e+01 0.000000000000000000e+00 4.885008283444847166e-02 3.883371692261405883e-01 0.000000000000000000e+00 2.020000000000000000e+02
6.616622045518881556e+00 -1.032609321416991044e+01 0.000000000000000000e+00 4.885008283445735344e-02 3.883371692261405883e-01 0.000000000000000000e+00 2.021000000000000227e+02
6.621507053802327292e+00 -1.028725949724729816e+01 0.000000000000000000e+00 4.885008283445735344e-02 3.883371692261228247e-01 0.000000000000000000e+00 2.022000000000000171e+02
6.626392062085773027e+00 -1.024842578032468410e+01 0.000000000000000000e+00 4.885008283445735344e-02 3.883371692261405883e-01 0.000000000000000000e+00 2.023000000000000114e+02
6.631277070369217874e+00 -1.020959206340207004e+01 0.000000000000000000e+00 4.885008283444847166e-02 3.883371692261405883e-01 0.000000000000000000e+00 2.024000000000000057e+02
6.636162078652663610e+00 -1.017075834647945598e+01 0.000000000000000000e+00 4.885008283445735344e-02 3.883371692261405883e-01 0.000000000000000000e+00 2.025000000000000000e+02
6.641047086936109345e+00 -1.013192462955684192e+01 0.000000000000000000e+00 4.885008283445735344e-02 3.883371692261405883e-01 0.000000000000000000e+00 2.026000000000000227e+02
6.645932095219555080e+00 -1.009309091263422786e+01 0.000000000000000000e+00 4.885008283445735344e-02 3.883371692261405883e-01 0.000000000000000000e+00 2.027000000000000171e+02
6.650793550616308281e+00 -1.005432824447594520e+01 0.000000000000000000e+00 4.861455396753200375e-02 3.876266815828266488e-01 0.000000000000000000e+00 2.028000000000000114e+02
6.654683187637791875e+00 -1.001849712758015265e+01 0.000000000000000000e+00 3.889637021483594026e-02 3.583111689579254744e-01 0.000000000000000000e+00 2.029000000000000057e+02
6.658572824659275469e+00 -9.982666010684360103e+00 0.000000000000000000e+00 3.889637021483594026e-02 3.583111689579254744e-01 0.000000000000000000e+00 2.030000000000000000e+02
6.662462461680759063e+00 -9.946834893788569332e+00 0.000000000000000000e+00 3.889637021483594026e-02 3.583111689579077108e-01 0.000000000000000000e+00 2.031000000000000227e+02
6.666352098702242657e+00 -9.911003776892776784e+00 0.000000000000000000e+00 3.889637021483594026e-02 3.583111689579254744e-01 0.000000000000000000e+00 2.032000000000000171e+02
6.670241735723726251e+00 -9.875172659996984237e+00 0.000000000000000000e+00 3.889637021483594026e-02 3.583111689579254744e-01 0.000000000000000000e+00 2.033000000000000114e+02
6.674131372745209845e+00 -9.839341543101191689e+00 0.000000000000000000e+00 3.889637021483594026e-02 3.583111689579254744e-01 0.000000000000000000e+00 2.034000000000000057e+02
6.678021009766693439e+00 -9.803510426205400918e+00 0.000000000000000000e+00 3.889637021483594026e-02 3.583111689579077108e-01 0.000000000000000000e+00 2.035000000000000000e+02
6.681910646788176145e+00 -9.767679309309608371e+00 0.000000000000000000e+00 3.889637021482705848e-02 3.583111689579254744e-01 0.000000000000000000e+00 2.036000000000000227e+02
6.685800283809659739e+00 -9.731848192413815823e+00 0.000000000000000000e+00 3.889637021483594026e-02 3.583111689579254744e-01 0.000000000000000000e+00 2.037000000000000171e+02
6.688917031360713139e+00 -9.702958758295444852e+00 0.000000000000000000e+00 3.116747551053400400e-02 2.888943411837097131e-01 0.000000000000000000e+00 2.038000000000000114e+02
6.691838508954637277e+00 -9.675823135233132533e+00 0.000000000000000000e+00 2.921477593924137750e-02 2.713562306231231958e-01 0.000000000000000000e+00 2.039000000000000057e+02
6.694759986548560526e+00 -9.648687512170820213e+00 0.000000000000000000e+00 2.921477593923249572e-02 2.713562306231231958e-01 0.000000000000000000e+00 2.040000000000000000e+02
6.697681464142484664e+00 -9.621551889108507893e+00 0.000000000000000000e+00 2.921477593924137750e-02 2.713562306231231958e-01 0.000000000000000000e+00 2.041000000000000227e+02
6.700602941736408802e+00 -9.594416266046195574e+00 0.000000000000000000e+00 2.921477593924137750e-02 2.713562306231231958e-01 0.000000000000000000e+00 2.042000000000000171e+02
6.703503594428764423e+00 -9.567522341472882275e+00 0.000000000000000000e+00 2.900652692355620843e-02 2.689392457331329922e-01 0.000000000000000000e+00 2.043000000000000114e+02
6.706268961560824415e+00 -9.542198571524307837e+00 0.000000000000000000e+00 2.765367132059992628e-02 2.532376994857443719e-01 0.000000000000000000e+00 2.044000000000000057e+02
6.709034328692884408e+00 -9.516874801575733400e+00 0.000000000000000000e+00 2.765367132059992628e-02 2.532376994857443719e-01 0.000000000000000000e+00 2.045000000000000000e+02
6.711799695824944401e+00 -9.491551031627160739e+00 0.000000000000000000e+00 2.765367132059992628e-02 2.532376994857266084e-01 0.000000000000000000e+00 2.046000000000000227e+02
6.714565062957003505e+00 -9.466227261678586302e+00 0.000000000000000000e+00 2.765367132059104449e-02 2.532376994857443719e-01 0.000000000000000000e+00 2.047000000000000171e+02
6.717330430089063498e+00 -9.440903491730011865e+00 0.000000000000000000e+00 2.765367132059992628e-02 2.532376994857443719e-01 0.000000000000000000e+00 2.048000000000000114e+02
6.720176867664378051e+00 -9.414957906807606136e+00 0.000000000000000000e+00 2.846437575314553214e-02 2.594558492240572889e-01 0.000000000000000000e+00 2.049000000000000057e+02
6.723381576352188915e+00 -9.386264361796431643e+00 0.000000000000000000e+00 3.204708687810864376e-02 2.869354501117449274e-01 0.000000000000000000e+00 2.050000000000000000e+02
6.726586285039999780e+00 -9.357570816785257151e+00 0.000000000000000000e+00 3.204708687810864376e-02 2.869354501117449274e-01 0.000000000000000000e+00 2.051000000000000227e+02
6.729790993727810644e+00 -9.328877271774082658e+00 0.000000000000000000e+00 3.204708687810864376e-02 2.869354501117449274e-01 0.000000000000000000e+00 2.052000000000000171e+02
6.732995702415621508e+00 -9.300183726762908165e+00 0.000000000000000000e+00 3.204708687810864376e-02 2.869354501117449274e-01 0.000000000000000000e+00 2.053000000000000114e+02
6.736200411103433261e+00 -9.271490181751733672e+00 0.000000000000000000e+00 3.204708687811752554e-02 2.869354501117449274e-01 0.000000000000000000e+00 2.054000000000000057e+02
6.739405119791244125e+00 -9.242796636740559180e+00 0.000000000000000000e+00 3.204708687810864376e-02 2.869354501117449274e-01 0.000000000000000000e+00 2.055000000000000000e+02
6.742498105540888353e+00 -9.214956554619771367e+00 0.000000000000000000e+00 3.092985749644228122e-02 2.784008212078781241e-01 0.000000000000000000e+00 2.056000000000000227e+02
6.745187474207992473e+00 -9.190199744453050101e+00 0.000000000000000000e+00 2.689368667104119481e-02 2.475681016672126589e-01 0.000000000000000000e+00 2.057000000000000171e+02
6.747876842875096592e+00 -9.165442934286330612e+00 0.000000000000000000e+00 2.689368667104119481e-02 2.475681016671948953e-01 0.000000000000000000e+00 2.058000000000000114e+02
6.750566211542199824e+00 -9.140686124119609346e+00 0.000000000000000000e+00 2.689368667103231303e-02 2.475681016672126589e-01 0.000000000000000000e+00 2.059000000000000057e+02
6.753255580209303943e+00 -9.115929313952889856e+00 0.000000000000000000e+00 2.689368667104119481e-02 2.475681016671948953e-01 0.000000000000000000e+00 2.060000000000000000e+02
6.755944948876408063e+00 -9.091172503786168591e+00 0.000000000000000000e+00 2.689368667104119481e-02 2.475681016672126589e-01 0.000000000000000000e+00 2.061000000000000227e+02
6.758457006646264809e+00 -9.067786793747982799e+00 0.000000000000000000e+00 2.512057769856745892e-02 2.338571003818579186e-01 0.000000000000000000e+00 2.062000000000000171e+02
6.760761795030463261e+00 -9.046003845219264150e+00 0.000000000000000000e+00 2.304788384198452889e-02 2.178294852871864862e-01 0.000000000000000000e+00 2.063000000000000114e+02
6.763066583414661714e+00 -9.024220896690547278e+00 0.000000000000000000e+00 2.304788384198452889e-02 2.178294852871687226e-01 0.000000000000000000e+00 2.064000000000000057e+02
6.765371371798860167e+00 -9.002437948161828629e+00 0.000000000000000000e+00 2.304788384198452889e-02 2.178294852871864862e-01 0.000000000000000000e+00 2.065000000000000000e+02
6.767676160183057732e+00 -8.980654999633109981e+00 0.000000000000000000e+00 2.304788384197564710e-02 2.178294852871864862e-01 0.000000000000000000e+00 2.066000000000000227e+02
6.770116786150509824e+00 -8.957857134416125078e+00 0.000000000000000000e+00 2.440625967452092482e-02 2.279786521698490276e-01 0.000000000000000000e+00 2.067000000000000171e+02
6.772733052391137321e+00 -8.933746964900802112e+00 0.000000000000000000e+00 2.616266240627496131e-02 2.411016951532296559e-01 0.000000000000000000e+00 2.068000000000000114e+02
6.775349318631765705e+00 -8.909636795385480923e+00 0.000000000000000000e+00 2.616266240628384310e-02 2.411016951532118924e-01 0.000000000000000000e+00 2.069000000000000057e+02
6.777965584872393201e+00 -8.885526625870159734e+00 0.000000000000000000e+00 2.616266240627496131e-02 2.411016951532118924e-01 0.000000000000000000e+00 2.070000000000000000e+02
6.780581851113021585e+00 -8.861416456354838544e+00 0.000000000000000000e+00 2.616266240628384310e-02 2.411016951532118924e-01 0.000000000000000000e+00 2.071000000000000227e+02
6.783198117353649081e+00 -8.837306286839515579e+00 0.000000000000000000e+00 2.616266240627496131e-02 2.411016951532296559e-01 0.000000000000000000e+00 2.072000000000000171e+02
6.785710453407045151e+00 -8.814839059194131465e+00 0.000000000000000000e+00 2.512336053396069246e-02 2.246722764538411354e-01 0.000000000000000000e+00 2.073000000000000114e+02
6.788194071334965329e+00 -8.792825811398374825e+00 0.000000000000000000e+00 2.483617927920178658e-02 2.201324779575664081e-01 0.000000000000000000e+00 2.074000000000000057e+02
6.790677689262884620e+00 -8.770812563602616407e+00 0.000000000000000000e+00 2.483617927919290480e-02 2.201324779575841717e-01 0.000000000000000000e+00 2.075000000000000000e+02
6.793161307190804798e+00 -8.748799315806859767e+00 0.000000000000000000e+00 2.483617927920178658e-02 2.201324779575664081e-01 0.000000000000000000e+00 2.076000000000000227e+02
6.795644925118724977e+00 -8.726786068011101349e+00 0.000000000000000000e+00 2.483617927920178658e-02 2.201324779575841717e-01 0.000000000000000000e+00 2.077000000000000171e+02
6.800227087180648944e+00 -8.704697283334381197e+00 0.000000000000000000e+00 4.582162061923966689e-02 2.208878467672015233e-01 0.000000000000000000e+00 2.078000000000000114e+02
6.806058831053724667e+00 -8.682563520088475428e+00 0.000000000000000000e+00 5.831743873075723172e-02 2.213376324590576871e-01 0.000000000000000000e+00 2.079000000000000057e+02
6.811890574926800390e+00 -8.660429756842567883e+00 0.000000000000000000e+00 5.831743873075723172e-02 2.213376324590754507e-01 0.000000000000000000e+00 2.080000000000000000e+02
6.817722318799877002e+00 -8.638295993596662115e+00 0.000000000000000000e+00 5.831743873076611351e-02 2.213376324590576871e-01 0.000000000000000000e+00 2.081000000000000227e+02
6.823554062672952725e+00 -8.616162230350754569e+00 0.000000000000000000e+00 5.831743873075723172e-02 2.213376324590754507e-01 0.000000000000000000e+00 2.082000000000000171e+02
6.832471445371759877e+00 -8.594502609781233815e+00 0.000000000000000000e+00 8.917382698807152508e-02 2.165962056952075443e-01 0.000000000000000000e+00 2.083000000000000114e+02
6.848947360822939423e+00 -8.574004441718358294e+00 0.000000000000000000e+00 1.647591545117954581e-01 2.049816806287552140e-01 0.000000000000000000e+00 2.084000000000000057e+02
6.865423276274118081e+00 -8.553506273655484549e+00 0.000000000000000000e+00 1.647591545117865763e-01 2.049816806287374504e-01 0.000000000000000000e+00 2.085000000000000000e+02
6.881899191725297626e+00 -8.533008105592609027e+00 0.000000000000000000e+00 1.647591545117954581e-01 2.049816806287552140e-01 0.000000000000000000e+00 2.086000000000000227e+02
6.898375107176477172e+00 -8.512509937529735282e+00 0.000000000000000000e+00 1.647591545117954581e-01 2.049816806287374504e-01 0.000000000000000000e+00 2.087000000000000171e+02
6.914851022627656718e+00 -8.492011769466859761e+00 0.000000000000000000e+00 1.647591545117954581e-01 2.049816806287552140e-01 0.000000000000000000e+00 2.088000000000000114e+02
6.931326938078836264e+00 -8.471513601403984239e+00 0.000000000000000000e+00 1.647591545117954581e-01 2.049816806287552140e-01 0.000000000000000000e+00 2.089000000000000057e+02
6.947326299986658071e+00 -8.453331008840532235e+00 0.000000000000000000e+00 1.599936190782180745e-01 1.818259256345200470e-01 0.000000000000000000e+00 2.090000000000000000e+02
6.963282783821978406e+00 -8.435356760996219450e+00 0.000000000000000000e+00 1.595648383532033421e-01 1.797424784431278511e-01 0.000000000000000000e+00 2.091000000000000227e+02
6.979239267657299628e+00 -8.417382513151908441e+00 0.000000000000000000e+00 1.595648383532122239e-01 1.797424784431100875e-01 0.000000000000000000e+00 2.092000000000000171e+02
6.995195751492619962e+00 -8.399408265307595656e+00 0.000000000000000000e+00 1.595648383532033421e-01 1.797424784431278511e-01 0.000000000000000000e+00 2.093000000000000114e+02
7.011152235327941185e+00 -8.381434017463282871e+00 0.000000000000000000e+00 1.595648383532122239e-01 1.797424784431278511e-01 0.000000000000000000e+00 2.094000000000000057e+02
7.027332724262270958e+00 -8.363302592596319585e+00 0.000000000000000000e+00 1.618048893432977309e-01 1.813142486696328604e-01 0.000000000000000000e+00 2.095000000000000000e+02
7.044050930107436770e+00 -8.344793869429238953e+00 0.000000000000000000e+00 1.671820584516581221e-01 1.850872316708063181e-01 0.000000000000000000e+00 2.096000000000000227e+02
7.060769135952602582e+00 -8.326285146262160097e+00 0.000000000000000000e+00 1.671820584516581221e-01 1.850872316707885545e-01 0.000000000000000000e+00 2.097000000000000171e+02
7.077487341797768394e+00 -8.307776423095079465e+00 0.000000000000000000e+00 1.671820584516581221e-01 1.850872316708063181e-01 0.000000000000000000e+00 2.098000000000000114e+02
7.094205547642934206e+00 -8.289267699927998834e+00 0.000000000000000000e+00 1.671820584516581221e-01 1.850872316708063181e-01 0.000000000000000000e+00 2.099000000000000057e+02
7.110923753488100019e+00 -8.270758976760919978e+00 0.000000000000000000e+00 1.671820584516581221e-01 1.850872316707885545e-01 0.000000000000000000e+00 2.100000000000000000e+02
7.127479625820948073e+00 -8.251809862206297197e+00 0.000000000000000000e+00 1.655587233284805393e-01 1.894911455462278127e-01 0.000000000000000000e+00 2.101000000000000227e+02
7.143875281920624154e+00 -8.232426100189018214e+00 0.000000000000000000e+00 1.639565609967608140e-01 1.938376201727898263e-01 0.000000000000000000e+00 2.102000000000000171e+02
7.160270938020300235e+00 -8.213042338171741008e+00 0.000000000000000000e+00 1.639565609967608140e-01 1.938376201727720627e-01 0.000000000000000000e+00 2.103000000000000114e+02
7.176666594119976317e+00 -8.193658576154462025e+00 0.000000000000000000e+00 1.639565609967608140e-01 1.938376201727898263e-01 0.000000000000000000e+00 2.104000000000000057e+02
7.193062250219652398e+00 -8.174274814137184819e+00 0.000000000000000000e+00 1.639565609967608140e-01 1.938376201727720627e-01 0.000000000000000000e+00 2.105000000000000000e+02
7.209457906319328480e+00 -8.154891052119905837e+00 0.000000000000000000e+00 1.639565609967608140e-01 1.938376201727898263e-01 0.000000000000000000e+00 2.106000000000000227e+02
7.223479233679893419e+00 -8.134649418349816585e+00 0.000000000000000000e+00 1.402132736056493911e-01 2.024163377008925124e-01 0.000000000000000000e+00 2.107000000000000171e+02
7.235286262987381534e+00 -8.113607733718719572e+00 0.000000000000000000e+00 1.180702930748811497e-01 2.104168463109701293e-01 0.000000000000000000e+00 2.108000000000000114e+02
7.247093292294870537e+00 -8.092566049087624336e+00 0.000000000000000000e+00 1.180702930748900314e-01 2.104168463109523657e-01 0.000000000000000000e+00 2.109000000000000057e+02
7.258900321602358652e+00 -8.071524364456527323e+00 0.000000000000000000e+00 1.180702930748811497e-01 2.104168463109701293e-01 0.000000000000000000e+00 2.110000000000000000e+02
7.270707350909846767e+00 -8.050482679825430310e+00 0.000000000000000000e+00 1.180702930748811497e-01 2.104168463109701293e-01 0.000000000000000000e+00 2.111000000000000227e+02
7.282514380217335770e+00 -8.029440995194335073e+00 0.000000000000000000e+00 1.180702930748900314e-01 2.104168463109523657e-01 0.000000000000000000e+00 2.112000000000000171e+02
7.285450728032202505e+00 -8.004596877939704314e+00 0.000000000000000000e+00 2.936347814866735462e-02 2.484411725463075982e-01 0.000000000000000000e+00 2.113000000000000114e+02
7.282947118855325641e+00 -7.977420913920735934e+00 0.000000000000000000e+00 -2.503609176876864240e-02 2.717596401896837932e-01 0.000000000000000000e+00 2.114000000000000057e+02
7.280443509678447889e+00 -7.950244949901768443e+00 0.000000000000000000e+00 -2.503609176877752418e-02 2.717596401896749114e-01 0.000000000000000000e+00 2.115000000000000000e+02
7.277939900501570136e+00 -7.923068985882800064e+00 0.000000000000000000e+00 -2.503609176877752418e-02 2.717596401896837932e-01 0.000000000000000000e+00 2.116000000000000227e+02
7.275436291324692384e+00 -7.895893021863832573e+00 0.000000000000000000e+00 -2.503609176877752418e-02 2.717596401896749114e-01 0.000000000000000000e+00 2.117000000000000171e+02
7.272932682147814631e+00 -7.868717057844864193e+00 0.000000000000000000e+00 -2.503609176877752418e-02 2.717596401896837932e-01 0.000000000000000000e+00 2.118000000000000114e+02
7.270429072970937767e+00 -7.841541093825896702e+00 0.000000000000000000e+00 -2.503609176876864240e-02 2.717596401896749114e-01 0.000000000000000000e+00 2.119000000000000057e+02
7.266297543098759526e+00 -7.814807102831266228e+00 0.000000000000000000e+00 -4.131529872178241192e-02 2.673399099463047435e-01 0.000000000000000000e+00 2.120000000000000000e+02
7.261914179718366391e+00 -7.788141483482488248e+00 0.000000000000000000e+00 -4.383363380393134889e-02 2.666561934877798024e-01 0.000000000000000000e+00 2.121000000000000227e+02
7.257530816337972368e+00 -7.761475864133711156e+00 0.000000000000000000e+00 -4.383363380394023068e-02 2.666561934877709206e-01 0.000000000000000000e+00 2.122000000000000171e+02
7.253147452957579233e+00 -7.734810244784933175e+00 0.000000000000000000e+00 -4.383363380393134889e-02 2.666561934877798024e-01 0.000000000000000000e+00 2.123000000000000114e+02
7.248764089577186098e+00 -7.708144625436156083e+00 0.000000000000000000e+00 -4.383363380393134889e-02 2.666561934877709206e-01 0.000000000000000000e+00 2.124000000000000057e+02
7.244380726196792963e+00 -7.681479006087378103e+00 0.000000000000000000e+00 -4.383363380393134889e-02 2.666561934877798024e-01 0.000000000000000000e+00 2.125000000000000000e+02
7.240730004305846457e+00 -7.653568817972200122e+00 0.000000000000000000e+00 -3.650721890946506676e-02 2.791018811517798071e-01 0.000000000000000000e+00 2.126000000000000227e+02
7.237537431081146444e+00 -7.624880353539625233e+00 0.000000000000000000e+00 -3.192573224700012702e-02 2.868846443257488943e-01 0.000000000000000000e+00 2.127000000000000171e+02
7.234344857856447319e+00 -7.596191889107050343e+00 0.000000000000000000e+00 -3.192573224699124523e-02 2.868846443257488943e-01 0.000000000000000000e+00 2.128000000000000114e+02
7.231152284631747307e+00 -7.567503424674475454e+00 0.000000000000000000e+00 -3.192573224700012702e-02 2.868846443257488943e-01 0.000000000000000000e+00 2.129000000000000057e+02
7.227959711407047294e+00 -7.538814960241900565e+00 0.000000000000000000e+00 -3.192573224700012702e-02 2.868846443257488943e-01 0.000000000000000000e+00 2.130000000000000000e+02
7.224767138182347281e+00 -7.510126495809325675e+00 0.000000000000000000e+00 -3.192573224700012702e-02 2.868846443257488943e-01 0.000000000000000000e+00 2.131000000000000227e+02
7.221574564957648157e+00 -7.481438031376751674e+00 0.000000000000000000e+00 -3.192573224699124523e-02 2.868846443257400125e-01 0.000000000000000000e+00 2.132000000000000171e+02
7.217734828489178689e+00 -7.455669004246093579e+00 0.000000000000000000e+00 -3.839736468469467923e-02 2.576902713065809536e-01 0.000000000000000000e+00 2.133000000000000114e+02
7.213524130787728694e+00 -7.431573431335151803e+00 0.000000000000000000e+00 -4.210697701449994668e-02 2.409557291094177600e-01 0.000000000000000000e+00 2.134000000000000057e+02
7.209313433086278700e+00 -7.407477858424209138e+00 0.000000000000000000e+00 -4.210697701449994668e-02 2.409557291094266418e-01 0.000000000000000000e+00 2.135000000000000000e+02
7.205102735384828705e+00 -7.383382285513267362e+00 0.000000000000000000e+00 -4.210697701449994668e-02 2.409557291094177600e-01 0.000000000000000000e+00 2.136000000000000227e+02
7.200892037683378710e+00 -7.359286712602325586e+00 0.000000000000000000e+00 -4.210697701449994668e-02 2.409557291094177600e-01 0.000000000000000000e+00 2.137000000000000171e+02
7.196681339981928716e+00 -7.335191139691383810e+00 0.000000000000000000e+00 -4.210697701449994668e-02 2.409557291094177600e-01 0.000000000000000000e+00 2.138000000000000114e+02
7.193420782049281037e+00 -7.313254574816221876e+00 0.000000000000000000e+00 -3.260557932647678570e-02 2.193656487516193465e-01 0.000000000000000000e+00 2.139000000000000057e+02
7.190662155414795365e+00 -7.292458551303206526e+00 0.000000000000000000e+00 -2.758626634485672469e-02 2.079602351301534924e-01 0.000000000000000000e+00 2.140000000000000000e+02
7.187903528780308804e+00 -7.271662527790191177e+00 0.000000000000000000e+00 -2.758626634486560647e-02 2.079602351301534924e-01 0.000000000000000000e+00 2.141000000000000227e+02
7.185144902145823131e+00 -7.250866504277175828e+00 0.000000000000000000e+00 -2.758626634485672469e-02 2.079602351301534924e-01 0.000000000000000000e+00 2.142000000000000171e+02
7.182386275511337459e+00 -7.230070480764161367e+00 0.000000000000000000e+00 -2.758626634485672469e-02 2.079602351301446106e-01 0.000000000000000000e+00 2.143000000000000114e+02
7.179604520972191040e+00 -7.210119708807456007e+00 0.000000000000000000e+00 -2.781754539146419347e-02 1.995077195670535986e-01 0.000000000000000000e+00 2.144000000000000057e+02
7.176771557103383437e+00 -7.192040475419807954e+00 0.000000000000000000e+00 -2.832963868807603092e-02 1.807923338764805266e-01 0.000000000000000000e+00 2.145000000000000000e+02
7.173938593234576722e+00 -7.173961242032160790e+00 0.000000000000000000e+00 -2.832963868806714913e-02 1.807923338764716448e-01 0.000000000000000000e+00 2.146000000000000227e+02
7.171105629365770007e+00 -7.155882008644512737e+00 0.000000000000000000e+00 -2.832963868806714913e-02 1.807923338764805266e-01 0.000000000000000000e+00 2.147000000000000171e+02
7.168272665496962404e+00 -7.137802775256865573e+00 0.000000000000000000e+00 -2.832963868807603092e-02 1.807923338764716448e-01 0.000000000000000000e+00 2.148000000000000114e+02
7.167064035498444952e+00 -7.121358641976342163e+00 0.000000000000000000e+00 -1.208629998517452009e-02 1.644413328052340972e-01 0.000000000000000000e+00 2.149000000000000057e+02
7.167472307624072947e+00 -7.106542127798491038e+00 0.000000000000000000e+00 4.082721256279953082e-03 1.481651417785112557e-01 0.000000000000000000e+00 2.150000000000000000e+02
7.167880579749700942e+00 -7.091725613620639912e+00 0.000000000000000000e+00 4.082721256279953082e-03 1.481651417785112557e-01 0.000000000000000000e+00 2.151000000000000227e+02
7.168288851875328938e+00 -7.076909099442788786e+00 0.000000000000000000e+00 4.082721256279953082e-03 1.481651417785112557e-01 0.000000000000000000e+00 2.152000000000000171e+02
7.169008192297860127e+00 -7.063776955705276528e+00 0.000000000000000000e+00 7.193404225311894606e-03 1.313214373751225850e-01 0.000000000000000000e+00 2.153000000000000114e+02
7.170440681871725452e+00 -7.054506367008950285e+00 0.000000000000000000e+00 1.432489573865325383e-02 9.270588696326242939e-02 0.000000000000000000e+00 2.154000000000000057e+02
7.171873171445590778e+00 -7.045235778312624042e+00 0.000000000000000000e+00 1.432489573865325383e-02 9.270588696326242939e-02 0.000000000000000000e+00 2.155000000000000000e+02
7.173305661019455215e+00 -7.035965189616296911e+00 0.000000000000000000e+00 1.432489573864437205e-02 9.270588696327131117e-02 0.000000000000000000e+00 2.156000000000000227e+02
7.174738150593320540e+00 -7.026694600919970668e+00 0.000000000000000000e+00 1.432489573865325383e-02 9.270588696326242939e-02 0.000000000000000000e+00 2.157000000000000171e+02
7.175000000000002487e+00 -7.024999999999998579e+00 0.000000000000000000e+00 2.618494066819465615e-03 1.694600919972089059e-02 0.000000000000000000e+00 2.158000000000000114e+02
