-1.324999999999999289e+00 -1.474999999999994316e+00 0.000000000000000000e+00 0.000000000000000000e+00 0.000000000000000000e+00 0.000000000000000000e+00 0.000000000000000000e+00
-1.333244255368561060e+00 -1.466583415310287686e+00 0.000000000000000000e+00 -8.244255368561770325e-02 8.416584689706629874e-02 0.000000000000000000e+00 1.000000000000000056e-01
-1.341488510737122830e+00 -1.458166830620580834e+00 0.000000000000000000e+00 -8.244255368561770325e-02 8.416584689706851918e-02 0.000000000000000000e+00 2.000000000000000111e-01
-1.349732766105684600e+00 -1.449750245930874204e+00 0.000000000000000000e+00 -8.244255368561770325e-02 8.416584689706629874e-02 0.000000000000000000e+00 3.000000000000000444e-01
-1.357977021474246149e+00 -1.441333661241167352e+00 0.000000000000000000e+00 -8.244255368561548281e-02 8.416584689706851918e-02 0.000000000000000000e+00 4.000000000000000222e-01
-1.366221276842807919e+00 -1.432917076551460722e+00 0.000000000000000000e+00 -8.244255368561770325e-02 8.416584689706629874e-02 0.000000000000000000e+00 5.000000000000000000e-01
-1.374626047396001249e+00 -1.424822867264388115e+00 0.000000000000000000e+00 -8.404770553193330329e-02 8.094209287072606784e-02 0.000000000000000000e+00 6.000000000000000888e-01
-1.383288009212088276e+00 -1.417245195631491317e+00 0.000000000000000000e+00 -8.661961816087027088e-02 7.577671632896798570e-02 0.000000000000000000e+00 7.000000000000000666e-01
-1.391949971028175081e+00 -1.409667523998594740e+00 0.000000000000000000e+00 -8.661961816086805044e-02 7.577671632896576526e-02 0.000000000000000000e+00 8.000000000000000444e-01
-1.400611932844261887e+00 -1.402089852365698164e+00 0.000000000000000000e+00 -8.661961816086805044e-02 7.577671632896576526e-02 0.000000000000000000e+00 9.000000000000000222e-01
-1.408892166934414991e+00 -1.394926687194130821e+00 0.000000000000000000e+00 -8.280234090153104631e-02 7.163165171567342782e-02 0.000000000000000000e+00 1.000000000000000000e+00
-1.414025765639905341e+00 -1.391180357137695944e+00 0.000000000000000000e+00 -5.133598705490349801e-02 3.746330056434876710e-02 0.000000000000000000e+00 1.100000000000000089e+00
-1.419159364345395469e+00 -1.387434027081260846e+00 0.000000000000000000e+00 -5.133598705490127756e-02 3.746330056435098754e-02 0.000000000000000000e+00 1.200000000000000178e+00
-1.424292963050885819e+00 -1.383687697024825747e+00 0.000000000000000000e+00 -5.133598705490349801e-02 3.746330056435098754e-02 0.000000000000000000e+00 1.300000000000000044e+00
-1.429511021243250690e+00 -1.381135426826769930e+00 0.000000000000000000e+00 -5.218058192364871672e-02 2.552270198055817119e-02 0.000000000000000000e+00 1.400000000000000133e+00
-1.435284937433008112e+00 -1.386441690302147922e+00 0.000000000000000000e+00 -5.773916189757422046e-02 -5.306263475377992478e-02 0.000000000000000000e+00 1.500000000000000000e+00
-1.441058853622765534e+00 -1.391747953777526137e+00 0.000000000000000000e+00 -5.773916189757422046e-02 -5.306263475378214522e-02 0.000000000000000000e+00 1.600000000000000089e+00
-1.446832769812523178e+00 -1.397054217252904351e+00 0.000000000000000000e+00 -5.773916189757644091e-02 -5.306263475378214522e-02 0.000000000000000000e+00 1.700000000000000178e+00
-1.452606686002280600e+00 -1.402360480728282566e+00 0.000000000000000000e+00 -5.773916189757422046e-02 -5.306263475378214522e-02 0.000000000000000000e+00 1.800000000000000044e+00
-1.462257991597292195e+00 -1.411755054649120211e+00 0.000000000000000000e+00 -9.651305595011594463e-02 -9.394573920837645531e-02 0.000000000000000000e+00 1.900000000000000133e+00
-1.472820112564142248e+00 -1.422109990197171880e+00 0.000000000000000000e+00 -1.056212096685005264e-01 -1.035493554805166916e-01 0.000000000000000000e+00 2.000000000000000000e+00
-1.483382233530992522e+00 -1.432464925745223772e+00 0.000000000000000000e+00 -1.056212096685027468e-01 -1.035493554805189120e-01 0.000000000000000000e+00 2.100000000000000089e+00
-1.493944354497842797e+00 -1.442819861293275441e+00 0.000000000000000000e+00 -1.056212096685027468e-01 -1.035493554805166916e-01 0.000000000000000000e+00 2.200000000000000178e+00
-1.504979476950883743e+00 -1.453551125338831351e+00 0.000000000000000000e+00 -1.103512245304094641e-01 -1.073126404555591051e-01 0.000000000000000000e+00 2.300000000000000266e+00
-1.518196408741274039e+00 -1.466018276170658607e+00 0.000000000000000000e+00 -1.321693179039029609e-01 -1.246715083182725614e-01 0.000000000000000000e+00 2.400000000000000355e+00
-1.531413340531664335e+00 -1.478485427002485642e+00 0.000000000000000000e+00 -1.321693179039029609e-01 -1.246715083182703410e-01 0.000000000000000000e+00 2.500000000000000000e+00
-1.544630272322054632e+00 -1.490952577834312898e+00 0.000000000000000000e+00 -1.321693179039029609e-01 -1.246715083182725614e-01 0.000000000000000000e+00 2.600000000000000089e+00
-1.557847204112444928e+00 -1.503419728666140154e+00 0.000000000000000000e+00 -1.321693179039029609e-01 -1.246715083182725614e-01 0.000000000000000000e+00 2.700000000000000178e+00
-1.571552355143346347e+00 -1.516680275042012971e+00 0.000000000000000000e+00 -1.370515103090141906e-01 -1.326054637587281704e-01 0.000000000000000000e+00 2.800000000000000266e+00
-1.586513990007457409e+00 -1.531982708733491405e+00 0.000000000000000000e+00 -1.496163486411106192e-01 -1.530243369147843424e-01 0.000000000000000000e+00 2.900000000000000355e+00
-1.601475624871568249e+00 -1.547285142424969617e+00 0.000000000000000000e+00 -1.496163486411083987e-01 -1.530243369147821220e-01 0.000000000000000000e+00 3.000000000000000000e+00
-1.616437259735679310e+00 -1.562587576116448052e+00 0.000000000000000000e+00 -1.496163486411106192e-01 -1.530243369147843424e-01 0.000000000000000000e+00 3.100000000000000089e+00
-1.631398894599790372e+00 -1.577890009807926264e+00 0.000000000000000000e+00 -1.496163486411106192e-01 -1.530243369147821220e-01 0.000000000000000000e+00 3.200000000000000178e+00
-1.646360529463901212e+00 -1.593192443499404698e+00 0.000000000000000000e+00 -1.496163486411083987e-01 -1.530243369147843424e-01 0.000000000000000000e+00 3.300000000000000266e+00
-1.660880906068574303e+00 -1.608417594248849891e+00 0.000000000000000000e+00 -1.452037660467309088e-01 -1.522515074944519320e-01 0.000000000000000000e+00 3.400000000000000355e+00
-1.675318994522832394e+00 -1.623628332870652224e+00 0.000000000000000000e+00 -1.443808845425809118e-01 -1.521073862180233327e-01 0.000000000000000000e+00 3.500000000000000000e+00
-1.689757082977090485e+00 -1.638839071492454558e+00 0.000000000000000000e+00 -1.443808845425809118e-01 -1.521073862180233327e-01 0.000000000000000000e+00 3.600000000000000089e+00
-1.704195171431348799e+00 -1.654049810114257113e+00 0.000000000000000000e+00 -1.443808845425831322e-01 -1.521073862180255531e-01 0.000000000000000000e+00 3.700000000000000178e+00
-1.718633259885606890e+00 -1.669260548736059446e+00 0.000000000000000000e+00 -1.443808845425809118e-01 -1.521073862180233327e-01 0.000000000000000000e+00 3.800000000000000266e+00
-1.731431553268835355e+00 -1.684036989591980449e+00 0.000000000000000000e+00 -1.279829338322846510e-01 -1.477644085592100254e-01 0.000000000000000000e+00 3.900000000000000355e+00
-1.744049089313914669e+00 -1.698765557082801525e+00 0.000000000000000000e+00 -1.261753604507931392e-01 -1.472856749082107619e-01 0.000000000000000000e+00 4.000000000000000000e+00
-1.756666625358993761e+00 -1.713494124573622379e+00 0.000000000000000000e+00 -1.261753604507909188e-01 -1.472856749082085415e-01 0.000000000000000000e+00 4.100000000000000533e+00
-1.769284161404073075e+00 -1.728222692064443233e+00 0.000000000000000000e+00 -1.261753604507931392e-01 -1.472856749082085415e-01 0.000000000000000000e+00 4.200000000000000178e+00
-1.781689846460266402e+00 -1.742693671627115748e+00 0.000000000000000000e+00 -1.240568505619332740e-01 -1.447097956267251462e-01 0.000000000000000000e+00 4.299999999999999822e+00
-1.793665264869563458e+00 -1.756641493404646814e+00 0.000000000000000000e+00 -1.197541840929705614e-01 -1.394782177753106645e-01 0.000000000000000000e+00 4.400000000000000355e+00
-1.805640683278860514e+00 -1.770589315182178103e+00 0.000000000000000000e+00 -1.197541840929705614e-01 -1.394782177753128849e-01 0.000000000000000000e+00 4.500000000000000000e+00
-1.817616101688157570e+00 -1.784537136959709391e+00 0.000000000000000000e+00 -1.197541840929705614e-01 -1.394782177753128849e-01 0.000000000000000000e+00 4.600000000000000533e+00
-1.829591323009307713e+00 -1.798479487909965480e+00 0.000000000000000000e+00 -1.197522132115014237e-01 -1.394235095025608828e-01 0.000000000000000000e+00 4.700000000000000178e+00
-1.841541494084907971e+00 -1.811726487217593773e+00 0.000000000000000000e+00 -1.195017107560025771e-01 -1.324699930762829325e-01 0.000000000000000000e+00 4.800000000000000711e+00
-1.853491665160508006e+00 -1.824973486525222066e+00 0.000000000000000000e+00 -1.195017107560003566e-01 -1.324699930762829325e-01 0.000000000000000000e+00 4.900000000000000355e+00
-1.865441836236108264e+00 -1.838220485832850359e+00 0.000000000000000000e+00 -1.195017107560025771e-01 -1.324699930762829325e-01 0.000000000000000000e+00 5.000000000000000000e+00
-1.877392007311708300e+00 -1.851467485140478653e+00 0.000000000000000000e+00 -1.195017107560003566e-01 -1.324699930762829325e-01 0.000000000000000000e+00 5.100000000000000533e+00
-1.888831042700268803e+00 -1.865234943572766202e+00 0.000000000000000000e+00 -1.143903538856050339e-01 -1.376745843228754929e-01 0.000000000000000000e+00 5.200000000000000178e+00
-1.900108628247485276e+00 -1.879166796793429794e+00 0.000000000000000000e+00 -1.127758554721647322e-01 -1.393185322066359255e-01 0.000000000000000000e+00 5.300000000000000711e+00
-1.911386213794701749e+00 -1.893098650014093387e+00 0.000000000000000000e+00 -1.127758554721647322e-01 -1.393185322066359255e-01 0.000000000000000000e+00 5.400000000000000355e+00
-1.922663799341918223e+00 -1.907030503234756980e+00 0.000000000000000000e+00 -1.127758554721647322e-01 -1.393185322066359255e-01 0.000000000000000000e+00 5.500000000000000000e+00
-1.933234095780103079e+00 -1.920196267210891650e+00 0.000000000000000000e+00 -1.057029643818485631e-01 -1.316576397613467009e-01 0.000000000000000000e+00 5.600000000000000533e+00
-1.943346526303015631e+00 -1.932866100811954535e+00 0.000000000000000000e+00 -1.011243052291255218e-01 -1.266983360106288536e-01 0.000000000000000000e+00 5.700000000000000178e+00
-1.953458956825928183e+00 -1.945535934413017420e+00 0.000000000000000000e+00 -1.011243052291255218e-01 -1.266983360106288536e-01 0.000000000000000000e+00 5.800000000000000711e+00
-1.963571387348840735e+00 -1.958205768014080306e+00 0.000000000000000000e+00 -1.011243052291255218e-01 -1.266983360106288536e-01 0.000000000000000000e+00 5.900000000000000355e+00
-1.968916268415404680e+00 -1.972721396552702400e+00 0.000000000000000000e+00 -5.344881066563944572e-02 -1.451562853862209401e-01 0.000000000000000000e+00 6.000000000000000000e+00
-1.972498777579080764e+00 -1.987919341481795277e+00 0.000000000000000000e+00 -3.582509163676084185e-02 -1.519794492909287698e-01 0.000000000000000000e+00 6.100000000000000533e+00
-1.976081286742756626e+00 -2.003117286410887932e+00 0.000000000000000000e+00 -3.582509163675862141e-02 -1.519794492909265493e-01 0.000000000000000000e+00 6.200000000000000178e+00
-1.979663795906432711e+00 -2.018315231339980809e+00 0.000000000000000000e+00 -3.582509163676084185e-02 -1.519794492909287698e-01 0.000000000000000000e+00 6.300000000000000711e+00
-1.979135507498651414e+00 -2.032958815033947264e+00 0.000000000000000000e+00 5.282884077812965984e-03 -1.464358369396645543e-01 0.000000000000000000e+00 6.400000000000000355e+00
-1.967743341181726002e+00 -2.046137351453924946e+00 0.000000000000000000e+00 1.139216631692541171e-01 -1.317853641997768221e-01 0.000000000000000000e+00 6.500000000000000000e+00
-1.956351174864800813e+00 -2.059315887873903073e+00 0.000000000000000000e+00 1.139216631692518966e-01 -1.317853641997812630e-01 0.000000000000000000e+00 6.600000000000000533e+00
-1.944959008547875401e+00 -2.072494424293881199e+00 0.000000000000000000e+00 1.139216631692541171e-01 -1.317853641997812630e-01 0.000000000000000000e+00 6.700000000000000178e+00
-1.933566842230950211e+00 -2.085672960713858881e+00 0.000000000000000000e+00 1.139216631692518966e-01 -1.317853641997768221e-01 0.000000000000000000e+00 6.800000000000000711e+00
-1.916417112679388079e+00 -2.097078845431669780e+00 0.000000000000000000e+00 1.714972955156213175e-01 -1.140588471781089908e-01 0.000000000000000000e+00 6.900000000000000355e+00
-1.896792477840942182e+00 -2.107722750664286604e+00 0.000000000000000000e+00 1.962463483844589796e-01 -1.064390523261682375e-01 0.000000000000000000e+00 7.000000000000000000e+00
-1.877167843002496506e+00 -2.118366655896903872e+00 0.000000000000000000e+00 1.962463483844567591e-01 -1.064390523261726784e-01 0.000000000000000000e+00 7.100000000000000533e+00
-1.857543208164050608e+00 -2.129010561129521140e+00 0.000000000000000000e+00 1.962463483844589796e-01 -1.064390523261726784e-01 0.000000000000000000e+00 7.200000000000000178e+00
-1.837918573325604932e+00 -2.139654466362137963e+00 0.000000000000000000e+00 1.962463483844567591e-01 -1.064390523261682375e-01 0.000000000000000000e+00 7.300000000000000711e+00
-1.818293938487159256e+00 -2.150298371594755231e+00 0.000000000000000000e+00 1.962463483844567591e-01 -1.064390523261726784e-01 0.000000000000000000e+00 7.400000000000000355e+00
-1.799042083447963902e+00 -2.158771808426930505e+00 0.000000000000000000e+00 1.925185503919535357e-01 -8.473436832175273992e-02 0.000000000000000000e+00 7.500000000000000000e+00
-1.779865384981540899e+00 -2.166807654577916242e+00 0.000000000000000000e+00 1.917669846642300335e-01 -8.035846150985737069e-02 0.000000000000000000e+00 7.600000000000000533e+00
-1.760688686515118118e+00 -2.174843500728901979e+00 0.000000000000000000e+00 1.917669846642278131e-01 -8.035846150985737069e-02 0.000000000000000000e+00 7.700000000000000178e+00
-1.741511988048695114e+00 -2.182879346879887716e+00 0.000000000000000000e+00 1.917669846642300335e-01 -8.035846150985737069e-02 0.000000000000000000e+00 7.800000000000000711e+00
-1.722335289582272111e+00 -2.190915193030873453e+00 0.000000000000000000e+00 1.917669846642300335e-01 -8.035846150985737069e-02 0.000000000000000000e+00 7.900000000000000355e+00
-1.702613841829710983e+00 -2.190404686410382773e+00 0.000000000000000000e+00 1.972144775256112759e-01 5.105066204906805183e-03 0.000000000000000000e+00 8.000000000000000000e+00
-1.682875264864978737e+00 -2.189625446459469771e+00 0.000000000000000000e+00 1.973857696473224621e-01 7.792399509130021329e-03 0.000000000000000000e+00 8.099999999999999645e+00
-1.663136687900246713e+00 -2.188846206508556769e+00 0.000000000000000000e+00 1.973857696473202417e-01 7.792399509130021329e-03 0.000000000000000000e+00 8.200000000000001066e+00
-1.643398110935514467e+00 -2.188066966557643322e+00 0.000000000000000000e+00 1.973857696473224621e-01 7.792399509134462221e-03 0.000000000000000000e+00 8.300000000000000711e+00
-1.623912629103211547e+00 -2.186885468553445122e+00 0.000000000000000000e+00 1.948548183230291997e-01 1.181498004198200391e-02 0.000000000000000000e+00 8.400000000000000355e+00
-1.604902812778495003e+00 -2.184947969122982947e+00 0.000000000000000000e+00 1.900981632471654414e-01 1.937499430462175098e-02 0.000000000000000000e+00 8.500000000000000000e+00
-1.585892996453778458e+00 -2.183010469692521216e+00 0.000000000000000000e+00 1.900981632471654414e-01 1.937499430461731009e-02 0.000000000000000000e+00 8.599999999999999645e+00
-1.566883180129061692e+00 -2.181072970262059041e+00 0.000000000000000000e+00 1.900981632471676619e-01 1.937499430462175098e-02 0.000000000000000000e+00 8.700000000000001066e+00
-1.547873363804345148e+00 -2.179135470831597310e+00 0.000000000000000000e+00 1.900981632471654414e-01 1.937499430461731009e-02 0.000000000000000000e+00 8.800000000000000711e+00
-1.528500868067880880e+00 -2.177200452342494152e+00 0.000000000000000000e+00 1.937249573646426803e-01 1.935018489103157435e-02 0.000000000000000000e+00 8.900000000000000355e+00
-1.509072819367477836e+00 -2.175265813868471287e+00 0.000000000000000000e+00 1.942804870040304444e-01 1.934638474022865040e-02 0.000000000000000000e+00 9.000000000000000000e+00
-1.489644770667075013e+00 -2.173331175394448422e+00 0.000000000000000000e+00 1.942804870040282239e-01 1.934638474022865040e-02 0.000000000000000000e+00 9.099999999999999645e+00
-1.470216721966671969e+00 -2.171396536920425557e+00 0.000000000000000000e+00 1.942804870040304444e-01 1.934638474022865040e-02 0.000000000000000000e+00 9.200000000000001066e+00
-1.449980276748557007e+00 -2.169365895646790054e+00 0.000000000000000000e+00 2.023644521811496233e-01 2.030641273635502841e-02 0.000000000000000000e+00 9.300000000000000711e+00
-1.428058069364452898e+00 -2.167135058202253717e+00 0.000000000000000000e+00 2.192220738410410874e-01 2.230837444536337699e-02 0.000000000000000000e+00 9.400000000000000355e+00
-1.406135861980348789e+00 -2.164904220757717379e+00 0.000000000000000000e+00 2.192220738410410874e-01 2.230837444536337699e-02 0.000000000000000000e+00 9.500000000000000000e+00
-1.384213654596244680e+00 -2.162673383313180597e+00 0.000000000000000000e+00 2.192220738410410874e-01 2.230837444536781788e-02 0.000000000000000000e+00 9.600000000000001421e+00
-1.362291447212140572e+00 -2.160442545868644260e+00 0.000000000000000000e+00 2.192220738410410874e-01 2.230837444536337699e-02 0.000000000000000000e+00 9.700000000000001066e+00
-1.340661827697111175e+00 -2.158247924927215067e+00 0.000000000000000000e+00 2.162961951502939684e-01 2.194620941429192840e-02 0.000000000000000000e+00 9.800000000000000711e+00
-1.321192509551984529e+00 -2.156320705917122105e+00 0.000000000000000000e+00 1.946931814512664616e-01 1.927219010092962037e-02 0.000000000000000000e+00 9.900000000000000355e+00
-1.301723191406858104e+00 -2.154393486907028699e+00 0.000000000000000000e+00 1.946931814512642411e-01 1.927219010093406126e-02 0.000000000000000000e+00 1.000000000000000000e+01
-1.282253873261731458e+00 -2.152466267896935737e+00 0.000000000000000000e+00 1.946931814512664616e-01 1.927219010092962037e-02 0.000000000000000000e+00 1.010000000000000142e+01
-1.262784555116604812e+00 -2.150539048886842775e+00 0.000000000000000000e+00 1.946931814512664616e-01 1.927219010092962037e-02 0.000000000000000000e+00 1.020000000000000107e+01
-1.242941971864668149e+00 -2.147505630732531312e+00 0.000000000000000000e+00 1.984258325193666295e-01 3.033418154311462445e-02 0.000000000000000000e+00 1.030000000000000071e+01
-1.222847478689641942e+00 -2.143725658624320296e+00 0.000000000000000000e+00 2.009449317502620680e-01 3.779972108211016035e-02 0.000000000000000000e+00 1.040000000000000036e+01
-1.202752985514615514e+00 -2.139945686516109280e+00 0.000000000000000000e+00 2.009449317502642884e-01 3.779972108211016035e-02 0.000000000000000000e+00 1.050000000000000000e+01
-1.182658492339589307e+00 -2.136165714407898708e+00 0.000000000000000000e+00 2.009449317502620680e-01 3.779972108210571946e-02 0.000000000000000000e+00 1.060000000000000142e+01
-1.162563999164563100e+00 -2.132385742299687692e+00 0.000000000000000000e+00 2.009449317502620680e-01 3.779972108211016035e-02 0.000000000000000000e+00 1.070000000000000107e+01
-1.142642920662400696e+00 -2.128837580298513110e+00 0.000000000000000000e+00 1.992107850216240372e-01 3.548162001174581803e-02 0.000000000000000000e+00 1.080000000000000071e+01
-1.122761685243245378e+00 -2.125342678088934623e+00 0.000000000000000000e+00 1.988123541915531867e-01 3.494902209578487629e-02 0.000000000000000000e+00 1.090000000000000036e+01
-1.102880449824089837e+00 -2.121847775879356135e+00 0.000000000000000000e+00 1.988123541915554071e-01 3.494902209578487629e-02 0.000000000000000000e+00 1.100000000000000000e+01
-1.082999214404934518e+00 -2.118352873669778091e+00 0.000000000000000000e+00 1.988123541915531867e-01 3.494902209578043539e-02 0.000000000000000000e+00 1.110000000000000142e+01
-1.063178740646578468e+00 -2.114904931384813835e+00 0.000000000000000000e+00 1.982047375835604974e-01 3.447942284964256032e-02 0.000000000000000000e+00 1.120000000000000107e+01
-1.043810768463071081e+00 -2.111806706990427607e+00 0.000000000000000000e+00 1.936797218350738703e-01 3.098224394386228653e-02 0.000000000000000000e+00 1.130000000000000071e+01
-1.024442796279563694e+00 -2.108708482596040934e+00 0.000000000000000000e+00 1.936797218350738703e-01 3.098224394386672742e-02 0.000000000000000000e+00 1.140000000000000036e+01
-1.005074824096056529e+00 -2.105610258201654705e+00 0.000000000000000000e+00 1.936797218350716498e-01 3.098224394386228653e-02 0.000000000000000000e+00 1.150000000000000000e+01
-9.857068519125491424e-01 -2.102512033807268033e+00 0.000000000000000000e+00 1.936797218350738703e-01 3.098224394386672742e-02 0.000000000000000000e+00 1.160000000000000142e+01
-9.672282973073637047e-01 -2.099633436565770950e+00 0.000000000000000000e+00 1.847855460518543769e-01 2.878597241497082848e-02 0.000000000000000000e+00 1.170000000000000107e+01
-9.494611825490962831e-01 -2.096930517781546488e+00 0.000000000000000000e+00 1.776711475826742159e-01 2.702918784224461746e-02 0.000000000000000000e+00 1.180000000000000071e+01
-9.316940677908288615e-01 -2.094227598997321582e+00 0.000000000000000000e+00 1.776711475826742159e-01 2.702918784224905835e-02 0.000000000000000000e+00 1.190000000000000036e+01
-9.139269530325614399e-01 -2.091524680213097120e+00 0.000000000000000000e+00 1.776711475826742159e-01 2.702918784224461746e-02 0.000000000000000000e+00 1.200000000000000000e+01
-8.951141755867808580e-01 -2.088816469519430008e+00 0.000000000000000000e+00 1.881277744578058186e-01 2.708210693667112423e-02 0.000000000000000000e+00 1.210000000000000142e+01
-8.750562847398680733e-01 -2.086101957532389140e+00 0.000000000000000000e+00 2.005789084691278479e-01 2.714511987040868490e-02 0.000000000000000000e+00 1.220000000000000107e+01
-8.549983938929553995e-01 -2.083387445545348715e+00 0.000000000000000000e+00 2.005789084691267377e-01 2.714511987040424401e-02 0.000000000000000000e+00 1.230000000000000071e+01
-8.349405030460426147e-01 -2.080672933558307847e+00 0.000000000000000000e+00 2.005789084691278479e-01 2.714511987040868490e-02 0.000000000000000000e+00 1.240000000000000036e+01
-8.148826121991299409e-01 -2.077958421571267422e+00 0.000000000000000000e+00 2.005789084691267377e-01 2.714511987040424401e-02 0.000000000000000000e+00 1.250000000000000000e+01
-7.955619640591167219e-01 -2.075640070512501989e+00 0.000000000000000000e+00 1.932064814001321906e-01 2.318351058765433237e-02 0.000000000000000000e+00 1.260000000000000142e+01
-7.764036101608601248e-01 -2.073408929048170979e+00 0.000000000000000000e+00 1.915835389825659707e-01 2.231141464331010127e-02 0.000000000000000000e+00 1.270000000000000107e+01
-7.572452562626035277e-01 -2.071177787583839969e+00 0.000000000000000000e+00 1.915835389825659707e-01 2.231141464331010127e-02 0.000000000000000000e+00 1.280000000000000071e+01
-7.380869023643470417e-01 -2.068946646119508959e+00 0.000000000000000000e+00 1.915835389825648605e-01 2.231141464331010127e-02 0.000000000000000000e+00 1.290000000000000036e+01
-7.188899376312315459e-01 -2.068051848762104239e+00 0.000000000000000000e+00 1.919696473311549578e-01 8.947973574047196621e-03 0.000000000000000000e+00 1.300000000000000000e+01
-6.996570346536856722e-01 -2.068400895557081398e+00 0.000000000000000000e+00 1.923290297754587375e-01 -3.490467949771591805e-03 0.000000000000000000e+00 1.310000000000000142e+01
-6.804241316761399094e-01 -2.068749942352059001e+00 0.000000000000000000e+00 1.923290297754576272e-01 -3.490467949776032697e-03 0.000000000000000000e+00 1.320000000000000107e+01
-6.611912286985940357e-01 -2.069098989147036161e+00 0.000000000000000000e+00 1.923290297754587375e-01 -3.490467949771591805e-03 0.000000000000000000e+00 1.330000000000000071e+01
-6.417576412421666099e-01 -2.070509419242572147e+00 0.000000000000000000e+00 1.943358745642742580e-01 -1.410430095535986084e-02 0.000000000000000000e+00 1.340000000000000036e+01
-6.215871536498694949e-01 -2.075817178632084481e+00 0.000000000000000000e+00 2.017048759229711496e-01 -5.307759389512334280e-02 0.000000000000000000e+00 1.350000000000000000e+01
-6.014166660575724910e-01 -2.081124938021596815e+00 0.000000000000000000e+00 2.017048759229700394e-01 -5.307759389512334280e-02 0.000000000000000000e+00 1.360000000000000142e+01
-5.812461784652753760e-01 -2.086432697411109594e+00 0.000000000000000000e+00 2.017048759229711496e-01 -5.307759389512778370e-02 0.000000000000000000e+00 1.370000000000000107e+01
-5.610756908729783721e-01 -2.091740456800621928e+00 0.000000000000000000e+00 2.017048759229700394e-01 -5.307759389512334280e-02 0.000000000000000000e+00 1.380000000000000071e+01
-5.401253949940461041e-01 -2.096880948224491448e+00 0.000000000000000000e+00 2.095029587893226797e-01 -5.140491423869519849e-02 0.000000000000000000e+00 1.390000000000000036e+01
-5.171814776099543653e-01 -2.101593810166673126e+00 0.000000000000000000e+00 2.294391738409173875e-01 -4.712861942181678643e-02 0.000000000000000000e+00 1.400000000000000000e+01
-4.942375602258626266e-01 -2.106306672108854805e+00 0.000000000000000000e+00 2.294391738409173875e-01 -4.712861942181678643e-02 0.000000000000000000e+00 1.410000000000000142e+01
-4.712936428417708878e-01 -2.111019534051036040e+00 0.000000000000000000e+00 2.294391738409173875e-01 -4.712861942181234554e-02 0.000000000000000000e+00 1.420000000000000107e+01
-4.483497254576791491e-01 -2.115732395993217718e+00 0.000000000000000000e+00 2.294391738409173875e-01 -4.712861942181678643e-02 0.000000000000000000e+00 1.430000000000000071e+01
-4.254058080735874658e-01 -2.120445257935399397e+00 0.000000000000000000e+00 2.294391738409168324e-01 -4.712861942181678643e-02 0.000000000000000000e+00 1.440000000000000036e+01
-4.078549726361792027e-01 -2.115217606940930750e+00 0.000000000000000000e+00 1.755083543740826313e-01 5.227650994468646672e-02 0.000000000000000000e+00 1.450000000000000000e+01
-3.925936531202199320e-01 -2.105769926868315878e+00 0.000000000000000000e+00 1.526131951595927072e-01 9.447680072614872415e-02 0.000000000000000000e+00 1.460000000000000142e+01
-3.773323336042606058e-01 -2.096322246795701005e+00 0.000000000000000000e+00 1.526131951595932623e-01 9.447680072614872415e-02 0.000000000000000000e+00 1.470000000000000107e+01
-3.620710140883013350e-01 -2.086874566723086133e+00 0.000000000000000000e+00 1.526131951595927072e-01 9.447680072614872415e-02 0.000000000000000000e+00 1.480000000000000071e+01
-3.468096945723420643e-01 -2.077426886650471261e+00 0.000000000000000000e+00 1.526131951595927072e-01 9.447680072614872415e-02 0.000000000000000000e+00 1.490000000000000036e+01
-3.323297041334545288e-01 -2.065340340093537286e+00 0.000000000000000000e+00 1.447999043888753556e-01 1.208654655693397473e-01 0.000000000000000000e+00 1.500000000000000000e+01
-3.180174534421478238e-01 -2.052687268098131401e+00 0.000000000000000000e+00 1.431225069130670491e-01 1.265307199540588456e-01 0.000000000000000000e+00 1.510000000000000142e+01
-3.037052027508411189e-01 -2.040034196102725073e+00 0.000000000000000000e+00 1.431225069130670491e-01 1.265307199540632865e-01 0.000000000000000000e+00 1.520000000000000107e+01
-2.893929520595344695e-01 -2.027381124107319188e+00 0.000000000000000000e+00 1.431225069130664940e-01 1.265307199540588456e-01 0.000000000000000000e+00 1.530000000000000071e+01
-2.750057593967924485e-01 -2.014725723697386339e+00 0.000000000000000000e+00 1.438719266274202102e-01 1.265540040993284876e-01 0.000000000000000000e+00 1.540000000000000036e+01
-2.600659996908495364e-01 -2.002053155269244655e+00 0.000000000000000000e+00 1.493975970594291214e-01 1.267256842814168394e-01 0.000000000000000000e+00 1.550000000000000000e+01
-2.451262399849066798e-01 -1.989380586841102527e+00 0.000000000000000000e+00 1.493975970594285663e-01 1.267256842814212803e-01 0.000000000000000000e+00 1.560000000000000142e+01
-2.301864802789638231e-01 -1.976708018412960399e+00 0.000000000000000000e+00 1.493975970594285663e-01 1.267256842814212803e-01 0.000000000000000000e+00 1.570000000000000107e+01
-2.152467205730209665e-01 -1.964035449984818493e+00 0.000000000000000000e+00 1.493975970594285663e-01 1.267256842814190598e-01 0.000000000000000000e+00 1.580000000000000071e+01
-2.001398512672359631e-01 -1.951661662456106505e+00 0.000000000000000000e+00 1.510686930578500342e-01 1.237378752871198806e-01 0.000000000000000000e+00 1.590000000000000036e+01
-1.847899741864585665e-01 -1.939722356738429632e+00 0.000000000000000000e+00 1.534987708077739654e-01 1.193930571767687354e-01 0.000000000000000000e+00 1.600000000000000000e+01
-1.694400971056811700e-01 -1.927783051020752536e+00 0.000000000000000000e+00 1.534987708077739654e-01 1.193930571767709559e-01 0.000000000000000000e+00 1.610000000000000142e+01
-1.540902200249034959e-01 -1.915843745303075440e+00 0.000000000000000000e+00 1.534987708077767410e-01 1.193930571767709559e-01 0.000000000000000000e+00 1.619999999999999929e+01
-1.387403429441258218e-01 -1.903904439585398123e+00 0.000000000000000000e+00 1.534987708077767410e-01 1.193930571767731763e-01 0.000000000000000000e+00 1.630000000000000071e+01
-1.228353246570993984e-01 -1.892161973828683008e+00 0.000000000000000000e+00 1.590501828702642340e-01 1.174246575671511472e-01 0.000000000000000000e+00 1.640000000000000213e+01
-1.067851995644742702e-01 -1.880470959518244500e+00 0.000000000000000000e+00 1.605012509262512821e-01 1.169101431043850781e-01 0.000000000000000000e+00 1.650000000000000000e+01
-9.073507447184914199e-02 -1.868779945207805993e+00 0.000000000000000000e+00 1.605012509262512821e-01 1.169101431043850781e-01 0.000000000000000000e+00 1.660000000000000142e+01
-7.468494937922401378e-02 -1.857088930897367707e+00 0.000000000000000000e+00 1.605012509262512821e-01 1.169101431043828576e-01 0.000000000000000000e+00 1.669999999999999929e+01
-5.869258663063919162e-02 -1.845451129808228785e+00 0.000000000000000000e+00 1.599236274858482076e-01 1.163780108913892164e-01 0.000000000000000000e+00 1.680000000000000071e+01
-4.320934189361431282e-02 -1.834282350706802678e+00 0.000000000000000000e+00 1.548324473702487880e-01 1.116877910142610730e-01 0.000000000000000000e+00 1.690000000000000213e+01
-2.772609715658943402e-02 -1.823113571605376348e+00 0.000000000000000000e+00 1.548324473702487880e-01 1.116877910142632935e-01 0.000000000000000000e+00 1.700000000000000000e+01
-1.224285241956455522e-02 -1.811944792503950241e+00 0.000000000000000000e+00 1.548324473702487880e-01 1.116877910142610730e-01 0.000000000000000000e+00 1.710000000000000142e+01
3.240392317460323579e-03 -1.800776013402523912e+00 0.000000000000000000e+00 1.548324473702487880e-01 1.116877910142632935e-01 0.000000000000000000e+00 1.719999999999999929e+01
1.790950503409813668e-02 -1.790247847977888052e+00 0.000000000000000000e+00 1.466911271663781102e-01 1.052816542463586025e-01 0.000000000000000000e+00 1.730000000000000071e+01
3.200743282031209141e-02 -1.780169129165402264e+00 0.000000000000000000e+00 1.409792778621395404e-01 1.007871881248578738e-01 0.000000000000000000e+00 1.740000000000000213e+01
4.610536060652604962e-02 -1.770090410352916477e+00 0.000000000000000000e+00 1.409792778621395681e-01 1.007871881248578738e-01 0.000000000000000000e+00 1.750000000000000000e+01
6.020328839274000088e-02 -1.760011691540430911e+00 0.000000000000000000e+00 1.409792778621395126e-01 1.007871881248556534e-01 0.000000000000000000e+00 1.760000000000000142e+01
7.446822341649630972e-02 -1.749870219400223803e+00 0.000000000000000000e+00 1.426493502375630884e-01 1.014147214020710841e-01 0.000000000000000000e+00 1.769999999999999929e+01
8.888553389129820459e-02 -1.739671491857455399e+00 0.000000000000000000e+00 1.441731047480189487e-01 1.019872754276840432e-01 0.000000000000000000e+00 1.780000000000000071e+01
1.033028443661000995e-01 -1.729472764314687216e+00 0.000000000000000000e+00 1.441731047480189487e-01 1.019872754276818227e-01 0.000000000000000000e+00 1.790000000000000213e+01
1.177201548409019805e-01 -1.719274036771918812e+00 0.000000000000000000e+00 1.441731047480188099e-01 1.019872754276840432e-01 0.000000000000000000e+00 1.800000000000000000e+01
1.327245677708552285e-01 -1.708751223748322667e+00 0.000000000000000000e+00 1.500441292995324805e-01 1.052281302359614479e-01 0.000000000000000000e+00 1.810000000000000142e+01
1.488036774771910598e-01 -1.697635169087833740e+00 0.000000000000000000e+00 1.607910970633583125e-01 1.111605466048892765e-01 0.000000000000000000e+00 1.819999999999999929e+01
1.648827871835268910e-01 -1.686519114427344812e+00 0.000000000000000000e+00 1.607910970633583125e-01 1.111605466048892765e-01 0.000000000000000000e+00 1.830000000000000071e+01
1.809618968898627223e-01 -1.675403059766855884e+00 0.000000000000000000e+00 1.607910970633583125e-01 1.111605466048892765e-01 0.000000000000000000e+00 1.840000000000000213e+01
1.970410065961985535e-01 -1.664287005106366957e+00 0.000000000000000000e+00 1.607910970633583125e-01 1.111605466048892765e-01 0.000000000000000000e+00 1.850000000000000000e+01
2.155216713390958050e-01 -1.654935487983738129e+00 0.000000000000000000e+00 1.848066474289725147e-01 9.351517122628827394e-02 0.000000000000000000e+00 1.860000000000000142e+01
2.350498469657940070e-01 -1.646353627291065935e+00 0.000000000000000000e+00 1.952817562669820206e-01 8.581860692672194091e-02 0.000000000000000000e+00 1.869999999999999929e+01
2.545780225924921814e-01 -1.637771766598393519e+00 0.000000000000000000e+00 1.952817562669817431e-01 8.581860692672416135e-02 0.000000000000000000e+00 1.880000000000000071e+01
2.741061982191904112e-01 -1.629189905905721325e+00 0.000000000000000000e+00 1.952817562669822982e-01 8.581860692672194091e-02 0.000000000000000000e+00 1.890000000000000213e+01
2.936343738458885855e-01 -1.620608045213048909e+00 0.000000000000000000e+00 1.952817562669817431e-01 8.581860692672416135e-02 0.000000000000000000e+00 1.900000000000000000e+01
3.128235146631037078e-01 -1.614375081763663067e+00 0.000000000000000000e+00 1.918914081721512233e-01 6.232963449385842125e-02 0.000000000000000000e+00 1.910000000000000142e+01
3.306663629128813175e-01 -1.617469487693051100e+00 0.000000000000000000e+00 1.784284824977760975e-01 -3.094405929388033272e-02 0.000000000000000000e+00 1.920000000000000284e+01
3.485092111626588718e-01 -1.620563893622439355e+00 0.000000000000000000e+00 1.784284824977755424e-01 -3.094405929388255316e-02 0.000000000000000000e+00 1.930000000000000071e+01
3.663520594124364260e-01 -1.623658299551827389e+00 0.000000000000000000e+00 1.784284824977755424e-01 -3.094405929388033272e-02 0.000000000000000000e+00 1.940000000000000213e+01
3.841949076622139803e-01 -1.626752705481215644e+00 0.000000000000000000e+00 1.784284824977755424e-01 -3.094405929388255316e-02 0.000000000000000000e+00 1.950000000000000000e+01
4.021809271951476972e-01 -1.633503290657008167e+00 0.000000000000000000e+00 1.798601953293371691e-01 -6.750585175792522818e-02 0.000000000000000000e+00 1.960000000000000142e+01
4.201797230573973141e-01 -1.640580146220690816e+00 0.000000000000000000e+00 1.799879586224961692e-01 -7.076855563682649120e-02 0.000000000000000000e+00 1.970000000000000284e+01
4.381785189196468755e-01 -1.647657001784373465e+00 0.000000000000000000e+00 1.799879586224956141e-01 -7.076855563682649120e-02 0.000000000000000000e+00 1.980000000000000071e+01
4.561773147818964924e-01 -1.654733857348056114e+00 0.000000000000000000e+00 1.799879586224961692e-01 -7.076855563682649120e-02 0.000000000000000000e+00 1.990000000000000213e+01
4.741353065621156104e-01 -1.661779910455318143e+00 0.000000000000000000e+00 1.795799178021911802e-01 -7.046053107262029158e-02 0.000000000000000000e+00 2.000000000000000000e+01
4.920390247344934576e-01 -1.668784993141064765e+00 0.000000000000000000e+00 1.790371817237784713e-01 -7.005082685746621962e-02 0.000000000000000000e+00 2.010000000000000142e+01
5.099427429068713602e-01 -1.675790075826811609e+00 0.000000000000000000e+00 1.790371817237790264e-01 -7.005082685746844007e-02 0.000000000000000000e+00 2.020000000000000284e+01
5.278464610792491518e-01 -1.682795158512558231e+00 0.000000000000000000e+00 1.790371817237779162e-01 -7.005082685746621962e-02 0.000000000000000000e+00 2.030000000000000071e+01
5.457501792516270545e-01 -1.689800241198305075e+00 0.000000000000000000e+00 1.790371817237790264e-01 -7.005082685746844007e-02 0.000000000000000000e+00 2.040000000000000213e+01
5.652827563171372027e-01 -1.697221684853190249e+00 0.000000000000000000e+00 1.953257706551014827e-01 -7.421443654885173657e-02 0.000000000000000000e+00 2.050000000000000000e+01
5.848823012879018624e-01 -1.704660246517530231e+00 0.000000000000000000e+00 1.959954497076465962e-01 -7.438561664339982116e-02 0.000000000000000000e+00 2.060000000000000142e+01
6.044818462586665220e-01 -1.712098808181870213e+00 0.000000000000000000e+00 1.959954497076465962e-01 -7.438561664339982116e-02 0.000000000000000000e+00 2.070000000000000284e+01
6.240813912294310706e-01 -1.719537369846209973e+00 0.000000000000000000e+00 1.959954497076454860e-01 -7.438561664339760071e-02 0.000000000000000000e+00 2.080000000000000071e+01
6.436500147094057489e-01 -1.726957801580851104e+00 0.000000000000000000e+00 1.956862347997467833e-01 -7.420431734641130816e-02 0.000000000000000000e+00 2.090000000000000213e+01
6.628083409870679787e-01 -1.734137667312901421e+00 0.000000000000000000e+00 1.915832627766222984e-01 -7.179865732050316751e-02 0.000000000000000000e+00 2.100000000000000000e+01
6.819666672647302086e-01 -1.741317533044951738e+00 0.000000000000000000e+00 1.915832627766222984e-01 -7.179865732050316751e-02 0.000000000000000000e+00 2.110000000000000142e+01
7.011249935423925495e-01 -1.748497398777001832e+00 0.000000000000000000e+00 1.915832627766234086e-01 -7.179865732050094707e-02 0.000000000000000000e+00 2.120000000000000284e+01
7.202833198200547793e-01 -1.755677264509052149e+00 0.000000000000000000e+00 1.915832627766222984e-01 -7.179865732050316751e-02 0.000000000000000000e+00 2.130000000000000071e+01
7.396125105412029166e-01 -1.762874331028745356e+00 0.000000000000000000e+00 1.932919072114813730e-01 -7.197066519693207098e-02 0.000000000000000000e+00 2.140000000000000213e+01
7.593550452439449261e-01 -1.770113008558346968e+00 0.000000000000000000e+00 1.974253470274200950e-01 -7.238677529601611482e-02 0.000000000000000000e+00 2.150000000000000000e+01
7.790975799466869356e-01 -1.777351686087948579e+00 0.000000000000000000e+00 1.974253470274200950e-01 -7.238677529601611482e-02 0.000000000000000000e+00 2.160000000000000142e+01
7.988401146494289451e-01 -1.784590363617549968e+00 0.000000000000000000e+00 1.974253470274200950e-01 -7.238677529601389438e-02 0.000000000000000000e+00 2.170000000000000284e+01
8.185826493521709546e-01 -1.791829041147151580e+00 0.000000000000000000e+00 1.974253470274200950e-01 -7.238677529601611482e-02 0.000000000000000000e+00 2.180000000000000071e+01
8.376141515700609164e-01 -1.798786913055680614e+00 0.000000000000000000e+00 1.903150221788996177e-01 -6.957871908529034144e-02 0.000000000000000000e+00 2.190000000000000213e+01
8.552531925063572293e-01 -1.805194865005097293e+00 0.000000000000000000e+00 1.763904093629631298e-01 -6.407951949416679227e-02 0.000000000000000000e+00 2.200000000000000000e+01
8.728922334426535423e-01 -1.811602816954513973e+00 0.000000000000000000e+00 1.763904093629631298e-01 -6.407951949416679227e-02 0.000000000000000000e+00 2.210000000000000142e+01
8.905312743789499663e-01 -1.818010768903930430e+00 0.000000000000000000e+00 1.763904093629642400e-01 -6.407951949416457182e-02 0.000000000000000000e+00 2.220000000000000284e+01
9.081703153152462793e-01 -1.824418720853347109e+00 0.000000000000000000e+00 1.763904093629631298e-01 -6.407951949416679227e-02 0.000000000000000000e+00 2.230000000000000071e+01
9.261883761850837615e-01 -1.830899771721342439e+00 0.000000000000000000e+00 1.801806086983748223e-01 -6.481050867995330478e-02 0.000000000000000000e+00 2.240000000000000213e+01
9.442145460133686274e-01 -1.837382386507329546e+00 0.000000000000000000e+00 1.802616982828486591e-01 -6.482614785987106387e-02 0.000000000000000000e+00 2.250000000000000000e+01
9.622407158416534934e-01 -1.843865001293316652e+00 0.000000000000000000e+00 1.802616982828486591e-01 -6.482614785987106387e-02 0.000000000000000000e+00 2.260000000000000142e+01
9.802668856699383593e-01 -1.850347616079303537e+00 0.000000000000000000e+00 1.802616982828486591e-01 -6.482614785986884343e-02 0.000000000000000000e+00 2.270000000000000284e+01
9.983735643910468527e-01 -1.856763810338684539e+00 0.000000000000000000e+00 1.810667872110849341e-01 -6.416194259381002851e-02 0.000000000000000000e+00 2.280000000000000071e+01
1.016562342194513802e+00 -1.863112272151463689e+00 0.000000000000000000e+00 1.818877780346694895e-01 -6.348461812779149227e-02 0.000000000000000000e+00 2.290000000000000213e+01
1.034751119997980640e+00 -1.869460733964243060e+00 0.000000000000000000e+00 1.818877780346683792e-01 -6.348461812779371272e-02 0.000000000000000000e+00 2.300000000000000000e+01
1.052939897801447477e+00 -1.875809195777022431e+00 0.000000000000000000e+00 1.818877780346683792e-01 -6.348461812779371272e-02 0.000000000000000000e+00 2.310000000000000142e+01
1.071388057805894301e+00 -1.882229852722419938e+00 0.000000000000000000e+00 1.844816000444682302e-01 -6.420656945397507087e-02 0.000000000000000000e+00 2.320000000000000284e+01
1.092465730048729489e+00 -1.889382394832083367e+00 0.000000000000000000e+00 2.107767224283518814e-01 -7.152542109663428960e-02 0.000000000000000000e+00 2.330000000000000071e+01
1.113543402291564899e+00 -1.896534936941746796e+00 0.000000000000000000e+00 2.107767224283541019e-01 -7.152542109663428960e-02 0.000000000000000000e+00 2.340000000000000213e+01
1.134621074534400309e+00 -1.903687479051410003e+00 0.000000000000000000e+00 2.107767224283541019e-01 -7.152542109663206915e-02 0.000000000000000000e+00 2.350000000000000000e+01
1.155698746777235497e+00 -1.910840021161073432e+00 0.000000000000000000e+00 2.107767224283518814e-01 -7.152542109663428960e-02 0.000000000000000000e+00 2.360000000000000142e+01
1.176776419020070907e+00 -1.917992563270736861e+00 0.000000000000000000e+00 2.107767224283541019e-01 -7.152542109663428960e-02 0.000000000000000000e+00 2.370000000000000284e+01
1.196781097214030698e+00 -1.924757638482036848e+00 0.000000000000000000e+00 2.000467819395979063e-01 -6.765075211299986790e-02 0.000000000000000000e+00 2.380000000000000071e+01
1.216435599114759292e+00 -1.931396262179126966e+00 0.000000000000000000e+00 1.965450190072859371e-01 -6.638623697090118014e-02 0.000000000000000000e+00 2.390000000000000213e+01
1.236090101015487885e+00 -1.938034885876216862e+00 0.000000000000000000e+00 1.965450190072859371e-01 -6.638623697089895970e-02 0.000000000000000000e+00 2.400000000000000000e+01
1.255744602916216479e+00 -1.944673509573306758e+00 0.000000000000000000e+00 1.965450190072859371e-01 -6.638623697089895970e-02 0.000000000000000000e+00 2.410000000000000142e+01
1.275399104816945073e+00 -1.951312133270396876e+00 0.000000000000000000e+00 1.965450190072859371e-01 -6.638623697090118014e-02 0.000000000000000000e+00 2.420000000000000284e+01
1.293011679155664284e+00 -1.957351743965658475e+00 0.000000000000000000e+00 1.761257433871921130e-01 -6.039610695261599105e-02 0.000000000000000000e+00 2.430000000000000071e+01
1.310363767926096434e+00 -1.963314939490717226e+00 0.000000000000000000e+00 1.735208877043215026e-01 -5.963195525058750945e-02 0.000000000000000000e+00 2.440000000000000213e+01
1.327715856696528363e+00 -1.969278135015776199e+00 0.000000000000000000e+00 1.735208877043192821e-01 -5.963195525058972990e-02 0.000000000000000000e+00 2.450000000000000000e+01
1.345067945466960513e+00 -1.975241330540834950e+00 0.000000000000000000e+00 1.735208877043215026e-01 -5.963195525058750945e-02 0.000000000000000000e+00 2.460000000000000142e+01
1.362474811243422623e+00 -1.981140140438632846e+00 0.000000000000000000e+00 1.740686577646211042e-01 -5.898809897797896440e-02 0.000000000000000000e+00 2.470000000000000284e+01
1.379919994653826532e+00 -1.986993911275786395e+00 0.000000000000000000e+00 1.744518341040390830e-01 -5.853770837153549067e-02 0.000000000000000000e+00 2.480000000000000071e+01
1.397365178064230218e+00 -1.992847682112940166e+00 0.000000000000000000e+00 1.744518341040368625e-01 -5.853770837153771112e-02 0.000000000000000000e+00 2.490000000000000213e+01
1.414810361474634126e+00 -1.998701452950093715e+00 0.000000000000000000e+00 1.744518341040390830e-01 -5.853770837153549067e-02 0.000000000000000000e+00 2.500000000000000000e+01
1.432254818925506656e+00 -2.004546448879302556e+00 0.000000000000000000e+00 1.744445745087253030e-01 -5.844995929208840479e-02 0.000000000000000000e+00 2.510000000000000142e+01
1.449697283628657463e+00 -2.010367357821480905e+00 0.000000000000000000e+00 1.744246470315080622e-01 -5.820908942178348866e-02 0.000000000000000000e+00 2.520000000000000284e+01
1.467139748331808269e+00 -2.016188266763658810e+00 0.000000000000000000e+00 1.744246470315080622e-01 -5.820908942177904777e-02 0.000000000000000000e+00 2.530000000000000071e+01
1.484582213034958853e+00 -2.022009175705837158e+00 0.000000000000000000e+00 1.744246470315058417e-01 -5.820908942178348866e-02 0.000000000000000000e+00 2.540000000000000213e+01
1.502024677738109659e+00 -2.027830084648015507e+00 0.000000000000000000e+00 1.744246470315080622e-01 -5.820908942178348866e-02 0.000000000000000000e+00 2.550000000000000000e+01
1.520150349593845540e+00 -2.033823523314332249e+00 0.000000000000000000e+00 1.812567185573588091e-01 -5.993438666316741603e-02 0.000000000000000000e+00 2.560000000000000142e+01
1.538309325143497164e+00 -2.039825372134293602e+00 0.000000000000000000e+00 1.815897554965162364e-01 -6.001848819961352888e-02 0.000000000000000000e+00 2.570000000000000284e+01
1.556468300693148565e+00 -2.045827220954254955e+00 0.000000000000000000e+00 1.815897554965140159e-01 -6.001848819961352888e-02 0.000000000000000000e+00 2.580000000000000071e+01
1.574627276242800189e+00 -2.051829069774216308e+00 0.000000000000000000e+00 1.815897554965162364e-01 -6.001848819961352888e-02 0.000000000000000000e+00 2.590000000000000213e+01
1.592587394704631620e+00 -2.056490409917225648e+00 0.000000000000000000e+00 1.796011846183143135e-01 -4.661340143009340409e-02 0.000000000000000000e+00 2.600000000000000000e+01
1.610322860288911473e+00 -2.059637350272118805e+00 0.000000000000000000e+00 1.773546558427985254e-01 -3.146940354893157377e-02 0.000000000000000000e+00 2.610000000000000142e+01
1.628058325873191103e+00 -2.062784290627011963e+00 0.000000000000000000e+00 1.773546558427963049e-01 -3.146940354893157377e-02 0.000000000000000000e+00 2.620000000000000284e+01
1.645793791457470956e+00 -2.065931230981904676e+00 0.000000000000000000e+00 1.773546558427985254e-01 -3.146940354892713287e-02 0.000000000000000000e+00 2.630000000000000071e+01
1.663756663530266744e+00 -2.067716611146628303e+00 0.000000000000000000e+00 1.796287207279578801e-01 -1.785380164723626706e-02 0.000000000000000000e+00 2.640000000000000213e+01
1.682840507432593613e+00 -2.062790350727343291e+00 0.000000000000000000e+00 1.908384390232686911e-01 4.926260419285011238e-02 0.000000000000000000e+00 2.650000000000000000e+01
1.701924351334920482e+00 -2.057864090308058280e+00 0.000000000000000000e+00 1.908384390232686911e-01 4.926260419285011238e-02 0.000000000000000000e+00 2.660000000000000142e+01
1.721008195237247351e+00 -2.052937829888773269e+00 0.000000000000000000e+00 1.908384390232686911e-01 4.926260419285011238e-02 0.000000000000000000e+00 2.670000000000000284e+01
1.740092039139574442e+00 -2.048011569469488258e+00 0.000000000000000000e+00 1.908384390232709116e-01 4.926260419285011238e-02 0.000000000000000000e+00 2.680000000000000071e+01
1.758964980437117687e+00 -2.042226611335939968e+00 0.000000000000000000e+00 1.887294129754324423e-01 5.784958133548290249e-02 0.000000000000000000e+00 2.690000000000000213e+01
1.777497929495832407e+00 -2.035057362294039773e+00 0.000000000000000000e+00 1.853294905871472054e-01 7.169249041900194186e-02 0.000000000000000000e+00 2.700000000000000000e+01
1.796030878554546906e+00 -2.027888113252139579e+00 0.000000000000000000e+00 1.853294905871449849e-01 7.169249041900194186e-02 0.000000000000000000e+00 2.710000000000000142e+01
1.814563827613261404e+00 -2.020718864210239385e+00 0.000000000000000000e+00 1.853294905871449849e-01 7.169249041900194186e-02 0.000000000000000000e+00 2.720000000000000284e+01
1.833096776671976125e+00 -2.013549615168339191e+00 0.000000000000000000e+00 1.853294905871472054e-01 7.169249041900194186e-02 0.000000000000000000e+00 2.730000000000000071e+01
1.850810851798001089e+00 -2.006742540529419916e+00 0.000000000000000000e+00 1.771407512602496404e-01 6.807074638919274889e-02 0.000000000000000000e+00 2.740000000000000213e+01
1.868180587040953355e+00 -2.000087761728230884e+00 0.000000000000000000e+00 1.736973524295226667e-01 6.654778801189031867e-02 0.000000000000000000e+00 2.750000000000000000e+01
1.885550322283905844e+00 -1.993432982927042074e+00 0.000000000000000000e+00 1.736973524295248872e-01 6.654778801188809823e-02 0.000000000000000000e+00 2.760000000000000142e+01
1.902920057526858111e+00 -1.986778204125853264e+00 0.000000000000000000e+00 1.736973524295226667e-01 6.654778801188809823e-02 0.000000000000000000e+00 2.770000000000000284e+01
1.920715341976713564e+00 -1.979932841278740030e+00 0.000000000000000000e+00 1.779528444985545299e-01 6.845362847113234395e-02 0.000000000000000000e+00 2.780000000000000071e+01
1.939342623211035344e+00 -1.972714865086783176e+00 0.000000000000000000e+00 1.862728123432177973e-01 7.217976191956854137e-02 0.000000000000000000e+00 2.790000000000000213e+01
1.957969904445357123e+00 -1.965496888894826322e+00 0.000000000000000000e+00 1.862728123432177973e-01 7.217976191956854137e-02 0.000000000000000000e+00 2.800000000000000000e+01
1.976597185679678903e+00 -1.958278912702869690e+00 0.000000000000000000e+00 1.862728123432177973e-01 7.217976191956632093e-02 0.000000000000000000e+00 2.810000000000000142e+01
1.995224466914000683e+00 -1.951060936510912835e+00 0.000000000000000000e+00 1.862728123432177973e-01 7.217976191956854137e-02 0.000000000000000000e+00 2.820000000000000284e+01
2.013404356569123088e+00 -1.944001735425080035e+00 0.000000000000000000e+00 1.817988965512240540e-01 7.059201085832800260e-02 0.000000000000000000e+00 2.830000000000000071e+01
2.031350124202619956e+00 -1.937025622064983965e+00 0.000000000000000000e+00 1.794576763349686743e-01 6.976113360096070082e-02 0.000000000000000000e+00 2.840000000000000213e+01
2.049295891836116379e+00 -1.930049508704888117e+00 0.000000000000000000e+00 1.794576763349642334e-01 6.976113360095848037e-02 0.000000000000000000e+00 2.850000000000000000e+01
2.067241659469613246e+00 -1.923073395344792269e+00 0.000000000000000000e+00 1.794576763349686743e-01 6.976113360095848037e-02 0.000000000000000000e+00 2.860000000000000142e+01
2.085204687195119533e+00 -1.916083020472542753e+00 0.000000000000000000e+00 1.796302772550628646e-01 6.990374872249516258e-02 0.000000000000000000e+00 2.870000000000000284e+01
2.103267650846091907e+00 -1.909010071450931267e+00 0.000000000000000000e+00 1.806296365097237455e-01 7.072949021611485421e-02 0.000000000000000000e+00 2.880000000000000071e+01
2.121330614497064282e+00 -1.901937122429319560e+00 0.000000000000000000e+00 1.806296365097237455e-01 7.072949021611707465e-02 0.000000000000000000e+00 2.890000000000000213e+01
2.139393578148036212e+00 -1.894864173407708074e+00 0.000000000000000000e+00 1.806296365097193046e-01 7.072949021611485421e-02 0.000000000000000000e+00 2.900000000000000000e+01
2.157456541799008587e+00 -1.887791224386096367e+00 0.000000000000000000e+00 1.806296365097237455e-01 7.072949021611707465e-02 0.000000000000000000e+00 2.910000000000000142e+01
2.175149212846634761e+00 -1.880843558983102293e+00 0.000000000000000000e+00 1.769267104762617393e-01 6.947665402994074313e-02 0.000000000000000000e+00 2.920000000000000284e+01
2.192600562341401105e+00 -1.873977541544770142e+00 0.000000000000000000e+00 1.745134949476634389e-01 6.866017438332150391e-02 0.000000000000000000e+00 2.930000000000000071e+01
2.210051911836167893e+00 -1.867111524106437992e+00 0.000000000000000000e+00 1.745134949476678798e-01 6.866017438332150391e-02 0.000000000000000000e+00 2.940000000000000213e+01
2.227503261330934681e+00 -1.860245506668105842e+00 0.000000000000000000e+00 1.745134949476678798e-01 6.866017438332150391e-02 0.000000000000000000e+00 2.950000000000000000e+01
2.245024055398459062e+00 -1.853336431334043244e+00 0.000000000000000000e+00 1.752079406752438118e-01 6.909075334062597662e-02 0.000000000000000000e+00 2.960000000000000142e+01
2.262798700255991946e+00 -1.846269960246602171e+00 0.000000000000000000e+00 1.777464485753288415e-01 7.066471087441072996e-02 0.000000000000000000e+00 2.970000000000000284e+01
2.280573345113524386e+00 -1.839203489159161320e+00 0.000000000000000000e+00 1.777464485753244006e-01 7.066471087440850951e-02 0.000000000000000000e+00 2.980000000000000071e+01
2.298347989971056826e+00 -1.832137018071720469e+00 0.000000000000000000e+00 1.777464485753244006e-01 7.066471087440850951e-02 0.000000000000000000e+00 2.990000000000000213e+01
2.316122634828589710e+00 -1.825070546984279618e+00 0.000000000000000000e+00 1.777464485753288415e-01 7.066471087440850951e-02 0.000000000000000000e+00 3.000000000000000000e+01
2.333527541556207119e+00 -1.818141971040932781e+00 0.000000000000000000e+00 1.740490672761740854e-01 6.928575943346837462e-02 0.000000000000000000e+00 3.010000000000000142e+01
2.350799470455267492e+00 -1.811262989649369048e+00 0.000000000000000000e+00 1.727192889906037365e-01 6.878981391563732117e-02 0.000000000000000000e+00 3.020000000000000284e+01
2.368071399354327866e+00 -1.804384008257805316e+00 0.000000000000000000e+00 1.727192889906037365e-01 6.878981391563732117e-02 0.000000000000000000e+00 3.030000000000000071e+01
2.385343328253388240e+00 -1.797505026866241584e+00 0.000000000000000000e+00 1.727192889906037365e-01 6.878981391563732117e-02 0.000000000000000000e+00 3.040000000000000213e+01
2.402745192606043467e+00 -1.790542247894654659e+00 0.000000000000000000e+00 1.740186435265522746e-01 6.962778971586924825e-02 0.000000000000000000e+00 3.050000000000000000e+01
2.420356558219780130e+00 -1.783444358002956198e+00 0.000000000000000000e+00 1.761136561373666254e-01 7.097889891698461184e-02 0.000000000000000000e+00 3.060000000000000142e+01
2.437967923833516792e+00 -1.776346468111257959e+00 0.000000000000000000e+00 1.761136561373666254e-01 7.097889891698239140e-02 0.000000000000000000e+00 3.070000000000000284e+01
2.455579289447253455e+00 -1.769248578219559498e+00 0.000000000000000000e+00 1.761136561373666254e-01 7.097889891698461184e-02 0.000000000000000000e+00 3.080000000000000071e+01
2.473190655060990562e+00 -1.762150688327861037e+00 0.000000000000000000e+00 1.761136561373710663e-01 7.097889891698461184e-02 0.000000000000000000e+00 3.090000000000000213e+01
2.490357285453073111e+00 -1.755211196397418405e+00 0.000000000000000000e+00 1.716663039208254915e-01 6.939491930442631684e-02 0.000000000000000000e+00 3.100000000000000000e+01
2.507493189548746226e+00 -1.748282648018264718e+00 0.000000000000000000e+00 1.713590409567311568e-01 6.928548379153687264e-02 0.000000000000000000e+00 3.110000000000000142e+01
2.524629093644419786e+00 -1.741354099639111253e+00 0.000000000000000000e+00 1.713590409567355977e-01 6.928548379153465220e-02 0.000000000000000000e+00 3.120000000000000284e+01
2.541764997740092902e+00 -1.734425551259957565e+00 0.000000000000000000e+00 1.713590409567311568e-01 6.928548379153687264e-02 0.000000000000000000e+00 3.130000000000000071e+01
2.559198551586076675e+00 -1.727330261041167381e+00 0.000000000000000000e+00 1.743355384598377356e-01 7.095290218790184511e-02 0.000000000000000000e+00 3.140000000000000213e+01
2.576825385067890384e+00 -1.720126696577197745e+00 0.000000000000000000e+00 1.762683348181370846e-01 7.203564463969636122e-02 0.000000000000000000e+00 3.150000000000000000e+01
2.594452218549703648e+00 -1.712923132113228331e+00 0.000000000000000000e+00 1.762683348181326437e-01 7.203564463969414078e-02 0.000000000000000000e+00 3.160000000000000142e+01
2.612079052031517357e+00 -1.705719567649258916e+00 0.000000000000000000e+00 1.762683348181370846e-01 7.203564463969414078e-02 0.000000000000000000e+00 3.170000000000000284e+01
2.629623738931530674e+00 -1.698548354319308507e+00 0.000000000000000000e+00 1.754468690001331765e-01 7.171213329950409943e-02 0.000000000000000000e+00 3.180000000000000071e+01
2.646686824011095229e+00 -1.691566806398383527e+00 0.000000000000000000e+00 1.706308507956455500e-01 6.981547920924979778e-02 0.000000000000000000e+00 3.190000000000000213e+01
2.663749909090659784e+00 -1.684585258477458547e+00 0.000000000000000000e+00 1.706308507956455500e-01 6.981547920924979778e-02 0.000000000000000000e+00 3.200000000000000000e+01
2.680812994170224339e+00 -1.677603710556533567e+00 0.000000000000000000e+00 1.706308507956455500e-01 6.981547920924979778e-02 0.000000000000000000e+00 3.210000000000000142e+01
2.697876079249788894e+00 -1.670622162635608587e+00 0.000000000000000000e+00 1.706308507956455500e-01 6.981547920924979778e-02 0.000000000000000000e+00 3.220000000000000284e+01
2.715263302901226972e+00 -1.663431708064603498e+00 0.000000000000000000e+00 1.738722365143807735e-01 7.190454571005089335e-02 0.000000000000000000e+00 3.230000000000000426e+01
2.732717830742471321e+00 -1.656197876080205411e+00 0.000000000000000000e+00 1.745452784124434942e-01 7.233831984398086945e-02 0.000000000000000000e+00 3.239999999999999858e+01
2.750172358583716115e+00 -1.648964044095807324e+00 0.000000000000000000e+00 1.745452784124479351e-01 7.233831984398086945e-02 0.000000000000000000e+00 3.250000000000000000e+01
2.767626886424960464e+00 -1.641730212111409237e+00 0.000000000000000000e+00 1.745452784124434942e-01 7.233831984398086945e-02 0.000000000000000000e+00 3.260000000000000142e+01
2.784874964206846659e+00 -1.634583452910321144e+00 0.000000000000000000e+00 1.724807778188619523e-01 7.146759201088093150e-02 0.000000000000000000e+00 3.270000000000000284e+01
2.801813768516821845e+00 -1.627567133497368701e+00 0.000000000000000000e+00 1.693880430997518616e-01 7.016319412952443102e-02 0.000000000000000000e+00 3.280000000000000426e+01
2.818752572826796587e+00 -1.620550814084416258e+00 0.000000000000000000e+00 1.693880430997474207e-01 7.016319412952443102e-02 0.000000000000000000e+00 3.289999999999999858e+01
2.835691377136771330e+00 -1.613534494671463815e+00 0.000000000000000000e+00 1.693880430997474207e-01 7.016319412952443102e-02 0.000000000000000000e+00 3.300000000000000000e+01
2.852675592140217375e+00 -1.606489418853291218e+00 0.000000000000000000e+00 1.698421500344604596e-01 7.045075818172596982e-02 0.000000000000000000e+00 3.310000000000000142e+01
2.870043249591940349e+00 -1.599201527399011002e+00 0.000000000000000000e+00 1.736765745172297315e-01 7.287891454280215342e-02 0.000000000000000000e+00 3.320000000000000284e+01
2.887410907043663322e+00 -1.591913635944730787e+00 0.000000000000000000e+00 1.736765745172297315e-01 7.287891454280215342e-02 0.000000000000000000e+00 3.330000000000000426e+01
2.904778564495385851e+00 -1.584625744490450794e+00 0.000000000000000000e+00 1.736765745172252906e-01 7.287891454279993297e-02 0.000000000000000000e+00 3.339999999999999858e+01
2.922146221947108824e+00 -1.577337853036170578e+00 0.000000000000000000e+00 1.736765745172297315e-01 7.287891454280215342e-02 0.000000000000000000e+00 3.350000000000000000e+01
2.939164487836402717e+00 -1.570204727678665702e+00 0.000000000000000000e+00 1.701826588929389317e-01 7.133125357504876973e-02 0.000000000000000000e+00 3.360000000000000142e+01
2.956026498361007171e+00 -1.563140817023213280e+00 0.000000000000000000e+00 1.686201052460445382e-01 7.063910655452421139e-02 0.000000000000000000e+00 3.370000000000000284e+01
2.972888508885611625e+00 -1.556076906367760859e+00 0.000000000000000000e+00 1.686201052460445382e-01 7.063910655452421139e-02 0.000000000000000000e+00 3.380000000000000426e+01
2.989750519410216523e+00 -1.549012995712308660e+00 0.000000000000000000e+00 1.686201052460489791e-01 7.063910655452199094e-02 0.000000000000000000e+00 3.389999999999999858e+01
3.006777987385196305e+00 -1.541841840581030576e+00 0.000000000000000000e+00 1.702746797497978193e-01 7.171155131278084127e-02 0.000000000000000000e+00 3.400000000000000000e+01
3.024045158267967270e+00 -1.534515317331595963e+00 0.000000000000000000e+00 1.726717088277096579e-01 7.326523249434613305e-02 0.000000000000000000e+00 3.410000000000000142e+01
3.041312329150738236e+00 -1.527188794082161127e+00 0.000000000000000000e+00 1.726717088277096579e-01 7.326523249434835350e-02 0.000000000000000000e+00 3.420000000000000284e+01
3.058579500033508758e+00 -1.519862270832726292e+00 0.000000000000000000e+00 1.726717088277052170e-01 7.326523249434835350e-02 0.000000000000000000e+00 3.430000000000000426e+01
3.075841487958282716e+00 -1.512538157516843063e+00 0.000000000000000000e+00 1.726198792477395827e-01 7.324113315883229447e-02 0.000000000000000000e+00 3.439999999999999858e+01
3.092605697975726375e+00 -1.505445497297968283e+00 0.000000000000000000e+00 1.676421001744365924e-01 7.092660218874780043e-02 0.000000000000000000e+00 3.450000000000000000e+01
3.109369907993170035e+00 -1.498352837079093280e+00 0.000000000000000000e+00 1.676421001744365924e-01 7.092660218875002087e-02 0.000000000000000000e+00 3.460000000000000142e+01
3.126134118010614138e+00 -1.491260176860218500e+00 0.000000000000000000e+00 1.676421001744410333e-01 7.092660218874780043e-02 0.000000000000000000e+00 3.470000000000000284e+01
3.142898328028057797e+00 -1.484167516641343720e+00 0.000000000000000000e+00 1.676421001744365924e-01 7.092660218874780043e-02 0.000000000000000000e+00 3.480000000000000426e+01
3.159948075613271179e+00 -1.476886713365587411e+00 0.000000000000000000e+00 1.704974758521338174e-01 7.280803275756309034e-02 0.000000000000000000e+00 3.489999999999999858e+01
3.177095341109163140e+00 -1.469541654734715985e+00 0.000000000000000000e+00 1.714726549589196125e-01 7.345058630871426075e-02 0.000000000000000000e+00 3.500000000000000000e+01
3.194242606605055101e+00 -1.462196596103844559e+00 0.000000000000000000e+00 1.714726549589196125e-01 7.345058630871426075e-02 0.000000000000000000e+00 3.510000000000000142e+01
3.211389872100947063e+00 -1.454851537472973133e+00 0.000000000000000000e+00 1.714726549589196125e-01 7.345058630871426075e-02 0.000000000000000000e+00 3.520000000000000284e+01
3.228350434437879279e+00 -1.447597456971097873e+00 0.000000000000000000e+00 1.696056233693221671e-01 7.254080501875259657e-02 0.000000000000000000e+00 3.530000000000000426e+01
3.244992630878317019e+00 -1.440498512213902460e+00 0.000000000000000000e+00 1.664219644043773982e-01 7.098944757195413402e-02 0.000000000000000000e+00 3.539999999999999858e+01
3.261634827318755203e+00 -1.433399567456707269e+00 0.000000000000000000e+00 1.664219644043818391e-01 7.098944757195191357e-02 0.000000000000000000e+00 3.550000000000000000e+01
3.278277023759192943e+00 -1.426300622699511855e+00 0.000000000000000000e+00 1.664219644043773982e-01 7.098944757195413402e-02 0.000000000000000000e+00 3.560000000000000142e+01
3.294966197558149457e+00 -1.419170499207260017e+00 0.000000000000000000e+00 1.668917379895651365e-01 7.130123492251838613e-02 0.000000000000000000e+00 3.570000000000000284e+01
3.311972076798776143e+00 -1.411830179242318239e+00 0.000000000000000000e+00 1.700587924062668677e-01 7.340319964941777187e-02 0.000000000000000000e+00 3.580000000000000426e+01
3.328977956039403274e+00 -1.404489859277376462e+00 0.000000000000000000e+00 1.700587924062713086e-01 7.340319964941777187e-02 0.000000000000000000e+00 3.589999999999999858e+01
3.345983835280029961e+00 -1.397149539312434685e+00 0.000000000000000000e+00 1.700587924062668677e-01 7.340319964941777187e-02 0.000000000000000000e+00 3.600000000000000000e+01
3.362989714520656648e+00 -1.389809219347492908e+00 0.000000000000000000e+00 1.700587924062668677e-01 7.340319964941777187e-02 0.000000000000000000e+00 3.610000000000000142e+01
3.379598224693391106e+00 -1.382671154947144654e+00 0.000000000000000000e+00 1.660851017273445862e-01 7.138064400348254068e-02 0.000000000000000000e+00 3.620000000000000284e+01
3.396095694740322024e+00 -1.375589608492332916e+00 0.000000000000000000e+00 1.649747004693091768e-01 7.081546454811737945e-02 0.000000000000000000e+00 3.630000000000000426e+01
3.412593164787252942e+00 -1.368508062037521178e+00 0.000000000000000000e+00 1.649747004693091768e-01 7.081546454811737945e-02 0.000000000000000000e+00 3.639999999999999858e+01
3.429090634834183415e+00 -1.361426515582709440e+00 0.000000000000000000e+00 1.649747004693047359e-01 7.081546454811737945e-02 0.000000000000000000e+00 3.650000000000000000e+01
3.445785804115227169e+00 -1.354214239584901058e+00 0.000000000000000000e+00 1.669516928104375353e-01 7.212275997808381689e-02 0.000000000000000000e+00 3.660000000000000142e+01
3.462629206209310695e+00 -1.346903943946335502e+00 0.000000000000000000e+00 1.684340209408352607e-01 7.310295638565555976e-02 0.000000000000000000e+00 3.670000000000000284e+01
3.479472608303394665e+00 -1.339593648307769724e+00 0.000000000000000000e+00 1.684340209408397016e-01 7.310295638565778020e-02 0.000000000000000000e+00 3.680000000000000426e+01
3.496316010397478191e+00 -1.332283352669204168e+00 0.000000000000000000e+00 1.684340209408352607e-01 7.310295638565555976e-02 0.000000000000000000e+00 3.689999999999999858e+01
3.513029110673973054e+00 -1.325042049840158054e+00 0.000000000000000000e+00 1.671310027649486329e-01 7.241302829046114553e-02 0.000000000000000000e+00 3.700000000000000000e+01
3.529366386231003183e+00 -1.317999740423196231e+00 0.000000000000000000e+00 1.633727555703012868e-01 7.042309416961822777e-02 0.000000000000000000e+00 3.710000000000000142e+01
3.545703661788033756e+00 -1.310957431006234186e+00 0.000000000000000000e+00 1.633727555703057277e-01 7.042309416962044821e-02 0.000000000000000000e+00 3.720000000000000284e+01
3.562040937345063885e+00 -1.303915121589272363e+00 0.000000000000000000e+00 1.633727555703012868e-01 7.042309416961822777e-02 0.000000000000000000e+00 3.730000000000000426e+01
3.578404644277028090e+00 -1.296855614837032045e+00 0.000000000000000000e+00 1.636370693196420589e-01 7.059506752240318761e-02 0.000000000000000000e+00 3.739999999999999858e+01
3.595067991944608021e+00 -1.289601149547585868e+00 0.000000000000000000e+00 1.666334766757993080e-01 7.254465289446176968e-02 0.000000000000000000e+00 3.750000000000000000e+01
3.611731339612187952e+00 -1.282346684258139691e+00 0.000000000000000000e+00 1.666334766757993080e-01 7.254465289446176968e-02 0.000000000000000000e+00 3.760000000000000142e+01
3.628394687279767883e+00 -1.275092218968693514e+00 0.000000000000000000e+00 1.666334766757993080e-01 7.254465289446176968e-02 0.000000000000000000e+00 3.770000000000000284e+01
3.645058034947348258e+00 -1.267837753679247115e+00 0.000000000000000000e+00 1.666334766758037489e-01 7.254465289446399012e-02 0.000000000000000000e+00 3.780000000000000426e+01
3.661313597753950599e+00 -1.260807027778791944e+00 0.000000000000000000e+00 1.625556280660234165e-01 7.030725900455170319e-02 0.000000000000000000e+00 3.789999999999999858e+01
3.677469665567424162e+00 -1.253830891813129789e+00 0.000000000000000000e+00 1.615606781347356247e-01 6.976135965662155769e-02 0.000000000000000000e+00 3.800000000000000000e+01
3.693625733380897724e+00 -1.246854755847467633e+00 0.000000000000000000e+00 1.615606781347356247e-01 6.976135965662155769e-02 0.000000000000000000e+00 3.810000000000000142e+01
3.709781801194371287e+00 -1.239878619881805477e+00 0.000000000000000000e+00 1.615606781347356247e-01 6.976135965662155769e-02 0.000000000000000000e+00 3.820000000000000284e+01
3.726315740562113454e+00 -1.232689105548543829e+00 0.000000000000000000e+00 1.653393936774216755e-01 7.189514333261648460e-02 0.000000000000000000e+00 3.830000000000000426e+01
3.743041027587860281e+00 -1.225391540078731190e+00 0.000000000000000000e+00 1.672528702574682669e-01 7.297565469812639094e-02 0.000000000000000000e+00 3.840000000000000568e+01
3.759766314613607552e+00 -1.218093974608918550e+00 0.000000000000000000e+00 1.672528702574727077e-01 7.297565469812639094e-02 0.000000000000000000e+00 3.850000000000000000e+01
3.776491601639354379e+00 -1.210796409139105911e+00 0.000000000000000000e+00 1.672528702574682669e-01 7.297565469812639094e-02 0.000000000000000000e+00 3.860000000000000142e+01
3.792913748432567900e+00 -1.203616279898163333e+00 0.000000000000000000e+00 1.642214679321352122e-01 7.180129240942578761e-02 0.000000000000000000e+00 3.870000000000000284e+01
3.808815503014756132e+00 -1.196637750089554419e+00 0.000000000000000000e+00 1.590175458218823223e-01 6.978529808608913143e-02 0.000000000000000000e+00 3.880000000000000426e+01
3.824717257596944364e+00 -1.189659220280945506e+00 0.000000000000000000e+00 1.590175458218823223e-01 6.978529808608913143e-02 0.000000000000000000e+00 3.890000000000000568e+01
3.840619012179132596e+00 -1.182680690472336593e+00 0.000000000000000000e+00 1.590175458218823223e-01 6.978529808608913143e-02 0.000000000000000000e+00 3.900000000000000000e+01
3.855924011220234426e+00 -1.175066720597710113e+00 0.000000000000000000e+00 1.530499904110182996e-01 7.613969874626480561e-02 0.000000000000000000e+00 3.910000000000000142e+01
3.869425926414011396e+00 -1.165532782427702863e+00 0.000000000000000000e+00 1.350191519377696991e-01 9.533938170007250079e-02 0.000000000000000000e+00 3.920000000000000284e+01
3.882927841607788810e+00 -1.155998844257695612e+00 0.000000000000000000e+00 1.350191519377741400e-01 9.533938170007250079e-02 0.000000000000000000e+00 3.930000000000000426e+01
3.896429756801566224e+00 -1.146464906087688362e+00 0.000000000000000000e+00 1.350191519377741400e-01 9.533938170007250079e-02 0.000000000000000000e+00 3.940000000000000568e+01
3.909523282809264533e+00 -1.136504399818458078e+00 0.000000000000000000e+00 1.309352600769830843e-01 9.960506269230284815e-02 0.000000000000000000e+00 3.950000000000000000e+01
3.917126196779027403e+00 -1.120808874061858251e+00 0.000000000000000000e+00 7.602913969762870039e-02 1.569552575659982629e-01 0.000000000000000000e+00 3.960000000000000142e+01
3.924729110748790273e+00 -1.105113348305258425e+00 0.000000000000000000e+00 7.602913969762870039e-02 1.569552575659982629e-01 0.000000000000000000e+00 3.970000000000000284e+01
3.932332024718553143e+00 -1.089417822548658599e+00 0.000000000000000000e+00 7.602913969762870039e-02 1.569552575659982629e-01 0.000000000000000000e+00 3.980000000000000426e+01
3.939934938688316013e+00 -1.073722296792058994e+00 0.000000000000000000e+00 7.602913969762870039e-02 1.569552575659960425e-01 0.000000000000000000e+00 3.990000000000000568e+01
3.945043060368647048e+00 -1.056184362954090128e+00 0.000000000000000000e+00 5.108121680331034753e-02 1.753793383796886651e-01 0.000000000000000000e+00 4.000000000000000000e+01
3.949766805465265929e+00 -1.038362566396518805e+00 0.000000000000000000e+00 4.723745096618880979e-02 1.782179655757132331e-01 0.000000000000000000e+00 4.010000000000000142e+01
3.954490550561884366e+00 -1.020540769838947481e+00 0.000000000000000000e+00 4.723745096618436889e-02 1.782179655757132331e-01 0.000000000000000000e+00 4.020000000000000284e+01
3.959214295658502802e+00 -1.002718973281376158e+00 0.000000000000000000e+00 4.723745096618436889e-02 1.782179655757132331e-01 0.000000000000000000e+00 4.030000000000000426e+01
3.963991817050166233e+00 -9.845619010055192133e-01 0.000000000000000000e+00 4.777521391663430705e-02 1.815707227585694472e-01 0.000000000000000000e+00 4.040000000000000568e+01
3.968813943276808143e+00 -9.661267337423811163e-01 0.000000000000000000e+00 4.822126226641909597e-02 1.843516726313809695e-01 0.000000000000000000e+00 4.050000000000000000e+01
3.973636069503450052e+00 -9.476915664792431304e-01 0.000000000000000000e+00 4.822126226641909597e-02 1.843516726313798593e-01 0.000000000000000000e+00 4.060000000000000142e+01
3.978458195730091962e+00 -9.292563992161050335e-01 0.000000000000000000e+00 4.822126226641909597e-02 1.843516726313809695e-01 0.000000000000000000e+00 4.070000000000000284e+01
3.983272474146056119e+00 -9.108641776983121829e-01 0.000000000000000000e+00 4.814278415964157176e-02 1.839222151779285053e-01 0.000000000000000000e+00 4.080000000000000426e+01
3.988005134827941944e+00 -8.929185946848497979e-01 0.000000000000000000e+00 4.732660681885825227e-02 1.794558301346238505e-01 0.000000000000000000e+00 4.090000000000000568e+01
3.992737795509827770e+00 -8.749730116713875239e-01 0.000000000000000000e+00 4.732660681885825227e-02 1.794558301346227402e-01 0.000000000000000000e+00 4.100000000000000000e+01
3.997470456191713595e+00 -8.570274286579251388e-01 0.000000000000000000e+00 4.732660681885825227e-02 1.794558301346238505e-01 0.000000000000000000e+00 4.110000000000000142e+01
4.002203116873599420e+00 -8.390818456444627538e-01 0.000000000000000000e+00 4.732660681885825227e-02 1.794558301346238505e-01 0.000000000000000000e+00 4.120000000000000284e+01
4.007545819884740013e+00 -8.191140934282986619e-01 0.000000000000000000e+00 5.342703011140592650e-02 1.996775221616409191e-01 0.000000000000000000e+00 4.130000000000000426e+01
4.013018613470778817e+00 -7.987151167847358346e-01 0.000000000000000000e+00 5.472793586038804392e-02 2.039897664356282725e-01 0.000000000000000000e+00 4.140000000000000568e+01
4.018491407056818510e+00 -7.783161401411730074e-01 0.000000000000000000e+00 5.472793586039692570e-02 2.039897664356282725e-01 0.000000000000000000e+00 4.150000000000000000e+01
4.023964200642857314e+00 -7.579171634976102911e-01 0.000000000000000000e+00 5.472793586038804392e-02 2.039897664356271623e-01 0.000000000000000000e+00 4.160000000000000142e+01
4.029436994228897007e+00 -7.375181868540474639e-01 0.000000000000000000e+00 5.472793586039692570e-02 2.039897664356282725e-01 0.000000000000000000e+00 4.170000000000000284e+01
4.034477175210732014e+00 -7.188861610054920748e-01 0.000000000000000000e+00 5.040180981835007401e-02 1.863202584855538912e-01 0.000000000000000000e+00 4.180000000000000426e+01
4.039370028142445612e+00 -7.008558777154229036e-01 0.000000000000000000e+00 4.892852931713598252e-02 1.803028329006917119e-01 0.000000000000000000e+00 4.190000000000000568e+01
4.044262881074160099e+00 -6.828255944253536214e-01 0.000000000000000000e+00 4.892852931714486431e-02 1.803028329006928221e-01 0.000000000000000000e+00 4.200000000000000000e+01
4.049155734005874585e+00 -6.647953111352843392e-01 0.000000000000000000e+00 4.892852931714486431e-02 1.803028329006928221e-01 0.000000000000000000e+00 4.210000000000000142e+01
4.054250331662246687e+00 -6.461094776440966525e-01 0.000000000000000000e+00 5.094597656372101824e-02 1.868583349118768666e-01 0.000000000000000000e+00 4.220000000000000284e+01
4.059640665827566330e+00 -6.264626766319556506e-01 0.000000000000000000e+00 5.390334165319643489e-02 1.964680101214100194e-01 0.000000000000000000e+00 4.230000000000000426e+01
4.065030999992886862e+00 -6.068158756198146486e-01 0.000000000000000000e+00 5.390334165320531667e-02 1.964680101214100194e-01 0.000000000000000000e+00 4.240000000000000568e+01
4.070421334158206506e+00 -5.871690746076737577e-01 0.000000000000000000e+00 5.390334165319643489e-02 1.964680101214089092e-01 0.000000000000000000e+00 4.250000000000000000e+01
4.075811668323527037e+00 -5.675222735955327558e-01 0.000000000000000000e+00 5.390334165320531667e-02 1.964680101214100194e-01 0.000000000000000000e+00 4.260000000000000142e+01
4.080938555259535860e+00 -5.488795899402605372e-01 0.000000000000000000e+00 5.126886936008823170e-02 1.864268365527221860e-01 0.000000000000000000e+00 4.270000000000000284e+01
4.085910356215810779e+00 -5.308280095752625494e-01 0.000000000000000000e+00 4.971800956274918804e-02 1.805158036499798779e-01 0.000000000000000000e+00 4.280000000000000426e+01
4.090882157172085698e+00 -5.127764292102644506e-01 0.000000000000000000e+00 4.971800956274918804e-02 1.805158036499809882e-01 0.000000000000000000e+00 4.290000000000000568e+01
4.095853958128359729e+00 -4.947248488452664628e-01 0.000000000000000000e+00 4.971800956274030625e-02 1.805158036499798779e-01 0.000000000000000000e+00 4.300000000000000000e+01
4.101039647643416330e+00 -4.760203755616921883e-01 0.000000000000000000e+00 5.185689515056601806e-02 1.870447328357427441e-01 0.000000000000000000e+00 4.310000000000000142e+01
4.106792094371432000e+00 -4.555858809389670694e-01 0.000000000000000000e+00 5.752446728015669919e-02 2.043449462272511896e-01 0.000000000000000000e+00 4.320000000000000284e+01
4.112544541099446782e+00 -4.351513863162419504e-01 0.000000000000000000e+00 5.752446728014781741e-02 2.043449462272511896e-01 0.000000000000000000e+00 4.330000000000000426e+01
4.118296987827462452e+00 -4.147168916935168315e-01 0.000000000000000000e+00 5.752446728015669919e-02 2.043449462272511896e-01 0.000000000000000000e+00 4.340000000000000568e+01
4.124049434555478122e+00 -3.942823970707917680e-01 0.000000000000000000e+00 5.752446728015669919e-02 2.043449462272506345e-01 0.000000000000000000e+00 4.350000000000000000e+01
4.129659936954514166e+00 -3.743429221088473979e-01 0.000000000000000000e+00 5.610502399036043641e-02 1.993947496194437008e-01 0.000000000000000000e+00 4.360000000000000142e+01
4.134751982499611955e+00 -3.562115245657906382e-01 0.000000000000000000e+00 5.092045545097789727e-02 1.813139754305675977e-01 0.000000000000000000e+00 4.370000000000000284e+01
4.139844028044709745e+00 -3.380801270227339339e-01 0.000000000000000000e+00 5.092045545097789727e-02 1.813139754305670426e-01 0.000000000000000000e+00 4.380000000000000426e+01
4.144936073589807535e+00 -3.199487294796771741e-01 0.000000000000000000e+00 5.092045545097789727e-02 1.813139754305675977e-01 0.000000000000000000e+00 4.390000000000000568e+01
4.150028119134905324e+00 -3.018173319366204144e-01 0.000000000000000000e+00 5.092045545097789727e-02 1.813139754305675977e-01 0.000000000000000000e+00 4.400000000000000000e+01
4.155026324320833631e+00 -2.840136848407828762e-01 0.000000000000000000e+00 4.998205185928306094e-02 1.780364709583753813e-01 0.000000000000000000e+00 4.410000000000000142e+01
4.160002179669063160e+00 -2.662880976475929251e-01 0.000000000000000000e+00 4.975855348229529795e-02 1.772558719318995113e-01 0.000000000000000000e+00 4.420000000000000284e+01
4.164978035017291802e+00 -2.485625104544030295e-01 0.000000000000000000e+00 4.975855348228641617e-02 1.772558719318989562e-01 0.000000000000000000e+00 4.430000000000000426e+01
4.169953890365521332e+00 -2.308369232612131061e-01 0.000000000000000000e+00 4.975855348229529795e-02 1.772558719318992337e-01 0.000000000000000000e+00 4.440000000000000568e+01
4.174857361796648902e+00 -2.133010952874297705e-01 0.000000000000000000e+00 4.903471431127570668e-02 1.753582797378333558e-01 0.000000000000000000e+00 4.450000000000000000e+01
4.179674638644002904e+00 -1.959912321078842723e-01 0.000000000000000000e+00 4.817276847354001745e-02 1.730986317954549825e-01 0.000000000000000000e+00 4.460000000000000142e+01
4.184491915491356906e+00 -1.786813689283388018e-01 0.000000000000000000e+00 4.817276847354001745e-02 1.730986317954547049e-01 0.000000000000000000e+00 4.470000000000000284e+01
4.189309192338710019e+00 -1.613715057487933313e-01 0.000000000000000000e+00 4.817276847353113567e-02 1.730986317954547049e-01 0.000000000000000000e+00 4.480000000000000426e+01
4.194334825281503143e+00 -1.439989610449534663e-01 0.000000000000000000e+00 5.025632942793123448e-02 1.737254470383986504e-01 0.000000000000000000e+00 4.490000000000000568e+01
4.200253788328918603e+00 -1.263576682992689493e-01 0.000000000000000000e+00 5.918963047415459755e-02 1.764129274568451700e-01 0.000000000000000000e+00 4.500000000000000000e+01
4.206172751376333174e+00 -1.087163755535844600e-01 0.000000000000000000e+00 5.918963047414571577e-02 1.764129274568448924e-01 0.000000000000000000e+00 4.510000000000000142e+01
4.212091714423747746e+00 -9.107508280789995692e-02 0.000000000000000000e+00 5.918963047414571577e-02 1.764129274568450312e-01 0.000000000000000000e+00 4.520000000000000284e+01
4.218010677471163206e+00 -7.343379006221545380e-02 0.000000000000000000e+00 5.918963047415459755e-02 1.764129274568450312e-01 0.000000000000000000e+00 4.530000000000000426e+01
4.223581763232400199e+00 -5.480196387160603949e-02 0.000000000000000000e+00 5.571085761236993505e-02 1.863182619060941292e-01 0.000000000000000000e+00 4.540000000000000568e+01
4.229066619063128307e+00 -3.592460963556984993e-02 0.000000000000000000e+00 5.484855830728108117e-02 1.887735423603618956e-01 0.000000000000000000e+00 4.550000000000000000e+01
4.234551474893856415e+00 -1.704725539953367425e-02 0.000000000000000000e+00 5.484855830728108117e-02 1.887735423603617568e-01 0.000000000000000000e+00 4.560000000000000142e+01
4.240036330724583635e+00 1.830098836502508375e-03 0.000000000000000000e+00 5.484855830727219939e-02 1.887735423603618123e-01 0.000000000000000000e+00 4.570000000000000284e+01
4.245250603007948875e+00 2.117017412829931555e-02 0.000000000000000000e+00 5.214272283365239957e-02 1.934007529179680718e-01 0.000000000000000000e+00 4.580000000000000426e+01
4.248758935962977823e+00 4.342755187534178690e-02 0.000000000000000000e+00 3.508332955028947708e-02 2.225737774704246996e-01 0.000000000000000000e+00 4.590000000000000568e+01
4.252267268918006771e+00 6.568492962238425825e-02 0.000000000000000000e+00 3.508332955028947708e-02 2.225737774704246996e-01 0.000000000000000000e+00 4.600000000000000000e+01
4.255775601873035718e+00 8.794230736942673654e-02 0.000000000000000000e+00 3.508332955028947708e-02 2.225737774704247829e-01 0.000000000000000000e+00 4.610000000000000142e+01
4.259283934828063778e+00 1.101996851164692148e-01 0.000000000000000000e+00 3.508332955028059530e-02 2.225737774704247829e-01 0.000000000000000000e+00 4.620000000000000284e+01
4.262792267783092726e+00 1.324570628635116931e-01 0.000000000000000000e+00 3.508332955028947708e-02 2.225737774704247829e-01 0.000000000000000000e+00 4.630000000000000426e+01
4.259175007603374752e+00 1.522593579176086120e-01 0.000000000000000000e+00 -3.617260179717973756e-02 1.980229505409691892e-01 0.000000000000000000e+00 4.640000000000000568e+01
4.250268315344839287e+00 1.702392091545177899e-01 0.000000000000000000e+00 -8.906692258535464646e-02 1.797985123690917786e-01 0.000000000000000000e+00 4.650000000000000000e+01
4.241361623086303823e+00 1.882190603914269400e-01 0.000000000000000000e+00 -8.906692258535464646e-02 1.797985123690915010e-01 0.000000000000000000e+00 4.660000000000000142e+01
4.232454930827768358e+00 2.061989116283360901e-01 0.000000000000000000e+00 -8.906692258535464646e-02 1.797985123690915010e-01 0.000000000000000000e+00 4.670000000000000284e+01
4.223548238569232893e+00 2.241787628652452402e-01 0.000000000000000000e+00 -8.906692258535464646e-02 1.797985123690915010e-01 0.000000000000000000e+00 4.680000000000000426e+01
4.213015684623538704e+00 2.421568045056213814e-01 0.000000000000000000e+00 -1.053255394569418968e-01 1.797804164037614116e-01 0.000000000000000000e+00 4.690000000000000568e+01
4.202290956920479381e+00 2.601346322551310597e-01 0.000000000000000000e+00 -1.072472770305932244e-01 1.797782774950967832e-01 0.000000000000000000e+00 4.700000000000000000e+01
4.191566229217420947e+00 2.781124600046407380e-01 0.000000000000000000e+00 -1.072472770305843426e-01 1.797782774950967832e-01 0.000000000000000000e+00 4.710000000000000142e+01
4.180841501514361624e+00 2.960902877541503608e-01 0.000000000000000000e+00 -1.072472770305932244e-01 1.797782774950962281e-01 0.000000000000000000e+00 4.720000000000000284e+01
4.170193811003461981e+00 3.139323901583706000e-01 0.000000000000000000e+00 -1.064769051089964336e-01 1.784210240422023919e-01 0.000000000000000000e+00 4.730000000000000426e+01
4.160464735709243911e+00 3.301560617244835294e-01 0.000000000000000000e+00 -9.729075294218070269e-02 1.622367156611292938e-01 0.000000000000000000e+00 4.740000000000000568e+01
4.150735660415025841e+00 3.463797332905965698e-01 0.000000000000000000e+00 -9.729075294218070269e-02 1.622367156611304040e-01 0.000000000000000000e+00 4.750000000000000000e+01
4.141006585120808658e+00 3.626034048567094992e-01 0.000000000000000000e+00 -9.729075294217182091e-02 1.622367156611292938e-01 0.000000000000000000e+00 4.760000000000000142e+01
4.131277509826590588e+00 3.788270764228224841e-01 0.000000000000000000e+00 -9.729075294218070269e-02 1.622367156611298489e-01 0.000000000000000000e+00 4.770000000000000284e+01
4.120583299562601276e+00 3.960106557727086640e-01 0.000000000000000000e+00 -1.069421026398931218e-01 1.718357934988617997e-01 0.000000000000000000e+00 4.780000000000000426e+01
4.109466161679274698e+00 4.136148721593715938e-01 0.000000000000000000e+00 -1.111713788332657771e-01 1.760421638666292976e-01 0.000000000000000000e+00 4.790000000000000568e+01
4.098349023795948121e+00 4.312190885460344680e-01 0.000000000000000000e+00 -1.111713788332657771e-01 1.760421638666287425e-01 0.000000000000000000e+00 4.800000000000000000e+01
4.087231885912622431e+00 4.488233049326973978e-01 0.000000000000000000e+00 -1.111713788332568953e-01 1.760421638666292976e-01 0.000000000000000000e+00 4.810000000000000142e+01
4.076114748029295853e+00 4.664275213193602720e-01 0.000000000000000000e+00 -1.111713788332657771e-01 1.760421638666287425e-01 0.000000000000000000e+00 4.820000000000000284e+01
4.065548515837365429e+00 4.834594998405217781e-01 0.000000000000000000e+00 -1.056623219193042473e-01 1.703197852116150601e-01 0.000000000000000000e+00 4.830000000000000426e+01
4.055084101914531836e+00 5.003857174848467260e-01 0.000000000000000000e+00 -1.046441392283359306e-01 1.692621764432494791e-01 0.000000000000000000e+00 4.840000000000000568e+01
4.044619687991697354e+00 5.173119351291717294e-01 0.000000000000000000e+00 -1.046441392283448124e-01 1.692621764432500342e-01 0.000000000000000000e+00 4.850000000000000000e+01
4.034155274068862873e+00 5.342381527734967328e-01 0.000000000000000000e+00 -1.046441392283448124e-01 1.692621764432500342e-01 0.000000000000000000e+00 4.860000000000000142e+01
4.023804221292722971e+00 5.509696994889652366e-01 0.000000000000000000e+00 -1.035105277613990182e-01 1.673154671546850381e-01 0.000000000000000000e+00 4.870000000000000284e+01
4.013938982180105697e+00 5.668669762637471576e-01 0.000000000000000000e+00 -9.865239112617274486e-02 1.589727677478192103e-01 0.000000000000000000e+00 4.880000000000000426e+01
4.004073743067488422e+00 5.827642530385291897e-01 0.000000000000000000e+00 -9.865239112617274486e-02 1.589727677478203205e-01 0.000000000000000000e+00 4.890000000000000568e+01
3.994208503954870704e+00 5.986615298133111107e-01 0.000000000000000000e+00 -9.865239112617718575e-02 1.589727677478192103e-01 0.000000000000000000e+00 4.900000000000000000e+01
3.984343264842252985e+00 6.145588065880931428e-01 0.000000000000000000e+00 -9.865239112617718575e-02 1.589727677478203205e-01 0.000000000000000000e+00 4.910000000000000142e+01
3.974336680401853616e+00 6.305995875528868089e-01 0.000000000000000000e+00 -1.000658444039936867e-01 1.604078096479366611e-01 0.000000000000000000e+00 4.920000000000000284e+01
3.964297234780975732e+00 6.466737316090640508e-01 0.000000000000000000e+00 -1.003944562087788483e-01 1.607414405617724196e-01 0.000000000000000000e+00 4.930000000000000426e+01
3.954257789160097847e+00 6.627478756652412928e-01 0.000000000000000000e+00 -1.003944562087788483e-01 1.607414405617724196e-01 0.000000000000000000e+00 4.940000000000000568e+01
3.944218343539219518e+00 6.788220197214185347e-01 0.000000000000000000e+00 -1.003944562087832892e-01 1.607414405617724196e-01 0.000000000000000000e+00 4.950000000000000000e+01
3.934152772094960948e+00 6.949027637885425435e-01 0.000000000000000000e+00 -1.006557144425856976e-01 1.608074406712400872e-01 0.000000000000000000e+00 4.960000000000000142e+01
3.924042792399066393e+00 7.109947264474274498e-01 0.000000000000000000e+00 -1.010997969589455536e-01 1.609196265888490629e-01 0.000000000000000000e+00 4.970000000000000284e+01
3.913932812703171837e+00 7.270866891063122450e-01 0.000000000000000000e+00 -1.010997969589455536e-01 1.609196265888479527e-01 0.000000000000000000e+00 4.980000000000000426e+01
3.903822833007277282e+00 7.431786517651971513e-01 0.000000000000000000e+00 -1.010997969589455536e-01 1.609196265888490629e-01 0.000000000000000000e+00 4.990000000000000568e+01
3.893712853311382727e+00 7.592706144240819466e-01 0.000000000000000000e+00 -1.010997969589455536e-01 1.609196265888479527e-01 0.000000000000000000e+00 5.000000000000000000e+01
3.883549956362998046e+00 7.753894556120271009e-01 0.000000000000000000e+00 -1.016289694838468094e-01 1.611884118794515430e-01 0.000000000000000000e+00 5.010000000000000142e+01
3.873382213409812369e+00 7.915107582558251753e-01 0.000000000000000000e+00 -1.016774295318567667e-01 1.612130264379807443e-01 0.000000000000000000e+00 5.020000000000000284e+01
3.863214470456626692e+00 8.076320608996232497e-01 0.000000000000000000e+00 -1.016774295318567667e-01 1.612130264379807443e-01 0.000000000000000000e+00 5.030000000000000426e+01
3.853046727503441016e+00 8.237533635434213242e-01 0.000000000000000000e+00 -1.016774295318567667e-01 1.612130264379807443e-01 0.000000000000000000e+00 5.040000000000000568e+01
3.842889130306340828e+00 8.398071576285671691e-01 0.000000000000000000e+00 -1.015759719710018771e-01 1.605379408514584494e-01 0.000000000000000000e+00 5.050000000000000000e+01
3.832743953119738478e+00 8.557783105581294736e-01 0.000000000000000000e+00 -1.014517718660234991e-01 1.597115292956230448e-01 0.000000000000000000e+00 5.060000000000000142e+01
3.822598775933136128e+00 8.717494634876917781e-01 0.000000000000000000e+00 -1.014517718660234991e-01 1.597115292956230448e-01 0.000000000000000000e+00 5.070000000000000284e+01
3.812453598746533778e+00 8.877206164172541936e-01 0.000000000000000000e+00 -1.014517718660234991e-01 1.597115292956241550e-01 0.000000000000000000e+00 5.080000000000000426e+01
3.802306564481702456e+00 9.036931537897194833e-01 0.000000000000000000e+00 -1.014703426483132276e-01 1.597253737246528971e-01 0.000000000000000000e+00 5.090000000000000568e+01
3.792033423402010328e+00 9.197597031871656004e-01 0.000000000000000000e+00 -1.027314107969212742e-01 1.606654939744611710e-01 0.000000000000000000e+00 5.100000000000000000e+01
3.781760282322318201e+00 9.358262525846117175e-01 0.000000000000000000e+00 -1.027314107969212742e-01 1.606654939744611710e-01 0.000000000000000000e+00 5.110000000000000142e+01
3.771487141242626517e+00 9.518928019820577235e-01 0.000000000000000000e+00 -1.027314107969168333e-01 1.606654939744600608e-01 0.000000000000000000e+00 5.120000000000000284e+01
3.761214000162934390e+00 9.679593513795038406e-01 0.000000000000000000e+00 -1.027314107969212742e-01 1.606654939744611710e-01 0.000000000000000000e+00 5.130000000000000426e+01
3.750943026122231849e+00 9.839826631123181899e-01 0.000000000000000000e+00 -1.027097404070254072e-01 1.602331173281434928e-01 0.000000000000000000e+00 5.140000000000000568e+01
3.740673866833883476e+00 9.999697661501882884e-01 0.000000000000000000e+00 -1.026915928834837288e-01 1.598710303787009845e-01 0.000000000000000000e+00 5.150000000000000000e+01
3.730404707545535548e+00 1.015956869188058498e+00 0.000000000000000000e+00 -1.026915928834792879e-01 1.598710303787020948e-01 0.000000000000000000e+00 5.160000000000000142e+01
3.720135548257187175e+00 1.031943972225928707e+00 0.000000000000000000e+00 -1.026915928834837288e-01 1.598710303787020948e-01 0.000000000000000000e+00 5.170000000000000284e+01
3.709860199921503732e+00 1.047931806498121343e+00 0.000000000000000000e+00 -1.027534833568344297e-01 1.598783427219263586e-01 0.000000000000000000e+00 5.180000000000000426e+01
3.699522939169319624e+00 1.063926955706116173e+00 0.000000000000000000e+00 -1.033726075218410756e-01 1.599514920799482987e-01 0.000000000000000000e+00 5.190000000000000568e+01
3.689185678417135517e+00 1.079922104914111225e+00 0.000000000000000000e+00 -1.033726075218410756e-01 1.599514920799505191e-01 0.000000000000000000e+00 5.200000000000000000e+01
3.678848417664950965e+00 1.095917254122106055e+00 0.000000000000000000e+00 -1.033726075218455165e-01 1.599514920799482987e-01 0.000000000000000000e+00 5.210000000000000142e+01
3.668511156912766857e+00 1.111912403330101107e+00 0.000000000000000000e+00 -1.033726075218410756e-01 1.599514920799505191e-01 0.000000000000000000e+00 5.220000000000000284e+01
3.658205668805522670e+00 1.127817128607001784e+00 0.000000000000000000e+00 -1.030548810724418729e-01 1.590472527690067750e-01 0.000000000000000000e+00 5.230000000000000426e+01
3.647919076680143480e+00 1.143668076523997490e+00 0.000000000000000000e+00 -1.028659212537919032e-01 1.585094791699570571e-01 0.000000000000000000e+00 5.240000000000000568e+01
3.637632484554763845e+00 1.159519024440992974e+00 0.000000000000000000e+00 -1.028659212537963441e-01 1.585094791699548367e-01 0.000000000000000000e+00 5.250000000000000000e+01
3.627345892429384211e+00 1.175369972357988679e+00 0.000000000000000000e+00 -1.028659212537963441e-01 1.585094791699570571e-01 0.000000000000000000e+00 5.260000000000000142e+01
3.617038204424571912e+00 1.191232988424505868e+00 0.000000000000000000e+00 -1.030768800481229874e-01 1.586301606651718821e-01 0.000000000000000000e+00 5.270000000000000284e+01
3.606645447155180761e+00 1.207144669378775292e+00 0.000000000000000000e+00 -1.039275726939115074e-01 1.591168095426942486e-01 0.000000000000000000e+00 5.280000000000000426e+01
3.596252689885790055e+00 1.223056350333044495e+00 0.000000000000000000e+00 -1.039275726939070665e-01 1.591168095426920281e-01 0.000000000000000000e+00 5.290000000000000568e+01
3.585859932616398904e+00 1.238968031287313698e+00 0.000000000000000000e+00 -1.039275726939115074e-01 1.591168095426920281e-01 0.000000000000000000e+00 5.300000000000000000e+01
3.575467175347008197e+00 1.254879712241582901e+00 0.000000000000000000e+00 -1.039275726939070665e-01 1.591168095426920281e-01 0.000000000000000000e+00 5.310000000000000142e+01
3.565127322137394472e+00 1.270670329351125893e+00 0.000000000000000000e+00 -1.033985320961372523e-01 1.579061710954299258e-01 0.000000000000000000e+00 5.320000000000000284e+01
3.554805658359345699e+00 1.286419322386299191e+00 0.000000000000000000e+00 -1.032166377804877300e-01 1.574899303517329763e-01 0.000000000000000000e+00 5.330000000000000426e+01
3.544483994581297370e+00 1.302168315421472489e+00 0.000000000000000000e+00 -1.032166377804832891e-01 1.574899303517329763e-01 0.000000000000000000e+00 5.340000000000000568e+01
3.534162330803248597e+00 1.317917308456645786e+00 0.000000000000000000e+00 -1.032166377804877300e-01 1.574899303517329763e-01 0.000000000000000000e+00 5.350000000000000000e+01
3.523809026272358036e+00 1.333682520561859652e+00 0.000000000000000000e+00 -1.035330453089056135e-01 1.576521210521386607e-01 0.000000000000000000e+00 5.360000000000000142e+01
3.513391869441909066e+00 1.349480463396458774e+00 0.000000000000000000e+00 -1.041715683044897034e-01 1.579794283459912130e-01 0.000000000000000000e+00 5.370000000000000284e+01
3.502974712611459651e+00 1.365278406231057895e+00 0.000000000000000000e+00 -1.041715683044941443e-01 1.579794283459912130e-01 0.000000000000000000e+00 5.380000000000000426e+01
3.492557555781010237e+00 1.381076349065657016e+00 0.000000000000000000e+00 -1.041715683044941443e-01 1.579794283459912130e-01 0.000000000000000000e+00 5.390000000000000568e+01
3.482140398950560822e+00 1.396874291900256138e+00 0.000000000000000000e+00 -1.041715683044941443e-01 1.579794283459912130e-01 0.000000000000000000e+00 5.400000000000000000e+01
3.471817951812126601e+00 1.412493834383909963e+00 0.000000000000000000e+00 -1.032244713843422090e-01 1.561954248365382547e-01 0.000000000000000000e+00 5.410000000000000142e+01
3.461506553355612859e+00 1.428092564966583433e+00 0.000000000000000000e+00 -1.031139845651374287e-01 1.559873058267347012e-01 0.000000000000000000e+00 5.420000000000000284e+01
3.451195154899099116e+00 1.443691295549257125e+00 0.000000000000000000e+00 -1.031139845651374287e-01 1.559873058267369217e-01 0.000000000000000000e+00 5.430000000000000426e+01
3.440883756442585817e+00 1.459290026131930595e+00 0.000000000000000000e+00 -1.031139845651329878e-01 1.559873058267347012e-01 0.000000000000000000e+00 5.440000000000000568e+01
3.430527451566699693e+00 1.474911001234526120e+00 0.000000000000000000e+00 -1.035630487588612425e-01 1.562097510259552458e-01 0.000000000000000000e+00 5.450000000000000000e+01
3.420128526184386786e+00 1.490553088523698388e+00 0.000000000000000000e+00 -1.039892538231290686e-01 1.564208728917226843e-01 0.000000000000000000e+00 5.460000000000000142e+01
3.409729600802074323e+00 1.506195175812870657e+00 0.000000000000000000e+00 -1.039892538231246277e-01 1.564208728917226843e-01 0.000000000000000000e+00 5.470000000000000284e+01
3.399330675419761860e+00 1.521837263102042925e+00 0.000000000000000000e+00 -1.039892538231246277e-01 1.564208728917226843e-01 0.000000000000000000e+00 5.480000000000000426e+01
3.388947518432731343e+00 1.537453529660758988e+00 0.000000000000000000e+00 -1.038315698703051737e-01 1.561626655871606317e-01 0.000000000000000000e+00 5.490000000000000568e+01
3.378693134911614493e+00 1.552858929806392174e+00 0.000000000000000000e+00 -1.025438352111684992e-01 1.540540014563318572e-01 0.000000000000000000e+00 5.500000000000000000e+01
3.368438751390498087e+00 1.568264329952025138e+00 0.000000000000000000e+00 -1.025438352111640583e-01 1.540540014563296367e-01 0.000000000000000000e+00 5.510000000000000142e+01
3.358184367869381237e+00 1.583669730097658324e+00 0.000000000000000000e+00 -1.025438352111684992e-01 1.540540014563318572e-01 0.000000000000000000e+00 5.520000000000000284e+01
3.347929984348264831e+00 1.599075130243291287e+00 0.000000000000000000e+00 -1.025438352111640583e-01 1.540540014563296367e-01 0.000000000000000000e+00 5.530000000000000426e+01
3.337614509649599714e+00 1.614511152758790757e+00 0.000000000000000000e+00 -1.031547469866511690e-01 1.543602251549947013e-01 0.000000000000000000e+00 5.540000000000000568e+01
3.327280882704720888e+00 1.629956274211645129e+00 0.000000000000000000e+00 -1.033362694487882649e-01 1.544512145285437121e-01 0.000000000000000000e+00 5.550000000000000000e+01
3.316947255759842061e+00 1.645401395664499722e+00 0.000000000000000000e+00 -1.033362694487882649e-01 1.544512145285459326e-01 0.000000000000000000e+00 5.560000000000000142e+01
3.306613628814963235e+00 1.660846517117354093e+00 0.000000000000000000e+00 -1.033362694487882649e-01 1.544512145285437121e-01 0.000000000000000000e+00 5.570000000000000284e+01
3.296357656002115721e+00 1.676177026265287306e+00 0.000000000000000000e+00 -1.025597281284751361e-01 1.533050914793321340e-01 0.000000000000000000e+00 5.580000000000000426e+01
3.286212365147289205e+00 1.691344176246229347e+00 0.000000000000000000e+00 -1.014529085482651638e-01 1.516714998094204070e-01 0.000000000000000000e+00 5.590000000000000568e+01
3.276067074292462689e+00 1.706511326227171388e+00 0.000000000000000000e+00 -1.014529085482651638e-01 1.516714998094204070e-01 0.000000000000000000e+00 5.600000000000000000e+01
3.265921783437636172e+00 1.721678476208113207e+00 0.000000000000000000e+00 -1.014529085482651638e-01 1.516714998094181865e-01 0.000000000000000000e+00 5.610000000000000142e+01
3.255767056606293952e+00 1.736850686211881545e+00 0.000000000000000000e+00 -1.015472683134222009e-01 1.517221000376833828e-01 0.000000000000000000e+00 5.620000000000000284e+01
3.245551055577857280e+00 1.752055754376693475e+00 0.000000000000000000e+00 -1.021600102843667202e-01 1.520506816481193013e-01 0.000000000000000000e+00 5.630000000000000426e+01
3.235335054549421052e+00 1.767260822541505405e+00 0.000000000000000000e+00 -1.021600102843622793e-01 1.520506816481193013e-01 0.000000000000000000e+00 5.640000000000000568e+01
3.225119053520984824e+00 1.782465890706317335e+00 0.000000000000000000e+00 -1.021600102843622793e-01 1.520506816481193013e-01 0.000000000000000000e+00 5.650000000000000000e+01
3.214903052492548596e+00 1.797670958871129265e+00 0.000000000000000000e+00 -1.021600102843622793e-01 1.520506816481193013e-01 0.000000000000000000e+00 5.660000000000000142e+01
3.204879225389503983e+00 1.812612858790631165e+00 0.000000000000000000e+00 -1.002382710304461355e-01 1.494189991950189977e-01 0.000000000000000000e+00 5.670000000000000284e+01
3.194893453813216766e+00 1.827502644427820622e+00 0.000000000000000000e+00 -9.985771576287216789e-02 1.488978563718945658e-01 0.000000000000000000e+00 5.680000000000000426e+01
3.184907682236929549e+00 1.842392430065009856e+00 0.000000000000000000e+00 -9.985771576287216789e-02 1.488978563718923454e-01 0.000000000000000000e+00 5.690000000000000568e+01
3.174921910660642332e+00 1.857282215702199313e+00 0.000000000000000000e+00 -9.985771576287216789e-02 1.488978563718945658e-01 0.000000000000000000e+00 5.700000000000000000e+01
3.164896088039419908e+00 1.872197105997159383e+00 0.000000000000000000e+00 -1.002582262122242440e-01 1.491489029496007035e-01 0.000000000000000000e+00 5.710000000000000142e+01
3.154846608411923103e+00 1.887126824895152710e+00 0.000000000000000000e+00 -1.004947962749680457e-01 1.492971889799332708e-01 0.000000000000000000e+00 5.720000000000000284e+01
3.144797128784426299e+00 1.902056543793146037e+00 0.000000000000000000e+00 -1.004947962749680457e-01 1.492971889799332708e-01 0.000000000000000000e+00 5.730000000000000426e+01
3.134747649156929938e+00 1.916986262691139142e+00 0.000000000000000000e+00 -1.004947962749636048e-01 1.492971889799310503e-01 0.000000000000000000e+00 5.740000000000000568e+01
3.124803921410065133e+00 1.931778734570109179e+00 0.000000000000000000e+00 -9.943727746864805539e-02 1.479247187897003712e-01 0.000000000000000000e+00 5.750000000000000000e+01
3.115017301137601002e+00 1.946367309058329997e+00 0.000000000000000000e+00 -9.786620272464130466e-02 1.458857448822081793e-01 0.000000000000000000e+00 5.760000000000000142e+01
3.105230680865136872e+00 1.960955883546550815e+00 0.000000000000000000e+00 -9.786620272464130466e-02 1.458857448822081793e-01 0.000000000000000000e+00 5.770000000000000284e+01
3.095444060592672741e+00 1.975544458034771633e+00 0.000000000000000000e+00 -9.786620272464130466e-02 1.458857448822081793e-01 0.000000000000000000e+00 5.780000000000000426e+01
3.085641696021638403e+00 1.990144932710728343e+00 0.000000000000000000e+00 -9.802364571034338780e-02 1.460047467595670945e-01 0.000000000000000000e+00 5.790000000000000568e+01
3.075798466276527865e+00 2.004776294964254024e+00 0.000000000000000000e+00 -9.843229745110537721e-02 1.463136225352568154e-01 0.000000000000000000e+00 5.800000000000000000e+01
3.065955236531417771e+00 2.019407657217779928e+00 0.000000000000000000e+00 -9.843229745110093631e-02 1.463136225352590358e-01 0.000000000000000000e+00 5.810000000000000142e+01
3.056112006786307234e+00 2.034039019471305387e+00 0.000000000000000000e+00 -9.843229745110537721e-02 1.463136225352545949e-01 0.000000000000000000e+00 5.820000000000000284e+01
3.046300599069707626e+00 2.048630779858204853e+00 0.000000000000000000e+00 -9.811407716599607198e-02 1.459176038689946608e-01 0.000000000000000000e+00 5.830000000000000426e+01
3.036696436751055828e+00 2.062964627566607589e+00 0.000000000000000000e+00 -9.604162318651798813e-02 1.433384770840273603e-01 0.000000000000000000e+00 5.840000000000000568e+01
3.027092274432403585e+00 2.077298475275009881e+00 0.000000000000000000e+00 -9.604162318652242902e-02 1.433384770840229194e-01 0.000000000000000000e+00 5.850000000000000000e+01
3.017488112113751342e+00 2.091632322983412617e+00 0.000000000000000000e+00 -9.604162318652242902e-02 1.433384770840273603e-01 0.000000000000000000e+00 5.860000000000000142e+01
3.007844472771717292e+00 2.106013952859154159e+00 0.000000000000000000e+00 -9.643639342034049378e-02 1.438162987574154172e-01 0.000000000000000000e+00 5.870000000000000284e+01
2.997750432966199252e+00 2.120940738080266730e+00 0.000000000000000000e+00 -1.009403980551804025e-01 1.492678522111257067e-01 0.000000000000000000e+00 5.880000000000000426e+01
2.987656393160681212e+00 2.135867523301379300e+00 0.000000000000000000e+00 -1.009403980551804025e-01 1.492678522111257067e-01 0.000000000000000000e+00 5.890000000000000568e+01
2.977562353355163172e+00 2.150794308522491871e+00 0.000000000000000000e+00 -1.009403980551804025e-01 1.492678522111257067e-01 0.000000000000000000e+00 5.900000000000000000e+01
2.967468313549644687e+00 2.165721093743604442e+00 0.000000000000000000e+00 -1.009403980551848434e-01 1.492678522111257067e-01 0.000000000000000000e+00 5.910000000000000142e+01
2.956246673733217811e+00 2.181293433821531291e+00 0.000000000000000000e+00 -1.122163981642687602e-01 1.557234007792684949e-01 0.000000000000000000e+00 5.920000000000000284e+01
2.944828112606435511e+00 2.196978512022090158e+00 0.000000000000000000e+00 -1.141856112678230062e-01 1.568507820055886626e-01 0.000000000000000000e+00 5.930000000000000426e+01
2.933409551479653210e+00 2.212663590222649468e+00 0.000000000000000000e+00 -1.141856112678230062e-01 1.568507820055931035e-01 0.000000000000000000e+00 5.940000000000000568e+01
2.921990990352870909e+00 2.228348668423208778e+00 0.000000000000000000e+00 -1.141856112678230062e-01 1.568507820055931035e-01 0.000000000000000000e+00 5.950000000000000000e+01
2.910300556100293257e+00 2.243543826457921053e+00 0.000000000000000000e+00 -1.169043425257765279e-01 1.519515803471227500e-01 0.000000000000000000e+00 5.960000000000000142e+01
2.897346157122290933e+00 2.256461297773533214e+00 0.000000000000000000e+00 -1.295439897800232387e-01 1.291747131561216122e-01 0.000000000000000000e+00 5.970000000000000284e+01
2.884391758144289053e+00 2.269378769089145376e+00 0.000000000000000000e+00 -1.295439897800187978e-01 1.291747131561216122e-01 0.000000000000000000e+00 5.980000000000000426e+01
2.871437359166286729e+00 2.282296240404757537e+00 0.000000000000000000e+00 -1.295439897800232387e-01 1.291747131561216122e-01 0.000000000000000000e+00 5.990000000000000568e+01
2.858482960188284405e+00 2.295213711720369698e+00 0.000000000000000000e+00 -1.295439897800232387e-01 1.291747131561216122e-01 0.000000000000000000e+00 6.000000000000000000e+01
2.841610710188463784e+00 2.303175833329046629e+00 0.000000000000000000e+00 -1.687224999982062101e-01 7.962121608676930862e-02 0.000000000000000000e+00 6.010000000000000142e+01
2.822887154334123849e+00 2.308796398846755693e+00 0.000000000000000000e+00 -1.872355585433993497e-01 5.620565517709064096e-02 0.000000000000000000e+00 6.020000000000000284e+01
2.804163598479783470e+00 2.314416964364465201e+00 0.000000000000000000e+00 -1.872355585434037906e-01 5.620565517709508185e-02 0.000000000000000000e+00 6.030000000000000426e+01
2.785440042625443091e+00 2.320037529882174709e+00 0.000000000000000000e+00 -1.872355585434037906e-01 5.620565517709508185e-02 0.000000000000000000e+00 6.040000000000000568e+01
2.766716486771103156e+00 2.325658095399884218e+00 0.000000000000000000e+00 -1.872355585433993497e-01 5.620565517709508185e-02 0.000000000000000000e+00 6.050000000000000000e+01
2.746520713027839289e+00 2.328358831673157159e+00 0.000000000000000000e+00 -2.019577374326386732e-01 2.700736273272941190e-02 0.000000000000000000e+00 6.060000000000000142e+01
2.726251745409922655e+00 2.330914403553760117e+00 0.000000000000000000e+00 -2.026896761791663337e-01 2.555571880602958146e-02 0.000000000000000000e+00 6.070000000000000284e+01
2.705982777792006466e+00 2.333469975434363075e+00 0.000000000000000000e+00 -2.026896761791618928e-01 2.555571880602958146e-02 0.000000000000000000e+00 6.080000000000000426e+01
2.685713810174089833e+00 2.336025547314965589e+00 0.000000000000000000e+00 -2.026896761791663337e-01 2.555571880602514057e-02 0.000000000000000000e+00 6.090000000000000568e+01
2.665638456450922344e+00 2.338789318310660281e+00 0.000000000000000000e+00 -2.007535372316748834e-01 2.763770995694692090e-02 0.000000000000000000e+00 6.100000000000000000e+01
2.646279591182469026e+00 2.342323551893444655e+00 0.000000000000000000e+00 -1.935886526845331801e-01 3.534233582784374050e-02 0.000000000000000000e+00 6.110000000000000142e+01
2.626920725914015708e+00 2.345857785476229473e+00 0.000000000000000000e+00 -1.935886526845331801e-01 3.534233582784818140e-02 0.000000000000000000e+00 6.120000000000000284e+01
2.607561860645562390e+00 2.349392019059014292e+00 0.000000000000000000e+00 -1.935886526845331801e-01 3.534233582784818140e-02 0.000000000000000000e+00 6.130000000000000426e+01
2.588202995377109072e+00 2.352926252641798666e+00 0.000000000000000000e+00 -1.935886526845331801e-01 3.534233582784374050e-02 0.000000000000000000e+00 6.140000000000000568e+01
2.567157429712217276e+00 2.356702145008138238e+00 0.000000000000000000e+00 -2.104556566489179659e-01 3.775892366339572703e-02 0.000000000000000000e+00 6.150000000000000000e+01
2.545138693580871969e+00 2.360617466517680008e+00 0.000000000000000000e+00 -2.201873613134530672e-01 3.915321509541769274e-02 0.000000000000000000e+00 6.160000000000000142e+01
2.523119957449526662e+00 2.364532788027221777e+00 0.000000000000000000e+00 -2.201873613134530672e-01 3.915321509541769274e-02 0.000000000000000000e+00 6.170000000000000284e+01
2.501101221318180912e+00 2.368448109536763546e+00 0.000000000000000000e+00 -2.201873613134575081e-01 3.915321509541769274e-02 0.000000000000000000e+00 6.180000000000000426e+01
2.479082485186835605e+00 2.372363431046305760e+00 0.000000000000000000e+00 -2.201873613134530672e-01 3.915321509542213363e-02 0.000000000000000000e+00 6.190000000000000568e+01
2.457914257290918503e+00 2.376175614360501509e+00 0.000000000000000000e+00 -2.116822789591710219e-01 3.812183314195749517e-02 0.000000000000000000e+00 6.200000000000000000e+01
2.437852364034083674e+00 2.379853636295218511e+00 0.000000000000000000e+00 -2.006189325683482849e-01 3.678021934717001784e-02 0.000000000000000000e+00 6.210000000000000142e+01
2.417790470777248402e+00 2.383531658229935513e+00 0.000000000000000000e+00 -2.006189325683527258e-01 3.678021934717001784e-02 0.000000000000000000e+00 6.220000000000000284e+01
2.397728577520413573e+00 2.387209680164652070e+00 0.000000000000000000e+00 -2.006189325683482849e-01 3.678021934716557695e-02 0.000000000000000000e+00 6.230000000000000426e+01
2.377666684263578301e+00 2.390887702099369072e+00 0.000000000000000000e+00 -2.006189325683527258e-01 3.678021934717001784e-02 0.000000000000000000e+00 6.240000000000000568e+01
2.358332705698423570e+00 2.394523823221236469e+00 0.000000000000000000e+00 -1.933397856515473023e-01 3.636121121867397221e-02 0.000000000000000000e+00 6.250000000000000000e+01
2.339339049121698988e+00 2.398140354454193712e+00 0.000000000000000000e+00 -1.899365657672458241e-01 3.616531232957242992e-02 0.000000000000000000e+00 6.260000000000000142e+01
2.320345392544974850e+00 2.401756885687150955e+00 0.000000000000000000e+00 -1.899365657672413832e-01 3.616531232957242992e-02 0.000000000000000000e+00 6.270000000000000284e+01
2.301351735968250267e+00 2.405373416920108642e+00 0.000000000000000000e+00 -1.899365657672458241e-01 3.616531232957687081e-02 0.000000000000000000e+00 6.280000000000000426e+01
2.282512465107178645e+00 2.408969713026949844e+00 0.000000000000000000e+00 -1.883927086107162197e-01 3.596296106841201379e-02 0.000000000000000000e+00 6.290000000000000568e+01
2.264573797011590894e+00 2.412447968352214644e+00 0.000000000000000000e+00 -1.793866809558775088e-01 3.478255325264800746e-02 0.000000000000000000e+00 6.300000000000000000e+01
2.246635128916002699e+00 2.415926223677479445e+00 0.000000000000000000e+00 -1.793866809558819497e-01 3.478255325264800746e-02 0.000000000000000000e+00 6.310000000000000142e+01
2.228696460820414504e+00 2.419404479002744246e+00 0.000000000000000000e+00 -1.793866809558819497e-01 3.478255325264800746e-02 0.000000000000000000e+00 6.320000000000000284e+01
2.210757792724826754e+00 2.422882734328009491e+00 0.000000000000000000e+00 -1.793866809558775088e-01 3.478255325265244835e-02 0.000000000000000000e+00 6.330000000000000426e+01
2.192173444751846834e+00 2.426473380160666160e+00 0.000000000000000000e+00 -1.858434797297991992e-01 3.590645832656669256e-02 0.000000000000000000e+00 6.340000000000000568e+01
2.173491807785417507e+00 2.430080960638060450e+00 0.000000000000000000e+00 -1.868163696642932692e-01 3.607580477394289886e-02 0.000000000000000000e+00 6.350000000000000000e+01
2.154810170818988180e+00 2.433688541115454296e+00 0.000000000000000000e+00 -1.868163696642932692e-01 3.607580477393845797e-02 0.000000000000000000e+00 6.360000000000000142e+01
2.136128533852558853e+00 2.437296121592848142e+00 0.000000000000000000e+00 -1.868163696642932692e-01 3.607580477393845797e-02 0.000000000000000000e+00 6.370000000000000284e+01
2.117871668770959559e+00 2.440853057883761501e+00 0.000000000000000000e+00 -1.825686508159929389e-01 3.556936290913359500e-02 0.000000000000000000e+00 6.380000000000000426e+01
2.100548015042547512e+00 2.444298730384663276e+00 0.000000000000000000e+00 -1.732365372841204731e-01 3.445672500901775237e-02 0.000000000000000000e+00 6.390000000000000568e+01
2.083224361314135464e+00 2.447744402885564607e+00 0.000000000000000000e+00 -1.732365372841204731e-01 3.445672500901331148e-02 0.000000000000000000e+00 6.400000000000000000e+01
2.065900707585725193e+00 2.451190075386465939e+00 0.000000000000000000e+00 -1.732365372841027096e-01 3.445672500901331148e-02 0.000000000000000000e+00 6.410000000000000853e+01
2.048909945916592701e+00 2.455068859887374000e+00 0.000000000000000000e+00 -1.699076166913249253e-01 3.878784500908061261e-02 0.000000000000000000e+00 6.420000000000000284e+01
2.033824960179805519e+00 2.461427170116269103e+00 0.000000000000000000e+00 -1.508498573678718202e-01 6.358310228895103222e-02 0.000000000000000000e+00 6.429999999999999716e+01
2.018739974443018781e+00 2.467785480345164650e+00 0.000000000000000000e+00 -1.508498573678673793e-01 6.358310228895547311e-02 0.000000000000000000e+00 6.440000000000000568e+01
2.003654988706232043e+00 2.474143790574059754e+00 0.000000000000000000e+00 -1.508498573678673793e-01 6.358310228895103222e-02 0.000000000000000000e+00 6.450000000000000000e+01
1.988570002969445083e+00 2.480502100802955301e+00 0.000000000000000000e+00 -1.508498573678695998e-01 6.358310228895547311e-02 0.000000000000000000e+00 6.460000000000000853e+01
1.973485017232658123e+00 2.486860411031850404e+00 0.000000000000000000e+00 -1.508498573678695998e-01 6.358310228895103222e-02 0.000000000000000000e+00 6.470000000000000284e+01
1.968058314335130454e+00 2.503319264961063606e+00 0.000000000000000000e+00 -5.426702897527668767e-02 1.645885392921320189e-01 0.000000000000000000e+00 6.479999999999999716e+01
1.963901306788565115e+00 2.521105954654865755e+00 0.000000000000000000e+00 -4.157007546565338885e-02 1.778668969380214904e-01 0.000000000000000000e+00 6.490000000000000568e+01
1.959744299241999776e+00 2.538892644348667904e+00 0.000000000000000000e+00 -4.157007546565338885e-02 1.778668969380214904e-01 0.000000000000000000e+00 6.500000000000000000e+01
1.955587291695434438e+00 2.556679334042470053e+00 0.000000000000000000e+00 -4.157007546565338885e-02 1.778668969380214904e-01 0.000000000000000000e+00 6.510000000000000853e+01
1.956219323229369422e+00 2.574798894711141095e+00 0.000000000000000000e+00 6.320315339349846795e-03 1.811956066867104198e-01 0.000000000000000000e+00 6.520000000000000284e+01
1.958166764419734251e+00 2.593009885348815491e+00 0.000000000000000000e+00 1.947441190364829211e-02 1.821099063767439574e-01 0.000000000000000000e+00 6.529999999999999716e+01
1.960114205610099303e+00 2.611220875986489887e+00 0.000000000000000000e+00 1.947441190365051256e-02 1.821099063767439574e-01 0.000000000000000000e+00 6.540000000000000568e+01
1.962061646800464132e+00 2.629431866624164726e+00 0.000000000000000000e+00 1.947441190364829211e-02 1.821099063767483983e-01 0.000000000000000000e+00 6.550000000000000000e+01
1.964579343897329355e+00 2.648244261749244988e+00 0.000000000000000000e+00 2.517697096865223472e-02 1.881239512508026124e-01 0.000000000000000000e+00 6.560000000000000853e+01
1.967669560315733923e+00 2.667660448409276075e+00 0.000000000000000000e+00 3.090216418404567733e-02 1.941618666003108729e-01 0.000000000000000000e+00 6.570000000000000284e+01
1.970759776734138491e+00 2.687076635069306718e+00 0.000000000000000000e+00 3.090216418404567733e-02 1.941618666003064320e-01 0.000000000000000000e+00 6.579999999999999716e+01
1.973849993152543059e+00 2.706492821729337805e+00 0.000000000000000000e+00 3.090216418404567733e-02 1.941618666003108729e-01 0.000000000000000000e+00 6.590000000000000568e+01
1.976940209570947626e+00 2.725909008389368893e+00 0.000000000000000000e+00 3.090216418404567733e-02 1.941618666003108729e-01 0.000000000000000000e+00 6.600000000000000000e+01
1.978962131859051343e+00 2.744713941170762617e+00 0.000000000000000000e+00 2.021922288103716880e-02 1.880493278139372393e-01 0.000000000000000000e+00 6.610000000000000853e+01
1.980846600779832656e+00 2.763440226226287155e+00 0.000000000000000000e+00 1.884468920781312562e-02 1.872628505552453859e-01 0.000000000000000000e+00 6.620000000000000284e+01
1.982731069700613968e+00 2.782166511281811694e+00 0.000000000000000000e+00 1.884468920781312562e-02 1.872628505552453859e-01 0.000000000000000000e+00 6.629999999999999716e+01
1.984615538621395503e+00 2.800892796337336677e+00 0.000000000000000000e+00 1.884468920781534607e-02 1.872628505552498268e-01 0.000000000000000000e+00 6.640000000000000568e+01
1.986851495607098395e+00 2.820872614472668793e+00 0.000000000000000000e+00 2.235956985702891586e-02 1.997981813533211692e-01 0.000000000000000000e+00 6.650000000000000000e+01
1.989406215625463936e+00 2.841989256432022160e+00 0.000000000000000000e+00 2.554720018365541634e-02 2.111664195935336608e-01 0.000000000000000000e+00 6.660000000000000853e+01
1.991960935643829256e+00 2.863105898391375082e+00 0.000000000000000000e+00 2.554720018365319589e-02 2.111664195935292199e-01 0.000000000000000000e+00 6.670000000000000284e+01
1.994515655662194575e+00 2.884222540350728448e+00 0.000000000000000000e+00 2.554720018365319589e-02 2.111664195935336608e-01 0.000000000000000000e+00 6.679999999999999716e+01
1.997070375680560117e+00 2.905339182310081814e+00 0.000000000000000000e+00 2.554720018365541634e-02 2.111664195935336608e-01 0.000000000000000000e+00 6.690000000000000568e+01
1.999517143824357523e+00 2.925280000694003846e+00 0.000000000000000000e+00 2.446768143797406481e-02 1.994081838392203210e-01 0.000000000000000000e+00 6.700000000000000000e+01
2.001854306867752342e+00 2.944026988386639232e+00 0.000000000000000000e+00 2.337163043394818729e-02 1.874698769263538622e-01 0.000000000000000000e+00 6.710000000000000853e+01
2.004191469911146939e+00 2.962773976079274618e+00 0.000000000000000000e+00 2.337163043394596684e-02 1.874698769263538622e-01 0.000000000000000000e+00 6.720000000000000284e+01
2.006528632954541536e+00 2.981520963771909560e+00 0.000000000000000000e+00 2.337163043394596684e-02 1.874698769263494214e-01 0.000000000000000000e+00 6.729999999999999716e+01
2.008864964963895439e+00 3.000235711615933720e+00 0.000000000000000000e+00 2.336332009353903061e-02 1.871474784402415992e-01 0.000000000000000000e+00 6.740000000000000568e+01
2.011192172756076868e+00 3.018596486739466123e+00 0.000000000000000000e+00 2.327207792181429369e-02 1.836077512353240238e-01 0.000000000000000000e+00 6.750000000000000000e+01
2.013519380548258741e+00 3.036957261862998525e+00 0.000000000000000000e+00 2.327207792181873458e-02 1.836077512353240238e-01 0.000000000000000000e+00 6.760000000000000853e+01
2.015846588340440171e+00 3.055318036986530927e+00 0.000000000000000000e+00 2.327207792181429369e-02 1.836077512353240238e-01 0.000000000000000000e+00 6.770000000000000284e+01
2.018173796132621600e+00 3.073678812110063330e+00 0.000000000000000000e+00 2.327207792181429369e-02 1.836077512353240238e-01 0.000000000000000000e+00 6.779999999999999716e+01
2.020598574514540502e+00 3.092572890970258559e+00 0.000000000000000000e+00 2.424778381918901715e-02 1.889407886019522920e-01 0.000000000000000000e+00 6.790000000000000568e+01
2.023056987432485965e+00 3.111650810307304393e+00 0.000000000000000000e+00 2.458412917945462794e-02 1.907791933704583442e-01 0.000000000000000000e+00 6.800000000000000000e+01
2.025515400350431428e+00 3.130728729644350228e+00 0.000000000000000000e+00 2.458412917945462794e-02 1.907791933704583442e-01 0.000000000000000000e+00 6.810000000000000853e+01
2.027973813268376446e+00 3.149806648981396062e+00 0.000000000000000000e+00 2.458412917945018705e-02 1.907791933704583442e-01 0.000000000000000000e+00 6.820000000000000284e+01
2.030436782862113709e+00 3.168830930573772076e+00 0.000000000000000000e+00 2.462969593737263097e-02 1.902428159237601335e-01 0.000000000000000000e+00 6.829999999999999716e+01
2.032914779995264709e+00 3.187678319326071374e+00 0.000000000000000000e+00 2.477997133150999787e-02 1.884738875229929889e-01 0.000000000000000000e+00 6.840000000000000568e+01
2.035392777128415709e+00 3.206525708078371117e+00 0.000000000000000000e+00 2.477997133150999787e-02 1.884738875229974298e-01 0.000000000000000000e+00 6.850000000000000000e+01
2.037870774261566265e+00 3.225373096830670860e+00 0.000000000000000000e+00 2.477997133150555698e-02 1.884738875229974298e-01 0.000000000000000000e+00 6.860000000000000853e+01
2.040348771394717264e+00 3.244220485582970603e+00 0.000000000000000000e+00 2.477997133150999787e-02 1.884738875229974298e-01 0.000000000000000000e+00 6.870000000000000284e+01
2.043153826320332378e+00 3.265369056273788040e+00 0.000000000000000000e+00 2.805054925615113603e-02 2.114857069081743646e-01 0.000000000000000000e+00 6.879999999999999716e+01
2.046012781389554558e+00 3.286896868920647918e+00 0.000000000000000000e+00 2.858955069222179901e-02 2.152781264685987850e-01 0.000000000000000000e+00 6.890000000000000568e+01
2.048871736458777182e+00 3.308424681567507797e+00 0.000000000000000000e+00 2.858955069222623990e-02 2.152781264685987850e-01 0.000000000000000000e+00 6.900000000000000000e+01
2.051730691527999362e+00 3.329952494214367675e+00 0.000000000000000000e+00 2.858955069222179901e-02 2.152781264685987850e-01 0.000000000000000000e+00 6.910000000000000853e+01
2.054589646597221986e+00 3.351480306861227554e+00 0.000000000000000000e+00 2.858955069222623990e-02 2.152781264685987850e-01 0.000000000000000000e+00 6.920000000000000284e+01
2.057262662086779326e+00 3.371455478645611237e+00 0.000000000000000000e+00 2.673015489557339919e-02 1.997517178438368290e-01 0.000000000000000000e+00 6.929999999999999716e+01
2.059806530024188120e+00 3.390352236855455725e+00 0.000000000000000000e+00 2.543867937408794688e-02 1.889675820984448862e-01 0.000000000000000000e+00 6.940000000000000568e+01
2.062350397961596915e+00 3.409248995065300214e+00 0.000000000000000000e+00 2.543867937408794688e-02 1.889675820984448862e-01 0.000000000000000000e+00 6.950000000000000000e+01
2.064894265899005710e+00 3.428145753275144703e+00 0.000000000000000000e+00 2.543867937408794688e-02 1.889675820984448862e-01 0.000000000000000000e+00 6.960000000000000853e+01
2.067447199482308484e+00 3.447132382141567142e+00 0.000000000000000000e+00 2.552933583302774423e-02 1.898662886642243919e-01 0.000000000000000000e+00 6.970000000000000284e+01
2.070035491180303833e+00 3.466469527344047563e+00 0.000000000000000000e+00 2.588291697995348528e-02 1.933714520248042135e-01 0.000000000000000000e+00 6.979999999999999716e+01
2.072623782878299181e+00 3.485806672546528429e+00 0.000000000000000000e+00 2.588291697995348528e-02 1.933714520248086544e-01 0.000000000000000000e+00 6.990000000000000568e+01
2.075212074576294974e+00 3.505143817749008850e+00 0.000000000000000000e+00 2.588291697995792617e-02 1.933714520248042135e-01 0.000000000000000000e+00 7.000000000000000000e+01
2.077800366274290322e+00 3.524480962951489271e+00 0.000000000000000000e+00 2.588291697995348528e-02 1.933714520248042135e-01 0.000000000000000000e+00 7.010000000000000853e+01
2.080634843439711279e+00 3.545209693102606252e+00 0.000000000000000000e+00 2.834477165420956624e-02 2.072873015111698081e-01 0.000000000000000000e+00 7.020000000000000284e+01
2.083615005403800069e+00 3.566761919356851163e+00 0.000000000000000000e+00 2.980161964088789972e-02 2.155222625424491056e-01 0.000000000000000000e+00 7.029999999999999716e+01
2.086595167367888859e+00 3.588314145611096073e+00 0.000000000000000000e+00 2.980161964088789972e-02 2.155222625424491056e-01 0.000000000000000000e+00 7.040000000000000568e+01
2.089575329331977649e+00 3.609866371865340540e+00 0.000000000000000000e+00 2.980161964088789972e-02 2.155222625424446647e-01 0.000000000000000000e+00 7.050000000000000000e+01
2.092555491296066439e+00 3.631418598119585450e+00 0.000000000000000000e+00 2.980161964088789972e-02 2.155222625424491056e-01 0.000000000000000000e+00 7.060000000000000853e+01
2.095340557646677482e+00 3.651733525149382764e+00 0.000000000000000000e+00 2.785066350611042907e-02 2.031492702979731391e-01 0.000000000000000000e+00 7.070000000000000284e+01
2.097939644897735878e+00 3.670868970018929200e+00 0.000000000000000000e+00 2.599087251058396220e-02 1.913544486954643631e-01 0.000000000000000000e+00 7.079999999999999716e+01
2.100538732148794274e+00 3.690004414888475637e+00 0.000000000000000000e+00 2.599087251058396220e-02 1.913544486954643631e-01 0.000000000000000000e+00 7.090000000000000568e+01
2.103137819399852670e+00 3.709139859758022073e+00 0.000000000000000000e+00 2.599087251058396220e-02 1.913544486954643631e-01 0.000000000000000000e+00 7.100000000000000000e+01
2.105736906650911511e+00 3.728275304627568509e+00 0.000000000000000000e+00 2.599087251058840309e-02 1.913544486954643631e-01 0.000000000000000000e+00 7.110000000000000853e+01
2.108724852148747608e+00 3.749252315974038297e+00 0.000000000000000000e+00 2.987945497836097530e-02 2.097701134646978716e-01 0.000000000000000000e+00 7.120000000000000284e+01
2.111713297773917475e+00 3.770231695838442310e+00 0.000000000000000000e+00 2.988445625169866560e-02 2.097937986440401303e-01 0.000000000000000000e+00 7.129999999999999716e+01
2.114701743399087341e+00 3.791211075702846323e+00 0.000000000000000000e+00 2.988445625169866560e-02 2.097937986440401303e-01 0.000000000000000000e+00 7.140000000000000568e+01
2.117690189024256764e+00 3.812190455567249892e+00 0.000000000000000000e+00 2.988445625169422470e-02 2.097937986440356894e-01 0.000000000000000000e+00 7.150000000000000000e+01
2.120675993353210664e+00 3.833153992603753668e+00 0.000000000000000000e+00 2.985804328953900466e-02 2.096353703650377653e-01 0.000000000000000000e+00 7.160000000000000853e+01
2.123567895322274079e+00 3.853554291440008939e+00 0.000000000000000000e+00 2.891901969063415123e-02 2.040029883625527063e-01 0.000000000000000000e+00 7.170000000000000284e+01
2.126459797291337939e+00 3.873954590276263765e+00 0.000000000000000000e+00 2.891901969063859212e-02 2.040029883625482654e-01 0.000000000000000000e+00 7.179999999999999716e+01
2.129351699260401798e+00 3.894354889112519036e+00 0.000000000000000000e+00 2.891901969063859212e-02 2.040029883625527063e-01 0.000000000000000000e+00 7.190000000000000568e+01
2.132243601229465657e+00 3.914755187948774307e+00 0.000000000000000000e+00 2.891901969063859212e-02 2.040029883625527063e-01 0.000000000000000000e+00 7.200000000000000000e+01
2.135098191824268632e+00 3.934847669844123708e+00 0.000000000000000000e+00 2.854590594802974834e-02 2.009248189534940110e-01 0.000000000000000000e+00 7.210000000000000853e+01
2.137796759079299225e+00 3.953652967117891937e+00 0.000000000000000000e+00 2.698567255030592804e-02 1.880529727376822891e-01 0.000000000000000000e+00 7.220000000000000284e+01
2.140495326334329818e+00 3.972458264391660610e+00 0.000000000000000000e+00 2.698567255030592804e-02 1.880529727376867299e-01 0.000000000000000000e+00 7.229999999999999716e+01
2.143193893589360410e+00 3.991263561665428838e+00 0.000000000000000000e+00 2.698567255030592804e-02 1.880529727376822891e-01 0.000000000000000000e+00 7.240000000000000568e+01
2.145892460844391003e+00 4.010068858939197511e+00 0.000000000000000000e+00 2.698567255030592804e-02 1.880529727376867299e-01 0.000000000000000000e+00 7.250000000000000000e+01
2.148935541434743079e+00 4.031232040313015297e+00 0.000000000000000000e+00 3.043080590352076342e-02 2.116318137381778541e-01 0.000000000000000000e+00 7.260000000000000853e+01
2.152050155337524640e+00 4.052884802909701101e+00 0.000000000000000000e+00 3.114613902781560029e-02 2.165276259668580394e-01 0.000000000000000000e+00 7.270000000000000284e+01
2.155164769240306644e+00 4.074537565506387793e+00 0.000000000000000000e+00 3.114613902782004118e-02 2.165276259668669212e-01 0.000000000000000000e+00 7.279999999999999716e+01
2.158279383143088204e+00 4.096190328103073597e+00 0.000000000000000000e+00 3.114613902781560029e-02 2.165276259668580394e-01 0.000000000000000000e+00 7.290000000000000568e+01
2.161393997045869764e+00 4.117843090699759401e+00 0.000000000000000000e+00 3.114613902781560029e-02 2.165276259668580394e-01 0.000000000000000000e+00 7.300000000000000000e+01
2.164309879268386805e+00 4.138061263525480094e+00 0.000000000000000000e+00 2.915882222517041100e-02 2.021817282572069274e-01 0.000000000000000000e+00 7.310000000000000853e+01
2.167045577758588859e+00 4.156978739155215763e+00 0.000000000000000000e+00 2.735698490202054245e-02 1.891747562973566943e-01 0.000000000000000000e+00 7.320000000000000284e+01
2.169781276248790913e+00 4.175896214784951432e+00 0.000000000000000000e+00 2.735698490202054245e-02 1.891747562973566943e-01 0.000000000000000000e+00 7.329999999999999716e+01
2.172516974738992968e+00 4.194813690414687990e+00 0.000000000000000000e+00 2.735698490202054245e-02 1.891747562973655761e-01 0.000000000000000000e+00 7.340000000000000568e+01
2.175261954017962740e+00 4.213813832358159317e+00 0.000000000000000000e+00 2.744979278969772452e-02 1.900014194347132701e-01 0.000000000000000000e+00 7.350000000000000000e+01
2.178072477449799926e+00 4.233397792513660995e+00 0.000000000000000000e+00 2.810523431837186337e-02 1.958396015550167846e-01 0.000000000000000000e+00 7.360000000000000853e+01
2.180883000881637557e+00 4.252981752669163562e+00 0.000000000000000000e+00 2.810523431837630426e-02 1.958396015550256664e-01 0.000000000000000000e+00 7.370000000000000284e+01
2.183693524313474743e+00 4.272565712824665241e+00 0.000000000000000000e+00 2.810523431837186337e-02 1.958396015550167846e-01 0.000000000000000000e+00 7.379999999999999716e+01
2.186504047745312374e+00 4.292149672980167807e+00 0.000000000000000000e+00 2.810523431837630426e-02 1.958396015550256664e-01 0.000000000000000000e+00 7.390000000000000568e+01
2.189680292698836794e+00 4.312730567971951423e+00 0.000000000000000000e+00 3.176244953524420822e-02 2.058089499178361592e-01 0.000000000000000000e+00 7.400000000000000000e+01
2.193235264438067933e+00 4.334343849366272927e+00 0.000000000000000000e+00 3.554971739231138628e-02 2.161328139432150408e-01 0.000000000000000000e+00 7.410000000000000853e+01
2.196790236177299072e+00 4.355957130760593543e+00 0.000000000000000000e+00 3.554971739231138628e-02 2.161328139432061590e-01 0.000000000000000000e+00 7.420000000000000284e+01
2.200345207916530210e+00 4.377570412154914159e+00 0.000000000000000000e+00 3.554971739231138628e-02 2.161328139432061590e-01 0.000000000000000000e+00 7.429999999999999716e+01
2.203900179655761793e+00 4.399183693549234775e+00 0.000000000000000000e+00 3.554971739231582717e-02 2.161328139432061590e-01 0.000000000000000000e+00 7.440000000000000568e+01
2.208891468172101913e+00 4.419680949231044487e+00 0.000000000000000000e+00 4.991288516340119941e-02 2.049725568180971180e-01 0.000000000000000000e+00 7.450000000000000000e+01
2.216606194242725980e+00 4.438062079566800655e+00 0.000000000000000000e+00 7.714726070624067233e-02 1.838113033575616839e-01 0.000000000000000000e+00 7.460000000000000853e+01
2.224320920313350047e+00 4.456443209902557712e+00 0.000000000000000000e+00 7.714726070624067233e-02 1.838113033575705657e-01 0.000000000000000000e+00 7.470000000000000284e+01
2.232035646383974115e+00 4.474824340238314768e+00 0.000000000000000000e+00 7.714726070624067233e-02 1.838113033575705657e-01 0.000000000000000000e+00 7.479999999999999716e+01
2.239750372454597738e+00 4.493205470574071825e+00 0.000000000000000000e+00 7.714726070623623144e-02 1.838113033575705657e-01 0.000000000000000000e+00 7.490000000000000568e+01
2.247557487940706089e+00 4.511829084645991195e+00 0.000000000000000000e+00 7.807115486108351377e-02 1.862361407191936991e-01 0.000000000000000000e+00 7.500000000000000000e+01
2.255408014998252053e+00 4.530566636012347992e+00 0.000000000000000000e+00 7.850527057545964027e-02 1.873755136635679719e-01 0.000000000000000000e+00 7.510000000000000853e+01
2.263258542055797573e+00 4.549304187378704789e+00 0.000000000000000000e+00 7.850527057545519938e-02 1.873755136635679719e-01 0.000000000000000000e+00 7.520000000000000284e+01
2.271109069113343537e+00 4.568041738745060698e+00 0.000000000000000000e+00 7.850527057545964027e-02 1.873755136635590901e-01 0.000000000000000000e+00 7.529999999999999716e+01
2.278959596170889501e+00 4.586779290111417495e+00 0.000000000000000000e+00 7.850527057545964027e-02 1.873755136635679719e-01 0.000000000000000000e+00 7.540000000000000568e+01
2.286941234232849229e+00 4.606354476585857505e+00 0.000000000000000000e+00 7.981638061959728248e-02 1.957518647444000948e-01 0.000000000000000000e+00 7.550000000000000000e+01
2.294932671840001603e+00 4.625992269880628172e+00 0.000000000000000000e+00 7.991437607152374056e-02 1.963779329477066682e-01 0.000000000000000000e+00 7.560000000000000853e+01
2.302924109447154422e+00 4.645630063175397950e+00 0.000000000000000000e+00 7.991437607152818146e-02 1.963779329476977864e-01 0.000000000000000000e+00 7.570000000000000284e+01
2.310915547054306796e+00 4.665267856470167729e+00 0.000000000000000000e+00 7.991437607152374056e-02 1.963779329476977864e-01 0.000000000000000000e+00 7.579999999999999716e+01
2.318906984661459614e+00 4.684905649764938396e+00 0.000000000000000000e+00 7.991437607152818146e-02 1.963779329477066682e-01 0.000000000000000000e+00 7.590000000000000568e+01
2.326787816411124865e+00 4.704737063444299316e+00 0.000000000000000000e+00 7.880831749665251351e-02 1.983141367936092081e-01 0.000000000000000000e+00 7.600000000000000000e+01
2.334665930064669936e+00 4.724573235269639682e+00 0.000000000000000000e+00 7.878113653545071315e-02 1.983617182534036516e-01 0.000000000000000000e+00 7.610000000000000853e+01
2.342544043718215452e+00 4.744409407094980047e+00 0.000000000000000000e+00 7.878113653545515405e-02 1.983617182534036516e-01 0.000000000000000000e+00 7.620000000000000284e+01
2.350422157371760967e+00 4.764245578920320412e+00 0.000000000000000000e+00 7.878113653545515405e-02 1.983617182534036516e-01 0.000000000000000000e+00 7.629999999999999716e+01
2.358300271025306483e+00 4.784081750745660777e+00 0.000000000000000000e+00 7.878113653545515405e-02 1.983617182534036516e-01 0.000000000000000000e+00 7.640000000000000568e+01
2.365764059489547932e+00 4.803146916068462779e+00 0.000000000000000000e+00 7.463788464241449816e-02 1.906516532280200238e-01 0.000000000000000000e+00 7.650000000000000000e+01
2.373222438856075200e+00 4.822202015748097814e+00 0.000000000000000000e+00 7.458379366527267962e-02 1.905509967963503470e-01 0.000000000000000000e+00 7.660000000000000853e+01
2.380680818222602912e+00 4.841257115427732849e+00 0.000000000000000000e+00 7.458379366527712051e-02 1.905509967963503470e-01 0.000000000000000000e+00 7.670000000000000284e+01
2.388139197589130180e+00 4.860312215107367884e+00 0.000000000000000000e+00 7.458379366527267962e-02 1.905509967963503470e-01 0.000000000000000000e+00 7.680000000000001137e+01
2.395448311345578674e+00 4.879027392795894258e+00 0.000000000000000000e+00 7.309113756448493149e-02 1.871517768852637431e-01 0.000000000000000000e+00 7.690000000000000568e+01
2.402088059685131505e+00 4.896218227233684495e+00 0.000000000000000000e+00 6.639748339552831169e-02 1.719083443779023668e-01 0.000000000000000000e+00 7.700000000000000000e+01
2.408727808024684336e+00 4.913409061671474731e+00 0.000000000000000000e+00 6.639748339552831169e-02 1.719083443779023668e-01 0.000000000000000000e+00 7.710000000000000853e+01
2.415367556364237167e+00 4.930599896109264968e+00 0.000000000000000000e+00 6.639748339552831169e-02 1.719083443779023668e-01 0.000000000000000000e+00 7.720000000000000284e+01
2.422007304703789998e+00 4.947790730547055205e+00 0.000000000000000000e+00 6.639748339552831169e-02 1.719083443779023668e-01 0.000000000000000000e+00 7.730000000000001137e+01
2.428710165875032523e+00 4.965392937316619459e+00 0.000000000000000000e+00 6.702861171242524563e-02 1.760220676956425478e-01 0.000000000000000000e+00 7.740000000000000568e+01
2.435420262667171265e+00 4.983042306195059723e+00 0.000000000000000000e+00 6.710096792138742217e-02 1.764936887844026359e-01 0.000000000000000000e+00 7.750000000000000000e+01
2.442130359459309563e+00 5.000691675073499987e+00 0.000000000000000000e+00 6.710096792138298127e-02 1.764936887844026359e-01 0.000000000000000000e+00 7.760000000000000853e+01
2.448840456251447861e+00 5.018341043951940250e+00 0.000000000000000000e+00 6.710096792138298127e-02 1.764936887844026359e-01 0.000000000000000000e+00 7.770000000000000284e+01
2.455582644070110288e+00 5.036247686010342228e+00 0.000000000000000000e+00 6.742187818662426224e-02 1.790664205840197809e-01 0.000000000000000000e+00 7.780000000000001137e+01
2.462359209564198181e+00 5.054429933271646469e+00 0.000000000000000000e+00 6.776565494087893882e-02 1.818224726130424074e-01 0.000000000000000000e+00 7.790000000000000568e+01
2.469135775058286075e+00 5.072612180532951598e+00 0.000000000000000000e+00 6.776565494087893882e-02 1.818224726130512892e-01 0.000000000000000000e+00 7.800000000000000000e+01
2.475912340552373969e+00 5.090794427794255839e+00 0.000000000000000000e+00 6.776565494087893882e-02 1.818224726130424074e-01 0.000000000000000000e+00 7.810000000000000853e+01
2.482688906046461863e+00 5.108976675055560968e+00 0.000000000000000000e+00 6.776565494087893882e-02 1.818224726130512892e-01 0.000000000000000000e+00 7.820000000000000284e+01
2.488986120205016306e+00 5.125809760563199369e+00 0.000000000000000000e+00 6.297214158554442776e-02 1.683308550763840117e-01 0.000000000000000000e+00 7.830000000000001137e+01
2.495255356019888460e+00 5.142564099422131108e+00 0.000000000000000000e+00 6.269235814872153867e-02 1.675433885893173880e-01 0.000000000000000000e+00 7.840000000000000568e+01
2.501524591834760614e+00 5.159318438281061958e+00 0.000000000000000000e+00 6.269235814872153867e-02 1.675433885893085062e-01 0.000000000000000000e+00 7.850000000000000000e+01
2.507793827649632767e+00 5.176072777139993697e+00 0.000000000000000000e+00 6.269235814872153867e-02 1.675433885893173880e-01 0.000000000000000000e+00 7.860000000000000853e+01
2.514439818805809246e+00 5.194355964170221718e+00 0.000000000000000000e+00 6.645991156176478398e-02 1.828318703022802083e-01 0.000000000000000000e+00 7.870000000000000284e+01
2.521201592399316738e+00 5.213108988647131348e+00 0.000000000000000000e+00 6.761773593507491853e-02 1.875302447690962993e-01 0.000000000000000000e+00 7.880000000000001137e+01
2.527963365992823785e+00 5.231862013124040978e+00 0.000000000000000000e+00 6.761773593507047764e-02 1.875302447690962993e-01 0.000000000000000000e+00 7.890000000000000568e+01
2.534725139586331277e+00 5.250615037600951496e+00 0.000000000000000000e+00 6.761773593507491853e-02 1.875302447691051810e-01 0.000000000000000000e+00 7.900000000000000000e+01
2.541468759768362506e+00 5.269320786361276099e+00 0.000000000000000000e+00 6.743620182031229149e-02 1.870574876032460310e-01 0.000000000000000000e+00 7.910000000000000853e+01
2.547555758745918109e+00 5.286316540391047702e+00 0.000000000000000000e+00 6.086998977555602153e-02 1.699575402977160365e-01 0.000000000000000000e+00 7.920000000000000284e+01
2.553642757723473711e+00 5.303312294420818418e+00 0.000000000000000000e+00 6.086998977555602153e-02 1.699575402977071548e-01 0.000000000000000000e+00 7.930000000000001137e+01
2.559729756701029313e+00 5.320308048450590022e+00 0.000000000000000000e+00 6.086998977555602153e-02 1.699575402977160365e-01 0.000000000000000000e+00 7.940000000000000568e+01
2.565816755678584915e+00 5.337303802480360737e+00 0.000000000000000000e+00 6.086998977555602153e-02 1.699575402977071548e-01 0.000000000000000000e+00 7.950000000000000000e+01
2.571686778548930352e+00 5.353782448943801953e+00 0.000000000000000000e+00 5.870022870345437127e-02 1.647864646344121553e-01 0.000000000000000000e+00 7.960000000000000853e+01
2.577500560744787617e+00 5.370127060011885334e+00 0.000000000000000000e+00 5.813782195857264412e-02 1.634461106808338116e-01 0.000000000000000000e+00 7.970000000000000284e+01
2.583314342940645325e+00 5.386471671079967827e+00 0.000000000000000000e+00 5.813782195857708501e-02 1.634461106808249298e-01 0.000000000000000000e+00 7.980000000000001137e+01
2.589128125136502589e+00 5.402816282148051208e+00 0.000000000000000000e+00 5.813782195857264412e-02 1.634461106808338116e-01 0.000000000000000000e+00 7.990000000000000568e+01
2.595018635541518126e+00 5.419239749141216755e+00 0.000000000000000000e+00 5.890510405015536577e-02 1.642346699316554748e-01 0.000000000000000000e+00 8.000000000000000000e+01
2.600938921010336191e+00 5.435693816877267714e+00 0.000000000000000000e+00 5.920285468818065056e-02 1.645406773605095907e-01 0.000000000000000000e+00 8.010000000000000853e+01
2.606859206479154256e+00 5.452147884613318674e+00 0.000000000000000000e+00 5.920285468818065056e-02 1.645406773605095907e-01 0.000000000000000000e+00 8.020000000000000284e+01
2.612779491947971877e+00 5.468601952349369633e+00 0.000000000000000000e+00 5.920285468817620966e-02 1.645406773605095907e-01 0.000000000000000000e+00 8.030000000000001137e+01
2.618530477372627452e+00 5.484870458785405134e+00 0.000000000000000000e+00 5.750985424655574718e-02 1.626850643603550139e-01 0.000000000000000000e+00 8.040000000000000568e+01
2.624159510933074646e+00 5.501005299890320721e+00 0.000000000000000000e+00 5.629033560447194162e-02 1.613484110491558710e-01 0.000000000000000000e+00 8.050000000000000000e+01
2.629788544493522284e+00 5.517140140995235420e+00 0.000000000000000000e+00 5.629033560447638251e-02 1.613484110491469892e-01 0.000000000000000000e+00 8.060000000000000853e+01
2.635417578053969478e+00 5.533274982100151007e+00 0.000000000000000000e+00 5.629033560447194162e-02 1.613484110491558710e-01 0.000000000000000000e+00 8.070000000000000284e+01
2.638867751262364614e+00 5.549924043528667639e+00 0.000000000000000000e+00 3.450173208395135305e-02 1.664906142851663162e-01 0.000000000000000000e+00 8.080000000000001137e+01
2.640018274739824644e+00 5.567115832088685323e+00 0.000000000000000000e+00 1.150523477460030364e-02 1.719178856001768452e-01 0.000000000000000000e+00 8.090000000000000568e+01
2.641168798217284674e+00 5.584307620648702120e+00 0.000000000000000000e+00 1.150523477460030364e-02 1.719178856001679634e-01 0.000000000000000000e+00 8.100000000000000000e+01
2.642319321694744705e+00 5.601499409208719804e+00 0.000000000000000000e+00 1.150523477460030364e-02 1.719178856001768452e-01 0.000000000000000000e+00 8.110000000000000853e+01
2.641578851756721136e+00 5.618424581522913464e+00 0.000000000000000000e+00 -7.404699380235690853e-03 1.692517231419365942e-01 0.000000000000000000e+00 8.120000000000000284e+01
2.631679442172196293e+00 5.634058410311379994e+00 0.000000000000000000e+00 -9.899409584524843098e-02 1.563382878846653057e-01 0.000000000000000000e+00 8.130000000000001137e+01
2.621780032587671450e+00 5.649692239099846525e+00 0.000000000000000000e+00 -9.899409584524843098e-02 1.563382878846653057e-01 0.000000000000000000e+00 8.140000000000000568e+01
2.611880623003146606e+00 5.665326067888313055e+00 0.000000000000000000e+00 -9.899409584524843098e-02 1.563382878846653057e-01 0.000000000000000000e+00 8.150000000000000000e+01
2.601981213418621763e+00 5.680959896676778698e+00 0.000000000000000000e+00 -9.899409584524843098e-02 1.563382878846564239e-01 0.000000000000000000e+00 8.160000000000000853e+01
2.588098457431060151e+00 5.696031337938145533e+00 0.000000000000000000e+00 -1.388275598756161244e-01 1.507144126136683582e-01 0.000000000000000000e+00 8.170000000000000284e+01
2.572863641595358963e+00 5.710911889048982282e+00 0.000000000000000000e+00 -1.523481583570118758e-01 1.488055111083674831e-01 0.000000000000000000e+00 8.180000000000001137e+01
2.557628825759657776e+00 5.725792440159819030e+00 0.000000000000000000e+00 -1.523481583570118758e-01 1.488055111083674831e-01 0.000000000000000000e+00 8.190000000000000568e+01
2.542394009923957032e+00 5.740672991270655778e+00 0.000000000000000000e+00 -1.523481583570074349e-01 1.488055111083674831e-01 0.000000000000000000e+00 8.200000000000000000e+01
2.527159194088255845e+00 5.755553542381493415e+00 0.000000000000000000e+00 -1.523481583570118758e-01 1.488055111083763649e-01 0.000000000000000000e+00 8.210000000000000853e+01
2.512611623996461319e+00 5.769939943220591339e+00 0.000000000000000000e+00 -1.454757009179452609e-01 1.438640083909792367e-01 0.000000000000000000e+00 8.220000000000000284e+01
2.498905276376530704e+00 5.783721479909202934e+00 0.000000000000000000e+00 -1.370634761993061446e-01 1.378153668861159531e-01 0.000000000000000000e+00 8.230000000000001137e+01
2.485198928756600534e+00 5.797503016597814529e+00 0.000000000000000000e+00 -1.370634761993017037e-01 1.378153668861159531e-01 0.000000000000000000e+00 8.240000000000000568e+01
2.471492581136669919e+00 5.811284553286425236e+00 0.000000000000000000e+00 -1.370634761993061446e-01 1.378153668861070713e-01 0.000000000000000000e+00 8.250000000000000000e+01
2.457786233516739305e+00 5.825066089975036832e+00 0.000000000000000000e+00 -1.370634761993061446e-01 1.378153668861159531e-01 0.000000000000000000e+00 8.260000000000000853e+01
2.443871389478324829e+00 5.838866885412370422e+00 0.000000000000000000e+00 -1.391484403841447559e-01 1.380079543733359060e-01 0.000000000000000000e+00 8.270000000000000284e+01
2.429938128416705201e+00 5.852669382024354938e+00 0.000000000000000000e+00 -1.393326106161962841e-01 1.380249661198451605e-01 0.000000000000000000e+00 8.280000000000001137e+01
2.416004867355085572e+00 5.866471878636340342e+00 0.000000000000000000e+00 -1.393326106161962841e-01 1.380249661198540423e-01 0.000000000000000000e+00 8.290000000000000568e+01
2.402071606293465944e+00 5.880274375248325747e+00 0.000000000000000000e+00 -1.393326106161962841e-01 1.380249661198540423e-01 0.000000000000000000e+00 8.300000000000000000e+01
2.387961498526070869e+00 5.894256277413743916e+00 0.000000000000000000e+00 -1.411010776739507477e-01 1.398190216541816966e-01 0.000000000000000000e+00 8.310000000000000853e+01
2.373506751688992722e+00 5.908587805334193810e+00 0.000000000000000000e+00 -1.445474683707814734e-01 1.433152792044989354e-01 0.000000000000000000e+00 8.320000000000000284e+01
2.359052004851915019e+00 5.922919333254642815e+00 0.000000000000000000e+00 -1.445474683707770325e-01 1.433152792044900536e-01 0.000000000000000000e+00 8.330000000000001137e+01
2.344597258014836871e+00 5.937250861175091821e+00 0.000000000000000000e+00 -1.445474683707814734e-01 1.433152792044900536e-01 0.000000000000000000e+00 8.340000000000000568e+01
2.330142511177759168e+00 5.951582389095540826e+00 0.000000000000000000e+00 -1.445474683707770325e-01 1.433152792044900536e-01 0.000000000000000000e+00 8.350000000000000000e+01
2.315623673569032981e+00 5.965988505228307481e+00 0.000000000000000000e+00 -1.451883760872618723e-01 1.440611613276665537e-01 0.000000000000000000e+00 8.360000000000000853e+01
2.301058205132525902e+00 5.980448889861726514e+00 0.000000000000000000e+00 -1.456546843650707856e-01 1.446038463341903224e-01 0.000000000000000000e+00 8.370000000000000284e+01
2.286492736696019268e+00 5.994909274495144658e+00 0.000000000000000000e+00 -1.456546843650663448e-01 1.446038463341814406e-01 0.000000000000000000e+00 8.380000000000001137e+01
2.271927268259512189e+00 6.009369659128563690e+00 0.000000000000000000e+00 -1.456546843650707856e-01 1.446038463341903224e-01 0.000000000000000000e+00 8.390000000000000568e+01
2.257361799823005111e+00 6.023830043761982722e+00 0.000000000000000000e+00 -1.456546843650707856e-01 1.446038463341903224e-01 0.000000000000000000e+00 8.400000000000000000e+01
2.243105424201270015e+00 6.037999058861550417e+00 0.000000000000000000e+00 -1.425637562173509565e-01 1.416901509956769445e-01 0.000000000000000000e+00 8.410000000000000853e+01
2.228938519708143939e+00 6.052083733077764371e+00 0.000000000000000000e+00 -1.416690449312607569e-01 1.408467421621395488e-01 0.000000000000000000e+00 8.420000000000000284e+01
2.214771615215017864e+00 6.066168407293979215e+00 0.000000000000000000e+00 -1.416690449312607569e-01 1.408467421621484306e-01 0.000000000000000000e+00 8.430000000000001137e+01
2.200604710721891788e+00 6.080253081510193169e+00 0.000000000000000000e+00 -1.416690449312607569e-01 1.408467421621395488e-01 0.000000000000000000e+00 8.440000000000000568e+01
2.186559145326264719e+00 6.094217997698909706e+00 0.000000000000000000e+00 -1.404556539562706874e-01 1.396491618871653628e-01 0.000000000000000000e+00 8.450000000000000000e+01
2.173671229529486215e+00 6.107040348668751228e+00 0.000000000000000000e+00 -1.288791579677850407e-01 1.282235096984152278e-01 0.000000000000000000e+00 8.460000000000000853e+01
2.160783313732707267e+00 6.119862699638592751e+00 0.000000000000000000e+00 -1.288791579677894816e-01 1.282235096984152278e-01 0.000000000000000000e+00 8.470000000000000284e+01
2.147895397935928763e+00 6.132685050608434274e+00 0.000000000000000000e+00 -1.288791579677850407e-01 1.282235096984152278e-01 0.000000000000000000e+00 8.480000000000001137e+01
2.135007482139150259e+00 6.145507401578275797e+00 0.000000000000000000e+00 -1.288791579677850407e-01 1.282235096984152278e-01 0.000000000000000000e+00 8.490000000000000568e+01
2.121325073315386334e+00 6.159147994631085865e+00 0.000000000000000000e+00 -1.368240882376392520e-01 1.364059305281006829e-01 0.000000000000000000e+00 8.500000000000000000e+01
2.107486607722094174e+00 6.172949309316209998e+00 0.000000000000000000e+00 -1.383846559329215964e-01 1.380131468512413306e-01 0.000000000000000000e+00 8.510000000000000853e+01
2.093648142128802014e+00 6.186750624001335019e+00 0.000000000000000000e+00 -1.383846559329215964e-01 1.380131468512502124e-01 0.000000000000000000e+00 8.520000000000000284e+01
2.079809676535509855e+00 6.200551938686460041e+00 0.000000000000000000e+00 -1.383846559329215964e-01 1.380131468512502124e-01 0.000000000000000000e+00 8.530000000000001137e+01
2.066157221019315759e+00 6.214170276155419614e+00 0.000000000000000000e+00 -1.365245551619409525e-01 1.361833746895957376e-01 0.000000000000000000e+00 8.540000000000000568e+01
2.053049581958874548e+00 6.227252680303186239e+00 0.000000000000000000e+00 -1.310763906044121185e-01 1.308240414776662419e-01 0.000000000000000000e+00 8.550000000000000000e+01
2.039941942898433336e+00 6.240335084450951975e+00 0.000000000000000000e+00 -1.310763906044121185e-01 1.308240414776573601e-01 0.000000000000000000e+00 8.560000000000000853e+01
2.026834303837992568e+00 6.253417488598718599e+00 0.000000000000000000e+00 -1.310763906044076776e-01 1.308240414776662419e-01 0.000000000000000000e+00 8.570000000000000284e+01
2.013726664777551356e+00 6.266499892746484335e+00 0.000000000000000000e+00 -1.310763906044121185e-01 1.308240414776573601e-01 0.000000000000000000e+00 8.580000000000001137e+01
1.999842918164664640e+00 6.280392420665385167e+00 0.000000000000000000e+00 -1.388374661288671597e-01 1.389252791890083216e-01 0.000000000000000000e+00 8.590000000000000568e+01
1.985885479251036756e+00 6.294361870763939493e+00 0.000000000000000000e+00 -1.395743891362788425e-01 1.396945009855432573e-01 0.000000000000000000e+00 8.600000000000000000e+01
1.971928040337408872e+00 6.308331320862494707e+00 0.000000000000000000e+00 -1.395743891362788425e-01 1.396945009855521391e-01 0.000000000000000000e+00 8.610000000000000853e+01
1.957970601423780987e+00 6.322300770961049032e+00 0.000000000000000000e+00 -1.395743891362788425e-01 1.396945009855432573e-01 0.000000000000000000e+00 8.620000000000000284e+01
1.944222679869322956e+00 6.336062288360622574e+00 0.000000000000000000e+00 -1.374792155445803132e-01 1.376151739957354181e-01 0.000000000000000000e+00 8.630000000000001137e+01
1.931003852636322904e+00 6.349298713182129461e+00 0.000000000000000000e+00 -1.321882723300005225e-01 1.323642482150688693e-01 0.000000000000000000e+00 8.640000000000000568e+01
1.917785025403323074e+00 6.362535138003636348e+00 0.000000000000000000e+00 -1.321882723299983020e-01 1.323642482150688693e-01 0.000000000000000000e+00 8.650000000000000000e+01
1.904566198170323243e+00 6.375771562825143235e+00 0.000000000000000000e+00 -1.321882723299983020e-01 1.323642482150688693e-01 0.000000000000000000e+00 8.660000000000000853e+01
1.891347370937323191e+00 6.389007987646650122e+00 0.000000000000000000e+00 -1.321882723300005225e-01 1.323642482150688693e-01 0.000000000000000000e+00 8.670000000000000284e+01
1.877612932666913093e+00 6.402809370920728327e+00 0.000000000000000000e+00 -1.373443827041009868e-01 1.380138327407820498e-01 0.000000000000000000e+00 8.680000000000001137e+01
1.863819715609179140e+00 6.416675158504102860e+00 0.000000000000000000e+00 -1.379321705773395301e-01 1.386578758337453365e-01 0.000000000000000000e+00 8.690000000000000568e+01
1.850026498551445187e+00 6.430540946087478282e+00 0.000000000000000000e+00 -1.379321705773395301e-01 1.386578758337542183e-01 0.000000000000000000e+00 8.700000000000000000e+01
1.836233281493711234e+00 6.444406733670853704e+00 0.000000000000000000e+00 -1.379321705773395301e-01 1.386578758337542183e-01 0.000000000000000000e+00 8.710000000000000853e+01
1.821823004573885685e+00 6.458914972968082147e+00 0.000000000000000000e+00 -1.441027691982554870e-01 1.450823929722844241e-01 0.000000000000000000e+00 8.720000000000000284e+01
1.806256342541923798e+00 6.474627182322038266e+00 0.000000000000000000e+00 -1.556666203196188647e-01 1.571220935395611917e-01 0.000000000000000000e+00 8.730000000000001137e+01
1.790689680509961690e+00 6.490339391675994385e+00 0.000000000000000000e+00 -1.556666203196210851e-01 1.571220935395611917e-01 0.000000000000000000e+00 8.740000000000000568e+01
1.775123018477999581e+00 6.506051601029949616e+00 0.000000000000000000e+00 -1.556666203196210851e-01 1.571220935395523099e-01 0.000000000000000000e+00 8.750000000000000000e+01
1.759556356446037473e+00 6.521763810383905735e+00 0.000000000000000000e+00 -1.556666203196210851e-01 1.571220935395611917e-01 0.000000000000000000e+00 8.760000000000000853e+01
1.744184807639047374e+00 6.537278434554754547e+00 0.000000000000000000e+00 -1.537154880699009851e-01 1.551462417084881196e-01 0.000000000000000000e+00 8.770000000000000284e+01
1.730368736923934891e+00 6.551217873734180408e+00 0.000000000000000000e+00 -1.381607071511248286e-01 1.393943917942586097e-01 0.000000000000000000e+00 8.780000000000001137e+01
1.716552666208822187e+00 6.565157312913607157e+00 0.000000000000000000e+00 -1.381607071511270490e-01 1.393943917942674915e-01 0.000000000000000000e+00 8.790000000000000568e+01
1.702736595493709704e+00 6.579096752093033018e+00 0.000000000000000000e+00 -1.381607071511248286e-01 1.393943917942586097e-01 0.000000000000000000e+00 8.800000000000000000e+01
1.688920524778596999e+00 6.593036191272459767e+00 0.000000000000000000e+00 -1.381607071511270490e-01 1.393943917942674915e-01 0.000000000000000000e+00 8.810000000000000853e+01
1.675509787620461211e+00 6.606564160602404812e+00 0.000000000000000000e+00 -1.341073715813578815e-01 1.352796932994504431e-01 0.000000000000000000e+00 8.820000000000000284e+01
1.662468508334485451e+00 6.619717078885056338e+00 0.000000000000000000e+00 -1.304127928597575981e-01 1.315291828265152674e-01 0.000000000000000000e+00 8.830000000000001137e+01
1.649427229048509691e+00 6.632869997167708753e+00 0.000000000000000000e+00 -1.304127928597575981e-01 1.315291828265241492e-01 0.000000000000000000e+00 8.840000000000000568e+01
1.636385949762533931e+00 6.646022915450360280e+00 0.000000000000000000e+00 -1.304127928597575981e-01 1.315291828265152674e-01 0.000000000000000000e+00 8.850000000000000000e+01
1.623143073258212832e+00 6.659391310654575236e+00 0.000000000000000000e+00 -1.324287650432109942e-01 1.336839520421495564e-01 0.000000000000000000e+00 8.860000000000000853e+01
1.608989705083301969e+00 6.673732883682861328e+00 0.000000000000000000e+00 -1.415336817491086308e-01 1.434157302828609204e-01 0.000000000000000000e+00 8.870000000000000284e+01
1.594836336908390884e+00 6.688074456711146532e+00 0.000000000000000000e+00 -1.415336817491108512e-01 1.434157302828520386e-01 0.000000000000000000e+00 8.880000000000001137e+01
1.580682968733479798e+00 6.702416029739431735e+00 0.000000000000000000e+00 -1.415336817491108512e-01 1.434157302828520386e-01 0.000000000000000000e+00 8.890000000000000568e+01
1.566529600558568713e+00 6.716757602767716939e+00 0.000000000000000000e+00 -1.415336817491108512e-01 1.434157302828520386e-01 0.000000000000000000e+00 8.900000000000000000e+01
1.552310370072782053e+00 6.731190130620403167e+00 0.000000000000000000e+00 -1.421923048578666027e-01 1.443252785268622773e-01 0.000000000000000000e+00 8.910000000000000853e+01
1.538013485487480958e+00 6.745729897573744971e+00 0.000000000000000000e+00 -1.429688458530109507e-01 1.453976695334180391e-01 0.000000000000000000e+00 8.920000000000000284e+01
1.523716600902179863e+00 6.760269664527085887e+00 0.000000000000000000e+00 -1.429688458530109507e-01 1.453976695334091573e-01 0.000000000000000000e+00 8.930000000000001137e+01
1.509419716316878768e+00 6.774809431480427691e+00 0.000000000000000000e+00 -1.429688458530109507e-01 1.453976695334180391e-01 0.000000000000000000e+00 8.940000000000000568e+01
1.495122831731577673e+00 6.789349198433768606e+00 0.000000000000000000e+00 -1.429688458530109507e-01 1.453976695334091573e-01 0.000000000000000000e+00 8.950000000000000000e+01
1.479571090271610379e+00 6.805312513026197330e+00 0.000000000000000000e+00 -1.555174145996729429e-01 1.596331459242872342e-01 0.000000000000000000e+00 8.960000000000000853e+01
1.463516901354869670e+00 6.821845819229059416e+00 0.000000000000000000e+00 -1.605418891674070814e-01 1.653330620286208585e-01 0.000000000000000000e+00 8.970000000000000284e+01
1.447462712438128962e+00 6.838379125431921501e+00 0.000000000000000000e+00 -1.605418891674070814e-01 1.653330620286208585e-01 0.000000000000000000e+00 8.980000000000001137e+01
1.431408523521388254e+00 6.854912431634784475e+00 0.000000000000000000e+00 -1.605418891674070814e-01 1.653330620286297403e-01 0.000000000000000000e+00 8.990000000000000568e+01
1.415354334604647546e+00 6.871445737837646561e+00 0.000000000000000000e+00 -1.605418891674070814e-01 1.653330620286208585e-01 0.000000000000000000e+00 9.000000000000000000e+01
1.400432640997266942e+00 6.887952833055682511e+00 0.000000000000000000e+00 -1.492169360738060391e-01 1.650709521803594981e-01 0.000000000000000000e+00 9.010000000000000853e+01
1.388400207279548937e+00 6.904393057933063460e+00 0.000000000000000000e+00 -1.203243371771800518e-01 1.644022487738094895e-01 0.000000000000000000e+00 9.020000000000000284e+01
1.376367773561830932e+00 6.920833282810444409e+00 0.000000000000000000e+00 -1.203243371771800518e-01 1.644022487738094895e-01 0.000000000000000000e+00 9.030000000000001137e+01
1.364335339844113149e+00 6.937273507687825358e+00 0.000000000000000000e+00 -1.203243371771778314e-01 1.644022487738094895e-01 0.000000000000000000e+00 9.040000000000000568e+01
1.352302906126395143e+00 6.953713732565207195e+00 0.000000000000000000e+00 -1.203243371771800518e-01 1.644022487738183713e-01 0.000000000000000000e+00 9.050000000000000000e+01
1.340590872630579744e+00 6.969659607328585693e+00 0.000000000000000000e+00 -1.171203349581539932e-01 1.594587476337849807e-01 0.000000000000000000e+00 9.060000000000000853e+01
1.329194326472180387e+00 6.985118712138148389e+00 0.000000000000000000e+00 -1.139654615839935659e-01 1.545910480956269595e-01 0.000000000000000000e+00 9.070000000000000284e+01
1.317797780313780809e+00 7.000577816947711085e+00 0.000000000000000000e+00 -1.139654615839957863e-01 1.545910480956269595e-01 0.000000000000000000e+00 9.080000000000001137e+01
1.306401234155381452e+00 7.016036921757274669e+00 0.000000000000000000e+00 -1.139654615839935659e-01 1.545910480956358413e-01 0.000000000000000000e+00 9.090000000000000568e+01
1.295004519096852214e+00 7.031496151292071062e+00 0.000000000000000000e+00 -1.139671505852923872e-01 1.545922953479639261e-01 0.000000000000000000e+00 9.100000000000000000e+01
1.283400615993663285e+00 7.047108379983366255e+00 0.000000000000000000e+00 -1.160390310318892837e-01 1.561222869129519353e-01 0.000000000000000000e+00 9.110000000000000853e+01
1.271796712890474357e+00 7.062720608674661449e+00 0.000000000000000000e+00 -1.160390310318892837e-01 1.561222869129519353e-01 0.000000000000000000e+00 9.120000000000000284e+01
1.260192809787285428e+00 7.078332837365955754e+00 0.000000000000000000e+00 -1.160390310318892837e-01 1.561222869129430535e-01 0.000000000000000000e+00 9.130000000000001137e+01
1.248588906684096500e+00 7.093945066057250948e+00 0.000000000000000000e+00 -1.160390310318892837e-01 1.561222869129519353e-01 0.000000000000000000e+00 9.140000000000000568e+01
1.236956043202202205e+00 7.109551798571343895e+00 0.000000000000000000e+00 -1.163286348189429553e-01 1.560673251409294693e-01 0.000000000000000000e+00 9.150000000000000000e+01
1.225286716690195732e+00 7.125151611035225763e+00 0.000000000000000000e+00 -1.166932651200647264e-01 1.559981246388186804e-01 0.000000000000000000e+00 9.160000000000000853e+01
1.213617390178189259e+00 7.140751423499106743e+00 0.000000000000000000e+00 -1.166932651200647264e-01 1.559981246388097986e-01 0.000000000000000000e+00 9.170000000000000284e+01
1.201948063666182787e+00 7.156351235962988611e+00 0.000000000000000000e+00 -1.166932651200647264e-01 1.559981246388186804e-01 0.000000000000000000e+00 9.180000000000001137e+01
1.190278737154176314e+00 7.171951048426869590e+00 0.000000000000000000e+00 -1.166932651200647264e-01 1.559981246388097986e-01 0.000000000000000000e+00 9.190000000000000568e+01
1.178132190145594560e+00 7.188046094664979790e+00 0.000000000000000000e+00 -1.214654700858175396e-01 1.609504623811019997e-01 0.000000000000000000e+00 9.200000000000000000e+01
1.165920316202070373e+00 7.204208933683957206e+00 0.000000000000000000e+00 -1.221187394352418742e-01 1.616283901897741515e-01 0.000000000000000000e+00 9.210000000000000853e+01
1.153708442258546185e+00 7.220371772702934621e+00 0.000000000000000000e+00 -1.221187394352418742e-01 1.616283901897741515e-01 0.000000000000000000e+00 9.220000000000000284e+01
1.141496568315022220e+00 7.236534611721912036e+00 0.000000000000000000e+00 -1.221187394352396538e-01 1.616283901897741515e-01 0.000000000000000000e+00 9.230000000000001137e+01
1.129355407598886529e+00 7.252592773629580769e+00 0.000000000000000000e+00 -1.214116071613569048e-01 1.605816190766873319e-01 0.000000000000000000e+00 9.240000000000000568e+01
1.117666065993103475e+00 7.267982105658415293e+00 0.000000000000000000e+00 -1.168934160578305459e-01 1.538933202883452367e-01 0.000000000000000000e+00 9.250000000000000000e+01
1.105976724387320420e+00 7.283371437687249816e+00 0.000000000000000000e+00 -1.168934160578305459e-01 1.538933202883452367e-01 0.000000000000000000e+00 9.260000000000000853e+01
1.094287382781537143e+00 7.298760769716084340e+00 0.000000000000000000e+00 -1.168934160578327663e-01 1.538933202883452367e-01 0.000000000000000000e+00 9.270000000000000284e+01
1.082598041175754089e+00 7.314150101744919752e+00 0.000000000000000000e+00 -1.168934160578305459e-01 1.538933202883541185e-01 0.000000000000000000e+00 9.280000000000001137e+01
1.070724479691641085e+00 7.329700780531473114e+00 0.000000000000000000e+00 -1.187356148411300438e-01 1.555067878655336244e-01 0.000000000000000000e+00 9.290000000000000568e+01
1.058733132300856639e+00 7.345354620683233193e+00 0.000000000000000000e+00 -1.199134739078444589e-01 1.565384015176007892e-01 0.000000000000000000e+00 9.300000000000000000e+01
1.046741784910071971e+00 7.361008460834992384e+00 0.000000000000000000e+00 -1.199134739078466794e-01 1.565384015175919075e-01 0.000000000000000000e+00 9.310000000000000853e+01
1.034750437519287303e+00 7.376662300986751575e+00 0.000000000000000000e+00 -1.199134739078466794e-01 1.565384015175919075e-01 0.000000000000000000e+00 9.320000000000000284e+01
1.022759090128502857e+00 7.392316141138510766e+00 0.000000000000000000e+00 -1.199134739078444589e-01 1.565384015175919075e-01 0.000000000000000000e+00 9.330000000000001137e+01
1.011486578932116798e+00 7.407008016974098830e+00 0.000000000000000000e+00 -1.127251119638605914e-01 1.469187583558806409e-01 0.000000000000000000e+00 9.340000000000000568e+01
1.000219189419395027e+00 7.421693038846346901e+00 0.000000000000000000e+00 -1.126738951272177047e-01 1.468502187224807187e-01 0.000000000000000000e+00 9.350000000000000000e+01
9.889517999066733678e-01 7.436378060718594973e+00 0.000000000000000000e+00 -1.126738951272165945e-01 1.468502187224807187e-01 0.000000000000000000e+00 9.360000000000000853e+01
9.776844103939515973e-01 7.451063082590843045e+00 0.000000000000000000e+00 -1.126738951272177047e-01 1.468502187224807187e-01 0.000000000000000000e+00 9.370000000000000284e+01
9.668521900493622923e-01 7.465134616764108166e+00 0.000000000000000000e+00 -1.083222034458930505e-01 1.407153417326512113e-01 0.000000000000000000e+00 9.380000000000001137e+01
9.562434124105645417e-01 7.478891148493566732e+00 0.000000000000000000e+00 -1.060877763879775060e-01 1.375653172945856539e-01 0.000000000000000000e+00 9.390000000000000568e+01
9.456346347717667911e-01 7.492647680223025297e+00 0.000000000000000000e+00 -1.060877763879775060e-01 1.375653172945856539e-01 0.000000000000000000e+00 9.400000000000000000e+01
9.350258571329690405e-01 7.506404211952483863e+00 0.000000000000000000e+00 -1.060877763879775060e-01 1.375653172945856539e-01 0.000000000000000000e+00 9.410000000000000853e+01
9.237152886084567527e-01 7.520944511186154813e+00 0.000000000000000000e+00 -1.131056852451228778e-01 1.454029923367095023e-01 0.000000000000000000e+00 9.420000000000000284e+01
9.119250442450812510e-01 7.536020517484009140e+00 0.000000000000000000e+00 -1.179024436337550164e-01 1.507600629785432744e-01 0.000000000000000000e+00 9.430000000000001137e+01
9.001347998817057494e-01 7.551096523781863468e+00 0.000000000000000000e+00 -1.179024436337550164e-01 1.507600629785432744e-01 0.000000000000000000e+00 9.440000000000000568e+01
8.883445555183302478e-01 7.566172530079716907e+00 0.000000000000000000e+00 -1.179024436337550164e-01 1.507600629785343926e-01 0.000000000000000000e+00 9.450000000000000000e+01
8.764916021962279036e-01 7.581315224916376216e+00 0.000000000000000000e+00 -1.185295332210234420e-01 1.514269483665930949e-01 0.000000000000000000e+00 9.460000000000000853e+01
8.641475786059482633e-01 7.596980153885126263e+00 0.000000000000000000e+00 -1.234402359027964025e-01 1.566492896875004703e-01 0.000000000000000000e+00 9.470000000000000284e+01
8.518035550156687341e-01 7.612645082853876310e+00 0.000000000000000000e+00 -1.234402359027952922e-01 1.566492896875004703e-01 0.000000000000000000e+00 9.480000000000001137e+01
8.394595314253892049e-01 7.628310011822626358e+00 0.000000000000000000e+00 -1.234402359027952922e-01 1.566492896875004703e-01 0.000000000000000000e+00 9.490000000000000568e+01
8.271155078351095646e-01 7.643974940791377293e+00 0.000000000000000000e+00 -1.234402359027964025e-01 1.566492896875093521e-01 0.000000000000000000e+00 9.500000000000000000e+01
8.151028487225450148e-01 7.659204075029229841e+00 0.000000000000000000e+00 -1.201265911256454988e-01 1.522913423785254849e-01 0.000000000000000000e+00 9.510000000000000853e+01
8.035012805081598319e-01 7.673892562156741093e+00 0.000000000000000000e+00 -1.160156821438518282e-01 1.468848712751125163e-01 0.000000000000000000e+00 9.520000000000000284e+01
7.918997122937747601e-01 7.688581049284253233e+00 0.000000000000000000e+00 -1.160156821438507180e-01 1.468848712751213981e-01 0.000000000000000000e+00 9.530000000000001137e+01
7.802981440793895773e-01 7.703269536411764484e+00 0.000000000000000000e+00 -1.160156821438518282e-01 1.468848712751125163e-01 0.000000000000000000e+00 9.540000000000000568e+01
7.686985606107289426e-01 7.717948352515074717e+00 0.000000000000000000e+00 -1.159958346866063472e-01 1.467881610331023268e-01 0.000000000000000000e+00 9.550000000000000000e+01
7.571271138757773578e-01 7.732490067412274293e+00 0.000000000000000000e+00 -1.157144673495158482e-01 1.454171489719957577e-01 0.000000000000000000e+00 9.560000000000000853e+01
7.455556671408257730e-01 7.747031782309473869e+00 0.000000000000000000e+00 -1.157144673495158482e-01 1.454171489719957577e-01 0.000000000000000000e+00 9.570000000000000284e+01
7.339842204058741881e-01 7.761573497206673444e+00 0.000000000000000000e+00 -1.157144673495158482e-01 1.454171489719957577e-01 0.000000000000000000e+00 9.580000000000001137e+01
7.224127736709226033e-01 7.776115212103873020e+00 0.000000000000000000e+00 -1.157144673495158482e-01 1.454171489719957577e-01 0.000000000000000000e+00 9.590000000000000568e+01
7.105276041296390011e-01 7.790947653595413414e+00 0.000000000000000000e+00 -1.188516954128360226e-01 1.483244149154039349e-01 0.000000000000000000e+00 9.600000000000000000e+01
6.985177911493944958e-01 7.805895602030613389e+00 0.000000000000000000e+00 -1.200981298024450528e-01 1.494794843519997585e-01 0.000000000000000000e+00 9.610000000000000853e+01
6.865079781691498795e-01 7.820843550465814253e+00 0.000000000000000000e+00 -1.200981298024461630e-01 1.494794843520086403e-01 0.000000000000000000e+00 9.620000000000000284e+01
6.744981651889052632e-01 7.835791498901015117e+00 0.000000000000000000e+00 -1.200981298024461630e-01 1.494794843520086403e-01 0.000000000000000000e+00 9.630000000000001137e+01
6.625624101073195327e-01 7.850645424907034986e+00 0.000000000000000000e+00 -1.193575508158573051e-01 1.485392600601986857e-01 0.000000000000000000e+00 9.640000000000000568e+01
6.508786910815056448e-01 7.865179370969872963e+00 0.000000000000000000e+00 -1.168371902581388788e-01 1.453394606283797685e-01 0.000000000000000000e+00 9.650000000000000000e+01
6.391949720556916459e-01 7.879713317032711828e+00 0.000000000000000000e+00 -1.168371902581399890e-01 1.453394606283886503e-01 0.000000000000000000e+00 9.660000000000000853e+01
6.275112530298776470e-01 7.894247263095550693e+00 0.000000000000000000e+00 -1.168371902581399890e-01 1.453394606283886503e-01 0.000000000000000000e+00 9.670000000000000284e+01
6.158275340040637591e-01 7.908781209158389558e+00 0.000000000000000000e+00 -1.168371902581388788e-01 1.453394606283886503e-01 0.000000000000000000e+00 9.680000000000001137e+01
6.037904239765253811e-01 7.923608467744102768e+00 0.000000000000000000e+00 -1.203711002753837800e-01 1.482725858571320998e-01 0.000000000000000000e+00 9.690000000000000568e+01
5.916985336230584647e-01 7.938481193688984305e+00 0.000000000000000000e+00 -1.209189035346691643e-01 1.487272594488153743e-01 0.000000000000000000e+00 9.700000000000000000e+01
5.796066432695915482e-01 7.953353919633864955e+00 0.000000000000000000e+00 -1.209189035346691643e-01 1.487272594488064925e-01 0.000000000000000000e+00 9.710000000000000853e+01
5.675147529161245208e-01 7.968226645578746492e+00 0.000000000000000000e+00 -1.209189035346702745e-01 1.487272594488153743e-01 0.000000000000000000e+00 9.720000000000000284e+01
5.554219231394320611e-01 7.983081566649931737e+00 0.000000000000000000e+00 -1.209282977669245973e-01 1.485492107118524530e-01 0.000000000000000000e+00 9.730000000000001137e+01
5.433275605069434189e-01 7.997907435529193698e+00 0.000000000000000000e+00 -1.209436263248864218e-01 1.482586887926196084e-01 0.000000000000000000e+00 9.740000000000000568e+01
5.312331978744547767e-01 8.012733304408456547e+00 0.000000000000000000e+00 -1.209436263248864218e-01 1.482586887926284902e-01 0.000000000000000000e+00 9.750000000000000000e+01
5.191388352419661345e-01 8.027559173287718508e+00 0.000000000000000000e+00 -1.209436263248864218e-01 1.482586887926196084e-01 0.000000000000000000e+00 9.760000000000000853e+01
5.070444726094773813e-01 8.042385042166980469e+00 0.000000000000000000e+00 -1.209436263248875321e-01 1.482586887926196084e-01 0.000000000000000000e+00 9.770000000000000284e+01
4.946922175757478279e-01 8.057405539674983075e+00 0.000000000000000000e+00 -1.235225503372955336e-01 1.502049750800260597e-01 0.000000000000000000e+00 9.780000000000001137e+01
4.823133920955431364e-01 8.072446089613913855e+00 0.000000000000000000e+00 -1.237882548020469153e-01 1.504054993893078063e-01 0.000000000000000000e+00 9.790000000000000568e+01
4.699345666153384449e-01 8.087486639552842860e+00 0.000000000000000000e+00 -1.237882548020469153e-01 1.504054993892900427e-01 0.000000000000000000e+00 9.800000000000000000e+01
4.575557411351337533e-01 8.102527189491773640e+00 0.000000000000000000e+00 -1.237882548020469153e-01 1.504054993893078063e-01 0.000000000000000000e+00 9.810000000000000853e+01
4.443580310903506025e-01 8.118318657304719466e+00 0.000000000000000000e+00 -1.319771004478315080e-01 1.579146781294582524e-01 0.000000000000000000e+00 9.820000000000000284e+01
4.296455124362014155e-01 8.135499205959694891e+00 0.000000000000000000e+00 -1.471251865414918703e-01 1.718054865497542494e-01 0.000000000000000000e+00 9.830000000000001137e+01
4.149329937820522285e-01 8.152679754614670316e+00 0.000000000000000000e+00 -1.471251865414918703e-01 1.718054865497542494e-01 0.000000000000000000e+00 9.840000000000000568e+01
4.002204751279029860e-01 8.169860303269645740e+00 0.000000000000000000e+00 -1.471251865414924254e-01 1.718054865497542494e-01 0.000000000000000000e+00 9.850000000000000000e+01
3.855079564737537989e-01 8.187040851924622942e+00 0.000000000000000000e+00 -1.471251865414918703e-01 1.718054865497720129e-01 0.000000000000000000e+00 9.860000000000000853e+01
3.708679275120337349e-01 8.204152890710597390e+00 0.000000000000000000e+00 -1.464002896172006407e-01 1.711203878597444827e-01 0.000000000000000000e+00 9.870000000000000284e+01
3.582568896045936757e-01 8.219347333950587142e+00 0.000000000000000000e+00 -1.261103790744005915e-01 1.519444323998975221e-01 0.000000000000000000e+00 9.880000000000001137e+01
3.456458516971536166e-01 8.234541777190576894e+00 0.000000000000000000e+00 -1.261103790744005915e-01 1.519444323998975221e-01 0.000000000000000000e+00 9.890000000000000568e+01
3.330348137897135574e-01 8.249736220430564870e+00 0.000000000000000000e+00 -1.261103790744005915e-01 1.519444323998797586e-01 0.000000000000000000e+00 9.900000000000000000e+01
3.204237758822734983e-01 8.264930663670554623e+00 0.000000000000000000e+00 -1.261103790744005915e-01 1.519444323998975221e-01 0.000000000000000000e+00 9.910000000000000853e+01
3.079869733037683410e-01 8.279892695230934407e+00 0.000000000000000000e+00 -1.243680257850515725e-01 1.496203156037978488e-01 0.000000000000000000e+00 9.920000000000000284e+01
2.957928183901369357e-01 8.294531060220986518e+00 0.000000000000000000e+00 -1.219415491363140536e-01 1.463836499005211067e-01 0.000000000000000000e+00 9.930000000000001137e+01
2.835986634765055303e-01 8.309169425211036852e+00 0.000000000000000000e+00 -1.219415491363140536e-01 1.463836499005033431e-01 0.000000000000000000e+00 9.940000000000000568e+01
2.714045085628741250e-01 8.323807790201087187e+00 0.000000000000000000e+00 -1.219415491363140536e-01 1.463836499005033431e-01 0.000000000000000000e+00 9.950000000000000000e+01
2.592103536492427196e-01 8.338446155191137521e+00 0.000000000000000000e+00 -1.219415491363140536e-01 1.463836499005033431e-01 0.000000000000000000e+00 9.960000000000000853e+01
2.471548557317728156e-01 8.352931328553545143e+00 0.000000000000000000e+00 -1.205549791746990396e-01 1.448517336240762177e-01 0.000000000000000000e+00 9.970000000000000284e+01
2.351069083949335337e-01 8.367408159850507232e+00 0.000000000000000000e+00 -1.204794733683928198e-01 1.447683129696208937e-01 0.000000000000000000e+00 9.980000000000001137e+01
2.230589610580942517e-01 8.381884991147469322e+00 0.000000000000000000e+00 -1.204794733683928198e-01 1.447683129696208937e-01 0.000000000000000000e+00 9.990000000000000568e+01
2.110110137212549697e-01 8.396361822444433187e+00 0.000000000000000000e+00 -1.204794733683928198e-01 1.447683129696386573e-01 0.000000000000000000e+00 1.000000000000000000e+02
1.986143384490433039e-01 8.411146267621823824e+00 0.000000000000000000e+00 -1.239667527221166576e-01 1.478444517739063713e-01 0.000000000000000000e+00 1.001000000000000085e+02
1.859201022082353494e-01 8.426193192156127054e+00 0.000000000000000000e+00 -1.269423624080795454e-01 1.504692453430322985e-01 0.000000000000000000e+00 1.002000000000000028e+02
1.732258659674273948e-01 8.441240116690432060e+00 0.000000000000000000e+00 -1.269423624080795454e-01 1.504692453430500620e-01 0.000000000000000000e+00 1.003000000000000114e+02
1.605316297266194125e-01 8.456287041224735290e+00 0.000000000000000000e+00 -1.269423624080798230e-01 1.504692453430322985e-01 0.000000000000000000e+00 1.004000000000000057e+02
1.478373934858114580e-01 8.471333965759038520e+00 0.000000000000000000e+00 -1.269423624080795454e-01 1.504692453430322985e-01 0.000000000000000000e+00 1.005000000000000000e+02
1.360603849374192598e-01 8.485516304572364277e+00 0.000000000000000000e+00 -1.177700854839219824e-01 1.418233881332575663e-01 0.000000000000000000e+00 1.006000000000000085e+02
1.243664888391344536e-01 8.499620300965162301e+00 0.000000000000000000e+00 -1.169389609828480614e-01 1.410399639279802386e-01 0.000000000000000000e+00 1.007000000000000028e+02
1.126725927408496475e-01 8.513724297357958548e+00 0.000000000000000000e+00 -1.169389609828480614e-01 1.410399639279624751e-01 0.000000000000000000e+00 1.008000000000000114e+02
1.009786966425648413e-01 8.527828293750756572e+00 0.000000000000000000e+00 -1.169389609828480614e-01 1.410399639279802386e-01 0.000000000000000000e+00 1.009000000000000057e+02
8.924732173168252458e-02 8.541957046566496459e+00 0.000000000000000000e+00 -1.173137491088231676e-01 1.412875281573988673e-01 0.000000000000000000e+00 1.010000000000000000e+02
7.749413908374486182e-02 8.556100204362664385e+00 0.000000000000000000e+00 -1.175318264793766276e-01 1.414315779616792668e-01 0.000000000000000000e+00 1.011000000000000085e+02
6.574095643580721293e-02 8.570243362158834088e+00 0.000000000000000000e+00 -1.175318264793764889e-01 1.414315779616970303e-01 0.000000000000000000e+00 1.012000000000000028e+02
5.398777378786955711e-02 8.584386519955002015e+00 0.000000000000000000e+00 -1.175318264793765582e-01 1.414315779616792668e-01 0.000000000000000000e+00 1.013000000000000114e+02
4.225434034983463483e-02 8.598511501699009685e+00 0.000000000000000000e+00 -1.173343343803492228e-01 1.412498174400766970e-01 0.000000000000000000e+00 1.014000000000000057e+02
3.056115846313010864e-02 8.612599438199172397e+00 0.000000000000000000e+00 -1.169318188670452618e-01 1.408793650016271215e-01 0.000000000000000000e+00 1.015000000000000000e+02
1.886797657642558593e-02 8.626687374699336885e+00 0.000000000000000000e+00 -1.169318188670452202e-01 1.408793650016448851e-01 0.000000000000000000e+00 1.016000000000000085e+02
7.174794689721056273e-03 8.640775311199499598e+00 0.000000000000000000e+00 -1.169318188670452896e-01 1.408793650016271215e-01 0.000000000000000000e+00 1.017000000000000028e+02
-4.529818559966483464e-03 8.654874406884518478e+00 0.000000000000000000e+00 -1.170461324968753991e-01 1.409909568501888089e-01 0.000000000000000000e+00 1.018000000000000114e+02
-1.645439563732086635e-02 8.669188229108963029e+00 0.000000000000000000e+00 -1.192457707735438133e-01 1.431382222444455010e-01 0.000000000000000000e+00 1.019000000000000057e+02
-2.837897271467525184e-02 8.683502051333405802e+00 0.000000000000000000e+00 -1.192457707735438549e-01 1.431382222444277375e-01 0.000000000000000000e+00 1.020000000000000000e+02
-4.030354979202963733e-02 8.697815873557850352e+00 0.000000000000000000e+00 -1.192457707735438549e-01 1.431382222444455010e-01 0.000000000000000000e+00 1.021000000000000085e+02
-5.222812686938402282e-02 8.712129695782294903e+00 0.000000000000000000e+00 -1.192457707735438549e-01 1.431382222444455010e-01 0.000000000000000000e+00 1.022000000000000028e+02
-6.494638785555970073e-02 8.727181992591534154e+00 0.000000000000000000e+00 -1.271826098617567791e-01 1.505229680923925173e-01 0.000000000000000000e+00 1.023000000000000114e+02
-7.801789397096607626e-02 8.742562962500027623e+00 0.000000000000000000e+00 -1.307150611540637553e-01 1.538096990849346923e-01 0.000000000000000000e+00 1.024000000000000057e+02
-9.108940008637245178e-02 8.757943932408522869e+00 0.000000000000000000e+00 -1.307150611540637553e-01 1.538096990849524559e-01 0.000000000000000000e+00 1.025000000000000000e+02
-1.041609062017788134e-01 8.773324902317016338e+00 0.000000000000000000e+00 -1.307150611540636165e-01 1.538096990849346923e-01 0.000000000000000000e+00 1.026000000000000085e+02
-1.172324123171851751e-01 8.788705872225509808e+00 0.000000000000000000e+00 -1.307150611540636165e-01 1.538096990849346923e-01 0.000000000000000000e+00 1.027000000000000028e+02
-1.289799707061663470e-01 8.802948902968831035e+00 0.000000000000000000e+00 -1.174755838898117188e-01 1.424303074332122776e-01 0.000000000000000000e+00 1.028000000000000114e+02
-1.406158453780675111e-01 8.817095941043227469e+00 0.000000000000000000e+00 -1.163587467190116409e-01 1.414703807439643413e-01 0.000000000000000000e+00 1.029000000000000057e+02
-1.522517200499686751e-01 8.831242979117623904e+00 0.000000000000000000e+00 -1.163587467190116409e-01 1.414703807439643413e-01 0.000000000000000000e+00 1.030000000000000000e+02
-1.638875947218698670e-01 8.845390017192020338e+00 0.000000000000000000e+00 -1.163587467190119185e-01 1.414703807439643413e-01 0.000000000000000000e+00 1.031000000000000085e+02
-1.755908849510370018e-01 8.859642432017448499e+00 0.000000000000000000e+00 -1.170329022916713479e-01 1.425241482542816129e-01 0.000000000000000000e+00 1.032000000000000028e+02
-1.873319495649453104e-01 8.873953891699846608e+00 0.000000000000000000e+00 -1.174106461390830858e-01 1.431145968239810884e-01 0.000000000000000000e+00 1.033000000000000114e+02
-1.990730141788536189e-01 8.888265351382244717e+00 0.000000000000000000e+00 -1.174106461390830858e-01 1.431145968239810884e-01 0.000000000000000000e+00 1.034000000000000057e+02
-2.108140787927619275e-01 8.902576811064641049e+00 0.000000000000000000e+00 -1.174106461390830858e-01 1.431145968239633248e-01 0.000000000000000000e+00 1.035000000000000000e+02
-2.226259126865814952e-01 8.916981155873916265e+00 0.000000000000000000e+00 -1.181183389381956772e-01 1.440434480927521577e-01 0.000000000000000000e+00 1.036000000000000085e+02
-2.346020587856185724e-01 8.931601161490366536e+00 0.000000000000000000e+00 -1.197614609903707716e-01 1.462000561645027119e-01 0.000000000000000000e+00 1.037000000000000028e+02
-2.465782048846556496e-01 8.946221167106816807e+00 0.000000000000000000e+00 -1.197614609903707716e-01 1.462000561645027119e-01 0.000000000000000000e+00 1.038000000000000114e+02
-2.585543509836927267e-01 8.960841172723267078e+00 0.000000000000000000e+00 -1.197614609903707716e-01 1.462000561645027119e-01 0.000000000000000000e+00 1.039000000000000057e+02
-2.705304970827298039e-01 8.975461178339715573e+00 0.000000000000000000e+00 -1.197614609903707716e-01 1.462000561644849483e-01 0.000000000000000000e+00 1.040000000000000000e+02
-2.821401109016275499e-01 8.989809859950749882e+00 0.000000000000000000e+00 -1.160961381889774602e-01 1.434868161103430850e-01 0.000000000000000000e+00 1.041000000000000085e+02
-2.936887184998466238e-01 9.004113381959077955e+00 0.000000000000000000e+00 -1.154860759821907390e-01 1.430352200832807341e-01 0.000000000000000000e+00 1.042000000000000028e+02
-3.052373260980657532e-01 9.018416903967406029e+00 0.000000000000000000e+00 -1.154860759821912941e-01 1.430352200832807341e-01 0.000000000000000000e+00 1.043000000000000114e+02
-3.167859336962848271e-01 9.032720425975734102e+00 0.000000000000000000e+00 -1.154860759821907390e-01 1.430352200832807341e-01 0.000000000000000000e+00 1.044000000000000057e+02
-3.290655115432595812e-01 9.047960186981761410e+00 0.000000000000000000e+00 -1.227957784697475407e-01 1.523976100602730810e-01 0.000000000000000000e+00 1.045000000000000000e+02
-3.419162978232515582e-01 9.063931561362908340e+00 0.000000000000000000e+00 -1.285078627999197698e-01 1.597137438114692998e-01 0.000000000000000000e+00 1.046000000000000085e+02
-3.547670841032435352e-01 9.079902935744057046e+00 0.000000000000000000e+00 -1.285078627999197698e-01 1.597137438114870633e-01 0.000000000000000000e+00 1.047000000000000028e+02
-3.676178703832354566e-01 9.095874310125205753e+00 0.000000000000000000e+00 -1.285078627999192147e-01 1.597137438114870633e-01 0.000000000000000000e+00 1.048000000000000114e+02
-3.804686566632274336e-01 9.111845684506352683e+00 0.000000000000000000e+00 -1.285078627999197698e-01 1.597137438114692998e-01 0.000000000000000000e+00 1.049000000000000057e+02
-3.924821966384522964e-01 9.126786184440906169e+00 0.000000000000000000e+00 -1.201353997522486283e-01 1.494049993455348613e-01 0.000000000000000000e+00 1.050000000000000000e+02
-4.040238441941751413e-01 9.141145658416862219e+00 0.000000000000000000e+00 -1.154164755572284484e-01 1.435947397595604969e-01 0.000000000000000000e+00 1.051000000000000085e+02
-4.155654917498979861e-01 9.155505132392820045e+00 0.000000000000000000e+00 -1.154164755572284484e-01 1.435947397595782604e-01 0.000000000000000000e+00 1.052000000000000028e+02
-4.271071393056208310e-01 9.169864606368777871e+00 0.000000000000000000e+00 -1.154164755572284484e-01 1.435947397595782604e-01 0.000000000000000000e+00 1.053000000000000114e+02
-4.386363060599245411e-01 9.184333779385625007e+00 0.000000000000000000e+00 -1.152916675430371019e-01 1.446917301684713664e-01 0.000000000000000000e+00 1.054000000000000057e+02
-4.501395159983477279e-01 9.199031097832483184e+00 0.000000000000000000e+00 -1.150320993842318673e-01 1.469731844685817634e-01 0.000000000000000000e+00 1.055000000000000000e+02
-4.616427259367708591e-01 9.213728416279341360e+00 0.000000000000000000e+00 -1.150320993842313122e-01 1.469731844685817634e-01 0.000000000000000000e+00 1.056000000000000085e+02
-4.731459358751939903e-01 9.228425734726199536e+00 0.000000000000000000e+00 -1.150320993842313122e-01 1.469731844685817634e-01 0.000000000000000000e+00 1.057000000000000028e+02
-4.846491458136171770e-01 9.243123053173057713e+00 0.000000000000000000e+00 -1.150320993842318673e-01 1.469731844685817634e-01 0.000000000000000000e+00 1.058000000000000114e+02
-4.964002633211079818e-01 9.258366968842084432e+00 0.000000000000000000e+00 -1.175111750749080475e-01 1.524391566902671968e-01 0.000000000000000000e+00 1.059000000000000057e+02
-5.081681648499188908e-01 9.273647890639907132e+00 0.000000000000000000e+00 -1.176790152881090901e-01 1.528092179782269966e-01 0.000000000000000000e+00 1.060000000000000000e+02
-5.199360663787297998e-01 9.288928812437731608e+00 0.000000000000000000e+00 -1.176790152881090901e-01 1.528092179782447602e-01 0.000000000000000000e+00 1.061000000000000085e+02
-5.317039679075407088e-01 9.304209734235554308e+00 0.000000000000000000e+00 -1.176790152881090901e-01 1.528092179782269966e-01 0.000000000000000000e+00 1.062000000000000028e+02
-5.432761985520946357e-01 9.319329583912391968e+00 0.000000000000000000e+00 -1.157223064455392691e-01 1.511984967683766001e-01 0.000000000000000000e+00 1.063000000000000114e+02
-5.545124068143005847e-01 9.334172827092409364e+00 0.000000000000000000e+00 -1.123620826220594893e-01 1.484324318001739584e-01 0.000000000000000000e+00 1.064000000000000057e+02
-5.657486150765064226e-01 9.349016070272426759e+00 0.000000000000000000e+00 -1.123620826220583790e-01 1.484324318001739584e-01 0.000000000000000000e+00 1.065000000000000000e+02
-5.769848233387122605e-01 9.363859313452445932e+00 0.000000000000000000e+00 -1.123620826220583790e-01 1.484324318001917220e-01 0.000000000000000000e+00 1.066000000000000085e+02
-5.882210316009182094e-01 9.378702556632463327e+00 0.000000000000000000e+00 -1.123620826220594893e-01 1.484324318001739584e-01 0.000000000000000000e+00 1.067000000000000028e+02
-5.993449311520834266e-01 9.393623517812061507e+00 0.000000000000000000e+00 -1.112389955116521723e-01 1.492096117959818002e-01 0.000000000000000000e+00 1.068000000000000114e+02
-6.104676153589967402e-01 9.408545320013903535e+00 0.000000000000000000e+00 -1.112268420691331361e-01 1.492180220184202710e-01 0.000000000000000000e+00 1.069000000000000057e+02
-6.215902995659099428e-01 9.423467122215745562e+00 0.000000000000000000e+00 -1.112268420691320259e-01 1.492180220184202710e-01 0.000000000000000000e+00 1.070000000000000000e+02
-6.327129837728232564e-01 9.438388924417587589e+00 0.000000000000000000e+00 -1.112268420691331361e-01 1.492180220184202710e-01 0.000000000000000000e+00 1.071000000000000085e+02
-6.434916563562718128e-01 9.452913706834182861e+00 0.000000000000000000e+00 -1.077867258344855639e-01 1.452478241659527214e-01 0.000000000000000000e+00 1.072000000000000028e+02
-6.540526576450971241e-01 9.467187277359228048e+00 0.000000000000000000e+00 -1.056100128882531131e-01 1.427357052504518720e-01 0.000000000000000000e+00 1.073000000000000114e+02
-6.646136589339224354e-01 9.481460847884273235e+00 0.000000000000000000e+00 -1.056100128882531131e-01 1.427357052504518720e-01 0.000000000000000000e+00 1.074000000000000057e+02
-6.751746602227477467e-01 9.495734418409318423e+00 0.000000000000000000e+00 -1.056100128882531131e-01 1.427357052504518720e-01 0.000000000000000000e+00 1.075000000000000000e+02
-6.858034505128848268e-01 9.510144544083361851e+00 0.000000000000000000e+00 -1.062879029013708010e-01 1.441012567404342803e-01 0.000000000000000000e+00 1.076000000000000085e+02
-6.965062928177530033e-01 9.524703841211614730e+00 0.000000000000000000e+00 -1.070284230486817645e-01 1.455929712825287936e-01 0.000000000000000000e+00 1.077000000000000028e+02
-7.072091351226212907e-01 9.539263138339869386e+00 0.000000000000000000e+00 -1.070284230486828747e-01 1.455929712825465572e-01 0.000000000000000000e+00 1.078000000000000114e+02
-7.179119774274894672e-01 9.553822435468122265e+00 0.000000000000000000e+00 -1.070284230486817645e-01 1.455929712825287936e-01 0.000000000000000000e+00 1.079000000000000057e+02
-7.287847695266149728e-01 9.568791679055166810e+00 0.000000000000000000e+00 -1.087279209912550559e-01 1.496924358704454505e-01 0.000000000000000000e+00 1.080000000000000000e+02
-7.401385742381803023e-01 9.584921203053049510e+00 0.000000000000000000e+00 -1.135380471156532955e-01 1.612952399788269986e-01 0.000000000000000000e+00 1.081000000000000085e+02
-7.514923789497455209e-01 9.601050727050930433e+00 0.000000000000000000e+00 -1.135380471156521853e-01 1.612952399788092350e-01 0.000000000000000000e+00 1.082000000000000028e+02
-7.628461836613107394e-01 9.617180251048813133e+00 0.000000000000000000e+00 -1.135380471156521853e-01 1.612952399788269986e-01 0.000000000000000000e+00 1.083000000000000114e+02
-7.741999883728759579e-01 9.633309775046695833e+00 0.000000000000000000e+00 -1.135380471156521853e-01 1.612952399788269986e-01 0.000000000000000000e+00 1.084000000000000057e+02
-7.853312475934369763e-01 9.649014685098684652e+00 0.000000000000000000e+00 -1.113125922056101835e-01 1.570491005198881851e-01 0.000000000000000000e+00 1.085000000000000000e+02
-7.963190745334274290e-01 9.664445928196798263e+00 0.000000000000000000e+00 -1.098782693999045268e-01 1.543124309811361172e-01 0.000000000000000000e+00 1.086000000000000085e+02
-8.073069014734178817e-01 9.679877171294911875e+00 0.000000000000000000e+00 -1.098782693999045268e-01 1.543124309811361172e-01 0.000000000000000000e+00 1.087000000000000028e+02
-8.182947284134083343e-01 9.695308414393025487e+00 0.000000000000000000e+00 -1.098782693999045268e-01 1.543124309811361172e-01 0.000000000000000000e+00 1.088000000000000114e+02
-8.293572902030786897e-01 9.710937286492272946e+00 0.000000000000000000e+00 -1.106256178967035542e-01 1.562887209924745946e-01 0.000000000000000000e+00 1.089000000000000057e+02
-8.407530907292991573e-01 9.727447375840583277e+00 0.000000000000000000e+00 -1.139580052622046757e-01 1.651008934831033059e-01 0.000000000000000000e+00 1.090000000000000000e+02
-8.521488912555195139e-01 9.743957465188891831e+00 0.000000000000000000e+00 -1.139580052622035655e-01 1.651008934830855424e-01 0.000000000000000000e+00 1.091000000000000085e+02
-8.635446917817399815e-01 9.760467554537200385e+00 0.000000000000000000e+00 -1.139580052622046757e-01 1.651008934830855424e-01 0.000000000000000000e+00 1.092000000000000028e+02
-8.749404923079603380e-01 9.776977643885510716e+00 0.000000000000000000e+00 -1.139580052622035655e-01 1.651008934831033059e-01 0.000000000000000000e+00 1.093000000000000114e+02
-8.865641532963074445e-01 9.793128756213578257e+00 0.000000000000000000e+00 -1.162366098834710648e-01 1.615111232806754060e-01 0.000000000000000000e+00 1.094000000000000057e+02
-8.984383877303703247e-01 9.808885108924048524e+00 0.000000000000000000e+00 -1.187423443406288026e-01 1.575635271047026720e-01 0.000000000000000000e+00 1.095000000000000000e+02
-9.103126221644332050e-01 9.824641461634517015e+00 0.000000000000000000e+00 -1.187423443406288026e-01 1.575635271046849084e-01 0.000000000000000000e+00 1.096000000000000085e+02
-9.221868565984960853e-01 9.840397814344987282e+00 0.000000000000000000e+00 -1.187423443406288026e-01 1.575635271047026720e-01 0.000000000000000000e+00 1.097000000000000028e+02
-9.340610910325589655e-01 9.856154167055457549e+00 0.000000000000000000e+00 -1.187423443406288026e-01 1.575635271047026720e-01 0.000000000000000000e+00 1.098000000000000114e+02
-9.459930402364615798e-01 9.870833780772496624e+00 0.000000000000000000e+00 -1.193194920390261426e-01 1.467961371703907503e-01 0.000000000000000000e+00 1.099000000000000057e+02
-9.579410106655351642e-01 9.885214499112978004e+00 0.000000000000000000e+00 -1.194797042907358442e-01 1.438071834048137987e-01 0.000000000000000000e+00 1.100000000000000000e+02
-9.698889810946088597e-01 9.899595217453459384e+00 0.000000000000000000e+00 -1.194797042907369544e-01 1.438071834048137987e-01 0.000000000000000000e+00 1.101000000000000085e+02
-9.818369515236824441e-01 9.913975935793940764e+00 0.000000000000000000e+00 -1.194797042907358442e-01 1.438071834048137987e-01 0.000000000000000000e+00 1.102000000000000028e+02
-9.935181752008745981e-01 9.927577742572619712e+00 0.000000000000000000e+00 -1.168122367719215404e-01 1.360180677867894872e-01 0.000000000000000000e+00 1.103000000000000114e+02
-1.004520507243912952e+00 9.939197157665836002e+00 0.000000000000000000e+00 -1.100233204303835421e-01 1.161941509321628985e-01 0.000000000000000000e+00 1.104000000000000057e+02
-1.015522839286951085e+00 9.950816572759054068e+00 0.000000000000000000e+00 -1.100233204303813217e-01 1.161941509321806620e-01 0.000000000000000000e+00 1.105000000000000000e+02
-1.026525171329989439e+00 9.962435987852270358e+00 0.000000000000000000e+00 -1.100233204303835421e-01 1.161941509321628985e-01 0.000000000000000000e+00 1.106000000000000085e+02
-1.037709595714646271e+00 9.973068936787859329e+00 0.000000000000000000e+00 -1.118442438465683253e-01 1.063294893558897058e-01 0.000000000000000000e+00 1.107000000000000028e+02
-1.049846494409808040e+00 9.978541956069232555e+00 0.000000000000000000e+00 -1.213689869516176856e-01 5.473019281373225908e-02 0.000000000000000000e+00 1.108000000000000114e+02
-1.061983393104970030e+00 9.984014975350607557e+00 0.000000000000000000e+00 -1.213689869516199060e-01 5.473019281375002265e-02 0.000000000000000000e+00 1.109000000000000057e+02
-1.074120291800131799e+00 9.989487994631982559e+00 0.000000000000000000e+00 -1.213689869516176856e-01 5.473019281375002265e-02 0.000000000000000000e+00 1.110000000000000000e+02
-1.086257190495293568e+00 9.994961013913355785e+00 0.000000000000000000e+00 -1.213689869516176856e-01 5.473019281373225908e-02 0.000000000000000000e+00 1.111000000000000085e+02
-1.097539496224580802e+00 9.992577245169258049e+00 0.000000000000000000e+00 -1.128230572928723419e-01 -2.383768744097736203e-02 0.000000000000000000e+00 1.112000000000000028e+02
-1.108190116252670387e+00 9.984386009184950339e+00 0.000000000000000000e+00 -1.065062002808958574e-01 -8.191235984307709828e-02 0.000000000000000000e+00 1.113000000000000114e+02
-1.118840736280759973e+00 9.976194773200642629e+00 0.000000000000000000e+00 -1.065062002808958574e-01 -8.191235984307709828e-02 0.000000000000000000e+00 1.114000000000000057e+02
-1.129491356308849559e+00 9.968003537216333143e+00 0.000000000000000000e+00 -1.065062002808958574e-01 -8.191235984309486184e-02 0.000000000000000000e+00 1.115000000000000000e+02
-1.139648232679182582e+00 9.958220791435600461e+00 0.000000000000000000e+00 -1.015687637033302337e-01 -9.782745780732682306e-02 0.000000000000000000e+00 1.116000000000000085e+02
-1.148164913751912541e+00 9.943151118231741137e+00 0.000000000000000000e+00 -8.516681072729959112e-02 -1.506967320385932396e-01 0.000000000000000000e+00 1.117000000000000028e+02
-1.156681594824642723e+00 9.928081445027881813e+00 0.000000000000000000e+00 -8.516681072730181157e-02 -1.506967320385932396e-01 0.000000000000000000e+00 1.118000000000000114e+02
-1.165198275897372682e+00 9.913011771824024265e+00 0.000000000000000000e+00 -8.516681072729959112e-02 -1.506967320385754761e-01 0.000000000000000000e+00 1.119000000000000057e+02
-1.173714956970102641e+00 9.897942098620164941e+00 0.000000000000000000e+00 -8.516681072729959112e-02 -1.506967320385932396e-01 0.000000000000000000e+00 1.120000000000000000e+02
-1.182584588086349919e+00 9.881094479330409186e+00 0.000000000000000000e+00 -8.869631116247278513e-02 -1.684761928975575529e-01 0.000000000000000000e+00 1.121000000000000085e+02
-1.191867393465704694e+00 9.862165541232572608e+00 0.000000000000000000e+00 -9.282805379354774900e-02 -1.892893809783657844e-01 0.000000000000000000e+00 1.122000000000000028e+02
-1.201150198845059469e+00 9.843236603134737805e+00 0.000000000000000000e+00 -9.282805379354774900e-02 -1.892893809783480208e-01 0.000000000000000000e+00 1.123000000000000114e+02
-1.210433004224414244e+00 9.824307665036901227e+00 0.000000000000000000e+00 -9.282805379354774900e-02 -1.892893809783657844e-01 0.000000000000000000e+00 1.124000000000000057e+02
-1.219715809603769241e+00 9.805378726939064649e+00 0.000000000000000000e+00 -9.282805379354996944e-02 -1.892893809783657844e-01 0.000000000000000000e+00 1.125000000000000000e+02
-1.229020701686406980e+00 9.786378731858219382e+00 0.000000000000000000e+00 -9.304892082637739037e-02 -1.899999508084526667e-01 0.000000000000000000e+00 1.126000000000000085e+02
-1.238922799541471997e+00 9.765457416067793162e+00 0.000000000000000000e+00 -9.902097855065017384e-02 -2.092131579042622036e-01 0.000000000000000000e+00 1.127000000000000028e+02
-1.248824897396537015e+00 9.744536100277368718e+00 0.000000000000000000e+00 -9.902097855065017384e-02 -2.092131579042444400e-01 0.000000000000000000e+00 1.128000000000000114e+02
-1.258726995251602032e+00 9.723614784486944274e+00 0.000000000000000000e+00 -9.902097855065017384e-02 -2.092131579042444400e-01 0.000000000000000000e+00 1.129000000000000057e+02
-1.268629093106667272e+00 9.702693468696518053e+00 0.000000000000000000e+00 -9.902097855065239429e-02 -2.092131579042622036e-01 0.000000000000000000e+00 1.130000000000000000e+02
-1.278531190961732289e+00 9.681772152906093609e+00 0.000000000000000000e+00 -9.902097855065017384e-02 -2.092131579042444400e-01 0.000000000000000000e+00 1.131000000000000085e+02
-1.289330816541703673e+00 9.658748175467245289e+00 0.000000000000000000e+00 -1.079962557997138362e-01 -2.302397743884831982e-01 0.000000000000000000e+00 1.132000000000000028e+02
-1.300448668474055047e+00 9.634978680839237697e+00 0.000000000000000000e+00 -1.111785193235137470e-01 -2.376949462800759250e-01 0.000000000000000000e+00 1.133000000000000114e+02
-1.311566520406406422e+00 9.611209186211230104e+00 0.000000000000000000e+00 -1.111785193235137470e-01 -2.376949462800759250e-01 0.000000000000000000e+00 1.134000000000000057e+02
-1.322684372338757797e+00 9.587439691583220736e+00 0.000000000000000000e+00 -1.111785193235137470e-01 -2.376949462800936885e-01 0.000000000000000000e+00 1.135000000000000000e+02
-1.333802224271109171e+00 9.563670196955213143e+00 0.000000000000000000e+00 -1.111785193235137470e-01 -2.376949462800759250e-01 0.000000000000000000e+00 1.136000000000000085e+02
-1.344920076203460546e+00 9.539900702327205551e+00 0.000000000000000000e+00 -1.111785193235137470e-01 -2.376949462800759250e-01 0.000000000000000000e+00 1.137000000000000028e+02
-1.358338009191334184e+00 9.511599857575415484e+00 0.000000000000000000e+00 -1.341793298787363753e-01 -2.830084475179006631e-01 0.000000000000000000e+00 1.138000000000000114e+02
-1.372043030013184728e+00 9.482733426020107714e+00 0.000000000000000000e+00 -1.370502082185054427e-01 -2.886643155530776994e-01 0.000000000000000000e+00 1.139000000000000057e+02
-1.385748050835035494e+00 9.453866994464799944e+00 0.000000000000000000e+00 -1.370502082185076631e-01 -2.886643155530776994e-01 0.000000000000000000e+00 1.140000000000000000e+02
-1.399453071656886038e+00 9.425000562909490398e+00 0.000000000000000000e+00 -1.370502082185054427e-01 -2.886643155530954630e-01 0.000000000000000000e+00 1.141000000000000085e+02
-1.413158092478736583e+00 9.396134131354182628e+00 0.000000000000000000e+00 -1.370502082185054427e-01 -2.886643155530776994e-01 0.000000000000000000e+00 1.142000000000000028e+02
-1.426863113300587349e+00 9.367267699798874858e+00 0.000000000000000000e+00 -1.370502082185076631e-01 -2.886643155530776994e-01 0.000000000000000000e+00 1.143000000000000114e+02
-1.440568134122437893e+00 9.338401268243567088e+00 0.000000000000000000e+00 -1.370502082185054427e-01 -2.886643155530776994e-01 0.000000000000000000e+00 1.144000000000000057e+02
-1.454273154944288660e+00 9.309534836688257542e+00 0.000000000000000000e+00 -1.370502082185076631e-01 -2.886643155530954630e-01 0.000000000000000000e+00 1.145000000000000000e+02
-1.466329412264465892e+00 9.284208518476274818e+00 0.000000000000000000e+00 -1.205625732017723273e-01 -2.532631821198272348e-01 0.000000000000000000e+00 1.146000000000000085e+02
-1.477448634746431511e+00 9.260894138016764643e+00 0.000000000000000000e+00 -1.111922248196561824e-01 -2.331438045951017557e-01 0.000000000000000000e+00 1.147000000000000028e+02
-1.488567857228397129e+00 9.237579757557252691e+00 0.000000000000000000e+00 -1.111922248196561824e-01 -2.331438045951195193e-01 0.000000000000000000e+00 1.148000000000000114e+02
-1.499687079710362747e+00 9.214265377097740739e+00 0.000000000000000000e+00 -1.111922248196561824e-01 -2.331438045951195193e-01 0.000000000000000000e+00 1.149000000000000057e+02
-1.510806302192328365e+00 9.190950996638230563e+00 0.000000000000000000e+00 -1.111922248196561824e-01 -2.331438045951017557e-01 0.000000000000000000e+00 1.150000000000000000e+02
-1.521925524674293984e+00 9.167636616178718612e+00 0.000000000000000000e+00 -1.111922248196561824e-01 -2.331438045951195193e-01 0.000000000000000000e+00 1.151000000000000085e+02
-1.531986496015212085e+00 9.146504818589173524e+00 0.000000000000000000e+00 -1.006097134091810119e-01 -2.113179758954508713e-01 0.000000000000000000e+00 1.152000000000000028e+02
-1.541343595170683978e+00 9.126824717402318043e+00 0.000000000000000000e+00 -9.357099155471892971e-02 -1.968010118685548093e-01 0.000000000000000000e+00 1.153000000000000114e+02
-1.550700694326156093e+00 9.107144616215464339e+00 0.000000000000000000e+00 -9.357099155472115015e-02 -1.968010118685370458e-01 0.000000000000000000e+00 1.154000000000000057e+02
-1.560057793481628208e+00 9.087464515028608858e+00 0.000000000000000000e+00 -9.357099155472115015e-02 -1.968010118685548093e-01 0.000000000000000000e+00 1.155000000000000000e+02
-1.569414892637100323e+00 9.067784413841753377e+00 0.000000000000000000e+00 -9.357099155472115015e-02 -1.968010118685548093e-01 0.000000000000000000e+00 1.156000000000000085e+02
-1.579266721676093610e+00 9.047220672058850610e+00 0.000000000000000000e+00 -9.851829038993287213e-02 -2.056374178290276689e-01 0.000000000000000000e+00 1.157000000000000028e+02
-1.589189472602264175e+00 9.026530256184194911e+00 0.000000000000000000e+00 -9.922750926170564867e-02 -2.069041587465569876e-01 0.000000000000000000e+00 1.158000000000000114e+02
-1.599112223528434740e+00 9.005839840309540989e+00 0.000000000000000000e+00 -9.922750926170564867e-02 -2.069041587465392240e-01 0.000000000000000000e+00 1.159000000000000057e+02
-1.609034974454605305e+00 8.985149424434885290e+00 0.000000000000000000e+00 -9.922750926170564867e-02 -2.069041587465569876e-01 0.000000000000000000e+00 1.160000000000000000e+02
-1.618957725380775869e+00 8.964459008560229591e+00 0.000000000000000000e+00 -9.922750926170564867e-02 -2.069041587465569876e-01 0.000000000000000000e+00 1.161000000000000085e+02
-1.630123983061135595e+00 8.940535239106944587e+00 0.000000000000000000e+00 -1.116625768035972577e-01 -2.392376945328500426e-01 0.000000000000000000e+00 1.162000000000000028e+02
-1.641601186106863786e+00 8.915802952686229688e+00 0.000000000000000000e+00 -1.147720304572819039e-01 -2.473228642071489958e-01 0.000000000000000000e+00 1.163000000000000114e+02
-1.653078389152591754e+00 8.891070666265516564e+00 0.000000000000000000e+00 -1.147720304572796834e-01 -2.473228642071312322e-01 0.000000000000000000e+00 1.164000000000000057e+02
-1.664555592198319944e+00 8.866338379844803441e+00 0.000000000000000000e+00 -1.147720304572819039e-01 -2.473228642071312322e-01 0.000000000000000000e+00 1.165000000000000000e+02
-1.676032795244048135e+00 8.841606093424090318e+00 0.000000000000000000e+00 -1.147720304572819039e-01 -2.473228642071312322e-01 0.000000000000000000e+00 1.166000000000000085e+02
-1.687509998289776325e+00 8.816873807003377195e+00 0.000000000000000000e+00 -1.147720304572819039e-01 -2.473228642071312322e-01 0.000000000000000000e+00 1.167000000000000028e+02
-1.698963998224198413e+00 8.792179655696422458e+00 0.000000000000000000e+00 -1.145399993442208775e-01 -2.469415130695473692e-01 0.000000000000000000e+00 1.168000000000000114e+02
-1.708658352434219152e+00 8.770377542831665707e+00 0.000000000000000000e+00 -9.694354210020739160e-02 -2.180211286475675081e-01 0.000000000000000000e+00 1.169000000000000057e+02
-1.718352706644240113e+00 8.748575429966908956e+00 0.000000000000000000e+00 -9.694354210020961204e-02 -2.180211286475675081e-01 0.000000000000000000e+00 1.170000000000000000e+02
-1.728047060854260852e+00 8.726773317102152205e+00 0.000000000000000000e+00 -9.694354210020739160e-02 -2.180211286475675081e-01 0.000000000000000000e+00 1.171000000000000085e+02
-1.737741415064281592e+00 8.704971204237395455e+00 0.000000000000000000e+00 -9.694354210020739160e-02 -2.180211286475675081e-01 0.000000000000000000e+00 1.172000000000000028e+02
-1.747435769274302553e+00 8.683169091372638704e+00 0.000000000000000000e+00 -9.694354210020961204e-02 -2.180211286475675081e-01 0.000000000000000000e+00 1.173000000000000114e+02
-1.757676861869002627e+00 8.661788089433310134e+00 0.000000000000000000e+00 -1.024109259470007416e-01 -2.138100193932856996e-01 0.000000000000000000e+00 1.174000000000000057e+02
-1.768510589719747284e+00 8.640863549282853384e+00 0.000000000000000000e+00 -1.083372785074465661e-01 -2.092454015045674964e-01 0.000000000000000000e+00 1.175000000000000000e+02
-1.779344317570491718e+00 8.619939009132394858e+00 0.000000000000000000e+00 -1.083372785074443456e-01 -2.092454015045852600e-01 0.000000000000000000e+00 1.176000000000000085e+02
-1.790178045421236153e+00 8.599014468981936332e+00 0.000000000000000000e+00 -1.083372785074443456e-01 -2.092454015045852600e-01 0.000000000000000000e+00 1.177000000000000028e+02
-1.801011773271980809e+00 8.578089928831479583e+00 0.000000000000000000e+00 -1.083372785074465661e-01 -2.092454015045674964e-01 0.000000000000000000e+00 1.178000000000000114e+02
-1.811845501122725244e+00 8.557165388681021057e+00 0.000000000000000000e+00 -1.083372785074443456e-01 -2.092454015045852600e-01 0.000000000000000000e+00 1.179000000000000057e+02
-1.824573838381525537e+00 8.533690716232742446e+00 0.000000000000000000e+00 -1.272833725880029299e-01 -2.347467244827861066e-01 0.000000000000000000e+00 1.180000000000000000e+02
-1.837436406963467883e+00 8.510035369271253813e+00 0.000000000000000000e+00 -1.286256858194234631e-01 -2.365534696148863247e-01 0.000000000000000000e+00 1.181000000000000085e+02
-1.850298975545410007e+00 8.486380022309765181e+00 0.000000000000000000e+00 -1.286256858194212427e-01 -2.365534696148863247e-01 0.000000000000000000e+00 1.182000000000000028e+02
-1.863161544127352354e+00 8.462724675348276548e+00 0.000000000000000000e+00 -1.286256858194234631e-01 -2.365534696148863247e-01 0.000000000000000000e+00 1.183000000000000114e+02
-1.876024112709294478e+00 8.439069328386786140e+00 0.000000000000000000e+00 -1.286256858194212427e-01 -2.365534696149040883e-01 0.000000000000000000e+00 1.184000000000000057e+02
-1.888886681291236824e+00 8.415413981425297507e+00 0.000000000000000000e+00 -1.286256858194234631e-01 -2.365534696148863247e-01 0.000000000000000000e+00 1.185000000000000000e+02
-1.901222978568889665e+00 8.391305785590745359e+00 0.000000000000000000e+00 -1.233629727765284123e-01 -2.410819583455214854e-01 0.000000000000000000e+00 1.186000000000000085e+02
-1.913166843127922512e+00 8.366859907057300205e+00 0.000000000000000000e+00 -1.194386455903284627e-01 -2.444587853344515338e-01 0.000000000000000000e+00 1.187000000000000028e+02
-1.925110707686955136e+00 8.342414028523856828e+00 0.000000000000000000e+00 -1.194386455903262423e-01 -2.444587853344337702e-01 0.000000000000000000e+00 1.188000000000000114e+02
-1.937054572245987760e+00 8.317968149990413451e+00 0.000000000000000000e+00 -1.194386455903262423e-01 -2.444587853344337702e-01 0.000000000000000000e+00 1.189000000000000057e+02
-1.948998436805020384e+00 8.293522271456970074e+00 0.000000000000000000e+00 -1.194386455903262423e-01 -2.444587853344337702e-01 0.000000000000000000e+00 1.190000000000000000e+02
-1.960942301364053009e+00 8.269076392923524921e+00 0.000000000000000000e+00 -1.194386455903262423e-01 -2.444587853344515338e-01 0.000000000000000000e+00 1.191000000000000085e+02
-1.973265030653553076e+00 8.243624723159836520e+00 0.000000000000000000e+00 -1.232272928950006730e-01 -2.545166976368840039e-01 0.000000000000000000e+00 1.192000000000000028e+02
-1.986559553814452261e+00 8.215593183392797982e+00 0.000000000000000000e+00 -1.329452316089918540e-01 -2.803153976703853800e-01 0.000000000000000000e+00 1.193000000000000114e+02
-1.999854076975351225e+00 8.187561643625759444e+00 0.000000000000000000e+00 -1.329452316089896335e-01 -2.803153976703853800e-01 0.000000000000000000e+00 1.194000000000000057e+02
-2.013148600136250632e+00 8.159530103858722683e+00 0.000000000000000000e+00 -1.329452316089940744e-01 -2.803153976703676165e-01 0.000000000000000000e+00 1.195000000000000000e+02
-2.026443123297149373e+00 8.131498564091684145e+00 0.000000000000000000e+00 -1.329452316089874131e-01 -2.803153976703853800e-01 0.000000000000000000e+00 1.196000000000000085e+02
-2.039737646458048559e+00 8.103467024324647383e+00 0.000000000000000000e+00 -1.329452316089918540e-01 -2.803153976703676165e-01 0.000000000000000000e+00 1.197000000000000028e+02
-2.053032169618947744e+00 8.075435484557608845e+00 0.000000000000000000e+00 -1.329452316089918540e-01 -2.803153976703853800e-01 0.000000000000000000e+00 1.198000000000000114e+02
-2.066326692779846930e+00 8.047403944790570307e+00 0.000000000000000000e+00 -1.329452316089918540e-01 -2.803153976703853800e-01 0.000000000000000000e+00 1.199000000000000057e+02
-2.078857503126677830e+00 8.020695544973573732e+00 0.000000000000000000e+00 -1.253081034683090067e-01 -2.670839981699657528e-01 0.000000000000000000e+00 1.200000000000000000e+02
-2.091322901734350648e+00 7.994100471637009875e+00 0.000000000000000000e+00 -1.246539860767281738e-01 -2.659507333656385697e-01 0.000000000000000000e+00 1.201000000000000085e+02
-2.103788300342023909e+00 7.967505398300446906e+00 0.000000000000000000e+00 -1.246539860767326147e-01 -2.659507333656296879e-01 0.000000000000000000e+00 1.202000000000000028e+02
-2.116253698949697171e+00 7.940910324963883049e+00 0.000000000000000000e+00 -1.246539860767326147e-01 -2.659507333656385697e-01 0.000000000000000000e+00 1.203000000000000114e+02
-2.128719097557370432e+00 7.914315251627320080e+00 0.000000000000000000e+00 -1.246539860767326147e-01 -2.659507333656296879e-01 0.000000000000000000e+00 1.204000000000000057e+02
-2.141184496165043694e+00 7.887720178290756223e+00 0.000000000000000000e+00 -1.246539860767326147e-01 -2.659507333656385697e-01 0.000000000000000000e+00 1.205000000000000000e+02
-2.153649894772716955e+00 7.861125104954193255e+00 0.000000000000000000e+00 -1.246539860767326147e-01 -2.659507333656296879e-01 0.000000000000000000e+00 1.206000000000000085e+02
-2.164645364357218327e+00 7.837636138156042875e+00 0.000000000000000000e+00 -1.099546958450137168e-01 -2.348896679815037913e-01 0.000000000000000000e+00 1.207000000000000028e+02
-2.175267360556060847e+00 7.814936357847055426e+00 0.000000000000000000e+00 -1.062199619884252044e-01 -2.269978030898744947e-01 0.000000000000000000e+00 1.208000000000000114e+02
-2.185889356754903812e+00 7.792236577538068865e+00 0.000000000000000000e+00 -1.062199619884296453e-01 -2.269978030898656129e-01 0.000000000000000000e+00 1.209000000000000057e+02
-2.196511352953746776e+00 7.769536797229081415e+00 0.000000000000000000e+00 -1.062199619884296453e-01 -2.269978030898744947e-01 0.000000000000000000e+00 1.210000000000000000e+02
-2.207133349152589297e+00 7.746837016920093966e+00 0.000000000000000000e+00 -1.062199619884252044e-01 -2.269978030898744947e-01 0.000000000000000000e+00 1.211000000000000085e+02
-2.217819195304520541e+00 7.724022838744977193e+00 0.000000000000000000e+00 -1.068584615193124421e-01 -2.281417817511677271e-01 0.000000000000000000e+00 1.212000000000000028e+02
-2.228895281320564248e+00 7.700509480608495494e+00 0.000000000000000000e+00 -1.107608601604370691e-01 -2.351335813648169903e-01 0.000000000000000000e+00 1.213000000000000114e+02
-2.239971367336607955e+00 7.676996122472013795e+00 0.000000000000000000e+00 -1.107608601604370691e-01 -2.351335813648169903e-01 0.000000000000000000e+00 1.214000000000000057e+02
-2.251047453352651218e+00 7.653482764335532984e+00 0.000000000000000000e+00 -1.107608601604326282e-01 -2.351335813648081086e-01 0.000000000000000000e+00 1.215000000000000000e+02
-2.262123539368694924e+00 7.629969406199051285e+00 0.000000000000000000e+00 -1.107608601604370691e-01 -2.351335813648169903e-01 0.000000000000000000e+00 1.216000000000000085e+02
-2.273199625384738631e+00 7.606456048062569586e+00 0.000000000000000000e+00 -1.107608601604370691e-01 -2.351335813648169903e-01 0.000000000000000000e+00 1.217000000000000028e+02
-2.285437731497634850e+00 7.580496108895138363e+00 0.000000000000000000e+00 -1.223810611289621875e-01 -2.595993916743122298e-01 0.000000000000000000e+00 1.218000000000000114e+02
-2.299078710750759758e+00 7.551582483450671290e+00 0.000000000000000000e+00 -1.364097925312490744e-01 -2.891362544446707261e-01 0.000000000000000000e+00 1.219000000000000057e+02
-2.312719690003884665e+00 7.522668858006203330e+00 0.000000000000000000e+00 -1.364097925312490744e-01 -2.891362544446796079e-01 0.000000000000000000e+00 1.220000000000000000e+02
-2.326360669257009572e+00 7.493755232561736257e+00 0.000000000000000000e+00 -1.364097925312490744e-01 -2.891362544446707261e-01 0.000000000000000000e+00 1.221000000000000085e+02
-2.340001648510134480e+00 7.464841607117268296e+00 0.000000000000000000e+00 -1.364097925312490744e-01 -2.891362544446796079e-01 0.000000000000000000e+00 1.222000000000000028e+02
-2.353642627763259387e+00 7.435927981672801224e+00 0.000000000000000000e+00 -1.364097925312490744e-01 -2.891362544446707261e-01 0.000000000000000000e+00 1.223000000000000114e+02
-2.367283607016384295e+00 7.407014356228333263e+00 0.000000000000000000e+00 -1.364097925312490744e-01 -2.891362544446796079e-01 0.000000000000000000e+00 1.224000000000000057e+02
-2.380924586269509202e+00 7.378100730783866190e+00 0.000000000000000000e+00 -1.364097925312490744e-01 -2.891362544446707261e-01 0.000000000000000000e+00 1.225000000000000000e+02
-2.394252931315083543e+00 7.349842049349701867e+00 0.000000000000000000e+00 -1.332834504557434130e-01 -2.825868143416432332e-01 0.000000000000000000e+00 1.226000000000000085e+02
-2.405379819596476398e+00 7.326195246228334845e+00 0.000000000000000000e+00 -1.112688828139285491e-01 -2.364680312136702156e-01 0.000000000000000000e+00 1.227000000000000028e+02
-2.416506707877869253e+00 7.302548443106967824e+00 0.000000000000000000e+00 -1.112688828139285491e-01 -2.364680312136702156e-01 0.000000000000000000e+00 1.228000000000000114e+02
-2.427633596159262108e+00 7.278901639985600802e+00 0.000000000000000000e+00 -1.112688828139285491e-01 -2.364680312136702156e-01 0.000000000000000000e+00 1.229000000000000057e+02
-2.438760484440654963e+00 7.255254836864233781e+00 0.000000000000000000e+00 -1.112688828139285491e-01 -2.364680312136702156e-01 0.000000000000000000e+00 1.230000000000000000e+02
-2.449887372722047818e+00 7.231608033742866759e+00 0.000000000000000000e+00 -1.112688828139285491e-01 -2.364680312136702156e-01 0.000000000000000000e+00 1.231000000000000085e+02
-2.461025180317959471e+00 7.207946838351040775e+00 0.000000000000000000e+00 -1.113780759591165292e-01 -2.366119539182598430e-01 0.000000000000000000e+00 1.232000000000000028e+02
-2.472181484881831537e+00 7.184261262915476287e+00 0.000000000000000000e+00 -1.115630456387206593e-01 -2.368557543556448763e-01 0.000000000000000000e+00 1.233000000000000114e+02
-2.483337789445703159e+00 7.160575687479911799e+00 0.000000000000000000e+00 -1.115630456387162184e-01 -2.368557543556448763e-01 0.000000000000000000e+00 1.234000000000000057e+02
-2.494494094009575225e+00 7.136890112044347312e+00 0.000000000000000000e+00 -1.115630456387206593e-01 -2.368557543556448763e-01 0.000000000000000000e+00 1.235000000000000000e+02
-2.505650398573446846e+00 7.113204536608782824e+00 0.000000000000000000e+00 -1.115630456387162184e-01 -2.368557543556448763e-01 0.000000000000000000e+00 1.236000000000000085e+02
-2.516806703137318912e+00 7.089518961173218337e+00 0.000000000000000000e+00 -1.115630456387206593e-01 -2.368557543556448763e-01 0.000000000000000000e+00 1.237000000000000028e+02
-2.529454730494498094e+00 7.062444968615992025e+00 0.000000000000000000e+00 -1.264802735717918125e-01 -2.707399255722631182e-01 0.000000000000000000e+00 1.238000000000000114e+02
-2.542940721681732796e+00 7.033467558747027226e+00 0.000000000000000000e+00 -1.348599118723470269e-01 -2.897740986896479853e-01 0.000000000000000000e+00 1.239000000000000057e+02
-2.556426712868967943e+00 7.004490148878062428e+00 0.000000000000000000e+00 -1.348599118723514678e-01 -2.897740986896479853e-01 0.000000000000000000e+00 1.240000000000000000e+02
-2.569912704056203090e+00 6.975512739009097629e+00 0.000000000000000000e+00 -1.348599118723514678e-01 -2.897740986896479853e-01 0.000000000000000000e+00 1.241000000000000085e+02
-2.583398695243437793e+00 6.946535329140132831e+00 0.000000000000000000e+00 -1.348599118723470269e-01 -2.897740986896479853e-01 0.000000000000000000e+00 1.242000000000000028e+02
-2.596884686430672939e+00 6.917557919271168032e+00 0.000000000000000000e+00 -1.348599118723514678e-01 -2.897740986896479853e-01 0.000000000000000000e+00 1.243000000000000114e+02
-2.610370677617908086e+00 6.888580509402203234e+00 0.000000000000000000e+00 -1.348599118723514678e-01 -2.897740986896479853e-01 0.000000000000000000e+00 1.244000000000000057e+02
-2.623856668805142789e+00 6.859603099533238435e+00 0.000000000000000000e+00 -1.348599118723470269e-01 -2.897740986896479853e-01 0.000000000000000000e+00 1.245000000000000000e+02
-2.638007223179965610e+00 6.829108742524713449e+00 0.000000000000000000e+00 -1.415055437482282130e-01 -3.049435700852498599e-01 0.000000000000000000e+00 1.246000000000000085e+02
-2.652428459719986087e+00 6.797996520211736282e+00 0.000000000000000000e+00 -1.442123654002047672e-01 -3.111222231297716689e-01 0.000000000000000000e+00 1.247000000000000028e+02
-2.666849696260007008e+00 6.766884297898758227e+00 0.000000000000000000e+00 -1.442123654002092081e-01 -3.111222231297805507e-01 0.000000000000000000e+00 1.248000000000000114e+02
-2.681270932800027484e+00 6.735772075585781060e+00 0.000000000000000000e+00 -1.442123654002047672e-01 -3.111222231297716689e-01 0.000000000000000000e+00 1.249000000000000057e+02
-2.695692169340048405e+00 6.704659853272803893e+00 0.000000000000000000e+00 -1.442123654002092081e-01 -3.111222231297716689e-01 0.000000000000000000e+00 1.250000000000000000e+02
-2.710113405880068882e+00 6.673547630959826726e+00 0.000000000000000000e+00 -1.442123654002047672e-01 -3.111222231297716689e-01 0.000000000000000000e+00 1.251000000000000085e+02
-2.724534642420089359e+00 6.642435408646849559e+00 0.000000000000000000e+00 -1.442123654002047672e-01 -3.111222231297716689e-01 0.000000000000000000e+00 1.252000000000000028e+02
-2.738955878960110280e+00 6.611323186333872393e+00 0.000000000000000000e+00 -1.442123654002092081e-01 -3.111222231297716689e-01 0.000000000000000000e+00 1.253000000000000114e+02
-2.753462871248554045e+00 6.580383609288817048e+00 0.000000000000000000e+00 -1.450699228844376520e-01 -3.093957704505534423e-01 0.000000000000000000e+00 1.254000000000000057e+02
-2.768011288332415720e+00 6.549527429509076626e+00 0.000000000000000000e+00 -1.454841708386167554e-01 -3.085617977974042248e-01 0.000000000000000000e+00 1.255000000000000000e+02
-2.782559705416277396e+00 6.518671249729336203e+00 0.000000000000000000e+00 -1.454841708386167554e-01 -3.085617977974042248e-01 0.000000000000000000e+00 1.256000000000000085e+02
-2.797108122500139515e+00 6.487815069949596669e+00 0.000000000000000000e+00 -1.454841708386211963e-01 -3.085617977973953430e-01 0.000000000000000000e+00 1.257000000000000028e+02
-2.811656539584001191e+00 6.456958890169856247e+00 0.000000000000000000e+00 -1.454841708386167554e-01 -3.085617977974042248e-01 0.000000000000000000e+00 1.258000000000000114e+02
-2.826204956667862866e+00 6.426102710390115824e+00 0.000000000000000000e+00 -1.454841708386167554e-01 -3.085617977974042248e-01 0.000000000000000000e+00 1.259000000000000057e+02
-2.840753373751724542e+00 6.395246530610376290e+00 0.000000000000000000e+00 -1.454841708386167554e-01 -3.085617977973953430e-01 0.000000000000000000e+00 1.260000000000000000e+02
-2.855301790835586218e+00 6.364390350830635867e+00 0.000000000000000000e+00 -1.454841708386167554e-01 -3.085617977974042248e-01 0.000000000000000000e+00 1.261000000000000085e+02
-2.868775018296736423e+00 6.335888056830454751e+00 0.000000000000000000e+00 -1.347322746115020564e-01 -2.850229400018111647e-01 0.000000000000000000e+00 1.262000000000000028e+02
-2.881589452048839206e+00 6.308828043438859723e+00 0.000000000000000000e+00 -1.281443375210278290e-01 -2.706001339159502805e-01 0.000000000000000000e+00 1.263000000000000114e+02
-2.894403885800941989e+00 6.281768030047263807e+00 0.000000000000000000e+00 -1.281443375210278290e-01 -2.706001339159591623e-01 0.000000000000000000e+00 1.264000000000000057e+02
-2.907218319553044772e+00 6.254708016655667890e+00 0.000000000000000000e+00 -1.281443375210278290e-01 -2.706001339159591623e-01 0.000000000000000000e+00 1.265000000000000000e+02
-2.920032753305147555e+00 6.227648003264072862e+00 0.000000000000000000e+00 -1.281443375210278290e-01 -2.706001339159502805e-01 0.000000000000000000e+00 1.266000000000000085e+02
-2.932847187057250338e+00 6.200587989872476946e+00 0.000000000000000000e+00 -1.281443375210278290e-01 -2.706001339159591623e-01 0.000000000000000000e+00 1.267000000000000028e+02
-2.945661620809353121e+00 6.173527976480881918e+00 0.000000000000000000e+00 -1.281443375210278290e-01 -2.706001339159502805e-01 0.000000000000000000e+00 1.268000000000000114e+02
-2.957523258654752851e+00 6.148489455202524212e+00 0.000000000000000000e+00 -1.186163784539973065e-01 -2.503852127835770602e-01 0.000000000000000000e+00 1.269000000000000057e+02
-2.968908255223177139e+00 6.124462196226482469e+00 0.000000000000000000e+00 -1.138499656842428820e-01 -2.402725897604174321e-01 0.000000000000000000e+00 1.270000000000000000e+02
-2.980293251791601428e+00 6.100434937250440726e+00 0.000000000000000000e+00 -1.138499656842428820e-01 -2.402725897604174321e-01 0.000000000000000000e+00 1.271000000000000085e+02
-2.991678248360025716e+00 6.076407678274398982e+00 0.000000000000000000e+00 -1.138499656842428820e-01 -2.402725897604174321e-01 0.000000000000000000e+00 1.272000000000000028e+02
-3.003063244928450004e+00 6.052380419298357239e+00 0.000000000000000000e+00 -1.138499656842428820e-01 -2.402725897604174321e-01 0.000000000000000000e+00 1.273000000000000114e+02
-3.014448241496874292e+00 6.028353160322315496e+00 0.000000000000000000e+00 -1.138499656842428820e-01 -2.402725897604174321e-01 0.000000000000000000e+00 1.274000000000000057e+02
-3.025764237844624560e+00 6.004467882667896106e+00 0.000000000000000000e+00 -1.131599634775026786e-01 -2.388527765441939010e-01 0.000000000000000000e+00 1.275000000000000000e+02
-3.035224134354181480e+00 5.984401890017434944e+00 0.000000000000000000e+00 -9.459896509556919852e-02 -2.006599265046116187e-01 0.000000000000000000e+00 1.276000000000000085e+02
-3.044684030863738400e+00 5.964335897366974670e+00 0.000000000000000000e+00 -9.459896509556919852e-02 -2.006599265046027369e-01 0.000000000000000000e+00 1.277000000000000028e+02
-3.054143927373295320e+00 5.944269904716513508e+00 0.000000000000000000e+00 -9.459896509556919852e-02 -2.006599265046116187e-01 0.000000000000000000e+00 1.278000000000000114e+02
-3.063603823882852240e+00 5.924203912066052347e+00 0.000000000000000000e+00 -9.459896509556919852e-02 -2.006599265046116187e-01 0.000000000000000000e+00 1.279000000000000057e+02
-3.072860801753536819e+00 5.904526334403619181e+00 0.000000000000000000e+00 -9.256977870684579557e-02 -1.967757766243316553e-01 0.000000000000000000e+00 1.280000000000000000e+02
-3.081201647502740837e+00 5.886602363255473591e+00 0.000000000000000000e+00 -8.340845749204017778e-02 -1.792397114814558989e-01 0.000000000000000000e+00 1.280999999999999943e+02
-3.089542493251943522e+00 5.868678392107329778e+00 0.000000000000000000e+00 -8.340845749202685511e-02 -1.792397114814381354e-01 0.000000000000000000e+00 1.282000000000000171e+02
-3.097883339001145764e+00 5.850754420959185964e+00 0.000000000000000000e+00 -8.340845749202241421e-02 -1.792397114814381354e-01 0.000000000000000000e+00 1.283000000000000114e+02
-3.106224184750348449e+00 5.832830449811042151e+00 0.000000000000000000e+00 -8.340845749202685511e-02 -1.792397114814381354e-01 0.000000000000000000e+00 1.284000000000000057e+02
-3.115278293726339243e+00 5.813132293594089894e+00 0.000000000000000000e+00 -9.054108975990793340e-02 -1.969815621695225616e-01 0.000000000000000000e+00 1.285000000000000000e+02
-3.124644377050105337e+00 5.792658126209188296e+00 0.000000000000000000e+00 -9.366083323766094537e-02 -2.047416738490159815e-01 0.000000000000000000e+00 1.285999999999999943e+02
-3.134010460373871432e+00 5.772183958824287586e+00 0.000000000000000000e+00 -9.366083323766094537e-02 -2.047416738490070998e-01 0.000000000000000000e+00 1.287000000000000171e+02
-3.143376543697637526e+00 5.751709791439386876e+00 0.000000000000000000e+00 -9.366083323766094537e-02 -2.047416738490070998e-01 0.000000000000000000e+00 1.288000000000000114e+02
-3.152742627021403177e+00 5.731235624054486166e+00 0.000000000000000000e+00 -9.366083323765650448e-02 -2.047416738490070998e-01 0.000000000000000000e+00 1.289000000000000057e+02
-3.162717324110009720e+00 5.709330550433584506e+00 0.000000000000000000e+00 -9.974697088606543360e-02 -2.190507362090166055e-01 0.000000000000000000e+00 1.290000000000000000e+02
-3.173411102246664228e+00 5.685734851961123049e+00 0.000000000000000000e+00 -1.069377813665450816e-01 -2.359569847246145713e-01 0.000000000000000000e+00 1.290999999999999943e+02
-3.184104880383318736e+00 5.662139153488661591e+00 0.000000000000000000e+00 -1.069377813665450816e-01 -2.359569847246145713e-01 0.000000000000000000e+00 1.292000000000000171e+02
-3.194798658519973245e+00 5.638543455016199246e+00 0.000000000000000000e+00 -1.069377813665450816e-01 -2.359569847246234531e-01 0.000000000000000000e+00 1.293000000000000114e+02
-3.205492436656627309e+00 5.614947756543737789e+00 0.000000000000000000e+00 -1.069377813665406407e-01 -2.359569847246145713e-01 0.000000000000000000e+00 1.294000000000000057e+02
-3.216186214793281817e+00 5.591352058071276332e+00 0.000000000000000000e+00 -1.069377813665450816e-01 -2.359569847246145713e-01 0.000000000000000000e+00 1.295000000000000000e+02
-3.227209418372927185e+00 5.567011162307200500e+00 0.000000000000000000e+00 -1.102320357964536868e-01 -2.434089576407583166e-01 0.000000000000000000e+00 1.295999999999999943e+02
-3.238935459598442534e+00 5.541080368976651016e+00 0.000000000000000000e+00 -1.172604122551534900e-01 -2.593079333054948421e-01 0.000000000000000000e+00 1.297000000000000171e+02
-3.250661500823957883e+00 5.515149575646101532e+00 0.000000000000000000e+00 -1.172604122551534900e-01 -2.593079333054948421e-01 0.000000000000000000e+00 1.298000000000000114e+02
-3.262387542049472788e+00 5.489218782315552048e+00 0.000000000000000000e+00 -1.172604122551490491e-01 -2.593079333054948421e-01 0.000000000000000000e+00 1.299000000000000057e+02
-3.274113583274988137e+00 5.463287988985002563e+00 0.000000000000000000e+00 -1.172604122551534900e-01 -2.593079333054948421e-01 0.000000000000000000e+00 1.300000000000000000e+02
-3.285839624500503042e+00 5.437357195654453079e+00 0.000000000000000000e+00 -1.172604122551490491e-01 -2.593079333054948421e-01 0.000000000000000000e+00 1.300999999999999943e+02
-3.297565665726018391e+00 5.411426402323903595e+00 0.000000000000000000e+00 -1.172604122551534900e-01 -2.593079333054948421e-01 0.000000000000000000e+00 1.302000000000000171e+02
-3.306945705183392814e+00 5.386886375086809231e+00 0.000000000000000000e+00 -9.380039457374422796e-02 -2.454002723709436395e-01 0.000000000000000000e+00 1.303000000000000114e+02
-3.314194767205059566e+00 5.363609642363703855e+00 0.000000000000000000e+00 -7.249062021666752287e-02 -2.327673272310537556e-01 0.000000000000000000e+00 1.304000000000000057e+02
-3.321443829226726319e+00 5.340332909640599368e+00 0.000000000000000000e+00 -7.249062021666752287e-02 -2.327673272310448738e-01 0.000000000000000000e+00 1.305000000000000000e+02
-3.328692891248392627e+00 5.317056176917493993e+00 0.000000000000000000e+00 -7.249062021666308198e-02 -2.327673272310537556e-01 0.000000000000000000e+00 1.305999999999999943e+02
-3.335941953270059379e+00 5.293779444194388617e+00 0.000000000000000000e+00 -7.249062021666752287e-02 -2.327673272310537556e-01 0.000000000000000000e+00 1.307000000000000171e+02
-3.343191015291726131e+00 5.270502711471283241e+00 0.000000000000000000e+00 -7.249062021666752287e-02 -2.327673272310537556e-01 0.000000000000000000e+00 1.308000000000000114e+02
-3.350752309876499524e+00 5.245680068745692815e+00 0.000000000000000000e+00 -7.561294584773392558e-02 -2.482264272559042695e-01 0.000000000000000000e+00 1.309000000000000057e+02
-3.358337517887020063e+00 5.220739027081544137e+00 0.000000000000000000e+00 -7.585208010520538835e-02 -2.494104166414867763e-01 0.000000000000000000e+00 1.310000000000000000e+02
-3.365922725897540602e+00 5.195797985417394571e+00 0.000000000000000000e+00 -7.585208010520538835e-02 -2.494104166414956580e-01 0.000000000000000000e+00 1.310999999999999943e+02
-3.373507933908061140e+00 5.170856943753245005e+00 0.000000000000000000e+00 -7.585208010520538835e-02 -2.494104166414956580e-01 0.000000000000000000e+00 1.312000000000000171e+02
-3.381093141918581235e+00 5.145915902089096328e+00 0.000000000000000000e+00 -7.585208010520094746e-02 -2.494104166414867763e-01 0.000000000000000000e+00 1.313000000000000114e+02
-3.388678349929101774e+00 5.120974860424946762e+00 0.000000000000000000e+00 -7.585208010520538835e-02 -2.494104166414956580e-01 0.000000000000000000e+00 1.314000000000000057e+02
-3.396929670798040757e+00 5.094053141876662139e+00 0.000000000000000000e+00 -8.251320868938982755e-02 -2.692171854828462330e-01 0.000000000000000000e+00 1.315000000000000000e+02
-3.405395609223744291e+00 5.066493261148740324e+00 0.000000000000000000e+00 -8.465938425703534165e-02 -2.755988072792181498e-01 0.000000000000000000e+00 1.315999999999999943e+02
-3.413861547649447381e+00 5.038933380420818509e+00 0.000000000000000000e+00 -8.465938425703090076e-02 -2.755988072792181498e-01 0.000000000000000000e+00 1.317000000000000171e+02
-3.422327486075150915e+00 5.011373499692896694e+00 0.000000000000000000e+00 -8.465938425703534165e-02 -2.755988072792181498e-01 0.000000000000000000e+00 1.318000000000000114e+02
-3.430793424500854005e+00 4.983813618964974879e+00 0.000000000000000000e+00 -8.465938425703090076e-02 -2.755988072792181498e-01 0.000000000000000000e+00 1.319000000000000057e+02
-3.439259362926557095e+00 4.956253738237053064e+00 0.000000000000000000e+00 -8.465938425703090076e-02 -2.755988072792181498e-01 0.000000000000000000e+00 1.320000000000000000e+02
-3.447725301352260630e+00 4.928693857509131249e+00 0.000000000000000000e+00 -8.465938425703534165e-02 -2.755988072792181498e-01 0.000000000000000000e+00 1.320999999999999943e+02
-3.455671669035186522e+00 4.903251989986854298e+00 0.000000000000000000e+00 -7.946367682925892240e-02 -2.544186752227695081e-01 0.000000000000000000e+00 1.322000000000000171e+02
-3.463598995719044726e+00 4.877887742476931798e+00 0.000000000000000000e+00 -7.927326683858204603e-02 -2.536424750992249955e-01 0.000000000000000000e+00 1.323000000000000114e+02
-3.471526322402903375e+00 4.852523494967009299e+00 0.000000000000000000e+00 -7.927326683858648693e-02 -2.536424750992249955e-01 0.000000000000000000e+00 1.324000000000000057e+02
-3.479453649086762024e+00 4.827159247457086799e+00 0.000000000000000000e+00 -7.927326683858648693e-02 -2.536424750992249955e-01 0.000000000000000000e+00 1.325000000000000000e+02
-3.487380975770620228e+00 4.801794999947164300e+00 0.000000000000000000e+00 -7.927326683858204603e-02 -2.536424750992249955e-01 0.000000000000000000e+00 1.325999999999999943e+02
-3.495308302454478877e+00 4.776430752437241800e+00 0.000000000000000000e+00 -7.927326683858648693e-02 -2.536424750992249955e-01 0.000000000000000000e+00 1.327000000000000171e+02
-3.502684648796829059e+00 4.752922152454186033e+00 0.000000000000000000e+00 -7.376346342350181828e-02 -2.350859998305576681e-01 0.000000000000000000e+00 1.328000000000000114e+02
-3.509575330840683183e+00 4.731049221997787768e+00 0.000000000000000000e+00 -6.890682043854123862e-02 -2.187293045639826516e-01 0.000000000000000000e+00 1.329000000000000057e+02
-3.516466012884537307e+00 4.709176291541388615e+00 0.000000000000000000e+00 -6.890682043854123862e-02 -2.187293045639915334e-01 0.000000000000000000e+00 1.330000000000000000e+02
-3.523356694928391430e+00 4.687303361084990350e+00 0.000000000000000000e+00 -6.890682043854123862e-02 -2.187293045639826516e-01 0.000000000000000000e+00 1.330999999999999943e+02
-3.530247376972245110e+00 4.665430430628592084e+00 0.000000000000000000e+00 -6.890682043853679772e-02 -2.187293045639826516e-01 0.000000000000000000e+00 1.332000000000000171e+02
-3.537163580184568001e+00 4.643529710234492569e+00 0.000000000000000000e+00 -6.916203212322891147e-02 -2.190072039409951543e-01 0.000000000000000000e+00 1.333000000000000114e+02
-3.544133934711070300e+00 4.621570024607304816e+00 0.000000000000000000e+00 -6.970354526502298143e-02 -2.195968562718775274e-01 0.000000000000000000e+00 1.334000000000000057e+02
-3.551104289237572598e+00 4.599610338980117064e+00 0.000000000000000000e+00 -6.970354526502298143e-02 -2.195968562718775274e-01 0.000000000000000000e+00 1.335000000000000000e+02
-3.558074643764074452e+00 4.577650653352930199e+00 0.000000000000000000e+00 -6.970354526501854053e-02 -2.195968562718686456e-01 0.000000000000000000e+00 1.335999999999999943e+02
-3.565044998290576750e+00 4.555690967725742446e+00 0.000000000000000000e+00 -6.970354526502298143e-02 -2.195968562718775274e-01 0.000000000000000000e+00 1.337000000000000171e+02
-3.572086644932675803e+00 4.533517616341302237e+00 0.000000000000000000e+00 -7.041646642099053111e-02 -2.217335138444020970e-01 0.000000000000000000e+00 1.338000000000000114e+02
-3.580208344315587876e+00 4.508107297098541189e+00 0.000000000000000000e+00 -8.121699382912073162e-02 -2.541031924276104803e-01 0.000000000000000000e+00 1.339000000000000057e+02
-3.588330043698499505e+00 4.482696977855781029e+00 0.000000000000000000e+00 -8.121699382911629073e-02 -2.541031924276015985e-01 0.000000000000000000e+00 1.340000000000000000e+02
-3.596451743081411578e+00 4.457286658613020869e+00 0.000000000000000000e+00 -8.121699382912073162e-02 -2.541031924276015985e-01 0.000000000000000000e+00 1.340999999999999943e+02
-3.604573442464323207e+00 4.431876339370259821e+00 0.000000000000000000e+00 -8.121699382911629073e-02 -2.541031924276104803e-01 0.000000000000000000e+00 1.342000000000000171e+02
-3.612695141847235281e+00 4.406466020127499661e+00 0.000000000000000000e+00 -8.121699382912073162e-02 -2.541031924276015985e-01 0.000000000000000000e+00 1.343000000000000114e+02
-3.620816841230146910e+00 4.381055700884739501e+00 0.000000000000000000e+00 -8.121699382911629073e-02 -2.541031924276015985e-01 0.000000000000000000e+00 1.344000000000000057e+02
-3.628385703670610862e+00 4.357560585719484791e+00 0.000000000000000000e+00 -7.568862440463952623e-02 -2.349511516525470967e-01 0.000000000000000000e+00 1.345000000000000000e+02
-3.635588581296695931e+00 4.335333359067069736e+00 0.000000000000000000e+00 -7.202877626085069096e-02 -2.222722665241505524e-01 0.000000000000000000e+00 1.345999999999999943e+02
-3.642791458922781000e+00 4.313106132414654681e+00 0.000000000000000000e+00 -7.202877626085069096e-02 -2.222722665241505524e-01 0.000000000000000000e+00 1.347000000000000171e+02
-3.649994336548866070e+00 4.290878905762239626e+00 0.000000000000000000e+00 -7.202877626085069096e-02 -2.222722665241505524e-01 0.000000000000000000e+00 1.348000000000000114e+02
-3.657197214174950695e+00 4.268651679109824570e+00 0.000000000000000000e+00 -7.202877626084625007e-02 -2.222722665241505524e-01 0.000000000000000000e+00 1.349000000000000057e+02
-3.664405696023929071e+00 4.246457221950673322e+00 0.000000000000000000e+00 -7.208481848978376405e-02 -2.219445715915124850e-01 0.000000000000000000e+00 1.350000000000000000e+02
-3.671713121788355849e+00 4.224841318148946812e+00 0.000000000000000000e+00 -7.307425764426778159e-02 -2.161590380172651038e-01 0.000000000000000000e+00 1.350999999999999943e+02
-3.679020547552782627e+00 4.203225414347220301e+00 0.000000000000000000e+00 -7.307425764426778159e-02 -2.161590380172651038e-01 0.000000000000000000e+00 1.352000000000000171e+02
-3.686327973317209405e+00 4.181609510545494679e+00 0.000000000000000000e+00 -7.307425764426778159e-02 -2.161590380172562220e-01 0.000000000000000000e+00 1.353000000000000114e+02
-3.693635399081636184e+00 4.159993606743768169e+00 0.000000000000000000e+00 -7.307425764426778159e-02 -2.161590380172651038e-01 0.000000000000000000e+00 1.354000000000000057e+02
-3.700942824846062962e+00 4.138377702942042546e+00 0.000000000000000000e+00 -7.307425764426778159e-02 -2.161590380172562220e-01 0.000000000000000000e+00 1.355000000000000000e+02
-3.712676997356681774e+00 4.115823525928751891e+00 0.000000000000000000e+00 -1.173417251061881217e-01 -2.255417701329065494e-01 0.000000000000000000e+00 1.355999999999999943e+02
-3.728063331270006664e+00 4.092495253308701564e+00 0.000000000000000000e+00 -1.538633391332488998e-01 -2.332827262005032765e-01 0.000000000000000000e+00 1.357000000000000171e+02
-3.743449665183331554e+00 4.069166980688651236e+00 0.000000000000000000e+00 -1.538633391332488998e-01 -2.332827262005032765e-01 0.000000000000000000e+00 1.358000000000000114e+02
-3.758835999096656444e+00 4.045838708068600909e+00 0.000000000000000000e+00 -1.538633391332488998e-01 -2.332827262005032765e-01 0.000000000000000000e+00 1.359000000000000057e+02
-3.774222333009981778e+00 4.022510435448550581e+00 0.000000000000000000e+00 -1.538633391332533407e-01 -2.332827262005032765e-01 0.000000000000000000e+00 1.360000000000000000e+02
-3.789608666923306668e+00 3.999182162828500253e+00 0.000000000000000000e+00 -1.538633391332488998e-01 -2.332827262005032765e-01 0.000000000000000000e+00 1.360999999999999943e+02
-3.804960032846164797e+00 3.975908057754658831e+00 0.000000000000000000e+00 -1.535136592285812895e-01 -2.327410507384142235e-01 0.000000000000000000e+00 1.362000000000000171e+02
-3.818498974046709904e+00 3.955441508922551641e+00 0.000000000000000000e+00 -1.353894120054510708e-01 -2.046654883210718978e-01 0.000000000000000000e+00 1.363000000000000114e+02
-3.832037915247255455e+00 3.934974960090444007e+00 0.000000000000000000e+00 -1.353894120054555117e-01 -2.046654883210763387e-01 0.000000000000000000e+00 1.364000000000000057e+02
-3.845576856447800562e+00 3.914508411258336373e+00 0.000000000000000000e+00 -1.353894120054510708e-01 -2.046654883210763387e-01 0.000000000000000000e+00 1.365000000000000000e+02
-3.859115797648346113e+00 3.894041862426229184e+00 0.000000000000000000e+00 -1.353894120054555117e-01 -2.046654883210718978e-01 0.000000000000000000e+00 1.365999999999999943e+02
-3.872654738848891220e+00 3.873575313594121550e+00 0.000000000000000000e+00 -1.353894120054510708e-01 -2.046654883210763387e-01 0.000000000000000000e+00 1.367000000000000171e+02
-3.887746131446053965e+00 3.850962548301281707e+00 0.000000000000000000e+00 -1.509139259716274495e-01 -2.261276529283984260e-01 0.000000000000000000e+00 1.368000000000000114e+02
-3.903614730397272581e+00 3.827275319051570257e+00 0.000000000000000000e+00 -1.586859895121861541e-01 -2.368722924971145005e-01 0.000000000000000000e+00 1.369000000000000057e+02
-3.919483329348491196e+00 3.803588089801859251e+00 0.000000000000000000e+00 -1.586859895121861541e-01 -2.368722924971100596e-01 0.000000000000000000e+00 1.370000000000000000e+02
-3.935351928299709812e+00 3.779900860552147801e+00 0.000000000000000000e+00 -1.586859895121861541e-01 -2.368722924971145005e-01 0.000000000000000000e+00 1.370999999999999943e+02
-3.951220527250927983e+00 3.756213631302436351e+00 0.000000000000000000e+00 -1.586859895121817132e-01 -2.368722924971145005e-01 0.000000000000000000e+00 1.372000000000000171e+02
-3.967089126202146598e+00 3.732526402052725345e+00 0.000000000000000000e+00 -1.586859895121861541e-01 -2.368722924971100596e-01 0.000000000000000000e+00 1.373000000000000114e+02
-3.984175112639549265e+00 3.706712853914646555e+00 0.000000000000000000e+00 -1.708598643740266709e-01 -2.581354813807879012e-01 0.000000000000000000e+00 1.374000000000000057e+02
-4.004191013773913177e+00 3.675781844793803543e+00 0.000000000000000000e+00 -2.001590113436391150e-01 -3.093100912084301157e-01 0.000000000000000000e+00 1.375000000000000000e+02
-4.024206914908275756e+00 3.644850835672960532e+00 0.000000000000000000e+00 -2.001590113436257923e-01 -3.093100912084301157e-01 0.000000000000000000e+00 1.375999999999999943e+02
-4.044222816042639224e+00 3.613919826552117964e+00 0.000000000000000000e+00 -2.001590113436346741e-01 -3.093100912084256748e-01 0.000000000000000000e+00 1.377000000000000171e+02
-4.064238717177002691e+00 3.582988817431274953e+00 0.000000000000000000e+00 -2.001590113436346741e-01 -3.093100912084301157e-01 0.000000000000000000e+00 1.378000000000000114e+02
-4.084254618311366158e+00 3.552057808310431941e+00 0.000000000000000000e+00 -2.001590113436346741e-01 -3.093100912084301157e-01 0.000000000000000000e+00 1.379000000000000057e+02
-4.104270519445729626e+00 3.521126799189588930e+00 0.000000000000000000e+00 -2.001590113436346741e-01 -3.093100912084301157e-01 0.000000000000000000e+00 1.380000000000000000e+02
-4.124286420580093093e+00 3.490195790068745918e+00 0.000000000000000000e+00 -2.001590113436346741e-01 -3.093100912084301157e-01 0.000000000000000000e+00 1.380999999999999943e+02
-4.144302321714456561e+00 3.459264780947902906e+00 0.000000000000000000e+00 -2.001590113436346741e-01 -3.093100912084301157e-01 0.000000000000000000e+00 1.382000000000000171e+02
-4.164318222848820028e+00 3.428333771827060339e+00 0.000000000000000000e+00 -2.001590113436346741e-01 -3.093100912084256748e-01 0.000000000000000000e+00 1.383000000000000114e+02
-4.181325016415195606e+00 3.401723202687291003e+00 0.000000000000000000e+00 -1.700679356637557760e-01 -2.661056913976933558e-01 0.000000000000000000e+00 1.384000000000000057e+02
-4.197211471247782377e+00 3.376721202250514864e+00 0.000000000000000000e+00 -1.588645483258677160e-01 -2.500200043677613948e-01 0.000000000000000000e+00 1.385000000000000000e+02
-4.213097926080369149e+00 3.351719201813738724e+00 0.000000000000000000e+00 -1.588645483258677160e-01 -2.500200043677613948e-01 0.000000000000000000e+00 1.385999999999999943e+02
-4.228984380912955920e+00 3.326717201376962585e+00 0.000000000000000000e+00 -1.588645483258677160e-01 -2.500200043677613948e-01 0.000000000000000000e+00 1.387000000000000171e+02
-4.244870835745543580e+00 3.301715200940186890e+00 0.000000000000000000e+00 -1.588645483258765978e-01 -2.500200043677569539e-01 0.000000000000000000e+00 1.388000000000000114e+02
-4.260757290578130352e+00 3.276713200503410750e+00 0.000000000000000000e+00 -1.588645483258677160e-01 -2.500200043677613948e-01 0.000000000000000000e+00 1.389000000000000057e+02
-4.276643745410717123e+00 3.251711200066634611e+00 0.000000000000000000e+00 -1.588645483258677160e-01 -2.500200043677613948e-01 0.000000000000000000e+00 1.390000000000000000e+02
-4.290624158255437415e+00 3.229988171335636427e+00 0.000000000000000000e+00 -1.398041284472029133e-01 -2.172302873099818399e-01 0.000000000000000000e+00 1.390999999999999943e+02
-4.304231830095698541e+00 3.208906370455327561e+00 0.000000000000000000e+00 -1.360767184026112631e-01 -2.108180088030886523e-01 0.000000000000000000e+00 1.392000000000000171e+02
-4.317839501935959667e+00 3.187824569575018696e+00 0.000000000000000000e+00 -1.360767184026112631e-01 -2.108180088030886523e-01 0.000000000000000000e+00 1.393000000000000114e+02
-4.331447173776220794e+00 3.166742768694709831e+00 0.000000000000000000e+00 -1.360767184026112631e-01 -2.108180088030886523e-01 0.000000000000000000e+00 1.394000000000000057e+02
-4.345054845616482808e+00 3.145660967814400966e+00 0.000000000000000000e+00 -1.360767184026201448e-01 -2.108180088030886523e-01 0.000000000000000000e+00 1.395000000000000000e+02
-4.358921636873677841e+00 3.124208358724835488e+00 0.000000000000000000e+00 -1.386679125719503247e-01 -2.145260908956547752e-01 0.000000000000000000e+00 1.395999999999999943e+02
-4.374180193599203292e+00 3.100764088542780073e+00 0.000000000000000000e+00 -1.525855672552545172e-01 -2.344427018205541557e-01 0.000000000000000000e+00 1.397000000000000171e+02
-4.389438750324727856e+00 3.077319818360724657e+00 0.000000000000000000e+00 -1.525855672552456355e-01 -2.344427018205541557e-01 0.000000000000000000e+00 1.398000000000000114e+02
-4.404697307050252419e+00 3.053875548178669685e+00 0.000000000000000000e+00 -1.525855672552456355e-01 -2.344427018205497149e-01 0.000000000000000000e+00 1.399000000000000057e+02
-4.419955863775776983e+00 3.030431277996614270e+00 0.000000000000000000e+00 -1.525855672552456355e-01 -2.344427018205541557e-01 0.000000000000000000e+00 1.400000000000000000e+02
-4.435214420501302435e+00 3.006987007814558854e+00 0.000000000000000000e+00 -1.525855672552545172e-01 -2.344427018205541557e-01 0.000000000000000000e+00 1.400999999999999943e+02
-4.450472977226826998e+00 2.983542737632503883e+00 0.000000000000000000e+00 -1.525855672552456355e-01 -2.344427018205497149e-01 0.000000000000000000e+00 1.402000000000000171e+02
-4.467292935894103145e+00 2.956676069617543590e+00 0.000000000000000000e+00 -1.681995866727614697e-01 -2.686666801496029322e-01 0.000000000000000000e+00 1.403000000000000114e+02
-4.484703200223385089e+00 2.928515525397886066e+00 0.000000000000000000e+00 -1.741026432928194367e-01 -2.816054421965752397e-01 0.000000000000000000e+00 1.404000000000000057e+02
-4.502113464552666144e+00 2.900354981178228542e+00 0.000000000000000000e+00 -1.741026432928105550e-01 -2.816054421965752397e-01 0.000000000000000000e+00 1.405000000000000000e+02
-4.519523728881948088e+00 2.872194436958571018e+00 0.000000000000000000e+00 -1.741026432928194367e-01 -2.816054421965752397e-01 0.000000000000000000e+00 1.405999999999999943e+02
-4.536933993211230032e+00 2.844033892738913494e+00 0.000000000000000000e+00 -1.741026432928194367e-01 -2.816054421965752397e-01 0.000000000000000000e+00 1.407000000000000171e+02
-4.554344257540511975e+00 2.815873348519255970e+00 0.000000000000000000e+00 -1.741026432928194367e-01 -2.816054421965752397e-01 0.000000000000000000e+00 1.408000000000000114e+02
-4.571754521869793919e+00 2.787712804299598446e+00 0.000000000000000000e+00 -1.741026432928194367e-01 -2.816054421965752397e-01 0.000000000000000000e+00 1.409000000000000057e+02
-4.589164786199074975e+00 2.759552260079940922e+00 0.000000000000000000e+00 -1.741026432928105550e-01 -2.816054421965752397e-01 0.000000000000000000e+00 1.410000000000000000e+02
-4.602563413372467771e+00 2.729912692153277476e+00 0.000000000000000000e+00 -1.339862717339279641e-01 -2.963956792666344597e-01 0.000000000000000000e+00 1.410999999999999943e+02
-4.610714612152016834e+00 2.698338484902636836e+00 0.000000000000000000e+00 -8.151198779549062579e-02 -3.157420725064064015e-01 0.000000000000000000e+00 1.412000000000000171e+02
-4.618865810931565896e+00 2.666764277651996640e+00 0.000000000000000000e+00 -8.151198779549062579e-02 -3.157420725064019607e-01 0.000000000000000000e+00 1.413000000000000114e+02
-4.627017009711114959e+00 2.635190070401356000e+00 0.000000000000000000e+00 -8.151198779549062579e-02 -3.157420725064064015e-01 0.000000000000000000e+00 1.414000000000000057e+02
-4.635168208490664021e+00 2.603615863150715803e+00 0.000000000000000000e+00 -8.151198779549062579e-02 -3.157420725064019607e-01 0.000000000000000000e+00 1.415000000000000000e+02
-4.643319407270213084e+00 2.572041655900075163e+00 0.000000000000000000e+00 -8.151198779549062579e-02 -3.157420725064064015e-01 0.000000000000000000e+00 1.415999999999999943e+02
-4.651470606049762146e+00 2.540467448649434967e+00 0.000000000000000000e+00 -8.151198779549062579e-02 -3.157420725064019607e-01 0.000000000000000000e+00 1.417000000000000171e+02
-4.659621804829311209e+00 2.508893241398794327e+00 0.000000000000000000e+00 -8.151198779549062579e-02 -3.157420725064064015e-01 0.000000000000000000e+00 1.418000000000000114e+02
-4.666740982760638978e+00 2.480972775152654464e+00 0.000000000000000000e+00 -7.119177931327769215e-02 -2.792046624613986339e-01 0.000000000000000000e+00 1.419000000000000057e+02
-4.673640751701668705e+00 2.453829099051777707e+00 0.000000000000000000e+00 -6.899768941029726932e-02 -2.714367610087675686e-01 0.000000000000000000e+00 1.420000000000000000e+02
-4.680540520642699320e+00 2.426685422950900950e+00 0.000000000000000000e+00 -6.899768941030615110e-02 -2.714367610087675686e-01 0.000000000000000000e+00 1.420999999999999943e+02
-4.687440289583729935e+00 2.399541746850024193e+00 0.000000000000000000e+00 -6.899768941030615110e-02 -2.714367610087675686e-01 0.000000000000000000e+00 1.422000000000000171e+02
-4.694340058524760551e+00 2.372398070749147880e+00 0.000000000000000000e+00 -6.899768941030615110e-02 -2.714367610087631277e-01 0.000000000000000000e+00 1.423000000000000114e+02
-4.701239827465791166e+00 2.345254394648271123e+00 0.000000000000000000e+00 -6.899768941030615110e-02 -2.714367610087675686e-01 0.000000000000000000e+00 1.424000000000000057e+02
-4.707881631149975377e+00 2.318013493176204420e+00 0.000000000000000000e+00 -6.641803684184210965e-02 -2.724090147206670309e-01 0.000000000000000000e+00 1.425000000000000000e+02
-4.714291589897158019e+00 2.290685210905909042e+00 0.000000000000000000e+00 -6.409958747182642469e-02 -2.732828227029537871e-01 0.000000000000000000e+00 1.425999999999999943e+02
-4.720701548644341550e+00 2.263356928635613663e+00 0.000000000000000000e+00 -6.409958747183530647e-02 -2.732828227029537871e-01 0.000000000000000000e+00 1.427000000000000171e+02
-4.727111507391524192e+00 2.236028646365318284e+00 0.000000000000000000e+00 -6.409958747182642469e-02 -2.732828227029537871e-01 0.000000000000000000e+00 1.428000000000000114e+02
-4.733521466138706835e+00 2.208700364095022906e+00 0.000000000000000000e+00 -6.409958747182642469e-02 -2.732828227029537871e-01 0.000000000000000000e+00 1.429000000000000057e+02
-4.739931424885890365e+00 2.181372081824727527e+00 0.000000000000000000e+00 -6.409958747183530647e-02 -2.732828227029537871e-01 0.000000000000000000e+00 1.430000000000000000e+02
-4.746341383633073008e+00 2.154043799554432148e+00 0.000000000000000000e+00 -6.409958747182642469e-02 -2.732828227029537871e-01 0.000000000000000000e+00 1.430999999999999943e+02
-4.755320814817203257e+00 2.124516522551281206e+00 0.000000000000000000e+00 -8.979431184130248766e-02 -2.952727700315094239e-01 0.000000000000000000e+00 1.432000000000000171e+02
-4.764999633955969038e+00 2.094390698388662653e+00 0.000000000000000000e+00 -9.678819138765781815e-02 -3.012582416261855300e-01 0.000000000000000000e+00 1.433000000000000114e+02
-4.774678453094733932e+00 2.064264874226044544e+00 0.000000000000000000e+00 -9.678819138764893637e-02 -3.012582416261810891e-01 0.000000000000000000e+00 1.434000000000000057e+02
-4.784357272233499714e+00 2.034139050063425991e+00 0.000000000000000000e+00 -9.678819138765781815e-02 -3.012582416261855300e-01 0.000000000000000000e+00 1.435000000000000000e+02
-4.794036091372264607e+00 2.004013225900807438e+00 0.000000000000000000e+00 -9.678819138764893637e-02 -3.012582416261855300e-01 0.000000000000000000e+00 1.435999999999999943e+02
-4.803714910511030389e+00 1.973887401738189329e+00 0.000000000000000000e+00 -9.678819138765781815e-02 -3.012582416261810891e-01 0.000000000000000000e+00 1.437000000000000171e+02
-4.813393729649795283e+00 1.943761577575570776e+00 0.000000000000000000e+00 -9.678819138764893637e-02 -3.012582416261855300e-01 0.000000000000000000e+00 1.438000000000000114e+02
-4.823734168461253802e+00 1.914260985952279226e+00 0.000000000000000000e+00 -1.034043881145851884e-01 -2.950059162329154994e-01 0.000000000000000000e+00 1.439000000000000057e+02
-4.851045451363881433e+00 1.900797891978422971e+00 0.000000000000000000e+00 -2.731128290262763159e-01 -1.346309397385625495e-01 0.000000000000000000e+00 1.440000000000000000e+02
-4.878356734266508177e+00 1.887334798004566716e+00 0.000000000000000000e+00 -2.731128290262674341e-01 -1.346309397385625495e-01 0.000000000000000000e+00 1.440999999999999943e+02
-4.905668017169135808e+00 1.873871704030710683e+00 0.000000000000000000e+00 -2.731128290262763159e-01 -1.346309397385603290e-01 0.000000000000000000e+00 1.442000000000000171e+02
-4.932979300071762552e+00 1.860408610056854428e+00 0.000000000000000000e+00 -2.731128290262674341e-01 -1.346309397385625495e-01 0.000000000000000000e+00 1.443000000000000114e+02
-4.960290582974389295e+00 1.846945516082998395e+00 0.000000000000000000e+00 -2.731128290262674341e-01 -1.346309397385603290e-01 0.000000000000000000e+00 1.444000000000000057e+02
-4.987601865877016927e+00 1.833482422109142140e+00 0.000000000000000000e+00 -2.731128290262763159e-01 -1.346309397385625495e-01 0.000000000000000000e+00 1.445000000000000000e+02
-5.016161364860549199e+00 1.820021226290067462e+00 0.000000000000000000e+00 -2.855949898353227212e-01 -1.346119581907467833e-01 0.000000000000000000e+00 1.445999999999999943e+02
-5.047401122721700162e+00 1.806564106324750840e+00 0.000000000000000000e+00 -3.123975786115096298e-01 -1.345711996531662180e-01 0.000000000000000000e+00 1.447000000000000171e+02
-5.078640880582851125e+00 1.793106986359433996e+00 0.000000000000000000e+00 -3.123975786115096298e-01 -1.345711996531684385e-01 0.000000000000000000e+00 1.448000000000000114e+02
-5.109880638444002976e+00 1.779649866394117375e+00 0.000000000000000000e+00 -3.123975786115185116e-01 -1.345711996531662180e-01 0.000000000000000000e+00 1.449000000000000057e+02
-5.141120396305153939e+00 1.766192746428800531e+00 0.000000000000000000e+00 -3.123975786115096298e-01 -1.345711996531684385e-01 0.000000000000000000e+00 1.450000000000000000e+02
-5.172360154166304902e+00 1.752735626463483909e+00 0.000000000000000000e+00 -3.123975786115096298e-01 -1.345711996531662180e-01 0.000000000000000000e+00 1.450999999999999943e+02
-5.203599912027455865e+00 1.739278506498167065e+00 0.000000000000000000e+00 -3.123975786115096298e-01 -1.345711996531684385e-01 0.000000000000000000e+00 1.452000000000000171e+02
-5.234839669888606828e+00 1.725821386532850443e+00 0.000000000000000000e+00 -3.123975786115096298e-01 -1.345711996531662180e-01 0.000000000000000000e+00 1.453000000000000114e+02
-5.267101342331939939e+00 1.711208295918658084e+00 0.000000000000000000e+00 -3.226167244333311146e-01 -1.461309061419235888e-01 0.000000000000000000e+00 1.454000000000000057e+02
-5.300250730189781656e+00 1.695591038242346915e+00 0.000000000000000000e+00 -3.314938785784171671e-01 -1.561725767631116923e-01 0.000000000000000000e+00 1.455000000000000000e+02
-5.333400118047622485e+00 1.679973780566035746e+00 0.000000000000000000e+00 -3.314938785784082853e-01 -1.561725767631116923e-01 0.000000000000000000e+00 1.455999999999999943e+02
-5.366549505905464201e+00 1.664356522889724577e+00 0.000000000000000000e+00 -3.314938785784171671e-01 -1.561725767631116923e-01 0.000000000000000000e+00 1.457000000000000171e+02
-5.399698893763305918e+00 1.648739265213413185e+00 0.000000000000000000e+00 -3.314938785784171671e-01 -1.561725767631139128e-01 0.000000000000000000e+00 1.458000000000000114e+02
-5.432848281621146747e+00 1.633122007537102016e+00 0.000000000000000000e+00 -3.314938785784082853e-01 -1.561725767631116923e-01 0.000000000000000000e+00 1.459000000000000057e+02
-5.465997669478988463e+00 1.617504749860790847e+00 0.000000000000000000e+00 -3.314938785784171671e-01 -1.561725767631116923e-01 0.000000000000000000e+00 1.460000000000000000e+02
-5.499147057336830180e+00 1.601887492184479678e+00 0.000000000000000000e+00 -3.314938785784171671e-01 -1.561725767631116923e-01 0.000000000000000000e+00 1.460999999999999943e+02
-5.532296445194671008e+00 1.586270234508168508e+00 0.000000000000000000e+00 -3.314938785784082853e-01 -1.561725767631116923e-01 0.000000000000000000e+00 1.462000000000000171e+02
-5.559846427921203649e+00 1.573380046884967021e+00 0.000000000000000000e+00 -2.754998272653264024e-01 -1.289018762320148781e-01 0.000000000000000000e+00 1.463000000000000114e+02
-5.586711282291290992e+00 1.560823536318449944e+00 0.000000000000000000e+00 -2.686485437008734323e-01 -1.255651056651707620e-01 0.000000000000000000e+00 1.464000000000000057e+02
-5.613576136661378335e+00 1.548267025751933090e+00 0.000000000000000000e+00 -2.686485437008734323e-01 -1.255651056651685415e-01 0.000000000000000000e+00 1.465000000000000000e+02
-5.640440991031464790e+00 1.535710515185416236e+00 0.000000000000000000e+00 -2.686485437008645505e-01 -1.255651056651685415e-01 0.000000000000000000e+00 1.465999999999999943e+02
-5.667305845401552133e+00 1.523154004618899382e+00 0.000000000000000000e+00 -2.686485437008734323e-01 -1.255651056651685415e-01 0.000000000000000000e+00 1.467000000000000171e+02
-5.694170699771638589e+00 1.510597494052382306e+00 0.000000000000000000e+00 -2.686485437008645505e-01 -1.255651056651707620e-01 0.000000000000000000e+00 1.468000000000000114e+02
-5.721035554141725932e+00 1.498040983485865452e+00 0.000000000000000000e+00 -2.686485437008734323e-01 -1.255651056651685415e-01 0.000000000000000000e+00 1.469000000000000057e+02
-5.744520071166615338e+00 1.486566527529966875e+00 0.000000000000000000e+00 -2.348451702488940640e-01 -1.147445595589857703e-01 0.000000000000000000e+00 1.470000000000000000e+02
-5.766213314532390832e+00 1.475665462843575026e+00 0.000000000000000000e+00 -2.169324336577549417e-01 -1.090106468639184811e-01 0.000000000000000000e+00 1.470999999999999943e+02
-5.787906557898165438e+00 1.464764398157183400e+00 0.000000000000000000e+00 -2.169324336577460599e-01 -1.090106468639162607e-01 0.000000000000000000e+00 1.472000000000000171e+02
-5.809599801263940044e+00 1.453863333470791552e+00 0.000000000000000000e+00 -2.169324336577460599e-01 -1.090106468639184811e-01 0.000000000000000000e+00 1.473000000000000114e+02
-5.831293044629715538e+00 1.442962268784399926e+00 0.000000000000000000e+00 -2.169324336577549417e-01 -1.090106468639162607e-01 0.000000000000000000e+00 1.474000000000000057e+02
-5.852986287995490144e+00 1.432061204098008078e+00 0.000000000000000000e+00 -2.169324336577460599e-01 -1.090106468639184811e-01 0.000000000000000000e+00 1.475000000000000000e+02
-5.868180290026185908e+00 1.416151121078135899e+00 0.000000000000000000e+00 -1.519400203069576349e-01 -1.591008301987217877e-01 0.000000000000000000e+00 1.475999999999999943e+02
-5.883348723843273120e+00 1.400221332427387555e+00 0.000000000000000000e+00 -1.516843381708721239e-01 -1.592978865074834438e-01 0.000000000000000000e+00 1.477000000000000171e+02
-5.898517157660359445e+00 1.384291543776639211e+00 0.000000000000000000e+00 -1.516843381708632421e-01 -1.592978865074834438e-01 0.000000000000000000e+00 1.478000000000000114e+02
-5.913685591477446657e+00 1.368361755125890866e+00 0.000000000000000000e+00 -1.516843381708721239e-01 -1.592978865074834438e-01 0.000000000000000000e+00 1.479000000000000057e+02
-5.928854025294532981e+00 1.352431966475142522e+00 0.000000000000000000e+00 -1.516843381708632421e-01 -1.592978865074834438e-01 0.000000000000000000e+00 1.480000000000000000e+02
-5.939606329061570378e+00 1.334476407492481753e+00 0.000000000000000000e+00 -1.075230376703739665e-01 -1.795555898266076866e-01 0.000000000000000000e+00 1.480999999999999943e+02
-5.928209240541176150e+00 1.306360463453845933e+00 0.000000000000000000e+00 1.139708852039422737e-01 -2.811594403863582059e-01 0.000000000000000000e+00 1.482000000000000171e+02
-5.916812152020782811e+00 1.278244519415210112e+00 0.000000000000000000e+00 1.139708852039333919e-01 -2.811594403863582059e-01 0.000000000000000000e+00 1.483000000000000114e+02
-5.905415063500388584e+00 1.250128575376574069e+00 0.000000000000000000e+00 1.139708852039422737e-01 -2.811594403863604263e-01 0.000000000000000000e+00 1.484000000000000057e+02
-5.894017974979995245e+00 1.222012631337938249e+00 0.000000000000000000e+00 1.139708852039333919e-01 -2.811594403863582059e-01 0.000000000000000000e+00 1.485000000000000000e+02
-5.882620886459601017e+00 1.193896687299302428e+00 0.000000000000000000e+00 1.139708852039422737e-01 -2.811594403863582059e-01 0.000000000000000000e+00 1.485999999999999943e+02
-5.871223797939206790e+00 1.165780743260666386e+00 0.000000000000000000e+00 1.139708852039422737e-01 -2.811594403863604263e-01 0.000000000000000000e+00 1.487000000000000171e+02
-5.859826709418813451e+00 1.137664799222030565e+00 0.000000000000000000e+00 1.139708852039333919e-01 -2.811594403863582059e-01 0.000000000000000000e+00 1.488000000000000114e+02
-5.841203920322620924e+00 1.106207202789828425e+00 0.000000000000000000e+00 1.862278909619252687e-01 -3.145759643220213952e-01 0.000000000000000000e+00 1.489000000000000057e+02
-5.818255914921527605e+00 1.072749333959629015e+00 0.000000000000000000e+00 2.294800540109331877e-01 -3.345786883019941094e-01 0.000000000000000000e+00 1.490000000000000000e+02
-5.795307909520433398e+00 1.039291465129429382e+00 0.000000000000000000e+00 2.294800540109420695e-01 -3.345786883019963298e-01 0.000000000000000000e+00 1.490999999999999943e+02
-5.772359904119340079e+00 1.005833596299229971e+00 0.000000000000000000e+00 2.294800540109331877e-01 -3.345786883019941094e-01 0.000000000000000000e+00 1.492000000000000171e+02
-5.749411898718245872e+00 9.723757274690303376e-01 0.000000000000000000e+00 2.294800540109420695e-01 -3.345786883019963298e-01 0.000000000000000000e+00 1.493000000000000114e+02
-5.726463893317152554e+00 9.389178586388308156e-01 0.000000000000000000e+00 2.294800540109331877e-01 -3.345786883019952196e-01 0.000000000000000000e+00 1.494000000000000057e+02
-5.703515887916058347e+00 9.054599898086312937e-01 0.000000000000000000e+00 2.294800540109420695e-01 -3.345786883019952196e-01 0.000000000000000000e+00 1.495000000000000000e+02
-5.680567882514964140e+00 8.720021209784317717e-01 0.000000000000000000e+00 2.294800540109420695e-01 -3.345786883019952196e-01 0.000000000000000000e+00 1.495999999999999943e+02
-5.657619877113870821e+00 8.385442521482322498e-01 0.000000000000000000e+00 2.294800540109331877e-01 -3.345786883019952196e-01 0.000000000000000000e+00 1.497000000000000171e+02
-5.634671871712777502e+00 8.050863833180326168e-01 0.000000000000000000e+00 2.294800540109331877e-01 -3.345786883019963298e-01 0.000000000000000000e+00 1.498000000000000114e+02
-5.615169533151116887e+00 7.755402873146274301e-01 0.000000000000000000e+00 1.950233856166061486e-01 -2.954609600340518671e-01 0.000000000000000000e+00 1.499000000000000057e+02
-5.596583585120076698e+00 7.470345448170763181e-01 0.000000000000000000e+00 1.858594803104018922e-01 -2.850574249755111200e-01 0.000000000000000000e+00 1.500000000000000000e+02
-5.577997637089036509e+00 7.185288023195252061e-01 0.000000000000000000e+00 1.858594803104018922e-01 -2.850574249755111200e-01 0.000000000000000000e+00 1.500999999999999943e+02
-5.559411689057995432e+00 6.900230598219742051e-01 0.000000000000000000e+00 1.858594803104107740e-01 -2.850574249755100098e-01 0.000000000000000000e+00 1.502000000000000171e+02
-5.540825741026955242e+00 6.615173173244230931e-01 0.000000000000000000e+00 1.858594803104018922e-01 -2.850574249755111200e-01 0.000000000000000000e+00 1.503000000000000114e+02
-5.522239792995915053e+00 6.330115748268719811e-01 0.000000000000000000e+00 1.858594803104018922e-01 -2.850574249755111200e-01 0.000000000000000000e+00 1.504000000000000057e+02
-5.503653844964874864e+00 6.045058323293208691e-01 0.000000000000000000e+00 1.858594803104018922e-01 -2.850574249755111200e-01 0.000000000000000000e+00 1.505000000000000000e+02
-5.485500388743786537e+00 5.767453783245292120e-01 0.000000000000000000e+00 1.815345622108832657e-01 -2.776045400479165703e-01 0.000000000000000000e+00 1.505999999999999943e+02
-5.469005823043531223e+00 5.518435958309015898e-01 0.000000000000000000e+00 1.649456570025531477e-01 -2.490178249362762219e-01 0.000000000000000000e+00 1.507000000000000171e+02
-5.452511257343275020e+00 5.269418133372738566e-01 0.000000000000000000e+00 1.649456570025620294e-01 -2.490178249362773322e-01 0.000000000000000000e+00 1.508000000000000114e+02
-5.436016691643018817e+00 5.020400308436462344e-01 0.000000000000000000e+00 1.649456570025620294e-01 -2.490178249362762219e-01 0.000000000000000000e+00 1.509000000000000057e+02
-5.419522125942763502e+00 4.771382483500185567e-01 0.000000000000000000e+00 1.649456570025531477e-01 -2.490178249362767771e-01 0.000000000000000000e+00 1.510000000000000000e+02
-5.403027560242507299e+00 4.522364658563908790e-01 0.000000000000000000e+00 1.649456570025620294e-01 -2.490178249362767771e-01 0.000000000000000000e+00 1.510999999999999943e+02
-5.386532994542251096e+00 4.273346833627632568e-01 0.000000000000000000e+00 1.649456570025620294e-01 -2.490178249362762219e-01 0.000000000000000000e+00 1.512000000000000171e+02
-5.369757788523771502e+00 4.017338933785024602e-01 0.000000000000000000e+00 1.677520601847959369e-01 -2.560078998426079666e-01 0.000000000000000000e+00 1.513000000000000114e+02
-5.351963663052818454e+00 3.735952202627789154e-01 0.000000000000000000e+00 1.779412547095304831e-01 -2.813867311572354479e-01 0.000000000000000000e+00 1.514000000000000057e+02
-5.334169537581866294e+00 3.454565471470554261e-01 0.000000000000000000e+00 1.779412547095216013e-01 -2.813867311572348928e-01 0.000000000000000000e+00 1.515000000000000000e+02
-5.316375412110913246e+00 3.173178740313319368e-01 0.000000000000000000e+00 1.779412547095304831e-01 -2.813867311572348928e-01 0.000000000000000000e+00 1.515999999999999943e+02
-5.298581286639961085e+00 2.891792009156084475e-01 0.000000000000000000e+00 1.779412547095216013e-01 -2.813867311572348928e-01 0.000000000000000000e+00 1.517000000000000171e+02
-5.280787161169008037e+00 2.610405277998849582e-01 0.000000000000000000e+00 1.779412547095304831e-01 -2.813867311572348928e-01 0.000000000000000000e+00 1.518000000000000114e+02
-5.262993035698055877e+00 2.329018546841614135e-01 0.000000000000000000e+00 1.779412547095216013e-01 -2.813867311572354479e-01 0.000000000000000000e+00 1.519000000000000057e+02
-5.245198910227102829e+00 2.047631815684379242e-01 0.000000000000000000e+00 1.779412547095304831e-01 -2.813867311572348928e-01 0.000000000000000000e+00 1.520000000000000000e+02
-5.228164230215571529e+00 1.766760971862380847e-01 0.000000000000000000e+00 1.703468001153130018e-01 -2.808708438219983949e-01 0.000000000000000000e+00 1.520999999999999943e+02
-5.221890840625936114e+00 1.493200216435265903e-01 0.000000000000000000e+00 6.273389589635414154e-02 -2.735607554271149433e-01 0.000000000000000000e+00 1.522000000000000171e+02
-5.215617451036301588e+00 1.219639461008150960e-01 0.000000000000000000e+00 6.273389589634525976e-02 -2.735607554271149433e-01 0.000000000000000000e+00 1.523000000000000114e+02
-5.209344061446666174e+00 9.460787055810361557e-02 0.000000000000000000e+00 6.273389589635414154e-02 -2.735607554271147768e-01 0.000000000000000000e+00 1.524000000000000057e+02
-5.203070671857031648e+00 6.725179501539213511e-02 0.000000000000000000e+00 6.273389589634525976e-02 -2.735607554271147768e-01 0.000000000000000000e+00 1.525000000000000000e+02
-5.196797282267396234e+00 3.989571947268064078e-02 0.000000000000000000e+00 6.273389589635414154e-02 -2.735607554271149433e-01 0.000000000000000000e+00 1.525999999999999943e+02
-5.190523892677761708e+00 1.253964392996914645e-02 0.000000000000000000e+00 6.273389589634525976e-02 -2.735607554271149433e-01 0.000000000000000000e+00 1.527000000000000171e+02
-5.185879920031849721e+00 -1.228636715500328914e-02 0.000000000000000000e+00 4.643972645911986774e-02 -2.482601108497243247e-01 0.000000000000000000e+00 1.528000000000000114e+02
-5.181695512783591973e+00 -3.639879165117198417e-02 0.000000000000000000e+00 4.184407248257748790e-02 -2.411242449616869676e-01 0.000000000000000000e+00 1.529000000000000057e+02
-5.177511105535333336e+00 -6.051121614734068788e-02 0.000000000000000000e+00 4.184407248258636969e-02 -2.411242449616870231e-01 0.000000000000000000e+00 1.530000000000000000e+02
-5.173326698287075587e+00 -8.462364064350938464e-02 0.000000000000000000e+00 4.184407248257748790e-02 -2.411242449616869676e-01 0.000000000000000000e+00 1.530999999999999943e+02
-5.169142291038816950e+00 -1.087360651396780814e-01 0.000000000000000000e+00 4.184407248258636969e-02 -2.411242449616869676e-01 0.000000000000000000e+00 1.532000000000000171e+02
-5.164765976200944131e+00 -1.335192544326238573e-01 0.000000000000000000e+00 4.376314837872818941e-02 -2.478318929294577588e-01 0.000000000000000000e+00 1.533000000000000114e+02
-5.159699389940471725e+00 -1.607151141750706169e-01 0.000000000000000000e+00 5.066586260472405456e-02 -2.719585974244675963e-01 0.000000000000000000e+00 1.534000000000000057e+02
-5.154632803680000208e+00 -1.879109739175173766e-01 0.000000000000000000e+00 5.066586260471517278e-02 -2.719585974244675963e-01 0.000000000000000000e+00 1.535000000000000000e+02
-5.149566217419528691e+00 -2.151068336599641362e-01 0.000000000000000000e+00 5.066586260471517278e-02 -2.719585974244675963e-01 0.000000000000000000e+00 1.536000000000000227e+02
-5.144499631159057174e+00 -2.423026934024109236e-01 0.000000000000000000e+00 5.066586260471517278e-02 -2.719585974244678739e-01 0.000000000000000000e+00 1.537000000000000171e+02
-5.139433044898585656e+00 -2.694985531448577110e-01 0.000000000000000000e+00 5.066586260471517278e-02 -2.719585974244678739e-01 0.000000000000000000e+00 1.538000000000000114e+02
-5.134366458638114139e+00 -2.966944128873044706e-01 0.000000000000000000e+00 5.066586260471517278e-02 -2.719585974244675963e-01 0.000000000000000000e+00 1.539000000000000057e+02
-5.128655737465479092e+00 -3.243409577265120025e-01 0.000000000000000000e+00 5.710721172635047083e-02 -2.764654483920753192e-01 0.000000000000000000e+00 1.540000000000000000e+02
-5.122719401691009367e+00 -3.521453594629905259e-01 0.000000000000000000e+00 5.936335774469725379e-02 -2.780440173647852342e-01 0.000000000000000000e+00 1.541000000000000227e+02
-5.116783065916540529e+00 -3.799497611994691049e-01 0.000000000000000000e+00 5.936335774468837201e-02 -2.780440173647857893e-01 0.000000000000000000e+00 1.542000000000000171e+02
-5.110846730142070804e+00 -4.077541629359476283e-01 0.000000000000000000e+00 5.936335774469725379e-02 -2.780440173647852342e-01 0.000000000000000000e+00 1.543000000000000114e+02
-5.104910394367601967e+00 -4.355585646724261517e-01 0.000000000000000000e+00 5.936335774468837201e-02 -2.780440173647852342e-01 0.000000000000000000e+00 1.544000000000000057e+02
-5.098974058593133130e+00 -4.633629664089047306e-01 0.000000000000000000e+00 5.936335774468837201e-02 -2.780440173647857893e-01 0.000000000000000000e+00 1.545000000000000000e+02
-5.092997421405951464e+00 -4.911731783221150449e-01 0.000000000000000000e+00 5.976637187181665922e-02 -2.781021191321031427e-01 0.000000000000000000e+00 1.546000000000000227e+02
-5.086171926538701094e+00 -5.191057684054536381e-01 0.000000000000000000e+00 6.825494867250370135e-02 -2.793259008333859317e-01 0.000000000000000000e+00 1.547000000000000171e+02
-5.079346431671450723e+00 -5.470383584887923423e-01 0.000000000000000000e+00 6.825494867250370135e-02 -2.793259008333870419e-01 0.000000000000000000e+00 1.548000000000000114e+02
-5.072520936804200353e+00 -5.749709485721309354e-01 0.000000000000000000e+00 6.825494867250370135e-02 -2.793259008333859317e-01 0.000000000000000000e+00 1.549000000000000057e+02
-5.065695441936949983e+00 -6.029035386554696396e-01 0.000000000000000000e+00 6.825494867250370135e-02 -2.793259008333870419e-01 0.000000000000000000e+00 1.550000000000000000e+02
-5.058869947069699613e+00 -6.308361287388082328e-01 0.000000000000000000e+00 6.825494867250370135e-02 -2.793259008333859317e-01 0.000000000000000000e+00 1.551000000000000227e+02
-5.052044452202449243e+00 -6.587687188221469370e-01 0.000000000000000000e+00 6.825494867250370135e-02 -2.793259008333870419e-01 0.000000000000000000e+00 1.552000000000000171e+02
-5.042952273647344441e+00 -6.864952843643277181e-01 0.000000000000000000e+00 9.092178555104801774e-02 -2.772656554218078107e-01 0.000000000000000000e+00 1.553000000000000114e+02
-5.024996609431944705e+00 -7.134162255593593516e-01 0.000000000000000000e+00 1.795566421539973589e-01 -2.692094119503163352e-01 0.000000000000000000e+00 1.554000000000000057e+02
-5.007040945216544969e+00 -7.403371667543910961e-01 0.000000000000000000e+00 1.795566421539973589e-01 -2.692094119503174454e-01 0.000000000000000000e+00 1.555000000000000000e+02
-4.989085281001145233e+00 -7.672581079494227296e-01 0.000000000000000000e+00 1.795566421539973589e-01 -2.692094119503163352e-01 0.000000000000000000e+00 1.556000000000000227e+02
-4.971129616785746386e+00 -7.941790491444544742e-01 0.000000000000000000e+00 1.795566421539884772e-01 -2.692094119503174454e-01 0.000000000000000000e+00 1.557000000000000171e+02
-4.953173952570346650e+00 -8.210999903394861077e-01 0.000000000000000000e+00 1.795566421539973589e-01 -2.692094119503163352e-01 0.000000000000000000e+00 1.558000000000000114e+02
-4.935218288354946914e+00 -8.480209315345177412e-01 0.000000000000000000e+00 1.795566421539973589e-01 -2.692094119503163352e-01 0.000000000000000000e+00 1.559000000000000057e+02
-4.917262624139547178e+00 -8.749418727295494858e-01 0.000000000000000000e+00 1.795566421539973589e-01 -2.692094119503174454e-01 0.000000000000000000e+00 1.560000000000000000e+02
-4.900581194420954745e+00 -8.996875467314581210e-01 0.000000000000000000e+00 1.668142971859243318e-01 -2.474567400190863520e-01 0.000000000000000000e+00 1.561000000000000227e+02
-4.884542177273749175e+00 -9.233365474016596020e-01 0.000000000000000000e+00 1.603901714720556981e-01 -2.364900067020148100e-01 0.000000000000000000e+00 1.562000000000000171e+02
-4.868503160126543605e+00 -9.469855480718611940e-01 0.000000000000000000e+00 1.603901714720556981e-01 -2.364900067020159202e-01 0.000000000000000000e+00 1.563000000000000114e+02
-4.852464142979338035e+00 -9.706345487420626750e-01 0.000000000000000000e+00 1.603901714720556981e-01 -2.364900067020148100e-01 0.000000000000000000e+00 1.564000000000000057e+02
-4.836425125832132466e+00 -9.942835494122642670e-01 0.000000000000000000e+00 1.603901714720556981e-01 -2.364900067020159202e-01 0.000000000000000000e+00 1.565000000000000000e+02
-4.820386108684926896e+00 -1.017932550082465859e+00 0.000000000000000000e+00 1.603901714720556981e-01 -2.364900067020159202e-01 0.000000000000000000e+00 1.566000000000000227e+02
-4.804347091537721326e+00 -1.041581550752667340e+00 0.000000000000000000e+00 1.603901714720556981e-01 -2.364900067020148100e-01 0.000000000000000000e+00 1.567000000000000171e+02
-4.790225640214266001e+00 -1.064035361531920687e+00 0.000000000000000000e+00 1.412145132345532517e-01 -2.245381077925334701e-01 0.000000000000000000e+00 1.568000000000000114e+02
-4.776186200015557048e+00 -1.086438056012568376e+00 0.000000000000000000e+00 1.403944019870895232e-01 -2.240269448064768909e-01 0.000000000000000000e+00 1.569000000000000057e+02
-4.762146759816848096e+00 -1.108840750493216287e+00 0.000000000000000000e+00 1.403944019870895232e-01 -2.240269448064791113e-01 0.000000000000000000e+00 1.570000000000000000e+02
-4.748107319618140032e+00 -1.131243444973863976e+00 0.000000000000000000e+00 1.403944019870806414e-01 -2.240269448064768909e-01 0.000000000000000000e+00 1.571000000000000227e+02
-4.734067879419431080e+00 -1.153646139454511665e+00 0.000000000000000000e+00 1.403944019870895232e-01 -2.240269448064768909e-01 0.000000000000000000e+00 1.572000000000000171e+02
-4.720028439220723016e+00 -1.176048833935159577e+00 0.000000000000000000e+00 1.403944019870806414e-01 -2.240269448064791113e-01 0.000000000000000000e+00 1.573000000000000114e+02
-4.706999464680782452e+00 -1.197015199064284552e+00 0.000000000000000000e+00 1.302897453994056320e-01 -2.096636512912497530e-01 0.000000000000000000e+00 1.574000000000000057e+02
-4.695027528746292589e+00 -1.216479033591281400e+00 0.000000000000000000e+00 1.197193593448986348e-01 -1.946383452699684824e-01 0.000000000000000000e+00 1.575000000000000000e+02
-4.683055592811801837e+00 -1.235942868118278026e+00 0.000000000000000000e+00 1.197193593449075166e-01 -1.946383452699662620e-01 0.000000000000000000e+00 1.576000000000000227e+02
-4.671083656877311974e+00 -1.255406702645274652e+00 0.000000000000000000e+00 1.197193593448986348e-01 -1.946383452699662620e-01 0.000000000000000000e+00 1.577000000000000171e+02
-4.659111720942821222e+00 -1.274870537172271501e+00 0.000000000000000000e+00 1.197193593449075166e-01 -1.946383452699684824e-01 0.000000000000000000e+00 1.578000000000000114e+02
-4.647703798163237643e+00 -1.294560518785165870e+00 0.000000000000000000e+00 1.140792277958357914e-01 -1.968998161289436943e-01 0.000000000000000000e+00 1.579000000000000057e+02
-4.640897714896060400e+00 -1.316095656998482966e+00 0.000000000000000000e+00 6.806083267177243101e-02 -2.153513821331709543e-01 0.000000000000000000e+00 1.580000000000000000e+02
-4.634091631628883157e+00 -1.337630795211800061e+00 0.000000000000000000e+00 6.806083267177243101e-02 -2.153513821331709543e-01 0.000000000000000000e+00 1.581000000000000227e+02
-4.627285548361706802e+00 -1.359165933425117156e+00 0.000000000000000000e+00 6.806083267176354923e-02 -2.153513821331709543e-01 0.000000000000000000e+00 1.582000000000000171e+02
-4.620479465094529559e+00 -1.380701071638434030e+00 0.000000000000000000e+00 6.806083267177243101e-02 -2.153513821331687339e-01 0.000000000000000000e+00 1.583000000000000114e+02
-4.613673381827353204e+00 -1.402236209851751125e+00 0.000000000000000000e+00 6.806083267176354923e-02 -2.153513821331709543e-01 0.000000000000000000e+00 1.584000000000000057e+02
-4.619276468536087421e+00 -1.425504880256522000e+00 0.000000000000000000e+00 -5.603086708734217325e-02 -2.326867040477087478e-01 0.000000000000000000e+00 1.585000000000000000e+02
-4.633349632987012079e+00 -1.449956800826992964e+00 0.000000000000000000e+00 -1.407316445092465784e-01 -2.445192057047096412e-01 0.000000000000000000e+00 1.586000000000000227e+02
-4.647422797437935849e+00 -1.474408721397464150e+00 0.000000000000000000e+00 -1.407316445092376966e-01 -2.445192057047118617e-01 0.000000000000000000e+00 1.587000000000000171e+02
-4.661495961888859618e+00 -1.498860641967935337e+00 0.000000000000000000e+00 -1.407316445092376966e-01 -2.445192057047118617e-01 0.000000000000000000e+00 1.588000000000000114e+02
-4.675569126339784276e+00 -1.523312562538406301e+00 0.000000000000000000e+00 -1.407316445092465784e-01 -2.445192057047096412e-01 0.000000000000000000e+00 1.589000000000000057e+02
-4.689642290790708046e+00 -1.547764483108877487e+00 0.000000000000000000e+00 -1.407316445092376966e-01 -2.445192057047118617e-01 0.000000000000000000e+00 1.590000000000000000e+02
-4.703715455241632704e+00 -1.572216403679348673e+00 0.000000000000000000e+00 -1.407316445092465784e-01 -2.445192057047118617e-01 0.000000000000000000e+00 1.591000000000000227e+02
-4.722396016260011820e+00 -1.597718395741000386e+00 0.000000000000000000e+00 -1.868056101837911598e-01 -2.550199206165171262e-01 0.000000000000000000e+00 1.592000000000000171e+02
-4.743331275013312975e+00 -1.623734255835934226e+00 0.000000000000000000e+00 -2.093525875330115582e-01 -2.601586009493384033e-01 0.000000000000000000e+00 1.593000000000000114e+02
-4.764266533766613243e+00 -1.649750115930868066e+00 0.000000000000000000e+00 -2.093525875330026764e-01 -2.601586009493384033e-01 0.000000000000000000e+00 1.594000000000000057e+02
-4.785201792519913511e+00 -1.675765976025802129e+00 0.000000000000000000e+00 -2.093525875330026764e-01 -2.601586009493406237e-01 0.000000000000000000e+00 1.595000000000000000e+02
-4.806137051273213778e+00 -1.701781836120735969e+00 0.000000000000000000e+00 -2.093525875330026764e-01 -2.601586009493384033e-01 0.000000000000000000e+00 1.596000000000000227e+02
-4.827072310026514934e+00 -1.727797696215670031e+00 0.000000000000000000e+00 -2.093525875330115582e-01 -2.601586009493406237e-01 0.000000000000000000e+00 1.597000000000000171e+02
-4.848007568779815202e+00 -1.753813556310603872e+00 0.000000000000000000e+00 -2.093525875330026764e-01 -2.601586009493384033e-01 0.000000000000000000e+00 1.598000000000000114e+02
-4.868942827533115469e+00 -1.779829416405537934e+00 0.000000000000000000e+00 -2.093525875330026764e-01 -2.601586009493406237e-01 0.000000000000000000e+00 1.599000000000000057e+02
-4.890416345510725904e+00 -1.806807310377244180e+00 0.000000000000000000e+00 -2.147351797761043457e-01 -2.697789397170624603e-01 0.000000000000000000e+00 1.600000000000000000e+02
-4.912053954500684938e+00 -1.834078485180238083e+00 0.000000000000000000e+00 -2.163760898995903403e-01 -2.727117480299390273e-01 0.000000000000000000e+00 1.601000000000000227e+02
-4.933691563490643972e+00 -1.861349659983231764e+00 0.000000000000000000e+00 -2.163760898995903403e-01 -2.727117480299368069e-01 0.000000000000000000e+00 1.602000000000000171e+02
-4.955329172480603894e+00 -1.888620834786225666e+00 0.000000000000000000e+00 -2.163760898995992221e-01 -2.727117480299390273e-01 0.000000000000000000e+00 1.603000000000000114e+02
-4.976966781470562928e+00 -1.915892009589219347e+00 0.000000000000000000e+00 -2.163760898995903403e-01 -2.727117480299368069e-01 0.000000000000000000e+00 1.604000000000000057e+02
-4.998604390460521962e+00 -1.943163184392213250e+00 0.000000000000000000e+00 -2.163760898995903403e-01 -2.727117480299390273e-01 0.000000000000000000e+00 1.605000000000000000e+02
-5.020241999450480996e+00 -1.970434359195206930e+00 0.000000000000000000e+00 -2.163760898995903403e-01 -2.727117480299368069e-01 0.000000000000000000e+00 1.606000000000000227e+02
-5.041879608440440919e+00 -1.997705533998200833e+00 0.000000000000000000e+00 -2.163760898995992221e-01 -2.727117480299390273e-01 0.000000000000000000e+00 1.607000000000000171e+02
-5.061887202194832902e+00 -2.023095316225222984e+00 0.000000000000000000e+00 -2.000759375439198351e-01 -2.538978222702215071e-01 0.000000000000000000e+00 1.608000000000000114e+02
-5.080238830864574950e+00 -2.046573754098922837e+00 0.000000000000000000e+00 -1.835162866974204832e-01 -2.347843787369985336e-01 0.000000000000000000e+00 1.609000000000000057e+02
-5.098590459534316999e+00 -2.070052191972623135e+00 0.000000000000000000e+00 -1.835162866974204832e-01 -2.347843787370029744e-01 0.000000000000000000e+00 1.610000000000000000e+02
-5.116942088204059047e+00 -2.093530629846323432e+00 0.000000000000000000e+00 -1.835162866974204832e-01 -2.347843787370029744e-01 0.000000000000000000e+00 1.611000000000000227e+02
-5.135293716873801095e+00 -2.117009067720023729e+00 0.000000000000000000e+00 -1.835162866974204832e-01 -2.347843787370029744e-01 0.000000000000000000e+00 1.612000000000000171e+02
-5.153645345543543144e+00 -2.140487505593724027e+00 0.000000000000000000e+00 -1.835162866974204832e-01 -2.347843787370029744e-01 0.000000000000000000e+00 1.613000000000000114e+02
-5.171996974213285192e+00 -2.163965943467423880e+00 0.000000000000000000e+00 -1.835162866974204832e-01 -2.347843787369985336e-01 0.000000000000000000e+00 1.614000000000000057e+02
-5.188030888535456242e+00 -2.186774209037256611e+00 0.000000000000000000e+00 -1.603391432217105006e-01 -2.280826556983273079e-01 0.000000000000000000e+00 1.615000000000000000e+02
-5.201173864496624333e+00 -2.208746553293592374e+00 0.000000000000000000e+00 -1.314297596116809075e-01 -2.197234425633576294e-01 0.000000000000000000e+00 1.616000000000000227e+02
-5.214316840457793312e+00 -2.230718897549928137e+00 0.000000000000000000e+00 -1.314297596116897893e-01 -2.197234425633576294e-01 0.000000000000000000e+00 1.617000000000000171e+02
-5.227459816418961402e+00 -2.252691241806263456e+00 0.000000000000000000e+00 -1.314297596116809075e-01 -2.197234425633531885e-01 0.000000000000000000e+00 1.618000000000000114e+02
-5.240602792380130381e+00 -2.274663586062599219e+00 0.000000000000000000e+00 -1.314297596116897893e-01 -2.197234425633576294e-01 0.000000000000000000e+00 1.619000000000000057e+02
-5.253745768341299360e+00 -2.296635930318934982e+00 0.000000000000000000e+00 -1.314297596116897893e-01 -2.197234425633576294e-01 0.000000000000000000e+00 1.620000000000000000e+02
-5.266229350150928745e+00 -2.317133716930849907e+00 0.000000000000000000e+00 -1.248358180962938491e-01 -2.049778661191492546e-01 0.000000000000000000e+00 1.621000000000000227e+02
-5.278315278291057844e+00 -2.336742258078837953e+00 0.000000000000000000e+00 -1.208592814012909855e-01 -1.960854114798804559e-01 0.000000000000000000e+00 1.622000000000000171e+02
-5.290401206431186054e+00 -2.356350799226825998e+00 0.000000000000000000e+00 -1.208592814012821037e-01 -1.960854114798804559e-01 0.000000000000000000e+00 1.623000000000000114e+02
-5.302487134571314265e+00 -2.375959340374814044e+00 0.000000000000000000e+00 -1.208592814012821037e-01 -1.960854114798804559e-01 0.000000000000000000e+00 1.624000000000000057e+02
-5.314573062711442475e+00 -2.395567881522802089e+00 0.000000000000000000e+00 -1.208592814012821037e-01 -1.960854114798804559e-01 0.000000000000000000e+00 1.625000000000000000e+02
-5.326767024529588390e+00 -2.415260496484884278e+00 0.000000000000000000e+00 -1.219396181814591529e-01 -1.969261496208218887e-01 0.000000000000000000e+00 1.626000000000000227e+02
-5.339561385401130345e+00 -2.435420353137927485e+00 0.000000000000000000e+00 -1.279436087154195434e-01 -2.015985665304320662e-01 0.000000000000000000e+00 1.627000000000000171e+02
-5.352355746272671411e+00 -2.455580209790970247e+00 0.000000000000000000e+00 -1.279436087154106616e-01 -2.015985665304276253e-01 0.000000000000000000e+00 1.628000000000000114e+02
-5.365150107144212477e+00 -2.475740066444013010e+00 0.000000000000000000e+00 -1.279436087154106616e-01 -2.015985665304276253e-01 0.000000000000000000e+00 1.629000000000000057e+02
-5.377944468015754431e+00 -2.495899923097055773e+00 0.000000000000000000e+00 -1.279436087154195434e-01 -2.015985665304276253e-01 0.000000000000000000e+00 1.630000000000000000e+02
-5.390738828887295497e+00 -2.516059779750098979e+00 0.000000000000000000e+00 -1.279436087154106616e-01 -2.015985665304320662e-01 0.000000000000000000e+00 1.631000000000000227e+02
-5.403289999102439900e+00 -2.535586089053795789e+00 0.000000000000000000e+00 -1.255117021514440268e-01 -1.952630930369680939e-01 0.000000000000000000e+00 1.632000000000000171e+02
-5.415463650775632409e+00 -2.554128907152997563e+00 0.000000000000000000e+00 -1.217365167319250929e-01 -1.854281809920177437e-01 0.000000000000000000e+00 1.633000000000000114e+02
-5.427637302448824030e+00 -2.572671725252198893e+00 0.000000000000000000e+00 -1.217365167319162111e-01 -1.854281809920133028e-01 0.000000000000000000e+00 1.634000000000000057e+02
-5.439810954122016540e+00 -2.591214543351400668e+00 0.000000000000000000e+00 -1.217365167319250929e-01 -1.854281809920177437e-01 0.000000000000000000e+00 1.635000000000000000e+02
-5.451984605795209049e+00 -2.609757361450602442e+00 0.000000000000000000e+00 -1.217365167319250929e-01 -1.854281809920177437e-01 0.000000000000000000e+00 1.636000000000000227e+02
-5.464955104958288068e+00 -2.629251873395522576e+00 0.000000000000000000e+00 -1.297049916307901896e-01 -1.949451194492013428e-01 0.000000000000000000e+00 1.637000000000000171e+02
-5.479753649781387459e+00 -2.650929663604370656e+00 0.000000000000000000e+00 -1.479854482309939101e-01 -2.167779020884808006e-01 0.000000000000000000e+00 1.638000000000000114e+02
-5.494552194604487738e+00 -2.672607453813219180e+00 0.000000000000000000e+00 -1.479854482310027919e-01 -2.167779020884852414e-01 0.000000000000000000e+00 1.639000000000000057e+02
-5.509350739427588017e+00 -2.694285244022067261e+00 0.000000000000000000e+00 -1.479854482310027919e-01 -2.167779020884808006e-01 0.000000000000000000e+00 1.640000000000000000e+02
-5.524149284250688297e+00 -2.715963034230915785e+00 0.000000000000000000e+00 -1.479854482310027919e-01 -2.167779020884852414e-01 0.000000000000000000e+00 1.641000000000000227e+02
-5.538947829073788576e+00 -2.737640824439763865e+00 0.000000000000000000e+00 -1.479854482310027919e-01 -2.167779020884808006e-01 0.000000000000000000e+00 1.642000000000000171e+02
-5.556567875931890832e+00 -2.762204651495126395e+00 0.000000000000000000e+00 -1.762004685810225624e-01 -2.456382705536253042e-01 0.000000000000000000e+00 1.643000000000000114e+02
-5.579741621908689275e+00 -2.792449204664511964e+00 0.000000000000000000e+00 -2.317374597679844328e-01 -3.024455316938556848e-01 0.000000000000000000e+00 1.644000000000000057e+02
-5.602915367885487719e+00 -2.822693757833897532e+00 0.000000000000000000e+00 -2.317374597679844328e-01 -3.024455316938556848e-01 0.000000000000000000e+00 1.645000000000000000e+02
-5.626089113862286162e+00 -2.852938311003283101e+00 0.000000000000000000e+00 -2.317374597679844328e-01 -3.024455316938556848e-01 0.000000000000000000e+00 1.646000000000000227e+02
-5.649262859839084605e+00 -2.883182864172668669e+00 0.000000000000000000e+00 -2.317374597679844328e-01 -3.024455316938556848e-01 0.000000000000000000e+00 1.647000000000000171e+02
-5.672436605815883048e+00 -2.913427417342053793e+00 0.000000000000000000e+00 -2.317374597679844328e-01 -3.024455316938512439e-01 0.000000000000000000e+00 1.648000000000000114e+02
-5.695610351792681492e+00 -2.943671970511439362e+00 0.000000000000000000e+00 -2.317374597679844328e-01 -3.024455316938556848e-01 0.000000000000000000e+00 1.649000000000000057e+02
-5.718784097769479935e+00 -2.973916523680824930e+00 0.000000000000000000e+00 -2.317374597679844328e-01 -3.024455316938556848e-01 0.000000000000000000e+00 1.650000000000000000e+02
-5.741957843746279266e+00 -3.004161076850210499e+00 0.000000000000000000e+00 -2.317374597679933146e-01 -3.024455316938556848e-01 0.000000000000000000e+00 1.651000000000000227e+02
-5.765131589723077710e+00 -3.034405630019596067e+00 0.000000000000000000e+00 -2.317374597679844328e-01 -3.024455316938556848e-01 0.000000000000000000e+00 1.652000000000000171e+02
-5.784133787425856710e+00 -3.064013080795636501e+00 0.000000000000000000e+00 -1.900219770277900011e-01 -2.960745077604043374e-01 0.000000000000000000e+00 1.653000000000000114e+02
-5.794346010294749050e+00 -3.092278077011341608e+00 0.000000000000000000e+00 -1.021222286889233999e-01 -2.826499621570510712e-01 0.000000000000000000e+00 1.654000000000000057e+02
-5.804558233163640502e+00 -3.120543073227046715e+00 0.000000000000000000e+00 -1.021222286889145181e-01 -2.826499621570510712e-01 0.000000000000000000e+00 1.655000000000000000e+02
-5.814770456032531953e+00 -3.148808069442751822e+00 0.000000000000000000e+00 -1.021222286889145181e-01 -2.826499621570510712e-01 0.000000000000000000e+00 1.656000000000000227e+02
-5.824982678901423405e+00 -3.177073065658456485e+00 0.000000000000000000e+00 -1.021222286889145181e-01 -2.826499621570466303e-01 0.000000000000000000e+00 1.657000000000000171e+02
-5.835194901770314857e+00 -3.205338061874161593e+00 0.000000000000000000e+00 -1.021222286889145181e-01 -2.826499621570510712e-01 0.000000000000000000e+00 1.658000000000000114e+02
-5.845407124639207197e+00 -3.233603058089866700e+00 0.000000000000000000e+00 -1.021222286889233999e-01 -2.826499621570510712e-01 0.000000000000000000e+00 1.659000000000000057e+02
-5.854982812918330559e+00 -3.259113630072067114e+00 0.000000000000000000e+00 -9.575688279123362179e-02 -2.551057198220041400e-01 0.000000000000000000e+00 1.660000000000000000e+02
-5.864265929600493088e+00 -3.283358180836159601e+00 0.000000000000000000e+00 -9.283116682162528832e-02 -2.424455076409248733e-01 0.000000000000000000e+00 1.661000000000000227e+02
-5.873549046282655617e+00 -3.307602731600252088e+00 0.000000000000000000e+00 -9.283116682162528832e-02 -2.424455076409248733e-01 0.000000000000000000e+00 1.662000000000000171e+02
-5.882832162964817257e+00 -3.331847282364344576e+00 0.000000000000000000e+00 -9.283116682161640654e-02 -2.424455076409248733e-01 0.000000000000000000e+00 1.663000000000000114e+02
-5.892115279646979786e+00 -3.356091833128437063e+00 0.000000000000000000e+00 -9.283116682162528832e-02 -2.424455076409248733e-01 0.000000000000000000e+00 1.664000000000000057e+02
-5.901398396329142315e+00 -3.380336383892529106e+00 0.000000000000000000e+00 -9.283116682162528832e-02 -2.424455076409204324e-01 0.000000000000000000e+00 1.665000000000000000e+02
-5.909753401312776155e+00 -3.402183593213114143e+00 0.000000000000000000e+00 -8.355004983633840254e-02 -2.184720932058503706e-01 0.000000000000000000e+00 1.666000000000000227e+02
-5.917828363991191054e+00 -3.423307444531316523e+00 0.000000000000000000e+00 -8.074962678414898676e-02 -2.112385131820238016e-01 0.000000000000000000e+00 1.667000000000000171e+02
-5.925903326669606841e+00 -3.444431295849518904e+00 0.000000000000000000e+00 -8.074962678415786854e-02 -2.112385131820238016e-01 0.000000000000000000e+00 1.668000000000000114e+02
-5.933978289348021740e+00 -3.465555147167721284e+00 0.000000000000000000e+00 -8.074962678414898676e-02 -2.112385131820238016e-01 0.000000000000000000e+00 1.669000000000000057e+02
-5.942053252026436638e+00 -3.486678998485923664e+00 0.000000000000000000e+00 -8.074962678414898676e-02 -2.112385131820238016e-01 0.000000000000000000e+00 1.670000000000000000e+02
-5.949790204324550302e+00 -3.506727300808865522e+00 0.000000000000000000e+00 -7.736952298113664028e-02 -2.004830232294185777e-01 0.000000000000000000e+00 1.671000000000000227e+02
-5.957332485154119617e+00 -3.526156158538972907e+00 0.000000000000000000e+00 -7.542280829569314449e-02 -1.942885773010738504e-01 0.000000000000000000e+00 1.672000000000000171e+02
-5.964874765983688043e+00 -3.545585016269079848e+00 0.000000000000000000e+00 -7.542280829568426270e-02 -1.942885773010694095e-01 0.000000000000000000e+00 1.673000000000000114e+02
-5.972417046813256469e+00 -3.565013873999187233e+00 0.000000000000000000e+00 -7.542280829568426270e-02 -1.942885773010738504e-01 0.000000000000000000e+00 1.674000000000000057e+02
-5.979959327642824896e+00 -3.584442731729294618e+00 0.000000000000000000e+00 -7.542280829568426270e-02 -1.942885773010738504e-01 0.000000000000000000e+00 1.675000000000000000e+02
-5.988060552229400813e+00 -3.606232408140604750e+00 0.000000000000000000e+00 -8.101224586575916931e-02 -2.178967641131013266e-01 0.000000000000000000e+00 1.676000000000000227e+02
-5.996329896820312477e+00 -3.628732175400848803e+00 0.000000000000000000e+00 -8.269344590911664739e-02 -2.249976726024405238e-01 0.000000000000000000e+00 1.677000000000000171e+02
-6.004599241411224142e+00 -3.651231942661092855e+00 0.000000000000000000e+00 -8.269344590911664739e-02 -2.249976726024405238e-01 0.000000000000000000e+00 1.678000000000000114e+02
-6.012868586002135807e+00 -3.673731709921336908e+00 0.000000000000000000e+00 -8.269344590911664739e-02 -2.249976726024405238e-01 0.000000000000000000e+00 1.679000000000000057e+02
-6.021137930593047471e+00 -3.696231477181581404e+00 0.000000000000000000e+00 -8.269344590911664739e-02 -2.249976726024449647e-01 0.000000000000000000e+00 1.680000000000000000e+02
-6.028467373726412504e+00 -3.719809337935383819e+00 0.000000000000000000e+00 -7.329443133365032281e-02 -2.357786075380241542e-01 0.000000000000000000e+00 1.681000000000000227e+02
-6.031251277073229389e+00 -3.748601061088526532e+00 0.000000000000000000e+00 -2.783903346816885005e-02 -2.879172315314271202e-01 0.000000000000000000e+00 1.682000000000000171e+02
-6.034035180420045386e+00 -3.777392784241669244e+00 0.000000000000000000e+00 -2.783903346815996827e-02 -2.879172315314271202e-01 0.000000000000000000e+00 1.683000000000000114e+02
-6.036819083766861382e+00 -3.806184507394811956e+00 0.000000000000000000e+00 -2.783903346815996827e-02 -2.879172315314271202e-01 0.000000000000000000e+00 1.684000000000000057e+02
-6.039602987113678267e+00 -3.834976230547954668e+00 0.000000000000000000e+00 -2.783903346816885005e-02 -2.879172315314271202e-01 0.000000000000000000e+00 1.685000000000000000e+02
-6.042386890460494264e+00 -3.863767953701096936e+00 0.000000000000000000e+00 -2.783903346815996827e-02 -2.879172315314226793e-01 0.000000000000000000e+00 1.686000000000000227e+02
-6.045170793807311149e+00 -3.892559676854239648e+00 0.000000000000000000e+00 -2.783903346816885005e-02 -2.879172315314271202e-01 0.000000000000000000e+00 1.687000000000000171e+02
-6.047561195495542385e+00 -3.923392695056665325e+00 0.000000000000000000e+00 -2.390401688231236221e-02 -3.083301820242567715e-01 0.000000000000000000e+00 1.688000000000000114e+02
-6.049430875322002521e+00 -3.956926964792080614e+00 0.000000000000000000e+00 -1.869679826460135530e-02 -3.353426973541528966e-01 0.000000000000000000e+00 1.689000000000000057e+02
-6.051300555148463545e+00 -3.990461234527495460e+00 0.000000000000000000e+00 -1.869679826461023708e-02 -3.353426973541484557e-01 0.000000000000000000e+00 1.690000000000000000e+02
-6.053170234974923680e+00 -4.023995504262909861e+00 0.000000000000000000e+00 -1.869679826460135530e-02 -3.353426973541440148e-01 0.000000000000000000e+00 1.691000000000000227e+02
-6.055039914801384704e+00 -4.057529773998324707e+00 0.000000000000000000e+00 -1.869679826461023708e-02 -3.353426973541484557e-01 0.000000000000000000e+00 1.692000000000000171e+02
-6.056909594627844839e+00 -4.091064043733739553e+00 0.000000000000000000e+00 -1.869679826460135530e-02 -3.353426973541484557e-01 0.000000000000000000e+00 1.693000000000000114e+02
-6.058779274454305863e+00 -4.124598313469155286e+00 0.000000000000000000e+00 -1.869679826461023708e-02 -3.353426973541573375e-01 0.000000000000000000e+00 1.694000000000000057e+02
-6.060648954280765999e+00 -4.158132583204570132e+00 0.000000000000000000e+00 -1.869679826460135530e-02 -3.353426973541484557e-01 0.000000000000000000e+00 1.695000000000000000e+02
-6.062393872170583897e+00 -4.198151421053036181e+00 0.000000000000000000e+00 -1.744917889817898526e-02 -4.001883784846604897e-01 0.000000000000000000e+00 1.696000000000000227e+02
-6.064100619123260927e+00 -4.240154213691608831e+00 0.000000000000000000e+00 -1.706746952677029583e-02 -4.200279263857265022e-01 0.000000000000000000e+00 1.697000000000000171e+02
-6.065807366075937956e+00 -4.282157006330181481e+00 0.000000000000000000e+00 -1.706746952677029583e-02 -4.200279263857265022e-01 0.000000000000000000e+00 1.698000000000000114e+02
-6.067514113028615874e+00 -4.324159798968753243e+00 0.000000000000000000e+00 -1.706746952677917761e-02 -4.200279263857176204e-01 0.000000000000000000e+00 1.699000000000000057e+02
-6.069220859981292904e+00 -4.366162591607325894e+00 0.000000000000000000e+00 -1.706746952677029583e-02 -4.200279263857265022e-01 0.000000000000000000e+00 1.700000000000000000e+02
-6.070927606933969933e+00 -4.408165384245898544e+00 0.000000000000000000e+00 -1.706746952677029583e-02 -4.200279263857265022e-01 0.000000000000000000e+00 1.701000000000000227e+02
-6.072634353886646963e+00 -4.450168176884470306e+00 0.000000000000000000e+00 -1.706746952677029583e-02 -4.200279263857176204e-01 0.000000000000000000e+00 1.702000000000000171e+02
-6.074341100839324881e+00 -4.492170969523042956e+00 0.000000000000000000e+00 -1.706746952677917761e-02 -4.200279263857265022e-01 0.000000000000000000e+00 1.703000000000000114e+02
-6.076047847792001910e+00 -4.534173762161614718e+00 0.000000000000000000e+00 -1.706746952677029583e-02 -4.200279263857176204e-01 0.000000000000000000e+00 1.704000000000000057e+02
-6.077754594744678940e+00 -4.576176554800187368e+00 0.000000000000000000e+00 -1.706746952677029583e-02 -4.200279263857265022e-01 0.000000000000000000e+00 1.705000000000000000e+02
-6.079101493533480394e+00 -4.620956418024576351e+00 0.000000000000000000e+00 -1.346898788801453861e-02 -4.477986322438898270e-01 0.000000000000000000e+00 1.706000000000000227e+02
-6.080149794748769487e+00 -4.668040660211089765e+00 0.000000000000000000e+00 -1.048301215289093591e-02 -4.708424218651341420e-01 0.000000000000000000e+00 1.707000000000000171e+02
-6.081198095964059469e+00 -4.715124902397603179e+00 0.000000000000000000e+00 -1.048301215289981769e-02 -4.708424218651341420e-01 0.000000000000000000e+00 1.708000000000000114e+02
-6.082246397179348563e+00 -4.762209144584117482e+00 0.000000000000000000e+00 -1.048301215289093591e-02 -4.708424218651430238e-01 0.000000000000000000e+00 1.709000000000000057e+02
-6.083294698394638544e+00 -4.809293386770630896e+00 0.000000000000000000e+00 -1.048301215289981769e-02 -4.708424218651341420e-01 0.000000000000000000e+00 1.710000000000000000e+02
-6.084342999609927638e+00 -4.856377628957144310e+00 0.000000000000000000e+00 -1.048301215289093591e-02 -4.708424218651341420e-01 0.000000000000000000e+00 1.711000000000000227e+02
-6.085391300825217620e+00 -4.903461871143657724e+00 0.000000000000000000e+00 -1.048301215289981769e-02 -4.708424218651341420e-01 0.000000000000000000e+00 1.712000000000000171e+02
-6.086439602040506713e+00 -4.950546113330171139e+00 0.000000000000000000e+00 -1.048301215289093591e-02 -4.708424218651341420e-01 0.000000000000000000e+00 1.713000000000000114e+02
-6.087487903255796695e+00 -4.997630355516684553e+00 0.000000000000000000e+00 -1.048301215289981769e-02 -4.708424218651341420e-01 0.000000000000000000e+00 1.714000000000000057e+02
-6.088536204471085789e+00 -5.044714597703198855e+00 0.000000000000000000e+00 -1.048301215289093591e-02 -4.708424218651430238e-01 0.000000000000000000e+00 1.715000000000000000e+02
-6.089584505686375770e+00 -5.091798839889712269e+00 0.000000000000000000e+00 -1.048301215289981769e-02 -4.708424218651341420e-01 0.000000000000000000e+00 1.716000000000000227e+02
-6.090642968556914560e+00 -5.136793456089124632e+00 0.000000000000000000e+00 -1.058462870538789957e-02 -4.499461619941236279e-01 0.000000000000000000e+00 1.717000000000000171e+02
-6.091735442080794982e+00 -5.174794177758595737e+00 0.000000000000000000e+00 -1.092473523880421737e-02 -3.800072166947110475e-01 0.000000000000000000e+00 1.718000000000000114e+02
-6.092827915604676292e+00 -5.212794899428066842e+00 0.000000000000000000e+00 -1.092473523881309916e-02 -3.800072166947110475e-01 0.000000000000000000e+00 1.719000000000000057e+02
-6.093920389128556714e+00 -5.250795621097537946e+00 0.000000000000000000e+00 -1.092473523880421737e-02 -3.800072166947110475e-01 0.000000000000000000e+00 1.720000000000000000e+02
-6.095012862652438024e+00 -5.288796342767009051e+00 0.000000000000000000e+00 -1.092473523881309916e-02 -3.800072166947110475e-01 0.000000000000000000e+00 1.721000000000000227e+02
-6.096105336176318445e+00 -5.326797064436481044e+00 0.000000000000000000e+00 -1.092473523880421737e-02 -3.800072166947199293e-01 0.000000000000000000e+00 1.722000000000000171e+02
-6.097197809700199755e+00 -5.364797786105952149e+00 0.000000000000000000e+00 -1.092473523881309916e-02 -3.800072166947110475e-01 0.000000000000000000e+00 1.723000000000000114e+02
-6.098290283224080177e+00 -5.402798507775423253e+00 0.000000000000000000e+00 -1.092473523880421737e-02 -3.800072166947110475e-01 0.000000000000000000e+00 1.724000000000000057e+02
-6.099382756747961487e+00 -5.440799229444894358e+00 0.000000000000000000e+00 -1.092473523881309916e-02 -3.800072166947110475e-01 0.000000000000000000e+00 1.725000000000000000e+02
-6.100393262327594712e+00 -5.477079939708922041e+00 0.000000000000000000e+00 -1.010505579633225182e-02 -3.628071026402768240e-01 0.000000000000000000e+00 1.726000000000000227e+02
-6.101158742806919832e+00 -5.508219055035795897e+00 0.000000000000000000e+00 -7.654804793251202000e-03 -3.113911532687385630e-01 0.000000000000000000e+00 1.727000000000000171e+02
-6.101924223286244064e+00 -5.539358170362670641e+00 0.000000000000000000e+00 -7.654804793242320216e-03 -3.113911532687474448e-01 0.000000000000000000e+00 1.728000000000000114e+02
-6.102689703765569185e+00 -5.570497285689544498e+00 0.000000000000000000e+00 -7.654804793251202000e-03 -3.113911532687385630e-01 0.000000000000000000e+00 1.729000000000000057e+02
-6.103455184244894305e+00 -5.601636401016419242e+00 0.000000000000000000e+00 -7.654804793251202000e-03 -3.113911532687474448e-01 0.000000000000000000e+00 1.730000000000000000e+02
-6.104220664724219425e+00 -5.632775516343293098e+00 0.000000000000000000e+00 -7.654804793251202000e-03 -3.113911532687385630e-01 0.000000000000000000e+00 1.731000000000000227e+02
-6.104986145203544545e+00 -5.663914631670167843e+00 0.000000000000000000e+00 -7.654804793251202000e-03 -3.113911532687474448e-01 0.000000000000000000e+00 1.732000000000000171e+02
-6.105727612295069662e+00 -5.694325454580113188e+00 0.000000000000000000e+00 -7.414670915251164729e-03 -3.041082290994534532e-01 0.000000000000000000e+00 1.733000000000000114e+02
-6.106366089496639837e+00 -5.721612738383429431e+00 0.000000000000000000e+00 -6.384772015701756231e-03 -2.728728380331624237e-01 0.000000000000000000e+00 1.734000000000000057e+02
-6.107004566698210013e+00 -5.748900022186745673e+00 0.000000000000000000e+00 -6.384772015701756231e-03 -2.728728380331624237e-01 0.000000000000000000e+00 1.735000000000000000e+02
-6.107643043899780189e+00 -5.776187305990061027e+00 0.000000000000000000e+00 -6.384772015701756231e-03 -2.728728380331535419e-01 0.000000000000000000e+00 1.736000000000000227e+02
-6.108281521101350364e+00 -5.803474589793377270e+00 0.000000000000000000e+00 -6.384772015701756231e-03 -2.728728380331624237e-01 0.000000000000000000e+00 1.737000000000000171e+02
-6.108919998302920540e+00 -5.830761873596693512e+00 0.000000000000000000e+00 -6.384772015701756231e-03 -2.728728380331624237e-01 0.000000000000000000e+00 1.738000000000000114e+02
-6.109558475504490715e+00 -5.858049157400009754e+00 0.000000000000000000e+00 -6.384772015701756231e-03 -2.728728380331624237e-01 0.000000000000000000e+00 1.739000000000000057e+02
-6.110132643587291135e+00 -5.882816627754046124e+00 0.000000000000000000e+00 -5.741680828004191994e-03 -2.476747035403636943e-01 0.000000000000000000e+00 1.740000000000000000e+02
-6.110686878561449653e+00 -5.906803062444653030e+00 0.000000000000000000e+00 -5.542349741585184120e-03 -2.398643469060690592e-01 0.000000000000000000e+00 1.741000000000000227e+02
-6.111241113535608172e+00 -5.930789497135259047e+00 0.000000000000000000e+00 -5.542349741585184120e-03 -2.398643469060601774e-01 0.000000000000000000e+00 1.742000000000000171e+02
-6.111795348509765802e+00 -5.954775931825865953e+00 0.000000000000000000e+00 -5.542349741576302335e-03 -2.398643469060690592e-01 0.000000000000000000e+00 1.743000000000000114e+02
-6.112349583483924320e+00 -5.978762366516471971e+00 0.000000000000000000e+00 -5.542349741585184120e-03 -2.398643469060601774e-01 0.000000000000000000e+00 1.744000000000000057e+02
-6.112895205630646700e+00 -6.002795230291950723e+00 0.000000000000000000e+00 -5.456221467223798527e-03 -2.403286377547875219e-01 0.000000000000000000e+00 1.745000000000000000e+02
-6.113376070080893676e+00 -6.027177182750337536e+00 0.000000000000000000e+00 -4.808644502469761051e-03 -2.438195245838681302e-01 0.000000000000000000e+00 1.746000000000000227e+02
-6.113856934531140652e+00 -6.051559135208723461e+00 0.000000000000000000e+00 -4.808644502469761051e-03 -2.438195245838592484e-01 0.000000000000000000e+00 1.747000000000000171e+02
-6.114337798981387628e+00 -6.075941087667109386e+00 0.000000000000000000e+00 -4.808644502469761051e-03 -2.438195245838592484e-01 0.000000000000000000e+00 1.748000000000000114e+02
-6.114818663431634604e+00 -6.100323040125496199e+00 0.000000000000000000e+00 -4.808644502469761051e-03 -2.438195245838681302e-01 0.000000000000000000e+00 1.749000000000000057e+02
-6.115299527881881581e+00 -6.124704992583882124e+00 0.000000000000000000e+00 -4.808644502469761051e-03 -2.438195245838592484e-01 0.000000000000000000e+00 1.750000000000000000e+02
-6.115290315422813983e+00 -6.150326379373827201e+00 0.000000000000000000e+00 9.212459067597933426e-05 -2.562138678994507757e-01 0.000000000000000000e+00 1.751000000000000227e+02
-6.114340324365514334e+00 -6.178327052497983196e+00 0.000000000000000000e+00 9.499910572996483893e-03 -2.800067312415599474e-01 0.000000000000000000e+00 1.752000000000000171e+02
-6.113390333308214686e+00 -6.206327725622139191e+00 0.000000000000000000e+00 9.499910572996483893e-03 -2.800067312415599474e-01 0.000000000000000000e+00 1.753000000000000114e+02
-6.112440342250915037e+00 -6.234328398746295186e+00 0.000000000000000000e+00 9.499910572996483893e-03 -2.800067312415599474e-01 0.000000000000000000e+00 1.754000000000000057e+02
-6.111490351193615389e+00 -6.262329071870451180e+00 0.000000000000000000e+00 9.499910572996483893e-03 -2.800067312415599474e-01 0.000000000000000000e+00 1.755000000000000000e+02
-6.110540360136316629e+00 -6.290329744994607175e+00 0.000000000000000000e+00 9.499910572987602109e-03 -2.800067312415599474e-01 0.000000000000000000e+00 1.756000000000000227e+02
-6.109590369079016980e+00 -6.318330418118763170e+00 0.000000000000000000e+00 9.499910572996483893e-03 -2.800067312415599474e-01 0.000000000000000000e+00 1.757000000000000171e+02
-6.096999749920789746e+00 -6.346927384754086354e+00 0.000000000000000000e+00 1.259061915822723421e-01 -2.859696663532318439e-01 0.000000000000000000e+00 1.758000000000000114e+02
-6.078184685312130853e+00 -6.375843199857080812e+00 0.000000000000000000e+00 1.881506460865889352e-01 -2.891581510299445767e-01 0.000000000000000000e+00 1.759000000000000057e+02
-6.059369620703471071e+00 -6.404759014960075270e+00 0.000000000000000000e+00 1.881506460865978170e-01 -2.891581510299445767e-01 0.000000000000000000e+00 1.760000000000000000e+02
-6.040554556094812177e+00 -6.433674830063069727e+00 0.000000000000000000e+00 1.881506460865889352e-01 -2.891581510299445767e-01 0.000000000000000000e+00 1.761000000000000227e+02
-6.021739491486153284e+00 -6.462590645166064185e+00 0.000000000000000000e+00 1.881506460865889352e-01 -2.891581510299445767e-01 0.000000000000000000e+00 1.762000000000000171e+02
-6.002924426877493502e+00 -6.491506460269058643e+00 0.000000000000000000e+00 1.881506460865978170e-01 -2.891581510299445767e-01 0.000000000000000000e+00 1.763000000000000114e+02
-5.984109362268834609e+00 -6.520422275372053100e+00 0.000000000000000000e+00 1.881506460865889352e-01 -2.891581510299445767e-01 0.000000000000000000e+00 1.764000000000000057e+02
-5.965294297660174827e+00 -6.549338090475047558e+00 0.000000000000000000e+00 1.881506460865978170e-01 -2.891581510299445767e-01 0.000000000000000000e+00 1.765000000000000000e+02
-5.947221636090044505e+00 -6.576967428153738915e+00 0.000000000000000000e+00 1.807266157013032171e-01 -2.762933767869135693e-01 0.000000000000000000e+00 1.766000000000000227e+02
-5.930732993850964974e+00 -6.601851888719457939e+00 0.000000000000000000e+00 1.648864223907953175e-01 -2.488446056571902432e-01 0.000000000000000000e+00 1.767000000000000171e+02
-5.914244351611886330e+00 -6.626736349285177852e+00 0.000000000000000000e+00 1.648864223907864357e-01 -2.488446056571991249e-01 0.000000000000000000e+00 1.768000000000000114e+02
-5.897755709372806798e+00 -6.651620809850896876e+00 0.000000000000000000e+00 1.648864223907953175e-01 -2.488446056571902432e-01 0.000000000000000000e+00 1.769000000000000057e+02
-5.881267067133728155e+00 -6.676505270416615900e+00 0.000000000000000000e+00 1.648864223907864357e-01 -2.488446056571902432e-01 0.000000000000000000e+00 1.770000000000000000e+02
-5.864778424894648623e+00 -6.701389730982335813e+00 0.000000000000000000e+00 1.648864223907953175e-01 -2.488446056571991249e-01 0.000000000000000000e+00 1.771000000000000227e+02
-5.848289782655569091e+00 -6.726274191548054837e+00 0.000000000000000000e+00 1.648864223907953175e-01 -2.488446056571902432e-01 0.000000000000000000e+00 1.772000000000000171e+02
-5.832731281405062695e+00 -6.749761889331616693e+00 0.000000000000000000e+00 1.555850125050639576e-01 -2.348769778356185611e-01 0.000000000000000000e+00 1.773000000000000114e+02
-5.817801680058117597e+00 -6.772305188373706208e+00 0.000000000000000000e+00 1.492960134694509833e-01 -2.254329904208951518e-01 0.000000000000000000e+00 1.774000000000000057e+02
-5.802872078711172499e+00 -6.794848487415796612e+00 0.000000000000000000e+00 1.492960134694509833e-01 -2.254329904209040336e-01 0.000000000000000000e+00 1.775000000000000000e+02
-5.787942477364227400e+00 -6.817391786457886127e+00 0.000000000000000000e+00 1.492960134694509833e-01 -2.254329904208951518e-01 0.000000000000000000e+00 1.776000000000000227e+02
-5.773012876017282302e+00 -6.839935085499976530e+00 0.000000000000000000e+00 1.492960134694509833e-01 -2.254329904209040336e-01 0.000000000000000000e+00 1.777000000000000171e+02
-5.758083274670337204e+00 -6.862478384542066934e+00 0.000000000000000000e+00 1.492960134694509833e-01 -2.254329904209040336e-01 0.000000000000000000e+00 1.778000000000000114e+02
-5.742494902233800325e+00 -6.885939059396063655e+00 0.000000000000000000e+00 1.558837243653687921e-01 -2.346067485399672137e-01 0.000000000000000000e+00 1.779000000000000057e+02
-5.725413326997458086e+00 -6.911479103172674776e+00 0.000000000000000000e+00 1.708157523634223907e-01 -2.554004377661112102e-01 0.000000000000000000e+00 1.780000000000000000e+02
-5.708331751761115846e+00 -6.937019146949285897e+00 0.000000000000000000e+00 1.708157523634223907e-01 -2.554004377661112102e-01 0.000000000000000000e+00 1.781000000000000227e+02
-5.691250176524773607e+00 -6.962559190725897018e+00 0.000000000000000000e+00 1.708157523634223907e-01 -2.554004377661112102e-01 0.000000000000000000e+00 1.782000000000000171e+02
-5.674168601288431368e+00 -6.988099234502508139e+00 0.000000000000000000e+00 1.708157523634223907e-01 -2.554004377661112102e-01 0.000000000000000000e+00 1.783000000000000114e+02
-5.657087026052089129e+00 -7.013639278279119260e+00 0.000000000000000000e+00 1.708157523634223907e-01 -2.554004377661112102e-01 0.000000000000000000e+00 1.784000000000000057e+02
-5.640005450815746890e+00 -7.039179322055729493e+00 0.000000000000000000e+00 1.708157523634223907e-01 -2.554004377661023284e-01 0.000000000000000000e+00 1.785000000000000000e+02
-5.622923875579404651e+00 -7.064719365832340614e+00 0.000000000000000000e+00 1.708157523634223907e-01 -2.554004377661112102e-01 0.000000000000000000e+00 1.786000000000000227e+02
-5.607793120590059743e+00 -7.087030856422501301e+00 0.000000000000000000e+00 1.513075498934490781e-01 -2.231149059016068747e-01 0.000000000000000000e+00 1.787000000000000171e+02
-5.593152595275039829e+00 -7.108531030552538432e+00 0.000000000000000000e+00 1.464052531501991439e-01 -2.150017413003713074e-01 0.000000000000000000e+00 1.788000000000000114e+02
-5.578512069960019915e+00 -7.130031204682574675e+00 0.000000000000000000e+00 1.464052531501991439e-01 -2.150017413003624256e-01 0.000000000000000000e+00 1.789000000000000057e+02
-5.563871544645000000e+00 -7.151531378812611806e+00 0.000000000000000000e+00 1.464052531501991439e-01 -2.150017413003713074e-01 0.000000000000000000e+00 1.790000000000000000e+02
-5.549231019329980086e+00 -7.173031552942648936e+00 0.000000000000000000e+00 1.464052531501991439e-01 -2.150017413003713074e-01 0.000000000000000000e+00 1.791000000000000227e+02
-5.534590494014960171e+00 -7.194531727072686067e+00 0.000000000000000000e+00 1.464052531501991439e-01 -2.150017413003713074e-01 0.000000000000000000e+00 1.792000000000000171e+02
-5.519387789181587678e+00 -7.218665794801249369e+00 0.000000000000000000e+00 1.520270483337249345e-01 -2.413406772856330207e-01 0.000000000000000000e+00 1.793000000000000114e+02
-5.504052107695142304e+00 -7.243422877676838567e+00 0.000000000000000000e+00 1.533568148644537388e-01 -2.475708287558919807e-01 0.000000000000000000e+00 1.794000000000000057e+02
-5.488716426208696930e+00 -7.268179960552428653e+00 0.000000000000000000e+00 1.533568148644537388e-01 -2.475708287559008625e-01 0.000000000000000000e+00 1.795000000000000000e+02
-5.473380744722251556e+00 -7.292937043428017851e+00 0.000000000000000000e+00 1.533568148644537388e-01 -2.475708287558919807e-01 0.000000000000000000e+00 1.796000000000000227e+02
-5.458045063235806182e+00 -7.317694126303607050e+00 0.000000000000000000e+00 1.533568148644537388e-01 -2.475708287558919807e-01 0.000000000000000000e+00 1.797000000000000171e+02
-5.442709381749360809e+00 -7.342451209179197136e+00 0.000000000000000000e+00 1.533568148644537388e-01 -2.475708287559008625e-01 0.000000000000000000e+00 1.798000000000000114e+02
-5.430679752030259877e+00 -7.372149174583696229e+00 0.000000000000000000e+00 1.202962971910093160e-01 -2.969796540449909372e-01 0.000000000000000000e+00 1.799000000000000057e+02
-5.424165177193764897e+00 -7.410089369763485756e+00 0.000000000000000000e+00 6.514574836494979593e-02 -3.794019517978952649e-01 0.000000000000000000e+00 1.800000000000000000e+02
-5.417650602357270806e+00 -7.448029564943275282e+00 0.000000000000000000e+00 6.514574836494091414e-02 -3.794019517978952649e-01 0.000000000000000000e+00 1.801000000000000227e+02
-5.411136027520775826e+00 -7.485969760123064809e+00 0.000000000000000000e+00 6.514574836494979593e-02 -3.794019517978952649e-01 0.000000000000000000e+00 1.802000000000000171e+02
-5.404621452684281735e+00 -7.523909955302854335e+00 0.000000000000000000e+00 6.514574836494091414e-02 -3.794019517978952649e-01 0.000000000000000000e+00 1.803000000000000114e+02
-5.398106877847786755e+00 -7.561850150482643862e+00 0.000000000000000000e+00 6.514574836494979593e-02 -3.794019517978952649e-01 0.000000000000000000e+00 1.804000000000000057e+02
-5.391592303011291776e+00 -7.599790345662433388e+00 0.000000000000000000e+00 6.514574836494979593e-02 -3.794019517978952649e-01 0.000000000000000000e+00 1.805000000000000000e+02
-5.385077728174797684e+00 -7.637730540842222915e+00 0.000000000000000000e+00 6.514574836494091414e-02 -3.794019517978952649e-01 0.000000000000000000e+00 1.806000000000000227e+02
-5.378563153338302705e+00 -7.675670736022012441e+00 0.000000000000000000e+00 6.514574836494979593e-02 -3.794019517978952649e-01 0.000000000000000000e+00 1.807000000000000171e+02
-5.372048578501808613e+00 -7.713610931201801080e+00 0.000000000000000000e+00 6.514574836494091414e-02 -3.794019517978863831e-01 0.000000000000000000e+00 1.808000000000000114e+02
-5.367220464060590501e+00 -7.747521115275662673e+00 0.000000000000000000e+00 4.828114441218112063e-02 -3.391018407386159339e-01 0.000000000000000000e+00 1.809000000000000057e+02
-5.363785673635282691e+00 -7.778101774817550940e+00 0.000000000000000000e+00 3.434790425307809869e-02 -3.058065954188826652e-01 0.000000000000000000e+00 1.810000000000000000e+02
-5.360350883209973993e+00 -7.808682434359440094e+00 0.000000000000000000e+00 3.434790425308698048e-02 -3.058065954188915470e-01 0.000000000000000000e+00 1.811000000000000227e+02
-5.356916092784666183e+00 -7.839263093901328361e+00 0.000000000000000000e+00 3.434790425307809869e-02 -3.058065954188826652e-01 0.000000000000000000e+00 1.812000000000000171e+02
-5.353481302359358374e+00 -7.869843753443217516e+00 0.000000000000000000e+00 3.434790425307809869e-02 -3.058065954188915470e-01 0.000000000000000000e+00 1.813000000000000114e+02
-5.350046511934049676e+00 -7.900424412985105782e+00 0.000000000000000000e+00 3.434790425308698048e-02 -3.058065954188826652e-01 0.000000000000000000e+00 1.814000000000000057e+02
-5.346611721508741866e+00 -7.931005072526994049e+00 0.000000000000000000e+00 3.434790425307809869e-02 -3.058065954188826652e-01 0.000000000000000000e+00 1.815000000000000000e+02
-5.343419295307878514e+00 -7.959415881967057516e+00 0.000000000000000000e+00 3.192426200863351937e-02 -2.841080944006346698e-01 0.000000000000000000e+00 1.816000000000000227e+02
-5.340492684685252733e+00 -7.985446884895554653e+00 0.000000000000000000e+00 2.926610622625780422e-02 -2.603100292849713782e-01 0.000000000000000000e+00 1.817000000000000171e+02
-5.337566074062626953e+00 -8.011477887824051791e+00 0.000000000000000000e+00 2.926610622625780422e-02 -2.603100292849713782e-01 0.000000000000000000e+00 1.818000000000000114e+02
-5.334639463440001173e+00 -8.037508890752549817e+00 0.000000000000000000e+00 2.926610622625780422e-02 -2.603100292849802599e-01 0.000000000000000000e+00 1.819000000000000057e+02
-5.331712852817375392e+00 -8.063539893681046067e+00 0.000000000000000000e+00 2.926610622625780422e-02 -2.603100292849624964e-01 0.000000000000000000e+00 1.820000000000000000e+02
-5.328786242194749612e+00 -8.089570896609544093e+00 0.000000000000000000e+00 2.926610622625780422e-02 -2.603100292849802599e-01 0.000000000000000000e+00 1.821000000000000227e+02
-5.326394870437914264e+00 -8.115894738790762730e+00 0.000000000000000000e+00 2.391371756835347639e-02 -2.632384218121863739e-01 0.000000000000000000e+00 1.822000000000000171e+02
-5.324300231258799698e+00 -8.142380928947570595e+00 0.000000000000000000e+00 2.094639179114565763e-02 -2.648619015680786504e-01 0.000000000000000000e+00 1.823000000000000114e+02
-5.322205592079685132e+00 -8.168867119104380237e+00 0.000000000000000000e+00 2.094639179114565763e-02 -2.648619015680964139e-01 0.000000000000000000e+00 1.824000000000000057e+02
-5.320110952900570567e+00 -8.195353309261188102e+00 0.000000000000000000e+00 2.094639179114565763e-02 -2.648619015680786504e-01 0.000000000000000000e+00 1.825000000000000000e+02
-5.318016313721455113e+00 -8.221839499417997743e+00 0.000000000000000000e+00 2.094639179115453942e-02 -2.648619015680964139e-01 0.000000000000000000e+00 1.826000000000000227e+02
-5.315921674542340547e+00 -8.248325689574805608e+00 0.000000000000000000e+00 2.094639179114565763e-02 -2.648619015680786504e-01 0.000000000000000000e+00 1.827000000000000171e+02
-5.320155180301538778e+00 -8.276801946322137837e+00 0.000000000000000000e+00 -4.233505759198230578e-02 -2.847625674733222922e-01 0.000000000000000000e+00 1.828000000000000114e+02
-5.328955687486975457e+00 -8.306714427594322103e+00 0.000000000000000000e+00 -8.800507185436678981e-02 -2.991248127218426589e-01 0.000000000000000000e+00 1.829000000000000057e+02
-5.337756194672412136e+00 -8.336626908866506369e+00 0.000000000000000000e+00 -8.800507185436678981e-02 -2.991248127218426589e-01 0.000000000000000000e+00 1.830000000000000000e+02
-5.346556701857848815e+00 -8.366539390138690635e+00 0.000000000000000000e+00 -8.800507185436678981e-02 -2.991248127218426589e-01 0.000000000000000000e+00 1.831000000000000227e+02
-5.355357209043285494e+00 -8.396451871410874901e+00 0.000000000000000000e+00 -8.800507185436678981e-02 -2.991248127218426589e-01 0.000000000000000000e+00 1.832000000000000171e+02
-5.364157716228722173e+00 -8.426364352683059167e+00 0.000000000000000000e+00 -8.800507185436678981e-02 -2.991248127218426589e-01 0.000000000000000000e+00 1.833000000000000114e+02
-5.372958223414157963e+00 -8.456276833955243433e+00 0.000000000000000000e+00 -8.800507185435790802e-02 -2.991248127218426589e-01 0.000000000000000000e+00 1.834000000000000057e+02
-5.381708013471280694e+00 -8.485913383164623625e+00 0.000000000000000000e+00 -8.749790057122730502e-02 -2.963654920938019188e-01 0.000000000000000000e+00 1.835000000000000000e+02
-5.389876546443695737e+00 -8.512387539870045927e+00 0.000000000000000000e+00 -8.168532972415043503e-02 -2.647415670542230259e-01 0.000000000000000000e+00 1.836000000000000227e+02
-5.398045079416109893e+00 -8.538861696575466453e+00 0.000000000000000000e+00 -8.168532972414155324e-02 -2.647415670542052624e-01 0.000000000000000000e+00 1.837000000000000171e+02
-5.406213612388524936e+00 -8.565335853280888756e+00 0.000000000000000000e+00 -8.168532972415043503e-02 -2.647415670542230259e-01 0.000000000000000000e+00 1.838000000000000114e+02
-5.414382145360939091e+00 -8.591810009986309282e+00 0.000000000000000000e+00 -8.168532972414155324e-02 -2.647415670542052624e-01 0.000000000000000000e+00 1.839000000000000057e+02
-5.422550678333354135e+00 -8.618284166691729808e+00 0.000000000000000000e+00 -8.168532972415043503e-02 -2.647415670542052624e-01 0.000000000000000000e+00 1.840000000000000000e+02
-5.430719211305769178e+00 -8.644758323397152111e+00 0.000000000000000000e+00 -8.168532972415043503e-02 -2.647415670542230259e-01 0.000000000000000000e+00 1.841000000000000227e+02
-5.439203408315060884e+00 -8.671881719242417574e+00 0.000000000000000000e+00 -8.484197009291705172e-02 -2.712339584526546332e-01 0.000000000000000000e+00 1.842000000000000171e+02
-5.447885348809634820e+00 -8.699411822204412559e+00 0.000000000000000000e+00 -8.681940494573936462e-02 -2.753010296199498441e-01 0.000000000000000000e+00 1.843000000000000114e+02
-5.456567289304208757e+00 -8.726941925166409320e+00 0.000000000000000000e+00 -8.681940494573936462e-02 -2.753010296199676077e-01 0.000000000000000000e+00 1.844000000000000057e+02
-5.465249229798782693e+00 -8.754472028128406080e+00 0.000000000000000000e+00 -8.681940494573936462e-02 -2.753010296199676077e-01 0.000000000000000000e+00 1.845000000000000000e+02
-5.473931170293355741e+00 -8.782002131090402841e+00 0.000000000000000000e+00 -8.681940494573048284e-02 -2.753010296199676077e-01 0.000000000000000000e+00 1.846000000000000227e+02
-5.482613110787929678e+00 -8.809532234052397826e+00 0.000000000000000000e+00 -8.681940494573936462e-02 -2.753010296199498441e-01 0.000000000000000000e+00 1.847000000000000171e+02
-5.491295051282503614e+00 -8.837062337014394586e+00 0.000000000000000000e+00 -8.681940494573936462e-02 -2.753010296199676077e-01 0.000000000000000000e+00 1.848000000000000114e+02
-5.499574587807221526e+00 -8.863062683724150403e+00 0.000000000000000000e+00 -8.279536524717912016e-02 -2.600034670975581719e-01 0.000000000000000000e+00 1.849000000000000057e+02
-5.507791061241097630e+00 -8.888823293342007048e+00 0.000000000000000000e+00 -8.216473433876103627e-02 -2.576060961785664460e-01 0.000000000000000000e+00 1.850000000000000000e+02
-5.516007534674973734e+00 -8.914583902959865469e+00 0.000000000000000000e+00 -8.216473433876103627e-02 -2.576060961785842096e-01 0.000000000000000000e+00 1.851000000000000227e+02
-5.524224008108848949e+00 -8.940344512577722114e+00 0.000000000000000000e+00 -8.216473433875215449e-02 -2.576060961785664460e-01 0.000000000000000000e+00 1.852000000000000171e+02
-5.532440481542725053e+00 -8.966105122195580535e+00 0.000000000000000000e+00 -8.216473433876103627e-02 -2.576060961785842096e-01 0.000000000000000000e+00 1.853000000000000114e+02
-5.540656954976601156e+00 -8.991865731813437179e+00 0.000000000000000000e+00 -8.216473433876103627e-02 -2.576060961785664460e-01 0.000000000000000000e+00 1.854000000000000057e+02
-5.549316823406282850e+00 -9.019347862643495972e+00 0.000000000000000000e+00 -8.659868429681694124e-02 -2.748213083005879298e-01 0.000000000000000000e+00 1.855000000000000000e+02
-5.558365757620380876e+00 -9.048340576604058327e+00 0.000000000000000000e+00 -9.048934214098025564e-02 -2.899271396056235517e-01 0.000000000000000000e+00 1.856000000000000227e+02
-5.567414691834478901e+00 -9.077333290564620683e+00 0.000000000000000000e+00 -9.048934214098025564e-02 -2.899271396056235517e-01 0.000000000000000000e+00 1.857000000000000171e+02
-5.576463626048576927e+00 -9.106326004525183038e+00 0.000000000000000000e+00 -9.048934214098025564e-02 -2.899271396056235517e-01 0.000000000000000000e+00 1.858000000000000114e+02
-5.585512560262674953e+00 -9.135318718485747169e+00 0.000000000000000000e+00 -9.048934214098025564e-02 -2.899271396056413153e-01 0.000000000000000000e+00 1.859000000000000057e+02
-5.594561494476772978e+00 -9.164311432446309524e+00 0.000000000000000000e+00 -9.048934214098025564e-02 -2.899271396056235517e-01 0.000000000000000000e+00 1.860000000000000000e+02
-5.603610428690871892e+00 -9.193304146406871880e+00 0.000000000000000000e+00 -9.048934214098913742e-02 -2.899271396056235517e-01 0.000000000000000000e+00 1.861000000000000227e+02
-5.613715208842171123e+00 -9.225125826926559469e+00 0.000000000000000000e+00 -1.010478015129923079e-01 -3.182168051968758959e-01 0.000000000000000000e+00 1.862000000000000171e+02
-5.624566441034541064e+00 -9.258947503646242083e+00 0.000000000000000000e+00 -1.085123219236994174e-01 -3.382167671968261402e-01 0.000000000000000000e+00 1.863000000000000114e+02
-5.635417673226911894e+00 -9.292769180365922921e+00 0.000000000000000000e+00 -1.085123219237082992e-01 -3.382167671968083766e-01 0.000000000000000000e+00 1.864000000000000057e+02
-5.646268905419281836e+00 -9.326590857085603758e+00 0.000000000000000000e+00 -1.085123219236994174e-01 -3.382167671968083766e-01 0.000000000000000000e+00 1.865000000000000000e+02
-5.657120137611652666e+00 -9.360412533805286373e+00 0.000000000000000000e+00 -1.085123219237082992e-01 -3.382167671968261402e-01 0.000000000000000000e+00 1.866000000000000227e+02
-5.667971369804022608e+00 -9.394234210524967210e+00 0.000000000000000000e+00 -1.085123219236994174e-01 -3.382167671968083766e-01 0.000000000000000000e+00 1.867000000000000171e+02
-5.678822601996393438e+00 -9.428055887244648048e+00 0.000000000000000000e+00 -1.085123219237082992e-01 -3.382167671968083766e-01 0.000000000000000000e+00 1.868000000000000114e+02
-5.689673834188763379e+00 -9.461877563964330662e+00 0.000000000000000000e+00 -1.085123219236994174e-01 -3.382167671968261402e-01 0.000000000000000000e+00 1.869000000000000057e+02
-5.700370721009117680e+00 -9.495386697347999672e+00 0.000000000000000000e+00 -1.069688682035430105e-01 -3.350913338366900973e-01 0.000000000000000000e+00 1.870000000000000000e+02
-5.709425866160636076e+00 -9.525571368123276983e+00 0.000000000000000000e+00 -9.055145151518395608e-02 -3.018467077527731135e-01 0.000000000000000000e+00 1.871000000000000227e+02
-5.718481011312154472e+00 -9.555756038898556071e+00 0.000000000000000000e+00 -9.055145151518395608e-02 -3.018467077527908771e-01 0.000000000000000000e+00 1.872000000000000171e+02
-5.727536156463672867e+00 -9.585940709673835158e+00 0.000000000000000000e+00 -9.055145151518395608e-02 -3.018467077527908771e-01 0.000000000000000000e+00 1.873000000000000114e+02
-5.736591301615190375e+00 -9.616125380449112470e+00 0.000000000000000000e+00 -9.055145151517507429e-02 -3.018467077527731135e-01 0.000000000000000000e+00 1.874000000000000057e+02
-5.745646446766708770e+00 -9.646310051224391557e+00 0.000000000000000000e+00 -9.055145151518395608e-02 -3.018467077527908771e-01 0.000000000000000000e+00 1.875000000000000000e+02
-5.754701591918227166e+00 -9.676494721999668869e+00 0.000000000000000000e+00 -9.055145151518395608e-02 -3.018467077527731135e-01 0.000000000000000000e+00 1.876000000000000227e+02
-5.763756737069745562e+00 -9.706679392774947956e+00 0.000000000000000000e+00 -9.055145151518395608e-02 -3.018467077527908771e-01 0.000000000000000000e+00 1.877000000000000171e+02
-5.772684864129685067e+00 -9.737015252346104432e+00 0.000000000000000000e+00 -8.928127059939505727e-02 -3.033585957115647602e-01 0.000000000000000000e+00 1.878000000000000114e+02
-5.781552069944032368e+00 -9.767423626073709286e+00 0.000000000000000000e+00 -8.867205814347300930e-02 -3.040837372760485380e-01 0.000000000000000000e+00 1.879000000000000057e+02
-5.790419275758379669e+00 -9.797831999801315916e+00 0.000000000000000000e+00 -8.867205814347300930e-02 -3.040837372760663015e-01 0.000000000000000000e+00 1.880000000000000000e+02
-5.799286481572727858e+00 -9.828240373528920770e+00 0.000000000000000000e+00 -8.867205814348189108e-02 -3.040837372760485380e-01 0.000000000000000000e+00 1.881000000000000227e+02
-5.808153687387075159e+00 -9.858648747256525624e+00 0.000000000000000000e+00 -8.867205814347300930e-02 -3.040837372760485380e-01 0.000000000000000000e+00 1.882000000000000171e+02
-5.817020893201422460e+00 -9.889057120984130478e+00 0.000000000000000000e+00 -8.867205814347300930e-02 -3.040837372760485380e-01 0.000000000000000000e+00 1.883000000000000114e+02
-5.825888099015769761e+00 -9.919465494711735332e+00 0.000000000000000000e+00 -8.867205814347300930e-02 -3.040837372760485380e-01 0.000000000000000000e+00 1.884000000000000057e+02
-5.834628324684110190e+00 -9.949534565065567548e+00 0.000000000000000000e+00 -8.740225668340428911e-02 -3.006907035383221682e-01 0.000000000000000000e+00 1.885000000000000000e+02
-5.842905866092166001e+00 -9.978367297807235303e+00 0.000000000000000000e+00 -8.277541408055810734e-02 -2.883273274166775479e-01 0.000000000000000000e+00 1.886000000000000227e+02
-5.851183407500220923e+00 -1.000720003054890306e+01 0.000000000000000000e+00 -8.277541408054922556e-02 -2.883273274166775479e-01 0.000000000000000000e+00 1.887000000000000171e+02
-5.859460948908276734e+00 -1.003603276329057081e+01 0.000000000000000000e+00 -8.277541408055810734e-02 -2.883273274166775479e-01 0.000000000000000000e+00 1.888000000000000114e+02
-5.867738490316331657e+00 -1.006486549603223857e+01 0.000000000000000000e+00 -8.277541408054922556e-02 -2.883273274166775479e-01 0.000000000000000000e+00 1.889000000000000057e+02
-5.876016031724386579e+00 -1.009369822877390455e+01 0.000000000000000000e+00 -8.277541408054922556e-02 -2.883273274166597844e-01 0.000000000000000000e+00 1.890000000000000000e+02
-5.884293573132442390e+00 -1.012253096151557230e+01 0.000000000000000000e+00 -8.277541408055810734e-02 -2.883273274166775479e-01 0.000000000000000000e+00 1.891000000000000227e+02
-5.892571114540497312e+00 -1.015136369425724006e+01 0.000000000000000000e+00 -8.277541408054922556e-02 -2.883273274166775479e-01 0.000000000000000000e+00 1.892000000000000171e+02
-5.899625113994230396e+00 -1.017641363665274135e+01 0.000000000000000000e+00 -7.053999453733084124e-02 -2.504994239550129009e-01 0.000000000000000000e+00 1.893000000000000114e+02
-5.906625773388369360e+00 -1.020129866908190586e+01 0.000000000000000000e+00 -7.000659394138963876e-02 -2.488503242916451086e-01 0.000000000000000000e+00 1.894000000000000057e+02
-5.913626432782507436e+00 -1.022618370151107037e+01 0.000000000000000000e+00 -7.000659394138075697e-02 -2.488503242916451086e-01 0.000000000000000000e+00 1.895000000000000000e+02
-5.920627092176645512e+00 -1.025106873394023488e+01 0.000000000000000000e+00 -7.000659394138075697e-02 -2.488503242916451086e-01 0.000000000000000000e+00 1.896000000000000227e+02
-5.927627751570784476e+00 -1.027595376636939939e+01 0.000000000000000000e+00 -7.000659394138963876e-02 -2.488503242916451086e-01 0.000000000000000000e+00 1.897000000000000171e+02
-5.934638345299196871e+00 -1.030089521479742487e+01 0.000000000000000000e+00 -7.010593728412395365e-02 -2.494144842802548112e-01 0.000000000000000000e+00 1.898000000000000114e+02
-5.942205215028958598e+00 -1.032899569385509508e+01 0.000000000000000000e+00 -7.566869729761727115e-02 -2.810047905767021348e-01 0.000000000000000000e+00 1.899000000000000057e+02
-5.949772084758719437e+00 -1.035709617291276352e+01 0.000000000000000000e+00 -7.566869729760838936e-02 -2.810047905766843712e-01 0.000000000000000000e+00 1.900000000000000000e+02
-5.957338954488480276e+00 -1.038519665197043373e+01 0.000000000000000000e+00 -7.566869729760838936e-02 -2.810047905767021348e-01 0.000000000000000000e+00 1.901000000000000227e+02
-5.964905824218241115e+00 -1.041329713102810395e+01 0.000000000000000000e+00 -7.566869729760838936e-02 -2.810047905767021348e-01 0.000000000000000000e+00 1.902000000000000171e+02
-5.972472693948001954e+00 -1.044139761008577416e+01 0.000000000000000000e+00 -7.566869729760838936e-02 -2.810047905767021348e-01 0.000000000000000000e+00 1.903000000000000114e+02
-5.980039563677762793e+00 -1.046949808914344437e+01 0.000000000000000000e+00 -7.566869729760838936e-02 -2.810047905767021348e-01 0.000000000000000000e+00 1.904000000000000057e+02
-5.987764553963964786e+00 -1.050246399787658014e+01 0.000000000000000000e+00 -7.724990286201993683e-02 -3.296590873313576253e-01 0.000000000000000000e+00 1.905000000000000000e+02
-5.995598873392877337e+00 -1.053879400592295745e+01 0.000000000000000000e+00 -7.834319428912550620e-02 -3.633000804637731562e-01 0.000000000000000000e+00 1.906000000000000227e+02
-6.003433192821789888e+00 -1.057512401396933654e+01 0.000000000000000000e+00 -7.834319428912550620e-02 -3.633000804637909198e-01 0.000000000000000000e+00 1.907000000000000171e+02
-6.011267512250701550e+00 -1.061145402201571386e+01 0.000000000000000000e+00 -7.834319428911662442e-02 -3.633000804637731562e-01 0.000000000000000000e+00 1.908000000000000114e+02
-6.019101831679614101e+00 -1.064778403006209118e+01 0.000000000000000000e+00 -7.834319428912550620e-02 -3.633000804637731562e-01 0.000000000000000000e+00 1.909000000000000057e+02
-6.026936151108526651e+00 -1.068411403810847027e+01 0.000000000000000000e+00 -7.834319428912550620e-02 -3.633000804637909198e-01 0.000000000000000000e+00 1.910000000000000000e+02
-6.034770470537438314e+00 -1.072044404615484758e+01 0.000000000000000000e+00 -7.834319428911662442e-02 -3.633000804637731562e-01 0.000000000000000000e+00 1.911000000000000227e+02
-6.042604789966350864e+00 -1.075677405420122490e+01 0.000000000000000000e+00 -7.834319428912550620e-02 -3.633000804637731562e-01 0.000000000000000000e+00 1.912000000000000171e+02
-6.050439109395263415e+00 -1.079310406224760399e+01 0.000000000000000000e+00 -7.834319428912550620e-02 -3.633000804637909198e-01 0.000000000000000000e+00 1.913000000000000114e+02
-6.057947810721094228e+00 -1.082781866574102203e+01 0.000000000000000000e+00 -7.508701325830813289e-02 -3.471460349341803919e-01 0.000000000000000000e+00 1.914000000000000057e+02
-6.064840984031901527e+00 -1.085947960990612771e+01 0.000000000000000000e+00 -6.893173310807299003e-02 -3.166094416510567555e-01 0.000000000000000000e+00 1.915000000000000000e+02
-6.071734157342708826e+00 -1.089114055407123338e+01 0.000000000000000000e+00 -6.893173310807299003e-02 -3.166094416510567555e-01 0.000000000000000000e+00 1.916000000000000227e+02
-6.078627330653516125e+00 -1.092280149823633906e+01 0.000000000000000000e+00 -6.893173310807299003e-02 -3.166094416510567555e-01 0.000000000000000000e+00 1.917000000000000171e+02
-6.085520503964323424e+00 -1.095446244240144473e+01 0.000000000000000000e+00 -6.893173310807299003e-02 -3.166094416510567555e-01 0.000000000000000000e+00 1.918000000000000114e+02
-6.092413677275130723e+00 -1.098612338656655041e+01 0.000000000000000000e+00 -6.893173310807299003e-02 -3.166094416510567555e-01 0.000000000000000000e+00 1.919000000000000057e+02
-6.099306850585938022e+00 -1.101778433073165431e+01 0.000000000000000000e+00 -6.893173310807299003e-02 -3.166094416510389919e-01 0.000000000000000000e+00 1.920000000000000000e+02
-6.106200023896745321e+00 -1.104944527489675998e+01 0.000000000000000000e+00 -6.893173310807299003e-02 -3.166094416510567555e-01 0.000000000000000000e+00 1.921000000000000227e+02
-6.113015119185090995e+00 -1.108101107894519366e+01 0.000000000000000000e+00 -6.815095288345673907e-02 -3.156580404843367660e-01 0.000000000000000000e+00 1.922000000000000171e+02
-6.119819027527538147e+00 -1.111256325140685774e+01 0.000000000000000000e+00 -6.803908342447151369e-02 -3.155217246166408529e-01 0.000000000000000000e+00 1.923000000000000114e+02
-6.126622935869985298e+00 -1.114411542386852361e+01 0.000000000000000000e+00 -6.803908342447151369e-02 -3.155217246166586165e-01 0.000000000000000000e+00 1.924000000000000057e+02
-6.133426844212433338e+00 -1.117566759633018769e+01 0.000000000000000000e+00 -6.803908342448039548e-02 -3.155217246166408529e-01 0.000000000000000000e+00 1.925000000000000000e+02
-6.140230752554880489e+00 -1.120721976879185178e+01 0.000000000000000000e+00 -6.803908342447151369e-02 -3.155217246166408529e-01 0.000000000000000000e+00 1.926000000000000227e+02
-6.147034660897327640e+00 -1.123877194125351586e+01 0.000000000000000000e+00 -6.803908342447151369e-02 -3.155217246166408529e-01 0.000000000000000000e+00 1.927000000000000171e+02
-6.153838569239775680e+00 -1.127032411371517995e+01 0.000000000000000000e+00 -6.803908342448039548e-02 -3.155217246166408529e-01 0.000000000000000000e+00 1.928000000000000114e+02
-6.160605082709731839e+00 -1.130163770582202432e+01 0.000000000000000000e+00 -6.766513469956159099e-02 -3.131359210684436789e-01 0.000000000000000000e+00 1.929000000000000057e+02
-6.167298493691945716e+00 -1.133248490196861979e+01 0.000000000000000000e+00 -6.693410982213876537e-02 -3.084719614659547915e-01 0.000000000000000000e+00 1.930000000000000000e+02
-6.173991904674160480e+00 -1.136333209811521705e+01 0.000000000000000000e+00 -6.693410982214764715e-02 -3.084719614659725551e-01 0.000000000000000000e+00 1.931000000000000227e+02
-6.180685315656375245e+00 -1.139417929426181431e+01 0.000000000000000000e+00 -6.693410982214764715e-02 -3.084719614659725551e-01 0.000000000000000000e+00 1.932000000000000171e+02
-6.187378726638589121e+00 -1.142502649040840979e+01 0.000000000000000000e+00 -6.693410982213876537e-02 -3.084719614659547915e-01 0.000000000000000000e+00 1.933000000000000114e+02
-6.194072137620803886e+00 -1.145587368655500704e+01 0.000000000000000000e+00 -6.693410982214764715e-02 -3.084719614659725551e-01 0.000000000000000000e+00 1.934000000000000057e+02
-6.200765548603017763e+00 -1.148672088270160252e+01 0.000000000000000000e+00 -6.693410982213876537e-02 -3.084719614659547915e-01 0.000000000000000000e+00 1.935000000000000000e+02
-6.207458959585232527e+00 -1.151756807884819978e+01 0.000000000000000000e+00 -6.693410982214764715e-02 -3.084719614659725551e-01 0.000000000000000000e+00 1.936000000000000227e+02
-6.214199339292131086e+00 -1.154846261322249745e+01 0.000000000000000000e+00 -6.740379706898558254e-02 -3.089453437429767746e-01 0.000000000000000000e+00 1.937000000000000171e+02
-6.220942178608090067e+00 -1.157935962655560225e+01 0.000000000000000000e+00 -6.742839315958981672e-02 -3.089701333310479470e-01 0.000000000000000000e+00 1.938000000000000114e+02
-6.227685017924049049e+00 -1.161025663988870882e+01 0.000000000000000000e+00 -6.742839315958981672e-02 -3.089701333310657105e-01 0.000000000000000000e+00 1.939000000000000057e+02
-6.234427857240008919e+00 -1.164115365322181361e+01 0.000000000000000000e+00 -6.742839315959869850e-02 -3.089701333310479470e-01 0.000000000000000000e+00 1.940000000000000000e+02
-6.241170696555967901e+00 -1.167205066655492018e+01 0.000000000000000000e+00 -6.742839315958981672e-02 -3.089701333310657105e-01 0.000000000000000000e+00 1.941000000000000227e+02
-6.247913535871926882e+00 -1.170294767988802498e+01 0.000000000000000000e+00 -6.742839315958981672e-02 -3.089701333310479470e-01 0.000000000000000000e+00 1.942000000000000171e+02
-6.254656375187885864e+00 -1.173384469322112977e+01 0.000000000000000000e+00 -6.742839315958981672e-02 -3.089701333310479470e-01 0.000000000000000000e+00 1.943000000000000114e+02
-6.261230334233030881e+00 -1.176367780611934855e+01 0.000000000000000000e+00 -6.573959045145016944e-02 -2.983311289821877210e-01 0.000000000000000000e+00 1.944000000000000057e+02
-6.267654126768559486e+00 -1.179256491026167986e+01 0.000000000000000000e+00 -6.423792535528605185e-02 -2.888710414233131019e-01 0.000000000000000000e+00 1.945000000000000000e+02
-6.274077919304088091e+00 -1.182145201440401294e+01 0.000000000000000000e+00 -6.423792535528605185e-02 -2.888710414233308654e-01 0.000000000000000000e+00 1.946000000000000227e+02
-6.280501711839616696e+00 -1.185033911854634425e+01 0.000000000000000000e+00 -6.423792535528605185e-02 -2.888710414233131019e-01 0.000000000000000000e+00 1.947000000000000171e+02
-6.286925504375145302e+00 -1.187922622268867734e+01 0.000000000000000000e+00 -6.423792535528605185e-02 -2.888710414233308654e-01 0.000000000000000000e+00 1.948000000000000114e+02
-6.293349296910674795e+00 -1.190811332683100865e+01 0.000000000000000000e+00 -6.423792535529493364e-02 -2.888710414233131019e-01 0.000000000000000000e+00 1.949000000000000057e+02
-6.299773089446203400e+00 -1.193700043097333996e+01 0.000000000000000000e+00 -6.423792535528605185e-02 -2.888710414233131019e-01 0.000000000000000000e+00 1.950000000000000000e+02
-6.306039595801639308e+00 -1.196500337701625227e+01 0.000000000000000000e+00 -6.266506355435907949e-02 -2.800294604291231337e-01 0.000000000000000000e+00 1.951000000000000227e+02
-6.312179432217888575e+00 -1.199229426906548213e+01 0.000000000000000000e+00 -6.139836416249266904e-02 -2.729089204922985346e-01 0.000000000000000000e+00 1.952000000000000171e+02
-6.318319268634136954e+00 -1.201958516111471198e+01 0.000000000000000000e+00 -6.139836416248378725e-02 -2.729089204922985346e-01 0.000000000000000000e+00 1.953000000000000114e+02
-6.324459105050386221e+00 -1.204687605316394361e+01 0.000000000000000000e+00 -6.139836416249266904e-02 -2.729089204923162981e-01 0.000000000000000000e+00 1.954000000000000057e+02
-6.330598941466634599e+00 -1.207416694521317346e+01 0.000000000000000000e+00 -6.139836416248378725e-02 -2.729089204922985346e-01 0.000000000000000000e+00 1.955000000000000000e+02
-6.336738777882883866e+00 -1.210145783726240509e+01 0.000000000000000000e+00 -6.139836416249266904e-02 -2.729089204923162981e-01 0.000000000000000000e+00 1.956000000000000227e+02
-6.342878614299132245e+00 -1.212874872931163495e+01 0.000000000000000000e+00 -6.139836416248378725e-02 -2.729089204922985346e-01 0.000000000000000000e+00 1.957000000000000171e+02
-6.344917455230444148e+00 -1.215399725698360456e+01 0.000000000000000000e+00 -2.038840931311902693e-02 -2.524852767196961167e-01 0.000000000000000000e+00 1.958000000000000114e+02
-6.346476788983936856e+00 -1.217900698205698085e+01 0.000000000000000000e+00 -1.559333753492708752e-02 -2.500972507337628770e-01 0.000000000000000000e+00 1.959000000000000057e+02
-6.348036122737429565e+00 -1.220401670713035891e+01 0.000000000000000000e+00 -1.559333753492708752e-02 -2.500972507337806405e-01 0.000000000000000000e+00 1.960000000000000000e+02
-6.349595456490922274e+00 -1.222902643220373520e+01 0.000000000000000000e+00 -1.559333753492708752e-02 -2.500972507337628770e-01 0.000000000000000000e+00 1.961000000000000227e+02
-6.351154790244414983e+00 -1.225403615727711149e+01 0.000000000000000000e+00 -1.559333753492708752e-02 -2.500972507337628770e-01 0.000000000000000000e+00 1.962000000000000171e+02
-6.352714744372091715e+00 -1.227942061848987088e+01 0.000000000000000000e+00 -1.559954127676732583e-02 -2.538446121275939049e-01 0.000000000000000000e+00 1.963000000000000114e+02
-6.354279092897574088e+00 -1.230745950941764555e+01 0.000000000000000000e+00 -1.564348525482373020e-02 -2.803889092777467340e-01 0.000000000000000000e+00 1.964000000000000057e+02
-6.355843441423057349e+00 -1.233549840034542022e+01 0.000000000000000000e+00 -1.564348525483261199e-02 -2.803889092777467340e-01 0.000000000000000000e+00 1.965000000000000000e+02
-6.357407789948539723e+00 -1.236353729127319667e+01 0.000000000000000000e+00 -1.564348525482373020e-02 -2.803889092777644976e-01 0.000000000000000000e+00 1.966000000000000227e+02
-6.358972138474022096e+00 -1.239157618220097135e+01 0.000000000000000000e+00 -1.564348525482373020e-02 -2.803889092777467340e-01 0.000000000000000000e+00 1.967000000000000171e+02
-6.360536486999505357e+00 -1.241961507312874780e+01 0.000000000000000000e+00 -1.564348525483261199e-02 -2.803889092777644976e-01 0.000000000000000000e+00 1.968000000000000114e+02
-6.362100835524987730e+00 -1.244765396405652247e+01 0.000000000000000000e+00 -1.564348525482373020e-02 -2.803889092777467340e-01 0.000000000000000000e+00 1.969000000000000057e+02
-6.363621163297331407e+00 -1.247803693803158076e+01 0.000000000000000000e+00 -1.520327772343676997e-02 -3.038297397505829167e-01 0.000000000000000000e+00 1.970000000000000000e+02
-6.365111709421789499e+00 -1.251000576983388335e+01 0.000000000000000000e+00 -1.490546124458091981e-02 -3.196883180230258859e-01 0.000000000000000000e+00 1.971000000000000227e+02
-6.366602255546247591e+00 -1.254197460163618416e+01 0.000000000000000000e+00 -1.490546124458091981e-02 -3.196883180230081223e-01 0.000000000000000000e+00 1.972000000000000171e+02
-6.368092801670706571e+00 -1.257394343343848675e+01 0.000000000000000000e+00 -1.490546124458980159e-02 -3.196883180230258859e-01 0.000000000000000000e+00 1.973000000000000114e+02
-6.369583347795164663e+00 -1.260591226524078756e+01 0.000000000000000000e+00 -1.490546124458091981e-02 -3.196883180230081223e-01 0.000000000000000000e+00 1.974000000000000057e+02
-6.371073893919623643e+00 -1.263788109704309015e+01 0.000000000000000000e+00 -1.490546124458980159e-02 -3.196883180230258859e-01 0.000000000000000000e+00 1.975000000000000000e+02
-6.372564440044081735e+00 -1.266984992884539274e+01 0.000000000000000000e+00 -1.490546124458091981e-02 -3.196883180230258859e-01 0.000000000000000000e+00 1.976000000000000227e+02
-6.374054986168539827e+00 -1.270181876064769355e+01 0.000000000000000000e+00 -1.490546124458091981e-02 -3.196883180230081223e-01 0.000000000000000000e+00 1.977000000000000171e+02
-6.375355794396701192e+00 -1.273469819845366580e+01 0.000000000000000000e+00 -1.300808228161365321e-02 -3.287943780597224475e-01 0.000000000000000000e+00 1.978000000000000114e+02
-6.376651487047937827e+00 -1.276760218736487396e+01 0.000000000000000000e+00 -1.295692651236635129e-02 -3.290398891120815961e-01 0.000000000000000000e+00 1.979000000000000057e+02
-6.377947179699174463e+00 -1.280050617627608389e+01 0.000000000000000000e+00 -1.295692651236635129e-02 -3.290398891120993596e-01 0.000000000000000000e+00 1.980000000000000000e+02
-6.379242872350411986e+00 -1.283341016518729205e+01 0.000000000000000000e+00 -1.295692651237523307e-02 -3.290398891120815961e-01 0.000000000000000000e+00 1.981000000000000227e+02
-6.380538565001648621e+00 -1.286631415409850199e+01 0.000000000000000000e+00 -1.295692651236635129e-02 -3.290398891120993596e-01 0.000000000000000000e+00 1.982000000000000171e+02
-6.381834257652885256e+00 -1.289921814300971015e+01 0.000000000000000000e+00 -1.295692651236635129e-02 -3.290398891120815961e-01 0.000000000000000000e+00 1.983000000000000114e+02
-6.383129950304121891e+00 -1.293212213192092008e+01 0.000000000000000000e+00 -1.295692651236635129e-02 -3.290398891120993596e-01 0.000000000000000000e+00 1.984000000000000057e+02
-6.384368893309556370e+00 -1.296505970902831528e+01 0.000000000000000000e+00 -1.238943005434478550e-02 -3.293757710739519950e-01 0.000000000000000000e+00 1.985000000000000000e+02
-6.384505251670203663e+00 -1.299864986869967076e+01 0.000000000000000000e+00 -1.363583606472928977e-03 -3.359015967135547953e-01 0.000000000000000000e+00 1.986000000000000227e+02
-6.384641610030850067e+00 -1.303224002837102624e+01 0.000000000000000000e+00 -1.363583606464047193e-03 -3.359015967135547953e-01 0.000000000000000000e+00 1.987000000000000171e+02
-6.384777968391496472e+00 -1.306583018804238350e+01 0.000000000000000000e+00 -1.363583606464047193e-03 -3.359015967135725589e-01 0.000000000000000000e+00 1.988000000000000114e+02
-6.384914326752142877e+00 -1.309942034771373898e+01 0.000000000000000000e+00 -1.363583606464047193e-03 -3.359015967135547953e-01 0.000000000000000000e+00 1.989000000000000057e+02
-6.385050685112790170e+00 -1.313301050738509446e+01 0.000000000000000000e+00 -1.363583606472928977e-03 -3.359015967135547953e-01 0.000000000000000000e+00 1.990000000000000000e+02
-6.385187043473436574e+00 -1.316660066705644994e+01 0.000000000000000000e+00 -1.363583606464047193e-03 -3.359015967135547953e-01 0.000000000000000000e+00 1.991000000000000227e+02
-6.385323401834082979e+00 -1.320019082672780542e+01 0.000000000000000000e+00 -1.363583606464047193e-03 -3.359015967135547953e-01 0.000000000000000000e+00 1.992000000000000171e+02
-6.381072009714431559e+00 -1.323556414752215638e+01 0.000000000000000000e+00 4.251392119651420387e-02 -3.537332079435095977e-01 0.000000000000000000e+00 1.993000000000000114e+02
-6.365090387380598180e+00 -1.327570457861041220e+01 0.000000000000000000e+00 1.598162233383337849e-01 -4.014043108825582351e-01 0.000000000000000000e+00 1.994000000000000057e+02
-6.349108765046764802e+00 -1.331584500969866625e+01 0.000000000000000000e+00 1.598162233383337849e-01 -4.014043108825404715e-01 0.000000000000000000e+00 1.995000000000000000e+02
-6.333127142712931423e+00 -1.335598544078692029e+01 0.000000000000000000e+00 1.598162233383337849e-01 -4.014043108825404715e-01 0.000000000000000000e+00 1.996000000000000227e+02
-6.317145520379098045e+00 -1.339612587187517612e+01 0.000000000000000000e+00 1.598162233383337849e-01 -4.014043108825582351e-01 0.000000000000000000e+00 1.997000000000000171e+02
-6.301163898045263778e+00 -1.343626630296343016e+01 0.000000000000000000e+00 1.598162233383426667e-01 -4.014043108825404715e-01 0.000000000000000000e+00 1.998000000000000114e+02
-6.285182275711430400e+00 -1.347640673405168599e+01 0.000000000000000000e+00 1.598162233383337849e-01 -4.014043108825582351e-01 0.000000000000000000e+00 1.999000000000000057e+02
-6.269200653377597021e+00 -1.351654716513994003e+01 0.000000000000000000e+00 1.598162233383337849e-01 -4.014043108825404715e-01 0.000000000000000000e+00 2.000000000000000000e+02
-6.253219031043763643e+00 -1.355668759622819408e+01 0.000000000000000000e+00 1.598162233383337849e-01 -4.014043108825404715e-01 0.000000000000000000e+00 2.001000000000000227e+02
-6.237237408709930264e+00 -1.359682802731644991e+01 0.000000000000000000e+00 1.598162233383337849e-01 -4.014043108825582351e-01 0.000000000000000000e+00 2.002000000000000171e+02
-6.220981035150083827e+00 -1.363745360797784123e+01 0.000000000000000000e+00 1.625637355984643762e-01 -4.062558066139132507e-01 0.000000000000000000e+00 2.003000000000000114e+02
-6.201471239124437318e+00 -1.368382400930272347e+01 0.000000000000000000e+00 1.950979602564650861e-01 -4.637040132488223776e-01 0.000000000000000000e+00 2.004000000000000057e+02
-6.181961443098789921e+00 -1.373019441062760748e+01 0.000000000000000000e+00 1.950979602564739679e-01 -4.637040132488401412e-01 0.000000000000000000e+00 2.005000000000000000e+02
-6.162451647073142524e+00 -1.377656481195249150e+01 0.000000000000000000e+00 1.950979602564739679e-01 -4.637040132488401412e-01 0.000000000000000000e+00 2.006000000000000227e+02
-6.142941851047496016e+00 -1.382293521327737373e+01 0.000000000000000000e+00 1.950979602564650861e-01 -4.637040132488223776e-01 0.000000000000000000e+00 2.007000000000000171e+02
-6.123432055021848619e+00 -1.386930561460225775e+01 0.000000000000000000e+00 1.950979602564739679e-01 -4.637040132488401412e-01 0.000000000000000000e+00 2.008000000000000114e+02
-6.103922258996202110e+00 -1.391567601592714176e+01 0.000000000000000000e+00 1.950979602564650861e-01 -4.637040132488401412e-01 0.000000000000000000e+00 2.009000000000000057e+02
-6.084412462970554714e+00 -1.396204641725202578e+01 0.000000000000000000e+00 1.950979602564739679e-01 -4.637040132488401412e-01 0.000000000000000000e+00 2.010000000000000000e+02
-6.064902666944907317e+00 -1.400841681857690801e+01 0.000000000000000000e+00 1.950979602564739679e-01 -4.637040132488223776e-01 0.000000000000000000e+00 2.011000000000000227e+02
-6.045392870919260808e+00 -1.405478721990179203e+01 0.000000000000000000e+00 1.950979602564650861e-01 -4.637040132488401412e-01 0.000000000000000000e+00 2.012000000000000171e+02
-6.025883074893613411e+00 -1.410115762122667604e+01 0.000000000000000000e+00 1.950979602564739679e-01 -4.637040132488401412e-01 0.000000000000000000e+00 2.013000000000000114e+02
-6.006373278867966903e+00 -1.414752802255155828e+01 0.000000000000000000e+00 1.950979602564650861e-01 -4.637040132488223776e-01 0.000000000000000000e+00 2.014000000000000057e+02
-5.986830112712111074e+00 -1.419385937497677297e+01 0.000000000000000000e+00 1.954316615585582895e-01 -4.633135242521468911e-01 0.000000000000000000e+00 2.015000000000000000e+02
-5.967205109662473639e+00 -1.424009496389628460e+01 0.000000000000000000e+00 1.962500304963743503e-01 -4.623558891951162764e-01 0.000000000000000000e+00 2.016000000000000227e+02
-5.947580106612836204e+00 -1.428633055281579622e+01 0.000000000000000000e+00 1.962500304963743503e-01 -4.623558891951162764e-01 0.000000000000000000e+00 2.017000000000000171e+02
-5.927955103563199657e+00 -1.433256614173530608e+01 0.000000000000000000e+00 1.962500304963654685e-01 -4.623558891950985128e-01 0.000000000000000000e+00 2.018000000000000114e+02
-5.908330100513562222e+00 -1.437880173065481770e+01 0.000000000000000000e+00 1.962500304963743503e-01 -4.623558891951162764e-01 0.000000000000000000e+00 2.019000000000000057e+02
-5.888705097463924787e+00 -1.442503731957432933e+01 0.000000000000000000e+00 1.962500304963743503e-01 -4.623558891951162764e-01 0.000000000000000000e+00 2.020000000000000000e+02
-5.869080094414287352e+00 -1.447127290849383918e+01 0.000000000000000000e+00 1.962500304963743503e-01 -4.623558891950985128e-01 0.000000000000000000e+00 2.021000000000000227e+02
-5.849455091364649917e+00 -1.451750849741335081e+01 0.000000000000000000e+00 1.962500304963743503e-01 -4.623558891951162764e-01 0.000000000000000000e+00 2.022000000000000171e+02
-5.829830088315012482e+00 -1.456374408633286066e+01 0.000000000000000000e+00 1.962500304963743503e-01 -4.623558891950985128e-01 0.000000000000000000e+00 2.023000000000000114e+02
-5.810205085265375047e+00 -1.460997967525237229e+01 0.000000000000000000e+00 1.962500304963743503e-01 -4.623558891951162764e-01 0.000000000000000000e+00 2.024000000000000057e+02
-5.790580082215738500e+00 -1.465621526417188392e+01 0.000000000000000000e+00 1.962500304963654685e-01 -4.623558891951162764e-01 0.000000000000000000e+00 2.025000000000000000e+02
-5.770955079166101065e+00 -1.470245085309139377e+01 0.000000000000000000e+00 1.962500304963743503e-01 -4.623558891950985128e-01 0.000000000000000000e+00 2.026000000000000227e+02
-5.752592586244204220e+00 -1.474625371320761147e+01 0.000000000000000000e+00 1.836249292189684468e-01 -4.380286011621770115e-01 0.000000000000000000e+00 2.027000000000000171e+02
-5.736559865930829893e+00 -1.478556733810476231e+01 0.000000000000000000e+00 1.603272031337432679e-01 -3.931362489715084507e-01 0.000000000000000000e+00 2.028000000000000114e+02
-5.720527145617455567e+00 -1.482488096300191138e+01 0.000000000000000000e+00 1.603272031337432679e-01 -3.931362489714906872e-01 0.000000000000000000e+00 2.029000000000000057e+02
-5.704494425304082128e+00 -1.486419458789906223e+01 0.000000000000000000e+00 1.603272031337343861e-01 -3.931362489715084507e-01 0.000000000000000000e+00 2.030000000000000000e+02
-5.688461704990707801e+00 -1.490350821279621130e+01 0.000000000000000000e+00 1.603272031337432679e-01 -3.931362489714906872e-01 0.000000000000000000e+00 2.031000000000000227e+02
-5.672428984677334363e+00 -1.494282183769336214e+01 0.000000000000000000e+00 1.603272031337343861e-01 -3.931362489715084507e-01 0.000000000000000000e+00 2.032000000000000171e+02
-5.656396264363960036e+00 -1.498213546259051299e+01 0.000000000000000000e+00 1.603272031337432679e-01 -3.931362489715084507e-01 0.000000000000000000e+00 2.033000000000000114e+02
-5.640363544050586597e+00 -1.502144908748766206e+01 0.000000000000000000e+00 1.603272031337343861e-01 -3.931362489714906872e-01 0.000000000000000000e+00 2.034000000000000057e+02
-5.624330823737212270e+00 -1.506076271238481290e+01 0.000000000000000000e+00 1.603272031337432679e-01 -3.931362489715084507e-01 0.000000000000000000e+00 2.035000000000000000e+02
-5.608298103423838832e+00 -1.510007633728196375e+01 0.000000000000000000e+00 1.603272031337343861e-01 -3.931362489715084507e-01 0.000000000000000000e+00 2.036000000000000227e+02
-5.592265383110464505e+00 -1.513938996217911281e+01 0.000000000000000000e+00 1.603272031337432679e-01 -3.931362489714906872e-01 0.000000000000000000e+00 2.037000000000000171e+02
-5.586809340312732353e+00 -1.517851354534138508e+01 0.000000000000000000e+00 5.456042797732152394e-02 -3.912358316227226851e-01 0.000000000000000000e+00 2.038000000000000114e+02
-5.583082805878079924e+00 -1.521760605269848909e+01 0.000000000000000000e+00 3.726534434652428729e-02 -3.909250735710401159e-01 0.000000000000000000e+00 2.039000000000000057e+02
-5.579356271443426607e+00 -1.525669856005559311e+01 0.000000000000000000e+00 3.726534434653316907e-02 -3.909250735710401159e-01 0.000000000000000000e+00 2.040000000000000000e+02
-5.575629737008774178e+00 -1.529579106741269712e+01 0.000000000000000000e+00 3.726534434652428729e-02 -3.909250735710401159e-01 0.000000000000000000e+00 2.041000000000000227e+02
-5.571903202574121750e+00 -1.533488357476980113e+01 0.000000000000000000e+00 3.726534434652428729e-02 -3.909250735710401159e-01 0.000000000000000000e+00 2.042000000000000171e+02
-5.568176668139469321e+00 -1.537397608212690514e+01 0.000000000000000000e+00 3.726534434652428729e-02 -3.909250735710401159e-01 0.000000000000000000e+00 2.043000000000000114e+02
-5.564450133704816004e+00 -1.541306858948400915e+01 0.000000000000000000e+00 3.726534434653316907e-02 -3.909250735710401159e-01 0.000000000000000000e+00 2.044000000000000057e+02
-5.560723599270163575e+00 -1.545216109684111316e+01 0.000000000000000000e+00 3.726534434652428729e-02 -3.909250735710401159e-01 0.000000000000000000e+00 2.045000000000000000e+02
-5.556997064835511146e+00 -1.549125360419821718e+01 0.000000000000000000e+00 3.726534434652428729e-02 -3.909250735710401159e-01 0.000000000000000000e+00 2.046000000000000227e+02
-5.564864295492580659e+00 -1.553698224495116698e+01 0.000000000000000000e+00 -7.867230657069512745e-02 -4.572864075294980069e-01 0.000000000000000000e+00 2.047000000000000171e+02
-5.573951194343145232e+00 -1.558340900928749484e+01 0.000000000000000000e+00 -9.086898850564573138e-02 -4.642676433632786370e-01 0.000000000000000000e+00 2.048000000000000114e+02
-5.583038093193709805e+00 -1.562983577362382448e+01 0.000000000000000000e+00 -9.086898850564573138e-02 -4.642676433632964006e-01 0.000000000000000000e+00 2.049000000000000057e+02
-5.592124992044273490e+00 -1.567626253796015412e+01 0.000000000000000000e+00 -9.086898850563684960e-02 -4.642676433632964006e-01 0.000000000000000000e+00 2.050000000000000000e+02
-5.601211890894838064e+00 -1.572268930229648198e+01 0.000000000000000000e+00 -9.086898850564573138e-02 -4.642676433632786370e-01 0.000000000000000000e+00 2.051000000000000227e+02
-5.610298789745401749e+00 -1.576911606663281162e+01 0.000000000000000000e+00 -9.086898850563684960e-02 -4.642676433632964006e-01 0.000000000000000000e+00 2.052000000000000171e+02
-5.619385688595966322e+00 -1.581554283096913949e+01 0.000000000000000000e+00 -9.086898850564573138e-02 -4.642676433632786370e-01 0.000000000000000000e+00 2.053000000000000114e+02
-5.628472587446530007e+00 -1.586196959530546913e+01 0.000000000000000000e+00 -9.086898850563684960e-02 -4.642676433632964006e-01 0.000000000000000000e+00 2.054000000000000057e+02
-5.637559486297094580e+00 -1.590839635964179877e+01 0.000000000000000000e+00 -9.086898850564573138e-02 -4.642676433632964006e-01 0.000000000000000000e+00 2.055000000000000000e+02
-5.646646385147659153e+00 -1.595482312397812663e+01 0.000000000000000000e+00 -9.086898850564573138e-02 -4.642676433632786370e-01 0.000000000000000000e+00 2.056000000000000227e+02
-5.655798321662504513e+00 -1.600158211632476934e+01 0.000000000000000000e+00 -9.151936514845360193e-02 -4.675899234664271376e-01 0.000000000000000000e+00 2.057000000000000171e+02
-5.665692210810793661e+00 -1.605213118092997604e+01 0.000000000000000000e+00 -9.893889148289147784e-02 -5.054906460520669498e-01 0.000000000000000000e+00 2.058000000000000114e+02
-5.675586099959082809e+00 -1.610268024553518273e+01 0.000000000000000000e+00 -9.893889148289147784e-02 -5.054906460520669498e-01 0.000000000000000000e+00 2.059000000000000057e+02
-5.685479989107371956e+00 -1.615322931014038943e+01 0.000000000000000000e+00 -9.893889148289147784e-02 -5.054906460520669498e-01 0.000000000000000000e+00 2.060000000000000000e+02
-5.695373878255660216e+00 -1.620377837474559612e+01 0.000000000000000000e+00 -9.893889148288259605e-02 -5.054906460520669498e-01 0.000000000000000000e+00 2.061000000000000227e+02
-5.705267767403949364e+00 -1.625432743935080282e+01 0.000000000000000000e+00 -9.893889148289147784e-02 -5.054906460520669498e-01 0.000000000000000000e+00 2.062000000000000171e+02
-5.715161656552238512e+00 -1.630487650395600951e+01 0.000000000000000000e+00 -9.893889148289147784e-02 -5.054906460520669498e-01 0.000000000000000000e+00 2.063000000000000114e+02
-5.725055545700527659e+00 -1.635542556856121621e+01 0.000000000000000000e+00 -9.893889148289147784e-02 -5.054906460520669498e-01 0.000000000000000000e+00 2.064000000000000057e+02
-5.734949434848816807e+00 -1.640597463316642290e+01 0.000000000000000000e+00 -9.893889148289147784e-02 -5.054906460520669498e-01 0.000000000000000000e+00 2.065000000000000000e+02
-5.744843323997105955e+00 -1.645652369777162960e+01 0.000000000000000000e+00 -9.893889148289147784e-02 -5.054906460520669498e-01 0.000000000000000000e+00 2.066000000000000227e+02
-5.754737213145395103e+00 -1.650707276237683274e+01 0.000000000000000000e+00 -9.893889148289147784e-02 -5.054906460520314226e-01 0.000000000000000000e+00 2.067000000000000171e+02
-5.764631102293683362e+00 -1.655762182698203944e+01 0.000000000000000000e+00 -9.893889148288259605e-02 -5.054906460520669498e-01 0.000000000000000000e+00 2.068000000000000114e+02
-5.774437774445003946e+00 -1.660776846027352960e+01 0.000000000000000000e+00 -9.806672151320583453e-02 -5.014663329149016135e-01 0.000000000000000000e+00 2.069000000000000057e+02
-5.782293616763919175e+00 -1.664891369430131007e+01 0.000000000000000000e+00 -7.855842318915229328e-02 -4.114523402778047512e-01 0.000000000000000000e+00 2.070000000000000000e+02
-5.790149459082833516e+00 -1.669005892832909055e+01 0.000000000000000000e+00 -7.855842318914341149e-02 -4.114523402778047512e-01 0.000000000000000000e+00 2.071000000000000227e+02
-5.798005301401747857e+00 -1.673120416235687102e+01 0.000000000000000000e+00 -7.855842318914341149e-02 -4.114523402778047512e-01 0.000000000000000000e+00 2.072000000000000171e+02
-5.805861143720662199e+00 -1.677234939638465150e+01 0.000000000000000000e+00 -7.855842318914341149e-02 -4.114523402778047512e-01 0.000000000000000000e+00 2.073000000000000114e+02
-5.813716986039577428e+00 -1.681349463041242842e+01 0.000000000000000000e+00 -7.855842318915229328e-02 -4.114523402777692240e-01 0.000000000000000000e+00 2.074000000000000057e+02
-5.821572828358491769e+00 -1.685463986444020890e+01 0.000000000000000000e+00 -7.855842318914341149e-02 -4.114523402778047512e-01 0.000000000000000000e+00 2.075000000000000000e+02
-5.829428670677406110e+00 -1.689578509846798937e+01 0.000000000000000000e+00 -7.855842318914341149e-02 -4.114523402778047512e-01 0.000000000000000000e+00 2.076000000000000227e+02
-5.837284512996320451e+00 -1.693693033249576985e+01 0.000000000000000000e+00 -7.855842318914341149e-02 -4.114523402778047512e-01 0.000000000000000000e+00 2.077000000000000171e+02
-5.845140355315235681e+00 -1.697807556652355032e+01 0.000000000000000000e+00 -7.855842318915229328e-02 -4.114523402778047512e-01 0.000000000000000000e+00 2.078000000000000114e+02
-5.852810430244862694e+00 -1.701813967384849491e+01 0.000000000000000000e+00 -7.670074929627013205e-02 -4.006410732494458671e-01 0.000000000000000000e+00 2.079000000000000057e+02
-5.859378679474144924e+00 -1.705179138989699794e+01 0.000000000000000000e+00 -6.568249229282230317e-02 -3.365171604850303311e-01 0.000000000000000000e+00 2.080000000000000000e+02
-5.865946928703426266e+00 -1.708544310594549742e+01 0.000000000000000000e+00 -6.568249229281342139e-02 -3.365171604849948039e-01 0.000000000000000000e+00 2.081000000000000227e+02
-5.872515177932708497e+00 -1.711909482199400045e+01 0.000000000000000000e+00 -6.568249229282230317e-02 -3.365171604850303311e-01 0.000000000000000000e+00 2.082000000000000171e+02
-5.879083427161990727e+00 -1.715274653804250349e+01 0.000000000000000000e+00 -6.568249229282230317e-02 -3.365171604850303311e-01 0.000000000000000000e+00 2.083000000000000114e+02
-5.885651676391272069e+00 -1.718639825409100297e+01 0.000000000000000000e+00 -6.568249229281342139e-02 -3.365171604849948039e-01 0.000000000000000000e+00 2.084000000000000057e+02
-5.892219925620554299e+00 -1.722004997013950600e+01 0.000000000000000000e+00 -6.568249229282230317e-02 -3.365171604850303311e-01 0.000000000000000000e+00 2.085000000000000000e+02
-5.898788174849836530e+00 -1.725370168618800903e+01 0.000000000000000000e+00 -6.568249229282230317e-02 -3.365171604850303311e-01 0.000000000000000000e+00 2.086000000000000227e+02
-5.904901263521737498e+00 -1.728749484675898884e+01 0.000000000000000000e+00 -6.113088671900968052e-02 -3.379316057097980774e-01 0.000000000000000000e+00 2.087000000000000171e+02
-5.909859005802228893e+00 -1.732164703979880827e+01 0.000000000000000000e+00 -4.957742280491395093e-02 -3.415219303981942289e-01 0.000000000000000000e+00 2.088000000000000114e+02
-5.914816748082719400e+00 -1.735579923283862769e+01 0.000000000000000000e+00 -4.957742280490506914e-02 -3.415219303981942289e-01 0.000000000000000000e+00 2.089000000000000057e+02
-5.919774490363210795e+00 -1.738995142587844711e+01 0.000000000000000000e+00 -4.957742280491395093e-02 -3.415219303981942289e-01 0.000000000000000000e+00 2.090000000000000000e+02
-5.924732232643701302e+00 -1.742410361891826298e+01 0.000000000000000000e+00 -4.957742280490506914e-02 -3.415219303981587018e-01 0.000000000000000000e+00 2.091000000000000227e+02
-5.929689974924192697e+00 -1.745825581195808240e+01 0.000000000000000000e+00 -4.957742280491395093e-02 -3.415219303981942289e-01 0.000000000000000000e+00 2.092000000000000171e+02
-5.934647717204683204e+00 -1.749240800499790183e+01 0.000000000000000000e+00 -4.957742280490506914e-02 -3.415219303981942289e-01 0.000000000000000000e+00 2.093000000000000114e+02
-5.939605459485174599e+00 -1.752656019803772125e+01 0.000000000000000000e+00 -4.957742280491395093e-02 -3.415219303981942289e-01 0.000000000000000000e+00 2.094000000000000057e+02
-5.941061069518155158e+00 -1.756567967668469521e+01 0.000000000000000000e+00 -1.455610032980558799e-02 -3.911947864697395971e-01 0.000000000000000000e+00 2.095000000000000000e+02
-5.937642213892720733e+00 -1.761171290426985792e+01 0.000000000000000000e+00 3.418855625434424894e-02 -4.603322758516270596e-01 0.000000000000000000e+00 2.096000000000000227e+02
-5.934223358267285420e+00 -1.765774613185502062e+01 0.000000000000000000e+00 3.418855625435313073e-02 -4.603322758516270596e-01 0.000000000000000000e+00 2.097000000000000171e+02
-5.930804502641850995e+00 -1.770377935944018333e+01 0.000000000000000000e+00 3.418855625434424894e-02 -4.603322758516270596e-01 0.000000000000000000e+00 2.098000000000000114e+02
-5.927385647016415682e+00 -1.774981258702534603e+01 0.000000000000000000e+00 3.418855625435313073e-02 -4.603322758516270596e-01 0.000000000000000000e+00 2.099000000000000057e+02
-5.923966791390981257e+00 -1.779584581461050874e+01 0.000000000000000000e+00 3.418855625434424894e-02 -4.603322758516270596e-01 0.000000000000000000e+00 2.100000000000000000e+02
-5.920547935765546832e+00 -1.784187904219567145e+01 0.000000000000000000e+00 3.418855625434424894e-02 -4.603322758516270596e-01 0.000000000000000000e+00 2.101000000000000227e+02
-5.917129080140111519e+00 -1.788791226978083415e+01 0.000000000000000000e+00 3.418855625435313073e-02 -4.603322758516270596e-01 0.000000000000000000e+00 2.102000000000000171e+02
-5.913710224514677094e+00 -1.793394549736599686e+01 0.000000000000000000e+00 3.418855625434424894e-02 -4.603322758516270596e-01 0.000000000000000000e+00 2.103000000000000114e+02
-5.910291368889242669e+00 -1.797997872495116312e+01 0.000000000000000000e+00 3.418855625434424894e-02 -4.603322758516625868e-01 0.000000000000000000e+00 2.104000000000000057e+02
-5.906872513263807356e+00 -1.802601195253632582e+01 0.000000000000000000e+00 3.418855625435313073e-02 -4.603322758516270596e-01 0.000000000000000000e+00 2.105000000000000000e+02
-5.903636886962516428e+00 -1.807128735994191615e+01 0.000000000000000000e+00 3.235626301290928097e-02 -4.527540740559032884e-01 0.000000000000000000e+00 2.106000000000000227e+02
-5.901889189878011699e+00 -1.811040882451371203e+01 0.000000000000000000e+00 1.747697084504729048e-02 -3.912146457179588310e-01 0.000000000000000000e+00 2.107000000000000171e+02
-5.900141492793506082e+00 -1.814953028908551147e+01 0.000000000000000000e+00 1.747697084505617227e-02 -3.912146457179943582e-01 0.000000000000000000e+00 2.108000000000000114e+02
-5.898393795709000464e+00 -1.818865175365730735e+01 0.000000000000000000e+00 1.747697084505617227e-02 -3.912146457179588310e-01 0.000000000000000000e+00 2.109000000000000057e+02
-5.896646098624494847e+00 -1.822777321822910679e+01 0.000000000000000000e+00 1.747697084505617227e-02 -3.912146457179943582e-01 0.000000000000000000e+00 2.110000000000000000e+02
-5.894898401539989230e+00 -1.826689468280090267e+01 0.000000000000000000e+00 1.747697084505617227e-02 -3.912146457179588310e-01 0.000000000000000000e+00 2.111000000000000227e+02
-5.893150704455483613e+00 -1.830601614737270211e+01 0.000000000000000000e+00 1.747697084505617227e-02 -3.912146457179943582e-01 0.000000000000000000e+00 2.112000000000000171e+02
-5.891403007370977996e+00 -1.834513761194449799e+01 0.000000000000000000e+00 1.747697084505617227e-02 -3.912146457179588310e-01 0.000000000000000000e+00 2.113000000000000114e+02
-5.889655310286472378e+00 -1.838425907651629743e+01 0.000000000000000000e+00 1.747697084505617227e-02 -3.912146457179943582e-01 0.000000000000000000e+00 2.114000000000000057e+02
-5.888018615206764395e+00 -1.842306572238328499e+01 0.000000000000000000e+00 1.636695079707983780e-02 -3.880664586698756580e-01 0.000000000000000000e+00 2.115000000000000000e+02
-5.887845392162907032e+00 -1.845772173717211828e+01 0.000000000000000000e+00 1.732230438573623132e-03 -3.465601478883328923e-01 0.000000000000000000e+00 2.116000000000000227e+02
-5.887672169119048782e+00 -1.849237775196095157e+01 0.000000000000000000e+00 1.732230438582504917e-03 -3.465601478883328923e-01 0.000000000000000000e+00 2.117000000000000171e+02
-5.887498946075190531e+00 -1.852703376674978486e+01 0.000000000000000000e+00 1.732230438582504917e-03 -3.465601478883328923e-01 0.000000000000000000e+00 2.118000000000000114e+02
-5.887325723031332281e+00 -1.856168978153861815e+01 0.000000000000000000e+00 1.732230438582504917e-03 -3.465601478883328923e-01 0.000000000000000000e+00 2.119000000000000057e+02
-5.887152499987474918e+00 -1.859634579632744789e+01 0.000000000000000000e+00 1.732230438573623132e-03 -3.465601478882973652e-01 0.000000000000000000e+00 2.120000000000000000e+02
-5.886979276943616668e+00 -1.863100181111628117e+01 0.000000000000000000e+00 1.732230438582504917e-03 -3.465601478883328923e-01 0.000000000000000000e+00 2.121000000000000227e+02
-5.886806053899758417e+00 -1.866565782590511446e+01 0.000000000000000000e+00 1.732230438582504917e-03 -3.465601478883328923e-01 0.000000000000000000e+00 2.122000000000000171e+02
-5.888314264951320709e+00 -1.870214566712603954e+01 0.000000000000000000e+00 -1.508211051562291516e-02 -3.648784122092507687e-01 0.000000000000000000e+00 2.123000000000000114e+02
-5.896554828749951405e+00 -1.874596802222762193e+01 0.000000000000000000e+00 -8.240563798630695658e-02 -4.382235510158238867e-01 0.000000000000000000e+00 2.124000000000000057e+02
-5.904795392548582100e+00 -1.878979037732920077e+01 0.000000000000000000e+00 -8.240563798630695658e-02 -4.382235510157883596e-01 0.000000000000000000e+00 2.125000000000000000e+02
-5.913035956347212796e+00 -1.883361273243077960e+01 0.000000000000000000e+00 -8.240563798630695658e-02 -4.382235510157883596e-01 0.000000000000000000e+00 2.126000000000000227e+02
-5.921276520145843492e+00 -1.887743508753236199e+01 0.000000000000000000e+00 -8.240563798630695658e-02 -4.382235510158238867e-01 0.000000000000000000e+00 2.127000000000000171e+02
-5.929517083944475075e+00 -1.892125744263394083e+01 0.000000000000000000e+00 -8.240563798631583836e-02 -4.382235510157883596e-01 0.000000000000000000e+00 2.128000000000000114e+02
-5.937757647743105771e+00 -1.896507979773551966e+01 0.000000000000000000e+00 -8.240563798630695658e-02 -4.382235510157883596e-01 0.000000000000000000e+00 2.129000000000000057e+02
-5.945998211541736467e+00 -1.900890215283709850e+01 0.000000000000000000e+00 -8.240563798630695658e-02 -4.382235510157883596e-01 0.000000000000000000e+00 2.130000000000000000e+02
-5.954238775340367162e+00 -1.905272450793868089e+01 0.000000000000000000e+00 -8.240563798630695658e-02 -4.382235510158238867e-01 0.000000000000000000e+00 2.131000000000000227e+02
-5.962479339138997858e+00 -1.909654686304025972e+01 0.000000000000000000e+00 -8.240563798630695658e-02 -4.382235510157883596e-01 0.000000000000000000e+00 2.132000000000000171e+02
-5.970719902937629442e+00 -1.914036921814183856e+01 0.000000000000000000e+00 -8.240563798631583836e-02 -4.382235510157883596e-01 0.000000000000000000e+00 2.133000000000000114e+02
-5.978966616617586993e+00 -1.919132469594525503e+01 0.000000000000000000e+00 -8.246713679957551335e-02 -5.095547780341647126e-01 0.000000000000000000e+00 2.134000000000000057e+02
-5.987215550958397081e+00 -1.924485587326230274e+01 0.000000000000000000e+00 -8.248934340810087917e-02 -5.353117731704770677e-01 0.000000000000000000e+00 2.135000000000000000e+02
-5.995464485299208057e+00 -1.929838705057935400e+01 0.000000000000000000e+00 -8.248934340810976096e-02 -5.353117731705125948e-01 0.000000000000000000e+00 2.136000000000000227e+02
-6.003713419640018145e+00 -1.935191822789640526e+01 0.000000000000000000e+00 -8.248934340810087917e-02 -5.353117731705125948e-01 0.000000000000000000e+00 2.137000000000000171e+02
-6.011962353980829121e+00 -1.940544940521345296e+01 0.000000000000000000e+00 -8.248934340810976096e-02 -5.353117731704770677e-01 0.000000000000000000e+00 2.138000000000000114e+02
-6.020211288321639209e+00 -1.945898058253050422e+01 0.000000000000000000e+00 -8.248934340810087917e-02 -5.353117731705125948e-01 0.000000000000000000e+00 2.139000000000000057e+02
-6.028460222662450185e+00 -1.951251175984755548e+01 0.000000000000000000e+00 -8.248934340810976096e-02 -5.353117731705125948e-01 0.000000000000000000e+00 2.140000000000000000e+02
-6.036709157003261161e+00 -1.956604293716460319e+01 0.000000000000000000e+00 -8.248934340810976096e-02 -5.353117731704770677e-01 0.000000000000000000e+00 2.141000000000000227e+02
-6.044958091344071249e+00 -1.961957411448165445e+01 0.000000000000000000e+00 -8.248934340810087917e-02 -5.353117731705125948e-01 0.000000000000000000e+00 2.142000000000000171e+02
-6.053207025684882225e+00 -1.967310529179870215e+01 0.000000000000000000e+00 -8.248934340810976096e-02 -5.353117731704770677e-01 0.000000000000000000e+00 2.143000000000000114e+02
-6.061455960025692313e+00 -1.972663646911575341e+01 0.000000000000000000e+00 -8.248934340810087917e-02 -5.353117731705125948e-01 0.000000000000000000e+00 2.144000000000000057e+02
-6.069704894366503289e+00 -1.978016764643280467e+01 0.000000000000000000e+00 -8.248934340810976096e-02 -5.353117731705125948e-01 0.000000000000000000e+00 2.145000000000000000e+02
-6.077953828707313377e+00 -1.983369882374985238e+01 0.000000000000000000e+00 -8.248934340810087917e-02 -5.353117731704770677e-01 0.000000000000000000e+00 2.146000000000000227e+02
-6.086864789912025842e+00 -1.988688805403329951e+01 0.000000000000000000e+00 -8.910961204712464223e-02 -5.318923028344713089e-01 0.000000000000000000e+00 2.147000000000000171e+02
-6.095785676143171905e+00 -1.994007215788830223e+01 0.000000000000000000e+00 -8.920886231146063494e-02 -5.318410385500271786e-01 0.000000000000000000e+00 2.148000000000000114e+02
-6.104706562374317969e+00 -1.999325626174330139e+01 0.000000000000000000e+00 -8.920886231146063494e-02 -5.318410385499916515e-01 0.000000000000000000e+00 2.149000000000000057e+02
-6.113627448605463144e+00 -2.004644036559830056e+01 0.000000000000000000e+00 -8.920886231145175316e-02 -5.318410385499916515e-01 0.000000000000000000e+00 2.150000000000000000e+02
-6.122548334836609207e+00 -2.009962446945330328e+01 0.000000000000000000e+00 -8.920886231146063494e-02 -5.318410385500271786e-01 0.000000000000000000e+00 2.151000000000000227e+02
-6.131469221067755271e+00 -2.015280857330830244e+01 0.000000000000000000e+00 -8.920886231146063494e-02 -5.318410385499916515e-01 0.000000000000000000e+00 2.152000000000000171e+02
-6.140390107298901334e+00 -2.020599267716330516e+01 0.000000000000000000e+00 -8.920886231146063494e-02 -5.318410385500271786e-01 0.000000000000000000e+00 2.153000000000000114e+02
-6.149310993530046510e+00 -2.025917678101830433e+01 0.000000000000000000e+00 -8.920886231145175316e-02 -5.318410385499916515e-01 0.000000000000000000e+00 2.154000000000000057e+02
-6.158231879761192573e+00 -2.031236088487330704e+01 0.000000000000000000e+00 -8.920886231146063494e-02 -5.318410385500271786e-01 0.000000000000000000e+00 2.155000000000000000e+02
-6.167152765992338637e+00 -2.036554498872830621e+01 0.000000000000000000e+00 -8.920886231146063494e-02 -5.318410385499916515e-01 0.000000000000000000e+00 2.156000000000000227e+02
-6.176073652223483812e+00 -2.041872909258330537e+01 0.000000000000000000e+00 -8.920886231145175316e-02 -5.318410385499916515e-01 0.000000000000000000e+00 2.157000000000000171e+02
-6.184994538454629875e+00 -2.047191319643830809e+01 0.000000000000000000e+00 -8.920886231146063494e-02 -5.318410385500271786e-01 0.000000000000000000e+00 2.158000000000000114e+02
-6.191106646519190626e+00 -2.052085997589674449e+01 0.000000000000000000e+00 -6.112108064560750620e-02 -4.894677945843639577e-01 0.000000000000000000e+00 2.159000000000000057e+02
-6.195106199779036871e+00 -2.056661975393243580e+01 0.000000000000000000e+00 -3.999553259846244657e-02 -4.575977803569131197e-01 0.000000000000000000e+00 2.160000000000000000e+02
-6.199105753038884004e+00 -2.061237953196812356e+01 0.000000000000000000e+00 -3.999553259847132836e-02 -4.575977803568775926e-01 0.000000000000000000e+00 2.161000000000000227e+02
-6.203105306298730248e+00 -2.065813931000381132e+01 0.000000000000000000e+00 -3.999553259846244657e-02 -4.575977803568775926e-01 0.000000000000000000e+00 2.162000000000000171e+02
-6.207104859558577381e+00 -2.070389908803950263e+01 0.000000000000000000e+00 -3.999553259847132836e-02 -4.575977803569131197e-01 0.000000000000000000e+00 2.163000000000000114e+02
-6.211104412818423626e+00 -2.074965886607519039e+01 0.000000000000000000e+00 -3.999553259846244657e-02 -4.575977803568775926e-01 0.000000000000000000e+00 2.164000000000000057e+02
-6.215103966078270759e+00 -2.079541864411088170e+01 0.000000000000000000e+00 -3.999553259847132836e-02 -4.575977803569131197e-01 0.000000000000000000e+00 2.165000000000000000e+02
-6.219103519338117003e+00 -2.084117842214656946e+01 0.000000000000000000e+00 -3.999553259846244657e-02 -4.575977803568775926e-01 0.000000000000000000e+00 2.166000000000000227e+02
-6.223103072597964136e+00 -2.088693820018226077e+01 0.000000000000000000e+00 -3.999553259847132836e-02 -4.575977803569131197e-01 0.000000000000000000e+00 2.167000000000000171e+02
-6.227102625857810381e+00 -2.093269797821794853e+01 0.000000000000000000e+00 -3.999553259846244657e-02 -4.575977803568775926e-01 0.000000000000000000e+00 2.168000000000000114e+02
-6.212898457413196240e+00 -2.096189647272601064e+01 0.000000000000000000e+00 1.420416844461414030e-01 -2.919849450806211166e-01 0.000000000000000000e+00 2.169000000000000057e+02
-6.196706237617339852e+00 -2.098928628862263679e+01 0.000000000000000000e+00 1.619221979585638849e-01 -2.738981589662614624e-01 0.000000000000000000e+00 2.170000000000000000e+02
-6.180514017821484352e+00 -2.101667610451925938e+01 0.000000000000000000e+00 1.619221979585550031e-01 -2.738981589662259353e-01 0.000000000000000000e+00 2.171000000000000227e+02
-6.164321798025627963e+00 -2.104406592041588553e+01 0.000000000000000000e+00 1.619221979585638849e-01 -2.738981589662614624e-01 0.000000000000000000e+00 2.172000000000000171e+02
-6.148129578229772463e+00 -2.107145573631251168e+01 0.000000000000000000e+00 1.619221979585550031e-01 -2.738981589662614624e-01 0.000000000000000000e+00 2.173000000000000114e+02
-6.131937358433916074e+00 -2.109884555220913782e+01 0.000000000000000000e+00 1.619221979585638849e-01 -2.738981589662614624e-01 0.000000000000000000e+00 2.174000000000000057e+02
-6.115745138638060574e+00 -2.112623536810576041e+01 0.000000000000000000e+00 1.619221979585550031e-01 -2.738981589662259353e-01 0.000000000000000000e+00 2.175000000000000000e+02
-6.100634142974095120e+00 -2.115348327910331250e+01 0.000000000000000000e+00 1.511099566396545413e-01 -2.724791099755208279e-01 0.000000000000000000e+00 2.176000000000000227e+02
-6.096066416396902277e+00 -2.117934744228064048e+01 0.000000000000000000e+00 4.567726577192843251e-02 -2.586416317732798120e-01 0.000000000000000000e+00 2.177000000000000171e+02
-6.091498689819708545e+00 -2.120521160545796491e+01 0.000000000000000000e+00 4.567726577193731430e-02 -2.586416317732442849e-01 0.000000000000000000e+00 2.178000000000000114e+02
-6.086930963242515702e+00 -2.123107576863529289e+01 0.000000000000000000e+00 4.567726577192843251e-02 -2.586416317732798120e-01 0.000000000000000000e+00 2.179000000000000057e+02
-6.082363236665322859e+00 -2.125693993181262087e+01 0.000000000000000000e+00 4.567726577192843251e-02 -2.586416317732798120e-01 0.000000000000000000e+00 2.180000000000000000e+02
-6.077795510088129127e+00 -2.128280409498994885e+01 0.000000000000000000e+00 4.567726577193731430e-02 -2.586416317732798120e-01 0.000000000000000000e+00 2.181000000000000227e+02
-6.073227783510936284e+00 -2.130866825816727328e+01 0.000000000000000000e+00 4.567726577192843251e-02 -2.586416317732442849e-01 0.000000000000000000e+00 2.182000000000000171e+02
-6.068077086089036953e+00 -2.133738039579696633e+01 0.000000000000000000e+00 5.150697421899330664e-02 -2.871213762969304639e-01 0.000000000000000000e+00 2.183000000000000114e+02
-6.062311312950529718e+00 -2.136909734909296787e+01 0.000000000000000000e+00 5.765773138507235274e-02 -3.171695329600154878e-01 0.000000000000000000e+00 2.184000000000000057e+02
-6.056545539812021595e+00 -2.140081430238896942e+01 0.000000000000000000e+00 5.765773138508123452e-02 -3.171695329600154878e-01 0.000000000000000000e+00 2.185000000000000000e+02
-6.050779766673513471e+00 -2.143253125568497097e+01 0.000000000000000000e+00 5.765773138508123452e-02 -3.171695329600154878e-01 0.000000000000000000e+00 2.186000000000000227e+02
-6.045013993535005348e+00 -2.146424820898097252e+01 0.000000000000000000e+00 5.765773138508123452e-02 -3.171695329600154878e-01 0.000000000000000000e+00 2.187000000000000171e+02
-6.039248220396497224e+00 -2.149596516227697407e+01 0.000000000000000000e+00 5.765773138508123452e-02 -3.171695329600154878e-01 0.000000000000000000e+00 2.188000000000000114e+02
-6.033482447257989989e+00 -2.152768211557297562e+01 0.000000000000000000e+00 5.765773138507235274e-02 -3.171695329600154878e-01 0.000000000000000000e+00 2.189000000000000057e+02
-6.027716674119481866e+00 -2.155939906886898072e+01 0.000000000000000000e+00 5.765773138508123452e-02 -3.171695329600510149e-01 0.000000000000000000e+00 2.190000000000000000e+02
-6.020988662106302236e+00 -2.159387171134735084e+01 0.000000000000000000e+00 6.728012013179629491e-02 -3.447264247837011908e-01 0.000000000000000000e+00 2.191000000000000227e+02
-6.013055168629118263e+00 -2.163179664859092100e+01 0.000000000000000000e+00 7.933493477183972686e-02 -3.792493724357015594e-01 0.000000000000000000e+00 2.192000000000000171e+02
-6.005121675151934291e+00 -2.166972158583449115e+01 0.000000000000000000e+00 7.933493477183972686e-02 -3.792493724357015594e-01 0.000000000000000000e+00 2.193000000000000114e+02
-5.997188181674749430e+00 -2.170764652307806486e+01 0.000000000000000000e+00 7.933493477184860865e-02 -3.792493724357370866e-01 0.000000000000000000e+00 2.194000000000000057e+02
-5.989254688197565457e+00 -2.174557146032163502e+01 0.000000000000000000e+00 7.933493477183972686e-02 -3.792493724357015594e-01 0.000000000000000000e+00 2.195000000000000000e+02
-5.981321194720381484e+00 -2.178349639756520872e+01 0.000000000000000000e+00 7.933493477183972686e-02 -3.792493724357370866e-01 0.000000000000000000e+00 2.196000000000000227e+02
-5.973387701243197512e+00 -2.182142133480877888e+01 0.000000000000000000e+00 7.933493477183972686e-02 -3.792493724357015594e-01 0.000000000000000000e+00 2.197000000000000171e+02
-5.965454207766013539e+00 -2.185934627205234904e+01 0.000000000000000000e+00 7.933493477183972686e-02 -3.792493724357015594e-01 0.000000000000000000e+00 2.198000000000000114e+02
-5.957520714288829566e+00 -2.189727120929592274e+01 0.000000000000000000e+00 7.933493477183972686e-02 -3.792493724357370866e-01 0.000000000000000000e+00 2.199000000000000057e+02
-5.949587220811645594e+00 -2.193519614653949290e+01 0.000000000000000000e+00 7.933493477183972686e-02 -3.792493724357015594e-01 0.000000000000000000e+00 2.200000000000000000e+02
-5.940775951942072197e+00 -2.197757836024847222e+01 0.000000000000000000e+00 8.811268869573396501e-02 -4.238221370897932161e-01 0.000000000000000000e+00 2.201000000000000227e+02
-5.931917867954654255e+00 -2.202019829755372271e+01 0.000000000000000000e+00 8.858083987417941785e-02 -4.261993730525048818e-01 0.000000000000000000e+00 2.202000000000000171e+02
-5.923059783967235425e+00 -2.206281823485896965e+01 0.000000000000000000e+00 8.858083987418829963e-02 -4.261993730524693547e-01 0.000000000000000000e+00 2.203000000000000114e+02
-5.914201699979817484e+00 -2.210543817216421658e+01 0.000000000000000000e+00 8.858083987417941785e-02 -4.261993730524693547e-01 0.000000000000000000e+00 2.204000000000000057e+02
-5.905343615992399542e+00 -2.214805810946946707e+01 0.000000000000000000e+00 8.858083987417941785e-02 -4.261993730525048818e-01 0.000000000000000000e+00 2.205000000000000000e+02
-5.896485532004981600e+00 -2.219067804677471401e+01 0.000000000000000000e+00 8.858083987417941785e-02 -4.261993730524693547e-01 0.000000000000000000e+00 2.206000000000000227e+02
-5.887627448017562770e+00 -2.223329798407996449e+01 0.000000000000000000e+00 8.858083987418829963e-02 -4.261993730525048818e-01 0.000000000000000000e+00 2.207000000000000171e+02
-5.878769364030144828e+00 -2.227591792138521143e+01 0.000000000000000000e+00 8.858083987417941785e-02 -4.261993730524693547e-01 0.000000000000000000e+00 2.208000000000000114e+02
-5.869911280042726887e+00 -2.231853785869046192e+01 0.000000000000000000e+00 8.858083987417941785e-02 -4.261993730525048818e-01 0.000000000000000000e+00 2.209000000000000057e+02
-5.861053196055308945e+00 -2.236115779599570885e+01 0.000000000000000000e+00 8.858083987417941785e-02 -4.261993730524693547e-01 0.000000000000000000e+00 2.210000000000000000e+02
-5.852080310763315474e+00 -2.240150566776578955e+01 0.000000000000000000e+00 8.972885291993470958e-02 -4.034787177008070103e-01 0.000000000000000000e+00 2.211000000000000227e+02
-5.843058627962309792e+00 -2.244088777404358126e+01 0.000000000000000000e+00 9.021682801005681540e-02 -3.938210627779170636e-01 0.000000000000000000e+00 2.212000000000000171e+02
-5.834036945161304999e+00 -2.248026988032137652e+01 0.000000000000000000e+00 9.021682801004793362e-02 -3.938210627779525907e-01 0.000000000000000000e+00 2.213000000000000114e+02
-5.825015262360300206e+00 -2.251965198659917178e+01 0.000000000000000000e+00 9.021682801004793362e-02 -3.938210627779525907e-01 0.000000000000000000e+00 2.214000000000000057e+02
-5.815993579559294524e+00 -2.255903409287696348e+01 0.000000000000000000e+00 9.021682801005681540e-02 -3.938210627779170636e-01 0.000000000000000000e+00 2.215000000000000000e+02
-5.806971896758289731e+00 -2.259841619915475874e+01 0.000000000000000000e+00 9.021682801004793362e-02 -3.938210627779525907e-01 0.000000000000000000e+00 2.216000000000000227e+02
-5.797950213957284049e+00 -2.263779830543255045e+01 0.000000000000000000e+00 9.021682801005681540e-02 -3.938210627779170636e-01 0.000000000000000000e+00 2.217000000000000171e+02
-5.788928531156279256e+00 -2.267718041171034571e+01 0.000000000000000000e+00 9.021682801004793362e-02 -3.938210627779525907e-01 0.000000000000000000e+00 2.218000000000000114e+02
-5.779906848355273574e+00 -2.271656251798814097e+01 0.000000000000000000e+00 9.021682801005681540e-02 -3.938210627779525907e-01 0.000000000000000000e+00 2.219000000000000057e+02
-5.770983454357410558e+00 -2.275571118473240517e+01 0.000000000000000000e+00 8.923393997863016125e-02 -3.914866674426420445e-01 0.000000000000000000e+00 2.220000000000000000e+02
-5.763949422385459265e+00 -2.279037254696284975e+01 0.000000000000000000e+00 7.034031971951293372e-02 -3.466136223044458120e-01 0.000000000000000000e+00 2.221000000000000227e+02
-5.756915390413507083e+00 -2.282503390919329433e+01 0.000000000000000000e+00 7.034031971952181550e-02 -3.466136223044458120e-01 0.000000000000000000e+00 2.222000000000000171e+02
-5.749881358441554902e+00 -2.285969527142373892e+01 0.000000000000000000e+00 7.034031971952181550e-02 -3.466136223044458120e-01 0.000000000000000000e+00 2.223000000000000114e+02
-5.742847326469603608e+00 -2.289435663365418350e+01 0.000000000000000000e+00 7.034031971951293372e-02 -3.466136223044458120e-01 0.000000000000000000e+00 2.224000000000000057e+02
-5.735813294497651427e+00 -2.292901799588463163e+01 0.000000000000000000e+00 7.034031971952181550e-02 -3.466136223044813391e-01 0.000000000000000000e+00 2.225000000000000000e+02
-5.728779262525699245e+00 -2.296367935811507621e+01 0.000000000000000000e+00 7.034031971952181550e-02 -3.466136223044458120e-01 0.000000000000000000e+00 2.226000000000000227e+02
-5.721745230553747952e+00 -2.299834072034552079e+01 0.000000000000000000e+00 7.034031971951293372e-02 -3.466136223044458120e-01 0.000000000000000000e+00 2.227000000000000171e+02
-5.714711198581795770e+00 -2.303300208257596537e+01 0.000000000000000000e+00 7.034031971952181550e-02 -3.466136223044458120e-01 0.000000000000000000e+00 2.228000000000000114e+02
-5.709124521164007149e+00 -2.306692713266485129e+01 0.000000000000000000e+00 5.586677417788621369e-02 -3.392505008888591078e-01 0.000000000000000000e+00 2.229000000000000057e+02
-5.704943077189874145e+00 -2.310013729886898659e+01 0.000000000000000000e+00 4.181443974133003394e-02 -3.321016620413530518e-01 0.000000000000000000e+00 2.230000000000000000e+02
-5.700761633215741142e+00 -2.313334746507312545e+01 0.000000000000000000e+00 4.181443974133003394e-02 -3.321016620413885789e-01 0.000000000000000000e+00 2.231000000000000227e+02
-5.696580189241608139e+00 -2.316655763127726075e+01 0.000000000000000000e+00 4.181443974133003394e-02 -3.321016620413530518e-01 0.000000000000000000e+00 2.232000000000000171e+02
-5.692398745267475135e+00 -2.319976779748139961e+01 0.000000000000000000e+00 4.181443974133003394e-02 -3.321016620413885789e-01 0.000000000000000000e+00 2.233000000000000114e+02
-5.688217301293341244e+00 -2.323297796368553492e+01 0.000000000000000000e+00 4.181443974133891572e-02 -3.321016620413530518e-01 0.000000000000000000e+00 2.234000000000000057e+02
-5.684035857319208240e+00 -2.326618812988967377e+01 0.000000000000000000e+00 4.181443974133003394e-02 -3.321016620413885789e-01 0.000000000000000000e+00 2.235000000000000000e+02
-5.679854413345075237e+00 -2.329939829609381263e+01 0.000000000000000000e+00 4.181443974133003394e-02 -3.321016620413885789e-01 0.000000000000000000e+00 2.236000000000000227e+02
-5.693728582126187376e+00 -2.334082716898167220e+01 0.000000000000000000e+00 -1.387416878111213947e-01 -4.142887288785956912e-01 0.000000000000000000e+00 2.237000000000000171e+02
-5.713561977209597131e+00 -2.338496861295224605e+01 0.000000000000000000e+00 -1.983339508340975499e-01 -4.414144397057384595e-01 0.000000000000000000e+00 2.238000000000000114e+02
-5.733395372293006886e+00 -2.342911005692281989e+01 0.000000000000000000e+00 -1.983339508340975499e-01 -4.414144397057384595e-01 0.000000000000000000e+00 2.239000000000000057e+02
-5.753228767376417530e+00 -2.347325150089339374e+01 0.000000000000000000e+00 -1.983339508341064317e-01 -4.414144397057384595e-01 0.000000000000000000e+00 2.240000000000000000e+02
-5.773062162459827285e+00 -2.351739294486396759e+01 0.000000000000000000e+00 -1.983339508340975499e-01 -4.414144397057384595e-01 0.000000000000000000e+00 2.241000000000000227e+02
-5.792895557543237040e+00 -2.356153438883454143e+01 0.000000000000000000e+00 -1.983339508340975499e-01 -4.414144397057384595e-01 0.000000000000000000e+00 2.242000000000000171e+02
-5.812728952626646794e+00 -2.360567583280511528e+01 0.000000000000000000e+00 -1.983339508340975499e-01 -4.414144397057384595e-01 0.000000000000000000e+00 2.243000000000000114e+02
-5.832562347710057438e+00 -2.364981727677569268e+01 0.000000000000000000e+00 -1.983339508341064317e-01 -4.414144397057739866e-01 0.000000000000000000e+00 2.244000000000000057e+02
-5.852395742793467193e+00 -2.369395872074626652e+01 0.000000000000000000e+00 -1.983339508340975499e-01 -4.414144397057384595e-01 0.000000000000000000e+00 2.245000000000000000e+02
-5.872229137876876948e+00 -2.373810016471684037e+01 0.000000000000000000e+00 -1.983339508340975499e-01 -4.414144397057384595e-01 0.000000000000000000e+00 2.246000000000000227e+02
-5.892062532960286703e+00 -2.378224160868741421e+01 0.000000000000000000e+00 -1.983339508340975499e-01 -4.414144397057384595e-01 0.000000000000000000e+00 2.247000000000000171e+02
-5.911895928043697346e+00 -2.382638305265798806e+01 0.000000000000000000e+00 -1.983339508341064317e-01 -4.414144397057384595e-01 0.000000000000000000e+00 2.248000000000000114e+02
-5.928991537218874619e+00 -2.386344701391125511e+01 0.000000000000000000e+00 -1.709560917517727319e-01 -3.706396125326705260e-01 0.000000000000000000e+00 2.249000000000000057e+02
-5.946083578273428039e+00 -2.390050175117371722e+01 0.000000000000000000e+00 -1.709204105455341960e-01 -3.705473726246211186e-01 0.000000000000000000e+00 2.250000000000000000e+02
-5.963175619327981458e+00 -2.393755648843617934e+01 0.000000000000000000e+00 -1.709204105455341960e-01 -3.705473726246211186e-01 0.000000000000000000e+00 2.251000000000000227e+02
-5.980267660382534878e+00 -2.397461122569864145e+01 0.000000000000000000e+00 -1.709204105455341960e-01 -3.705473726246211186e-01 0.000000000000000000e+00 2.252000000000000171e+02
-5.997359701437089186e+00 -2.401166596296110356e+01 0.000000000000000000e+00 -1.709204105455430778e-01 -3.705473726246211186e-01 0.000000000000000000e+00 2.253000000000000114e+02
-6.014451742491642605e+00 -2.404872070022356567e+01 0.000000000000000000e+00 -1.709204105455341960e-01 -3.705473726246211186e-01 0.000000000000000000e+00 2.254000000000000057e+02
-6.031543783546196025e+00 -2.408577543748602778e+01 0.000000000000000000e+00 -1.709204105455341960e-01 -3.705473726246211186e-01 0.000000000000000000e+00 2.255000000000000000e+02
-6.048635824600749444e+00 -2.412283017474848990e+01 0.000000000000000000e+00 -1.709204105455341960e-01 -3.705473726246211186e-01 0.000000000000000000e+00 2.256000000000000227e+02
-6.065727865655303752e+00 -2.415988491201095201e+01 0.000000000000000000e+00 -1.709204105455430778e-01 -3.705473726246211186e-01 0.000000000000000000e+00 2.257000000000000171e+02
-6.080226846365187399e+00 -2.419366012609466310e+01 0.000000000000000000e+00 -1.449898070988364651e-01 -3.377521408371109146e-01 0.000000000000000000e+00 2.258000000000000114e+02
-6.093403269606533890e+00 -2.422576266106690568e+01 0.000000000000000000e+00 -1.317642324134649101e-01 -3.210253497224258012e-01 0.000000000000000000e+00 2.259000000000000057e+02
-6.106579692847879492e+00 -2.425786519603914826e+01 0.000000000000000000e+00 -1.317642324134560283e-01 -3.210253497224258012e-01 0.000000000000000000e+00 2.260000000000000000e+02
-6.119756116089225095e+00 -2.428996773101139439e+01 0.000000000000000000e+00 -1.317642324134560283e-01 -3.210253497224613284e-01 0.000000000000000000e+00 2.261000000000000227e+02
-6.132932539330571586e+00 -2.432207026598363697e+01 0.000000000000000000e+00 -1.317642324134649101e-01 -3.210253497224258012e-01 0.000000000000000000e+00 2.262000000000000171e+02
-6.146108962571917189e+00 -2.435417280095587955e+01 0.000000000000000000e+00 -1.317642324134560283e-01 -3.210253497224258012e-01 0.000000000000000000e+00 2.263000000000000114e+02
-6.159285385813262792e+00 -2.438627533592812568e+01 0.000000000000000000e+00 -1.317642324134560283e-01 -3.210253497224613284e-01 0.000000000000000000e+00 2.264000000000000057e+02
-6.172461809054609283e+00 -2.441837787090036826e+01 0.000000000000000000e+00 -1.317642324134649101e-01 -3.210253497224258012e-01 0.000000000000000000e+00 2.265000000000000000e+02
-6.174292631789442432e+00 -2.446124761201610909e+01 0.000000000000000000e+00 -1.830822734833148502e-02 -4.286974111574082258e-01 0.000000000000000000e+00 2.266000000000000227e+02
-6.171412892376523018e+00 -2.450858777262771326e+01 0.000000000000000000e+00 2.879739412919413155e-02 -4.734016061160417621e-01 0.000000000000000000e+00 2.267000000000000171e+02
-6.168533152963603605e+00 -2.455592793323931744e+01 0.000000000000000000e+00 2.879739412919413155e-02 -4.734016061160417621e-01 0.000000000000000000e+00 2.268000000000000114e+02
-6.165653413550685080e+00 -2.460326809385092162e+01 0.000000000000000000e+00 2.879739412918524977e-02 -4.734016061160417621e-01 0.000000000000000000e+00 2.269000000000000057e+02
-6.162773674137765667e+00 -2.465060825446252579e+01 0.000000000000000000e+00 2.879739412919413155e-02 -4.734016061160417621e-01 0.000000000000000000e+00 2.270000000000000000e+02
-6.159893934724846254e+00 -2.469794841507412997e+01 0.000000000000000000e+00 2.879739412919413155e-02 -4.734016061160417621e-01 0.000000000000000000e+00 2.271000000000000227e+02
-6.157014195311927729e+00 -2.474528857568573414e+01 0.000000000000000000e+00 2.879739412918524977e-02 -4.734016061160417621e-01 0.000000000000000000e+00 2.272000000000000171e+02
-6.154134455899008316e+00 -2.479262873629733832e+01 0.000000000000000000e+00 2.879739412919413155e-02 -4.734016061160417621e-01 0.000000000000000000e+00 2.273000000000000114e+02
-6.151254716486088903e+00 -2.483996889690894250e+01 0.000000000000000000e+00 2.879739412919413155e-02 -4.734016061160417621e-01 0.000000000000000000e+00 2.274000000000000057e+02
-6.148374977073169489e+00 -2.488730905752054667e+01 0.000000000000000000e+00 2.879739412919413155e-02 -4.734016061160417621e-01 0.000000000000000000e+00 2.275000000000000000e+02
-6.145495237660250964e+00 -2.493464921813215085e+01 0.000000000000000000e+00 2.879739412918524977e-02 -4.734016061160417621e-01 0.000000000000000000e+00 2.276000000000000227e+02
-6.142975959448526702e+00 -2.498042995067212502e+01 0.000000000000000000e+00 2.519278211724262917e-02 -4.578073253997416714e-01 0.000000000000000000e+00 2.277000000000000171e+02
-6.141900363608265856e+00 -2.501996502124038813e+01 0.000000000000000000e+00 1.075595840260845648e-02 -3.953507056826310873e-01 0.000000000000000000e+00 2.278000000000000114e+02
-6.140824767768004122e+00 -2.505950009180865123e+01 0.000000000000000000e+00 1.075595840261733827e-02 -3.953507056826310873e-01 0.000000000000000000e+00 2.279000000000000057e+02
-6.139749171927743276e+00 -2.509903516237691790e+01 0.000000000000000000e+00 1.075595840260845648e-02 -3.953507056826666144e-01 0.000000000000000000e+00 2.280000000000000000e+02
-6.138673576087482431e+00 -2.513857023294518100e+01 0.000000000000000000e+00 1.075595840260845648e-02 -3.953507056826310873e-01 0.000000000000000000e+00 2.281000000000000227e+02
-6.137597980247221585e+00 -2.517810530351344411e+01 0.000000000000000000e+00 1.075595840260845648e-02 -3.953507056826310873e-01 0.000000000000000000e+00 2.282000000000000171e+02
-6.136522384406960740e+00 -2.521764037408170722e+01 0.000000000000000000e+00 1.075595840260845648e-02 -3.953507056826310873e-01 0.000000000000000000e+00 2.283000000000000114e+02
-6.135446788566699894e+00 -2.525717544464997033e+01 0.000000000000000000e+00 1.075595840260845648e-02 -3.953507056826310873e-01 0.000000000000000000e+00 2.284000000000000057e+02
-6.134371192726438160e+00 -2.529671051521823699e+01 0.000000000000000000e+00 1.075595840261733827e-02 -3.953507056826666144e-01 0.000000000000000000e+00 2.285000000000000000e+02
-6.133287342163669109e+00 -2.533623785729883693e+01 0.000000000000000000e+00 1.083850562769050896e-02 -3.952734208059993648e-01 0.000000000000000000e+00 2.286000000000000227e+02
-6.132158982146524551e+00 -2.537572352738275328e+01 0.000000000000000000e+00 1.128360017144558469e-02 -3.948567008391634658e-01 0.000000000000000000e+00 2.287000000000000171e+02
-6.131030622129379104e+00 -2.541520919746666962e+01 0.000000000000000000e+00 1.128360017145446648e-02 -3.948567008391634658e-01 0.000000000000000000e+00 2.288000000000000114e+02
-6.129902262112234546e+00 -2.545469486755058597e+01 0.000000000000000000e+00 1.128360017144558469e-02 -3.948567008391634658e-01 0.000000000000000000e+00 2.289000000000000057e+02
-6.128773902095089987e+00 -2.549418053763450231e+01 0.000000000000000000e+00 1.128360017144558469e-02 -3.948567008391634658e-01 0.000000000000000000e+00 2.290000000000000000e+02
-6.127645542077945429e+00 -2.553366620771841866e+01 0.000000000000000000e+00 1.128360017144558469e-02 -3.948567008391634658e-01 0.000000000000000000e+00 2.291000000000000227e+02
-6.126517182060800870e+00 -2.557315187780233501e+01 0.000000000000000000e+00 1.128360017144558469e-02 -3.948567008391634658e-01 0.000000000000000000e+00 2.292000000000000171e+02
-6.125388822043655423e+00 -2.561263754788625135e+01 0.000000000000000000e+00 1.128360017145446648e-02 -3.948567008391634658e-01 0.000000000000000000e+00 2.293000000000000114e+02
-6.124260462026510865e+00 -2.565212321797016415e+01 0.000000000000000000e+00 1.128360017144558469e-02 -3.948567008391279387e-01 0.000000000000000000e+00 2.294000000000000057e+02
-6.119227963876481269e+00 -2.569652809916827252e+01 0.000000000000000000e+00 5.032498150029596218e-02 -4.440488119810837020e-01 0.000000000000000000e+00 2.295000000000000000e+02
-6.105695916828340231e+00 -2.575164240559215045e+01 0.000000000000000000e+00 1.353204704814103820e-01 -5.511430642387793455e-01 0.000000000000000000e+00 2.296000000000000227e+02
-6.092163869780198304e+00 -2.580675671201602839e+01 0.000000000000000000e+00 1.353204704814192638e-01 -5.511430642387793455e-01 0.000000000000000000e+00 2.297000000000000171e+02
-6.078631822732057266e+00 -2.586187101843990632e+01 0.000000000000000000e+00 1.353204704814103820e-01 -5.511430642387793455e-01 0.000000000000000000e+00 2.298000000000000114e+02
-6.065099775683916228e+00 -2.591698532486378426e+01 0.000000000000000000e+00 1.353204704814103820e-01 -5.511430642387793455e-01 0.000000000000000000e+00 2.299000000000000057e+02
-6.051567728635775190e+00 -2.597209963128766219e+01 0.000000000000000000e+00 1.353204704814103820e-01 -5.511430642387793455e-01 0.000000000000000000e+00 2.300000000000000000e+02
-6.038035681587634151e+00 -2.602721393771154013e+01 0.000000000000000000e+00 1.353204704814103820e-01 -5.511430642387793455e-01 0.000000000000000000e+00 2.301000000000000227e+02
-6.024503634539492225e+00 -2.608232824413541451e+01 0.000000000000000000e+00 1.353204704814192638e-01 -5.511430642387438184e-01 0.000000000000000000e+00 2.302000000000000171e+02
-6.010971587491351187e+00 -2.613744255055929244e+01 0.000000000000000000e+00 1.353204704814103820e-01 -5.511430642387793455e-01 0.000000000000000000e+00 2.303000000000000114e+02
-5.997439540443210149e+00 -2.619255685698317038e+01 0.000000000000000000e+00 1.353204704814103820e-01 -5.511430642387793455e-01 0.000000000000000000e+00 2.304000000000000057e+02
-5.983907493395069110e+00 -2.624767116340704831e+01 0.000000000000000000e+00 1.353204704814103820e-01 -5.511430642387793455e-01 0.000000000000000000e+00 2.305000000000000000e+02
-5.970375446346927184e+00 -2.630278546983092625e+01 0.000000000000000000e+00 1.353204704814192638e-01 -5.511430642387793455e-01 0.000000000000000000e+00 2.306000000000000227e+02
-5.956843399298786146e+00 -2.635789977625480418e+01 0.000000000000000000e+00 1.353204704814103820e-01 -5.511430642387793455e-01 0.000000000000000000e+00 2.307000000000000171e+02
-5.943311352250645108e+00 -2.641301408267868212e+01 0.000000000000000000e+00 1.353204704814103820e-01 -5.511430642387793455e-01 0.000000000000000000e+00 2.308000000000000114e+02
-5.927144269047918357e+00 -2.646655638806781496e+01 0.000000000000000000e+00 1.616708320272675081e-01 -5.354230538913284931e-01 0.000000000000000000e+00 2.309000000000000057e+02
-5.910166468649664218e+00 -2.651961503851049073e+01 0.000000000000000000e+00 1.697780039825413922e-01 -5.305865044267576991e-01 0.000000000000000000e+00 2.310000000000000000e+02
-5.893188668251409190e+00 -2.657267368895316650e+01 0.000000000000000000e+00 1.697780039825502740e-01 -5.305865044267576991e-01 0.000000000000000000e+00 2.311000000000000227e+02
-5.876210867853155051e+00 -2.662573233939584227e+01 0.000000000000000000e+00 1.697780039825413922e-01 -5.305865044267576991e-01 0.000000000000000000e+00 2.312000000000000171e+02
-5.859233067454900912e+00 -2.667879098983852160e+01 0.000000000000000000e+00 1.697780039825413922e-01 -5.305865044267932262e-01 0.000000000000000000e+00 2.313000000000000114e+02
-5.842255267056646773e+00 -2.673184964028119737e+01 0.000000000000000000e+00 1.697780039825413922e-01 -5.305865044267576991e-01 0.000000000000000000e+00 2.314000000000000057e+02
-5.825277466658392633e+00 -2.678490829072387314e+01 0.000000000000000000e+00 1.697780039825413922e-01 -5.305865044267576991e-01 0.000000000000000000e+00 2.315000000000000000e+02
-5.808299666260137606e+00 -2.683796694116655246e+01 0.000000000000000000e+00 1.697780039825502740e-01 -5.305865044267932262e-01 0.000000000000000000e+00 2.316000000000000227e+02
-5.791321865861883467e+00 -2.689102559160922823e+01 0.000000000000000000e+00 1.697780039825413922e-01 -5.305865044267576991e-01 0.000000000000000000e+00 2.317000000000000171e+02
-5.774344065463629327e+00 -2.694408424205190400e+01 0.000000000000000000e+00 1.697780039825413922e-01 -5.305865044267576991e-01 0.000000000000000000e+00 2.318000000000000114e+02
-5.757366265065375188e+00 -2.699714289249457977e+01 0.000000000000000000e+00 1.697780039825413922e-01 -5.305865044267576991e-01 0.000000000000000000e+00 2.319000000000000057e+02
-5.740388464667120161e+00 -2.705020154293725909e+01 0.000000000000000000e+00 1.697780039825502740e-01 -5.305865044267932262e-01 0.000000000000000000e+00 2.320000000000000000e+02
-5.723410664268866022e+00 -2.710326019337993486e+01 0.000000000000000000e+00 1.697780039825413922e-01 -5.305865044267576991e-01 0.000000000000000000e+00 2.321000000000000227e+02
-5.706432863870611882e+00 -2.715631884382261063e+01 0.000000000000000000e+00 1.697780039825413922e-01 -5.305865044267576991e-01 0.000000000000000000e+00 2.322000000000000171e+02
-5.695371333608369113e+00 -2.719360543229128169e+01 0.000000000000000000e+00 1.106153026224276914e-01 -3.728658846867105581e-01 0.000000000000000000e+00 2.323000000000000114e+02
-5.685785052007241269e+00 -2.722695918592055619e+01 0.000000000000000000e+00 9.586281601127843999e-02 -3.335375362927450738e-01 0.000000000000000000e+00 2.324000000000000057e+02
-5.676198770406113425e+00 -2.726031293954983070e+01 0.000000000000000000e+00 9.586281601127843999e-02 -3.335375362927450738e-01 0.000000000000000000e+00 2.325000000000000000e+02
-5.666612488804985581e+00 -2.729366669317910521e+01 0.000000000000000000e+00 9.586281601127843999e-02 -3.335375362927450738e-01 0.000000000000000000e+00 2.326000000000000227e+02
-5.657026207203858625e+00 -2.732702044680837972e+01 0.000000000000000000e+00 9.586281601126955820e-02 -3.335375362927450738e-01 0.000000000000000000e+00 2.327000000000000171e+02
-5.647439925602730781e+00 -2.736037420043765422e+01 0.000000000000000000e+00 9.586281601127843999e-02 -3.335375362927450738e-01 0.000000000000000000e+00 2.328000000000000114e+02
-5.637853644001602937e+00 -2.739372795406692873e+01 0.000000000000000000e+00 9.586281601127843999e-02 -3.335375362927450738e-01 0.000000000000000000e+00 2.329000000000000057e+02
-5.628267362400475982e+00 -2.742708170769620324e+01 0.000000000000000000e+00 9.586281601126955820e-02 -3.335375362927450738e-01 0.000000000000000000e+00 2.330000000000000000e+02
-5.616574985331443060e+00 -2.745607217227889052e+01 0.000000000000000000e+00 1.169237706903292207e-01 -2.899046458268728088e-01 0.000000000000000000e+00 2.331000000000000227e+02
-5.601864316130123811e+00 -2.747880951054280629e+01 0.000000000000000000e+00 1.471066920131924860e-01 -2.273733826391577395e-01 0.000000000000000000e+00 2.332000000000000171e+02
-5.587153646928804562e+00 -2.750154684880671851e+01 0.000000000000000000e+00 1.471066920131924860e-01 -2.273733826391222124e-01 0.000000000000000000e+00 2.333000000000000114e+02
-5.572442977727485314e+00 -2.752428418707063074e+01 0.000000000000000000e+00 1.471066920131924860e-01 -2.273733826391222124e-01 0.000000000000000000e+00 2.334000000000000057e+02
-5.557732308526166065e+00 -2.754702152533454296e+01 0.000000000000000000e+00 1.471066920131924860e-01 -2.273733826391222124e-01 0.000000000000000000e+00 2.335000000000000000e+02
-5.543021639324846817e+00 -2.756975886359845518e+01 0.000000000000000000e+00 1.471066920131924860e-01 -2.273733826391222124e-01 0.000000000000000000e+00 2.336000000000000227e+02
-5.528310970123527568e+00 -2.759249620186236740e+01 0.000000000000000000e+00 1.471066920131924860e-01 -2.273733826391222124e-01 0.000000000000000000e+00 2.337000000000000171e+02
-5.502418612233900497e+00 -2.759932278637467107e+01 0.000000000000000000e+00 2.589235788962707119e-01 -6.826584512303668362e-02 0.000000000000000000e+00 2.338000000000000114e+02
-5.465592624492003893e+00 -2.759059158734998363e+01 0.000000000000000000e+00 3.682598774189660418e-01 8.731199024687441579e-02 0.000000000000000000e+00 2.339000000000000057e+02
-5.428766636750107288e+00 -2.758186038832529263e+01 0.000000000000000000e+00 3.682598774189660418e-01 8.731199024690994293e-02 0.000000000000000000e+00 2.340000000000000000e+02
-5.391940649008209796e+00 -2.757312918930060164e+01 0.000000000000000000e+00 3.682598774189749236e-01 8.731199024690994293e-02 0.000000000000000000e+00 2.341000000000000227e+02
-5.355114661266313192e+00 -2.756439799027591420e+01 0.000000000000000000e+00 3.682598774189660418e-01 8.731199024687441579e-02 0.000000000000000000e+00 2.342000000000000171e+02
-5.318288673524416588e+00 -2.755566679125122320e+01 0.000000000000000000e+00 3.682598774189660418e-01 8.731199024690994293e-02 0.000000000000000000e+00 2.343000000000000114e+02
-5.281462685782519095e+00 -2.754693559222653576e+01 0.000000000000000000e+00 3.682598774189749236e-01 8.731199024687441579e-02 0.000000000000000000e+00 2.344000000000000057e+02
-5.244636698040622491e+00 -2.753820439320184477e+01 0.000000000000000000e+00 3.682598774189660418e-01 8.731199024690994293e-02 0.000000000000000000e+00 2.345000000000000000e+02
-5.207810710298725887e+00 -2.752947319417715732e+01 0.000000000000000000e+00 3.682598774189660418e-01 8.731199024687441579e-02 0.000000000000000000e+00 2.346000000000000227e+02
-5.167397006219703215e+00 -2.751452806031065634e+01 0.000000000000000000e+00 4.041370407902267203e-01 1.494513386650098141e-01 0.000000000000000000e+00 2.347000000000000171e+02
-5.124865487395199537e+00 -2.749591486531589624e+01 0.000000000000000000e+00 4.253151882450367793e-01 1.861319499476010719e-01 0.000000000000000000e+00 2.348000000000000114e+02
-5.082333968570694971e+00 -2.747730167032113613e+01 0.000000000000000000e+00 4.253151882450456611e-01 1.861319499476010719e-01 0.000000000000000000e+00 2.349000000000000057e+02
-5.039802449746191293e+00 -2.745868847532637602e+01 0.000000000000000000e+00 4.253151882450367793e-01 1.861319499476010719e-01 0.000000000000000000e+00 2.350000000000000000e+02
-4.997270930921686727e+00 -2.744007528033161591e+01 0.000000000000000000e+00 4.253151882450456611e-01 1.861319499476010719e-01 0.000000000000000000e+00 2.351000000000000227e+02
-4.954739412097183049e+00 -2.742146208533685581e+01 0.000000000000000000e+00 4.253151882450367793e-01 1.861319499476010719e-01 0.000000000000000000e+00 2.352000000000000171e+02
-4.912207893272678483e+00 -2.740284889034209570e+01 0.000000000000000000e+00 4.253151882450456611e-01 1.861319499476010719e-01 0.000000000000000000e+00 2.353000000000000114e+02
-4.869676374448174805e+00 -2.738423569534733559e+01 0.000000000000000000e+00 4.253151882450367793e-01 1.861319499476010719e-01 0.000000000000000000e+00 2.354000000000000057e+02
-4.827144855623670239e+00 -2.736562250035257549e+01 0.000000000000000000e+00 4.253151882450456611e-01 1.861319499476010719e-01 0.000000000000000000e+00 2.355000000000000000e+02
-4.784613336799166561e+00 -2.734700930535781538e+01 0.000000000000000000e+00 4.253151882450367793e-01 1.861319499476010719e-01 0.000000000000000000e+00 2.356000000000000227e+02
-4.742081817974661995e+00 -2.732839611036305527e+01 0.000000000000000000e+00 4.253151882450456611e-01 1.861319499476010719e-01 0.000000000000000000e+00 2.357000000000000171e+02
-4.704133601615806626e+00 -2.731319476242809330e+01 0.000000000000000000e+00 3.794821635885536892e-01 1.520134793496197290e-01 0.000000000000000000e+00 2.358000000000000114e+02
-4.666285558188855376e+00 -2.729806798402585244e+01 0.000000000000000000e+00 3.784804342695125001e-01 1.512677840224085912e-01 0.000000000000000000e+00 2.359000000000000057e+02
-4.628437514761905014e+00 -2.728294120562361158e+01 0.000000000000000000e+00 3.784804342695036183e-01 1.512677840224085912e-01 0.000000000000000000e+00 2.360000000000000000e+02
-4.590589471334953764e+00 -2.726781442722137427e+01 0.000000000000000000e+00 3.784804342695125001e-01 1.512677840223730641e-01 0.000000000000000000e+00 2.361000000000000227e+02
-4.552741427908002514e+00 -2.725268764881913341e+01 0.000000000000000000e+00 3.784804342695125001e-01 1.512677840224085912e-01 0.000000000000000000e+00 2.362000000000000171e+02
-4.514893384481051264e+00 -2.723756087041689256e+01 0.000000000000000000e+00 3.784804342695125001e-01 1.512677840224085912e-01 0.000000000000000000e+00 2.363000000000000114e+02
-4.477045341054100902e+00 -2.722243409201465525e+01 0.000000000000000000e+00 3.784804342695036183e-01 1.512677840223730641e-01 0.000000000000000000e+00 2.364000000000000057e+02
-4.439197297627149652e+00 -2.720730731361241439e+01 0.000000000000000000e+00 3.784804342695125001e-01 1.512677840224085912e-01 0.000000000000000000e+00 2.365000000000000000e+02
-4.401349254200198402e+00 -2.719218053521017353e+01 0.000000000000000000e+00 3.784804342695125001e-01 1.512677840224085912e-01 0.000000000000000000e+00 2.366000000000000227e+02
-4.364495398423525963e+00 -2.718034668407200982e+01 0.000000000000000000e+00 3.685385577667243950e-01 1.183385113816370904e-01 0.000000000000000000e+00 2.367000000000000171e+02
-4.329380660476425113e+00 -2.717427310214944924e+01 0.000000000000000000e+00 3.511473794710084917e-01 6.073581922560578050e-02 0.000000000000000000e+00 2.368000000000000114e+02
-4.294265922529324264e+00 -2.716819952022689222e+01 0.000000000000000000e+00 3.511473794710084917e-01 6.073581922557025337e-02 0.000000000000000000e+00 2.369000000000000057e+02
-4.259151184582223415e+00 -2.716212593830433164e+01 0.000000000000000000e+00 3.511473794710084917e-01 6.073581922560578050e-02 0.000000000000000000e+00 2.370000000000000000e+02
-4.224036446635122566e+00 -2.715605235638177106e+01 0.000000000000000000e+00 3.511473794710084917e-01 6.073581922560578050e-02 0.000000000000000000e+00 2.371000000000000227e+02
-4.188921708688021717e+00 -2.714997877445921404e+01 0.000000000000000000e+00 3.511473794710084917e-01 6.073581922557025337e-02 0.000000000000000000e+00 2.372000000000000171e+02
-4.153806970740920868e+00 -2.714390519253665346e+01 0.000000000000000000e+00 3.511473794710084917e-01 6.073581922560578050e-02 0.000000000000000000e+00 2.373000000000000114e+02
-4.118692232793820018e+00 -2.713783161061409288e+01 0.000000000000000000e+00 3.511473794710084917e-01 6.073581922560578050e-02 0.000000000000000000e+00 2.374000000000000057e+02
-4.082323244951298058e+00 -2.713197502266493544e+01 0.000000000000000000e+00 3.636898784252196037e-01 5.856587949157443518e-02 0.000000000000000000e+00 2.375000000000000000e+02
-4.043256881124216662e+00 -2.712658509956046515e+01 0.000000000000000000e+00 3.906636382708139621e-01 5.389923104470284443e-02 0.000000000000000000e+00 2.376000000000000227e+02
-4.004190517297135266e+00 -2.712119517645599487e+01 0.000000000000000000e+00 3.906636382708139621e-01 5.389923104470284443e-02 0.000000000000000000e+00 2.377000000000000171e+02
-3.965124153470054758e+00 -2.711580525335152814e+01 0.000000000000000000e+00 3.906636382708050803e-01 5.389923104466731729e-02 0.000000000000000000e+00 2.378000000000000114e+02
-3.926057789642973805e+00 -2.711041533024705785e+01 0.000000000000000000e+00 3.906636382708095212e-01 5.389923104470284443e-02 0.000000000000000000e+00 2.379000000000000057e+02
-3.886991425815892853e+00 -2.710502540714258757e+01 0.000000000000000000e+00 3.906636382708095212e-01 5.389923104470284443e-02 0.000000000000000000e+00 2.380000000000000000e+02
-3.847925061988811457e+00 -2.709963548403811728e+01 0.000000000000000000e+00 3.906636382708139621e-01 5.389923104470284443e-02 0.000000000000000000e+00 2.381000000000000227e+02
-3.808858698161730505e+00 -2.709424556093364700e+01 0.000000000000000000e+00 3.906636382708095212e-01 5.389923104470284443e-02 0.000000000000000000e+00 2.382000000000000171e+02
-3.769792334334649553e+00 -2.708885563782917671e+01 0.000000000000000000e+00 3.906636382708095212e-01 5.389923104470284443e-02 0.000000000000000000e+00 2.383000000000000114e+02
-3.730563114835825367e+00 -2.708326138875401767e+01 0.000000000000000000e+00 3.922921949882418602e-01 5.594249075159041240e-02 0.000000000000000000e+00 2.384000000000000057e+02
-3.690806038548600565e+00 -2.707700486706948695e+01 0.000000000000000000e+00 3.975707628722480180e-01 6.256521684530724770e-02 0.000000000000000000e+00 2.385000000000000000e+02
-3.651048962261375763e+00 -2.707074834538495622e+01 0.000000000000000000e+00 3.975707628722480180e-01 6.256521684530724770e-02 0.000000000000000000e+00 2.386000000000000227e+02
-3.611291885974150961e+00 -2.706449182370042550e+01 0.000000000000000000e+00 3.975707628722480180e-01 6.256521684530724770e-02 0.000000000000000000e+00 2.387000000000000171e+02
-3.571534809686926160e+00 -2.705823530201589477e+01 0.000000000000000000e+00 3.975707628722480180e-01 6.256521684530724770e-02 0.000000000000000000e+00 2.388000000000000114e+02
-3.531777733399701358e+00 -2.705197878033136405e+01 0.000000000000000000e+00 3.975707628722480180e-01 6.256521684530724770e-02 0.000000000000000000e+00 2.389000000000000057e+02
-3.492020657112476556e+00 -2.704572225864683332e+01 0.000000000000000000e+00 3.975707628722480180e-01 6.256521684530724770e-02 0.000000000000000000e+00 2.390000000000000000e+02
-3.452263580825251754e+00 -2.703946573696230260e+01 0.000000000000000000e+00 3.975707628722480180e-01 6.256521684530724770e-02 0.000000000000000000e+00 2.391000000000000227e+02
-3.412506504538026952e+00 -2.703320921527777188e+01 0.000000000000000000e+00 3.975707628722480180e-01 6.256521684530724770e-02 0.000000000000000000e+00 2.392000000000000171e+02
-3.372749428250802151e+00 -2.702695269359324115e+01 0.000000000000000000e+00 3.975707628722480180e-01 6.256521684530724770e-02 0.000000000000000000e+00 2.393000000000000114e+02
-3.333446913080178930e+00 -2.702064627949763675e+01 0.000000000000000000e+00 3.930251517062322009e-01 6.306414095604395698e-02 0.000000000000000000e+00 2.394000000000000057e+02
-3.294254007567105180e+00 -2.701432783469837062e+01 0.000000000000000000e+00 3.919290551307375026e-01 6.318444799266131895e-02 0.000000000000000000e+00 2.395000000000000000e+02
-3.255061102054031430e+00 -2.700800938989910094e+01 0.000000000000000000e+00 3.919290551307375026e-01 6.318444799269684609e-02 0.000000000000000000e+00 2.396000000000000227e+02
-3.215868196540958124e+00 -2.700169094509983125e+01 0.000000000000000000e+00 3.919290551307330617e-01 6.318444799269684609e-02 0.000000000000000000e+00 2.397000000000000171e+02
-3.176675291027884374e+00 -2.699537250030056157e+01 0.000000000000000000e+00 3.919290551307375026e-01 6.318444799269684609e-02 0.000000000000000000e+00 2.398000000000000114e+02
-3.137482385514810623e+00 -2.698905405550129188e+01 0.000000000000000000e+00 3.919290551307375026e-01 6.318444799269684609e-02 0.000000000000000000e+00 2.399000000000000057e+02
-3.098289480001736873e+00 -2.698273561070202220e+01 0.000000000000000000e+00 3.919290551307375026e-01 6.318444799269684609e-02 0.000000000000000000e+00 2.400000000000000000e+02
-3.059096574488663567e+00 -2.697641716590275607e+01 0.000000000000000000e+00 3.919290551307330617e-01 6.318444799266131895e-02 0.000000000000000000e+00 2.401000000000000227e+02
-3.019903668975589817e+00 -2.697009872110348638e+01 0.000000000000000000e+00 3.919290551307375026e-01 6.318444799269684609e-02 0.000000000000000000e+00 2.402000000000000171e+02
-2.981725687450470730e+00 -2.696385775942838592e+01 0.000000000000000000e+00 3.817798152511908683e-01 6.240961675100464845e-02 0.000000000000000000e+00 2.403000000000000114e+02
-2.945010999682966091e+00 -2.695772851111631496e+01 0.000000000000000000e+00 3.671468776750463903e-01 6.129248312070956217e-02 0.000000000000000000e+00 2.404000000000000057e+02
-2.908296311915461896e+00 -2.695159926280424756e+01 0.000000000000000000e+00 3.671468776750419494e-01 6.129248312067403504e-02 0.000000000000000000e+00 2.405000000000000000e+02
-2.871581624147957257e+00 -2.694547001449218016e+01 0.000000000000000000e+00 3.671468776750463903e-01 6.129248312067403504e-02 0.000000000000000000e+00 2.406000000000000227e+02
-2.834866936380453062e+00 -2.693934076618010920e+01 0.000000000000000000e+00 3.671468776750419494e-01 6.129248312070956217e-02 0.000000000000000000e+00 2.407000000000000171e+02
-2.798152248612948423e+00 -2.693321151786804180e+01 0.000000000000000000e+00 3.671468776750463903e-01 6.129248312067403504e-02 0.000000000000000000e+00 2.408000000000000114e+02
-2.761437560845444228e+00 -2.692708226955597084e+01 0.000000000000000000e+00 3.671468776750419494e-01 6.129248312070956217e-02 0.000000000000000000e+00 2.409000000000000057e+02
-2.724722873077939589e+00 -2.692095302124390344e+01 0.000000000000000000e+00 3.671468776750463903e-01 6.129248312067403504e-02 0.000000000000000000e+00 2.410000000000000000e+02
-2.688008185310435394e+00 -2.691482377293183603e+01 0.000000000000000000e+00 3.671468776750419494e-01 6.129248312067403504e-02 0.000000000000000000e+00 2.411000000000000227e+02
-2.647619268595056585e+00 -2.690988244781997807e+01 0.000000000000000000e+00 4.038891671537880868e-01 4.941325111857963748e-02 0.000000000000000000e+00 2.412000000000000171e+02
-2.604198462207428566e+00 -2.690592136975675430e+01 0.000000000000000000e+00 4.342080638762801925e-01 3.961078063223766321e-02 0.000000000000000000e+00 2.413000000000000114e+02
-2.560777655819800547e+00 -2.690196029169352698e+01 0.000000000000000000e+00 4.342080638762801925e-01 3.961078063227319035e-02 0.000000000000000000e+00 2.414000000000000057e+02
-2.517356849432172972e+00 -2.689799921363030322e+01 0.000000000000000000e+00 4.342080638762757516e-01 3.961078063223766321e-02 0.000000000000000000e+00 2.415000000000000000e+02
-2.473936043044544952e+00 -2.689403813556707945e+01 0.000000000000000000e+00 4.342080638762801925e-01 3.961078063223766321e-02 0.000000000000000000e+00 2.416000000000000227e+02
-2.430515236656916933e+00 -2.689007705750385213e+01 0.000000000000000000e+00 4.342080638762801925e-01 3.961078063227319035e-02 0.000000000000000000e+00 2.417000000000000171e+02
-2.387094430269288914e+00 -2.688611597944062837e+01 0.000000000000000000e+00 4.342080638762801925e-01 3.961078063223766321e-02 0.000000000000000000e+00 2.418000000000000114e+02
-2.343673623881660895e+00 -2.688215490137740460e+01 0.000000000000000000e+00 4.342080638762801925e-01 3.961078063223766321e-02 0.000000000000000000e+00 2.419000000000000057e+02
-2.300252817494033319e+00 -2.687819382331417728e+01 0.000000000000000000e+00 4.342080638762757516e-01 3.961078063227319035e-02 0.000000000000000000e+00 2.420000000000000000e+02
-2.256832011106405300e+00 -2.687423274525095351e+01 0.000000000000000000e+00 4.342080638762801925e-01 3.961078063223766321e-02 0.000000000000000000e+00 2.421000000000000227e+02
-2.213411204718777281e+00 -2.687027166718772975e+01 0.000000000000000000e+00 4.342080638762801925e-01 3.961078063223766321e-02 0.000000000000000000e+00 2.422000000000000171e+02
-2.176218703629060336e+00 -2.687011179897306334e+01 0.000000000000000000e+00 3.719250108971694502e-01 1.598682146664032189e-03 0.000000000000000000e+00 2.423000000000000114e+02
-2.139345938468387942e+00 -2.687014706945251774e+01 0.000000000000000000e+00 3.687276516067239385e-01 -3.527047945439676369e-04 0.000000000000000000e+00 2.424000000000000057e+02
-2.102473173307715548e+00 -2.687018233993197569e+01 0.000000000000000000e+00 3.687276516067239385e-01 -3.527047945794947736e-04 0.000000000000000000e+00 2.425000000000000000e+02
-2.065600408147043154e+00 -2.687021761041143009e+01 0.000000000000000000e+00 3.687276516067239385e-01 -3.527047945439676369e-04 0.000000000000000000e+00 2.426000000000000227e+02
-2.028727642986370761e+00 -2.687025288089088448e+01 0.000000000000000000e+00 3.687276516067239385e-01 -3.527047945439676369e-04 0.000000000000000000e+00 2.427000000000000171e+02
-1.991854877825698811e+00 -2.687028815137034243e+01 0.000000000000000000e+00 3.687276516067194976e-01 -3.527047945794947736e-04 0.000000000000000000e+00 2.428000000000000114e+02
-1.954982112665026417e+00 -2.687032342184979683e+01 0.000000000000000000e+00 3.687276516067239385e-01 -3.527047945439676369e-04 0.000000000000000000e+00 2.429000000000000057e+02
-1.918109347504354023e+00 -2.687035869232925123e+01 0.000000000000000000e+00 3.687276516067239385e-01 -3.527047945439676369e-04 0.000000000000000000e+00 2.430000000000000000e+02
-1.876879066336020641e+00 -2.688647513731249461e+01 0.000000000000000000e+00 4.123028116833338252e-01 -1.611644498324338315e-01 0.000000000000000000e+00 2.431000000000000227e+02
-1.832511113800072033e+00 -2.691417098687151466e+01 0.000000000000000000e+00 4.436795253594860711e-01 -2.769584955902004708e-01 0.000000000000000000e+00 2.432000000000000171e+02
-1.788143161264123204e+00 -2.694186683643053826e+01 0.000000000000000000e+00 4.436795253594882915e-01 -2.769584955902359980e-01 0.000000000000000000e+00 2.433000000000000114e+02
-1.743775208728174597e+00 -2.696956268598955830e+01 0.000000000000000000e+00 4.436795253594860711e-01 -2.769584955902004708e-01 0.000000000000000000e+00 2.434000000000000057e+02
-1.699407256192225990e+00 -2.699725853554857835e+01 0.000000000000000000e+00 4.436795253594860711e-01 -2.769584955902004708e-01 0.000000000000000000e+00 2.435000000000000000e+02
-1.655039303656277383e+00 -2.702495438510760195e+01 0.000000000000000000e+00 4.436795253594860711e-01 -2.769584955902359980e-01 0.000000000000000000e+00 2.436000000000000227e+02
-1.610671351120328554e+00 -2.705265023466662200e+01 0.000000000000000000e+00 4.436795253594882915e-01 -2.769584955902004708e-01 0.000000000000000000e+00 2.437000000000000171e+02
-1.566303398584379947e+00 -2.708034608422564560e+01 0.000000000000000000e+00 4.436795253594860711e-01 -2.769584955902359980e-01 0.000000000000000000e+00 2.438000000000000114e+02
-1.521935446048431340e+00 -2.710804193378466564e+01 0.000000000000000000e+00 4.436795253594860711e-01 -2.769584955902004708e-01 0.000000000000000000e+00 2.439000000000000057e+02
-1.477567493512482510e+00 -2.713573778334368924e+01 0.000000000000000000e+00 4.436795253594882915e-01 -2.769584955902359980e-01 0.000000000000000000e+00 2.440000000000000000e+02
-1.433199540976533903e+00 -2.716343363290270929e+01 0.000000000000000000e+00 4.436795253594860711e-01 -2.769584955902004708e-01 0.000000000000000000e+00 2.441000000000000227e+02
-1.388831588440585296e+00 -2.719112948246172934e+01 0.000000000000000000e+00 4.436795253594860711e-01 -2.769584955902004708e-01 0.000000000000000000e+00 2.442000000000000171e+02
-1.346177561085841967e+00 -2.721726199471352103e+01 0.000000000000000000e+00 4.265402735474332907e-01 -2.613251225179169523e-01 0.000000000000000000e+00 2.443000000000000114e+02
-1.307070654533195153e+00 -2.724015904117953468e+01 0.000000000000000000e+00 3.910690655264681403e-01 -2.289704646601364857e-01 0.000000000000000000e+00 2.444000000000000057e+02
-1.267963747980548117e+00 -2.726305608764554833e+01 0.000000000000000000e+00 3.910690655264703608e-01 -2.289704646601364857e-01 0.000000000000000000e+00 2.445000000000000000e+02
-1.228856841427901303e+00 -2.728595313411156198e+01 0.000000000000000000e+00 3.910690655264681403e-01 -2.289704646601364857e-01 0.000000000000000000e+00 2.446000000000000227e+02
-1.189749934875254267e+00 -2.730885018057757563e+01 0.000000000000000000e+00 3.910690655264703608e-01 -2.289704646601364857e-01 0.000000000000000000e+00 2.447000000000000171e+02
-1.150643028322607453e+00 -2.733174722704358928e+01 0.000000000000000000e+00 3.910690655264681403e-01 -2.289704646601364857e-01 0.000000000000000000e+00 2.448000000000000114e+02
-1.111536121769960417e+00 -2.735464427350960293e+01 0.000000000000000000e+00 3.910690655264703608e-01 -2.289704646601364857e-01 0.000000000000000000e+00 2.449000000000000057e+02
-1.072429215217313381e+00 -2.737754131997561657e+01 0.000000000000000000e+00 3.910690655264703608e-01 -2.289704646601364857e-01 0.000000000000000000e+00 2.450000000000000000e+02
-1.033322308664666567e+00 -2.740043836644162667e+01 0.000000000000000000e+00 3.910690655264681403e-01 -2.289704646601009586e-01 0.000000000000000000e+00 2.451000000000000227e+02
-9.942154021120195306e-01 -2.742333541290764032e+01 0.000000000000000000e+00 3.910690655264703608e-01 -2.289704646601364857e-01 0.000000000000000000e+00 2.452000000000000171e+02
-9.551084955593726056e-01 -2.744623245937365397e+01 0.000000000000000000e+00 3.910690655264692506e-01 -2.289704646601364857e-01 0.000000000000000000e+00 2.453000000000000114e+02
-9.174550536776709952e-01 -2.746827046364208513e+01 0.000000000000000000e+00 3.765344188170161033e-01 -2.203800426843116611e-01 0.000000000000000000e+00 2.454000000000000057e+02
-8.896131737543628848e-01 -2.748450953387726159e+01 0.000000000000000000e+00 2.784187992330811046e-01 -1.623907023517645598e-01 0.000000000000000000e+00 2.455000000000000000e+02
-8.617712938310548854e-01 -2.750074860411244160e+01 0.000000000000000000e+00 2.784187992330799943e-01 -1.623907023518000869e-01 0.000000000000000000e+00 2.456000000000000227e+02
-8.339294139077468859e-01 -2.751698767434761805e+01 0.000000000000000000e+00 2.784187992330799943e-01 -1.623907023517645598e-01 0.000000000000000000e+00 2.457000000000000171e+02
-8.060875339844388865e-01 -2.753322674458279806e+01 0.000000000000000000e+00 2.784187992330799943e-01 -1.623907023518000869e-01 0.000000000000000000e+00 2.458000000000000114e+02
-7.782456540611308871e-01 -2.754946581481797452e+01 0.000000000000000000e+00 2.784187992330799943e-01 -1.623907023517645598e-01 0.000000000000000000e+00 2.459000000000000057e+02
-7.504037741378227766e-01 -2.756570488505315453e+01 0.000000000000000000e+00 2.784187992330811046e-01 -1.623907023518000869e-01 0.000000000000000000e+00 2.460000000000000000e+02
-7.225618942145147772e-01 -2.758194395528833098e+01 0.000000000000000000e+00 2.784187992330799943e-01 -1.623907023517645598e-01 0.000000000000000000e+00 2.461000000000000227e+02
-6.961459748219196442e-01 -2.759414912694760602e+01 0.000000000000000000e+00 2.641591939259513300e-01 -1.220517165927503811e-01 0.000000000000000000e+00 2.462000000000000171e+02
-6.707917898565769477e-01 -2.760335075895635271e+01 0.000000000000000000e+00 2.535418496534269650e-01 -9.201632008746685187e-02 0.000000000000000000e+00 2.463000000000000114e+02
-6.454376048912343622e-01 -2.761255239096509584e+01 0.000000000000000000e+00 2.535418496534258548e-01 -9.201632008743132474e-02 0.000000000000000000e+00 2.464000000000000057e+02
-6.200834199258916657e-01 -2.762175402297384252e+01 0.000000000000000000e+00 2.535418496534269650e-01 -9.201632008746685187e-02 0.000000000000000000e+00 2.465000000000000000e+02
-5.947292349605490802e-01 -2.763095565498258921e+01 0.000000000000000000e+00 2.535418496534258548e-01 -9.201632008746685187e-02 0.000000000000000000e+00 2.466000000000000227e+02
-5.693750499952063837e-01 -2.764015728699133589e+01 0.000000000000000000e+00 2.535418496534269650e-01 -9.201632008746685187e-02 0.000000000000000000e+00 2.467000000000000171e+02
-5.410768366578388999e-01 -2.763743590067431555e+01 0.000000000000000000e+00 2.829821333736748379e-01 2.721386317020346723e-02 0.000000000000000000e+00 2.468000000000000114e+02
-5.103580048409196435e-01 -2.762491125336781650e+01 0.000000000000000000e+00 3.071883181691925646e-01 1.252464730649904823e-01 0.000000000000000000e+00 2.469000000000000057e+02
-4.796391730240003315e-01 -2.761238660606131745e+01 0.000000000000000000e+00 3.071883181691931197e-01 1.252464730649904823e-01 0.000000000000000000e+00 2.470000000000000000e+02
-4.489203412070810750e-01 -2.759986195875481840e+01 0.000000000000000000e+00 3.071883181691925646e-01 1.252464730649904823e-01 0.000000000000000000e+00 2.471000000000000227e+02
-4.182015093901618186e-01 -2.758733731144832291e+01 0.000000000000000000e+00 3.071883181691925646e-01 1.252464730649549551e-01 0.000000000000000000e+00 2.472000000000000171e+02
-3.874826775732425621e-01 -2.757481266414182386e+01 0.000000000000000000e+00 3.071883181691925646e-01 1.252464730649904823e-01 0.000000000000000000e+00 2.473000000000000114e+02
-3.567638457563233056e-01 -2.756228801683532481e+01 0.000000000000000000e+00 3.071883181691925646e-01 1.252464730649904823e-01 0.000000000000000000e+00 2.474000000000000057e+02
-3.260450139394040492e-01 -2.754976336952882576e+01 0.000000000000000000e+00 3.071883181691925646e-01 1.252464730649904823e-01 0.000000000000000000e+00 2.475000000000000000e+02
-2.876934146191550967e-01 -2.753108749223079244e+01 0.000000000000000000e+00 3.835159932024895246e-01 1.867587729803332763e-01 0.000000000000000000e+00 2.476000000000000227e+02
-2.489219419123814281e-01 -2.751207323992438347e+01 0.000000000000000000e+00 3.877147270677366864e-01 1.901425230640896302e-01 0.000000000000000000e+00 2.477000000000000171e+02
-2.101504692056077594e-01 -2.749305898761797806e+01 0.000000000000000000e+00 3.877147270677366864e-01 1.901425230640541031e-01 0.000000000000000000e+00 2.478000000000000114e+02
-1.713789964988341186e-01 -2.747404473531156910e+01 0.000000000000000000e+00 3.877147270677364088e-01 1.901425230640896302e-01 0.000000000000000000e+00 2.479000000000000057e+02
-1.326075237920604499e-01 -2.745503048300516369e+01 0.000000000000000000e+00 3.877147270677366864e-01 1.901425230640541031e-01 0.000000000000000000e+00 2.480000000000000000e+02
-9.383605108528678129e-02 -2.743601623069875473e+01 0.000000000000000000e+00 3.877147270677366864e-01 1.901425230640896302e-01 0.000000000000000000e+00 2.481000000000000227e+02
-5.506457837851308490e-02 -2.741700197839234932e+01 0.000000000000000000e+00 3.877147270677369639e-01 1.901425230640541031e-01 0.000000000000000000e+00 2.482000000000000171e+02
-1.629310567173947177e-02 -2.739798772608594390e+01 0.000000000000000000e+00 3.877147270677361313e-01 1.901425230640541031e-01 0.000000000000000000e+00 2.483000000000000114e+02
2.247836703503419686e-02 -2.737897347377953494e+01 0.000000000000000000e+00 3.877147270677366864e-01 1.901425230640896302e-01 0.000000000000000000e+00 2.484000000000000057e+02
6.124983974180786550e-02 -2.735995922147312953e+01 0.000000000000000000e+00 3.877147270677366864e-01 1.901425230640541031e-01 0.000000000000000000e+00 2.485000000000000000e+02
1.068482550975871637e-01 -2.734172240977115109e+01 0.000000000000000000e+00 4.559841535577929816e-01 1.823681170197843926e-01 0.000000000000000000e+00 2.486000000000000227e+02
1.546808501910327260e-01 -2.732374002265349233e+01 0.000000000000000000e+00 4.783259509344556237e-01 1.798238711765876019e-01 0.000000000000000000e+00 2.487000000000000171e+02
2.025134452844783162e-01 -2.730575763553583357e+01 0.000000000000000000e+00 4.783259509344559013e-01 1.798238711765876019e-01 0.000000000000000000e+00 2.488000000000000114e+02
2.503460403779238508e-01 -2.728777524841817836e+01 0.000000000000000000e+00 4.783259509344553462e-01 1.798238711765520748e-01 0.000000000000000000e+00 2.489000000000000057e+02
2.981786354713694687e-01 -2.726979286130051960e+01 0.000000000000000000e+00 4.783259509344561788e-01 1.798238711765876019e-01 0.000000000000000000e+00 2.490000000000000000e+02
3.460112305648150866e-01 -2.725181047418286084e+01 0.000000000000000000e+00 4.783259509344561788e-01 1.798238711765876019e-01 0.000000000000000000e+00 2.491000000000000227e+02
3.938438256582605934e-01 -2.723382808706520564e+01 0.000000000000000000e+00 4.783259509344550686e-01 1.798238711765520748e-01 0.000000000000000000e+00 2.492000000000000171e+02
4.416764207517062113e-01 -2.721584569994754688e+01 0.000000000000000000e+00 4.783259509344561788e-01 1.798238711765876019e-01 0.000000000000000000e+00 2.493000000000000114e+02
4.895090158451517182e-01 -2.719786331282988812e+01 0.000000000000000000e+00 4.783259509344550686e-01 1.798238711765876019e-01 0.000000000000000000e+00 2.494000000000000057e+02
5.373416109385973360e-01 -2.717988092571223291e+01 0.000000000000000000e+00 4.783259509344561788e-01 1.798238711765520748e-01 0.000000000000000000e+00 2.495000000000000000e+02
5.851742060320428429e-01 -2.716189853859457415e+01 0.000000000000000000e+00 4.783259509344550686e-01 1.798238711765876019e-01 0.000000000000000000e+00 2.496000000000000227e+02
6.330068011254884608e-01 -2.714391615147691539e+01 0.000000000000000000e+00 4.783259509344561788e-01 1.798238711765876019e-01 0.000000000000000000e+00 2.497000000000000171e+02
6.806780646310059968e-01 -2.712600351603422411e+01 0.000000000000000000e+00 4.767126350551753600e-01 1.791263544269128261e-01 0.000000000000000000e+00 2.498000000000000114e+02
7.159198365659995567e-01 -2.711346476841564623e+01 0.000000000000000000e+00 3.524177193499355987e-01 1.253874761857787234e-01 0.000000000000000000e+00 2.499000000000000057e+02
7.511616085009930055e-01 -2.710092602079706836e+01 0.000000000000000000e+00 3.524177193499344884e-01 1.253874761857787234e-01 0.000000000000000000e+00 2.500000000000000000e+02
7.864033804359865654e-01 -2.708838727317849404e+01 0.000000000000000000e+00 3.524177193499355987e-01 1.253874761857431963e-01 0.000000000000000000e+00 2.501000000000000227e+02
8.216451523709801252e-01 -2.707584852555991617e+01 0.000000000000000000e+00 3.524177193499355987e-01 1.253874761857787234e-01 0.000000000000000000e+00 2.502000000000000171e+02
8.568869243059736851e-01 -2.706330977794133830e+01 0.000000000000000000e+00 3.524177193499355987e-01 1.253874761857787234e-01 0.000000000000000000e+00 2.503000000000000114e+02
8.921286962409671339e-01 -2.705077103032276042e+01 0.000000000000000000e+00 3.524177193499344884e-01 1.253874761857787234e-01 0.000000000000000000e+00 2.504000000000000057e+02
9.273704681759606938e-01 -2.703823228270418255e+01 0.000000000000000000e+00 3.524177193499355987e-01 1.253874761857787234e-01 0.000000000000000000e+00 2.505000000000000000e+02
9.626122401109542537e-01 -2.702569353508560823e+01 0.000000000000000000e+00 3.524177193499355987e-01 1.253874761857431963e-01 0.000000000000000000e+00 2.506000000000000227e+02
9.978540120459478135e-01 -2.701315478746703036e+01 0.000000000000000000e+00 3.524177193499355987e-01 1.253874761857787234e-01 0.000000000000000000e+00 2.507000000000000171e+02
1.029480469296635947e+00 -2.700438721207085280e+01 0.000000000000000000e+00 3.162645725068813363e-01 8.767575396177562652e-02 0.000000000000000000e+00 2.508000000000000114e+02
1.059580035604949400e+00 -2.699721235244393469e+01 0.000000000000000000e+00 3.009956630831345237e-01 7.174859626918106414e-02 0.000000000000000000e+00 2.509000000000000057e+02
1.089679601913262630e+00 -2.699003749281701658e+01 0.000000000000000000e+00 3.009956630831323032e-01 7.174859626918106414e-02 0.000000000000000000e+00 2.510000000000000000e+02
1.119779168221575860e+00 -2.698286263319009848e+01 0.000000000000000000e+00 3.009956630831323032e-01 7.174859626918106414e-02 0.000000000000000000e+00 2.511000000000000227e+02
1.149878734529889313e+00 -2.697568777356318037e+01 0.000000000000000000e+00 3.009956630831345237e-01 7.174859626918106414e-02 0.000000000000000000e+00 2.512000000000000171e+02
1.179978300838202543e+00 -2.696851291393626582e+01 0.000000000000000000e+00 3.009956630831323032e-01 7.174859626914553701e-02 0.000000000000000000e+00 2.513000000000000114e+02
1.210077867146515995e+00 -2.696133805430934771e+01 0.000000000000000000e+00 3.009956630831345237e-01 7.174859626918106414e-02 0.000000000000000000e+00 2.514000000000000057e+02
1.242929521627707423e+00 -2.696092308625602740e+01 0.000000000000000000e+00 3.285165448119142795e-01 4.149680533203081723e-03 0.000000000000000000e+00 2.515000000000000000e+02
1.290007550241481837e+00 -2.699545203735815946e+01 0.000000000000000000e+00 4.707802861377441417e-01 -3.452895110213205498e-01 0.000000000000000000e+00 2.516000000000000227e+02
1.337085578855256252e+00 -2.702998098846029151e+01 0.000000000000000000e+00 4.707802861377441417e-01 -3.452895110213205498e-01 0.000000000000000000e+00 2.517000000000000171e+02
1.384163607469030666e+00 -2.706450993956242357e+01 0.000000000000000000e+00 4.707802861377441417e-01 -3.452895110213205498e-01 0.000000000000000000e+00 2.518000000000000114e+02
1.431241636082805080e+00 -2.709903889066455562e+01 0.000000000000000000e+00 4.707802861377441417e-01 -3.452895110213205498e-01 0.000000000000000000e+00 2.519000000000000057e+02
1.478319664696579494e+00 -2.713356784176668768e+01 0.000000000000000000e+00 4.707802861377441417e-01 -3.452895110213205498e-01 0.000000000000000000e+00 2.520000000000000000e+02
1.525397693310353908e+00 -2.716809679286881973e+01 0.000000000000000000e+00 4.707802861377441417e-01 -3.452895110213205498e-01 0.000000000000000000e+00 2.521000000000000227e+02
1.572475721924128322e+00 -2.720262574397095179e+01 0.000000000000000000e+00 4.707802861377441417e-01 -3.452895110213205498e-01 0.000000000000000000e+00 2.522000000000000171e+02
1.619553750537902737e+00 -2.723715469507308384e+01 0.000000000000000000e+00 4.707802861377441417e-01 -3.452895110213205498e-01 0.000000000000000000e+00 2.523000000000000114e+02
1.666631779151677151e+00 -2.727168364617521590e+01 0.000000000000000000e+00 4.707802861377441417e-01 -3.452895110213205498e-01 0.000000000000000000e+00 2.524000000000000057e+02
1.713709807765451565e+00 -2.730621259727734795e+01 0.000000000000000000e+00 4.707802861377441417e-01 -3.452895110213205498e-01 0.000000000000000000e+00 2.525000000000000000e+02
1.760787836379225979e+00 -2.734074154837947646e+01 0.000000000000000000e+00 4.707802861377441417e-01 -3.452895110212850227e-01 0.000000000000000000e+00 2.526000000000000227e+02
1.807865864993000393e+00 -2.737527049948160851e+01 0.000000000000000000e+00 4.707802861377441417e-01 -3.452895110213205498e-01 0.000000000000000000e+00 2.527000000000000171e+02
1.854943893606774807e+00 -2.740979945058374057e+01 0.000000000000000000e+00 4.707802861377441417e-01 -3.452895110213205498e-01 0.000000000000000000e+00 2.528000000000000114e+02
1.902021922220549222e+00 -2.744432840168587262e+01 0.000000000000000000e+00 4.707802861377441417e-01 -3.452895110213205498e-01 0.000000000000000000e+00 2.529000000000000057e+02
1.948968925973538990e+00 -2.747872488864435780e+01 0.000000000000000000e+00 4.694700375298976880e-01 -3.439648695848518400e-01 0.000000000000000000e+00 2.530000000000000000e+02
1.980327547132622268e+00 -2.749736175762814483e+01 0.000000000000000000e+00 3.135862115908327752e-01 -1.863686898378702494e-01 0.000000000000000000e+00 2.531000000000000227e+02
2.011686168291705545e+00 -2.751599862661193185e+01 0.000000000000000000e+00 3.135862115908327752e-01 -1.863686898378702494e-01 0.000000000000000000e+00 2.532000000000000171e+02
2.043044789450788379e+00 -2.753463549559572243e+01 0.000000000000000000e+00 3.135862115908283343e-01 -1.863686898379057766e-01 0.000000000000000000e+00 2.533000000000000114e+02
2.074403410609871656e+00 -2.755327236457950946e+01 0.000000000000000000e+00 3.135862115908327752e-01 -1.863686898378702494e-01 0.000000000000000000e+00 2.534000000000000057e+02
2.105762031768954934e+00 -2.757190923356329648e+01 0.000000000000000000e+00 3.135862115908327752e-01 -1.863686898378702494e-01 0.000000000000000000e+00 2.535000000000000000e+02
2.137120652928037767e+00 -2.759054610254708351e+01 0.000000000000000000e+00 3.135862115908283343e-01 -1.863686898378702494e-01 0.000000000000000000e+00 2.536000000000000227e+02
2.168479274087121045e+00 -2.760918297153087053e+01 0.000000000000000000e+00 3.135862115908327752e-01 -1.863686898378702494e-01 0.000000000000000000e+00 2.537000000000000171e+02
2.199837895246204322e+00 -2.762781984051466111e+01 0.000000000000000000e+00 3.135862115908327752e-01 -1.863686898379057766e-01 0.000000000000000000e+00 2.538000000000000114e+02
2.228939137582492069e+00 -2.760837479983735676e+01 0.000000000000000000e+00 2.910124233628774704e-01 1.944504067730434826e-01 0.000000000000000000e+00 2.539000000000000057e+02
2.257734931066854855e+00 -2.758377684664592522e+01 0.000000000000000000e+00 2.879579348436278607e-01 2.459795319143154302e-01 0.000000000000000000e+00 2.540000000000000000e+02
2.286530724551217642e+00 -2.755917889345449723e+01 0.000000000000000000e+00 2.879579348436278607e-01 2.459795319142799030e-01 0.000000000000000000e+00 2.541000000000000227e+02
2.315326518035580428e+00 -2.753458094026306924e+01 0.000000000000000000e+00 2.879579348436278607e-01 2.459795319142799030e-01 0.000000000000000000e+00 2.542000000000000171e+02
2.344122311519943214e+00 -2.750998298707163769e+01 0.000000000000000000e+00 2.879579348436278607e-01 2.459795319143154302e-01 0.000000000000000000e+00 2.543000000000000114e+02
2.372918105004306000e+00 -2.748538503388020970e+01 0.000000000000000000e+00 2.879579348436278607e-01 2.459795319142799030e-01 0.000000000000000000e+00 2.544000000000000057e+02
2.401713898488668342e+00 -2.746078708068878171e+01 0.000000000000000000e+00 2.879579348436234199e-01 2.459795319142799030e-01 0.000000000000000000e+00 2.545000000000000000e+02
2.430509691973031128e+00 -2.743618912749735017e+01 0.000000000000000000e+00 2.879579348436278607e-01 2.459795319143154302e-01 0.000000000000000000e+00 2.546000000000000227e+02
2.458357666308638390e+00 -2.740626881327979092e+01 0.000000000000000000e+00 2.784797433560726176e-01 2.992031421755925180e-01 0.000000000000000000e+00 2.547000000000000171e+02
2.485486440673495334e+00 -2.737230992071177127e+01 0.000000000000000000e+00 2.712877436485694460e-01 3.395889256801964962e-01 0.000000000000000000e+00 2.548000000000000114e+02
2.512615215038352723e+00 -2.733835102814375162e+01 0.000000000000000000e+00 2.712877436485738869e-01 3.395889256801964962e-01 0.000000000000000000e+00 2.549000000000000057e+02
2.539743989403209667e+00 -2.730439213557573197e+01 0.000000000000000000e+00 2.712877436485694460e-01 3.395889256801964962e-01 0.000000000000000000e+00 2.550000000000000000e+02
2.566872763768066612e+00 -2.727043324300771587e+01 0.000000000000000000e+00 2.712877436485694460e-01 3.395889256801609690e-01 0.000000000000000000e+00 2.551000000000000227e+02
2.594001538132923557e+00 -2.723647435043969622e+01 0.000000000000000000e+00 2.712877436485694460e-01 3.395889256801964962e-01 0.000000000000000000e+00 2.552000000000000171e+02
2.621130312497780945e+00 -2.720251545787167657e+01 0.000000000000000000e+00 2.712877436485738869e-01 3.395889256801964962e-01 0.000000000000000000e+00 2.553000000000000114e+02
2.648259086862637890e+00 -2.716855656530365692e+01 0.000000000000000000e+00 2.712877436485694460e-01 3.395889256801964962e-01 0.000000000000000000e+00 2.554000000000000057e+02
2.675387861227495279e+00 -2.713459767273563727e+01 0.000000000000000000e+00 2.712877436485738869e-01 3.395889256801964962e-01 0.000000000000000000e+00 2.555000000000000000e+02
2.702516635592352223e+00 -2.710063878016762118e+01 0.000000000000000000e+00 2.712877436485694460e-01 3.395889256801609690e-01 0.000000000000000000e+00 2.556000000000000227e+02
2.727174034738036212e+00 -2.707043378449194293e+01 0.000000000000000000e+00 2.465739914568398916e-01 3.020499567567824784e-01 0.000000000000000000e+00 2.557000000000000171e+02
2.749937090994581279e+00 -2.704310620209992777e+01 0.000000000000000000e+00 2.276305625654506670e-01 2.732758239201515948e-01 0.000000000000000000e+00 2.558000000000000114e+02
2.772700147251125902e+00 -2.701577861970791616e+01 0.000000000000000000e+00 2.276305625654462261e-01 2.732758239201160677e-01 0.000000000000000000e+00 2.559000000000000057e+02
2.795463203507670968e+00 -2.698845103731590456e+01 0.000000000000000000e+00 2.276305625654506670e-01 2.732758239201160677e-01 0.000000000000000000e+00 2.560000000000000000e+02
2.818226259764215591e+00 -2.696112345492389295e+01 0.000000000000000000e+00 2.276305625654462261e-01 2.732758239201160677e-01 0.000000000000000000e+00 2.561000000000000227e+02
2.840989316020766875e+00 -2.693379587253187069e+01 0.000000000000000000e+00 2.276305625655128395e-01 2.732758239202226491e-01 0.000000000000000000e+00 2.561999999999999886e+02
2.863752372277318159e+00 -2.690646829013985197e+01 0.000000000000000000e+00 2.276305625655128395e-01 2.732758239201871220e-01 0.000000000000000000e+00 2.563000000000000114e+02
2.886515428533869443e+00 -2.687914070774783326e+01 0.000000000000000000e+00 2.276305625655128395e-01 2.732758239201871220e-01 0.000000000000000000e+00 2.564000000000000341e+02
2.913487410812141576e+00 -2.685449332132640876e+01 0.000000000000000000e+00 2.697198227827213302e-01 2.464738642142449976e-01 0.000000000000000000e+00 2.565000000000000000e+02
2.942637361014918351e+00 -2.683123283997891662e+01 0.000000000000000000e+00 2.914995020277677540e-01 2.326048134749214569e-01 0.000000000000000000e+00 2.566000000000000227e+02
2.971787311217695127e+00 -2.680797235863142802e+01 0.000000000000000000e+00 2.914995020277677540e-01 2.326048134748859297e-01 0.000000000000000000e+00 2.566999999999999886e+02
3.000937261420471902e+00 -2.678471187728393943e+01 0.000000000000000000e+00 2.914995020277677540e-01 2.326048134748859297e-01 0.000000000000000000e+00 2.568000000000000114e+02
3.030087211623248233e+00 -2.676145139593645084e+01 0.000000000000000000e+00 2.914995020277633131e-01 2.326048134748859297e-01 0.000000000000000000e+00 2.569000000000000341e+02
3.059237161826025009e+00 -2.673819091458896224e+01 0.000000000000000000e+00 2.914995020277677540e-01 2.326048134748859297e-01 0.000000000000000000e+00 2.570000000000000000e+02
3.088387112028801784e+00 -2.671493043324147010e+01 0.000000000000000000e+00 2.914995020277677540e-01 2.326048134749214569e-01 0.000000000000000000e+00 2.571000000000000227e+02
3.117537062231578560e+00 -2.669166995189398151e+01 0.000000000000000000e+00 2.914995020277677540e-01 2.326048134748859297e-01 0.000000000000000000e+00 2.571999999999999886e+02
3.148074376494034432e+00 -2.666752139385586062e+01 0.000000000000000000e+00 3.053731426245587244e-01 2.414855803812088197e-01 0.000000000000000000e+00 2.573000000000000114e+02
3.181400319641311203e+00 -2.664158778430645924e+01 0.000000000000000000e+00 3.332594314727677087e-01 2.593360954940138186e-01 0.000000000000000000e+00 2.574000000000000341e+02
3.214726262788587530e+00 -2.661565417475705786e+01 0.000000000000000000e+00 3.332594314727632678e-01 2.593360954940138186e-01 0.000000000000000000e+00 2.575000000000000000e+02
3.248052205935863856e+00 -2.658972056520765292e+01 0.000000000000000000e+00 3.332594314727632678e-01 2.593360954940493457e-01 0.000000000000000000e+00 2.576000000000000227e+02
3.281378149083140183e+00 -2.656378695565825154e+01 0.000000000000000000e+00 3.332594314727632678e-01 2.593360954940138186e-01 0.000000000000000000e+00 2.576999999999999886e+02
3.314704092230416510e+00 -2.653785334610885016e+01 0.000000000000000000e+00 3.332594314727632678e-01 2.593360954940138186e-01 0.000000000000000000e+00 2.578000000000000114e+02
3.348030035377692837e+00 -2.651191973655944523e+01 0.000000000000000000e+00 3.332594314727632678e-01 2.593360954940493457e-01 0.000000000000000000e+00 2.579000000000000341e+02
3.381355978524969608e+00 -2.648598612701004384e+01 0.000000000000000000e+00 3.332594314727677087e-01 2.593360954940138186e-01 0.000000000000000000e+00 2.580000000000000000e+02
3.414681921672245934e+00 -2.646005251746064246e+01 0.000000000000000000e+00 3.332594314727632678e-01 2.593360954940138186e-01 0.000000000000000000e+00 2.581000000000000227e+02
3.448007864819522261e+00 -2.643411890791124108e+01 0.000000000000000000e+00 3.332594314727632678e-01 2.593360954940138186e-01 0.000000000000000000e+00 2.581999999999999886e+02
3.482069779917538632e+00 -2.640653100434477096e+01 0.000000000000000000e+00 3.406191509801637096e-01 2.758790356647011777e-01 0.000000000000000000e+00 2.583000000000000114e+02
3.516821338422759347e+00 -2.637739294256738276e+01 0.000000000000000000e+00 3.475155850522071432e-01 2.913806177738820224e-01 0.000000000000000000e+00 2.584000000000000341e+02
3.551572896927979617e+00 -2.634825488078999456e+01 0.000000000000000000e+00 3.475155850522027023e-01 2.913806177738820224e-01 0.000000000000000000e+00 2.585000000000000000e+02
3.586324455433200331e+00 -2.631911681901260636e+01 0.000000000000000000e+00 3.475155850522071432e-01 2.913806177738820224e-01 0.000000000000000000e+00 2.586000000000000227e+02
3.621076013938420601e+00 -2.628997875723521815e+01 0.000000000000000000e+00 3.475155850522027023e-01 2.913806177738820224e-01 0.000000000000000000e+00 2.586999999999999886e+02
3.655827572443641316e+00 -2.626084069545782995e+01 0.000000000000000000e+00 3.475155850522071432e-01 2.913806177738820224e-01 0.000000000000000000e+00 2.588000000000000114e+02
3.690579130948861586e+00 -2.623170263368044175e+01 0.000000000000000000e+00 3.475155850522027023e-01 2.913806177738820224e-01 0.000000000000000000e+00 2.589000000000000341e+02
3.725330689454082300e+00 -2.620256457190305355e+01 0.000000000000000000e+00 3.475155850522071432e-01 2.913806177738820224e-01 0.000000000000000000e+00 2.590000000000000000e+02
3.760082247959302570e+00 -2.617342651012566535e+01 0.000000000000000000e+00 3.475155850522027023e-01 2.913806177738820224e-01 0.000000000000000000e+00 2.591000000000000227e+02
3.794833806464523285e+00 -2.614428844834827714e+01 0.000000000000000000e+00 3.475155850522071432e-01 2.913806177738820224e-01 0.000000000000000000e+00 2.591999999999999886e+02
3.829585364969743999e+00 -2.611515038657088894e+01 0.000000000000000000e+00 3.475155850522071432e-01 2.913806177738820224e-01 0.000000000000000000e+00 2.593000000000000114e+02
3.860746935039752081e+00 -2.608899863059120605e+01 0.000000000000000000e+00 3.116157007000808221e-01 2.615175597968288912e-01 0.000000000000000000e+00 2.594000000000000341e+02
3.886365481800139854e+00 -2.606745779828023757e+01 0.000000000000000000e+00 2.561854676038777257e-01 2.154083231096848294e-01 0.000000000000000000e+00 2.595000000000000000e+02
3.911984028560527182e+00 -2.604591696596926909e+01 0.000000000000000000e+00 2.561854676038732848e-01 2.154083231096848294e-01 0.000000000000000000e+00 2.596000000000000227e+02
3.937602575320914955e+00 -2.602437613365830060e+01 0.000000000000000000e+00 2.561854676038777257e-01 2.154083231096848294e-01 0.000000000000000000e+00 2.596999999999999886e+02
3.963221122081302283e+00 -2.600283530134732857e+01 0.000000000000000000e+00 2.561854676038732848e-01 2.154083231097203566e-01 0.000000000000000000e+00 2.598000000000000114e+02
3.988839668841690056e+00 -2.598129446903636008e+01 0.000000000000000000e+00 2.561854676038777257e-01 2.154083231096848294e-01 0.000000000000000000e+00 2.599000000000000341e+02
4.014458215602077829e+00 -2.595975363672539160e+01 0.000000000000000000e+00 2.561854676038777257e-01 2.154083231096848294e-01 0.000000000000000000e+00 2.600000000000000000e+02
4.040076762362465601e+00 -2.593821280441442312e+01 0.000000000000000000e+00 2.561854676038777257e-01 2.154083231096848294e-01 0.000000000000000000e+00 2.601000000000000227e+02
4.065187528235911785e+00 -2.591687250687246191e+01 0.000000000000000000e+00 2.511076587344618360e-01 2.134029754196120621e-01 0.000000000000000000e+00 2.601999999999999886e+02
4.082841176254542681e+00 -2.589847720282071819e+01 0.000000000000000000e+00 1.765364801863089639e-01 1.839530405174372163e-01 0.000000000000000000e+00 2.603000000000000114e+02
4.100494824273173577e+00 -2.588008189876897802e+01 0.000000000000000000e+00 1.765364801863089639e-01 1.839530405174016892e-01 0.000000000000000000e+00 2.604000000000000341e+02
4.118148472291804474e+00 -2.586168659471723430e+01 0.000000000000000000e+00 1.765364801863089639e-01 1.839530405174372163e-01 0.000000000000000000e+00 2.605000000000000000e+02
4.135802120310435370e+00 -2.584329129066549058e+01 0.000000000000000000e+00 1.765364801863089639e-01 1.839530405174372163e-01 0.000000000000000000e+00 2.606000000000000227e+02
4.153455768329067155e+00 -2.582489598661374686e+01 0.000000000000000000e+00 1.765364801863178457e-01 1.839530405174372163e-01 0.000000000000000000e+00 2.606999999999999886e+02
4.171109416347698051e+00 -2.580650068256200313e+01 0.000000000000000000e+00 1.765364801863089639e-01 1.839530405174372163e-01 0.000000000000000000e+00 2.608000000000000114e+02
4.177394205751489231e+00 -2.577922856356734371e+01 0.000000000000000000e+00 6.284789403791180007e-02 2.727211899465942224e-01 0.000000000000000000e+00 2.609000000000000341e+02
4.167223684813767370e+00 -2.573910812358651512e+01 0.000000000000000000e+00 -1.017052093772186083e-01 4.012043998082859275e-01 0.000000000000000000e+00 2.610000000000000000e+02
4.157053163876046398e+00 -2.569898768360568653e+01 0.000000000000000000e+00 -1.017052093772097265e-01 4.012043998082859275e-01 0.000000000000000000e+00 2.611000000000000227e+02
4.146882642938324537e+00 -2.565886724362485793e+01 0.000000000000000000e+00 -1.017052093772186083e-01 4.012043998082859275e-01 0.000000000000000000e+00 2.611999999999999886e+02
4.136712122000602676e+00 -2.561874680364402934e+01 0.000000000000000000e+00 -1.017052093772186083e-01 4.012043998082859275e-01 0.000000000000000000e+00 2.613000000000000114e+02
4.126541601062881703e+00 -2.557862636366319720e+01 0.000000000000000000e+00 -1.017052093772097265e-01 4.012043998083214547e-01 0.000000000000000000e+00 2.614000000000000341e+02
4.116371080125159843e+00 -2.553850592368236860e+01 0.000000000000000000e+00 -1.017052093772186083e-01 4.012043998082859275e-01 0.000000000000000000e+00 2.615000000000000000e+02
4.106200559187437982e+00 -2.549838548370154001e+01 0.000000000000000000e+00 -1.017052093772186083e-01 4.012043998082859275e-01 0.000000000000000000e+00 2.616000000000000227e+02
4.096030038249717009e+00 -2.545826504372071142e+01 0.000000000000000000e+00 -1.017052093772097265e-01 4.012043998082859275e-01 0.000000000000000000e+00 2.616999999999999886e+02
4.084083415127275352e+00 -2.541804505977415474e+01 0.000000000000000000e+00 -1.194662312244165747e-01 4.021998394655668108e-01 0.000000000000000000e+00 2.618000000000000114e+02
4.068284943515205754e+00 -2.537760919395022796e+01 0.000000000000000000e+00 -1.579847161206959782e-01 4.043586582392677542e-01 0.000000000000000000e+00 2.619000000000000341e+02
4.052486471903136156e+00 -2.533717332812629763e+01 0.000000000000000000e+00 -1.579847161206959782e-01 4.043586582393032813e-01 0.000000000000000000e+00 2.620000000000000000e+02
4.036688000291066558e+00 -2.529673746230237086e+01 0.000000000000000000e+00 -1.579847161206959782e-01 4.043586582392677542e-01 0.000000000000000000e+00 2.621000000000000227e+02
4.020889528678996960e+00 -2.525630159647844408e+01 0.000000000000000000e+00 -1.579847161206959782e-01 4.043586582392677542e-01 0.000000000000000000e+00 2.621999999999999886e+02
4.005091057066927362e+00 -2.521586573065451375e+01 0.000000000000000000e+00 -1.579847161206959782e-01 4.043586582393032813e-01 0.000000000000000000e+00 2.623000000000000114e+02
3.989292585454858209e+00 -2.517542986483058698e+01 0.000000000000000000e+00 -1.579847161206915374e-01 4.043586582392677542e-01 0.000000000000000000e+00 2.624000000000000341e+02
3.973494113842788611e+00 -2.513499399900666020e+01 0.000000000000000000e+00 -1.579847161206959782e-01 4.043586582392677542e-01 0.000000000000000000e+00 2.625000000000000000e+02
3.957695642230719013e+00 -2.509455813318272988e+01 0.000000000000000000e+00 -1.579847161206959782e-01 4.043586582393032813e-01 0.000000000000000000e+00 2.626000000000000227e+02
3.941897170618649859e+00 -2.505412226735880310e+01 0.000000000000000000e+00 -1.579847161206915374e-01 4.043586582392677542e-01 0.000000000000000000e+00 2.626999999999999886e+02
3.927331435117332958e+00 -2.501533629062415898e+01 0.000000000000000000e+00 -1.456573550131690098e-01 3.878597673464412310e-01 0.000000000000000000e+00 2.628000000000000114e+02
3.916688568187755237e+00 -2.498180066552499667e+01 0.000000000000000000e+00 -1.064286692957772118e-01 3.353562509916230283e-01 0.000000000000000000e+00 2.629000000000000341e+02
3.906045701258177516e+00 -2.494826504042583792e+01 0.000000000000000000e+00 -1.064286692957772118e-01 3.353562509915875012e-01 0.000000000000000000e+00 2.630000000000000000e+02
3.895402834328599795e+00 -2.491472941532667562e+01 0.000000000000000000e+00 -1.064286692957772118e-01 3.353562509916230283e-01 0.000000000000000000e+00 2.631000000000000227e+02
3.884759967399022074e+00 -2.488119379022751332e+01 0.000000000000000000e+00 -1.064286692957772118e-01 3.353562509916230283e-01 0.000000000000000000e+00 2.631999999999999886e+02
3.874117100469444352e+00 -2.484765816512835457e+01 0.000000000000000000e+00 -1.064286692957772118e-01 3.353562509915875012e-01 0.000000000000000000e+00 2.633000000000000114e+02
3.863474233539866631e+00 -2.481412254002919227e+01 0.000000000000000000e+00 -1.064286692957772118e-01 3.353562509916230283e-01 0.000000000000000000e+00 2.634000000000000341e+02
3.852831366610288910e+00 -2.478058691493002996e+01 0.000000000000000000e+00 -1.064286692957772118e-01 3.353562509916230283e-01 0.000000000000000000e+00 2.635000000000000000e+02
3.842188499680711189e+00 -2.474705128983087121e+01 0.000000000000000000e+00 -1.064286692957772118e-01 3.353562509915875012e-01 0.000000000000000000e+00 2.636000000000000227e+02
3.847763833031216940e+00 -2.471194776086193201e+01 0.000000000000000000e+00 5.575333350505751184e-02 3.510352896893920160e-01 0.000000000000000000e+00 2.636999999999999886e+02
3.853971507970253008e+00 -2.467678309990507302e+01 0.000000000000000000e+00 6.207674939036067485e-02 3.516466095685899518e-01 0.000000000000000000e+00 2.638000000000000114e+02
3.860179182909288631e+00 -2.464161843894821047e+01 0.000000000000000000e+00 6.207674939035623396e-02 3.516466095686254789e-01 0.000000000000000000e+00 2.639000000000000341e+02
3.866386857848324254e+00 -2.460645377799134792e+01 0.000000000000000000e+00 6.207674939035623396e-02 3.516466095686254789e-01 0.000000000000000000e+00 2.640000000000000000e+02
3.872594532787359878e+00 -2.457128911703448892e+01 0.000000000000000000e+00 6.207674939035623396e-02 3.516466095685899518e-01 0.000000000000000000e+00 2.641000000000000227e+02
3.878802207726395945e+00 -2.453612445607762638e+01 0.000000000000000000e+00 6.207674939036067485e-02 3.516466095686254789e-01 0.000000000000000000e+00 2.641999999999999886e+02
3.885009882665431569e+00 -2.450095979512076383e+01 0.000000000000000000e+00 6.207674939035623396e-02 3.516466095686254789e-01 0.000000000000000000e+00 2.643000000000000114e+02
3.891217557604467192e+00 -2.446579513416390483e+01 0.000000000000000000e+00 6.207674939035623396e-02 3.516466095685899518e-01 0.000000000000000000e+00 2.644000000000000341e+02
3.900088513825908709e+00 -2.442725191903161175e+01 0.000000000000000000e+00 8.870956221441517187e-02 3.854321513229308493e-01 0.000000000000000000e+00 2.645000000000000000e+02
3.909101786967935865e+00 -2.438852816516709865e+01 0.000000000000000000e+00 9.013273142027156126e-02 3.872375386451309964e-01 0.000000000000000000e+00 2.646000000000000227e+02
3.918115060109963022e+00 -2.434980441130258200e+01 0.000000000000000000e+00 9.013273142027156126e-02 3.872375386451665236e-01 0.000000000000000000e+00 2.646999999999999886e+02
3.927128333251990622e+00 -2.431108065743806890e+01 0.000000000000000000e+00 9.013273142027600215e-02 3.872375386451309964e-01 0.000000000000000000e+00 2.648000000000000114e+02
3.936141606394017778e+00 -2.427235690357355224e+01 0.000000000000000000e+00 9.013273142027156126e-02 3.872375386451665236e-01 0.000000000000000000e+00 2.649000000000000341e+02
3.945154879536044934e+00 -2.423363314970903915e+01 0.000000000000000000e+00 9.013273142027156126e-02 3.872375386451309964e-01 0.000000000000000000e+00 2.650000000000000000e+02
3.954168152678072534e+00 -2.419490939584452605e+01 0.000000000000000000e+00 9.013273142027600215e-02 3.872375386451309964e-01 0.000000000000000000e+00 2.651000000000000227e+02
3.963181425820099690e+00 -2.415618564198000939e+01 0.000000000000000000e+00 9.013273142027156126e-02 3.872375386451665236e-01 0.000000000000000000e+00 2.651999999999999886e+02
3.972194698962126846e+00 -2.411746188811549629e+01 0.000000000000000000e+00 9.013273142027156126e-02 3.872375386451309964e-01 0.000000000000000000e+00 2.653000000000000114e+02
3.979978721762564842e+00 -2.408191428223870645e+01 0.000000000000000000e+00 7.784022800437995215e-02 3.554760587678984507e-01 0.000000000000000000e+00 2.654000000000000341e+02
3.986706751386107417e+00 -2.404909516094343047e+01 0.000000000000000000e+00 6.728029623542575166e-02 3.281912129527597699e-01 0.000000000000000000e+00 2.655000000000000000e+02
3.993434781009649992e+00 -2.401627603964815805e+01 0.000000000000000000e+00 6.728029623542575166e-02 3.281912129527242428e-01 0.000000000000000000e+00 2.656000000000000227e+02
4.000162810633192123e+00 -2.398345691835288207e+01 0.000000000000000000e+00 6.728029623542131077e-02 3.281912129527597699e-01 0.000000000000000000e+00 2.656999999999999886e+02
4.006890840256734698e+00 -2.395063779705760965e+01 0.000000000000000000e+00 6.728029623542575166e-02 3.281912129527242428e-01 0.000000000000000000e+00 2.658000000000000114e+02
4.013618869880277273e+00 -2.391781867576233367e+01 0.000000000000000000e+00 6.728029623542575166e-02 3.281912129527597699e-01 0.000000000000000000e+00 2.659000000000000341e+02
4.020346899503819849e+00 -2.388499955446705769e+01 0.000000000000000000e+00 6.728029623542575166e-02 3.281912129527597699e-01 0.000000000000000000e+00 2.660000000000000000e+02
4.027074929127362424e+00 -2.385218043317178527e+01 0.000000000000000000e+00 6.728029623542575166e-02 3.281912129527242428e-01 0.000000000000000000e+00 2.661000000000000227e+02
4.032141337632265454e+00 -2.382109938265285010e+01 0.000000000000000000e+00 5.066408504903030519e-02 3.108105051893517157e-01 0.000000000000000000e+00 2.661999999999999886e+02
4.036750689694992289e+00 -2.379049641732215647e+01 0.000000000000000000e+00 4.609352062726834731e-02 3.060296533069362113e-01 0.000000000000000000e+00 2.663000000000000114e+02
4.041360041757719124e+00 -2.375989345199145930e+01 0.000000000000000000e+00 4.609352062726834731e-02 3.060296533069717384e-01 0.000000000000000000e+00 2.664000000000000341e+02
4.045969393820445958e+00 -2.372929048666076568e+01 0.000000000000000000e+00 4.609352062726834731e-02 3.060296533069362113e-01 0.000000000000000000e+00 2.665000000000000000e+02
4.050578745883172793e+00 -2.369868752133006851e+01 0.000000000000000000e+00 4.609352062726834731e-02 3.060296533069717384e-01 0.000000000000000000e+00 2.666000000000000227e+02
4.055188097945900516e+00 -2.366808455599937133e+01 0.000000000000000000e+00 4.609352062727722910e-02 3.060296533069717384e-01 0.000000000000000000e+00 2.666999999999999886e+02
4.059797450008627351e+00 -2.363748159066867771e+01 0.000000000000000000e+00 4.609352062726834731e-02 3.060296533069362113e-01 0.000000000000000000e+00 2.668000000000000114e+02
4.053463600736205485e+00 -2.360009829080092558e+01 0.000000000000000000e+00 -6.333849272421865351e-02 3.738329986775212888e-01 0.000000000000000000e+00 2.669000000000000341e+02
4.043766971234476593e+00 -2.356063143473868848e+01 0.000000000000000000e+00 -9.696629501728892819e-02 3.946685606223709897e-01 0.000000000000000000e+00 2.670000000000000000e+02
4.034070341732747700e+00 -2.352116457867645494e+01 0.000000000000000000e+00 -9.696629501728892819e-02 3.946685606223354625e-01 0.000000000000000000e+00 2.671000000000000227e+02
4.024373712231018807e+00 -2.348169772261421784e+01 0.000000000000000000e+00 -9.696629501728892819e-02 3.946685606223709897e-01 0.000000000000000000e+00 2.671999999999999886e+02
4.014677082729289914e+00 -2.344223086655198429e+01 0.000000000000000000e+00 -9.696629501728892819e-02 3.946685606223354625e-01 0.000000000000000000e+00 2.673000000000000114e+02
4.004980453227561021e+00 -2.340276401048975075e+01 0.000000000000000000e+00 -9.696629501728892819e-02 3.946685606223354625e-01 0.000000000000000000e+00 2.674000000000000341e+02
3.995283823725832129e+00 -2.336329715442751365e+01 0.000000000000000000e+00 -9.696629501728892819e-02 3.946685606223709897e-01 0.000000000000000000e+00 2.675000000000000000e+02
3.985587194224103236e+00 -2.332383029836528010e+01 0.000000000000000000e+00 -9.696629501728892819e-02 3.946685606223354625e-01 0.000000000000000000e+00 2.676000000000000227e+02
3.975890564722374343e+00 -2.328436344230304655e+01 0.000000000000000000e+00 -9.696629501728892819e-02 3.946685606223354625e-01 0.000000000000000000e+00 2.676999999999999886e+02
3.966158393535596627e+00 -2.324470460923472359e+01 0.000000000000000000e+00 -9.732171186777716088e-02 3.965883306832296284e-01 0.000000000000000000e+00 2.678000000000000114e+02
3.955171015936474799e+00 -2.319826582837463391e+01 0.000000000000000000e+00 -1.098737759912182810e-01 4.643878086008967898e-01 0.000000000000000000e+00 2.679000000000000341e+02
3.944183638337353415e+00 -2.315182704751454779e+01 0.000000000000000000e+00 -1.098737759912138401e-01 4.643878086008612627e-01 0.000000000000000000e+00 2.680000000000000000e+02
3.933196260738231587e+00 -2.310538826665446166e+01 0.000000000000000000e+00 -1.098737759912182810e-01 4.643878086008612627e-01 0.000000000000000000e+00 2.681000000000000227e+02
3.922208883139110203e+00 -2.305894948579437198e+01 0.000000000000000000e+00 -1.098737759912138401e-01 4.643878086008967898e-01 0.000000000000000000e+00 2.681999999999999886e+02
3.911221505539988375e+00 -2.301251070493428585e+01 0.000000000000000000e+00 -1.098737759912182810e-01 4.643878086008612627e-01 0.000000000000000000e+00 2.683000000000000114e+02
3.900234127940866991e+00 -2.296607192407419618e+01 0.000000000000000000e+00 -1.098737759912138401e-01 4.643878086008967898e-01 0.000000000000000000e+00 2.684000000000000341e+02
3.889246750341745162e+00 -2.291963314321411005e+01 0.000000000000000000e+00 -1.098737759912182810e-01 4.643878086008612627e-01 0.000000000000000000e+00 2.685000000000000000e+02
3.878259372742623334e+00 -2.287319436235402037e+01 0.000000000000000000e+00 -1.098737759912182810e-01 4.643878086008967898e-01 0.000000000000000000e+00 2.686000000000000227e+02
3.867271995143501950e+00 -2.282675558149393424e+01 0.000000000000000000e+00 -1.098737759912138401e-01 4.643878086008612627e-01 0.000000000000000000e+00 2.686999999999999886e+02
3.856284617544380122e+00 -2.278031680063384457e+01 0.000000000000000000e+00 -1.098737759912182810e-01 4.643878086008967898e-01 0.000000000000000000e+00 2.688000000000000114e+02
3.845297239945258738e+00 -2.273387801977375844e+01 0.000000000000000000e+00 -1.098737759912138401e-01 4.643878086008612627e-01 0.000000000000000000e+00 2.689000000000000341e+02
3.834861405200173934e+00 -2.269292461415521700e+01 0.000000000000000000e+00 -1.043583474508480435e-01 4.095340561854143857e-01 0.000000000000000000e+00 2.690000000000000000e+02
3.824569255753513808e+00 -2.265340023217969190e+01 0.000000000000000000e+00 -1.029214944666012599e-01 3.952438197552510246e-01 0.000000000000000000e+00 2.691000000000000227e+02
3.814277106306853682e+00 -2.261387585020416680e+01 0.000000000000000000e+00 -1.029214944666012599e-01 3.952438197552510246e-01 0.000000000000000000e+00 2.691999999999999886e+02
3.803984956860193556e+00 -2.257435146822863814e+01 0.000000000000000000e+00 -1.029214944666012599e-01 3.952438197552865518e-01 0.000000000000000000e+00 2.693000000000000114e+02
3.793692807413533430e+00 -2.253482708625311304e+01 0.000000000000000000e+00 -1.029214944666012599e-01 3.952438197552510246e-01 0.000000000000000000e+00 2.694000000000000341e+02
3.783400657966873304e+00 -2.249530270427758794e+01 0.000000000000000000e+00 -1.029214944666012599e-01 3.952438197552510246e-01 0.000000000000000000e+00 2.695000000000000000e+02
3.773108508520213622e+00 -2.245577832230205928e+01 0.000000000000000000e+00 -1.029214944665968190e-01 3.952438197552865518e-01 0.000000000000000000e+00 2.696000000000000227e+02
3.762816359073553496e+00 -2.241625394032653418e+01 0.000000000000000000e+00 -1.029214944666012599e-01 3.952438197552510246e-01 0.000000000000000000e+00 2.696999999999999886e+02
3.752524209626893370e+00 -2.237672955835100908e+01 0.000000000000000000e+00 -1.029214944666012599e-01 3.952438197552510246e-01 0.000000000000000000e+00 2.698000000000000114e+02
3.742232060180233244e+00 -2.233720517637548397e+01 0.000000000000000000e+00 -1.029214944666012599e-01 3.952438197552510246e-01 0.000000000000000000e+00 2.699000000000000341e+02
3.734220589720766537e+00 -2.230271410260350606e+01 0.000000000000000000e+00 -8.011470459466707439e-02 3.449107377197790925e-01 0.000000000000000000e+00 2.700000000000000000e+02
3.726892544167049959e+00 -2.226973130255349886e+01 0.000000000000000000e+00 -7.328045553716577842e-02 3.298280005000719939e-01 0.000000000000000000e+00 2.701000000000000227e+02
3.719564498613332937e+00 -2.223674850250348811e+01 0.000000000000000000e+00 -7.328045553717021932e-02 3.298280005001075210e-01 0.000000000000000000e+00 2.701999999999999886e+02
3.712236453059616359e+00 -2.220376570245347736e+01 0.000000000000000000e+00 -7.328045553716577842e-02 3.298280005001075210e-01 0.000000000000000000e+00 2.703000000000000114e+02
3.704908407505899337e+00 -2.217078290240346661e+01 0.000000000000000000e+00 -7.328045553717021932e-02 3.298280005001075210e-01 0.000000000000000000e+00 2.704000000000000341e+02
3.697580361952182759e+00 -2.213780010235345586e+01 0.000000000000000000e+00 -7.328045553716577842e-02 3.298280005001075210e-01 0.000000000000000000e+00 2.705000000000000000e+02
3.690252316398465737e+00 -2.210481730230344866e+01 0.000000000000000000e+00 -7.328045553717021932e-02 3.298280005000719939e-01 0.000000000000000000e+00 2.706000000000000227e+02
3.682924270844748715e+00 -2.207183450225343790e+01 0.000000000000000000e+00 -7.328045553717021932e-02 3.298280005001075210e-01 0.000000000000000000e+00 2.706999999999999886e+02
3.683654361604802308e+00 -2.203553137358490233e+01 0.000000000000000000e+00 7.300907600535921915e-03 3.630312866853557807e-01 0.000000000000000000e+00 2.708000000000000114e+02
3.696063798142092072e+00 -2.199441580882446701e+01 0.000000000000000000e+00 1.240943653728976415e-01 4.111556476043531916e-01 0.000000000000000000e+00 2.709000000000000341e+02
3.708473234679381392e+00 -2.195330024406403169e+01 0.000000000000000000e+00 1.240943653728932006e-01 4.111556476043531916e-01 0.000000000000000000e+00 2.710000000000000000e+02
3.720882671216670712e+00 -2.191218467930359637e+01 0.000000000000000000e+00 1.240943653728932006e-01 4.111556476043531916e-01 0.000000000000000000e+00 2.711000000000000227e+02
3.733292107753960476e+00 -2.187106911454316105e+01 0.000000000000000000e+00 1.240943653728976415e-01 4.111556476043531916e-01 0.000000000000000000e+00 2.711999999999999886e+02
3.745701544291249796e+00 -2.182995354978272928e+01 0.000000000000000000e+00 1.240943653728932006e-01 4.111556476043176644e-01 0.000000000000000000e+00 2.713000000000000114e+02
3.758110980828539560e+00 -2.178883798502229396e+01 0.000000000000000000e+00 1.240943653728976415e-01 4.111556476043531916e-01 0.000000000000000000e+00 2.714000000000000341e+02
3.770520417365828880e+00 -2.174772242026185864e+01 0.000000000000000000e+00 1.240943653728932006e-01 4.111556476043531916e-01 0.000000000000000000e+00 2.715000000000000000e+02
3.782929853903118200e+00 -2.170660685550142333e+01 0.000000000000000000e+00 1.240943653728932006e-01 4.111556476043531916e-01 0.000000000000000000e+00 2.716000000000000227e+02
3.795339290440407964e+00 -2.166549129074098801e+01 0.000000000000000000e+00 1.240943653728976415e-01 4.111556476043531916e-01 0.000000000000000000e+00 2.716999999999999886e+02
3.807755755127657071e+00 -2.162839694146299863e+01 0.000000000000000000e+00 1.241646468724910690e-01 3.709434927798938020e-01 0.000000000000000000e+00 2.718000000000000114e+02
3.820175757511862447e+00 -2.159332671543953097e+01 0.000000000000000000e+00 1.242000238420537528e-01 3.507022602346765439e-01 0.000000000000000000e+00 2.719000000000000341e+02
3.832595759896067378e+00 -2.155825648941606332e+01 0.000000000000000000e+00 1.242000238420493119e-01 3.507022602346765439e-01 0.000000000000000000e+00 2.720000000000000000e+02
3.845015762280272753e+00 -2.152318626339259566e+01 0.000000000000000000e+00 1.242000238420537528e-01 3.507022602346765439e-01 0.000000000000000000e+00 2.721000000000000227e+02
3.857435764664477684e+00 -2.148811603736912801e+01 0.000000000000000000e+00 1.242000238420493119e-01 3.507022602346765439e-01 0.000000000000000000e+00 2.721999999999999886e+02
3.869855767048682615e+00 -2.145304581134565680e+01 0.000000000000000000e+00 1.242000238420493119e-01 3.507022602347120710e-01 0.000000000000000000e+00 2.723000000000000114e+02
3.882275769432887991e+00 -2.141797558532218915e+01 0.000000000000000000e+00 1.242000238420537528e-01 3.507022602346765439e-01 0.000000000000000000e+00 2.724000000000000341e+02
3.894695771817092922e+00 -2.138290535929872149e+01 0.000000000000000000e+00 1.242000238420493119e-01 3.507022602346765439e-01 0.000000000000000000e+00 2.725000000000000000e+02
3.906006051582053828e+00 -2.134648443732213963e+01 0.000000000000000000e+00 1.131027976496090659e-01 3.642092197658186592e-01 0.000000000000000000e+00 2.726000000000000227e+02
3.907702967853204257e+00 -2.129836263537633556e+01 0.000000000000000000e+00 1.696916271150428202e-02 4.812180194580406578e-01 0.000000000000000000e+00 2.726999999999999886e+02
3.909399884124355129e+00 -2.125024083343052794e+01 0.000000000000000000e+00 1.696916271150872291e-02 4.812180194580761849e-01 0.000000000000000000e+00 2.728000000000000114e+02
3.911096800395506001e+00 -2.120211903148472388e+01 0.000000000000000000e+00 1.696916271150872291e-02 4.812180194580406578e-01 0.000000000000000000e+00 2.729000000000000341e+02
3.912793716666656874e+00 -2.115399722953891981e+01 0.000000000000000000e+00 1.696916271150872291e-02 4.812180194580406578e-01 0.000000000000000000e+00 2.730000000000000000e+02
3.914490632937807746e+00 -2.110587542759311575e+01 0.000000000000000000e+00 1.696916271150872291e-02 4.812180194580406578e-01 0.000000000000000000e+00 2.731000000000000227e+02
3.916187549208958618e+00 -2.105775362564731168e+01 0.000000000000000000e+00 1.696916271150872291e-02 4.812180194580406578e-01 0.000000000000000000e+00 2.731999999999999886e+02
3.917884465480109490e+00 -2.100963182370150406e+01 0.000000000000000000e+00 1.696916271150872291e-02 4.812180194580761849e-01 0.000000000000000000e+00 2.733000000000000114e+02
3.919581381751260363e+00 -2.096151002175570000e+01 0.000000000000000000e+00 1.696916271150872291e-02 4.812180194580406578e-01 0.000000000000000000e+00 2.734000000000000341e+02
3.921278298022411235e+00 -2.091338821980989593e+01 0.000000000000000000e+00 1.696916271150872291e-02 4.812180194580406578e-01 0.000000000000000000e+00 2.735000000000000000e+02
3.922975214293562107e+00 -2.086526641786409186e+01 0.000000000000000000e+00 1.696916271150872291e-02 4.812180194580406578e-01 0.000000000000000000e+00 2.736000000000000227e+02
3.924672130564712980e+00 -2.081714461591828780e+01 0.000000000000000000e+00 1.696916271150872291e-02 4.812180194580406578e-01 0.000000000000000000e+00 2.736999999999999886e+02
3.925199557406915840e+00 -2.077484201339561665e+01 0.000000000000000000e+00 5.274268422028605130e-03 4.230260252267115106e-01 0.000000000000000000e+00 2.738000000000000114e+02
3.925000499580226343e+00 -2.073615428678502681e+01 0.000000000000000000e+00 -1.990578266894971193e-03 3.868772661058983431e-01 0.000000000000000000e+00 2.739000000000000341e+02
3.924801441753536402e+00 -2.069746656017444053e+01 0.000000000000000000e+00 -1.990578266899412085e-03 3.868772661058628159e-01 0.000000000000000000e+00 2.740000000000000000e+02
3.924602383926846905e+00 -2.065877883356385070e+01 0.000000000000000000e+00 -1.990578266894971193e-03 3.868772661058983431e-01 0.000000000000000000e+00 2.741000000000000227e+02
3.924403326100156963e+00 -2.062009110695326441e+01 0.000000000000000000e+00 -1.990578266899412085e-03 3.868772661058628159e-01 0.000000000000000000e+00 2.741999999999999886e+02
3.924204268273467022e+00 -2.058140338034267458e+01 0.000000000000000000e+00 -1.990578266899412085e-03 3.868772661058983431e-01 0.000000000000000000e+00 2.743000000000000114e+02
3.924005210446777525e+00 -2.054271565373208475e+01 0.000000000000000000e+00 -1.990578266894971193e-03 3.868772661058983431e-01 0.000000000000000000e+00 2.744000000000000341e+02
3.923806152620087584e+00 -2.050402792712149846e+01 0.000000000000000000e+00 -1.990578266899412085e-03 3.868772661058628159e-01 0.000000000000000000e+00 2.745000000000000000e+02
3.923607094793398087e+00 -2.046534020051090863e+01 0.000000000000000000e+00 -1.990578266894971193e-03 3.868772661058983431e-01 0.000000000000000000e+00 2.746000000000000227e+02
3.923025576340603671e+00 -2.042994954281641640e+01 0.000000000000000000e+00 -5.815184527944161630e-03 3.539065769449223353e-01 0.000000000000000000e+00 2.746999999999999886e+02
3.921957552226386312e+00 -2.039875289251588342e+01 0.000000000000000000e+00 -1.068024114217358544e-02 3.119665030053297983e-01 0.000000000000000000e+00 2.748000000000000114e+02
3.920889528112169398e+00 -2.036755624221534688e+01 0.000000000000000000e+00 -1.068024114216914455e-02 3.119665030053653254e-01 0.000000000000000000e+00 2.749000000000000341e+02
3.919821503997952039e+00 -2.033635959191481390e+01 0.000000000000000000e+00 -1.068024114217358544e-02 3.119665030053297983e-01 0.000000000000000000e+00 2.750000000000000000e+02
3.918753479883734681e+00 -2.030516294161428092e+01 0.000000000000000000e+00 -1.068024114217358544e-02 3.119665030053297983e-01 0.000000000000000000e+00 2.751000000000000227e+02
3.917685455769517766e+00 -2.027396629131374794e+01 0.000000000000000000e+00 -1.068024114216914455e-02 3.119665030053297983e-01 0.000000000000000000e+00 2.751999999999999886e+02
3.916617431655300408e+00 -2.024276964101321497e+01 0.000000000000000000e+00 -1.068024114217358544e-02 3.119665030053297983e-01 0.000000000000000000e+00 2.753000000000000114e+02
3.915549407541083049e+00 -2.021157299071268199e+01 0.000000000000000000e+00 -1.068024114217358544e-02 3.119665030053297983e-01 0.000000000000000000e+00 2.754000000000000341e+02
3.891474397172522970e+00 -2.017620794770207837e+01 0.000000000000000000e+00 -2.407501036856007914e-01 3.536504301060361399e-01 0.000000000000000000e+00 2.755000000000000000e+02
3.865310309186202886e+00 -2.014046440679451067e+01 0.000000000000000000e+00 -2.616408798632008370e-01 3.574354090756770574e-01 0.000000000000000000e+00 2.756000000000000227e+02
3.839146221199882802e+00 -2.010472086588694651e+01 0.000000000000000000e+00 -2.616408798632008370e-01 3.574354090756415303e-01 0.000000000000000000e+00 2.756999999999999886e+02
3.812982133213562719e+00 -2.006897732497938236e+01 0.000000000000000000e+00 -2.616408798632008370e-01 3.574354090756415303e-01 0.000000000000000000e+00 2.758000000000000114e+02
3.786818045227242191e+00 -2.003323378407181465e+01 0.000000000000000000e+00 -2.616408798632052779e-01 3.574354090756770574e-01 0.000000000000000000e+00 2.759000000000000341e+02
3.760653957240922107e+00 -1.999749024316425050e+01 0.000000000000000000e+00 -2.616408798632008370e-01 3.574354090756415303e-01 0.000000000000000000e+00 2.760000000000000000e+02
3.734489869254602024e+00 -1.996174670225668635e+01 0.000000000000000000e+00 -2.616408798632008370e-01 3.574354090756415303e-01 0.000000000000000000e+00 2.761000000000000227e+02
3.708325781268281496e+00 -1.992600316134911864e+01 0.000000000000000000e+00 -2.616408798632052779e-01 3.574354090756770574e-01 0.000000000000000000e+00 2.761999999999999886e+02
3.682161693281961412e+00 -1.989025962044155449e+01 0.000000000000000000e+00 -2.616408798632008370e-01 3.574354090756415303e-01 0.000000000000000000e+00 2.763000000000000114e+02
3.656396370917401217e+00 -1.985563412203372025e+01 0.000000000000000000e+00 -2.576532236456019476e-01 3.462549840783424315e-01 0.000000000000000000e+00 2.764000000000000341e+02
3.633695518691749449e+00 -1.982960065781210446e+01 0.000000000000000000e+00 -2.270085222565176863e-01 2.603346422161578744e-01 0.000000000000000000e+00 2.765000000000000000e+02
3.610994666466098124e+00 -1.980356719359048867e+01 0.000000000000000000e+00 -2.270085222565132455e-01 2.603346422161578744e-01 0.000000000000000000e+00 2.766000000000000227e+02
3.588293814240446800e+00 -1.977753372936887644e+01 0.000000000000000000e+00 -2.270085222565132455e-01 2.603346422161223472e-01 0.000000000000000000e+00 2.766999999999999886e+02
3.565592962014795475e+00 -1.975150026514726065e+01 0.000000000000000000e+00 -2.270085222565132455e-01 2.603346422161578744e-01 0.000000000000000000e+00 2.768000000000000114e+02
3.542892109789144151e+00 -1.972546680092564841e+01 0.000000000000000000e+00 -2.270085222565132455e-01 2.603346422161223472e-01 0.000000000000000000e+00 2.769000000000000341e+02
3.520191257563492826e+00 -1.969943333670403263e+01 0.000000000000000000e+00 -2.270085222565132455e-01 2.603346422161578744e-01 0.000000000000000000e+00 2.770000000000000000e+02
3.497490405337841057e+00 -1.967339987248241684e+01 0.000000000000000000e+00 -2.270085222565176863e-01 2.603346422161578744e-01 0.000000000000000000e+00 2.771000000000000227e+02
3.474868831799198254e+00 -1.964740457964577658e+01 0.000000000000000000e+00 -2.262157353864280296e-01 2.599529283664026025e-01 0.000000000000000000e+00 2.771999999999999886e+02
3.454787169186400053e+00 -1.962263221218049836e+01 0.000000000000000000e+00 -2.008166261279820120e-01 2.477236746527822220e-01 0.000000000000000000e+00 2.773000000000000114e+02
3.434705506573601408e+00 -1.959785984471522013e+01 0.000000000000000000e+00 -2.008166261279864528e-01 2.477236746527822220e-01 0.000000000000000000e+00 2.774000000000000341e+02
3.414623843960803207e+00 -1.957308747724994191e+01 0.000000000000000000e+00 -2.008166261279820120e-01 2.477236746527822220e-01 0.000000000000000000e+00 2.775000000000000000e+02
3.394542181348004561e+00 -1.954831510978466014e+01 0.000000000000000000e+00 -2.008166261279864528e-01 2.477236746528177491e-01 0.000000000000000000e+00 2.776000000000000227e+02
3.374460518735206360e+00 -1.952354274231938192e+01 0.000000000000000000e+00 -2.008166261279820120e-01 2.477236746527822220e-01 0.000000000000000000e+00 2.776999999999999886e+02
3.354378856122407715e+00 -1.949877037485410369e+01 0.000000000000000000e+00 -2.008166261279864528e-01 2.477236746527822220e-01 0.000000000000000000e+00 2.778000000000000114e+02
3.334297193509609070e+00 -1.947399800738882192e+01 0.000000000000000000e+00 -2.008166261279864528e-01 2.477236746528177491e-01 0.000000000000000000e+00 2.779000000000000341e+02
3.322230284110889720e+00 -1.943631331192912270e+01 0.000000000000000000e+00 -1.206690939871934987e-01 3.768469545969921342e-01 0.000000000000000000e+00 2.780000000000000000e+02
3.311708511619084749e+00 -1.939613929284267257e+01 0.000000000000000000e+00 -1.052177249180497043e-01 4.017401908645013009e-01 0.000000000000000000e+00 2.781000000000000227e+02
3.301186739127279779e+00 -1.935596527375622244e+01 0.000000000000000000e+00 -1.052177249180497043e-01 4.017401908645013009e-01 0.000000000000000000e+00 2.781999999999999886e+02
3.290664966635474808e+00 -1.931579125466977587e+01 0.000000000000000000e+00 -1.052177249180497043e-01 4.017401908644657738e-01 0.000000000000000000e+00 2.783000000000000114e+02
3.280143194143669838e+00 -1.927561723558332574e+01 0.000000000000000000e+00 -1.052177249180497043e-01 4.017401908645013009e-01 0.000000000000000000e+00 2.784000000000000341e+02
3.269621421651864868e+00 -1.923544321649687561e+01 0.000000000000000000e+00 -1.052177249180497043e-01 4.017401908645013009e-01 0.000000000000000000e+00 2.785000000000000000e+02
3.259099649160059897e+00 -1.919526919741042548e+01 0.000000000000000000e+00 -1.052177249180497043e-01 4.017401908645013009e-01 0.000000000000000000e+00 2.786000000000000227e+02
3.248577876668254927e+00 -1.915509517832397535e+01 0.000000000000000000e+00 -1.052177249180497043e-01 4.017401908645013009e-01 0.000000000000000000e+00 2.786999999999999886e+02
3.238056104176449956e+00 -1.911492115923752877e+01 0.000000000000000000e+00 -1.052177249180497043e-01 4.017401908644657738e-01 0.000000000000000000e+00 2.788000000000000114e+02
3.227691613523242964e+00 -1.907356338371313953e+01 0.000000000000000000e+00 -1.036449065320699248e-01 4.135777552438923976e-01 0.000000000000000000e+00 2.789000000000000341e+02
3.218268644327743289e+00 -1.902511939850964140e+01 0.000000000000000000e+00 -9.422969195499675266e-02 4.844398520349812998e-01 0.000000000000000000e+00 2.790000000000000000e+02
3.208845675132244057e+00 -1.897667541330614682e+01 0.000000000000000000e+00 -9.422969195499231176e-02 4.844398520349457726e-01 0.000000000000000000e+00 2.791000000000000227e+02
3.199422705936744826e+00 -1.892823142810264869e+01 0.000000000000000000e+00 -9.422969195499231176e-02 4.844398520349812998e-01 0.000000000000000000e+00 2.791999999999999886e+02
3.189999736741245151e+00 -1.887978744289915412e+01 0.000000000000000000e+00 -9.422969195499675266e-02 4.844398520349457726e-01 0.000000000000000000e+00 2.793000000000000114e+02
3.180576767545745920e+00 -1.883134345769565954e+01 0.000000000000000000e+00 -9.422969195499231176e-02 4.844398520349457726e-01 0.000000000000000000e+00 2.794000000000000341e+02
3.171153798350246689e+00 -1.878289947249216141e+01 0.000000000000000000e+00 -9.422969195499231176e-02 4.844398520349812998e-01 0.000000000000000000e+00 2.795000000000000000e+02
3.161730829154747457e+00 -1.873445548728866683e+01 0.000000000000000000e+00 -9.422969195499231176e-02 4.844398520349457726e-01 0.000000000000000000e+00 2.796000000000000227e+02
3.152307859959247782e+00 -1.868601150208516870e+01 0.000000000000000000e+00 -9.422969195499675266e-02 4.844398520349812998e-01 0.000000000000000000e+00 2.796999999999999886e+02
3.142884890763748551e+00 -1.863756751688167412e+01 0.000000000000000000e+00 -9.422969195499231176e-02 4.844398520349457726e-01 0.000000000000000000e+00 2.798000000000000114e+02
3.133461921568249320e+00 -1.858912353167817955e+01 0.000000000000000000e+00 -9.422969195499231176e-02 4.844398520349457726e-01 0.000000000000000000e+00 2.799000000000000341e+02
3.124038952372749645e+00 -1.854067954647468142e+01 0.000000000000000000e+00 -9.422969195499675266e-02 4.844398520349812998e-01 0.000000000000000000e+00 2.800000000000000000e+02
3.114204084048235011e+00 -1.849352031261234330e+01 0.000000000000000000e+00 -9.834868324514633997e-02 4.715923386233811243e-01 0.000000000000000000e+00 2.801000000000000227e+02
3.104035889678853799e+00 -1.844740075340094876e+01 0.000000000000000000e+00 -1.016819436938121157e-01 4.611955921139454517e-01 0.000000000000000000e+00 2.801999999999999886e+02
3.093867695309472143e+00 -1.840128119418955777e+01 0.000000000000000000e+00 -1.016819436938165566e-01 4.611955921139099246e-01 0.000000000000000000e+00 2.803000000000000114e+02
3.083699500940090932e+00 -1.835516163497816677e+01 0.000000000000000000e+00 -1.016819436938121157e-01 4.611955921139099246e-01 0.000000000000000000e+00 2.804000000000000341e+02
3.073531306570709720e+00 -1.830904207576677578e+01 0.000000000000000000e+00 -1.016819436938121157e-01 4.611955921139099246e-01 0.000000000000000000e+00 2.805000000000000000e+02
3.063363112201328065e+00 -1.826292251655538479e+01 0.000000000000000000e+00 -1.016819436938165566e-01 4.611955921139099246e-01 0.000000000000000000e+00 2.806000000000000227e+02
3.053194917831946853e+00 -1.821680295734399024e+01 0.000000000000000000e+00 -1.016819436938121157e-01 4.611955921139454517e-01 0.000000000000000000e+00 2.806999999999999886e+02
3.043026723462565197e+00 -1.817068339813259925e+01 0.000000000000000000e+00 -1.016819436938165566e-01 4.611955921139099246e-01 0.000000000000000000e+00 2.808000000000000114e+02
3.032858529093183986e+00 -1.812456383892120826e+01 0.000000000000000000e+00 -1.016819436938121157e-01 4.611955921139099246e-01 0.000000000000000000e+00 2.809000000000000341e+02
3.022690334723802774e+00 -1.807844427970981727e+01 0.000000000000000000e+00 -1.016819436938121157e-01 4.611955921139099246e-01 0.000000000000000000e+00 2.810000000000000000e+02
3.012522140354421119e+00 -1.803232472049842272e+01 0.000000000000000000e+00 -1.016819436938165566e-01 4.611955921139454517e-01 0.000000000000000000e+00 2.811000000000000227e+02
3.002353945985039907e+00 -1.798620516128703173e+01 0.000000000000000000e+00 -1.016819436938121157e-01 4.611955921139099246e-01 0.000000000000000000e+00 2.811999999999999886e+02
2.995112558618029830e+00 -1.794851628482841122e+01 0.000000000000000000e+00 -7.241387367010077014e-02 3.768887645862051272e-01 0.000000000000000000e+00 2.813000000000000114e+02
2.988829988766763091e+00 -1.791358928719763455e+01 0.000000000000000000e+00 -6.282569851266739391e-02 3.492699763077666830e-01 0.000000000000000000e+00 2.814000000000000341e+02
2.982547418915496351e+00 -1.787866228956685788e+01 0.000000000000000000e+00 -6.282569851266739391e-02 3.492699763077666830e-01 0.000000000000000000e+00 2.815000000000000000e+02
2.976264849064229612e+00 -1.784373529193607766e+01 0.000000000000000000e+00 -6.282569851266739391e-02 3.492699763078022102e-01 0.000000000000000000e+00 2.816000000000000227e+02
2.969982279212962872e+00 -1.780880829430530099e+01 0.000000000000000000e+00 -6.282569851266739391e-02 3.492699763077666830e-01 0.000000000000000000e+00 2.816999999999999886e+02
2.963699709361696133e+00 -1.777388129667452432e+01 0.000000000000000000e+00 -6.282569851266739391e-02 3.492699763077666830e-01 0.000000000000000000e+00 2.818000000000000114e+02
2.957417139510429394e+00 -1.773895429904374410e+01 0.000000000000000000e+00 -6.282569851266739391e-02 3.492699763078022102e-01 0.000000000000000000e+00 2.819000000000000341e+02
2.951134569659162654e+00 -1.770402730141296743e+01 0.000000000000000000e+00 -6.282569851266739391e-02 3.492699763077666830e-01 0.000000000000000000e+00 2.820000000000000000e+02
2.947162523453334071e+00 -1.766852161970218660e+01 0.000000000000000000e+00 -3.972046205828583254e-02 3.550568171078083424e-01 0.000000000000000000e+00 2.821000000000000227e+02
2.974051612128848276e+00 -1.762528658733886289e+01 0.000000000000000000e+00 2.688908867551420556e-01 4.323503236332371102e-01 0.000000000000000000e+00 2.821999999999999886e+02
3.000940700804362482e+00 -1.758205155497553562e+01 0.000000000000000000e+00 2.688908867551420556e-01 4.323503236332726374e-01 0.000000000000000000e+00 2.823000000000000114e+02
3.027829789479876244e+00 -1.753881652261220836e+01 0.000000000000000000e+00 2.688908867551376147e-01 4.323503236332726374e-01 0.000000000000000000e+00 2.824000000000000341e+02
3.054718878155390449e+00 -1.749558149024888110e+01 0.000000000000000000e+00 2.688908867551420556e-01 4.323503236332726374e-01 0.000000000000000000e+00 2.825000000000000000e+02
3.081607966830904655e+00 -1.745234645788555383e+01 0.000000000000000000e+00 2.688908867551420556e-01 4.323503236332726374e-01 0.000000000000000000e+00 2.826000000000000227e+02
3.108497055506418860e+00 -1.740911142552222657e+01 0.000000000000000000e+00 2.688908867551420556e-01 4.323503236332726374e-01 0.000000000000000000e+00 2.826999999999999886e+02
3.135386144181933066e+00 -1.736587639315889930e+01 0.000000000000000000e+00 2.688908867551420556e-01 4.323503236332726374e-01 0.000000000000000000e+00 2.828000000000000114e+02
3.162275232857447271e+00 -1.732264136079557204e+01 0.000000000000000000e+00 2.688908867551420556e-01 4.323503236332726374e-01 0.000000000000000000e+00 2.829000000000000341e+02
3.189164321532961033e+00 -1.727940632843224833e+01 0.000000000000000000e+00 2.688908867551376147e-01 4.323503236332371102e-01 0.000000000000000000e+00 2.830000000000000000e+02
3.216053410208475238e+00 -1.723617129606892107e+01 0.000000000000000000e+00 2.688908867551420556e-01 4.323503236332726374e-01 0.000000000000000000e+00 2.831000000000000227e+02
3.243069982218047986e+00 -1.719322884890064529e+01 0.000000000000000000e+00 2.701657200957274796e-01 4.294244716827577690e-01 0.000000000000000000e+00 2.831999999999999886e+02
3.271860598201371761e+00 -1.715435798493912145e+01 0.000000000000000000e+00 2.879061598332377514e-01 3.887086396152383827e-01 0.000000000000000000e+00 2.833000000000000114e+02
3.300651214184695981e+00 -1.711548712097759761e+01 0.000000000000000000e+00 2.879061598332421923e-01 3.887086396152383827e-01 0.000000000000000000e+00 2.834000000000000341e+02
3.329441830168019756e+00 -1.707661625701607377e+01 0.000000000000000000e+00 2.879061598332377514e-01 3.887086396152383827e-01 0.000000000000000000e+00 2.835000000000000000e+02
3.358232446151343975e+00 -1.703774539305454994e+01 0.000000000000000000e+00 2.879061598332421923e-01 3.887086396152383827e-01 0.000000000000000000e+00 2.836000000000000227e+02
3.387023062134668194e+00 -1.699887452909302255e+01 0.000000000000000000e+00 2.879061598332421923e-01 3.887086396152739098e-01 0.000000000000000000e+00 2.836999999999999886e+02
3.415813678117991969e+00 -1.696000366513149871e+01 0.000000000000000000e+00 2.879061598332377514e-01 3.887086396152383827e-01 0.000000000000000000e+00 2.838000000000000114e+02
3.444604294101316189e+00 -1.692113280116997487e+01 0.000000000000000000e+00 2.879061598332421923e-01 3.887086396152383827e-01 0.000000000000000000e+00 2.839000000000000341e+02
3.473394910084639964e+00 -1.688226193720845103e+01 0.000000000000000000e+00 2.879061598332377514e-01 3.887086396152383827e-01 0.000000000000000000e+00 2.840000000000000000e+02
3.502185526067964183e+00 -1.684339107324692719e+01 0.000000000000000000e+00 2.879061598332421923e-01 3.887086396152383827e-01 0.000000000000000000e+00 2.841000000000000227e+02
3.530976142051287958e+00 -1.680452020928539980e+01 0.000000000000000000e+00 2.879061598332377514e-01 3.887086396152739098e-01 0.000000000000000000e+00 2.841999999999999886e+02
3.559766758034612177e+00 -1.676564934532387596e+01 0.000000000000000000e+00 2.879061598332421923e-01 3.887086396152383827e-01 0.000000000000000000e+00 2.843000000000000114e+02
3.584218560456581493e+00 -1.673182393733423368e+01 0.000000000000000000e+00 2.445180242196931530e-01 3.382540798964228657e-01 0.000000000000000000e+00 2.844000000000000341e+02
3.607634044827156661e+00 -1.669920362770321987e+01 0.000000000000000000e+00 2.341548437057516807e-01 3.262030963101381076e-01 0.000000000000000000e+00 2.845000000000000000e+02
3.631049529197731385e+00 -1.666658331807220605e+01 0.000000000000000000e+00 2.341548437057472398e-01 3.262030963101381076e-01 0.000000000000000000e+00 2.846000000000000227e+02
3.654465013568306553e+00 -1.663396300844119224e+01 0.000000000000000000e+00 2.341548437057516807e-01 3.262030963101381076e-01 0.000000000000000000e+00 2.846999999999999886e+02
3.677880497938881721e+00 -1.660134269881017843e+01 0.000000000000000000e+00 2.341548437057516807e-01 3.262030963101381076e-01 0.000000000000000000e+00 2.848000000000000114e+02
3.701295982309456445e+00 -1.656872238917916462e+01 0.000000000000000000e+00 2.341548437057472398e-01 3.262030963101381076e-01 0.000000000000000000e+00 2.849000000000000341e+02
3.724711466680031613e+00 -1.653610207954815081e+01 0.000000000000000000e+00 2.341548437057516807e-01 3.262030963101381076e-01 0.000000000000000000e+00 2.850000000000000000e+02
3.748126951050606781e+00 -1.650348176991713700e+01 0.000000000000000000e+00 2.341548437057516807e-01 3.262030963101381076e-01 0.000000000000000000e+00 2.851000000000000227e+02
3.771542435421181949e+00 -1.647086146028612319e+01 0.000000000000000000e+00 2.341548437057516807e-01 3.262030963101381076e-01 0.000000000000000000e+00 2.851999999999999886e+02
3.793717867899003338e+00 -1.644022653781842180e+01 0.000000000000000000e+00 2.217543247782138849e-01 3.063492246770138649e-01 0.000000000000000000e+00 2.853000000000000114e+02
3.813529729171511118e+00 -1.641337581499432474e+01 0.000000000000000000e+00 1.981186127250778028e-01 2.685072282409706190e-01 0.000000000000000000e+00 2.854000000000000341e+02
3.833341590444018454e+00 -1.638652509217023123e+01 0.000000000000000000e+00 1.981186127250733620e-01 2.685072282409350919e-01 0.000000000000000000e+00 2.855000000000000000e+02
3.853153451716526234e+00 -1.635967436934613417e+01 0.000000000000000000e+00 1.981186127250778028e-01 2.685072282409706190e-01 0.000000000000000000e+00 2.856000000000000227e+02
3.872965312989033571e+00 -1.633282364652203711e+01 0.000000000000000000e+00 1.981186127250733620e-01 2.685072282409706190e-01 0.000000000000000000e+00 2.856999999999999886e+02
3.892777174261540907e+00 -1.630597292369794360e+01 0.000000000000000000e+00 1.981186127250733620e-01 2.685072282409350919e-01 0.000000000000000000e+00 2.858000000000000114e+02
3.912589035534048687e+00 -1.627912220087384654e+01 0.000000000000000000e+00 1.981186127250778028e-01 2.685072282409706190e-01 0.000000000000000000e+00 2.859000000000000341e+02
3.932400896806556023e+00 -1.625227147804974948e+01 0.000000000000000000e+00 1.981186127250733620e-01 2.685072282409706190e-01 0.000000000000000000e+00 2.860000000000000000e+02
3.951269955879822326e+00 -1.622579179800587212e+01 0.000000000000000000e+00 1.886905907326630327e-01 2.647968004387735164e-01 0.000000000000000000e+00 2.861000000000000227e+02
3.969621384361434302e+00 -1.619951583311455323e+01 0.000000000000000000e+00 1.835142848161197549e-01 2.627596489131889257e-01 0.000000000000000000e+00 2.861999999999999886e+02
3.987972812843046277e+00 -1.617323986822323434e+01 0.000000000000000000e+00 1.835142848161197549e-01 2.627596489131889257e-01 0.000000000000000000e+00 2.863000000000000114e+02
4.006324241324658253e+00 -1.614696390333191545e+01 0.000000000000000000e+00 1.835142848161197549e-01 2.627596489131889257e-01 0.000000000000000000e+00 2.864000000000000341e+02
4.024675669806270228e+00 -1.612068793844059655e+01 0.000000000000000000e+00 1.835142848161197549e-01 2.627596489131889257e-01 0.000000000000000000e+00 2.865000000000000000e+02
4.043027098287882204e+00 -1.609441197354928121e+01 0.000000000000000000e+00 1.835142848161197549e-01 2.627596489131533986e-01 0.000000000000000000e+00 2.866000000000000227e+02
4.061378526769494179e+00 -1.606813600865796232e+01 0.000000000000000000e+00 1.835142848161197549e-01 2.627596489131889257e-01 0.000000000000000000e+00 2.866999999999999886e+02
4.076358575173843590e+00 -1.603833529159731697e+01 0.000000000000000000e+00 1.498004840434941087e-01 2.980071706064535420e-01 0.000000000000000000e+00 2.868000000000000114e+02
4.080541236026382634e+00 -1.599724598816428234e+01 0.000000000000000000e+00 4.182660852539044072e-02 4.108930343303462962e-01 0.000000000000000000e+00 2.869000000000000341e+02
4.084723896878921678e+00 -1.595615668473125126e+01 0.000000000000000000e+00 4.182660852539044072e-02 4.108930343303107691e-01 0.000000000000000000e+00 2.870000000000000000e+02
4.088906557731460722e+00 -1.591506738129821841e+01 0.000000000000000000e+00 4.182660852539044072e-02 4.108930343303285326e-01 0.000000000000000000e+00 2.871000000000000227e+02
4.093089218583999767e+00 -1.587397807786518555e+01 0.000000000000000000e+00 4.182660852539044072e-02 4.108930343303285326e-01 0.000000000000000000e+00 2.871999999999999886e+02
4.097271879436537922e+00 -1.583288877443215270e+01 0.000000000000000000e+00 4.182660852538155893e-02 4.108930343303285326e-01 0.000000000000000000e+00 2.873000000000000114e+02
4.101454540289076967e+00 -1.579179947099911985e+01 0.000000000000000000e+00 4.182660852539044072e-02 4.108930343303285326e-01 0.000000000000000000e+00 2.874000000000000341e+02
4.105637201141616011e+00 -1.575071016756608877e+01 0.000000000000000000e+00 4.182660852539044072e-02 4.108930343303107691e-01 0.000000000000000000e+00 2.875000000000000000e+02
4.109819861994155055e+00 -1.570962086413305592e+01 0.000000000000000000e+00 4.182660852539044072e-02 4.108930343303285326e-01 0.000000000000000000e+00 2.876000000000000227e+02
4.114002522846694099e+00 -1.566853156070002306e+01 0.000000000000000000e+00 4.182660852539044072e-02 4.108930343303285326e-01 0.000000000000000000e+00 2.876999999999999886e+02
4.117226995197708739e+00 -1.562383550616355521e+01 0.000000000000000000e+00 3.224472351014640026e-02 4.469605453646785520e-01 0.000000000000000000e+00 2.878000000000000114e+02
4.119571820540891771e+00 -1.557582834132771765e+01 0.000000000000000000e+00 2.344825343183032373e-02 4.800716483583755689e-01 0.000000000000000000e+00 2.879000000000000341e+02
4.121916645884074804e+00 -1.552782117649188010e+01 0.000000000000000000e+00 2.344825343183032373e-02 4.800716483583755689e-01 0.000000000000000000e+00 2.880000000000000000e+02
4.124261471227257836e+00 -1.547981401165604076e+01 0.000000000000000000e+00 2.344825343183032373e-02 4.800716483583933325e-01 0.000000000000000000e+00 2.881000000000000227e+02
4.126606296570440868e+00 -1.543180684682020321e+01 0.000000000000000000e+00 2.344825343183032373e-02 4.800716483583755689e-01 0.000000000000000000e+00 2.881999999999999886e+02
4.128951121913623901e+00 -1.538379968198436565e+01 0.000000000000000000e+00 2.344825343183032373e-02 4.800716483583755689e-01 0.000000000000000000e+00 2.883000000000000114e+02
4.131295947256806045e+00 -1.533579251714852809e+01 0.000000000000000000e+00 2.344825343182144195e-02 4.800716483583755689e-01 0.000000000000000000e+00 2.884000000000000341e+02
4.133640772599989077e+00 -1.528778535231269053e+01 0.000000000000000000e+00 2.344825343183032373e-02 4.800716483583755689e-01 0.000000000000000000e+00 2.885000000000000000e+02
4.135985597943172110e+00 -1.523977818747685298e+01 0.000000000000000000e+00 2.344825343183032373e-02 4.800716483583755689e-01 0.000000000000000000e+00 2.886000000000000227e+02
4.138330423286355142e+00 -1.519177102264101542e+01 0.000000000000000000e+00 2.344825343183032373e-02 4.800716483583755689e-01 0.000000000000000000e+00 2.886999999999999886e+02
4.140675248629538174e+00 -1.514376385780517786e+01 0.000000000000000000e+00 2.344825343183032373e-02 4.800716483583755689e-01 0.000000000000000000e+00 2.888000000000000114e+02
4.143247593752137803e+00 -1.509623505207482630e+01 0.000000000000000000e+00 2.572345122599628553e-02 4.752880573035156431e-01 0.000000000000000000e+00 2.889000000000000341e+02
4.146557258401861290e+00 -1.505025645666182399e+01 0.000000000000000000e+00 3.309664649723487173e-02 4.597859541300231001e-01 0.000000000000000000e+00 2.890000000000000000e+02
4.149866923051584777e+00 -1.500427786124882168e+01 0.000000000000000000e+00 3.309664649723487173e-02 4.597859541300231001e-01 0.000000000000000000e+00 2.891000000000000227e+02
4.153176587701307376e+00 -1.495829926583581937e+01 0.000000000000000000e+00 3.309664649722598995e-02 4.597859541300231001e-01 0.000000000000000000e+00 2.891999999999999886e+02
4.156486252351030863e+00 -1.491232067042281706e+01 0.000000000000000000e+00 3.309664649723487173e-02 4.597859541300231001e-01 0.000000000000000000e+00 2.893000000000000114e+02
4.159795917000754351e+00 -1.486634207500981475e+01 0.000000000000000000e+00 3.309664649723487173e-02 4.597859541300231001e-01 0.000000000000000000e+00 2.894000000000000341e+02
4.163105581650477838e+00 -1.482036347959681244e+01 0.000000000000000000e+00 3.309664649723487173e-02 4.597859541300231001e-01 0.000000000000000000e+00 2.895000000000000000e+02
4.166415246300200437e+00 -1.477438488418381013e+01 0.000000000000000000e+00 3.309664649722598995e-02 4.597859541300231001e-01 0.000000000000000000e+00 2.896000000000000227e+02
4.169724910949923924e+00 -1.472840628877080782e+01 0.000000000000000000e+00 3.309664649723487173e-02 4.597859541300231001e-01 0.000000000000000000e+00 2.896999999999999886e+02
4.173034575599647411e+00 -1.468242769335780551e+01 0.000000000000000000e+00 3.309664649723487173e-02 4.597859541300231001e-01 0.000000000000000000e+00 2.898000000000000114e+02
4.176344240249370898e+00 -1.463644909794480320e+01 0.000000000000000000e+00 3.309664649723487173e-02 4.597859541300231001e-01 0.000000000000000000e+00 2.899000000000000341e+02
4.179039793657538304e+00 -1.459158370914922820e+01 0.000000000000000000e+00 2.695553408167405962e-02 4.486538879557500081e-01 0.000000000000000000e+00 2.900000000000000000e+02
4.180163023079416007e+00 -1.454956849040076605e+01 0.000000000000000000e+00 1.123229421877702805e-02 4.201521874846214644e-01 0.000000000000000000e+00 2.901000000000000227e+02
4.181286252501294598e+00 -1.450755327165230391e+01 0.000000000000000000e+00 1.123229421878590983e-02 4.201521874846214644e-01 0.000000000000000000e+00 2.901999999999999886e+02
4.182409481923172301e+00 -1.446553805290384176e+01 0.000000000000000000e+00 1.123229421877702805e-02 4.201521874846214644e-01 0.000000000000000000e+00 2.903000000000000114e+02
4.183532711345050004e+00 -1.442352283415537961e+01 0.000000000000000000e+00 1.123229421877702805e-02 4.201521874846214644e-01 0.000000000000000000e+00 2.904000000000000341e+02
4.184655940766927706e+00 -1.438150761540691747e+01 0.000000000000000000e+00 1.123229421877702805e-02 4.201521874846214644e-01 0.000000000000000000e+00 2.905000000000000000e+02
4.185779170188805409e+00 -1.433949239665845532e+01 0.000000000000000000e+00 1.123229421877702805e-02 4.201521874846214644e-01 0.000000000000000000e+00 2.906000000000000227e+02
4.186902399610684000e+00 -1.429747717790999317e+01 0.000000000000000000e+00 1.123229421878590983e-02 4.201521874846214644e-01 0.000000000000000000e+00 2.906999999999999886e+02
4.188025629032561703e+00 -1.425546195916153103e+01 0.000000000000000000e+00 1.123229421877702805e-02 4.201521874846214644e-01 0.000000000000000000e+00 2.908000000000000114e+02
4.189148858454439406e+00 -1.421344674041306888e+01 0.000000000000000000e+00 1.123229421877702805e-02 4.201521874846214644e-01 0.000000000000000000e+00 2.909000000000000341e+02
4.182371929515231734e+00 -1.416527931786937522e+01 0.000000000000000000e+00 -6.776928939207671476e-02 4.816742254369366094e-01 0.000000000000000000e+00 2.910000000000000000e+02
4.166495607446938365e+00 -1.411002579421423953e+01 0.000000000000000000e+00 -1.587632206829336923e-01 5.525352365513569453e-01 0.000000000000000000e+00 2.911000000000000227e+02
4.150619285378644996e+00 -1.405477227055910383e+01 0.000000000000000000e+00 -1.587632206829336923e-01 5.525352365513569453e-01 0.000000000000000000e+00 2.911999999999999886e+02
4.134742963310351627e+00 -1.399951874690396814e+01 0.000000000000000000e+00 -1.587632206829336923e-01 5.525352365513569453e-01 0.000000000000000000e+00 2.913000000000000114e+02
4.118866641242058257e+00 -1.394426522324883422e+01 0.000000000000000000e+00 -1.587632206829336923e-01 5.525352365513391817e-01 0.000000000000000000e+00 2.914000000000000341e+02
4.102990319173764000e+00 -1.388901169959369852e+01 0.000000000000000000e+00 -1.587632206829425741e-01 5.525352365513569453e-01 0.000000000000000000e+00 2.915000000000000000e+02
4.087113997105470631e+00 -1.383375817593856283e+01 0.000000000000000000e+00 -1.587632206829336923e-01 5.525352365513569453e-01 0.000000000000000000e+00 2.916000000000000227e+02
4.071237675037177262e+00 -1.377850465228342713e+01 0.000000000000000000e+00 -1.587632206829336923e-01 5.525352365513569453e-01 0.000000000000000000e+00 2.916999999999999886e+02
4.055361352968883892e+00 -1.372325112862829144e+01 0.000000000000000000e+00 -1.587632206829336923e-01 5.525352365513569453e-01 0.000000000000000000e+00 2.918000000000000114e+02
4.039485030900590523e+00 -1.366799760497315575e+01 0.000000000000000000e+00 -1.587632206829336923e-01 5.525352365513569453e-01 0.000000000000000000e+00 2.919000000000000341e+02
4.023608708832296266e+00 -1.361274408131802005e+01 0.000000000000000000e+00 -1.587632206829425741e-01 5.525352365513569453e-01 0.000000000000000000e+00 2.920000000000000000e+02
4.007732386764002896e+00 -1.355749055766288436e+01 0.000000000000000000e+00 -1.587632206829336923e-01 5.525352365513569453e-01 0.000000000000000000e+00 2.921000000000000227e+02
3.991856064695709527e+00 -1.350223703400775044e+01 0.000000000000000000e+00 -1.587632206829336923e-01 5.525352365513391817e-01 0.000000000000000000e+00 2.921999999999999886e+02
3.975979742627416158e+00 -1.344698351035261474e+01 0.000000000000000000e+00 -1.587632206829336923e-01 5.525352365513569453e-01 0.000000000000000000e+00 2.923000000000000114e+02
3.961150290235134985e+00 -1.339850256384874783e+01 0.000000000000000000e+00 -1.482945239228117273e-01 4.848094650386691740e-01 0.000000000000000000e+00 2.924000000000000341e+02
3.946925925204809449e+00 -1.335393614551969321e+01 0.000000000000000000e+00 -1.422436503032553645e-01 4.456641832905461342e-01 0.000000000000000000e+00 2.925000000000000000e+02
3.932701560174484356e+00 -1.330936972719063860e+01 0.000000000000000000e+00 -1.422436503032509236e-01 4.456641832905461342e-01 0.000000000000000000e+00 2.926000000000000227e+02
3.918477195144159264e+00 -1.326480330886158221e+01 0.000000000000000000e+00 -1.422436503032509236e-01 4.456641832905638978e-01 0.000000000000000000e+00 2.926999999999999886e+02
3.904252830113833728e+00 -1.322023689053252760e+01 0.000000000000000000e+00 -1.422436503032553645e-01 4.456641832905461342e-01 0.000000000000000000e+00 2.928000000000000114e+02
3.890028465083508635e+00 -1.317567047220347121e+01 0.000000000000000000e+00 -1.422436503032509236e-01 4.456641832905638978e-01 0.000000000000000000e+00 2.929000000000000341e+02
3.875804100053183543e+00 -1.313110405387441659e+01 0.000000000000000000e+00 -1.422436503032509236e-01 4.456641832905461342e-01 0.000000000000000000e+00 2.930000000000000000e+02
3.861579735022858006e+00 -1.308653763554536020e+01 0.000000000000000000e+00 -1.422436503032553645e-01 4.456641832905638978e-01 0.000000000000000000e+00 2.931000000000000227e+02
3.847355369992532914e+00 -1.304197121721630559e+01 0.000000000000000000e+00 -1.422436503032509236e-01 4.456641832905461342e-01 0.000000000000000000e+00 2.931999999999999886e+02
3.833131004962207822e+00 -1.299740479888724920e+01 0.000000000000000000e+00 -1.422436503032509236e-01 4.456641832905638978e-01 0.000000000000000000e+00 2.933000000000000114e+02
3.818906639931882285e+00 -1.295283838055819459e+01 0.000000000000000000e+00 -1.422436503032553645e-01 4.456641832905461342e-01 0.000000000000000000e+00 2.934000000000000341e+02
3.808335374706451226e+00 -1.291627101798572852e+01 0.000000000000000000e+00 -1.057126522543105906e-01 3.656736257246606669e-01 0.000000000000000000e+00 2.935000000000000000e+02
3.798252496864441330e+00 -1.288077305896625901e+01 0.000000000000000000e+00 -1.008287784200989634e-01 3.549795901946950494e-01 0.000000000000000000e+00 2.936000000000000227e+02
3.788169619022431878e+00 -1.284527509994678951e+01 0.000000000000000000e+00 -1.008287784200945225e-01 3.549795901946950494e-01 0.000000000000000000e+00 2.936999999999999886e+02
3.778086741180421981e+00 -1.280977714092732000e+01 0.000000000000000000e+00 -1.008287784200989634e-01 3.549795901946950494e-01 0.000000000000000000e+00 2.938000000000000114e+02
3.768003863338412085e+00 -1.277427918190784872e+01 0.000000000000000000e+00 -1.008287784200989634e-01 3.549795901947128129e-01 0.000000000000000000e+00 2.939000000000000341e+02
3.757920985496402189e+00 -1.273878122288837922e+01 0.000000000000000000e+00 -1.008287784200989634e-01 3.549795901946950494e-01 0.000000000000000000e+00 2.940000000000000000e+02
3.747838107654392292e+00 -1.270328326386890971e+01 0.000000000000000000e+00 -1.008287784200989634e-01 3.549795901946950494e-01 0.000000000000000000e+00 2.941000000000000227e+02
3.737755229812382396e+00 -1.266778530484944021e+01 0.000000000000000000e+00 -1.008287784200989634e-01 3.549795901946950494e-01 0.000000000000000000e+00 2.941999999999999886e+02
3.727672351970372500e+00 -1.263228734582996893e+01 0.000000000000000000e+00 -1.008287784200989634e-01 3.549795901947128129e-01 0.000000000000000000e+00 2.943000000000000114e+02
3.737713364377504899e+00 -1.259922179238386519e+01 0.000000000000000000e+00 1.004101240713239918e-01 3.306555344610373481e-01 0.000000000000000000e+00 2.944000000000000341e+02
3.752243750603679651e+00 -1.256669887645780292e+01 0.000000000000000000e+00 1.453038622617475184e-01 3.252291592606226800e-01 0.000000000000000000e+00 2.945000000000000000e+02
3.766774136829854402e+00 -1.253417596053174066e+01 0.000000000000000000e+00 1.453038622617475184e-01 3.252291592606226800e-01 0.000000000000000000e+00 2.946000000000000227e+02
3.781304523056029598e+00 -1.250165304460567661e+01 0.000000000000000000e+00 1.453038622617519593e-01 3.252291592606404436e-01 0.000000000000000000e+00 2.946999999999999886e+02
3.795834909282204350e+00 -1.246913012867961434e+01 0.000000000000000000e+00 1.453038622617475184e-01 3.252291592606226800e-01 0.000000000000000000e+00 2.948000000000000114e+02
3.810365295508379102e+00 -1.243660721275355030e+01 0.000000000000000000e+00 1.453038622617475184e-01 3.252291592606404436e-01 0.000000000000000000e+00 2.949000000000000341e+02
3.824895681734554298e+00 -1.240408429682748803e+01 0.000000000000000000e+00 1.453038622617519593e-01 3.252291592606226800e-01 0.000000000000000000e+00 2.950000000000000000e+02
3.839426067960729050e+00 -1.237156138090142576e+01 0.000000000000000000e+00 1.453038622617475184e-01 3.252291592606226800e-01 0.000000000000000000e+00 2.951000000000000227e+02
3.858858511216316067e+00 -1.233867248919312765e+01 0.000000000000000000e+00 1.943244325558701746e-01 3.288889170829811803e-01 0.000000000000000000e+00 2.951999999999999886e+02
3.878457183397740149e+00 -1.230577118723321739e+01 0.000000000000000000e+00 1.959867218142408163e-01 3.290130195991025630e-01 0.000000000000000000e+00 2.953000000000000114e+02
3.898055855579164231e+00 -1.227286988527330536e+01 0.000000000000000000e+00 1.959867218142408163e-01 3.290130195991203266e-01 0.000000000000000000e+00 2.954000000000000341e+02
3.917654527760587868e+00 -1.223996858331339510e+01 0.000000000000000000e+00 1.959867218142363754e-01 3.290130195991025630e-01 0.000000000000000000e+00 2.955000000000000000e+02
3.937253199942011950e+00 -1.220706728135348307e+01 0.000000000000000000e+00 1.959867218142408163e-01 3.290130195991203266e-01 0.000000000000000000e+00 2.956000000000000227e+02
3.956851872123436031e+00 -1.217416597939357281e+01 0.000000000000000000e+00 1.959867218142408163e-01 3.290130195991025630e-01 0.000000000000000000e+00 2.956999999999999886e+02
3.976450544304859669e+00 -1.214126467743366078e+01 0.000000000000000000e+00 1.959867218142363754e-01 3.290130195991203266e-01 0.000000000000000000e+00 2.958000000000000114e+02
3.996049216486283751e+00 -1.210836337547375052e+01 0.000000000000000000e+00 1.959867218142408163e-01 3.290130195991025630e-01 0.000000000000000000e+00 2.959000000000000341e+02
4.015647888667707832e+00 -1.207546207351383849e+01 0.000000000000000000e+00 1.959867218142408163e-01 3.290130195991203266e-01 0.000000000000000000e+00 2.960000000000000000e+02
4.031718384419596291e+00 -1.204824822637398540e+01 0.000000000000000000e+00 1.607049575188845836e-01 2.721384713985308679e-01 0.000000000000000000e+00 2.961000000000000227e+02
4.047591637158691746e+00 -1.202135233689476301e+01 0.000000000000000000e+00 1.587325273909545587e-01 2.689588947922239015e-01 0.000000000000000000e+00 2.961999999999999886e+02
4.063464889897787202e+00 -1.199445644741554240e+01 0.000000000000000000e+00 1.587325273909545587e-01 2.689588947922061379e-01 0.000000000000000000e+00 2.963000000000000114e+02
4.079338142636881770e+00 -1.196756055793632001e+01 0.000000000000000000e+00 1.587325273909456769e-01 2.689588947922239015e-01 0.000000000000000000e+00 2.964000000000000341e+02
4.095211395375977226e+00 -1.194066466845709940e+01 0.000000000000000000e+00 1.587325273909545587e-01 2.689588947922061379e-01 0.000000000000000000e+00 2.965000000000000000e+02
4.111084648115072682e+00 -1.191376877897787701e+01 0.000000000000000000e+00 1.587325273909545587e-01 2.689588947922239015e-01 0.000000000000000000e+00 2.966000000000000227e+02
4.126957900854168138e+00 -1.188687288949865639e+01 0.000000000000000000e+00 1.587325273909545587e-01 2.689588947922061379e-01 0.000000000000000000e+00 2.966999999999999886e+02
4.144520256597219898e+00 -1.186237018825888256e+01 0.000000000000000000e+00 1.756235574305176073e-01 2.450270123977382752e-01 0.000000000000000000e+00 2.968000000000000114e+02
4.162574929337687912e+00 -1.183856502129945376e+01 0.000000000000000000e+00 1.805467274046801407e-01 2.380516695942880290e-01 0.000000000000000000e+00 2.969000000000000341e+02
4.180629602078156815e+00 -1.181475985434002673e+01 0.000000000000000000e+00 1.805467274046890225e-01 2.380516695942702654e-01 0.000000000000000000e+00 2.970000000000000000e+02
4.198684274818624829e+00 -1.179095468738059793e+01 0.000000000000000000e+00 1.805467274046801407e-01 2.380516695942880290e-01 0.000000000000000000e+00 2.971000000000000227e+02
4.216738947559092843e+00 -1.176714952042117091e+01 0.000000000000000000e+00 1.805467274046801407e-01 2.380516695942702654e-01 0.000000000000000000e+00 2.971999999999999886e+02
4.234793620299560857e+00 -1.174334435346174210e+01 0.000000000000000000e+00 1.805467274046801407e-01 2.380516695942880290e-01 0.000000000000000000e+00 2.973000000000000114e+02
4.252848293040028871e+00 -1.171953918650231330e+01 0.000000000000000000e+00 1.805467274046801407e-01 2.380516695942880290e-01 0.000000000000000000e+00 2.974000000000000341e+02
4.290946615232836159e+00 -1.171547929933086429e+01 0.000000000000000000e+00 3.809832219280728793e-01 4.059887171449005905e-02 0.000000000000000000e+00 2.975000000000000000e+02
4.338757795617526725e+00 -1.172098768479338560e+01 0.000000000000000000e+00 4.781118038469056586e-01 -5.508385462521303566e-02 0.000000000000000000e+00 2.976000000000000227e+02
4.386568976002217290e+00 -1.172649607025590690e+01 0.000000000000000000e+00 4.781118038469056586e-01 -5.508385462521303566e-02 0.000000000000000000e+00 2.976999999999999886e+02
4.434380156386907856e+00 -1.173200445571842820e+01 0.000000000000000000e+00 4.781118038469056586e-01 -5.508385462521303566e-02 0.000000000000000000e+00 2.978000000000000114e+02
4.482191336771599310e+00 -1.173751284118094951e+01 0.000000000000000000e+00 4.781118038469145404e-01 -5.508385462521303566e-02 0.000000000000000000e+00 2.979000000000000341e+02
4.530002517156289876e+00 -1.174302122664347081e+01 0.000000000000000000e+00 4.781118038469056586e-01 -5.508385462521303566e-02 0.000000000000000000e+00 2.980000000000000000e+02
4.577813697540980442e+00 -1.174852961210599211e+01 0.000000000000000000e+00 4.781118038469056586e-01 -5.508385462521303566e-02 0.000000000000000000e+00 2.981000000000000227e+02
4.625624877925671008e+00 -1.175403799756851164e+01 0.000000000000000000e+00 4.781118038469056586e-01 -5.508385462519527209e-02 0.000000000000000000e+00 2.981999999999999886e+02
4.673436058310361574e+00 -1.175954638303103295e+01 0.000000000000000000e+00 4.781118038469056586e-01 -5.508385462521303566e-02 0.000000000000000000e+00 2.983000000000000114e+02
4.721247238695052140e+00 -1.176505476849355425e+01 0.000000000000000000e+00 4.781118038469056586e-01 -5.508385462521303566e-02 0.000000000000000000e+00 2.984000000000000341e+02
4.769058419079743594e+00 -1.177056315395607555e+01 0.000000000000000000e+00 4.781118038469145404e-01 -5.508385462521303566e-02 0.000000000000000000e+00 2.985000000000000000e+02
4.816608148182664806e+00 -1.177663647725890783e+01 0.000000000000000000e+00 4.754972910292121213e-01 -6.073323302832278614e-02 0.000000000000000000e+00 2.986000000000000227e+02
4.862647275754067522e+00 -1.178597387316835388e+01 0.000000000000000000e+00 4.603912757140271594e-01 -9.337395909446044584e-02 0.000000000000000000e+00 2.986999999999999886e+02
4.908686403325469350e+00 -1.179531126907779992e+01 0.000000000000000000e+00 4.603912757140182777e-01 -9.337395909446044584e-02 0.000000000000000000e+00 2.988000000000000114e+02
4.954725530896872066e+00 -1.180464866498724597e+01 0.000000000000000000e+00 4.603912757140271594e-01 -9.337395909446044584e-02 0.000000000000000000e+00 2.989000000000000341e+02
5.000764658468274781e+00 -1.181398606089669023e+01 0.000000000000000000e+00 4.603912757140271594e-01 -9.337395909444268227e-02 0.000000000000000000e+00 2.990000000000000000e+02
5.046803786039676609e+00 -1.182332345680613628e+01 0.000000000000000000e+00 4.603912757140182777e-01 -9.337395909446044584e-02 0.000000000000000000e+00 2.991000000000000227e+02
5.092842913611079325e+00 -1.183266085271558232e+01 0.000000000000000000e+00 4.603912757140271594e-01 -9.337395909446044584e-02 0.000000000000000000e+00 2.991999999999999886e+02
5.138882041182482041e+00 -1.184199824862502837e+01 0.000000000000000000e+00 4.603912757140271594e-01 -9.337395909446044584e-02 0.000000000000000000e+00 2.993000000000000114e+02
5.184921168753883869e+00 -1.185133564453447441e+01 0.000000000000000000e+00 4.603912757140182777e-01 -9.337395909446044584e-02 0.000000000000000000e+00 2.994000000000000341e+02
5.230960296325286585e+00 -1.186067304044392046e+01 0.000000000000000000e+00 4.603912757140271594e-01 -9.337395909446044584e-02 0.000000000000000000e+00 2.995000000000000000e+02
5.276999423896689301e+00 -1.187001043635336650e+01 0.000000000000000000e+00 4.603912757140271594e-01 -9.337395909446044584e-02 0.000000000000000000e+00 2.996000000000000227e+02
5.323038551468091129e+00 -1.187934783226281255e+01 0.000000000000000000e+00 4.603912757140182777e-01 -9.337395909446044584e-02 0.000000000000000000e+00 2.996999999999999886e+02
5.358653725163541104e+00 -1.188587148739979149e+01 0.000000000000000000e+00 3.561517369544997536e-01 -6.523655136978945279e-02 0.000000000000000000e+00 2.998000000000000114e+02
5.392457318569636726e+00 -1.189190614216479958e+01 0.000000000000000000e+00 3.380359340609562224e-01 -6.034654765008085064e-02 0.000000000000000000e+00 2.999000000000000341e+02
5.426260911975733237e+00 -1.189794079692980944e+01 0.000000000000000000e+00 3.380359340609651042e-01 -6.034654765009861421e-02 0.000000000000000000e+00 3.000000000000000000e+02
5.460064505381828859e+00 -1.190397545169481752e+01 0.000000000000000000e+00 3.380359340609562224e-01 -6.034654765008085064e-02 0.000000000000000000e+00 3.001000000000000227e+02
5.493868098787925369e+00 -1.191001010645982561e+01 0.000000000000000000e+00 3.380359340609651042e-01 -6.034654765008085064e-02 0.000000000000000000e+00 3.001999999999999886e+02
5.527671692194020991e+00 -1.191604476122483369e+01 0.000000000000000000e+00 3.380359340609562224e-01 -6.034654765008085064e-02 0.000000000000000000e+00 3.003000000000000114e+02
5.561475285600117502e+00 -1.192207941598984178e+01 0.000000000000000000e+00 3.380359340609651042e-01 -6.034654765008085064e-02 0.000000000000000000e+00 3.004000000000000341e+02
5.595278879006213124e+00 -1.192811407075484986e+01 0.000000000000000000e+00 3.380359340609562224e-01 -6.034654765008085064e-02 0.000000000000000000e+00 3.005000000000000000e+02
5.626266079206538429e+00 -1.193289581914275743e+01 0.000000000000000000e+00 3.098720020032530442e-01 -4.781748387907569509e-02 0.000000000000000000e+00 3.006000000000000227e+02
5.651935611149414562e+00 -1.193531193887575448e+01 0.000000000000000000e+00 2.566953194287613371e-01 -2.416119732997046299e-02 0.000000000000000000e+00 3.006999999999999886e+02
5.677605143092290696e+00 -1.193772805860875152e+01 0.000000000000000000e+00 2.566953194287613371e-01 -2.416119732997046299e-02 0.000000000000000000e+00 3.008000000000000114e+02
5.703274675035166830e+00 -1.194014417834174857e+01 0.000000000000000000e+00 2.566953194287613371e-01 -2.416119732997046299e-02 0.000000000000000000e+00 3.009000000000000341e+02
5.728944206978042963e+00 -1.194256029807474562e+01 0.000000000000000000e+00 2.566953194287613371e-01 -2.416119732997046299e-02 0.000000000000000000e+00 3.010000000000000000e+02
5.754613738920919097e+00 -1.194497641780774266e+01 0.000000000000000000e+00 2.566953194287613371e-01 -2.416119732997046299e-02 0.000000000000000000e+00 3.011000000000000227e+02
5.780283270863795231e+00 -1.194739253754073971e+01 0.000000000000000000e+00 2.566953194287613371e-01 -2.416119732997046299e-02 0.000000000000000000e+00 3.011999999999999886e+02
5.804473742479236975e+00 -1.193378838658877150e+01 0.000000000000000000e+00 2.419047161544174429e-01 1.360415095196820801e-01 0.000000000000000000e+00 3.013000000000000114e+02
5.826797588140832040e+00 -1.189996609274326822e+01 0.000000000000000000e+00 2.232384566159506534e-01 3.382229384550328177e-01 0.000000000000000000e+00 3.014000000000000341e+02
5.849121433802427106e+00 -1.186614379889776316e+01 0.000000000000000000e+00 2.232384566159506534e-01 3.382229384550505813e-01 0.000000000000000000e+00 3.015000000000000000e+02
5.871445279464021283e+00 -1.183232150505225810e+01 0.000000000000000000e+00 2.232384566159417716e-01 3.382229384550505813e-01 0.000000000000000000e+00 3.016000000000000227e+02
5.893769125125616348e+00 -1.179849921120675305e+01 0.000000000000000000e+00 2.232384566159506534e-01 3.382229384550505813e-01 0.000000000000000000e+00 3.016999999999999886e+02
5.916092970787211414e+00 -1.176467691736124799e+01 0.000000000000000000e+00 2.232384566159506534e-01 3.382229384550505813e-01 0.000000000000000000e+00 3.018000000000000114e+02
5.938416816448806479e+00 -1.173085462351574471e+01 0.000000000000000000e+00 2.232384566159506534e-01 3.382229384550328177e-01 0.000000000000000000e+00 3.019000000000000341e+02
5.960740662110400656e+00 -1.169703232967023965e+01 0.000000000000000000e+00 2.232384566159417716e-01 3.382229384550505813e-01 0.000000000000000000e+00 3.020000000000000000e+02
5.983064507771995721e+00 -1.166321003582473459e+01 0.000000000000000000e+00 2.232384566159506534e-01 3.382229384550505813e-01 0.000000000000000000e+00 3.021000000000000227e+02
6.004566128286507265e+00 -1.162627677648067603e+01 0.000000000000000000e+00 2.150162051451154355e-01 3.693325934405855548e-01 0.000000000000000000e+00 3.021999999999999886e+02
6.025360328772412011e+00 -1.158666692750689720e+01 0.000000000000000000e+00 2.079420048590474579e-01 3.960984897377883840e-01 0.000000000000000000e+00 3.023000000000000114e+02
6.046154529258316757e+00 -1.154705707853311836e+01 0.000000000000000000e+00 2.079420048590474579e-01 3.960984897377883840e-01 0.000000000000000000e+00 3.024000000000000341e+02
6.066948729744221502e+00 -1.150744722955933952e+01 0.000000000000000000e+00 2.079420048590474579e-01 3.960984897377883840e-01 0.000000000000000000e+00 3.025000000000000000e+02
6.087742930230126248e+00 -1.146783738058556246e+01 0.000000000000000000e+00 2.079420048590474579e-01 3.960984897377706204e-01 0.000000000000000000e+00 3.026000000000000227e+02
6.108537130716030994e+00 -1.142822753161178362e+01 0.000000000000000000e+00 2.079420048590474579e-01 3.960984897377883840e-01 0.000000000000000000e+00 3.026999999999999886e+02
6.129331331201935740e+00 -1.138861768263800478e+01 0.000000000000000000e+00 2.079420048590474579e-01 3.960984897377883840e-01 0.000000000000000000e+00 3.028000000000000114e+02
6.150125531687840486e+00 -1.134900783366422594e+01 0.000000000000000000e+00 2.079420048590474579e-01 3.960984897377883840e-01 0.000000000000000000e+00 3.029000000000000341e+02
6.170919732173745231e+00 -1.130939798469044710e+01 0.000000000000000000e+00 2.079420048590474579e-01 3.960984897377883840e-01 0.000000000000000000e+00 3.030000000000000000e+02
6.191713932659649977e+00 -1.126978813571666826e+01 0.000000000000000000e+00 2.079420048590474579e-01 3.960984897377883840e-01 0.000000000000000000e+00 3.031000000000000227e+02
6.212508133145555611e+00 -1.123017828674288943e+01 0.000000000000000000e+00 2.079420048590563397e-01 3.960984897377883840e-01 0.000000000000000000e+00 3.031999999999999886e+02
6.247047442518731231e+00 -1.119827883532348167e+01 0.000000000000000000e+00 3.453930937317561956e-01 3.189945141940775386e-01 0.000000000000000000e+00 3.033000000000000114e+02
6.287497621987291119e+00 -1.116969512033813317e+01 0.000000000000000000e+00 4.045017946855988811e-01 2.858371498534850730e-01 0.000000000000000000e+00 3.034000000000000341e+02
6.327947801455851007e+00 -1.114111140535278643e+01 0.000000000000000000e+00 4.045017946855988811e-01 2.858371498534673094e-01 0.000000000000000000e+00 3.035000000000000000e+02
6.368397980924411783e+00 -1.111252769036743970e+01 0.000000000000000000e+00 4.045017946856077629e-01 2.858371498534673094e-01 0.000000000000000000e+00 3.036000000000000227e+02
6.408848160392971671e+00 -1.108394397538209120e+01 0.000000000000000000e+00 4.045017946855988811e-01 2.858371498534850730e-01 0.000000000000000000e+00 3.036999999999999886e+02
6.449298339861531559e+00 -1.105536026039674447e+01 0.000000000000000000e+00 4.045017946855988811e-01 2.858371498534673094e-01 0.000000000000000000e+00 3.038000000000000114e+02
6.489748519330092336e+00 -1.102677654541139773e+01 0.000000000000000000e+00 4.045017946856077629e-01 2.858371498534673094e-01 0.000000000000000000e+00 3.039000000000000341e+02
6.530198698798652224e+00 -1.099819283042604923e+01 0.000000000000000000e+00 4.045017946855988811e-01 2.858371498534850730e-01 0.000000000000000000e+00 3.040000000000000000e+02
6.570648878267212112e+00 -1.096960911544070250e+01 0.000000000000000000e+00 4.045017946855988811e-01 2.858371498534673094e-01 0.000000000000000000e+00 3.041000000000000227e+02
6.611099057735772000e+00 -1.094102540045535399e+01 0.000000000000000000e+00 4.045017946855988811e-01 2.858371498534850730e-01 0.000000000000000000e+00 3.041999999999999886e+02
6.651457559100976802e+00 -1.091270490221284817e+01 0.000000000000000000e+00 4.035850136520480191e-01 2.832049824250582049e-01 0.000000000000000000e+00 3.043000000000000114e+02
6.690119454676717758e+00 -1.088925552404633201e+01 0.000000000000000000e+00 3.866189557574095659e-01 2.344937816651615492e-01 0.000000000000000000e+00 3.044000000000000341e+02
6.728781350252458715e+00 -1.086580614587981586e+01 0.000000000000000000e+00 3.866189557574095659e-01 2.344937816651615492e-01 0.000000000000000000e+00 3.045000000000000000e+02
6.767443245828199672e+00 -1.084235676771329970e+01 0.000000000000000000e+00 3.866189557574095659e-01 2.344937816651615492e-01 0.000000000000000000e+00 3.046000000000000227e+02
6.806105141403940628e+00 -1.081890738954678355e+01 0.000000000000000000e+00 3.866189557574095659e-01 2.344937816651615492e-01 0.000000000000000000e+00 3.046999999999999886e+02
6.844767036979681585e+00 -1.079545801138026739e+01 0.000000000000000000e+00 3.866189557574095659e-01 2.344937816651615492e-01 0.000000000000000000e+00 3.048000000000000114e+02
6.883428932555422541e+00 -1.077200863321375124e+01 0.000000000000000000e+00 3.866189557574095659e-01 2.344937816651615492e-01 0.000000000000000000e+00 3.049000000000000341e+02
6.922090828131163498e+00 -1.074855925504723508e+01 0.000000000000000000e+00 3.866189557574095659e-01 2.344937816651615492e-01 0.000000000000000000e+00 3.050000000000000000e+02
6.960752723706904455e+00 -1.072510987688071893e+01 0.000000000000000000e+00 3.866189557574095659e-01 2.344937816651615492e-01 0.000000000000000000e+00 3.051000000000000227e+02
6.999414619282645411e+00 -1.070166049871420277e+01 0.000000000000000000e+00 3.866189557574095659e-01 2.344937816651615492e-01 0.000000000000000000e+00 3.051999999999999886e+02
7.038076514858386368e+00 -1.067821112054768662e+01 0.000000000000000000e+00 3.866189557574095659e-01 2.344937816651615492e-01 0.000000000000000000e+00 3.053000000000000114e+02
7.071004294767179843e+00 -1.065669011880795658e+01 0.000000000000000000e+00 3.292777990879347527e-01 2.152100173973003905e-01 0.000000000000000000e+00 3.054000000000000341e+02
7.102270500484102911e+00 -1.063572790253560640e+01 0.000000000000000000e+00 3.126620571692306783e-01 2.096221627235017593e-01 0.000000000000000000e+00 3.055000000000000000e+02
7.133536706201026867e+00 -1.061476568626325445e+01 0.000000000000000000e+00 3.126620571692395600e-01 2.096221627235195228e-01 0.000000000000000000e+00 3.056000000000000227e+02
7.164802911917949935e+00 -1.059380346999090428e+01 0.000000000000000000e+00 3.126620571692306783e-01 2.096221627235017593e-01 0.000000000000000000e+00 3.056999999999999886e+02
7.196069117634873002e+00 -1.057284125371855232e+01 0.000000000000000000e+00 3.126620571692306783e-01 2.096221627235195228e-01 0.000000000000000000e+00 3.058000000000000114e+02
7.227335323351796958e+00 -1.055187903744620215e+01 0.000000000000000000e+00 3.126620571692395600e-01 2.096221627235017593e-01 0.000000000000000000e+00 3.059000000000000341e+02
7.258601529068720026e+00 -1.053091682117385020e+01 0.000000000000000000e+00 3.126620571692306783e-01 2.096221627235195228e-01 0.000000000000000000e+00 3.060000000000000000e+02
7.289867734785643982e+00 -1.050995460490150002e+01 0.000000000000000000e+00 3.126620571692395600e-01 2.096221627235017593e-01 0.000000000000000000e+00 3.061000000000000227e+02
7.321133940502567050e+00 -1.048899238862914807e+01 0.000000000000000000e+00 3.126620571692306783e-01 2.096221627235195228e-01 0.000000000000000000e+00 3.061999999999999886e+02
7.351455051347999259e+00 -1.046872070377535913e+01 0.000000000000000000e+00 3.032111084543220869e-01 2.027168485378894047e-01 0.000000000000000000e+00 3.063000000000000114e+02
7.374739229776327676e+00 -1.045359053758904722e+01 0.000000000000000000e+00 2.328417842832841700e-01 1.513016618631191079e-01 0.000000000000000000e+00 3.064000000000000341e+02
7.398023408204655205e+00 -1.043846037140273530e+01 0.000000000000000000e+00 2.328417842832752882e-01 1.513016618631191079e-01 0.000000000000000000e+00 3.065000000000000000e+02
7.421307586632982733e+00 -1.042333020521642339e+01 0.000000000000000000e+00 2.328417842832752882e-01 1.513016618631191079e-01 0.000000000000000000e+00 3.066000000000000227e+02
7.444591765061310262e+00 -1.040820003903010971e+01 0.000000000000000000e+00 2.328417842832752882e-01 1.513016618631368715e-01 0.000000000000000000e+00 3.066999999999999886e+02
7.467875943489638679e+00 -1.039306987284379780e+01 0.000000000000000000e+00 2.328417842832841700e-01 1.513016618631191079e-01 0.000000000000000000e+00 3.068000000000000114e+02
7.491160121917966208e+00 -1.037793970665748589e+01 0.000000000000000000e+00 2.328417842832752882e-01 1.513016618631191079e-01 0.000000000000000000e+00 3.069000000000000341e+02
7.509749675080665376e+00 -1.036060614509066369e+01 0.000000000000000000e+00 1.858955316269916835e-01 1.733356156682219762e-01 0.000000000000000000e+00 3.070000000000000000e+02
7.523764624183645999e+00 -1.034112551940635960e+01 0.000000000000000000e+00 1.401494910298062280e-01 1.948062568430408703e-01 0.000000000000000000e+00 3.071000000000000227e+02
7.537779573286626622e+00 -1.032164489372205729e+01 0.000000000000000000e+00 1.401494910298062280e-01 1.948062568430231067e-01 0.000000000000000000e+00 3.072000000000000455e+02
7.551794522389607245e+00 -1.030216426803775320e+01 0.000000000000000000e+00 1.401494910298062280e-01 1.948062568430408703e-01 0.000000000000000000e+00 3.073000000000000114e+02
7.565809471492587868e+00 -1.028268364235345089e+01 0.000000000000000000e+00 1.401494910298062280e-01 1.948062568430231067e-01 0.000000000000000000e+00 3.074000000000000341e+02
7.579824420595568490e+00 -1.026320301666914858e+01 0.000000000000000000e+00 1.401494910298062280e-01 1.948062568430231067e-01 0.000000000000000000e+00 3.075000000000000000e+02
7.582245722988625758e+00 -1.023903152983666587e+01 0.000000000000000000e+00 2.421302393057267466e-02 2.417148683248271368e-01 0.000000000000000000e+00 3.076000000000000227e+02
7.569088126149311258e+00 -1.020855672404260162e+01 0.000000000000000000e+00 -1.315759683931450041e-01 3.047480579406425250e-01 0.000000000000000000e+00 3.077000000000000455e+02
7.555930529309996757e+00 -1.017808191824853914e+01 0.000000000000000000e+00 -1.315759683931450041e-01 3.047480579406247614e-01 0.000000000000000000e+00 3.078000000000000114e+02
7.542772932470681368e+00 -1.014760711245447489e+01 0.000000000000000000e+00 -1.315759683931538859e-01 3.047480579406425250e-01 0.000000000000000000e+00 3.079000000000000341e+02
7.529615335631366868e+00 -1.011713230666041063e+01 0.000000000000000000e+00 -1.315759683931450041e-01 3.047480579406425250e-01 0.000000000000000000e+00 3.080000000000000000e+02
7.516457738792051479e+00 -1.008665750086634638e+01 0.000000000000000000e+00 -1.315759683931538859e-01 3.047480579406425250e-01 0.000000000000000000e+00 3.081000000000000227e+02
7.503300141952736979e+00 -1.005618269507228391e+01 0.000000000000000000e+00 -1.315759683931450041e-01 3.047480579406247614e-01 0.000000000000000000e+00 3.082000000000000455e+02
7.490142545113422479e+00 -1.002570788927821965e+01 0.000000000000000000e+00 -1.315759683931450041e-01 3.047480579406425250e-01 0.000000000000000000e+00 3.083000000000000114e+02
7.474400621170323333e+00 -9.993807647775572178e+00 0.000000000000000000e+00 -1.574192394309914533e-01 3.190024150264747504e-01 0.000000000000000000e+00 3.084000000000000341e+02
7.451029859416872014e+00 -9.957699572901544727e+00 0.000000000000000000e+00 -2.337076175345131901e-01 3.610807487402745153e-01 0.000000000000000000e+00 3.085000000000000000e+02
7.427659097663420695e+00 -9.921591498027517275e+00 0.000000000000000000e+00 -2.337076175345131901e-01 3.610807487402745153e-01 0.000000000000000000e+00 3.086000000000000227e+02
7.404288335909968488e+00 -9.885483423153489824e+00 0.000000000000000000e+00 -2.337076175345220719e-01 3.610807487402745153e-01 0.000000000000000000e+00 3.087000000000000455e+02
7.380917574156517169e+00 -9.849375348279462372e+00 0.000000000000000000e+00 -2.337076175345131901e-01 3.610807487402745153e-01 0.000000000000000000e+00 3.088000000000000114e+02
7.357546812403065850e+00 -9.813267273405436697e+00 0.000000000000000000e+00 -2.337076175345131901e-01 3.610807487402567517e-01 0.000000000000000000e+00 3.089000000000000341e+02
7.334176050649614531e+00 -9.777159198531409245e+00 0.000000000000000000e+00 -2.337076175345131901e-01 3.610807487402745153e-01 0.000000000000000000e+00 3.090000000000000000e+02
7.310805288896163212e+00 -9.741051123657381794e+00 0.000000000000000000e+00 -2.337076175345131901e-01 3.610807487402745153e-01 0.000000000000000000e+00 3.091000000000000227e+02
7.287434527142711005e+00 -9.704943048783354342e+00 0.000000000000000000e+00 -2.337076175345220719e-01 3.610807487402745153e-01 0.000000000000000000e+00 3.092000000000000455e+02
7.264063765389259686e+00 -9.668834973909326891e+00 0.000000000000000000e+00 -2.337076175345131901e-01 3.610807487402745153e-01 0.000000000000000000e+00 3.093000000000000114e+02
7.240693003635808367e+00 -9.632726899035299439e+00 0.000000000000000000e+00 -2.337076175345131901e-01 3.610807487402745153e-01 0.000000000000000000e+00 3.094000000000000341e+02
7.221823574058410244e+00 -9.599729513436880524e+00 0.000000000000000000e+00 -1.886942957739812243e-01 3.299738559841891572e-01 0.000000000000000000e+00 3.095000000000000000e+02
7.205211792281926542e+00 -9.568292297256700607e+00 0.000000000000000000e+00 -1.661178177648370280e-01 3.143721618017991659e-01 0.000000000000000000e+00 3.096000000000000227e+02
7.188600010505441951e+00 -9.536855081076520690e+00 0.000000000000000000e+00 -1.661178177648459098e-01 3.143721618017991659e-01 0.000000000000000000e+00 3.097000000000000455e+02
7.171988228728958248e+00 -9.505417864896338997e+00 0.000000000000000000e+00 -1.661178177648370280e-01 3.143721618018169295e-01 0.000000000000000000e+00 3.098000000000000114e+02
7.155376446952474545e+00 -9.473980648716159081e+00 0.000000000000000000e+00 -1.661178177648370280e-01 3.143721618017991659e-01 0.000000000000000000e+00 3.099000000000000341e+02
7.138764665175989954e+00 -9.442543432535979164e+00 0.000000000000000000e+00 -1.661178177648459098e-01 3.143721618017991659e-01 0.000000000000000000e+00 3.100000000000000000e+02
7.122152883399506251e+00 -9.411106216355797471e+00 0.000000000000000000e+00 -1.661178177648370280e-01 3.143721618018169295e-01 0.000000000000000000e+00 3.101000000000000227e+02
7.105541101623021660e+00 -9.379669000175617555e+00 0.000000000000000000e+00 -1.661178177648459098e-01 3.143721618017991659e-01 0.000000000000000000e+00 3.102000000000000455e+02
7.094401459312517311e+00 -9.347645017749439234e+00 0.000000000000000000e+00 -1.113964231050434961e-01 3.202398242617832125e-01 0.000000000000000000e+00 3.103000000000000114e+02
7.096338627646238351e+00 -9.314218835847340117e+00 0.000000000000000000e+00 1.937168333721039915e-02 3.342618190209911688e-01 0.000000000000000000e+00 3.104000000000000341e+02
7.098275795979959391e+00 -9.280792653945242776e+00 0.000000000000000000e+00 1.937168333721039915e-02 3.342618190209734053e-01 0.000000000000000000e+00 3.105000000000000000e+02
7.100212964313680430e+00 -9.247366472043145436e+00 0.000000000000000000e+00 1.937168333721039915e-02 3.342618190209734053e-01 0.000000000000000000e+00 3.106000000000000227e+02
7.102150132647401470e+00 -9.213940290141046319e+00 0.000000000000000000e+00 1.937168333721039915e-02 3.342618190209911688e-01 0.000000000000000000e+00 3.107000000000000455e+02
7.104087300981122510e+00 -9.180514108238948978e+00 0.000000000000000000e+00 1.937168333721039915e-02 3.342618190209734053e-01 0.000000000000000000e+00 3.108000000000000114e+02
7.106024469314843550e+00 -9.147087926336849861e+00 0.000000000000000000e+00 1.937168333721039915e-02 3.342618190209911688e-01 0.000000000000000000e+00 3.109000000000000341e+02
7.107961637648564590e+00 -9.113661744434752521e+00 0.000000000000000000e+00 1.937168333721039915e-02 3.342618190209734053e-01 0.000000000000000000e+00 3.110000000000000000e+02
7.112692590668765469e+00 -9.076479999861861714e+00 0.000000000000000000e+00 4.730953020200878711e-02 3.718174457289080692e-01 0.000000000000000000e+00 3.111000000000000227e+02
7.117751789902061255e+00 -9.038857008248459834e+00 0.000000000000000000e+00 5.059199233295785803e-02 3.762299161340187936e-01 0.000000000000000000e+00 3.112000000000000455e+02
7.122810989135356152e+00 -9.001234016635059731e+00 0.000000000000000000e+00 5.059199233294897624e-02 3.762299161340010301e-01 0.000000000000000000e+00 3.113000000000000114e+02
7.127870188368651938e+00 -8.963611025021659628e+00 0.000000000000000000e+00 5.059199233295785803e-02 3.762299161340010301e-01 0.000000000000000000e+00 3.114000000000000341e+02
7.132929387601946836e+00 -8.925988033408259525e+00 0.000000000000000000e+00 5.059199233294897624e-02 3.762299161340010301e-01 0.000000000000000000e+00 3.115000000000000000e+02
7.137988586835242621e+00 -8.888365041794859422e+00 0.000000000000000000e+00 5.059199233295785803e-02 3.762299161340010301e-01 0.000000000000000000e+00 3.116000000000000227e+02
7.143047786068537519e+00 -8.850742050181459319e+00 0.000000000000000000e+00 5.059199233294897624e-02 3.762299161340010301e-01 0.000000000000000000e+00 3.117000000000000455e+02
7.148106985301833305e+00 -8.813119058568059216e+00 0.000000000000000000e+00 5.059199233295785803e-02 3.762299161340010301e-01 0.000000000000000000e+00 3.118000000000000114e+02
7.153236213952461675e+00 -8.774500385116366985e+00 0.000000000000000000e+00 5.129228650628370190e-02 3.861867345169223142e-01 0.000000000000000000e+00 3.119000000000000341e+02
7.158625581072819877e+00 -8.732183049593597701e+00 0.000000000000000000e+00 5.389367120358201646e-02 4.231733552276928378e-01 0.000000000000000000e+00 3.120000000000000000e+02
7.164014948193178078e+00 -8.689865714070828417e+00 0.000000000000000000e+00 5.389367120358201646e-02 4.231733552276928378e-01 0.000000000000000000e+00 3.121000000000000227e+02
7.169404315313535392e+00 -8.647548378548060910e+00 0.000000000000000000e+00 5.389367120357313468e-02 4.231733552276750743e-01 0.000000000000000000e+00 3.122000000000000455e+02
7.174793682433893593e+00 -8.605231043025291626e+00 0.000000000000000000e+00 5.389367120358201646e-02 4.231733552276928378e-01 0.000000000000000000e+00 3.123000000000000114e+02
7.180183049554251795e+00 -8.562913707502524119e+00 0.000000000000000000e+00 5.389367120358201646e-02 4.231733552276750743e-01 0.000000000000000000e+00 3.124000000000000341e+02
7.185572416674609997e+00 -8.520596371979754835e+00 0.000000000000000000e+00 5.389367120358201646e-02 4.231733552276928378e-01 0.000000000000000000e+00 3.125000000000000000e+02
7.190961783794968198e+00 -8.478279036456985551e+00 0.000000000000000000e+00 5.389367120358201646e-02 4.231733552276928378e-01 0.000000000000000000e+00 3.126000000000000227e+02
7.196351150915325512e+00 -8.435961700934218044e+00 0.000000000000000000e+00 5.389367120357313468e-02 4.231733552276750743e-01 0.000000000000000000e+00 3.127000000000000455e+02
7.201740518035683714e+00 -8.393644365411448760e+00 0.000000000000000000e+00 5.389367120358201646e-02 4.231733552276928378e-01 0.000000000000000000e+00 3.128000000000000114e+02
7.206890367496179728e+00 -8.352509562702650214e+00 0.000000000000000000e+00 5.149849460496014331e-02 4.113480270879854572e-01 0.000000000000000000e+00 3.129000000000000341e+02
7.211396467713798941e+00 -8.314553041729356053e+00 0.000000000000000000e+00 4.506100217619213311e-02 3.795652097329416108e-01 0.000000000000000000e+00 3.130000000000000000e+02
7.215902567931417266e+00 -8.276596520756063669e+00 0.000000000000000000e+00 4.506100217618325132e-02 3.795652097329238472e-01 0.000000000000000000e+00 3.131000000000000227e+02
7.220408668149036480e+00 -8.238639999782771284e+00 0.000000000000000000e+00 4.506100217619213311e-02 3.795652097329238472e-01 0.000000000000000000e+00 3.132000000000000455e+02
7.224914768366654805e+00 -8.200683478809477123e+00 0.000000000000000000e+00 4.506100217618325132e-02 3.795652097329416108e-01 0.000000000000000000e+00 3.133000000000000114e+02
7.229420868584274018e+00 -8.162726957836184738e+00 0.000000000000000000e+00 4.506100217619213311e-02 3.795652097329238472e-01 0.000000000000000000e+00 3.134000000000000341e+02
7.233926968801892343e+00 -8.124770436862892353e+00 0.000000000000000000e+00 4.506100217618325132e-02 3.795652097329238472e-01 0.000000000000000000e+00 3.135000000000000000e+02
7.238433069019511557e+00 -8.086813915889599969e+00 0.000000000000000000e+00 4.506100217619213311e-02 3.795652097329238472e-01 0.000000000000000000e+00 3.136000000000000227e+02
7.242939169237129882e+00 -8.048857394916305807e+00 0.000000000000000000e+00 4.506100217618325132e-02 3.795652097329416108e-01 0.000000000000000000e+00 3.137000000000000455e+02
7.247078617887638963e+00 -8.012106123533715873e+00 0.000000000000000000e+00 4.139448650509081062e-02 3.675127138258993398e-01 0.000000000000000000e+00 3.138000000000000114e+02
7.249648939529785174e+00 -7.980512854609686180e+00 0.000000000000000000e+00 2.570321642146211616e-02 3.159326892402969378e-01 0.000000000000000000e+00 3.139000000000000341e+02
7.252219261171931386e+00 -7.948919585685656486e+00 0.000000000000000000e+00 2.570321642146211616e-02 3.159326892402969378e-01 0.000000000000000000e+00 3.140000000000000000e+02
7.254789582814077598e+00 -7.917326316761626792e+00 0.000000000000000000e+00 2.570321642146211616e-02 3.159326892402969378e-01 0.000000000000000000e+00 3.141000000000000227e+02
7.257359904456223809e+00 -7.885733047837597987e+00 0.000000000000000000e+00 2.570321642146211616e-02 3.159326892402880560e-01 0.000000000000000000e+00 3.142000000000000455e+02
7.259930226098370021e+00 -7.854139778913568293e+00 0.000000000000000000e+00 2.570321642146211616e-02 3.159326892402969378e-01 0.000000000000000000e+00 3.143000000000000114e+02
7.262500547740516232e+00 -7.822546509989539487e+00 0.000000000000000000e+00 2.570321642146211616e-02 3.159326892402880560e-01 0.000000000000000000e+00 3.144000000000000341e+02
7.265070869382662444e+00 -7.790953241065509793e+00 0.000000000000000000e+00 2.570321642146211616e-02 3.159326892402969378e-01 0.000000000000000000e+00 3.145000000000000000e+02
7.264589515293933708e+00 -7.756478520250405850e+00 0.000000000000000000e+00 -4.813540887287359737e-03 3.447472081510394304e-01 0.000000000000000000e+00 3.146000000000000227e+02
7.257248064173031032e+00 -7.715526361689763135e+00 0.000000000000000000e+00 -7.341451120902675598e-02 4.095215856064271520e-01 0.000000000000000000e+00 3.147000000000000455e+02
7.249906613052129245e+00 -7.674574203129120420e+00 0.000000000000000000e+00 -7.341451120901787419e-02 4.095215856064271520e-01 0.000000000000000000e+00 3.148000000000000114e+02
7.242565161931227458e+00 -7.633622044568478593e+00 0.000000000000000000e+00 -7.341451120901787419e-02 4.095215856064182702e-01 0.000000000000000000e+00 3.149000000000000341e+02
7.235223710810324782e+00 -7.592669886007835878e+00 0.000000000000000000e+00 -7.341451120902675598e-02 4.095215856064271520e-01 0.000000000000000000e+00 3.150000000000000000e+02
7.227882259689422995e+00 -7.551717727447193163e+00 0.000000000000000000e+00 -7.341451120901787419e-02 4.095215856064271520e-01 0.000000000000000000e+00 3.151000000000000227e+02
7.220540808568520319e+00 -7.510765568886550447e+00 0.000000000000000000e+00 -7.341451120902675598e-02 4.095215856064271520e-01 0.000000000000000000e+00 3.152000000000000455e+02
7.213199357447618532e+00 -7.469813410325908620e+00 0.000000000000000000e+00 -7.341451120901787419e-02 4.095215856064182702e-01 0.000000000000000000e+00 3.153000000000000114e+02
7.205857906326715856e+00 -7.428861251765265905e+00 0.000000000000000000e+00 -7.341451120902675598e-02 4.095215856064271520e-01 0.000000000000000000e+00 3.154000000000000341e+02
7.198516455205814069e+00 -7.387909093204623190e+00 0.000000000000000000e+00 -7.341451120901787419e-02 4.095215856064271520e-01 0.000000000000000000e+00 3.155000000000000000e+02
7.193225598946051846e+00 -7.350840373762439484e+00 0.000000000000000000e+00 -5.290856259762222180e-02 3.706871944218370629e-01 0.000000000000000000e+00 3.156000000000000227e+02
7.191533392457623464e+00 -7.320586816866728519e+00 0.000000000000000000e+00 -1.692206488428382727e-02 3.025355689571096462e-01 0.000000000000000000e+00 3.157000000000000455e+02
7.189841185969195081e+00 -7.290333259971017554e+00 0.000000000000000000e+00 -1.692206488428382727e-02 3.025355689571096462e-01 0.000000000000000000e+00 3.158000000000000114e+02
7.188148979480766698e+00 -7.260079703075306590e+00 0.000000000000000000e+00 -1.692206488428382727e-02 3.025355689571096462e-01 0.000000000000000000e+00 3.159000000000000341e+02
7.186456772992338315e+00 -7.229826146179594737e+00 0.000000000000000000e+00 -1.692206488428382727e-02 3.025355689571185280e-01 0.000000000000000000e+00 3.160000000000000000e+02
7.184764566503909933e+00 -7.199572589283883772e+00 0.000000000000000000e+00 -1.692206488428382727e-02 3.025355689571096462e-01 0.000000000000000000e+00 3.161000000000000227e+02
7.183072360015481550e+00 -7.169319032388172808e+00 0.000000000000000000e+00 -1.692206488428382727e-02 3.025355689571096462e-01 0.000000000000000000e+00 3.162000000000000455e+02
7.181380153527053167e+00 -7.139065475492461843e+00 0.000000000000000000e+00 -1.692206488428382727e-02 3.025355689571096462e-01 0.000000000000000000e+00 3.163000000000000114e+02
7.179687947038624785e+00 -7.108811918596750878e+00 0.000000000000000000e+00 -1.692206488428382727e-02 3.025355689571096462e-01 0.000000000000000000e+00 3.164000000000000341e+02
7.177995740550196402e+00 -7.078558361701039914e+00 0.000000000000000000e+00 -1.692206488428382727e-02 3.025355689571096462e-01 0.000000000000000000e+00 3.165000000000000000e+02
7.176303534061768907e+00 -7.048304804805328949e+00 0.000000000000000000e+00 -1.692206488427494548e-02 3.025355689571096462e-01 0.000000000000000000e+00 3.166000000000000227e+02
7.175000000000002487e+00 -7.024999999999998579e+00 0.000000000000000000e+00 -1.303534061766420393e-02 2.330480480533037024e-01 0.000000000000000000e+00 3.167000000000000455e+02
